    0.000000000    0.423815566    0.423815523
    0.028459672    0.423815559    0.423815523
    0.056919343    0.423815540    0.423815523
    0.085379015    0.423815517    0.423815523
    0.113838687    0.423815501    0.423815523
    0.142298359    0.423815498    0.423815523
    0.170758030    0.423815510    0.423815523
    0.199217702    0.423815532    0.423815523
    0.227677374    0.423815553    0.423815524
    0.256137046    0.423815566    0.423815524
    0.284596717    0.423815564    0.423815524
    0.313056389    0.423815548    0.423815524
    0.341516061    0.423815525    0.423815523
    0.369975732    0.423815505    0.423815523
    0.398435404    0.423815497    0.423815523
    0.426895076    0.423815504    0.423815523
    0.455354748    0.423815523    0.423815523
    0.483814419    0.423815546    0.423815524
    0.512274091    0.423815563    0.423815524
    0.540733763    0.423815566    0.423815524
    0.569193435    0.423815555    0.423815524
    0.597653106    0.423815533    0.423815523
    0.626112778    0.423815511    0.423815523
    0.654572450    0.423815498    0.423815523
    0.683032121    0.423815500    0.423815522
    0.711491793    0.423815515    0.423815523
    0.739951465    0.423815538    0.423815523
    0.768411137    0.423815558    0.423815523
    0.796870808    0.423815567    0.423815523
    0.825330480    0.423815560    0.423815523
    0.853790152    0.423815541    0.423815523
    0.882249824    0.423815517    0.423815522
    0.910709495    0.423815500    0.423815522
    0.939169167    0.423815496    0.423815521
    0.967628839    0.423815507    0.423815521
    0.996088511    0.423815529    0.423815522
    1.024548182    0.423815551    0.423815522
    1.053007854    0.423815564    0.423815522
    1.081467526    0.423815563    0.423815522
    1.109927197    0.423815547    0.423815521
    1.138386869    0.423815524    0.423815521
    1.166846541    0.423815503    0.423815520
    1.195306213    0.423815493    0.423815520
    1.223765884    0.423815499    0.423815520
    1.252225556    0.423815518    0.423815520
    1.280685228    0.423815542    0.423815520
    1.309144900    0.423815560    0.423815520
    1.337604571    0.423815564    0.423815520
    1.366064243    0.423815553    0.423815519
    1.394523915    0.423815531    0.423815519
    1.422983586    0.423815507    0.423815518
    1.451443258    0.423815492    0.423815518
    1.479902930    0.423815493    0.423815517
    1.508362602    0.423815508    0.423815517
    1.536822273    0.423815531    0.423815518
    1.565281945    0.423815553    0.423815518
    1.593741617    0.423815562    0.423815517
    1.622201289    0.423815556    0.423815517
    1.650660960    0.423815536    0.423815516
    1.679120632    0.423815512    0.423815516
    1.707580304    0.423815493    0.423815515
    1.736039975    0.423815487    0.423815515
    1.764499647    0.423815498    0.423815514
    1.792959319    0.423815520    0.423815514
    1.821418991    0.423815544    0.423815514
    1.849878662    0.423815558    0.423815514
    1.878338334    0.423815558    0.423815514
    1.906798006    0.423815542    0.423815513
    1.935257678    0.423815517    0.423815513
    1.963717349    0.423815494    0.423815512
    1.992177021    0.423815483    0.423815511
    2.020636693    0.423815488    0.423815511
    2.049096364    0.423815508    0.423815511
    2.077556036    0.423815533    0.423815511
    2.106015708    0.423815552    0.423815511
    2.134475380    0.423815557    0.423815510
    2.162935051    0.423815545    0.423815510
    2.191394723    0.423815522    0.423815509
    2.219854395    0.423815496    0.423815508
    2.248314067    0.423815480    0.423815507
    2.276773738    0.423815479    0.423815507
    2.305233410    0.423815495    0.423815506
    2.333693082    0.423815520    0.423815506
    2.362152754    0.423815543    0.423815506
    2.390612425    0.423815554    0.423815506
    2.419072097    0.423815547    0.423815505
    2.447531769    0.423815526    0.423815505
    2.475991440    0.423815499    0.423815504
    2.504451112    0.423815478    0.423815503
    2.532910784    0.423815472    0.423815502
    2.561370456    0.423815483    0.423815502
    2.589830127    0.423815506    0.423815501
    2.618289799    0.423815531    0.423815501
    2.646749471    0.423815548    0.423815501
    2.675209143    0.423815547    0.423815500
    2.703668814    0.423815530    0.423815500
    2.732128486    0.423815503    0.423815499
    2.760588158    0.423815478    0.423815498
    2.789047829    0.423815466    0.423815497
    2.817507501    0.423815471    0.423815496
    2.845967173    0.423815491    0.423815496
    2.874426845    0.423815518    0.423815496
    2.902886516    0.423815539    0.423815495
    2.931346188    0.423815545    0.423815495
    2.959805860    0.423815532    0.423815494
    2.988265532    0.423815507    0.423815493
    3.016725203    0.423815479    0.423815492
    3.045184875    0.423815461    0.423815491
    3.073644547    0.423815460    0.423815490
    3.102104218    0.423815477    0.423815490
    3.130563890    0.423815503    0.423815489
    3.159023562    0.423815528    0.423815489
    3.187483234    0.423815540    0.423815489
    3.215942905    0.423815533    0.423815488
    3.244402577    0.423815510    0.423815487
    3.272862249    0.423815481    0.423815486
    3.301321921    0.423815457    0.423815484
    3.329781592    0.423815450    0.423815484
    3.358241264    0.423815462    0.423815483
    3.386700936    0.423815487    0.423815483
    3.415160607    0.423815515    0.423815482
    3.443620279    0.423815532    0.423815482
    3.472079951    0.423815531    0.423815481
    3.500539623    0.423815512    0.423815480
    3.528999294    0.423815483    0.423815479
    3.557458966    0.423815455    0.423815478
    3.585918638    0.423815442    0.423815476
    3.614378310    0.423815447    0.423815476
    3.642837981    0.423815470    0.423815475
    3.671297653    0.423815499    0.423815475
    3.699757325    0.423815522    0.423815474
    3.728216996    0.423815528    0.423815474
    3.756676668    0.423815513    0.423815473
    3.785136340    0.423815485    0.423815471
    3.813596012    0.423815455    0.423815470
    3.842055683    0.423815435    0.423815469
    3.870515355    0.423815434    0.423815468
    3.898975027    0.423815452    0.423815467
    3.927434699    0.423815482    0.423815467
    3.955894370    0.423815509    0.423815466
    3.984354042    0.423815521    0.423815466
    4.012813714    0.423815513    0.423815465
    4.041273386    0.423815487    0.423815463
    4.069733057    0.423815455    0.423815462
    4.098192729    0.423815429    0.423815460
    4.126652401    0.423815422    0.423815459
    4.155112072    0.423815435    0.423815459
    4.183571744    0.423815463    0.423815458
    4.212031416    0.423815493    0.423815458
    4.240491088    0.423815512    0.423815457
    4.268950759    0.423815510    0.423815456
    4.297410431    0.423815489    0.423815455
    4.325870103    0.423815456    0.423815453
    4.354329775    0.423815426    0.423815452
    4.382789446    0.423815411    0.423815450
    4.411249118    0.423815418    0.423815449
    4.439708790    0.423815443    0.423815449
    4.468168461    0.423815475    0.423815448
    4.496628133    0.423815500    0.423815448
    4.525087805    0.423815505    0.423815447
    4.553547477    0.423815489    0.423815445
    4.582007148    0.423815457    0.423815444
    4.610466820    0.423815423    0.423815442
    4.638926492    0.423815402    0.423815441
    4.667386164    0.423815402    0.423815439
    4.695845835    0.423815423    0.423815439
    4.724305507    0.423815455    0.423815438
    4.752765179    0.423815485    0.423815438
    4.781224850    0.423815497    0.423815437
    4.809684522    0.423815487    0.423815435
    4.838144194    0.423815458    0.423815434
    4.866603866    0.423815422    0.423815432
    4.895063537    0.423815394    0.423815430
    4.923523209    0.423815387    0.423815429
    4.951982881    0.423815402    0.423815428
    4.980442553    0.423815434    0.423815427
    5.008902224    0.423815467    0.423815427
    5.037361896    0.423815486    0.423815426
    5.065821568    0.423815483    0.423815425
    5.094281239    0.423815458    0.423815423
    5.122740911    0.423815422    0.423815421
    5.151200583    0.423815389    0.423815420
    5.179660255    0.423815374    0.423815418
    5.208119926    0.423815382    0.423815417
    5.236579598    0.423815411    0.423815416
    5.265039270    0.423815447    0.423815416
    5.293498942    0.423815473    0.423815415
    5.321958613    0.423815477    0.423815414
    5.350418285    0.423815458    0.423815412
    5.378877957    0.423815422    0.423815410
    5.407337629    0.423815385    0.423815408
    5.435797300    0.423815362    0.423815407
    5.464256972    0.423815363    0.423815405
    5.492716644    0.423815388    0.423815404
    5.521176315    0.423815424    0.423815404
    5.549635987    0.423815456    0.423815403
    5.578095659    0.423815468    0.423815402
    5.606555331    0.423815455    0.423815400
    5.635015002    0.423815422    0.423815398
    5.663474674    0.423815382    0.423815396
    5.691934346    0.423815352    0.423815394
    5.720394018    0.423815346    0.423815393
    5.748853689    0.423815364    0.423815392
    5.777313361    0.423815400    0.423815391
    5.805773033    0.423815436    0.423815390
    5.834232704    0.423815456    0.423815389
    5.862692376    0.423815451    0.423815388
    5.891152048    0.423815421    0.423815386
    5.919611720    0.423815380    0.423815384
    5.948071391    0.423815344    0.423815382
    5.976531063    0.423815329    0.423815380
    6.004990735    0.423815341    0.423815379
    6.033450407    0.423815374    0.423815378
    6.061910078    0.423815413    0.423815377
    6.090369750    0.423815441    0.423815376
    6.118829422    0.423815444    0.423815374
    6.147289093    0.423815420    0.423815373
    6.175748765    0.423815379    0.423815370
    6.204208437    0.423815338    0.423815368
    6.232668109    0.423815315    0.423815366
    6.261127780    0.423815319    0.423815365
    6.289587452    0.423815348    0.423815364
    6.318047124    0.423815388    0.423815363
    6.346506796    0.423815422    0.423815362
    6.374966467    0.423815433    0.423815361
    6.403426139    0.423815417    0.423815359
    6.431885811    0.423815378    0.423815357
    6.460345482    0.423815334    0.423815354
    6.488805154    0.423815303    0.423815352
    6.517264826    0.423815298    0.423815350
    6.545724498    0.423815321    0.423815349
    6.574184169    0.423815361    0.423815348
    6.602643841    0.423815400    0.423815347
    6.631103513    0.423815420    0.423815346
    6.659563185    0.423815412    0.423815344
    6.688022856    0.423815377    0.423815342
    6.716482528    0.423815331    0.423815340
    6.744942200    0.423815293    0.423815337
    6.773401871    0.423815279    0.423815335
    6.801861543    0.423815294    0.423815334
    6.830321215    0.423815332    0.423815333
    6.858780887    0.423815375    0.423815332
    6.887240558    0.423815404    0.423815331
    6.915700230    0.423815404    0.423815329
    6.944159902    0.423815375    0.423815327
    6.972619574    0.423815329    0.423815324
    7.001079245    0.423815285    0.423815322
    7.029538917    0.423815261    0.423815320
    7.057998589    0.423815268    0.423815318
    7.086458261    0.423815302    0.423815317
    7.114917932    0.423815348    0.423815316
    7.143377604    0.423815383    0.423815315
    7.171837276    0.423815393    0.423815313
    7.200296947    0.423815371    0.423815311
    7.228756619    0.423815327    0.423815308
    7.257216291    0.423815279    0.423815306
    7.285675963    0.423815246    0.423815303
    7.314135634    0.423815244    0.423815301
    7.342595306    0.423815272    0.423815300
    7.371054978    0.423815317    0.423815299
    7.399514650    0.423815360    0.423815298
    7.427974321    0.423815379    0.423815297
    7.456433993    0.423815366    0.423815294
    7.484893665    0.423815325    0.423815292
    7.513353336    0.423815274    0.423815289
    7.541813008    0.423815234    0.423815287
    7.570272680    0.423815221    0.423815284
    7.598732352    0.423815242    0.423815283
    7.627192023    0.423815285    0.423815282
    7.655651695    0.423815332    0.423815281
    7.684111367    0.423815361    0.423815279
    7.712571039    0.423815358    0.423815277
    7.741030710    0.423815323    0.423815275
    7.769490382    0.423815271    0.423815272
    7.797950054    0.423815223    0.423815269
    7.826409725    0.423815201    0.423815267
    7.854869397    0.423815212    0.423815265
    7.883329069    0.423815252    0.423815263
    7.911788741    0.423815302    0.423815262
    7.940248412    0.423815339    0.423815261
    7.968708084    0.423815346    0.423815259
    7.997167756    0.423815319    0.423815257
    8.025627428    0.423815268    0.423815254
    8.054087099    0.423815215    0.423815251
    8.082546771    0.423815182    0.423815248
    8.111006443    0.423815184    0.423815246
    8.139466114    0.423815218    0.423815245
    8.167925786    0.423815269    0.423815243
    8.196385458    0.423815314    0.423815242
    8.224845130    0.423815332    0.423815240
    8.253304801    0.423815313    0.423815238
    8.281764473    0.423815266    0.423815235
    8.310224145    0.423815209    0.423815232
    8.338683817    0.423815167    0.423815229
    8.367143488    0.423815157    0.423815227
    8.395603160    0.423815183    0.423815225
    8.424062832    0.423815234    0.423815224
    8.452522504    0.423815285    0.423815223
    8.480982175    0.423815313    0.423815221
    8.509441847    0.423815305    0.423815219
    8.537901519    0.423815263    0.423815216
    8.566361190    0.423815204    0.423815213
    8.594820862    0.423815153    0.423815210
    8.623280534    0.423815132    0.423815207
    8.651740206    0.423815150    0.423815205
    8.680199877    0.423815196    0.423815203
    8.708659549    0.423815252    0.423815202
    8.737119221    0.423815290    0.423815201
    8.765578893    0.423815293    0.423815199
    8.794038564    0.423815259    0.423815196
    8.822498236    0.423815201    0.423815193
    8.850957908    0.423815143    0.423815189
    8.879417579    0.423815111    0.423815186
    8.907877251    0.423815117    0.423815184
    8.936336923    0.423815158    0.423815182
    8.964796595    0.423815216    0.423815181
    8.993256266    0.423815263    0.423815180
    9.021715938    0.423815278    0.423815178
    9.050175610    0.423815253    0.423815175
    9.078635282    0.423815198    0.423815172
    9.107094953    0.423815135    0.423815168
    9.135554625    0.423815092    0.423815165
    9.164014297    0.423815086    0.423815162
    9.192473968    0.423815120    0.423815161
    9.220933640    0.423815177    0.423815159
    9.249393312    0.423815232    0.423815158
    9.277852984    0.423815259    0.423815156
    9.306312655    0.423815245    0.423815153
    9.334772327    0.423815194    0.423815150
    9.363231999    0.423815129    0.423815147
    9.391691671    0.423815075    0.423815143
    9.420151342    0.423815057    0.423815140
    9.448611014    0.423815081    0.423815138
    9.477070686    0.423815136    0.423815137
    9.505530357    0.423815197    0.423815135
    9.533990029    0.423815235    0.423815133
    9.562449701    0.423815233    0.423815131
    9.590909373    0.423815190    0.423815128
    9.619369044    0.423815124    0.423815124
    9.647828716    0.423815062    0.423815120
    9.676288388    0.423815031    0.423815117
    9.704748060    0.423815044    0.423815115
    9.733207731    0.423815093    0.423815113
    9.761667403    0.423815158    0.423815112
    9.790127075    0.423815207    0.423815110
    9.818586746    0.423815218    0.423815108
    9.847046418    0.423815185    0.423815105
    9.875506090    0.423815120    0.423815101
    9.903965762    0.423815052    0.423815097
    9.932425433    0.423815008    0.423815094
    9.960885105    0.423815008    0.423815091
    9.989344777    0.423815050    0.423815089
   10.017804449    0.423815115    0.423815087
   10.046264120    0.423815174    0.423815086
   10.074723792    0.423815198    0.423815084
   10.103183464    0.423815177    0.423815081
   10.131643136    0.423815117    0.423815077
   10.160102807    0.423815044    0.423815073
   10.188562479    0.423814989    0.423815069
   10.217022151    0.423814974    0.423815066
   10.245481822    0.423815007    0.423815064
   10.273941494    0.423815070    0.423815062
   10.302401166    0.423815136    0.423815061
   10.330860838    0.423815174    0.423815059
   10.359320509    0.423815166    0.423815056
   10.387780181    0.423815113    0.423815052
   10.416239853    0.423815038    0.423815048
   10.444699525    0.423814972    0.423815044
   10.473159196    0.423814944    0.423815041
   10.501618868    0.423814964    0.423815038
   10.530078540    0.423815023    0.423815036
   10.558538211    0.423815095    0.423815035
   10.586997883    0.423815145    0.423815033
   10.615457555    0.423815151    0.423815030
   10.643917227    0.423815108    0.423815027
   10.672376898    0.423815034    0.423815023
   10.700836570    0.423814960    0.423815018
   10.729296242    0.423814917    0.423815015
   10.757755914    0.423814923    0.423815012
   10.786215585    0.423814975    0.423815010
   10.814675257    0.423815049    0.423815008
   10.843134929    0.423815110    0.423815006
   10.871594600    0.423815131    0.423815004
   10.900054272    0.423815101    0.423815000
   10.928513944    0.423815030    0.423814996
   10.956973616    0.423814950    0.423814992
   10.985433287    0.423814893    0.423814988
   11.013892959    0.423814884    0.423814984
   11.042352631    0.423814926    0.423814982
   11.070812303    0.423815000    0.423814980
   11.099271974    0.423815071    0.423814979
   11.127731646    0.423815107    0.423814976
   11.156191318    0.423815090    0.423814973
   11.184650989    0.423815026    0.423814969
   11.213110661    0.423814942    0.423814964
   11.241570333    0.423814873    0.423814960
   11.270030005    0.423814848    0.423814956
   11.298489676    0.423814878    0.423814953
   11.326949348    0.423814948    0.423814951
   11.355409020    0.423815026    0.423814950
   11.383868692    0.423815077    0.423814948
   11.412328363    0.423815076    0.423814945
   11.440788035    0.423815022    0.423814940
   11.469247707    0.423814937    0.423814936
   11.497707379    0.423814857    0.423814931
   11.526167050    0.423814816    0.423814927
   11.554626722    0.423814831    0.423814924
   11.583086394    0.423814894    0.423814922
   11.611546065    0.423814977    0.423814920
   11.640005737    0.423815041    0.423814918
   11.668465409    0.423815057    0.423814915
   11.696925081    0.423815015    0.423814911
   11.725384752    0.423814933    0.423814906
   11.753844424    0.423814844    0.423814901
   11.782304096    0.423814787    0.423814897
   11.810763768    0.423814786    0.423814893
   11.839223439    0.423814840    0.423814891
   11.867683111    0.423814924    0.423814889
   11.896142783    0.423815000    0.423814887
   11.924602454    0.423815033    0.423814884
   11.953062126    0.423815006    0.423814880
   11.981521798    0.423814929    0.423814875
   12.009981470    0.423814835    0.423814870
   12.038441141    0.423814763    0.423814865
   12.066900813    0.423814744    0.423814861
   12.095360485    0.423814785    0.423814858
   12.123820157    0.423814867    0.423814856
   12.152279828    0.423814953    0.423814854
   12.180739500    0.423815002    0.423814852
   12.209199172    0.423814992    0.423814848
   12.237658843    0.423814925    0.423814843
   12.266118515    0.423814828    0.423814838
   12.294578187    0.423814743    0.423814833
   12.323037859    0.423814705    0.423814828
   12.351497530    0.423814731    0.423814825
   12.379957202    0.423814807    0.423814822
   12.408416874    0.423814900    0.423814820
   12.436876546    0.423814966    0.423814818
   12.465336217    0.423814974    0.423814814
   12.493795889    0.423814919    0.423814809
   12.522255561    0.423814823    0.423814804
   12.550715232    0.423814727    0.423814798
   12.579174904    0.423814671    0.423814793
   12.607634576    0.423814679    0.423814789
   12.636094248    0.423814746    0.423814786
   12.664553919    0.423814842    0.423814784
   12.693013591    0.423814922    0.423814782
   12.721473263    0.423814950    0.423814778
   12.749932935    0.423814911    0.423814773
   12.778392606    0.423814820    0.423814768
   12.806852278    0.423814715    0.423814762
   12.835311950    0.423814641    0.423814756
   12.863771622    0.423814629    0.423814751
   12.892231293    0.423814684    0.423814748
   12.920690965    0.423814779    0.423814745
   12.949150637    0.423814872    0.423814743
   12.977610308    0.423814920    0.423814739
   13.006069980    0.423814898    0.423814735
   13.034529652    0.423814816    0.423814729
   13.062989324    0.423814706    0.423814722
   13.091448995    0.423814616    0.423814716
   13.119908667    0.423814583    0.423814711
   13.148368339    0.423814622    0.423814707
   13.176828011    0.423814713    0.423814703
   13.205287682    0.423814815    0.423814701
   13.233747354    0.423814882    0.423814697
   13.262207026    0.423814881    0.423814693
   13.290666697    0.423814810    0.423814687
   13.319126369    0.423814700    0.423814680
   13.347586041    0.423814595    0.423814672
   13.376045713    0.423814541    0.423814666
   13.404505384    0.423814561    0.423814661
   13.432965056    0.423814644    0.423814657
   13.461424728    0.423814752    0.423814654
   13.489884400    0.423814836    0.423814651
   13.518344071    0.423814857    0.423814646
   13.546803743    0.423814802    0.423814639
   13.575263415    0.423814694    0.423814632
   13.603723086    0.423814578    0.423814624
   13.632182758    0.423814504    0.423814617
   13.660642430    0.423814502    0.423814611
   13.689102102    0.423814572    0.423814606
   13.717561773    0.423814682    0.423814602
   13.746021445    0.423814782    0.423814598
   13.774481117    0.423814825    0.423814592
   13.802940789    0.423814790    0.423814586
   13.831400460    0.423814689    0.423814577
   13.859860132    0.423814565    0.423814568
   13.888319804    0.423814470    0.423814560
   13.916779475    0.423814445    0.423814552
   13.945239147    0.423814499    0.423814546
   13.973698819    0.423814607    0.423814541
   14.002158491    0.423814719    0.423814536
   14.030618162    0.423814784    0.423814530
   14.059077834    0.423814771    0.423814523
   14.087537506    0.423814682    0.423814513
   14.115997178    0.423814554    0.423814503
   14.144456849    0.423814441    0.423814493
   14.172916521    0.423814392    0.423814484
   14.201376193    0.423814425    0.423814476
   14.229835864    0.423814526    0.423814469
   14.258295536    0.423814647    0.423814462
   14.286755208    0.423814734    0.423814455
   14.315214880    0.423814744    0.423814446
   14.343674551    0.423814671    0.423814436
   14.372134223    0.423814543    0.423814424
   14.400593895    0.423814415    0.423814411
   14.429053567    0.423814340    0.423814400
   14.457513238    0.423814350    0.423814389
   14.485972910    0.423814438    0.423814380
   14.514432582    0.423814565    0.423814371
   14.542892254    0.423814670    0.423814362
   14.571351925    0.423814706    0.423814352
   14.599811597    0.423814653    0.423814339
   14.628271269    0.423814530    0.423814324
   14.656730940    0.423814390    0.423814309
   14.685190612    0.423814291    0.423814294
   14.713650284    0.423814274    0.423814280
   14.742109956    0.423814346    0.423814267
   14.770569627    0.423814472    0.423814255
   14.799029299    0.423814594    0.423814243
   14.827488971    0.423814655    0.423814229
   14.855948643    0.423814625    0.423814213
   14.884408314    0.423814513    0.423814195
   14.912867986    0.423814365    0.423814176
   14.941327658    0.423814243    0.423814156
   14.969787329    0.423814198    0.423814137
   14.998247001    0.423814248    0.423814120
   15.026706673    0.423814368    0.423814103
   15.055166345    0.423814503    0.423814086
   15.083626016    0.423814589    0.423814067
   15.112085688    0.423814585    0.423814047
   15.140545360    0.423814488    0.423814023
   15.169005032    0.423814336    0.423813998
   15.197464703    0.423814193    0.423813972
   15.225924375    0.423814119    0.423813946
   15.254384047    0.423814142    0.423813921
   15.282843718    0.423814251    0.423813897
   15.311303390    0.423814393    0.423813873
   15.339763062    0.423814502    0.423813847
   15.368222734    0.423814526    0.423813819
   15.396682405    0.423814449    0.423813787
   15.425142077    0.423814299    0.423813753
   15.453601749    0.423814139    0.423813718
   15.482061421    0.423814033    0.423813682
   15.510521092    0.423814027    0.423813646
   15.538980764    0.423814117    0.423813612
   15.567440436    0.423814261    0.423813577
   15.595900107    0.423814391    0.423813540
   15.624359779    0.423814444    0.423813501
   15.652819451    0.423814390    0.423813457
   15.681279123    0.423814247    0.423813410
   15.709738794    0.423814072    0.423813361
   15.738198466    0.423813937    0.423813310
   15.766658138    0.423813896    0.423813259
   15.795117810    0.423813962    0.423813208
   15.823577481    0.423814101    0.423813156
   15.852037153    0.423814246    0.423813103
   15.880496825    0.423814327    0.423813046
   15.908956497    0.423814299    0.423812984
   15.937416168    0.423814169    0.423812918
   15.965875840    0.423813984    0.423812848
   15.994335512    0.423813820    0.423812775
   16.022795183    0.423813742    0.423812701
   16.051254855    0.423813777    0.423812625
   16.079714527    0.423813904    0.423812549
   16.108174199    0.423814058    0.423812470
   16.136633870    0.423814164    0.423812387
   16.165093542    0.423814166    0.423812298
   16.193553214    0.423814052    0.423812203
   16.222012886    0.423813862    0.423812102
   16.250472557    0.423813671    0.423811997
   16.278932229    0.423813552    0.423811888
   16.307391901    0.423813550    0.423811778
   16.335851572    0.423813656    0.423811664
   16.364311244    0.423813812    0.423811547
   16.392770916    0.423813940    0.423811424
   16.421230588    0.423813970    0.423811294
   16.449690259    0.423813876    0.423811156
   16.478149931    0.423813686    0.423811010
   16.506609603    0.423813469    0.423810856
   16.535069275    0.423813309    0.423810696
   16.563528946    0.423813262    0.423810532
   16.591988618    0.423813336    0.423810363
   16.620448290    0.423813485    0.423810188
   16.648907961    0.423813628    0.423810006
   16.677367633    0.423813685    0.423809814
   16.705827305    0.423813613    0.423809610
   16.734286977    0.423813426    0.423809395
   16.762746648    0.423813186    0.423809169
   16.791206320    0.423812981    0.423808933
   16.819665992    0.423812882    0.423808689
   16.848125664    0.423812914    0.423808436
   16.876585335    0.423813044    0.423808174
   16.905045007    0.423813192    0.423807902
   16.933504679    0.423813271    0.423807615
   16.961964350    0.423813221    0.423807313
   16.990424022    0.423813039    0.423806994
   17.018883694    0.423812777    0.423806659
   17.047343366    0.423812524    0.423806308
   17.075803037    0.423812365    0.423805943
   17.104262709    0.423812343    0.423805564
   17.132722381    0.423812438    0.423805171
   17.161182053    0.423812579    0.423804761
   17.189641724    0.423812672    0.423804331
   17.218101396    0.423812640    0.423803879
   17.246561068    0.423812462    0.423803403
   17.275020739    0.423812177    0.423802902
   17.303480411    0.423811872    0.423802378
   17.331940083    0.423811643    0.423801830
   17.360399755    0.423811549    0.423801261
   17.388859426    0.423811592    0.423800667
   17.417319098    0.423811708    0.423800048
   17.445778770    0.423811799    0.423799401
   17.474238442    0.423811777    0.423798720
   17.502698113    0.423811597    0.423798005
   17.531157785    0.423811285    0.423797253
   17.559617457    0.423810921    0.423796464
   17.588077129    0.423810608    0.423795639
   17.616536800    0.423810424    0.423794779
   17.644996472    0.423810390    0.423793881
   17.673456144    0.423810456    0.423792944
   17.701915815    0.423810526    0.423791964
   17.730375487    0.423810497    0.423790935
   17.758835159    0.423810305    0.423789854
   17.787294831    0.423809956    0.423788719
   17.815754502    0.423809520    0.423787528
   17.844214174    0.423809104    0.423786280
   17.872673846    0.423808804    0.423784976
   17.901133518    0.423808662    0.423783614
   17.929593189    0.423808645    0.423782190
   17.958052861    0.423808662    0.423780700
   17.986512533    0.423808598    0.423779138
   18.014972204    0.423808370    0.423777498
   18.043431876    0.423807960    0.423775776
   18.071891548    0.423807424    0.423773969
   18.100351220    0.423806871    0.423772074
   18.128810891    0.423806410    0.423770091
   18.157270563    0.423806107    0.423768016
   18.185730235    0.423805951    0.423765847
   18.214189907    0.423805860    0.423763575
   18.242649578    0.423805715    0.423761194
   18.271109250    0.423805412    0.423758695
   18.299568922    0.423804908    0.423756071
   18.328028593    0.423804242    0.423753318
   18.356488265    0.423803515    0.423750429
   18.384947937    0.423802851    0.423747403
   18.413407609    0.423802336    0.423744234
   18.441867280    0.423801984    0.423740917
   18.470326952    0.423801725    0.423737442
   18.498786624    0.423801439    0.423733800
   18.527246296    0.423801004    0.423729978
   18.555705967    0.423800351    0.423725966
   18.584165639    0.423799497    0.423721754
   18.612625311    0.423798532    0.423717334
   18.641084982    0.423797588    0.423712700
   18.669544654    0.423796774    0.423707843
   18.698004326    0.423796129    0.423702755
   18.726463998    0.423795603    0.423697422
   18.754923669    0.423795076    0.423691830
   18.783383341    0.423794413    0.423685963
   18.811843013    0.423793518    0.423679803
   18.840302685    0.423792378    0.423673336
   18.868762356    0.423791072    0.423666547
   18.897222028    0.423789733    0.423659424
   18.925681700    0.423788490    0.423651954
   18.954141372    0.423787410    0.423644121
   18.982601043    0.423786467    0.423635908
   19.011060715    0.423785549    0.423627293
   19.039520387    0.423784509    0.423618252
   19.067980058    0.423783223    0.423608760
   19.096439730    0.423781649    0.423598792
   19.124899402    0.423779842    0.423588324
   19.153359074    0.423777934    0.423577336
   19.181818745    0.423776071    0.423565804
   19.210278417    0.423774349    0.423553705
   19.238738089    0.423772770    0.423541012
   19.267197761    0.423771236    0.423527691
   19.295657432    0.423769590    0.423513707
   19.324117104    0.423767684    0.423499022
   19.352576776    0.423765439    0.423483596
   19.381036447    0.423762884    0.423467392
   19.409496119    0.423760141    0.423450372
   19.437955791    0.423757367    0.423432501
   19.466415463    0.423754690    0.423413738
   19.494875134    0.423752141    0.423394041
   19.523334806    0.423749642    0.423373361
   19.551794478    0.423747035    0.423351642
   19.580254150    0.423744145    0.423328826
   19.608713821    0.423740857    0.423304852
   19.637173493    0.423737164    0.423279657
   19.665633165    0.423733171    0.423253182
   19.694092836    0.423729042    0.423225365
   19.722552508    0.423724931    0.423196143
   19.751012180    0.423720907    0.423165448
   19.779471852    0.423716915    0.423133202
   19.807931523    0.423712802    0.423099321
   19.836391195    0.423708369    0.423063713
   19.864850867    0.423703462    0.423026282
   19.893310539    0.423698031    0.422986928
   19.921770210    0.423692154    0.422945552
   19.950229882    0.423685995    0.422902053
   19.978689554    0.423679730    0.422856328
   20.007149225    0.423673464    0.422808266
   20.035608897    0.423667175    0.422757746
   20.064068569    0.423660719    0.422704635
   20.092528241    0.423653878    0.422648788
   20.120987912    0.423646455    0.422590051
   20.149447584    0.423638350    0.422528264
   20.177907256    0.423629601    0.422463265
   20.206366928    0.423620362    0.422394888
   20.234826599    0.423610825    0.422322963
   20.263286271    0.423601133    0.422247311
   20.291745943    0.423591301    0.422167737
   20.320205614    0.423581199    0.422084031
   20.348665286    0.423570597    0.421995961
   20.377124958    0.423559251    0.421903280
   20.405584630    0.423547003    0.421805730
   20.434044301    0.423533840    0.421703043
   20.462503973    0.423519889    0.421594949
   20.490963645    0.423505353    0.421481167
   20.519423317    0.423490409    0.421361406
   20.547882988    0.423475112    0.421235354
   20.576342660    0.423459355    0.421102670
   20.604802332    0.423442896    0.420962983
   20.633262004    0.423425446    0.420815894
   20.661721675    0.423406777    0.420660977
   20.690181347    0.423386808    0.420497796
   20.718641019    0.423365622    0.420325901
   20.747100690    0.423343419    0.420144838
   20.775560362    0.423320400    0.419954132
   20.804020034    0.423296662    0.419753280
   20.832479706    0.423272128    0.419541734
   20.860939377    0.423246546    0.419318890
   20.889399049    0.423219578    0.419084089
   20.917858721    0.423190912    0.418836628
   20.946318393    0.423160379    0.418575782
   20.974778064    0.423127996    0.418300833
   21.003237736    0.423093935    0.418011079
   21.031697408    0.423058415    0.417705840
   21.060157079    0.423021570    0.417384423
   21.088616751    0.422983353    0.417046069
   21.117076423    0.422943509    0.416689886
   21.145536095    0.422901644    0.416314772
   21.173995766    0.422857349    0.415919367
   21.202455438    0.422810338    0.415502043
   21.230915110    0.422760531    0.415060945
   21.259374782    0.422708043    0.414594088
   21.287834453    0.422653089    0.414099492
   21.316294125    0.422595832    0.413575352
   21.344753797    0.422536254    0.413020189
   21.373213468    0.422474094    0.412432981
   21.401673140    0.422408892    0.411813244
   21.430132812    0.422340118    0.411161047
   21.458592484    0.422267331    0.410476978
   21.487052155    0.422190306    0.409762073
   21.515511827    0.422109057    0.409017715
   21.543971499    0.422023757    0.408245536
   21.572431171    0.421934575    0.407447332
   21.600890842    0.421841511    0.406624996
   21.629350514    0.421744288    0.405780474
   21.657810186    0.421642363    0.404915731
   21.686269857    0.421535045    0.404032723
   21.714729529    0.421421688    0.403133366
   21.743189201    0.421301850    0.402219500
   21.771648873    0.421175378    0.401292853
   21.800108544    0.421042345    0.400355000
   21.828568216    0.420902889    0.399407329
   21.857027888    0.420757005    0.398451019
   21.885487560    0.420604379    0.397487006
   21.913947231    0.420444355    0.396515961
   21.942406903    0.420276029    0.395538241
   21.970866575    0.420098465    0.394553820
   21.999326247    0.419910908    0.393562206
   22.027785918    0.419712928    0.392562333
   22.056245590    0.419504408    0.391552465
   22.084705262    0.419285384    0.390530116
   22.113164933    0.419055795    0.389492018
   22.141624605    0.418815250    0.388434145
   22.170084277    0.418562918    0.387351797
   22.198543949    0.418297594    0.386239748
   22.227003620    0.418017917    0.385092409
   22.255463292    0.417722653    0.383904025
   22.283922964    0.417410922    0.382668828
   22.312382636    0.417082257    0.381381176
   22.340842307    0.416736465    0.380035630
   22.369301979    0.416373337    0.378626992
   22.397761651    0.415992326    0.377150305
   22.426221322    0.415592333    0.375600842
   22.454680994    0.415171699    0.373974089
   22.483140666    0.414728428    0.372265737
   22.511600338    0.414260541    0.370471695
   22.540060009    0.413766423    0.368588111
   22.568519681    0.413244996    0.366611400
   22.596979353    0.412695635    0.364538270
   22.625439025    0.412117841    0.362365742
   22.653898696    0.411510791    0.360091165
   22.682358368    0.410872970    0.357712232
   22.710818040    0.410202034    0.355227002
   22.739277711    0.409494999    0.352633942
   22.767737383    0.408748687    0.349931981
   22.796197055    0.407960254    0.347120589
   22.824656727    0.407127561    0.344199848
   22.853116398    0.406249213    0.341170531
   22.881576070    0.405324204    0.338034148
   22.910035742    0.404351289    0.334792966
   22.938495414    0.403328333    0.331449992
   22.966955085    0.402251925    0.328008929
   22.995414757    0.401117457    0.324474105
   23.023874429    0.399919687    0.320850391
   23.052334100    0.398653592    0.317143127
   23.080793772    0.397315146    0.313358045
   23.109253444    0.395901667    0.309501217
   23.137713116    0.394411496    0.305578996
   23.166172787    0.392843037    0.301597979
   23.194632459    0.391193499    0.297564951
   23.223092131    0.389457847    0.293486837
   23.251551803    0.387628497    0.289370642
   23.280011474    0.385696052    0.285223392
   23.308471146    0.383650998    0.281052078
   23.336930818    0.381485845    0.276863594
   23.365390489    0.379196872    0.272664693
   23.393850161    0.376784615    0.268461938
   23.422309833    0.374252497    0.264261649
   23.450769505    0.371603589    0.260069848
   23.479229176    0.368836145    0.255892193
   23.507688848    0.365939159    0.251733901
   23.536148520    0.362889446    0.247599673
   23.564608192    0.359651574    0.243493622
   23.593067863    0.356181365    0.239419226
   23.621527535    0.352432737    0.235379310
   23.649987207    0.348366734    0.231376055
   23.678446879    0.343960851    0.227411047
   23.706906550    0.339216537    0.223485344
   23.735366222    0.334163068    0.219599558
   23.763825894    0.328856824    0.215753926
   23.792285565    0.323376061    0.211948368
   23.820745237    0.317812362    0.208182518
   23.849204909    0.312260641    0.204455732
   23.877664581    0.306809803    0.200767074
   23.906124252    0.301535801    0.197115290
   23.934583924    0.296498026    0.193498795
   23.963043596    0.291739060    0.189915653
   23.991503268    0.287286919    0.186363588
   24.019962939    0.283158496    0.182840000
   24.048422611    0.279362834    0.179341994
   24.076882283    0.275903307    0.175866413
   24.105341954    0.272778356    0.172409870
   24.133801626    0.269981110    0.168968771
   24.162261298    0.267498565    0.165539338
   24.190720970    0.265311069    0.162117628
   24.219180641    0.263392520    0.158699551
   24.247640313    0.261711244    0.155280900
   24.276099985    0.260230974    0.151857384
   24.304559657    0.258911180    0.148424663
   24.333019328    0.257706058    0.144978394
   24.361479000    0.256561962    0.141514260
   24.389938672    0.255413737    0.138027996
   24.418398343    0.254181013    0.134515404
   24.446858015    0.252765901    0.130972358
   24.475317687    0.251053423    0.127394804
   24.503777359    0.248915499    0.123778758
   24.532237030    0.246218401    0.120120317
   24.560696702    0.242832647    0.116415670
   24.589156374    0.238643556    0.112661129
   24.617616046    0.233560368    0.108853153
   24.646075717    0.227522089    0.104988387
   24.674535389    0.220498995    0.101063690
   24.702995061    0.212489733    0.097076160
   24.731454732    0.203515030    0.093023154
   24.759914404    0.193609711    0.088902298
   24.788374076    0.182814971    0.084711504
   24.816833748    0.171172537    0.080448982
   24.845293419    0.158721614    0.076113249
   24.873753091    0.145498623    0.071703150
   24.902212763    0.131538957    0.067217867
   24.930672435    0.116879542    0.062656929
   24.959132106    0.101561038    0.058020214
   24.987591778    0.085628886    0.053307949
   25.016051450    0.069133103    0.048520694
   25.044511122    0.052127289    0.043659343
   25.072970793    0.034667706    0.038725108
   25.101430465    0.016813260    0.033719519
   25.129890137   -0.001373143    0.028644423
   25.158349808   -0.019821993    0.023501980
   25.186809480   -0.038454020    0.018294668
   25.215269152   -0.057177544    0.013025270
   25.243728824   -0.075887407    0.007696864
   25.272188495   -0.094466172    0.002312803
   25.300648167   -0.112787670   -0.003123302
   25.329107839   -0.130722325   -0.008607600
   25.357567511   -0.148143167   -0.014136018
   25.386027182   -0.164931304   -0.019704268
   25.414486854   -0.180979835   -0.025307851
   25.442946526   -0.196195666   -0.030942068
   25.471406197   -0.210499341   -0.036602030
   25.499865869   -0.223823511   -0.042282675
   25.528325541   -0.236110930   -0.047978797
   25.556785213   -0.247312844   -0.053685075
   25.585244884   -0.257388291   -0.059396102
   25.613704556   -0.266304376   -0.065106404
   25.642164228   -0.274037178   -0.070810459
   25.670623900   -0.280572724   -0.076502698
   25.699083571   -0.285907498   -0.082177510
   25.727543243   -0.290048243   -0.087829251
   25.756002915   -0.293011181   -0.093452262
   25.784462586   -0.294821085   -0.099040901
   25.812922258   -0.295510779   -0.104589588
   25.841381930   -0.295121470   -0.110092854
   25.869841602   -0.293703992   -0.115545375
   25.898301273   -0.291320562   -0.120941996
   25.926760945   -0.288046312   -0.126277710
   25.955220617   -0.283969725   -0.131547626
   25.983680289   -0.279191265   -0.136746908
   26.012139960   -0.273819962   -0.141870718
   26.040599632   -0.267968299   -0.146914180
   26.069059304   -0.261746282   -0.151872381
   26.097518975   -0.255255891   -0.156740436
   26.125978647   -0.248587107   -0.161513590
   26.154438319   -0.241816305   -0.166187376
   26.182897991   -0.235007244   -0.170757782
   26.211357662   -0.228214188   -0.175221422
   26.239817334   -0.221486212   -0.179575660
   26.268277006   -0.214871497   -0.183818699
   26.296736678   -0.208420538   -0.187949603
   26.325196349   -0.202187613   -0.191968270
   26.353656021   -0.196230401   -0.195875359
   26.382115693   -0.190608174   -0.199672203
   26.410575364   -0.185379314   -0.203360709
   26.439035036   -0.180598978   -0.206943274
   26.467494708   -0.176317542   -0.210422714
   26.495954380   -0.172580055   -0.213802210
   26.524414051   -0.169426570   -0.217085261
   26.552873723   -0.166892901   -0.220275652
   26.581333395   -0.165011293   -0.223377405
   26.609793067   -0.163810588   -0.226394740
   26.638252738   -0.163315750   -0.229332020
   26.666712410   -0.163546933   -0.232193700
   26.695172082   -0.164518461   -0.234984267
   26.723631754   -0.166238196   -0.237708191
   26.752091425   -0.168707605   -0.240369868
   26.780551097   -0.171922633   -0.242973552
   26.809010769   -0.175875180   -0.245523288
   26.837470440   -0.180554764   -0.248022820
   26.865930112   -0.185949910   -0.250475489
   26.894389784   -0.192048852   -0.252884127
   26.922849456   -0.198839403   -0.255250953
   26.951309127   -0.206308071   -0.257577494
   26.979768799   -0.214438745   -0.259864539
   27.008228471   -0.223211368   -0.262112148
   27.036688143   -0.232600984   -0.264319705
   27.065147814   -0.242577358   -0.266486028
   27.093607486   -0.253105217   -0.268609504
   27.122067158   -0.264144904   -0.270688243
   27.150526829   -0.275653213   -0.272720214
   27.178986501   -0.287584110   -0.274703361
   27.207446173   -0.299889218   -0.276635674
   27.235905845   -0.312518034   -0.278515229
   27.264365516   -0.325418001   -0.280340178
   27.292825188   -0.338534617   -0.282108740
   27.321284860   -0.351811715   -0.283819171
   27.349744532   -0.365191969   -0.285469747
   27.378204203   -0.378617586   -0.287058767
   27.406663875   -0.392031006   -0.288584563
   27.435123547   -0.405375486   -0.290045522
   27.463583218   -0.418595411   -0.291440114
   27.492042890   -0.431636349   -0.292766912
   27.520502562   -0.444444906   -0.294024610
   27.548962234   -0.456968560   -0.295212037
   27.577421905   -0.469155610   -0.296328173
   27.605881577   -0.480955339   -0.297372184
   27.634341249   -0.492318395   -0.298343464
   27.662800921   -0.503197290   -0.299241698
   27.691260592   -0.513546867   -0.300066936
   27.719720264   -0.523324621   -0.300819654
   27.748179936   -0.532490789   -0.301500811
   27.776639607   -0.541008253   -0.302111868
   27.805099279   -0.548842362   -0.302654778
   27.833558951   -0.555960811   -0.303131939
   27.862018623   -0.562333688   -0.303546125
   27.890478294   -0.567933721   -0.303900403
   27.918937966   -0.572736671   -0.304198055
   27.947397638   -0.576721753   -0.304442508
   27.975857310   -0.579871937   -0.304637283
   28.004316981   -0.582174050   -0.304785956
   28.032776653   -0.583618669   -0.304892137
   28.061236325   -0.584199868   -0.304959443
   28.089695997   -0.583914967   -0.304991468
   28.118155668   -0.582764392   -0.304991755
   28.146615340   -0.580751715   -0.304963756
   28.175075012   -0.577883862   -0.304910795
   28.203534683   -0.574171379   -0.304836042
   28.231994355   -0.569628631   -0.304742487
   28.260454027   -0.564273812   -0.304632929
   28.288913699   -0.558128744   -0.304509961
   28.317373370   -0.551218497   -0.304375961
   28.345833042   -0.543570961   -0.304233062
   28.374292714   -0.535216503   -0.304083123
   28.402752386   -0.526187815   -0.303927684
   28.431212057   -0.516519956   -0.303767933
   28.459671729   -0.506250512   -0.303604676
   28.488131401   -0.495419749   -0.303438346
   28.516591072   -0.484070609   -0.303269038
   28.545050744   -0.472248485   -0.303096574
   28.573510416   -0.460000799   -0.302920601
   28.601970088   -0.447376480   -0.302740695
   28.630429759   -0.434425502   -0.302556461
   28.658889431   -0.421198621   -0.302367612
   28.687349103   -0.407747339   -0.302174025
   28.715808775   -0.394124049   -0.301975752
   28.744268446   -0.380382222   -0.301773014
   28.772728118   -0.366576444   -0.301566174
   28.801187790   -0.352762208   -0.301355700
   28.829647461   -0.338995419   -0.301142135
   28.858107133   -0.325331720   -0.300926076
   28.886566805   -0.311825806   -0.300708163
   28.915026477   -0.298530903   -0.300489074
   28.943486148   -0.285498515   -0.300269523
   28.971945820   -0.272778408   -0.300050252
   29.000405492   -0.260418687   -0.299832017
   29.028865164   -0.248465739   -0.299615562
   29.057324835   -0.236963880   -0.299401594
   29.085784507   -0.225954627   -0.299190751
   29.114244179   -0.215475720   -0.298983577
   29.142703850   -0.205560149   -0.298780500
   29.171163522   -0.196235513   -0.298581824
   29.199623194   -0.187523977   -0.298387719
   29.228082866   -0.179442925   -0.298198221
   29.256542537   -0.172006164   -0.298013227
   29.285002209   -0.165225347   -0.297832492
   29.313461881   -0.159111156   -0.297655623
   29.341921553   -0.153673859   -0.297482073
   29.370381224   -0.148923009   -0.297311134
   29.398840896   -0.144866379   -0.297141945
   29.427300568   -0.141508409   -0.296973494
   29.455760239   -0.138848680   -0.296804645
   29.484219911   -0.136880856   -0.296634156
   29.512679583   -0.135592437   -0.296460712
   29.541139255   -0.134965363   -0.296282957
   29.569598926   -0.134977275   -0.296099523
   29.598058598   -0.135603015   -0.295909056
   29.626518270   -0.136815957   -0.295710241
   29.654977942   -0.138588818   -0.295501818
   29.683437613   -0.140893846   -0.295282596
   29.711897285   -0.143702506   -0.295051467
   29.740356957   -0.146984942   -0.294807410
   29.768816629   -0.150709549   -0.294549502
   29.797276300   -0.154842891   -0.294276917
   29.825735972   -0.159350027   -0.293988934
   29.854195644   -0.164195135   -0.293684931
   29.882655315   -0.169342157   -0.293364394
   29.911114987   -0.174755223   -0.293026909
   29.939574659   -0.180398667   -0.292672171
   29.968034331   -0.186236631   -0.292299987
   29.996494002   -0.192232418   -0.291910278
   30.024953674   -0.198347852   -0.291503088
   30.053413346   -0.204542902   -0.291078588
   30.081873018   -0.210775714   -0.290637073
   30.110332689   -0.217003052   -0.290178969
   30.138792361   -0.223180972   -0.289704822
   30.167252033   -0.229265503   -0.289215295
   30.195711704   -0.235213100   -0.288711162
   30.224171376   -0.240980753   -0.288193301
   30.252631048   -0.246525792   -0.287662688
   30.281090720   -0.251805570   -0.287120390
   30.309550391   -0.256777247   -0.286567566
   30.338010063   -0.261397892   -0.286005457
   30.366469735   -0.265624993   -0.285435377
   30.394929407   -0.269417325   -0.284858707
   30.423389078   -0.272735975   -0.284276879
   30.451848750   -0.275545302   -0.283691367
   30.480308422   -0.277813617   -0.283103669
   30.508768093   -0.279513506   -0.282515302
   30.537227765   -0.280621834   -0.281927787
   30.565687437   -0.281119621   -0.281342645
   30.594147109   -0.280991996   -0.280761387
   30.622606780   -0.280228412   -0.280185505
   30.651066452   -0.278823178   -0.279616466
   30.679526124   -0.276776240   -0.279055694
   30.707985796   -0.274094001   -0.278504565
   30.736445467   -0.270789950   -0.277964385
   30.764905139   -0.266884898   -0.277436389
   30.793364811   -0.262406730   -0.276921726
   30.821824482   -0.257389735   -0.276421452
   30.850284154   -0.251873698   -0.275936532
   30.878743826   -0.245903002   -0.275467830
   30.907203498   -0.239525971   -0.275016108
   30.935663169   -0.232794586   -0.274582021
   30.964122841   -0.225764577   -0.274166111
   30.992582513   -0.218495753   -0.273768800
   31.021042185   -0.211052347   -0.273390388
   31.049501856   -0.203503133   -0.273031052
   31.077961528   -0.195921130   -0.272690844
   31.106421200   -0.188382796   -0.272369700
   31.134880872   -0.180966786   -0.272067445
   31.163340543   -0.173752400   -0.271783802
   31.191800215   -0.166817957   -0.271518395
   31.220259887   -0.160239288   -0.271270753
   31.248719558   -0.154088528   -0.271040313
   31.277179230   -0.148433243   -0.270826422
   31.305638902   -0.143335874   -0.270628332
   31.334098574   -0.138853370   -0.270445210
   31.362558245   -0.135036864   -0.270276135
   31.391017917   -0.131931253   -0.270120109
   31.419477589   -0.129574617   -0.269976065
   31.447937261   -0.127997486   -0.269842881
   31.476396932   -0.127222074   -0.269719389
   31.504856604   -0.127261633   -0.269604402
   31.533316276   -0.128120127   -0.269496726
   31.561775947   -0.129792353   -0.269395195
   31.590235619   -0.132264582   -0.269298693
   31.618695291   -0.135515657   -0.269206192
   31.647154963   -0.139518411   -0.269116779
   31.675614634   -0.144241165   -0.269029686
   31.704074306   -0.149649113   -0.268944310
   31.732533978   -0.155705387   -0.268860228
   31.760993650   -0.162371748   -0.268777205
   31.789453321   -0.169608908   -0.268695189
   31.817912993   -0.177376626   -0.268614310
   31.846372665   -0.185633718   -0.268534877
   31.874832336   -0.194338159   -0.268457365
   31.903292008   -0.203447336   -0.268382419
   31.931751680   -0.212918473   -0.268310835
   31.960211352   -0.222709132   -0.268243552
   31.988671023   -0.232777650   -0.268181631
   32.017130695   -0.243083393   -0.268126222
   32.045590367   -0.253586745   -0.268078530
   32.074050039   -0.264248841   -0.268039767
   32.102509710   -0.275031124   -0.268011115
   32.130969382   -0.285894884   -0.267993681
   32.159429054   -0.296800912   -0.267988461
   32.187888725   -0.307709386   -0.267996308
   32.216348397   -0.318580016   -0.268017906
   32.244808069   -0.329372422   -0.268053746
   32.273267741   -0.340046623   -0.268104101
   32.301727412   -0.350563550   -0.268169005
   32.330187084   -0.360885458   -0.268248231
   32.358646756   -0.370976206   -0.268341280
   32.387106428   -0.380801386   -0.268447373
   32.415566099   -0.390328355   -0.268565462
   32.444025771   -0.399526206   -0.268694249
   32.472485443   -0.408365738   -0.268832214
   32.500945115   -0.416819437   -0.268977657
   32.529404786   -0.424861472   -0.269128731
   32.557864458   -0.432467677   -0.269283477
   32.586324130   -0.439615531   -0.269439857
   32.614783801   -0.446284103   -0.269595771
   32.643243473   -0.452454013   -0.269749087
   32.671703145   -0.458107399   -0.269897656
   32.700162817   -0.463227927   -0.270039352
   32.728622488   -0.467800837   -0.270172101
   32.757082160   -0.471813009   -0.270293925
   32.785541832   -0.475253020   -0.270402990
   32.814001504   -0.478111162   -0.270497648
   32.842461175   -0.480379418   -0.270576466
   32.870920847   -0.482051415   -0.270638259
   32.899380519   -0.483122366   -0.270682100
   32.927840190   -0.483589065   -0.270707333
   32.956299862   -0.483449929   -0.270713567
   32.984759534   -0.482705094   -0.270700689
   33.013219206   -0.481356531   -0.270668861
   33.041678877   -0.479408119   -0.270618521
   33.070138549   -0.476865647   -0.270550389
   33.098598221   -0.473736726   -0.270465453
   33.127057893   -0.470030622   -0.270364958
   33.155517564   -0.465758084   -0.270250376
   33.183977236   -0.460931222   -0.270123371
   33.212436908   -0.455563484   -0.269985759
   33.240896579   -0.449669746   -0.269839464
   33.269356251   -0.443266471   -0.269686481
   33.297815923   -0.436371881   -0.269528842
   33.326275595   -0.429006049   -0.269368590
   33.354735266   -0.421190874   -0.269207752
   33.383194938   -0.412949942   -0.269048321
   33.411654610   -0.404308330   -0.268892219
   33.440114282   -0.395292436   -0.268741271
   33.468573953   -0.385929937   -0.268597168
   33.497033625   -0.376249894   -0.268461425
   33.525493297   -0.366282996   -0.268335350
   33.553952968   -0.356061839   -0.268220015
   33.582412640   -0.345621106   -0.268116241
   33.610872312   -0.334997538   -0.268024588
   33.639331984   -0.324229622   -0.267945360
   33.667791655   -0.313357038   -0.267878617
   33.696251327   -0.302419970   -0.267824183
   33.724710999   -0.291458453   -0.267781667
   33.753170671   -0.280511921   -0.267750483
   33.781630342   -0.269619077   -0.267729867
   33.810090014   -0.258818072   -0.267718908
   33.838549686   -0.248146935   -0.267716585
   33.867009357   -0.237644076   -0.267721803
   33.895469029   -0.227348700   -0.267733444
   33.923928701   -0.217301007   -0.267750415
   33.952388373   -0.207542129   -0.267771687
   33.980848044   -0.198113875   -0.267796341
   34.009307716   -0.189058382   -0.267823585
   34.037767388   -0.180417832   -0.267852778
   34.066227060   -0.172234328   -0.267883432
   34.094686731   -0.164549940   -0.267915214
   34.123146403   -0.157406850   -0.267947949
   34.151606075   -0.150847446   -0.267981619
   34.180065747   -0.144914185   -0.268016362
   34.208525418   -0.139649086   -0.268052484
   34.236985090   -0.135092788   -0.268090456
   34.265444762   -0.131283217   -0.268130916
   34.293904433   -0.128253997   -0.268174658
   34.322364105   -0.126032813   -0.268222616
   34.350823777   -0.124639941   -0.268275840
   34.379283449   -0.124087124   -0.268335465
   34.407743120   -0.124376897   -0.268402678
   34.436202792   -0.125502390   -0.268478686
   34.464662464   -0.127447528   -0.268564687
   34.493122136   -0.130187502   -0.268661852
   34.521581807   -0.133689375   -0.268771307
   34.550041479   -0.137912669   -0.268894120
   34.578501151   -0.142809863   -0.269031294
   34.606960822   -0.148326771   -0.269183762
   34.635420494   -0.154402850   -0.269352376
   34.663880166   -0.160971535   -0.269537908
   34.692339838   -0.167960746   -0.269741043
   34.720799509   -0.175293656   -0.269962370
   34.749259181   -0.182889805   -0.270202389
   34.777718853   -0.190666527   -0.270461498
   34.806178525   -0.198540595   -0.270739998
   34.834638196   -0.206429897   -0.271038083
   34.863097868   -0.214254934   -0.271355841
   34.891557540   -0.221939962   -0.271693245
   34.920017211   -0.229413652   -0.272050150
   34.948476883   -0.236609303   -0.272426289
   34.976936555   -0.243464701   -0.272821270
   35.005396227   -0.249921865   -0.273234579
   35.033855898   -0.255926879   -0.273665587
   35.062315570   -0.261430014   -0.274113550
   35.090775242   -0.266386204   -0.274577621
   35.119234914   -0.270755816   -0.275056853
   35.147694585   -0.274505538   -0.275550209
   35.176154257   -0.277609171   -0.276056560
   35.204613929   -0.280048100   -0.276574696
   35.233073600   -0.281811347   -0.277103329
   35.261533272   -0.282895204   -0.277641102
   35.289992944   -0.283302580   -0.278186600
   35.318452616   -0.283042267   -0.278738361
   35.346912287   -0.282128310   -0.279294892
   35.375371959   -0.280579606   -0.279854675
   35.403831631   -0.278419738   -0.280416186
   35.432291303   -0.275676925   -0.280977897
   35.460750974   -0.272383931   -0.281538286
   35.489210646   -0.268577777   -0.282095845
   35.517670318   -0.264299155   -0.282649086
   35.546129990   -0.259591590   -0.283196554
   35.574589661   -0.254500474   -0.283736838
   35.603049333   -0.249072154   -0.284268584
   35.631509005   -0.243353254   -0.284790506
   35.659968676   -0.237390294   -0.285301401
   35.688428348   -0.231229611   -0.285800149
   35.716888020   -0.224917412   -0.286285725
   35.745347692   -0.218499830   -0.286757198
   35.773807363   -0.212022808   -0.287213734
   35.802267035   -0.205531768   -0.287654602
   35.830726707   -0.199071119   -0.288079176
   35.859186379   -0.192683752   -0.288486944
   35.887646050   -0.186410697   -0.288877510
   35.916105722   -0.180291063   -0.289250602
   35.944565394   -0.174362282   -0.289606070
   35.973025065   -0.168660568   -0.289943881
   36.001484737   -0.163221380   -0.290264113
   36.029944409   -0.158079712   -0.290566949
   36.058404081   -0.153270070   -0.290852666
   36.086863752   -0.148826143   -0.291121633
   36.115323424   -0.144780298   -0.291374306
   36.143783096   -0.141163145   -0.291611235
   36.172242768   -0.138003372   -0.291833059
   36.200702439   -0.135327994   -0.292040512
   36.229162111   -0.133162965   -0.292234416
   36.257621783   -0.131533942   -0.292415679
   36.286081454   -0.130466881   -0.292585275
   36.314541126   -0.129988155   -0.292744239
   36.343000798   -0.130123995   -0.292893638
   36.371460470   -0.130899276   -0.293034556
   36.399920141   -0.132335901   -0.293168068
   36.428379813   -0.134451165   -0.293295217
   36.456839485   -0.137256569   -0.293416981
   36.485299157   -0.140757398   -0.293534249
   36.513758828   -0.144953182   -0.293647788
   36.542218500   -0.149838899   -0.293758211
   36.570678172   -0.155406529   -0.293865955
   36.599137843   -0.161646507   -0.293971263
   36.627597515   -0.168548630   -0.294074169
   36.656057187   -0.176102176   -0.294174502
   36.684516859   -0.184295239   -0.294271890
   36.712976530   -0.193113522   -0.294365766
   36.741436202   -0.202538977   -0.294455387
   36.769895874   -0.212548706   -0.294539839
   36.798355546   -0.223114418   -0.294618059
   36.826815217   -0.234202542   -0.294688843
   36.855274889   -0.245774882   -0.294750873
   36.883734561   -0.257789574   -0.294802743
   36.912194232   -0.270202030   -0.294842994
   36.940653904   -0.282965641   -0.294870160
   36.969113576   -0.296032145   -0.294882818
   36.997573248   -0.309351697   -0.294879639
   37.026032919   -0.322872821   -0.294859436
   37.054492591   -0.336542434   -0.294821213
   37.082952263   -0.350306072   -0.294764197
   37.111411935   -0.364108368   -0.294687872
   37.139871606   -0.377893679   -0.294592004
   37.168331278   -0.391606737   -0.294476663
   37.196790950   -0.405193137   -0.294342234
   37.225250622   -0.418599591   -0.294189428
   37.253710293   -0.431773926   -0.294019284
   37.282169965   -0.444664953   -0.293833160
   37.310629637   -0.457222323   -0.293632714
   37.339089308   -0.469396537   -0.293419875
   37.367548980   -0.481139157   -0.293196809
   37.396008652   -0.492403207   -0.292965877
   37.424468324   -0.503143656   -0.292729599
   37.452927995   -0.513317847   -0.292490617
   37.481387667   -0.522885768   -0.292251660
   37.509847339   -0.531810111   -0.292015511
   37.538307011   -0.540056173   -0.291784975
   37.566766682   -0.547591712   -0.291562839
   37.595226354   -0.554386870   -0.291351830
   37.623686026   -0.560414267   -0.291154566
   37.652145697   -0.565649270   -0.290973503
   37.680605369   -0.570070372   -0.290810889
   37.709065041   -0.573659570   -0.290668718
   37.737524713   -0.576402606   -0.290548697
   37.765984384   -0.578289026   -0.290452224
   37.794444056   -0.579312046   -0.290380367
   37.822903728   -0.579468310   -0.290333859
   37.851363400   -0.578757671   -0.290313088
   37.879823071   -0.577183081   -0.290318093
   37.908282743   -0.574750654   -0.290348562
   37.936742415   -0.571469865   -0.290403830
   37.965202086   -0.567353774   -0.290482891
   37.993661758   -0.562419181   -0.290584409
   38.022121430   -0.556686586   -0.290706754
   38.050581102   -0.550179967   -0.290848030
   38.079040773   -0.542926402   -0.291006125
   38.107500445   -0.534955676   -0.291178752
   38.135960117   -0.526299974   -0.291363493
   38.164419789   -0.516993755   -0.291557840
   38.192879460   -0.507073791   -0.291759226
   38.221339132   -0.496579315   -0.291965064
   38.249798804   -0.485552127   -0.292172777
   38.278258475   -0.474036564   -0.292379833
   38.306718147   -0.462079259   -0.292583792
   38.335177819   -0.449728730   -0.292782346
   38.363637491   -0.437034893   -0.292973363
   38.392097162   -0.424048638   -0.293154931
   38.420556834   -0.410821587   -0.293325388
   38.449016506   -0.397406046   -0.293483347
   38.477476178   -0.383855125   -0.293627709
   38.505935849   -0.370222859   -0.293757668
   38.534395521   -0.356564201   -0.293872706
   38.562855193   -0.342934782   -0.293972587
   38.591314865   -0.329390402   -0.294057340
   38.619774536   -0.315986360   -0.294127243
   38.648234208   -0.302776755   -0.294182801
   38.676693880   -0.289813909   -0.294224708
   38.705153551   -0.277147997   -0.294253819
   38.733613223   -0.264826869   -0.294271099
   38.762072895   -0.252895937   -0.294277582
   38.790532567   -0.241397978   -0.294274320
   38.818992238   -0.230372723   -0.294262349
   38.847451910   -0.219856213   -0.294242645
   38.875911582   -0.209880045   -0.294216103
   38.904371254   -0.200470733   -0.294183512
   38.932830925   -0.191649443   -0.294145540
   38.961290597   -0.183432279   -0.294102718
   38.989750269   -0.175831145   -0.294055424
   39.018209940   -0.168854996   -0.294003875
   39.046669612   -0.162511129   -0.293948109
   39.075129284   -0.156806118   -0.293887981
   39.103588956   -0.151746074   -0.293823160
   39.132048627   -0.147336102   -0.293753138
   39.160508299   -0.143579086   -0.293677244
   39.188967971   -0.140474179   -0.293594667
   39.217427643   -0.138015459   -0.293504487
   39.245887314   -0.136191212   -0.293405703
   39.274346986   -0.134984084   -0.293297266
   39.302806658   -0.134372122   -0.293178102
   39.331266329   -0.134330411   -0.293047144
   39.359726001   -0.134832897   -0.292903345
   39.388185673   -0.135853903   -0.292745703
   39.416645345   -0.137369029   -0.292573272
   39.445105016   -0.139355286   -0.292385180
   39.473564688   -0.141790613   -0.292180635
   39.502024360   -0.144653052   -0.291958934
   39.530484032   -0.147919946   -0.291719469
   39.558943703   -0.151567425   -0.291461727
   39.587403375   -0.155570311   -0.291185290
   39.615863047   -0.159902366   -0.290889833
   39.644322718   -0.164536687   -0.290575125
   39.672782390   -0.169446009   -0.290241029
   39.701242062   -0.174602738   -0.289887508
   39.729701734   -0.179978675   -0.289514630
   39.758161405   -0.185544506   -0.289122574
   39.786621077   -0.191269261   -0.288711634
   39.815080749   -0.197119911   -0.288282225
   39.843540421   -0.203061239   -0.287834882
   39.872000092   -0.209055991   -0.287370255
   39.900459764   -0.215065199   -0.286889110
   39.928919436   -0.221048528   -0.286392317
   39.957379107   -0.226964507   -0.285880848
   39.985838779   -0.232770587   -0.285355771
   40.014298451   -0.238423061   -0.284818245
   40.042758123   -0.243877004   -0.284269516
   40.071217794   -0.249086358   -0.283710908
   40.099677466   -0.254004303   -0.283143820
   40.128137138   -0.258583921   -0.282569713
   40.156596810   -0.262779070   -0.281990101
   40.185056481   -0.266545322   -0.281406537
   40.213516153   -0.269840786   -0.280820601
   40.241975825   -0.272626713   -0.280233886
   40.270435497   -0.274867879   -0.279647995
   40.298895168   -0.276532824   -0.279064522
   40.327354840   -0.277594102   -0.278485053
   40.355814512   -0.278028666   -0.277911150
   40.384274183   -0.277818477   -0.277344343
   40.412733855   -0.276951273   -0.276786123
   40.441193527   -0.275421382   -0.276237925
   40.469653199   -0.273230392   -0.275701116
   40.498112870   -0.270387503   -0.275176988
   40.526572542   -0.266909502   -0.274666745
   40.555032214   -0.262820368   -0.274171496
   40.583491886   -0.258150669   -0.273692250
   40.611951557   -0.252936926   -0.273229913
   40.640411229   -0.247221135   -0.272785283
   40.668870901   -0.241050552   -0.272359044
   40.697330572   -0.234477738   -0.271951766
   40.725790244   -0.227560765   -0.271563892
   40.754249916   -0.220363395   -0.271195744
   40.782709588   -0.212955049   -0.270847510
   40.811169259   -0.205410424   -0.270519252
   40.839628931   -0.197808694   -0.270210909
   40.868088603   -0.190232323   -0.269922298
   40.896548275   -0.182765595   -0.269653129
   40.925007946   -0.175493009   -0.269403003
   40.953467618   -0.168497686   -0.269171425
   40.981927290   -0.161859917   -0.268957801
   41.010386961   -0.155655929   -0.268761443
   41.038846633   -0.149956914   -0.268581567
   41.067306305   -0.144828286   -0.268417293
   41.095765977   -0.140329151   -0.268267651
   41.124225648   -0.136511888   -0.268131585
   41.152685320   -0.133421785   -0.268007964
   41.181144992   -0.131096642   -0.267895599
   41.209604664   -0.129566306   -0.267793258
   41.238064335   -0.128852146   -0.267699691
   41.266524007   -0.128966542   -0.267613650
   41.294983679   -0.129912501   -0.267533921
   41.323443350   -0.131683577   -0.267459347
   41.351903022   -0.134264200   -0.267388865
   41.380362694   -0.137630519   -0.267321533
   41.408822366   -0.141751707   -0.267256557
   41.437282037   -0.146591613   -0.267193321
   41.465741709   -0.152110511   -0.267131402
   41.494201381   -0.158266716   -0.267070580
   41.522661053   -0.165017822   -0.267010846
   41.551120724   -0.172321459   -0.266952399
   41.579580396   -0.180135568   -0.266895642
   41.608040068   -0.188418326   -0.266841169
   41.636499740   -0.197127927   -0.266789762
   41.664959411   -0.206222417   -0.266742376
   41.693419083   -0.215659733   -0.266700127
   41.721878755   -0.225397949   -0.266664268
   41.750338426   -0.235395675   -0.266636164
   41.778798098   -0.245612427   -0.266617253
   41.807257770   -0.256008831   -0.266609001
   41.835717442   -0.266546550   -0.266612849
   41.864177113   -0.277187937   -0.266630159
   41.892636785   -0.287895531   -0.266662165
   41.921096457   -0.298631551   -0.266709922
   41.949556129   -0.309357576   -0.266774266
   41.978015800   -0.320034523   -0.266855787
   42.006475472   -0.330622950   -0.266954794
   42.034935144   -0.341083595   -0.267071301
   42.063394815   -0.351378024   -0.267205004
   42.091854487   -0.361469207   -0.267355271
   42.120314159   -0.371321909   -0.267521135
   42.148773831   -0.380902854   -0.267701297
   42.177233502   -0.390180682   -0.267894142
   42.205693174   -0.399125801   -0.268097761
   42.234152846   -0.407710220   -0.268309992
   42.262612518   -0.415907453   -0.268528459
   42.291072189   -0.423692516   -0.268750619
   42.319531861   -0.431041997   -0.268973807
   42.347991533   -0.437934148   -0.269195280
   42.376451204   -0.444348937   -0.269412251
   42.404910876   -0.450268048   -0.269621935
   42.433370548   -0.455674810   -0.269821578
   42.461830220   -0.460554107   -0.270008505
   42.490289891   -0.464892303   -0.270180162
   42.518749563   -0.468677218   -0.270334169
   42.547209235   -0.471898155   -0.270468362
   42.575668907   -0.474545970   -0.270580845
   42.604128578   -0.476613145   -0.270670024
   42.632588250   -0.478093840   -0.270734637
   42.661047922   -0.478983906   -0.270773772
   42.689507593   -0.479280868   -0.270786879
   42.717967265   -0.478983906   -0.270773773
   42.746426937   -0.478093842   -0.270734638
   42.774886609   -0.476613148   -0.270670026
   42.803346280   -0.474545973   -0.270580847
   42.831805952   -0.471898159   -0.270468365
   42.860265624   -0.468677223   -0.270334172
   42.888725296   -0.464892309   -0.270180167
   42.917184967   -0.460554113   -0.270008510
   42.945644639   -0.455674817   -0.269821584
   42.974104311   -0.450268056   -0.269621941
   43.002563982   -0.444348946   -0.269412258
   43.031023654   -0.437934157   -0.269195287
   43.059483326   -0.431042008   -0.268973816
   43.087942998   -0.423692527   -0.268750628
   43.116402669   -0.415907465   -0.268528469
   43.144862341   -0.407710233   -0.268310002
   43.173322013   -0.399125814   -0.268097772
   43.201781685   -0.390180695   -0.267894153
   43.230241356   -0.380902868   -0.267701309
   43.258701028   -0.371321924   -0.267521148
   43.287160700   -0.361469222   -0.267355284
   43.315620372   -0.351378040   -0.267205018
   43.344080043   -0.341083611   -0.267071315
   43.372539715   -0.330622966   -0.266954809
   43.400999387   -0.320034540   -0.266855802
   43.429459058   -0.309357593   -0.266774282
   43.457918730   -0.298631569   -0.266709938
   43.486378402   -0.287895549   -0.266662182
   43.514838074   -0.277187955   -0.266630177
   43.543297745   -0.266546568   -0.266612867
   43.571757417   -0.256008850   -0.266609019
   43.600217089   -0.245612446   -0.266617272
   43.628676761   -0.235395694   -0.266636183
   43.657136432   -0.225397969   -0.266664288
   43.685596104   -0.215659753   -0.266700148
   43.714055776   -0.206222437   -0.266742398
   43.742515447   -0.197127947   -0.266789784
   43.770975119   -0.188418346   -0.266841191
   43.799434791   -0.180135588   -0.266895665
   43.827894463   -0.172321479   -0.266952423
   43.856354134   -0.165017842   -0.267010870
   43.884813806   -0.158266736   -0.267070604
   43.913273478   -0.152110531   -0.267131427
   43.941733150   -0.146591633   -0.267193347
   43.970192821   -0.141751727   -0.267256583
   43.998652493   -0.137630539   -0.267321559
   44.027112165   -0.134264220   -0.267388892
   44.055571836   -0.131683597   -0.267459375
   44.084031508   -0.129912521   -0.267533949
   44.112491180   -0.128966561   -0.267613679
   44.140950852   -0.128852166   -0.267699721
   44.169410523   -0.129566325   -0.267793289
   44.197870195   -0.131096661   -0.267895630
   44.226329867   -0.133421804   -0.268007995
   44.254789539   -0.136511907   -0.268131617
   44.283249210   -0.140329170   -0.268267684
   44.311708882   -0.144828306   -0.268417326
   44.340168554   -0.149956934   -0.268581601
   44.368628225   -0.155655949   -0.268761477
   44.397087897   -0.161859937   -0.268957836
   44.425547569   -0.168497707   -0.269171460
   44.454007241   -0.175493031   -0.269403039
   44.482466912   -0.182765617   -0.269653165
   44.510926584   -0.190232346   -0.269922336
   44.539386256   -0.197808717   -0.270210947
   44.567845928   -0.205410448   -0.270519291
   44.596305599   -0.212955075   -0.270847549
   44.624765271   -0.220363422   -0.271195784
   44.653224943   -0.227560793   -0.271563933
   44.681684615   -0.234477767   -0.271951807
   44.710144286   -0.241050582   -0.272359086
   44.738603958   -0.247221167   -0.272785325
   44.767063630   -0.252936960   -0.273229956
   44.795523301   -0.258150704   -0.273692294
   44.823982973   -0.262820405   -0.274171540
   44.852442645   -0.266909540   -0.274666790
   44.880902317   -0.270387544   -0.275177034
   44.909361988   -0.273230434   -0.275701163
   44.937821660   -0.275421426   -0.276237972
   44.966281332   -0.276951319   -0.276786172
   44.994741004   -0.277818525   -0.277344392
   45.023200675   -0.278028716   -0.277911199
   45.051660347   -0.277594153   -0.278485104
   45.080120019   -0.276532877   -0.279064574
   45.108579690   -0.274867934   -0.279648047
   45.137039362   -0.272626769   -0.280233939
   45.165499034   -0.269840844   -0.280820654
   45.193958706   -0.266545383   -0.281406592
   45.222418377   -0.262779132   -0.281990157
   45.250878049   -0.258583984   -0.282569769
   45.279337721   -0.254004368   -0.283143877
   45.307797393   -0.249086424   -0.283710965
   45.336257064   -0.243877071   -0.284269574
   45.364716736   -0.238423130   -0.284818305
   45.393176408   -0.232770656   -0.285355831
   45.421636079   -0.226964578   -0.285880909
   45.450095751   -0.221048599   -0.286392379
   45.478555423   -0.215065271   -0.286889173
   45.507015095   -0.209056064   -0.287370319
   45.535474766   -0.203061312   -0.287834946
   45.563934438   -0.197119985   -0.288282291
   45.592394110   -0.191269335   -0.288711701
   45.620853782   -0.185544581   -0.289122642
   45.649313453   -0.179978749   -0.289514699
   45.677773125   -0.174602813   -0.289887578
   45.706232797   -0.169446084   -0.290241099
   45.734692468   -0.164536762   -0.290575196
   45.763152140   -0.159902441   -0.290889905
   45.791611812   -0.155570386   -0.291185363
   45.820071484   -0.151567500   -0.291461801
   45.848531155   -0.147920021   -0.291719544
   45.876990827   -0.144653127   -0.291959010
   45.905450499   -0.141790687   -0.292180712
   45.933910171   -0.139355360   -0.292385259
   45.962369842   -0.137369103   -0.292573352
   45.990829514   -0.135853978   -0.292745783
   46.019289186   -0.134832971   -0.292903426
   46.047748857   -0.134330485   -0.293047226
   46.076208529   -0.134372195   -0.293178186
   46.104668201   -0.134984158   -0.293297350
   46.133127873   -0.136191285   -0.293405789
   46.161587544   -0.138015533   -0.293504573
   46.190047216   -0.140474252   -0.293594754
   46.218506888   -0.143579159   -0.293677332
   46.246966560   -0.147336175   -0.293753228
   46.275426231   -0.151746148   -0.293823251
   46.303885903   -0.156806191   -0.293888073
   46.332345575   -0.162511202   -0.293948202
   46.360805247   -0.168855070   -0.294003969
   46.389264918   -0.175831219   -0.294055519
   46.417724590   -0.183432353   -0.294102814
   46.446184262   -0.191649518   -0.294145637
   46.474643933   -0.200470808   -0.294183610
   46.503103605   -0.209880120   -0.294216202
   46.531563277   -0.219856289   -0.294242745
   46.560022949   -0.230372800   -0.294262450
   46.588482620   -0.241398056   -0.294274423
   46.616942292   -0.252896015   -0.294277685
   46.645401964   -0.264826947   -0.294271204
   46.673861636   -0.277148076   -0.294253924
   46.702321307   -0.289813989   -0.294224815
   46.730780979   -0.302776836   -0.294182908
   46.759240651   -0.315986442   -0.294127352
   46.787700322   -0.329390485   -0.294057449
   46.816159994   -0.342934867   -0.293972697
   46.844619666   -0.356564287   -0.293872817
   46.873079338   -0.370222946   -0.293757780
   46.901539009   -0.383855214   -0.293627823
   46.929998681   -0.397406136   -0.293483462
   46.958458353   -0.410821678   -0.293325504
   46.986918025   -0.424048732   -0.293155048
   47.015377696   -0.437034988   -0.292973481
   47.043837368   -0.449728827   -0.292782465
   47.072297040   -0.462079358   -0.292583912
   47.100756711   -0.474036664   -0.292379954
   47.129216383   -0.485552229   -0.292172898
   47.157676055   -0.496579419   -0.291965187
   47.186135727   -0.507073898   -0.291759350
   47.214595398   -0.516993863   -0.291557964
   47.243055070   -0.526300085   -0.291363619
   47.271514742   -0.534955789   -0.291178879
   47.299974414   -0.542926517   -0.291006253
   47.328434085   -0.550180084   -0.290848158
   47.356893757   -0.556686706   -0.290706883
   47.385353429   -0.562419303   -0.290584540
   47.413813100   -0.567353898   -0.290483022
   47.442272772   -0.571469991   -0.290403962
   47.470732444   -0.574750783   -0.290348695
   47.499192116   -0.577183212   -0.290318227
   47.527651787   -0.578757805   -0.290313223
   47.556111459   -0.579468446   -0.290333995
   47.584571131   -0.579312184   -0.290380504
   47.613030803   -0.578289166   -0.290452361
   47.641490474   -0.576402748   -0.290548835
   47.669950146   -0.573659715   -0.290668857
   47.698409818   -0.570070520   -0.290811029
   47.726869490   -0.565649419   -0.290973644
   47.755329161   -0.560414419   -0.291154708
   47.783788833   -0.554387024   -0.291351973
   47.812248505   -0.547591869   -0.291562982
   47.840708176   -0.540056332   -0.291785119
   47.869167848   -0.531810272   -0.292015656
   47.897627520   -0.522885931   -0.292251806
   47.926087192   -0.513318012   -0.292490764
   47.954546863   -0.503143823   -0.292729746
   47.983006535   -0.492403376   -0.292966024
   48.011466207   -0.481139328   -0.293196957
   48.039925879   -0.469396710   -0.293420025
   48.068385550   -0.457222498   -0.293632865
   48.096845222   -0.444665129   -0.293833311
   48.125304894   -0.431774105   -0.294019436
   48.153764565   -0.418599771   -0.294189580
   48.182224237   -0.405193319   -0.294342387
   48.210683909   -0.391606920   -0.294476818
   48.239143581   -0.377893864   -0.294592160
   48.267603252   -0.364108554   -0.294688028
   48.296062924   -0.350306260   -0.294764354
   48.324522596   -0.336542622   -0.294821371
   48.352982268   -0.322873011   -0.294859595
   48.381441939   -0.309351888   -0.294879798
   48.409901611   -0.296032337   -0.294882978
   48.438361283   -0.282965834   -0.294870321
   48.466820954   -0.270202223   -0.294843155
   48.495280626   -0.257789769   -0.294802905
   48.523740298   -0.245775078   -0.294751036
   48.552199970   -0.234202738   -0.294689007
   48.580659641   -0.223114615   -0.294618224
   48.609119313   -0.212548903   -0.294540005
   48.637578985   -0.202539174   -0.294455553
   48.666038657   -0.193113720   -0.294365934
   48.694498328   -0.184295438   -0.294272058
   48.722958000   -0.176102375   -0.294174671
   48.751417672   -0.168548829   -0.294074339
   48.779877343   -0.161646706   -0.293971433
   48.808337015   -0.155406728   -0.293866127
   48.836796687   -0.149839098   -0.293758383
   48.865256359   -0.144953382   -0.293647961
   48.893716030   -0.140757598   -0.293534423
   48.922175702   -0.137256769   -0.293417155
   48.950635374   -0.134451365   -0.293295392
   48.979095046   -0.132336100   -0.293168245
   49.007554717   -0.130899476   -0.293034733
   49.036014389   -0.130124194   -0.292893816
   49.064474061   -0.129988355   -0.292744418
   49.092933732   -0.130467080   -0.292585455
   49.121393404   -0.131534141   -0.292415859
   49.149853076   -0.133163164   -0.292234597
   49.178312748   -0.135328192   -0.292040693
   49.206772419   -0.138003570   -0.291833241
   49.235232091   -0.141163343   -0.291611418
   49.263691763   -0.144780496   -0.291374490
   49.292151435   -0.148826341   -0.291121817
   49.320611106   -0.153270268   -0.290852852
   49.349070778   -0.158079910   -0.290567135
   49.377530450   -0.163221578   -0.290264300
   49.405990122   -0.168660766   -0.289944068
   49.434449793   -0.174362480   -0.289606258
   49.462909465   -0.180291260   -0.289250791
   49.491369137   -0.186410895   -0.288877699
   49.519828808   -0.192683949   -0.288487134
   49.548288480   -0.199071316   -0.288079367
   49.576748152   -0.205531966   -0.287654793
   49.605207824   -0.212023006   -0.287213926
   49.633667495   -0.218500028   -0.286757390
   49.662127167   -0.224917610   -0.286285918
   49.690586839   -0.231229809   -0.285800342
   49.719046511   -0.237390493   -0.285301594
   49.747506182   -0.243353452   -0.284790701
   49.775965854   -0.249072353   -0.284268779
   49.804425526   -0.254500674   -0.283737034
   49.832885197   -0.259591790   -0.283196750
   49.861344869   -0.264299356   -0.282649283
   49.889804541   -0.268577978   -0.282096042
   49.918264213   -0.272384132   -0.281538484
   49.946723884   -0.275677126   -0.280978095
   49.975183556   -0.278419941   -0.280416384
   50.003643228   -0.280579809   -0.279854874
   50.032102900   -0.282128513   -0.279295091
   50.060562571   -0.283042471   -0.278738561
   50.089022243   -0.283302785   -0.278186800
   50.117481915   -0.282895410   -0.277641302
   50.145941586   -0.281811553   -0.277103529
   50.174401258   -0.280048306   -0.276574897
   50.202860930   -0.277609378   -0.276056761
   50.231320602   -0.274505746   -0.275550410
   50.259780273   -0.270756025   -0.275057055
   50.288239945   -0.266386413   -0.274577823
   50.316699617   -0.261430223   -0.274113752
   50.345159289   -0.255927089   -0.273665789
   50.373618960   -0.249922076   -0.273234782
   50.402078632   -0.243464912   -0.272821472
   50.430538304   -0.236609514   -0.272426491
   50.458997975   -0.229413864   -0.272050353
   50.487457647   -0.221940174   -0.271693448
   50.515917319   -0.214255147   -0.271356044
   50.544376991   -0.206430110   -0.271038286
   50.572836662   -0.198540808   -0.270740201
   50.601296334   -0.190666740   -0.270461702
   50.629756006   -0.182890019   -0.270202593
   50.658215678   -0.175293870   -0.269962574
   50.686675349   -0.167960960   -0.269741246
   50.715135021   -0.160971749   -0.269538112
   50.743594693   -0.154403064   -0.269352580
   50.772054365   -0.148326985   -0.269183966
   50.800514036   -0.142810077   -0.269031498
   50.828973708   -0.137912883   -0.268894324
   50.857433380   -0.133689589   -0.268771511
   50.885893051   -0.130187716   -0.268662056
   50.914352723   -0.127447741   -0.268564891
   50.942812395   -0.125502603   -0.268478890
   50.971272067   -0.124377110   -0.268402883
   50.999731738   -0.124087337   -0.268335670
   51.028191410   -0.124640154   -0.268276044
   51.056651082   -0.126033026   -0.268222820
   51.085110754   -0.128254209   -0.268174862
   51.113570425   -0.131283429   -0.268131120
   51.142030097   -0.135093000   -0.268090660
   51.170489769   -0.139649298   -0.268052688
   51.198949440   -0.144914397   -0.268016566
   51.227409112   -0.150847658   -0.267981823
   51.255868784   -0.157407062   -0.267948153
   51.284328456   -0.164550151   -0.267915418
   51.312788127   -0.172234539   -0.267883636
   51.341247799   -0.180418043   -0.267852982
   51.369707471   -0.189058592   -0.267823789
   51.398167143   -0.198114086   -0.267796545
   51.426626814   -0.207542340   -0.267771891
   51.455086486   -0.217301217   -0.267750618
   51.483546158   -0.227348910   -0.267733648
   51.512005829   -0.237644286   -0.267722007
   51.540465501   -0.248147144   -0.267716789
   51.568925173   -0.258818281   -0.267719112
   51.597384845   -0.269619286   -0.267730071
   51.625844516   -0.280512130   -0.267750687
   51.654304188   -0.291458661   -0.267781871
   51.682763860   -0.302420179   -0.267824386
   51.711223532   -0.313357246   -0.267878820
   51.739683203   -0.324229830   -0.267945564
   51.768142875   -0.334997746   -0.268024791
   51.796602547   -0.345621314   -0.268116444
   51.825062218   -0.356062046   -0.268220218
   51.853521890   -0.366283203   -0.268335553
   51.881981562   -0.376250100   -0.268461628
   51.910441234   -0.385930143   -0.268597371
   51.938900905   -0.395292643   -0.268741474
   51.967360577   -0.404308536   -0.268892422
   51.995820249   -0.412950148   -0.269048524
   52.024279921   -0.421191080   -0.269207955
   52.052739592   -0.429006255   -0.269368792
   52.081199264   -0.436372087   -0.269529045
   52.109658936   -0.443266676   -0.269686684
   52.138118607   -0.449669951   -0.269839667
   52.166578279   -0.455563689   -0.269985962
   52.195037951   -0.460931427   -0.270123574
   52.223497623   -0.465758288   -0.270250578
   52.251957294   -0.470030826   -0.270365160
   52.280416966   -0.473736930   -0.270465655
   52.308876638   -0.476865851   -0.270550591
   52.337336310   -0.479408322   -0.270618723
   52.365795981   -0.481356734   -0.270669063
   52.394255653   -0.482705297   -0.270700891
   52.422715325   -0.483450132   -0.270713769
   52.451174997   -0.483589268   -0.270707534
   52.479634668   -0.483122569   -0.270682302
   52.508094340   -0.482051617   -0.270638460
   52.536554012   -0.480379621   -0.270576667
   52.565013683   -0.478111364   -0.270497849
   52.593473355   -0.475253222   -0.270403192
   52.621933027   -0.471813211   -0.270294126
   52.650392699   -0.467801038   -0.270172302
   52.678852370   -0.463228128   -0.270039553
   52.707312042   -0.458107600   -0.269897857
   52.735771714   -0.452454214   -0.269749287
   52.764231386   -0.446284304   -0.269595972
   52.792691057   -0.439615731   -0.269440057
   52.821150729   -0.432467878   -0.269283677
   52.849610401   -0.424861672   -0.269128931
   52.878070072   -0.416819637   -0.268977857
   52.906529744   -0.408365937   -0.268832414
   52.934989416   -0.399526405   -0.268694448
   52.963449088   -0.390328555   -0.268565661
   52.991908759   -0.380801585   -0.268447572
   53.020368431   -0.370976405   -0.268341478
   53.048828103   -0.360885656   -0.268248430
   53.077287775   -0.350563748   -0.268169204
   53.105747446   -0.340046821   -0.268104300
   53.134207118   -0.329372620   -0.268053944
   53.162666790   -0.318580214   -0.268018104
   53.191126461   -0.307709584   -0.267996506
   53.219586133   -0.296801110   -0.267988659
   53.248045805   -0.285895082   -0.267993879
   53.276505477   -0.275031322   -0.268011312
   53.304965148   -0.264249038   -0.268039964
   53.333424820   -0.253586942   -0.268078726
   53.361884492   -0.243083589   -0.268126419
   53.390344164   -0.232777846   -0.268181828
   53.418803835   -0.222709329   -0.268243748
   53.447263507   -0.212918669   -0.268311031
   53.475723179   -0.203447531   -0.268382615
   53.504182850   -0.194338355   -0.268457561
   53.532642522   -0.185633914   -0.268535072
   53.561102194   -0.177376821   -0.268614506
   53.589561866   -0.169609103   -0.268695384
   53.618021537   -0.162371943   -0.268777400
   53.646481209   -0.155705582   -0.268860423
   53.674940881   -0.149649307   -0.268944504
   53.703400553   -0.144241359   -0.269029880
   53.731860224   -0.139518605   -0.269116973
   53.760319896   -0.135515851   -0.269206386
   53.788779568   -0.132264775   -0.269298887
   53.817239240   -0.129792547   -0.269395388
   53.845698911   -0.128120320   -0.269496919
   53.874158583   -0.127261826   -0.269604595
   53.902618255   -0.127222267   -0.269719582
   53.931077926   -0.127997679   -0.269843073
   53.959537598   -0.129574809   -0.269976258
   53.987997270   -0.131931445   -0.270120301
   54.016456942   -0.135037056   -0.270276327
   54.044916613   -0.138853562   -0.270445402
   54.073376285   -0.143336066   -0.270628524
   54.101835957   -0.148433435   -0.270826613
   54.130295629   -0.154088720   -0.271040504
   54.158755300   -0.160239479   -0.271270944
   54.187214972   -0.166818148   -0.271518586
   54.215674644   -0.173752591   -0.271783993
   54.244134315   -0.180966976   -0.272067636
   54.272593987   -0.188382986   -0.272369890
   54.301053659   -0.195921320   -0.272691034
   54.329513331   -0.203503323   -0.273031242
   54.357973002   -0.211052536   -0.273390578
   54.386432674   -0.218495942   -0.273768989
   54.414892346   -0.225764766   -0.274166300
   54.443352018   -0.232794775   -0.274582210
   54.471811689   -0.239526160   -0.275016297
   54.500271361   -0.245903190   -0.275468019
   54.528731033   -0.251873886   -0.275936721
   54.557190704   -0.257389923   -0.276421641
   54.585650376   -0.262406918   -0.276921914
   54.614110048   -0.266885086   -0.277436577
   54.642569720   -0.270790138   -0.277964573
   54.671029391   -0.274094189   -0.278504752
   54.699489063   -0.276776428   -0.279055882
   54.727948735   -0.278823365   -0.279616653
   54.756408407   -0.280228599   -0.280185692
   54.784868078   -0.280992183   -0.280761573
   54.813327750   -0.281119807   -0.281342831
   54.841787422   -0.280622020   -0.281927973
   54.870247093   -0.279513692   -0.282515488
   54.898706765   -0.277813803   -0.283103855
   54.927166437   -0.275545487   -0.283691553
   54.955626109   -0.272736161   -0.284277065
   54.984085780   -0.269417510   -0.284858892
   55.012545452   -0.265625178   -0.285435562
   55.041005124   -0.261398076   -0.286005642
   55.069464796   -0.256777432   -0.286567751
   55.097924467   -0.251805755   -0.287120574
   55.126384139   -0.246525976   -0.287662872
   55.154843811   -0.240980937   -0.288193485
   55.183303483   -0.235213284   -0.288711346
   55.211763154   -0.229265687   -0.289215479
   55.240222826   -0.223181155   -0.289705005
   55.268682498   -0.217003235   -0.290179153
   55.297142169   -0.210775898   -0.290637257
   55.325601841   -0.204543085   -0.291078771
   55.354061513   -0.198348034   -0.291503271
   55.382521185   -0.192232600   -0.291910460
   55.410980856   -0.186236813   -0.292300169
   55.439440528   -0.180398849   -0.292672353
   55.467900200   -0.174755405   -0.293027091
   55.496359872   -0.169342339   -0.293364576
   55.524819543   -0.164195316   -0.293685113
   55.553279215   -0.159350209   -0.293989115
   55.581738887   -0.154843072   -0.294277098
   55.610198558   -0.150709730   -0.294549683
   55.638658230   -0.146985123   -0.294807591
   55.667117902   -0.143702686   -0.295051647
   55.695577574   -0.140894026   -0.295282776
   55.724037245   -0.138588998   -0.295501998
   55.752496917   -0.136816137   -0.295710421
   55.780956589   -0.135603195   -0.295909236
   55.809416261   -0.134977454   -0.296099702
   55.837875932   -0.134965543   -0.296283136
   55.866335604   -0.135592616   -0.296460891
   55.894795276   -0.136881035   -0.296634335
   55.923254947   -0.138848859   -0.296804824
   55.951714619   -0.141508588   -0.296973673
   55.980174291   -0.144866557   -0.297142123
   56.008633963   -0.148923187   -0.297311312
   56.037093634   -0.153674037   -0.297482251
   56.065553306   -0.159111334   -0.297655801
   56.094012978   -0.165225524   -0.297832669
   56.122472650   -0.172006341   -0.298013404
   56.150932321   -0.179443102   -0.298198398
   56.179391993   -0.187524154   -0.298387896
   56.207851665   -0.196235690   -0.298582001
   56.236311336   -0.205560325   -0.298780677
   56.264771008   -0.215475896   -0.298983753
   56.293230680   -0.225954803   -0.299190927
   56.321690352   -0.236964056   -0.299401770
   56.350150023   -0.248465915   -0.299615738
   56.378609695   -0.260418863   -0.299832192
   56.407069367   -0.272778584   -0.300050428
   56.435529039   -0.285498690   -0.300269698
   56.463988710   -0.298531078   -0.300489249
   56.492448382   -0.311825981   -0.300708338
   56.520908054   -0.325331895   -0.300926250
   56.549367725   -0.338995593   -0.301142309
   56.577827397   -0.352762382   -0.301355874
   56.606287069   -0.366576618   -0.301566348
   56.634746741   -0.380382396   -0.301773188
   56.663206412   -0.394124223   -0.301975925
   56.691666084   -0.407747512   -0.302174198
   56.720125756   -0.421198794   -0.302367785
   56.748585428   -0.434425675   -0.302556634
   56.777045099   -0.447376652   -0.302740868
   56.805504771   -0.460000972   -0.302920774
   56.833964443   -0.472248657   -0.303096747
   56.862424115   -0.484070781   -0.303269210
   56.890883786   -0.495419921   -0.303438518
   56.919343458   -0.506250684   -0.303604847
   56.947803130   -0.516520128   -0.303768104
   56.976262801   -0.526187986   -0.303927856
   57.004722473   -0.535216674   -0.304083294
   57.033182145   -0.543571132   -0.304233233
   57.061641817   -0.551218668   -0.304376132
   57.090101488   -0.558128915   -0.304510132
   57.118561160   -0.564273982   -0.304633099
   57.147020832   -0.569628801   -0.304742658
   57.175480504   -0.574171549   -0.304836212
   57.203940175   -0.577884032   -0.304910965
   57.232399847   -0.580751884   -0.304963926
   57.260859519   -0.582764561   -0.304991925
   57.289319190   -0.583915137   -0.304991637
   57.317778862   -0.584200037   -0.304959612
   57.346238534   -0.583618838   -0.304892306
   57.374698206   -0.582174219   -0.304786125
   57.403157877   -0.579872105   -0.304637452
   57.431617549   -0.576721921   -0.304442677
   57.460077221   -0.572736839   -0.304198224
   57.488536893   -0.567933888   -0.303900571
   57.516996564   -0.562333855   -0.303546293
   57.545456236   -0.555960978   -0.303132107
   57.573915908   -0.548842529   -0.302654947
   57.602375579   -0.541008420   -0.302112037
   57.630835251   -0.532490956   -0.301500979
   57.659294923   -0.523324788   -0.300819822
   57.687754595   -0.513547033   -0.300067104
   57.716214266   -0.503197456   -0.299241866
   57.744673938   -0.492318561   -0.298343631
   57.773133610   -0.480955505   -0.297372351
   57.801593282   -0.469155776   -0.296328340
   57.830052953   -0.456968726   -0.295212204
   57.858512625   -0.444445071   -0.294024778
   57.886972297   -0.431636514   -0.292767080
   57.915431968   -0.418595576   -0.291440281
   57.943891640   -0.405375651   -0.290045689
   57.972351312   -0.392031171   -0.288584730
   58.000810984   -0.378617750   -0.287058934
   58.029270655   -0.365192133   -0.285469914
   58.057730327   -0.351811878   -0.283819338
   58.086189999   -0.338534781   -0.282108908
   58.114649671   -0.325418164   -0.280340345
   58.143109342   -0.312518197   -0.278515396
   58.171569014   -0.299889381   -0.276635841
   58.200028686   -0.287584273   -0.274703528
   58.228488358   -0.275653375   -0.272720381
   58.256948029   -0.264145066   -0.270688410
   58.285407701   -0.253105379   -0.268609671
   58.313867373   -0.242577520   -0.266486194
   58.342327044   -0.232601146   -0.264319871
   58.370786716   -0.223211530   -0.262112314
   58.399246388   -0.214438906   -0.259864706
   58.427706060   -0.206308232   -0.257577660
   58.456165731   -0.198839564   -0.255251119
   58.484625403   -0.192049013   -0.252884293
   58.513085075   -0.185950070   -0.250475655
   58.541544747   -0.180554925   -0.248022986
   58.570004418   -0.175875340   -0.245523455
   58.598464090   -0.171922793   -0.242973719
   58.626923762   -0.168707765   -0.240370034
   58.655383433   -0.166238356   -0.237708358
   58.683843105   -0.164518621   -0.234984433
   58.712302777   -0.163547092   -0.232193866
   58.740762449   -0.163315909   -0.229332186
   58.769222120   -0.163810747   -0.226394906
   58.797681792   -0.165011452   -0.223377571
   58.826141464   -0.166893059   -0.220275818
   58.854601136   -0.169426728   -0.217085427
   58.883060807   -0.172580213   -0.213802376
   58.911520479   -0.176317700   -0.210422880
   58.939980151   -0.180599136   -0.206943440
   58.968439822   -0.185379471   -0.203360874
   58.996899494   -0.190608332   -0.199672369
   59.025359166   -0.196230558   -0.195875525
   59.053818838   -0.202187770   -0.191968436
   59.082278509   -0.208420695   -0.187949769
   59.110738181   -0.214871654   -0.183818864
   59.139197853   -0.221486368   -0.179575825
   59.167657525   -0.228214344   -0.175221587
   59.196117196   -0.235007400   -0.170757948
   59.224576868   -0.241816462   -0.166187541
   59.253036540   -0.248587263   -0.161513755
   59.281496211   -0.255256047   -0.156740601
   59.309955883   -0.261746438   -0.151872547
   59.338415555   -0.267968456   -0.146914345
   59.366875227   -0.273820118   -0.141870884
   59.395334898   -0.279191421   -0.136747074
   59.423794570   -0.283969882   -0.131547791
   59.452254242   -0.288046469   -0.126277875
   59.480713914   -0.291320719   -0.120942161
   59.509173585   -0.293704150   -0.115545541
   59.537633257   -0.295121628   -0.110093019
   59.566092929   -0.295510937   -0.104589753
   59.594552600   -0.294821243   -0.099041066
   59.623012272   -0.293011340   -0.093452427
   59.651471944   -0.290048402   -0.087829416
   59.679931616   -0.285907657   -0.082177675
   59.708391287   -0.280572884   -0.076502862
   59.736850959   -0.274037339   -0.070810624
   59.765310631   -0.266304538   -0.065106569
   59.793770303   -0.257388454   -0.059396266
   59.822229974   -0.247313007   -0.053685240
   59.850689646   -0.236111093   -0.047978961
   59.879149318   -0.223823675   -0.042282839
   59.907608990   -0.210499506   -0.036602194
   59.936068661   -0.196195831   -0.030942233
   59.964528333   -0.180980001   -0.025308016
   59.992988005   -0.164931471   -0.019704432
   60.021447676   -0.148143334   -0.014136183
   60.049907348   -0.130722493   -0.008607764
   60.078367020   -0.112787838   -0.003123466
   60.106826692   -0.094466340    0.002312638
   60.135286363   -0.075887576    0.007696699
   60.163746035   -0.057177713    0.013025106
   60.192205707   -0.038454190    0.018294504
   60.220665379   -0.019822164    0.023501816
   60.249125050   -0.001373314    0.028644259
   60.277584722    0.016813089    0.033719355
   60.306044394    0.034667534    0.038724944
   60.334504065    0.052127117    0.043659179
   60.362963737    0.069132931    0.048520531
   60.391423409    0.085628714    0.053307785
   60.419883081    0.101560865    0.058020051
   60.448342752    0.116879370    0.062656765
   60.476802424    0.131538784    0.067217703
   60.505262096    0.145498451    0.071702986
   60.533721768    0.158721441    0.076113085
   60.562181439    0.171172364    0.080448818
   60.590641111    0.182814798    0.084711341
   60.619100783    0.193609539    0.088902134
   60.647560454    0.203514858    0.093022990
   60.676020126    0.212489560    0.097075997
   60.704479798    0.220498822    0.101063527
   60.732939470    0.227521917    0.104988223
   60.761399141    0.233560196    0.108852989
   60.789858813    0.238643385    0.112660965
   60.818318485    0.242832475    0.116415507
   60.846778157    0.246218229    0.120120153
   60.875237828    0.248915328    0.123778595
   60.903697500    0.251053252    0.127394640
   60.932157172    0.252765730    0.130972195
   60.960616843    0.254180843    0.134515241
   60.989076515    0.255413566    0.138027833
   61.017536187    0.256561792    0.141514097
   61.045995859    0.257705888    0.144978231
   61.074455530    0.258911010    0.148424500
   61.102915202    0.260230804    0.151857221
   61.131374874    0.261711074    0.155280738
   61.159834546    0.263392351    0.158699388
   61.188294217    0.265310900    0.162117465
   61.216753889    0.267498396    0.165539175
   61.245213561    0.269980941    0.168968608
   61.273673233    0.272778188    0.172409707
   61.302132904    0.275903139    0.175866251
   61.330592576    0.279362666    0.179341832
   61.359052248    0.283158328    0.182839838
   61.387511919    0.287286752    0.186363426
   61.415971591    0.291738893    0.189915491
   61.444431263    0.296497859    0.193498633
   61.472890935    0.301535633    0.197115128
   61.501350606    0.306809636    0.200766911
   61.529810278    0.312260474    0.204455570
   61.558269950    0.317812196    0.208182356
   61.586729622    0.323375895    0.211948206
   61.615189293    0.328856658    0.215753764
   61.643648965    0.334162902    0.219599396
   61.672108637    0.339216371    0.223485182
   61.700568308    0.343960686    0.227410885
   61.729027980    0.348366569    0.231375893
   61.757487652    0.352432572    0.235379148
   61.785947324    0.356181200    0.239419064
   61.814406995    0.359651409    0.243493460
   61.842866667    0.362889281    0.247599511
   61.871326339    0.365938995    0.251733740
   61.899786011    0.368835981    0.255892031
   61.928245682    0.371603425    0.260069686
   61.956705354    0.374252333    0.264261487
   61.985165026    0.376784451    0.268461777
   62.013624697    0.379196709    0.272664532
   62.042084369    0.381485682    0.276863433
   62.070544041    0.383650835    0.281051917
   62.099003713    0.385695889    0.285223231
   62.127463384    0.387628335    0.289370481
   62.155923056    0.389457685    0.293486676
   62.184382728    0.391193337    0.297564791
   62.212842400    0.392842875    0.301597819
   62.241302071    0.394411334    0.305578836
   62.269761743    0.395901506    0.309501056
   62.298221415    0.397314984    0.313357885
   62.326681086    0.398653431    0.317142967
   62.355140758    0.399919526    0.320850231
   62.383600430    0.401117296    0.324473945
   62.412060102    0.402251765    0.328008769
   62.440519773    0.403328173    0.331449832
   62.468979445    0.404351129    0.334792806
   62.497439117    0.405324044    0.338033989
   62.525898789    0.406249053    0.341170372
   62.554358460    0.407127401    0.344199689
   62.582818132    0.407960095    0.347120430
   62.611277804    0.408748528    0.349931823
   62.639737475    0.409494840    0.352633783
   62.668197147    0.410201875    0.355226843
   62.696656819    0.410872812    0.357712073
   62.725116491    0.411510633    0.360091007
   62.753576162    0.412117683    0.362365584
   62.782035834    0.412695477    0.364538112
   62.810495506    0.413244838    0.366611242
   62.838955178    0.413766266    0.368587953
   62.867414849    0.414260384    0.370471538
   62.895874521    0.414728271    0.372265580
   62.924334193    0.415171542    0.373973932
   62.952793865    0.415592176    0.375600686
   62.981253536    0.415992170    0.377150149
   63.009713208    0.416373181    0.378626836
   63.038172880    0.416736309    0.380035474
   63.066632551    0.417082101    0.381381020
   63.095092223    0.417410767    0.382668672
   63.123551895    0.417722498    0.383903869
   63.152011567    0.418017762    0.385092254
   63.180471238    0.418297439    0.386239592
   63.208930910    0.418562763    0.387351643
   63.237390582    0.418815095    0.388433990
   63.265850254    0.419055641    0.389491864
   63.294309925    0.419285230    0.390529962
   63.322769597    0.419504254    0.391552311
   63.351229269    0.419712774    0.392562179
   63.379688940    0.419910754    0.393562052
   63.408148612    0.420098311    0.394553667
   63.436608284    0.420275876    0.395538087
   63.465067956    0.420444201    0.396515808
   63.493527627    0.420604227    0.397486853
   63.521987299    0.420756852    0.398450866
   63.550446971    0.420902737    0.399407177
   63.578906643    0.421042192    0.400354848
   63.607366314    0.421175226    0.401292701
   63.635825986    0.421301698    0.402219348
   63.664285658    0.421421536    0.403133214
   63.692745329    0.421534894    0.404032572
   63.721205001    0.421642212    0.404915580
   63.749664673    0.421744137    0.405780323
   63.778124345    0.421841360    0.406624845
   63.806584016    0.421934424    0.407447181
   63.835043688    0.422023606    0.408245386
   63.863503360    0.422108907    0.409017565
   63.891963032    0.422190156    0.409761923
   63.920422703    0.422267181    0.410476828
   63.948882375    0.422339968    0.411160897
   63.977342047    0.422408743    0.411813095
   64.005801718    0.422473945    0.412432832
   64.034261390    0.422536105    0.413020039
   64.062721062    0.422595683    0.413575203
   64.091180734    0.422652940    0.414099343
   64.119640405    0.422707894    0.414593939
   64.148100077    0.422760382    0.415060797
   64.176559749    0.422810190    0.415501895
   64.205019421    0.422857201    0.415919219
   64.233479092    0.422901496    0.416314624
   64.261938764    0.422943362    0.416689738
   64.290398436    0.422983205    0.417045922
   64.318858108    0.423021423    0.417384275
   64.347317779    0.423058268    0.417705693
   64.375777451    0.423093789    0.418010932
   64.404237123    0.423127850    0.418300686
   64.432696794    0.423160233    0.418575636
   64.461156466    0.423190766    0.418836482
   64.489616138    0.423219432    0.419083943
   64.518075810    0.423246401    0.419318744
   64.546535481    0.423271982    0.419541588
   64.574995153    0.423296517    0.419753135
   64.603454825    0.423320254    0.419953987
   64.631914497    0.423343274    0.420144693
   64.660374168    0.423365478    0.420325757
   64.688833840    0.423386663    0.420497651
   64.717293512    0.423406633    0.420660833
   64.745753183    0.423425302    0.420815750
   64.774212855    0.423442752    0.420962840
   64.802672527    0.423459211    0.421102526
   64.831132199    0.423474968    0.421235211
   64.859591870    0.423490265    0.421361263
   64.888051542    0.423505210    0.421481024
   64.916511214    0.423519746    0.421594806
   64.944970886    0.423533697    0.421702901
   64.973430557    0.423546860    0.421805587
   65.001890229    0.423559109    0.421903138
   65.030349901    0.423570455    0.421995819
   65.058809572    0.423581057    0.422083889
   65.087269244    0.423591159    0.422167596
   65.115728916    0.423600991    0.422247169
   65.144188588    0.423610684    0.422322822
   65.172648259    0.423620220    0.422394747
   65.201107931    0.423629460    0.422463124
   65.229567603    0.423638209    0.422528123
   65.258027275    0.423646315    0.422589910
   65.286486946    0.423653738    0.422648648
   65.314946618    0.423660579    0.422704495
   65.343406290    0.423667035    0.422757606
   65.371865961    0.423673324    0.422808126
   65.400325633    0.423679590    0.422856188
   65.428785305    0.423685855    0.422901914
   65.457244977    0.423692015    0.422945412
   65.485704648    0.423697892    0.422986789
   65.514164320    0.423703323    0.423026143
   65.542623992    0.423708230    0.423063575
   65.571083664    0.423712663    0.423099183
   65.599543335    0.423716777    0.423133064
   65.628003007    0.423720769    0.423165310
   65.656462679    0.423724794    0.423196006
   65.684922350    0.423728905    0.423225228
   65.713382022    0.423733033    0.423253045
   65.741841694    0.423737027    0.423279520
   65.770301366    0.423740720    0.423304715
   65.798761037    0.423744008    0.423328689
   65.827220709    0.423746898    0.423351506
   65.855680381    0.423749506    0.423373224
   65.884140053    0.423752004    0.423393905
   65.912599724    0.423754554    0.423413602
   65.941059396    0.423757232    0.423432365
   65.969519068    0.423760005    0.423450237
   65.997978740    0.423762749    0.423467256
   66.026438411    0.423765304    0.423483461
   66.054898083    0.423767549    0.423498887
   66.083357755    0.423769455    0.423513572
   66.111817426    0.423771101    0.423527556
   66.140277098    0.423772636    0.423540877
   66.168736770    0.423774215    0.423553571
   66.197196442    0.423775937    0.423565670
   66.225656113    0.423777800    0.423577202
   66.254115785    0.423779709    0.423588191
   66.282575457    0.423781515    0.423598658
   66.311035129    0.423783090    0.423608627
   66.339494800    0.423784376    0.423618119
   66.367954472    0.423785417    0.423627160
   66.396414144    0.423786334    0.423635775
   66.424873815    0.423787277    0.423643989
   66.453333487    0.423788357    0.423651821
   66.481793159    0.423789601    0.423659292
   66.510252831    0.423790941    0.423666415
   66.538712502    0.423792247    0.423673204
   66.567172174    0.423793386    0.423679672
   66.595631846    0.423794282    0.423685831
   66.624091518    0.423794945    0.423691699
   66.652551189    0.423795472    0.423697291
   66.681010861    0.423795998    0.423702624
   66.709470533    0.423796644    0.423707713
   66.737930204    0.423797458    0.423712570
   66.766389876    0.423798402    0.423717204
   66.794849548    0.423799367    0.423721624
   66.823309220    0.423800222    0.423725836
   66.851768891    0.423800875    0.423729848
   66.880228563    0.423801310    0.423733670
   66.908688235    0.423801596    0.423737313
   66.937147907    0.423801855    0.423740788
   66.965607578    0.423802207    0.423744106
   66.994067250    0.423802722    0.423747274
   67.022526922    0.423803387    0.423750301
   67.050986593    0.423804114    0.423753190
   67.079446265    0.423804780    0.423755944
   67.107905937    0.423805284    0.423758567
   67.136365609    0.423805588    0.423761066
   67.164825280    0.423805733    0.423763448
   67.193284952    0.423805824    0.423765720
   67.221744624    0.423805980    0.423767890
   67.250204296    0.423806283    0.423769964
   67.278663967    0.423806744    0.423771948
   67.307123639    0.423807298    0.423773842
   67.335583311    0.423807834    0.423775650
   67.364042983    0.423808244    0.423777373
   67.392502654    0.423808473    0.423779013
   67.420962326    0.423808536    0.423780575
   67.449421998    0.423808520    0.423782065
   67.477881669    0.423808537    0.423783489
   67.506341341    0.423808679    0.423784851
   67.534801013    0.423808979    0.423786156
   67.563260685    0.423809395    0.423787403
   67.591720356    0.423809832    0.423788595
   67.620180028    0.423810181    0.423789730
   67.648639700    0.423810373    0.423790811
   67.677099372    0.423810403    0.423791840
   67.705559043    0.423810333    0.423792821
   67.734018715    0.423810267    0.423793758
   67.762478387    0.423810301    0.423794656
   67.790938058    0.423810485    0.423795516
   67.819397730    0.423810798    0.423796341
   67.847857402    0.423811163    0.423797130
   67.876317074    0.423811475    0.423797882
   67.904776745    0.423811655    0.423798598
   67.933236417    0.423811678    0.423799279
   67.961696089    0.423811586    0.423799927
   67.990155761    0.423811470    0.423800546
   68.018615432    0.423811428    0.423801139
   68.047075104    0.423811522    0.423801709
   68.075534776    0.423811751    0.423802257
   68.103994447    0.423812056    0.423802782
   68.132454119    0.423812341    0.423803282
   68.160913791    0.423812520    0.423803759
   68.189373463    0.423812552    0.423804211
   68.217833134    0.423812459    0.423804641
   68.246292806    0.423812318    0.423805051
   68.274752478    0.423812223    0.423805445
   68.303212150    0.423812246    0.423805824
   68.331671821    0.423812405    0.423806189
   68.360131493    0.423812658    0.423806540
   68.388591165    0.423812920    0.423806875
   68.417050836    0.423813103    0.423807194
   68.445510508    0.423813153    0.423807497
   68.473970180    0.423813074    0.423807783
   68.502429852    0.423812926    0.423808057
   68.530889523    0.423812796    0.423808318
   68.559349195    0.423812764    0.423808571
   68.587808867    0.423812863    0.423808816
   68.616268539    0.423813069    0.423809052
   68.644728210    0.423813309    0.423809278
   68.673187882    0.423813497    0.423809493
   68.701647554    0.423813568    0.423809697
   68.730107225    0.423813512    0.423809890
   68.758566897    0.423813369    0.423810072
   68.787026569    0.423813220    0.423810247
   68.815486241    0.423813146    0.423810416
   68.843945912    0.423813193    0.423810581
   68.872405584    0.423813354    0.423810740
   68.900865256    0.423813571    0.423810894
   68.929324928    0.423813761    0.423811041
   68.957784599    0.423813855    0.423811180
   68.986244271    0.423813825    0.423811310
   69.014703943    0.423813698    0.423811433
   69.043163615    0.423813541    0.423811550
   69.071623286    0.423813436    0.423811664
   69.100082958    0.423813439    0.423811775
   69.128542630    0.423813557    0.423811883
   69.157002301    0.423813749    0.423811989
   69.185461973    0.423813938    0.423812090
   69.213921645    0.423814053    0.423812185
   69.242381317    0.423814052    0.423812274
   69.270840988    0.423813946    0.423812358
   69.299300660    0.423813791    0.423812437
   69.327760332    0.423813665    0.423812513
   69.356220004    0.423813630    0.423812589
   69.384679675    0.423813708    0.423812663
   69.413139347    0.423813873    0.423812736
   69.441599019    0.423814057    0.423812807
   69.470058690    0.423814188    0.423812873
   69.498518362    0.423814216    0.423812935
   69.526978034    0.423814136    0.423812992
   69.555437706    0.423813991    0.423813046
   69.583897377    0.423813852    0.423813097
   69.612357049    0.423813786    0.423813149
   69.640816721    0.423813827    0.423813200
   69.669276393    0.423813962    0.423813251
   69.697736064    0.423814137    0.423813301
   69.726195736    0.423814280    0.423813348
   69.754655408    0.423814334    0.423813391
   69.783115079    0.423814282    0.423813431
   69.811574751    0.423814153    0.423813468
   69.840034423    0.423814009    0.423813503
   69.868494095    0.423813918    0.423813538
   69.896953766    0.423813925    0.423813574
   69.925413438    0.423814031    0.423813610
   69.953873110    0.423814191    0.423813646
   69.982332782    0.423814341    0.423813680
   70.010792453    0.423814419    0.423813711
   70.039252125    0.423814395    0.423813740
   70.067711797    0.423814286    0.423813766
   70.096171468    0.423814144    0.423813790
   70.124631140    0.423814035    0.423813814
   70.153090812    0.423814012    0.423813839
   70.181550484    0.423814087    0.423813865
   70.210010155    0.423814230    0.423813892
   70.238469827    0.423814382    0.423813917
   70.266929499    0.423814479    0.423813941
   70.295389171    0.423814484    0.423813962
   70.323848842    0.423814397    0.423813981
   70.352308514    0.423814263    0.423813998
   70.380768186    0.423814143    0.423814015
   70.409227858    0.423814093    0.423814033
   70.437687529    0.423814138    0.423814052
   70.466147201    0.423814261    0.423814072
   70.494606873    0.423814409    0.423814091
   70.523066544    0.423814522    0.423814110
   70.551526216    0.423814552    0.423814126
   70.579985888    0.423814491    0.423814140
   70.608445560    0.423814369    0.423814152
   70.636905231    0.423814243    0.423814164
   70.665364903    0.423814172    0.423814177
   70.693824575    0.423814188    0.423814191
   70.722284247    0.423814288    0.423814207
   70.750743918    0.423814428    0.423814222
   70.779203590    0.423814551    0.423814237
   70.807663262    0.423814604    0.423814250
   70.836122933    0.423814569    0.423814261
   70.864582605    0.423814463    0.423814270
   70.893042277    0.423814337    0.423814279
   70.921501949    0.423814249    0.423814288
   70.949961620    0.423814239    0.423814299
   70.978421292    0.423814314    0.423814311
   71.006880964    0.423814443    0.423814323
   71.035340636    0.423814571    0.423814336
   71.063800307    0.423814644    0.423814346
   71.092259979    0.423814634    0.423814355
   71.120719651    0.423814547    0.423814363
   71.149179322    0.423814426    0.423814369
   71.177638994    0.423814326    0.423814376
   71.206098666    0.423814293    0.423814385
   71.234558338    0.423814343    0.423814394
   71.263018009    0.423814456    0.423814405
   71.291477681    0.423814584    0.423814415
   71.319937353    0.423814673    0.423814424
   71.348397025    0.423814686    0.423814432
   71.376856696    0.423814621    0.423814438
   71.405316368    0.423814509    0.423814443
   71.433776040    0.423814402    0.423814449
   71.462235711    0.423814348    0.423814455
   71.490695383    0.423814373    0.423814463
   71.519155055    0.423814468    0.423814472
   71.547614727    0.423814593    0.423814481
   71.576074398    0.423814693    0.423814489
   71.604534070    0.423814729    0.423814496
   71.632993742    0.423814686    0.423814502
   71.661453414    0.423814586    0.423814506
   71.689913085    0.423814476    0.423814510
   71.718372757    0.423814406    0.423814515
   71.746832429    0.423814408    0.423814521
   71.775292100    0.423814483    0.423814529
   71.803751772    0.423814600    0.423814537
   71.832211444    0.423814708    0.423814545
   71.860671116    0.423814762    0.423814551
   71.889130787    0.423814742    0.423814556
   71.917590459    0.423814658    0.423814560
   71.946050131    0.423814550    0.423814564
   71.974509803    0.423814467    0.423814568
   72.002969474    0.423814448    0.423814573
   72.031429146    0.423814502    0.423814579
   72.059888818    0.423814607    0.423814586
   72.088348490    0.423814718    0.423814594
   72.116808161    0.423814788    0.423814600
   72.145267833    0.423814789    0.423814605
   72.173727505    0.423814723    0.423814608
   72.202187176    0.423814621    0.423814611
   72.230646848    0.423814530    0.423814615
   72.259106520    0.423814492    0.423814619
   72.287566192    0.423814524    0.423814625
   72.316025863    0.423814615    0.423814631
   72.344485535    0.423814725    0.423814638
   72.372945207    0.423814807    0.423814644
   72.401404879    0.423814829    0.423814649
   72.429864550    0.423814782    0.423814652
   72.458324222    0.423814689    0.423814655
   72.486783894    0.423814594    0.423814658
   72.515243565    0.423814540    0.423814661
   72.543703237    0.423814551    0.423814666
   72.572162909    0.423814625    0.423814672
   72.600622581    0.423814730    0.423814678
   72.629082252    0.423814822    0.423814684
   72.657541924    0.423814861    0.423814689
   72.686001596    0.423814834    0.423814693
   72.714461268    0.423814753    0.423814695
   72.742920939    0.423814658    0.423814698
   72.771380611    0.423814591    0.423814701
   72.799840283    0.423814583    0.423814705
   72.828299954    0.423814639    0.423814710
   72.856759626    0.423814736    0.423814716
   72.885219298    0.423814832    0.423814722
   72.913678970    0.423814887    0.423814727
   72.942138641    0.423814879    0.423814731
   72.970598313    0.423814813    0.423814733
   72.999057985    0.423814721    0.423814736
   73.027517657    0.423814645    0.423814738
   73.055977328    0.423814619    0.423814742
   73.084437000    0.423814657    0.423814747
   73.112896672    0.423814743    0.423814752
   73.141356343    0.423814840    0.423814758
   73.169816015    0.423814907    0.423814763
   73.198275687    0.423814917    0.423814767
   73.226735359    0.423814868    0.423814769
   73.255195030    0.423814782    0.423814772
   73.283654702    0.423814700    0.423814774
   73.312114374    0.423814660    0.423814777
   73.340574046    0.423814679    0.423814781
   73.369033717    0.423814751    0.423814786
   73.397493389    0.423814845    0.423814792
   73.425953061    0.423814922    0.423814797
   73.454412733    0.423814949    0.423814801
   73.482872404    0.423814917    0.423814804
   73.511332076    0.423814841    0.423814806
   73.539791748    0.423814757    0.423814808
   73.568251419    0.423814703    0.423814811
   73.596711091    0.423814705    0.423814814
   73.625170763    0.423814762    0.423814819
   73.653630435    0.423814851    0.423814824
   73.682090106    0.423814933    0.423814829
   73.710549778    0.423814975    0.423814833
   73.739009450    0.423814960    0.423814837
   73.767469122    0.423814896    0.423814839
   73.795928793    0.423814813    0.423814841
   73.824388465    0.423814750    0.423814843
   73.852848137    0.423814735    0.423814846
   73.881307808    0.423814777    0.423814851
   73.909767480    0.423814857    0.423814856
   73.938227152    0.423814942    0.423814861
   73.966686824    0.423814996    0.423814865
   73.995146495    0.423814997    0.423814868
   74.023606167    0.423814947    0.423814870
   74.052065839    0.423814869    0.423814872
   74.080525511    0.423814799    0.423814874
   74.108985182    0.423814770    0.423814877
   74.137444854    0.423814794    0.423814881
   74.165904526    0.423814864    0.423814886
   74.194364197    0.423814948    0.423814891
   74.222823869    0.423815012    0.423814895
   74.251283541    0.423815029    0.423814898
   74.279743213    0.423814993    0.423814901
   74.308202884    0.423814922    0.423814903
   74.336662556    0.423814849    0.423814905
   74.365122228    0.423814807    0.423814907
   74.393581900    0.423814816    0.423814911
   74.422041571    0.423814873    0.423814915
   74.450501243    0.423814954    0.423814920
   74.478960915    0.423815024    0.423814924
   74.507420586    0.423815055    0.423814928
   74.535880258    0.423815035    0.423814931
   74.564339930    0.423814973    0.423814932
   74.592799602    0.423814900    0.423814934
   74.621259273    0.423814848    0.423814937
   74.649718945    0.423814842    0.423814940
   74.678178617    0.423814885    0.423814944
   74.706638289    0.423814959    0.423814948
   74.735097960    0.423815034    0.423814952
   74.763557632    0.423815077    0.423814956
   74.792017304    0.423815071    0.423814959
   74.820476976    0.423815021    0.423814961
   74.848936647    0.423814950    0.423814963
   74.877396319    0.423814891    0.423814965
   74.905855991    0.423814871    0.423814968
   74.934315662    0.423814900    0.423814971
   74.962775334    0.423814965    0.423814975
   74.991235006    0.423815041    0.423814980
   75.019694678    0.423815093    0.423814984
   75.048154349    0.423815102    0.423814987
   75.076614021    0.423815064    0.423814989
   75.105073693    0.423814999    0.423814991
   75.133533365    0.423814935    0.423814992
   75.161993036    0.423814903    0.423814995
   75.190452708    0.423814918    0.423814998
   75.218912380    0.423814973    0.423815002
   75.247372051    0.423815046    0.423815006
   75.275831723    0.423815106    0.423815010
   75.304291395    0.423815128    0.423815013
   75.332751067    0.423815104    0.423815016
   75.361210738    0.423815045    0.423815017
   75.389670410    0.423814980    0.423815019
   75.418130082    0.423814938    0.423815021
   75.446589754    0.423814939    0.423815024
   75.475049425    0.423814983    0.423815028
   75.503509097    0.423815051    0.423815032
   75.531968769    0.423815116    0.423815036
   75.560428440    0.423815149    0.423815039
   75.588888112    0.423815138    0.423815042
   75.617347784    0.423815089    0.423815044
   75.645807456    0.423815025    0.423815045
   75.674267127    0.423814976    0.423815047
   75.702726799    0.423814964    0.423815050
   75.731186471    0.423814995    0.423815053
   75.759646143    0.423815057    0.423815057
   75.788105814    0.423815123    0.423815061
   75.816565486    0.423815166    0.423815064
   75.845025158    0.423815168    0.423815067
   75.873484829    0.423815130    0.423815069
   75.901944501    0.423815070    0.423815070
   75.930404173    0.423815015    0.423815072
   75.958863845    0.423814991    0.423815074
   75.987323516    0.423815010    0.423815077
   76.015783188    0.423815063    0.423815081
   76.044242860    0.423815129    0.423815085
   76.072702532    0.423815180    0.423815088
   76.101162203    0.423815194    0.423815091
   76.129621875    0.423815167    0.423815093
   76.158081547    0.423815113    0.423815095
   76.186541218    0.423815055    0.423815096
   76.215000890    0.423815022    0.423815098
   76.243460562    0.423815028    0.423815101
   76.271920234    0.423815071    0.423815105
   76.300379905    0.423815134    0.423815108
   76.328839577    0.423815190    0.423815112
   76.357299249    0.423815215    0.423815115
   76.385758921    0.423815200    0.423815117
   76.414218592    0.423815153    0.423815118
   76.442678264    0.423815096    0.423815120
   76.471137936    0.423815055    0.423815122
   76.499597608    0.423815049    0.423815124
   76.528057279    0.423815081    0.423815127
   76.556516951    0.423815139    0.423815131
   76.584976623    0.423815197    0.423815134
   76.613436294    0.423815232    0.423815137
   76.641895966    0.423815229    0.423815140
   76.670355638    0.423815191    0.423815141
   76.698815310    0.423815136    0.423815143
   76.727274981    0.423815089    0.423815144
   76.755734653    0.423815072    0.423815147
   76.784194325    0.423815093    0.423815149
   76.812653997    0.423815144    0.423815153
   76.841113668    0.423815203    0.423815156
   76.869573340    0.423815245    0.423815159
   76.898033012    0.423815254    0.423815162
   76.926492683    0.423815226    0.423815164
   76.954952355    0.423815175    0.423815165
   76.983412027    0.423815125    0.423815166
   77.011871699    0.423815098    0.423815168
   77.040331370    0.423815108    0.423815171
   77.068791042    0.423815151    0.423815174
   77.097250714    0.423815208    0.423815177
   77.125710386    0.423815256    0.423815180
   77.154170057    0.423815274    0.423815183
   77.182629729    0.423815257    0.423815185
   77.211089401    0.423815212    0.423815186
   77.239549072    0.423815161    0.423815188
   77.268008744    0.423815127    0.423815189
   77.296468416    0.423815126    0.423815192
   77.324928088    0.423815159    0.423815195
   77.353387759    0.423815212    0.423815198
   77.381847431    0.423815263    0.423815201
   77.410307103    0.423815291    0.423815204
   77.438766775    0.423815284    0.423815206
   77.467226446    0.423815247    0.423815207
   77.495686118    0.423815197    0.423815208
   77.524145790    0.423815157    0.423815210
   77.552605461    0.423815146    0.423815212
   77.581065133    0.423815169    0.423815215
   77.609524805    0.423815216    0.423815218
   77.637984477    0.423815269    0.423815221
   77.666444148    0.423815304    0.423815223
   77.694903820    0.423815307    0.423815225
   77.723363492    0.423815279    0.423815227
   77.751823164    0.423815232    0.423815228
   77.780282835    0.423815189    0.423815230
   77.808742507    0.423815168    0.423815231
   77.837202179    0.423815181    0.423815234
   77.865661851    0.423815221    0.423815237
   77.894121522    0.423815273    0.423815240
   77.922581194    0.423815314    0.423815242
   77.951040866    0.423815327    0.423815245
   77.979500537    0.423815308    0.423815246
   78.007960209    0.423815266    0.423815248
   78.036419881    0.423815221    0.423815249
   78.064879553    0.423815193    0.423815250
   78.093339224    0.423815195    0.423815252
   78.121798896    0.423815228    0.423815255
   78.150258568    0.423815277    0.423815258
   78.178718240    0.423815321    0.423815261
   78.207177911    0.423815343    0.423815263
   78.235637583    0.423815333    0.423815265
   78.264097255    0.423815298    0.423815266
   78.292556926    0.423815253    0.423815267
   78.321016598    0.423815219    0.423815269
   78.349476270    0.423815212    0.423815271
   78.377935942    0.423815236    0.423815273
   78.406395613    0.423815280    0.423815276
   78.434855285    0.423815327    0.423815278
   78.463314957    0.423815356    0.423815281
   78.491774629    0.423815355    0.423815283
   78.520234300    0.423815327    0.423815284
   78.548693972    0.423815285    0.423815285
   78.577153644    0.423815247    0.423815286
   78.605613315    0.423815231    0.423815288
   78.634072987    0.423815246    0.423815290
   78.662532659    0.423815284    0.423815293
   78.690992331    0.423815330    0.423815295
   78.719452002    0.423815365    0.423815298
   78.747911674    0.423815374    0.423815300
   78.776371346    0.423815354    0.423815301
   78.804831018    0.423815315    0.423815302
   78.833290689    0.423815275    0.423815303
   78.861750361    0.423815252    0.423815305
   78.890210033    0.423815258    0.423815307
   78.918669704    0.423815289    0.423815309
   78.947129376    0.423815333    0.423815312
   78.975589048    0.423815372    0.423815314
   79.004048720    0.423815389    0.423815316
   79.032508391    0.423815378    0.423815318
   79.060968063    0.423815344    0.423815319
   79.089427735    0.423815304    0.423815320
   79.117887407    0.423815275    0.423815321
   79.146347078    0.423815272    0.423815323
   79.174806750    0.423815295    0.423815325
   79.203266422    0.423815336    0.423815327
   79.231726093    0.423815377    0.423815330
   79.260185765    0.423815401    0.423815332
   79.288645437    0.423815398    0.423815333
   79.317105109    0.423815371    0.423815334
   79.345564780    0.423815332    0.423815335
   79.374024452    0.423815299    0.423815337
   79.402484124    0.423815288    0.423815338
   79.430943796    0.423815303    0.423815340
   79.459403467    0.423815339    0.423815342
   79.487863139    0.423815380    0.423815345
   79.516322811    0.423815410    0.423815347
   79.544782483    0.423815415    0.423815348
   79.573242154    0.423815395    0.423815350
   79.601701826    0.423815359    0.423815351
   79.630161498    0.423815324    0.423815352
   79.658621169    0.423815306    0.423815353
   79.687080841    0.423815312    0.423815355
   79.715540513    0.423815342    0.423815357
   79.744000185    0.423815382    0.423815359
   79.772459856    0.423815416    0.423815361
   79.800919528    0.423815429    0.423815363
   79.829379200    0.423815417    0.423815364
   79.857838872    0.423815386    0.423815365
   79.886298543    0.423815349    0.423815366
   79.914758215    0.423815325    0.423815367
   79.943217887    0.423815324    0.423815369
   79.971677558    0.423815347    0.423815370
   80.000137230    0.423815384    0.423815373
   80.028596902    0.423815420    0.423815375
   80.057056574    0.423815440    0.423815376
   80.085516245    0.423815436    0.423815378
   80.113975917    0.423815410    0.423815379
   80.142435589    0.423815375    0.423815380
   80.170895261    0.423815346    0.423815381
   80.199354932    0.423815337    0.423815382
   80.227814604    0.423815353    0.423815384
   80.256274276    0.423815386    0.423815386
   80.284733947    0.423815423    0.423815388
   80.313193619    0.423815448    0.423815389
   80.341653291    0.423815451    0.423815391
   80.370112963    0.423815432    0.423815392
   80.398572634    0.423815399    0.423815393
   80.427032306    0.423815368    0.423815394
   80.455491978    0.423815352    0.423815395
   80.483951650    0.423815360    0.423815396
   80.512411321    0.423815388    0.423815398
   80.540870993    0.423815424    0.423815400
   80.569330665    0.423815453    0.423815402
   80.597790336    0.423815464    0.423815403
   80.626250008    0.423815451    0.423815404
   80.654709680    0.423815422    0.423815405
   80.683169352    0.423815390    0.423815406
   80.711629023    0.423815369    0.423815407
   80.740088695    0.423815369    0.423815408
   80.768548367    0.423815391    0.423815410
   80.797008039    0.423815425    0.423815412
   80.825467710    0.423815457    0.423815414
   80.853927382    0.423815473    0.423815415
   80.882387054    0.423815468    0.423815416
   80.910846726    0.423815444    0.423815417
   80.939306397    0.423815412    0.423815418
   80.967766069    0.423815387    0.423815418
   80.996225741    0.423815380    0.423815420
   81.024685412    0.423815395    0.423815421
   81.053145084    0.423815425    0.423815423
   81.081604756    0.423815459    0.423815425
   81.110064428    0.423815480    0.423815426
   81.138524099    0.423815482    0.423815427
   81.166983771    0.423815464    0.423815428
   81.195443443    0.423815434    0.423815429
   81.223903115    0.423815406    0.423815430
   81.252362786    0.423815393    0.423815430
   81.280822458    0.423815401    0.423815432
   81.309282130    0.423815426    0.423815433
   81.337741801    0.423815459    0.423815435
   81.366201473    0.423815485    0.423815437
   81.394661145    0.423815493    0.423815438
   81.423120817    0.423815481    0.423815439
   81.451580488    0.423815454    0.423815439
   81.480040160    0.423815425    0.423815440
   81.508499832    0.423815407    0.423815441
   81.536959504    0.423815408    0.423815442
   81.565419175    0.423815428    0.423815443
   81.593878847    0.423815459    0.423815445
   81.622338519    0.423815487    0.423815446
   81.650798190    0.423815502    0.423815448
   81.679257862    0.423815496    0.423815449
   81.707717534    0.423815473    0.423815449
   81.736177206    0.423815444    0.423815450
   81.764636877    0.423815422    0.423815450
   81.793096549    0.423815417    0.423815451
   81.821556221    0.423815430    0.423815453
   81.850015893    0.423815458    0.423815454
   81.878475564    0.423815488    0.423815456
   81.906935236    0.423815507    0.423815457
   81.935394908    0.423815508    0.423815458
   81.963854579    0.423815491    0.423815459
   81.992314251    0.423815463    0.423815459
   82.020773923    0.423815438    0.423815460
   82.049233595    0.423815427    0.423815460
   82.077693266    0.423815434    0.423815461
   82.106152938    0.423815458    0.423815463
   82.134612610    0.423815487    0.423815464
   82.163072282    0.423815510    0.423815465
   82.191531953    0.423815517    0.423815466
   82.219991625    0.423815506    0.423815467
   82.248451297    0.423815481    0.423815468
   82.276910968    0.423815455    0.423815468
   82.305370640    0.423815438    0.423815469
   82.333830312    0.423815439    0.423815470
   82.362289984    0.423815458    0.423815471
   82.390749655    0.423815486    0.423815472
   82.419209327    0.423815512    0.423815473
   82.447668999    0.423815524    0.423815474
   82.476128671    0.423815519    0.423815475
   82.504588342    0.423815498    0.423815476
   82.533048014    0.423815472    0.423815476
   82.561507686    0.423815451    0.423815476
   82.589967358    0.423815446    0.423815477
   82.618427029    0.423815459    0.423815478
   82.646886701    0.423815484    0.423815480
   82.675346373    0.423815511    0.423815481
   82.703806044    0.423815528    0.423815482
   82.732265716    0.423815529    0.423815483
   82.760725388    0.423815513    0.423815483
   82.789185060    0.423815488    0.423815483
   82.817644731    0.423815465    0.423815484
   82.846104403    0.423815454    0.423815484
   82.874564075    0.423815461    0.423815485
   82.903023747    0.423815482    0.423815486
   82.931483418    0.423815509    0.423815487
   82.959943090    0.423815530    0.423815488
   82.988402762    0.423815537    0.423815489
   83.016862433    0.423815526    0.423815490
   83.045322105    0.423815504    0.423815490
   83.073781777    0.423815479    0.423815490
   83.102241449    0.423815464    0.423815491
   83.130701120    0.423815464    0.423815492
   83.159160792    0.423815481    0.423815492
   83.187620464    0.423815506    0.423815494
   83.216080136    0.423815530    0.423815495
   83.244539807    0.423815542    0.423815495
   83.272999479    0.423815537    0.423815496
   83.301459151    0.423815518    0.423815496
   83.329918822    0.423815493    0.423815496
   83.358378494    0.423815474    0.423815497
   83.386838166    0.423815469    0.423815497
   83.415297838    0.423815480    0.423815498
   83.443757509    0.423815503    0.423815499
   83.472217181    0.423815528    0.423815500
   83.500676853    0.423815545    0.423815501
   83.529136525    0.423815545    0.423815501
   83.557596196    0.423815531    0.423815502
   83.586055868    0.423815507    0.423815502
   83.614515540    0.423815486    0.423815502
   83.642975211    0.423815475    0.423815502
   83.671434883    0.423815481    0.423815503
   83.699894555    0.423815500    0.423815504
   83.728354227    0.423815525    0.423815505
   83.756813898    0.423815545    0.423815506
   83.785273570    0.423815551    0.423815506
   83.813733242    0.423815542    0.423815507
   83.842192914    0.423815521    0.423815507
   83.870652585    0.423815498    0.423815507
   83.899112257    0.423815482    0.423815507
   83.927571929    0.423815482    0.423815508
   83.956031601    0.423815497    0.423815508
   83.984491272    0.423815521    0.423815509
   84.012950944    0.423815543    0.423815510
   84.041410616    0.423815555    0.423815511
   84.069870287    0.423815551    0.423815511
   84.098329959    0.423815533    0.423815511
   84.126789631    0.423815510    0.423815511
   84.155249303    0.423815491    0.423815511
   84.183708974    0.423815485    0.423815512
   84.212168646    0.423815495    0.423815512
   84.240628318    0.423815516    0.423815513
   84.269087990    0.423815540    0.423815514
   84.297547661    0.423815556    0.423815514
   84.326007333    0.423815557    0.423815515
   84.354467005    0.423815544    0.423815515
   84.382926676    0.423815522    0.423815515
   84.411386348    0.423815500    0.423815515
   84.439846020    0.423815489    0.423815515
   84.468305692    0.423815494    0.423815515
   84.496765363    0.423815511    0.423815516
   84.525225035    0.423815535    0.423815517
   84.553684707    0.423815554    0.423815517
   84.582144379    0.423815561    0.423815518
   84.610604050    0.423815553    0.423815518
   84.639063722    0.423815533    0.423815518
   84.667523394    0.423815510    0.423815518
   84.695983065    0.423815495    0.423815518
   84.724442737    0.423815493    0.423815518
   84.752902409    0.423815507    0.423815518
   84.781362081    0.423815529    0.423815519
   84.809821752    0.423815551    0.423815520
   84.838281424    0.423815563    0.423815520
   84.866741096    0.423815560    0.423815520
   84.895200768    0.423815543    0.423815520
   84.923660439    0.423815520    0.423815520
   84.952120111    0.423815501    0.423815520
   84.980579783    0.423815495    0.423815520
   85.009039454    0.423815503    0.423815520
   85.037499126    0.423815523    0.423815521
   85.065958798    0.423815546    0.423815521
   85.094418470    0.423815562    0.423815522
   85.122878141    0.423815564    0.423815522
   85.151337813    0.423815552    0.423815522
   85.179797485    0.423815530    0.423815522
   85.208257157    0.423815509    0.423815522
   85.236716828    0.423815497    0.423815522
   85.265176500    0.423815500    0.423815522
   85.293636172    0.423815516    0.423815522
   85.322095843    0.423815539    0.423815523
   85.350555515    0.423815559    0.423815523
