    0.000000000    0.423810039    0.423809996
    0.028459672    0.423810032    0.423809996
    0.056919343    0.423810013    0.423809996
    0.085379015    0.423809990    0.423809996
    0.113838687    0.423809974    0.423809995
    0.142298359    0.423809971    0.423809995
    0.170758030    0.423809983    0.423809996
    0.199217702    0.423810005    0.423809996
    0.227677374    0.423810026    0.423809996
    0.256137046    0.423810039    0.423809997
    0.284596717    0.423810037    0.423809997
    0.313056389    0.423810021    0.423809996
    0.341516061    0.423809998    0.423809996
    0.369975733    0.423809978    0.423809996
    0.398435404    0.423809970    0.423809996
    0.426895076    0.423809977    0.423809996
    0.455354748    0.423809996    0.423809996
    0.483814420    0.423810019    0.423809996
    0.512274091    0.423810036    0.423809997
    0.540733763    0.423810039    0.423809997
    0.569193435    0.423810028    0.423809996
    0.597653106    0.423810006    0.423809996
    0.626112778    0.423809984    0.423809995
    0.654572450    0.423809971    0.423809995
    0.683032122    0.423809972    0.423809995
    0.711491793    0.423809988    0.423809995
    0.739951465    0.423810011    0.423809996
    0.768411137    0.423810031    0.423809996
    0.796870809    0.423810039    0.423809996
    0.825330480    0.423810033    0.423809996
    0.853790152    0.423810013    0.423809995
    0.882249824    0.423809990    0.423809995
    0.910709496    0.423809972    0.423809994
    0.939169167    0.423809968    0.423809994
    0.967628839    0.423809980    0.423809994
    0.996088511    0.423810001    0.423809994
    1.024548183    0.423810023    0.423809994
    1.053007854    0.423810037    0.423809994
    1.081467526    0.423810036    0.423809994
    1.109927198    0.423810020    0.423809994
    1.138386870    0.423809996    0.423809993
    1.166846541    0.423809975    0.423809993
    1.195306213    0.423809966    0.423809992
    1.223765885    0.423809972    0.423809992
    1.252225556    0.423809991    0.423809992
    1.280685228    0.423810014    0.423809992
    1.309144900    0.423810032    0.423809992
    1.337604572    0.423810036    0.423809992
    1.366064243    0.423810025    0.423809992
    1.394523915    0.423810003    0.423809991
    1.422983587    0.423809979    0.423809991
    1.451443259    0.423809965    0.423809990
    1.479902930    0.423809965    0.423809990
    1.508362602    0.423809980    0.423809990
    1.536822274    0.423810004    0.423809990
    1.565281946    0.423810025    0.423809990
    1.593741617    0.423810035    0.423809990
    1.622201289    0.423810028    0.423809989
    1.650660961    0.423810009    0.423809989
    1.679120633    0.423809984    0.423809988
    1.707580304    0.423809965    0.423809987
    1.736039976    0.423809959    0.423809987
    1.764499648    0.423809970    0.423809987
    1.792959319    0.423809992    0.423809987
    1.821418991    0.423810016    0.423809987
    1.849878663    0.423810030    0.423809986
    1.878338335    0.423810030    0.423809986
    1.906798006    0.423810014    0.423809985
    1.935257678    0.423809989    0.423809985
    1.963717350    0.423809966    0.423809984
    1.992177022    0.423809955    0.423809983
    2.020636693    0.423809960    0.423809983
    2.049096365    0.423809980    0.423809983
    2.077556037    0.423810004    0.423809983
    2.106015709    0.423810024    0.423809983
    2.134475380    0.423810029    0.423809982
    2.162935052    0.423810017    0.423809982
    2.191394724    0.423809994    0.423809981
    2.219854396    0.423809968    0.423809980
    2.248314067    0.423809952    0.423809979
    2.276773739    0.423809951    0.423809979
    2.305233411    0.423809967    0.423809978
    2.333693083    0.423809992    0.423809978
    2.362152754    0.423810015    0.423809978
    2.390612426    0.423810025    0.423809978
    2.419072098    0.423810019    0.423809977
    2.447531769    0.423809998    0.423809976
    2.475991441    0.423809971    0.423809975
    2.504451113    0.423809950    0.423809974
    2.532910785    0.423809944    0.423809974
    2.561370456    0.423809954    0.423809973
    2.589830128    0.423809978    0.423809973
    2.618289800    0.423810003    0.423809973
    2.646749472    0.423810019    0.423809973
    2.675209143    0.423810019    0.423809972
    2.703668815    0.423810002    0.423809971
    2.732128487    0.423809975    0.423809970
    2.760588159    0.423809950    0.423809969
    2.789047830    0.423809937    0.423809968
    2.817507502    0.423809942    0.423809968
    2.845967174    0.423809963    0.423809967
    2.874426846    0.423809990    0.423809967
    2.902886517    0.423810011    0.423809967
    2.931346189    0.423810016    0.423809966
    2.959805861    0.423810004    0.423809966
    2.988265532    0.423809978    0.423809965
    3.016725204    0.423809950    0.423809963
    3.045184876    0.423809932    0.423809962
    3.073644548    0.423809931    0.423809962
    3.102104219    0.423809948    0.423809961
    3.130563891    0.423809975    0.423809961
    3.159023563    0.423809999    0.423809961
    3.187483235    0.423810011    0.423809960
    3.215942906    0.423810004    0.423809959
    3.244402578    0.423809981    0.423809958
    3.272862250    0.423809952    0.423809957
    3.301321922    0.423809929    0.423809956
    3.329781593    0.423809921    0.423809955
    3.358241265    0.423809933    0.423809954
    3.386700937    0.423809958    0.423809954
    3.415160609    0.423809986    0.423809954
    3.443620280    0.423810003    0.423809953
    3.472079952    0.423810003    0.423809952
    3.500539624    0.423809984    0.423809951
    3.528999296    0.423809954    0.423809950
    3.557458967    0.423809927    0.423809949
    3.585918639    0.423809913    0.423809948
    3.614378311    0.423809919    0.423809947
    3.642837982    0.423809941    0.423809946
    3.671297654    0.423809970    0.423809946
    3.699757326    0.423809993    0.423809946
    3.728216998    0.423809999    0.423809945
    3.756676669    0.423809985    0.423809944
    3.785136341    0.423809956    0.423809942
    3.813596013    0.423809926    0.423809941
    3.842055685    0.423809906    0.423809940
    3.870515356    0.423809905    0.423809939
    3.898975028    0.423809923    0.423809938
    3.927434700    0.423809953    0.423809938
    3.955894372    0.423809980    0.423809937
    3.984354043    0.423809992    0.423809937
    4.012813715    0.423809984    0.423809936
    4.041273387    0.423809958    0.423809934
    4.069733059    0.423809926    0.423809933
    4.098192730    0.423809900    0.423809931
    4.126652402    0.423809893    0.423809930
    4.155112074    0.423809906    0.423809929
    4.183571745    0.423809934    0.423809929
    4.212031417    0.423809964    0.423809928
    4.240491089    0.423809983    0.423809928
    4.268950761    0.423809981    0.423809927
    4.297410432    0.423809959    0.423809925
    4.325870104    0.423809927    0.423809924
    4.354329776    0.423809896    0.423809922
    4.382789448    0.423809882    0.423809921
    4.411249119    0.423809889    0.423809920
    4.439708791    0.423809914    0.423809919
    4.468168463    0.423809946    0.423809919
    4.496628135    0.423809970    0.423809918
    4.525087806    0.423809976    0.423809917
    4.553547478    0.423809959    0.423809916
    4.582007150    0.423809928    0.423809914
    4.610466822    0.423809894    0.423809913
    4.638926493    0.423809872    0.423809911
    4.667386165    0.423809872    0.423809910
    4.695845837    0.423809893    0.423809909
    4.724305509    0.423809926    0.423809909
    4.752765180    0.423809955    0.423809908
    4.781224852    0.423809968    0.423809907
    4.809684524    0.423809958    0.423809906
    4.838144195    0.423809928    0.423809904
    4.866603867    0.423809892    0.423809903
    4.895063539    0.423809865    0.423809901
    4.923523211    0.423809857    0.423809900
    4.951982882    0.423809873    0.423809899
    4.980442554    0.423809904    0.423809898
    5.008902226    0.423809937    0.423809897
    5.037361898    0.423809957    0.423809897
    5.065821569    0.423809954    0.423809895
    5.094281241    0.423809929    0.423809894
    5.122740913    0.423809892    0.423809892
    5.151200585    0.423809859    0.423809890
    5.179660256    0.423809844    0.423809888
    5.208119928    0.423809853    0.423809887
    5.236579600    0.423809882    0.423809887
    5.265039272    0.423809917    0.423809886
    5.293498943    0.423809943    0.423809885
    5.321958615    0.423809948    0.423809884
    5.350418287    0.423809928    0.423809882
    5.378877958    0.423809892    0.423809880
    5.407337630    0.423809855    0.423809879
    5.435797302    0.423809832    0.423809877
    5.464256974    0.423809834    0.423809875
    5.492716645    0.423809858    0.423809874
    5.521176317    0.423809894    0.423809874
    5.549635989    0.423809926    0.423809873
    5.578095661    0.423809938    0.423809872
    5.606555332    0.423809925    0.423809870
    5.635015004    0.423809892    0.423809868
    5.663474676    0.423809852    0.423809866
    5.691934348    0.423809822    0.423809864
    5.720394019    0.423809816    0.423809863
    5.748853691    0.423809835    0.423809862
    5.777313363    0.423809870    0.423809861
    5.805773035    0.423809906    0.423809860
    5.834232706    0.423809926    0.423809859
    5.862692378    0.423809921    0.423809858
    5.891152050    0.423809891    0.423809856
    5.919611722    0.423809850    0.423809854
    5.948071393    0.423809814    0.423809852
    5.976531065    0.423809799    0.423809850
    6.004990737    0.423809811    0.423809848
    6.033450408    0.423809844    0.423809848
    6.061910080    0.423809883    0.423809847
    6.090369752    0.423809911    0.423809846
    6.118829424    0.423809913    0.423809844
    6.147289095    0.423809890    0.423809843
    6.175748767    0.423809849    0.423809840
    6.204208439    0.423809808    0.423809838
    6.232668111    0.423809785    0.423809836
    6.261127782    0.423809789    0.423809835
    6.289587454    0.423809818    0.423809833
    6.318047126    0.423809858    0.423809833
    6.346506798    0.423809892    0.423809832
    6.374966469    0.423809903    0.423809830
    6.403426141    0.423809887    0.423809829
    6.431885813    0.423809848    0.423809826
    6.460345485    0.423809804    0.423809824
    6.488805156    0.423809773    0.423809822
    6.517264828    0.423809768    0.423809820
    6.545724500    0.423809791    0.423809819
    6.574184171    0.423809831    0.423809818
    6.602643843    0.423809870    0.423809817
    6.631103515    0.423809890    0.423809816
    6.659563187    0.423809881    0.423809814
    6.688022858    0.423809847    0.423809812
    6.716482530    0.423809801    0.423809809
    6.744942202    0.423809762    0.423809807
    6.773401874    0.423809748    0.423809805
    6.801861545    0.423809764    0.423809803
    6.830321217    0.423809802    0.423809802
    6.858780889    0.423809845    0.423809801
    6.887240561    0.423809873    0.423809800
    6.915700232    0.423809873    0.423809799
    6.944159904    0.423809845    0.423809796
    6.972619576    0.423809798    0.423809794
    7.001079248    0.423809754    0.423809791
    7.029538919    0.423809731    0.423809789
    7.057998591    0.423809738    0.423809787
    7.086458263    0.423809772    0.423809786
    7.114917935    0.423809817    0.423809785
    7.143377606    0.423809853    0.423809784
    7.171837278    0.423809862    0.423809783
    7.200296950    0.423809841    0.423809780
    7.228756621    0.423809797    0.423809778
    7.257216293    0.423809748    0.423809775
    7.285675965    0.423809716    0.423809773
    7.314135637    0.423809713    0.423809771
    7.342595308    0.423809741    0.423809769
    7.371054980    0.423809787    0.423809768
    7.399514652    0.423809829    0.423809767
    7.427974324    0.423809848    0.423809766
    7.456433995    0.423809835    0.423809764
    7.484893667    0.423809795    0.423809761
    7.513353339    0.423809743    0.423809758
    7.541813011    0.423809703    0.423809756
    7.570272682    0.423809690    0.423809754
    7.598732354    0.423809711    0.423809752
    7.627192026    0.423809755    0.423809751
    7.655651698    0.423809802    0.423809750
    7.684111369    0.423809830    0.423809748
    7.712571041    0.423809827    0.423809746
    7.741030713    0.423809792    0.423809744
    7.769490384    0.423809740    0.423809741
    7.797950056    0.423809692    0.423809738
    7.826409728    0.423809670    0.423809736
    7.854869400    0.423809681    0.423809734
    7.883329071    0.423809721    0.423809732
    7.911788743    0.423809771    0.423809731
    7.940248415    0.423809808    0.423809730
    7.968708087    0.423809815    0.423809728
    7.997167758    0.423809788    0.423809726
    8.025627430    0.423809737    0.423809723
    8.054087102    0.423809684    0.423809720
    8.082546774    0.423809651    0.423809717
    8.111006445    0.423809653    0.423809715
    8.139466117    0.423809687    0.423809714
    8.167925789    0.423809738    0.423809712
    8.196385461    0.423809783    0.423809711
    8.224845132    0.423809800    0.423809709
    8.253304804    0.423809782    0.423809707
    8.281764476    0.423809735    0.423809704
    8.310224148    0.423809678    0.423809701
    8.338683819    0.423809635    0.423809698
    8.367143491    0.423809626    0.423809696
    8.395603163    0.423809652    0.423809694
    8.424062834    0.423809702    0.423809693
    8.452522506    0.423809753    0.423809691
    8.480982178    0.423809782    0.423809690
    8.509441850    0.423809774    0.423809687
    8.537901521    0.423809732    0.423809685
    8.566361193    0.423809673    0.423809681
    8.594820865    0.423809622    0.423809678
    8.623280537    0.423809601    0.423809676
    8.651740208    0.423809618    0.423809674
    8.680199880    0.423809665    0.423809672
    8.708659552    0.423809720    0.423809671
    8.737119224    0.423809759    0.423809669
    8.765578895    0.423809762    0.423809667
    8.794038567    0.423809727    0.423809664
    8.822498239    0.423809669    0.423809661
    8.850957911    0.423809612    0.423809658
    8.879417582    0.423809579    0.423809655
    8.907877254    0.423809585    0.423809653
    8.936336926    0.423809627    0.423809651
    8.964796597    0.423809684    0.423809650
    8.993256269    0.423809732    0.423809648
    9.021715941    0.423809747    0.423809646
    9.050175613    0.423809722    0.423809643
    9.078635284    0.423809666    0.423809640
    9.107094956    0.423809603    0.423809637
    9.135554628    0.423809560    0.423809633
    9.164014300    0.423809554    0.423809631
    9.192473971    0.423809588    0.423809629
    9.220933643    0.423809645    0.423809628
    9.249393315    0.423809700    0.423809626
    9.277852987    0.423809727    0.423809624
    9.306312658    0.423809713    0.423809622
    9.334772330    0.423809663    0.423809618
    9.363232002    0.423809597    0.423809615
    9.391691674    0.423809544    0.423809611
    9.420151345    0.423809525    0.423809608
    9.448611017    0.423809549    0.423809606
    9.477070689    0.423809604    0.423809605
    9.505530361    0.423809665    0.423809603
    9.533990032    0.423809703    0.423809602
    9.562449704    0.423809701    0.423809599
    9.590909376    0.423809659    0.423809596
    9.619369047    0.423809592    0.423809592
    9.647828719    0.423809530    0.423809589
    9.676288391    0.423809499    0.423809585
    9.704748063    0.423809512    0.423809583
    9.733207734    0.423809562    0.423809581
    9.761667406    0.423809626    0.423809580
    9.790127078    0.423809675    0.423809578
    9.818586750    0.423809686    0.423809576
    9.847046421    0.423809653    0.423809573
    9.875506093    0.423809589    0.423809569
    9.903965765    0.423809520    0.423809565
    9.932425437    0.423809476    0.423809562
    9.960885108    0.423809476    0.423809559
    9.989344780    0.423809518    0.423809557
   10.017804452    0.423809583    0.423809555
   10.046264124    0.423809642    0.423809554
   10.074723795    0.423809666    0.423809552
   10.103183467    0.423809645    0.423809549
   10.131643139    0.423809585    0.423809545
   10.160102810    0.423809512    0.423809541
   10.188562482    0.423809457    0.423809537
   10.217022154    0.423809442    0.423809534
   10.245481826    0.423809475    0.423809532
   10.273941497    0.423809538    0.423809530
   10.302401169    0.423809604    0.423809529
   10.330860841    0.423809642    0.423809527
   10.359320513    0.423809634    0.423809524
   10.387780184    0.423809581    0.423809520
   10.416239856    0.423809506    0.423809516
   10.444699528    0.423809440    0.423809512
   10.473159200    0.423809412    0.423809509
   10.501618871    0.423809432    0.423809506
   10.530078543    0.423809491    0.423809504
   10.558538215    0.423809562    0.423809503
   10.586997887    0.423809613    0.423809501
   10.615457558    0.423809618    0.423809498
   10.643917230    0.423809576    0.423809494
   10.672376902    0.423809501    0.423809490
   10.700836574    0.423809427    0.423809486
   10.729296245    0.423809384    0.423809482
   10.757755917    0.423809391    0.423809479
   10.786215589    0.423809443    0.423809477
   10.814675260    0.423809516    0.423809476
   10.843134932    0.423809578    0.423809474
   10.871594604    0.423809599    0.423809471
   10.900054276    0.423809568    0.423809468
   10.928513947    0.423809498    0.423809464
   10.956973619    0.423809417    0.423809459
   10.985433291    0.423809360    0.423809455
   11.013892963    0.423809352    0.423809452
   11.042352634    0.423809394    0.423809449
   11.070812306    0.423809467    0.423809448
   11.099271978    0.423809538    0.423809446
   11.127731650    0.423809574    0.423809444
   11.156191321    0.423809558    0.423809440
   11.184650993    0.423809494    0.423809436
   11.213110665    0.423809410    0.423809432
   11.241570337    0.423809340    0.423809427
   11.270030008    0.423809316    0.423809423
   11.298489680    0.423809345    0.423809421
   11.326949352    0.423809415    0.423809419
   11.355409023    0.423809494    0.423809417
   11.383868695    0.423809544    0.423809415
   11.412328367    0.423809543    0.423809412
   11.440788039    0.423809489    0.423809408
   11.469247710    0.423809404    0.423809403
   11.497707382    0.423809324    0.423809398
   11.526167054    0.423809283    0.423809394
   11.554626726    0.423809298    0.423809391
   11.583086397    0.423809362    0.423809389
   11.611546069    0.423809444    0.423809387
   11.640005741    0.423809508    0.423809385
   11.668465413    0.423809524    0.423809382
   11.696925084    0.423809482    0.423809378
   11.725384756    0.423809400    0.423809373
   11.753844428    0.423809311    0.423809368
   11.782304100    0.423809254    0.423809364
   11.810763771    0.423809253    0.423809360
   11.839223443    0.423809307    0.423809358
   11.867683115    0.423809391    0.423809356
   11.896142787    0.423809467    0.423809354
   11.924602458    0.423809500    0.423809351
   11.953062130    0.423809473    0.423809347
   11.981521802    0.423809396    0.423809342
   12.009981473    0.423809302    0.423809337
   12.038441145    0.423809230    0.423809332
   12.066900817    0.423809211    0.423809328
   12.095360489    0.423809252    0.423809325
   12.123820160    0.423809334    0.423809323
   12.152279832    0.423809419    0.423809321
   12.180739504    0.423809469    0.423809319
   12.209199176    0.423809459    0.423809315
   12.237658847    0.423809392    0.423809310
   12.266118519    0.423809295    0.423809305
   12.294578191    0.423809210    0.423809299
   12.323037863    0.423809172    0.423809295
   12.351497534    0.423809198    0.423809291
   12.379957206    0.423809274    0.423809289
   12.408416878    0.423809367    0.423809287
   12.436876550    0.423809432    0.423809284
   12.465336221    0.423809441    0.423809281
   12.493795893    0.423809386    0.423809276
   12.522255565    0.423809290    0.423809271
   12.550715236    0.423809194    0.423809265
   12.579174908    0.423809138    0.423809260
   12.607634580    0.423809146    0.423809256
   12.636094252    0.423809213    0.423809253
   12.664553923    0.423809309    0.423809251
   12.693013595    0.423809389    0.423809248
   12.721473267    0.423809417    0.423809245
   12.749932939    0.423809377    0.423809240
   12.778392610    0.423809286    0.423809234
   12.806852282    0.423809182    0.423809228
   12.835311954    0.423809108    0.423809222
   12.863771626    0.423809096    0.423809218
   12.892231297    0.423809151    0.423809214
   12.920690969    0.423809246    0.423809212
   12.949150641    0.423809339    0.423809209
   12.977610313    0.423809386    0.423809206
   13.006069984    0.423809365    0.423809201
   13.034529656    0.423809282    0.423809195
   13.062989328    0.423809172    0.423809189
   13.091449000    0.423809082    0.423809182
   13.119908671    0.423809050    0.423809177
   13.148368343    0.423809088    0.423809173
   13.176828015    0.423809179    0.423809170
   13.205287686    0.423809282    0.423809167
   13.233747358    0.423809348    0.423809164
   13.262207030    0.423809347    0.423809159
   13.290666702    0.423809277    0.423809153
   13.319126373    0.423809166    0.423809146
   13.347586045    0.423809061    0.423809139
   13.376045717    0.423809008    0.423809133
   13.404505389    0.423809027    0.423809128
   13.432965060    0.423809110    0.423809124
   13.461424732    0.423809218    0.423809120
   13.489884404    0.423809302    0.423809117
   13.518344076    0.423809323    0.423809112
   13.546803747    0.423809268    0.423809106
   13.575263419    0.423809161    0.423809098
   13.603723091    0.423809045    0.423809090
   13.632182763    0.423808970    0.423809083
   13.660642434    0.423808968    0.423809077
   13.689102106    0.423809038    0.423809072
   13.717561778    0.423809148    0.423809068
   13.746021449    0.423809248    0.423809064
   13.774481121    0.423809291    0.423809058
   13.802940793    0.423809256    0.423809052
   13.831400465    0.423809155    0.423809043
   13.859860136    0.423809031    0.423809034
   13.888319808    0.423808936    0.423809026
   13.916779480    0.423808911    0.423809018
   13.945239152    0.423808965    0.423809012
   13.973698823    0.423809073    0.423809007
   14.002158495    0.423809185    0.423809002
   14.030618167    0.423809250    0.423808996
   14.059077839    0.423809237    0.423808989
   14.087537510    0.423809148    0.423808979
   14.115997182    0.423809020    0.423808969
   14.144456854    0.423808907    0.423808959
   14.172916526    0.423808857    0.423808949
   14.201376197    0.423808891    0.423808942
   14.229835869    0.423808992    0.423808935
   14.258295541    0.423809113    0.423808928
   14.286755213    0.423809199    0.423808921
   14.315214884    0.423809210    0.423808912
   14.343674556    0.423809137    0.423808902
   14.372134228    0.423809009    0.423808890
   14.400593899    0.423808881    0.423808877
   14.429053571    0.423808806    0.423808865
   14.457513243    0.423808816    0.423808855
   14.485972915    0.423808904    0.423808846
   14.514432586    0.423809030    0.423808837
   14.542892258    0.423809136    0.423808828
   14.571351930    0.423809172    0.423808817
   14.599811602    0.423809118    0.423808805
   14.628271273    0.423808996    0.423808790
   14.656730945    0.423808856    0.423808775
   14.685190617    0.423808756    0.423808760
   14.713650289    0.423808740    0.423808746
   14.742109960    0.423808812    0.423808733
   14.770569632    0.423808937    0.423808721
   14.799029304    0.423809060    0.423808709
   14.827488976    0.423809121    0.423808695
   14.855948647    0.423809091    0.423808679
   14.884408319    0.423808979    0.423808661
   14.912867991    0.423808831    0.423808641
   14.941327662    0.423808708    0.423808622
   14.969787334    0.423808663    0.423808603
   14.998247006    0.423808713    0.423808585
   15.026706678    0.423808833    0.423808568
   15.055166349    0.423808968    0.423808551
   15.083626021    0.423809054    0.423808533
   15.112085693    0.423809050    0.423808512
   15.140545365    0.423808953    0.423808489
   15.169005036    0.423808802    0.423808463
   15.197464708    0.423808659    0.423808437
   15.225924380    0.423808584    0.423808411
   15.254384052    0.423808607    0.423808386
   15.282843723    0.423808716    0.423808362
   15.311303395    0.423808858    0.423808338
   15.339763067    0.423808968    0.423808312
   15.368222739    0.423808992    0.423808284
   15.396682410    0.423808914    0.423808253
   15.425142082    0.423808764    0.423808219
   15.453601754    0.423808604    0.423808183
   15.482061426    0.423808499    0.423808147
   15.510521097    0.423808492    0.423808112
   15.538980769    0.423808582    0.423808077
   15.567440441    0.423808727    0.423808042
   15.595900112    0.423808856    0.423808005
   15.624359784    0.423808909    0.423807966
   15.652819456    0.423808855    0.423807922
   15.681279128    0.423808712    0.423807876
   15.709738799    0.423808537    0.423807826
   15.738198471    0.423808402    0.423807775
   15.766658143    0.423808361    0.423807724
   15.795117815    0.423808427    0.423807673
   15.823577486    0.423808566    0.423807621
   15.852037158    0.423808711    0.423807568
   15.880496830    0.423808792    0.423807511
   15.908956502    0.423808764    0.423807449
   15.937416173    0.423808634    0.423807383
   15.965875845    0.423808449    0.423807313
   15.994335517    0.423808285    0.423807240
   16.022795189    0.423808207    0.423807166
   16.051254860    0.423808242    0.423807090
   16.079714532    0.423808369    0.423807014
   16.108174204    0.423808523    0.423806935
   16.136633875    0.423808629    0.423806852
   16.165093547    0.423808631    0.423806763
   16.193553219    0.423808516    0.423806668
   16.222012891    0.423808327    0.423806567
   16.250472562    0.423808136    0.423806462
   16.278932234    0.423808017    0.423806353
   16.307391906    0.423808015    0.423806242
   16.335851578    0.423808120    0.423806129
   16.364311249    0.423808277    0.423806012
   16.392770921    0.423808405    0.423805889
   16.421230593    0.423808435    0.423805759
   16.449690265    0.423808341    0.423805621
   16.478149936    0.423808151    0.423805474
   16.506609608    0.423807934    0.423805321
   16.535069280    0.423807774    0.423805161
   16.563528952    0.423807727    0.423804997
   16.591988623    0.423807801    0.423804828
   16.620448295    0.423807950    0.423804653
   16.648907967    0.423808093    0.423804471
   16.677367639    0.423808150    0.423804278
   16.705827310    0.423808078    0.423804075
   16.734286982    0.423807890    0.423803859
   16.762746654    0.423807650    0.423803633
   16.791206325    0.423807445    0.423803398
   16.819665997    0.423807346    0.423803153
   16.848125669    0.423807379    0.423802901
   16.876585341    0.423807508    0.423802639
   16.905045012    0.423807657    0.423802366
   16.933504684    0.423807736    0.423802079
   16.961964356    0.423807686    0.423801777
   16.990424028    0.423807503    0.423801458
   17.018883699    0.423807241    0.423801123
   17.047343371    0.423806989    0.423800772
   17.075803043    0.423806830    0.423800407
   17.104262715    0.423806807    0.423800029
   17.132722386    0.423806903    0.423799635
   17.161182058    0.423807044    0.423799225
   17.189641730    0.423807136    0.423798796
   17.218101402    0.423807105    0.423798343
   17.246561073    0.423806926    0.423797867
   17.275020745    0.423806641    0.423797367
   17.303480417    0.423806337    0.423796842
   17.331940088    0.423806107    0.423796295
   17.360399760    0.423806014    0.423795725
   17.388859432    0.423806056    0.423795131
   17.417319104    0.423806172    0.423794513
   17.445778775    0.423806264    0.423793865
   17.474238447    0.423806241    0.423793184
   17.502698119    0.423806062    0.423792469
   17.531157791    0.423805749    0.423791717
   17.559617462    0.423805385    0.423790928
   17.588077134    0.423805072    0.423790103
   17.616536806    0.423804888    0.423789243
   17.644996478    0.423804854    0.423788345
   17.673456149    0.423804921    0.423787408
   17.701915821    0.423804991    0.423786427
   17.730375493    0.423804961    0.423785399
   17.758835165    0.423804770    0.423784318
   17.787294836    0.423804420    0.423783183
   17.815754508    0.423803984    0.423781991
   17.844214180    0.423803568    0.423780744
   17.872673852    0.423803268    0.423779440
   17.901133523    0.423803126    0.423778078
   17.929593195    0.423803109    0.423776654
   17.958052867    0.423803126    0.423775164
   17.986512538    0.423803062    0.423773602
   18.014972210    0.423802834    0.423771962
   18.043431882    0.423802424    0.423770240
   18.071891554    0.423801888    0.423768432
   18.100351225    0.423801335    0.423766538
   18.128810897    0.423800874    0.423764554
   18.157270569    0.423800571    0.423762480
   18.185730241    0.423800415    0.423760310
   18.214189912    0.423800324    0.423758038
   18.242649584    0.423800179    0.423755657
   18.271109256    0.423799876    0.423753158
   18.299568928    0.423799372    0.423750535
   18.328028599    0.423798705    0.423747781
   18.356488271    0.423797979    0.423744893
   18.384947943    0.423797315    0.423741866
   18.413407615    0.423796800    0.423738698
   18.441867286    0.423796447    0.423735380
   18.470326958    0.423796189    0.423731905
   18.498786630    0.423795903    0.423728263
   18.527246301    0.423795468    0.423724441
   18.555705973    0.423794815    0.423720429
   18.584165645    0.423793960    0.423716217
   18.612625317    0.423792996    0.423711798
   18.641084988    0.423792052    0.423707163
   18.669544660    0.423791238    0.423702307
   18.698004332    0.423790592    0.423697218
   18.726464004    0.423790066    0.423691885
   18.754923675    0.423789540    0.423686293
   18.783383347    0.423788877    0.423680426
   18.811843019    0.423787981    0.423674266
   18.840302691    0.423786842    0.423667799
   18.868762362    0.423785536    0.423661010
   18.897222034    0.423784196    0.423653887
   18.925681706    0.423782953    0.423646417
   18.954141378    0.423781873    0.423638584
   18.982601049    0.423780930    0.423630372
   19.011060721    0.423780013    0.423621757
   19.039520393    0.423778972    0.423612716
   19.067980065    0.423777686    0.423603224
   19.096439736    0.423776112    0.423593255
   19.124899408    0.423774305    0.423582788
   19.153359080    0.423772397    0.423571800
   19.181818751    0.423770534    0.423560268
   19.210278423    0.423768812    0.423548169
   19.238738095    0.423767233    0.423535476
   19.267197767    0.423765699    0.423522155
   19.295657438    0.423764053    0.423508171
   19.324117110    0.423762146    0.423493486
   19.352576782    0.423759902    0.423478061
   19.381036454    0.423757347    0.423461856
   19.409496125    0.423754603    0.423444837
   19.437955797    0.423751830    0.423426966
   19.466415469    0.423749152    0.423408203
   19.494875141    0.423746603    0.423388507
   19.523334812    0.423744104    0.423367826
   19.551794484    0.423741497    0.423346108
   19.580254156    0.423738607    0.423323292
   19.608713828    0.423735319    0.423299318
   19.637173499    0.423731626    0.423274124
   19.665633171    0.423727633    0.423247649
   19.694092843    0.423723504    0.423219832
   19.722552514    0.423719393    0.423190611
   19.751012186    0.423715369    0.423159915
   19.779471858    0.423711377    0.423127670
   19.807931530    0.423707263    0.423093789
   19.836391201    0.423702830    0.423058182
   19.864850873    0.423697923    0.423020751
   19.893310545    0.423692493    0.422981397
   19.921770217    0.423686616    0.422940021
   19.950229888    0.423680456    0.422896523
   19.978689560    0.423674191    0.422850799
   20.007149232    0.423667925    0.422802737
   20.035608904    0.423661637    0.422752218
   20.064068575    0.423655180    0.422699108
   20.092528247    0.423648340    0.422643261
   20.120987919    0.423640916    0.422584525
   20.149447591    0.423632812    0.422522739
   20.177907262    0.423624063    0.422457740
   20.206366934    0.423614823    0.422389364
   20.234826606    0.423605286    0.422317440
   20.263286278    0.423595594    0.422241788
   20.291745949    0.423585762    0.422162215
   20.320205621    0.423575661    0.422078510
   20.348665293    0.423565058    0.421990441
   20.377124964    0.423553712    0.421897761
   20.405584636    0.423541464    0.421800212
   20.434044308    0.423528301    0.421697526
   20.462503980    0.423514350    0.421589433
   20.490963651    0.423499814    0.421475652
   20.519423323    0.423484870    0.421355892
   20.547882995    0.423469573    0.421229841
   20.576342667    0.423453816    0.421097159
   20.604802338    0.423437358    0.420957473
   20.633262010    0.423419908    0.420810385
   20.661721682    0.423401239    0.420655470
   20.690181354    0.423381270    0.420492290
   20.718641025    0.423360085    0.420320397
   20.747100697    0.423337881    0.420139335
   20.775560369    0.423314862    0.419948631
   20.804020041    0.423291125    0.419747781
   20.832479712    0.423266590    0.419536237
   20.860939384    0.423241009    0.419313395
   20.889399056    0.423214041    0.419078596
   20.917858727    0.423185375    0.418831137
   20.946318399    0.423154843    0.418570294
   20.974778071    0.423122460    0.418295346
   21.003237743    0.423088399    0.418005595
   21.031697414    0.423052879    0.417700358
   21.060157086    0.423016035    0.417378943
   21.088616758    0.422977818    0.417040593
   21.117076430    0.422937975    0.416684412
   21.145536101    0.422896110    0.416309301
   21.173995773    0.422851815    0.415913899
   21.202455445    0.422804805    0.415496578
   21.230915117    0.422754998    0.415055484
   21.259374788    0.422702511    0.414588630
   21.287834460    0.422647557    0.414094038
   21.316294132    0.422590301    0.413569901
   21.344753804    0.422530724    0.413014741
   21.373213475    0.422468565    0.412427538
   21.401673147    0.422403364    0.411807805
   21.430132819    0.422334590    0.411155611
   21.458592491    0.422261804    0.410471547
   21.487052162    0.422184780    0.409756647
   21.515511834    0.422103532    0.409012293
   21.543971506    0.422018233    0.408240119
   21.572431177    0.421929052    0.407441920
   21.600890849    0.421835989    0.406619589
   21.629350521    0.421738768    0.405775073
   21.657810193    0.421636844    0.404910335
   21.686269864    0.421529527    0.404027332
   21.714729536    0.421416171    0.403127981
   21.743189208    0.421296335    0.402214121
   21.771648880    0.421169864    0.401287480
   21.800108551    0.421036833    0.400349634
   21.828568223    0.420897379    0.399401970
   21.857027895    0.420751496    0.398445666
   21.885487567    0.420598873    0.397481660
   21.913947238    0.420438850    0.396510622
   21.942406910    0.420270526    0.395532909
   21.970866582    0.420092964    0.394548497
   21.999326254    0.419905409    0.393556890
   22.027785925    0.419707432    0.392557026
   22.056245597    0.419498914    0.391547166
   22.084705269    0.419279893    0.390524826
   22.113164940    0.419050307    0.389486736
   22.141624612    0.418809764    0.388428872
   22.170084284    0.418557435    0.387346534
   22.198543956    0.418292114    0.386234493
   22.227003627    0.418012441    0.385087165
   22.255463299    0.417717180    0.383898790
   22.283922971    0.417405453    0.382663604
   22.312382643    0.417076791    0.381375963
   22.340842314    0.416731003    0.380030428
   22.369301986    0.416367879    0.378621800
   22.397761658    0.415986872    0.377145125
   22.426221330    0.415586883    0.375595674
   22.454681001    0.415166253    0.373968932
   22.483140673    0.414722987    0.372260592
   22.511600345    0.414255105    0.370466562
   22.540060017    0.413760992    0.368582991
   22.568519688    0.413239571    0.366606293
   22.596979360    0.412690215    0.364533176
   22.625439032    0.412112426    0.362360662
   22.653898703    0.411505383    0.360086098
   22.682358375    0.410867568    0.357707179
   22.710818047    0.410196638    0.355221964
   22.739277719    0.409489610    0.352628918
   22.767737390    0.408743305    0.349926973
   22.796197062    0.407954879    0.347115595
   22.824656734    0.407122193    0.344194870
   22.853116406    0.406243853    0.341165569
   22.881576077    0.405318852    0.338029201
   22.910035749    0.404345945    0.334788035
   22.938495421    0.403322998    0.331445078
   22.966955093    0.402246599    0.328004032
   22.995414764    0.401112140    0.324469224
   23.023874436    0.399914380    0.320845528
   23.052334108    0.398648295    0.317138281
   23.080793780    0.397309859    0.313353217
   23.109253451    0.395896392    0.309496406
   23.137713123    0.394406231    0.305574204
   23.166172795    0.392837784    0.301593206
   23.194632467    0.391188258    0.297560197
   23.223092138    0.389452618    0.293482101
   23.251551810    0.387623281    0.289365925
   23.280011482    0.385690849    0.285218696
   23.308471153    0.383645808    0.281047401
   23.336930825    0.381480670    0.276858937
   23.365390497    0.379191712    0.272660057
   23.393850169    0.376779469    0.268457322
   23.422309840    0.374247367    0.264257054
   23.450769512    0.371598475    0.260065274
   23.479229184    0.368831048    0.255887641
   23.507688856    0.365934079    0.251729371
   23.536148527    0.362884384    0.247595164
   23.564608199    0.359646530    0.243489135
   23.593067871    0.356176340    0.239414762
   23.621527543    0.352427732    0.235374869
   23.649987214    0.348361749    0.231371637
   23.678446886    0.343955887    0.227406652
   23.706906558    0.339211594    0.223480972
   23.735366230    0.334158147    0.219595210
   23.763825901    0.328851925    0.215749602
   23.792285573    0.323371186    0.211944068
   23.820745245    0.317807511    0.208178243
   23.849204916    0.312255814    0.204451482
   23.877664588    0.306805001    0.200762848
   23.906124260    0.301531025    0.197111090
   23.934583932    0.296493277    0.193494620
   23.963043603    0.291734338    0.189911504
   23.991503275    0.287282225    0.186359465
   24.019962947    0.283153830    0.182835903
   24.048422619    0.279358198    0.179337923
   24.076882290    0.275898702    0.175862369
   24.105341962    0.272773781    0.172405852
   24.133801634    0.269976566    0.168964780
   24.162261306    0.267494054    0.165535375
   24.190720977    0.265306590    0.162113692
   24.219180649    0.263388076    0.158695643
   24.247640321    0.261706833    0.155277020
   24.276099993    0.260226598    0.151853532
   24.304559664    0.258906840    0.148420840
   24.333019336    0.257701755    0.144974599
   24.361479008    0.256557696    0.141510494
   24.389938680    0.255409508    0.138024258
   24.418398351    0.254176822    0.134511696
   24.446858023    0.252761749    0.130968679
   24.475317695    0.251049310    0.127391155
   24.503777366    0.248911426    0.123775139
   24.532237038    0.246214369    0.120116728
   24.560696710    0.242828655    0.116412112
   24.589156382    0.238639606    0.112657601
   24.617616053    0.233556460    0.108849655
   24.646075725    0.227518224    0.104984921
   24.674535397    0.220495172    0.101060255
   24.702995069    0.212485953    0.097072757
   24.731454740    0.203511295    0.093019782
   24.759914412    0.193606020    0.088898958
   24.788374084    0.182811324    0.084708196
   24.816833756    0.171168934    0.080445706
   24.845293427    0.158718056    0.076110005
   24.873753099    0.145495111    0.071699938
   24.902212771    0.131535490    0.067214688
   24.930672443    0.116876121    0.062653783
   24.959132114    0.101557662    0.058017102
   24.987591786    0.085625556    0.053304869
   25.016051458    0.069129819    0.048517649
   25.044511129    0.052124051    0.043656331
   25.072970801    0.034664514    0.038722130
   25.101430473    0.016810114    0.033716575
   25.129890145   -0.001376243    0.028641512
   25.158349816   -0.019825047    0.023499104
   25.186809488   -0.038457027    0.018291827
   25.215269160   -0.057180505    0.013022463
   25.243728832   -0.075890322    0.007694092
   25.272188503   -0.094469041    0.002310066
   25.300648175   -0.112790493   -0.003126004
   25.329107847   -0.130725103   -0.008610267
   25.357567519   -0.148145898   -0.014138650
   25.386027190   -0.164933990   -0.019706864
   25.414486862   -0.180982476   -0.025310411
   25.442946534   -0.196198261   -0.030944593
   25.471406206   -0.210501891   -0.036604518
   25.499865877   -0.223826015   -0.042285127
   25.528325549   -0.236113388   -0.047981213
   25.556785221   -0.247315257   -0.053687455
   25.585244893   -0.257390659   -0.059398445
   25.613704564   -0.266306698   -0.065108711
   25.642164236   -0.274039455   -0.070812729
   25.670623908   -0.280574956   -0.076504931
   25.699083579   -0.285909684   -0.082179706
   25.727543251   -0.290050385   -0.087831410
   25.756002923   -0.293013277   -0.093454384
   25.784462595   -0.294823137   -0.099042986
   25.812922266   -0.295512786   -0.104591636
   25.841381938   -0.295123433   -0.110094864
   25.869841610   -0.293705910   -0.115547348
   25.898301282   -0.291322435   -0.120943931
   25.926760953   -0.288048141   -0.126279608
   25.955220625   -0.283971510   -0.131549486
   25.983680297   -0.279193005   -0.136748730
   26.012139969   -0.273821658   -0.141872503
   26.040599640   -0.267969952   -0.146915926
   26.069059312   -0.261747890   -0.151874090
   26.097518984   -0.255257456   -0.156742106
   26.125978656   -0.248588629   -0.161515222
   26.154438327   -0.241817784   -0.166188970
   26.182897999   -0.235008680   -0.170759338
   26.211357671   -0.228215580   -0.175222940
   26.239817342   -0.221487562   -0.179577139
   26.268277014   -0.214872805   -0.183820140
   26.296736686   -0.208421803   -0.187951007
   26.325196358   -0.202188836   -0.191969635
   26.353656029   -0.196231582   -0.195876686
   26.382115701   -0.190609314   -0.199673491
   26.410575373   -0.185380411   -0.203361959
   26.439035045   -0.180600034   -0.206944485
   26.467494716   -0.176318557   -0.210423887
   26.495954388   -0.172581030   -0.213803345
   26.524414060   -0.169427503   -0.217086358
   26.552873732   -0.166893793   -0.220276710
   26.581333403   -0.165012145   -0.223378425
   26.609793075   -0.163811400   -0.226395722
   26.638252747   -0.163316522   -0.229332964
   26.666712419   -0.163547664   -0.232194605
   26.695172090   -0.164519153   -0.234985134
   26.723631762   -0.166238848   -0.237709021
   26.752091434   -0.168708217   -0.240370659
   26.780551106   -0.171923206   -0.242974305
   26.809010777   -0.175875714   -0.245524004
   26.837470449   -0.180555259   -0.248023497
   26.865930121   -0.185950365   -0.250476128
   26.894389792   -0.192049269   -0.252884728
   26.922849464   -0.198839781   -0.255251517
   26.951309136   -0.206308411   -0.257578020
   26.979768808   -0.214439045   -0.259865028
   27.008228479   -0.223211631   -0.262112599
   27.036688151   -0.232601208   -0.264320119
   27.065147823   -0.242577545   -0.266486404
   27.093607495   -0.253105365   -0.268609844
   27.122067166   -0.264145015   -0.270688546
   27.150526838   -0.275653286   -0.272720480
   27.178986510   -0.287584145   -0.274703589
   27.207446182   -0.299889217   -0.276635866
   27.235905853   -0.312517995   -0.278515384
   27.264365525   -0.325417925   -0.280340297
   27.292825197   -0.338534504   -0.282108822
   27.321284869   -0.351811565   -0.283819216
   27.349744540   -0.365191783   -0.285469756
   27.378204212   -0.378617363   -0.287058739
   27.406663884   -0.392030747   -0.288584499
   27.435123555   -0.405375191   -0.290045422
   27.463583227   -0.418595081   -0.291439978
   27.492042899   -0.431635983   -0.292766741
   27.520502571   -0.444444504   -0.294024403
   27.548962242   -0.456968123   -0.295211794
   27.577421914   -0.469155138   -0.296327894
   27.605881586   -0.480954832   -0.297371870
   27.634341258   -0.492317854   -0.298343114
   27.662800929   -0.503196714   -0.299241314
   27.691260601   -0.513546257   -0.300066517
   27.719720273   -0.523323977   -0.300819200
   27.748179945   -0.532490112   -0.301500322
   27.776639616   -0.541007542   -0.302111344
   27.805099288   -0.548841617   -0.302654219
   27.833558960   -0.555960034   -0.303131345
   27.862018632   -0.562332878   -0.303545497
   27.890478303   -0.567932878   -0.303899740
   27.918937975   -0.572735796   -0.304197358
   27.947397647   -0.576720846   -0.304441777
   27.975857319   -0.579870998   -0.304636517
   28.004316990   -0.582173080   -0.304785157
   28.032776662   -0.583617667   -0.304891304
   28.061236334   -0.584198835   -0.304958576
   28.089696005   -0.583913903   -0.304990567
   28.118155677   -0.582763297   -0.304990821
   28.146615349   -0.580750589   -0.304962788
   28.175075021   -0.577882706   -0.304909794
   28.203534692   -0.574170193   -0.304835008
   28.231994364   -0.569627414   -0.304741419
   28.260454036   -0.564272565   -0.304631827
   28.288913708   -0.558127467   -0.304508827
   28.317373379   -0.551217190   -0.304374793
   28.345833051   -0.543569624   -0.304231862
   28.374292723   -0.535215136   -0.304081890
   28.402752395   -0.526186419   -0.303926419
   28.431212066   -0.516518530   -0.303766634
   28.459671738   -0.506249057   -0.303603345
   28.488131410   -0.495418265   -0.303436983
   28.516591082   -0.484069095   -0.303267642
   28.545050753   -0.472246942   -0.303095146
   28.573510425   -0.459999227   -0.302919141
   28.601970097   -0.447374878   -0.302739203
   28.630429768   -0.434423871   -0.302554936
   28.658889440   -0.421196962   -0.302366056
   28.687349112   -0.407745650   -0.302172437
   28.715808784   -0.394122332   -0.301974132
   28.744268455   -0.380380476   -0.301771363
   28.772728127   -0.366574670   -0.301564491
   28.801187799   -0.352760405   -0.301353985
   28.829647471   -0.338993588   -0.301140389
   28.858107142   -0.325329861   -0.300924299
   28.886566814   -0.311823918   -0.300706354
   28.915026486   -0.298528987   -0.300487234
   28.943486158   -0.285496571   -0.300267652
   28.971945829   -0.272776436   -0.300048351
   29.000405501   -0.260416687   -0.299830084
   29.028865173   -0.248463711   -0.299613598
   29.057324845   -0.236961824   -0.299399599
   29.085784516   -0.225952543   -0.299188726
   29.114244188   -0.215473608   -0.298981521
   29.142703860   -0.205558009   -0.298778413
   29.171163532   -0.196233346   -0.298579707
   29.199623203   -0.187521783   -0.298385571
   29.228082875   -0.179440703   -0.298196043
   29.256542547   -0.172003914   -0.298011018
   29.285002218   -0.165223069   -0.297830253
   29.313461890   -0.159108851   -0.297653354
   29.341921562   -0.153671526   -0.297479774
   29.370381234   -0.148920649   -0.297308805
   29.398840905   -0.144863991   -0.297139585
   29.427300577   -0.141505994   -0.296971105
   29.455760249   -0.138846237   -0.296802226
   29.484219921   -0.136878385   -0.296631707
   29.512679592   -0.135589938   -0.296458233
   29.541139264   -0.134962837   -0.296280449
   29.569598936   -0.134974721   -0.296096985
   29.598058608   -0.135600433   -0.295906488
   29.626518279   -0.136813348   -0.295707644
   29.654977951   -0.138586181   -0.295499191
   29.683437623   -0.140891181   -0.295279940
   29.711897295   -0.143699813   -0.295048782
   29.740356966   -0.146982221   -0.294804696
   29.768816638   -0.150706800   -0.294546758
   29.797276310   -0.154840113   -0.294274144
   29.825735981   -0.159347222   -0.293986132
   29.854195653   -0.164192301   -0.293682101
   29.882655325   -0.169339295   -0.293361534
   29.911114997   -0.174752332   -0.293024020
   29.939574668   -0.180395748   -0.292669254
   29.968034340   -0.186233683   -0.292297041
   29.996494012   -0.192229441   -0.291907303
   30.024953684   -0.198344847   -0.291500085
   30.053413355   -0.204539869   -0.291075556
   30.081873027   -0.210772652   -0.290634013
   30.110332699   -0.216999961   -0.290175880
   30.138792371   -0.223177853   -0.289701705
   30.167252042   -0.229262355   -0.289212149
   30.195711714   -0.235209924   -0.288707988
   30.224171386   -0.240977547   -0.288190099
   30.252631058   -0.246522557   -0.287659457
   30.281090729   -0.251802307   -0.287117131
   30.309550401   -0.256773955   -0.286564280
   30.338010073   -0.261394571   -0.286002142
   30.366469745   -0.265621644   -0.285432034
   30.394929416   -0.269413947   -0.284855336
   30.423389088   -0.272732568   -0.284273481
   30.451848760   -0.275541866   -0.283687941
   30.480308431   -0.277810153   -0.283100215
   30.508768103   -0.279510013   -0.282511820
   30.537227775   -0.280618312   -0.281924278
   30.565687447   -0.281116070   -0.281339108
   30.594147118   -0.280988417   -0.280757822
   30.622606790   -0.280224804   -0.280181913
   30.651066462   -0.278819541   -0.279612846
   30.679526134   -0.276772575   -0.279052047
   30.707985805   -0.274090307   -0.278500890
   30.736445477   -0.270786227   -0.277960683
   30.764905149   -0.266881147   -0.277432660
   30.793364821   -0.262402950   -0.276917969
   30.821824492   -0.257385926   -0.276417668
   30.850284164   -0.251869860   -0.275932720
   30.878743836   -0.245899136   -0.275463991
   30.907203508   -0.239522076   -0.275012242
   30.935663179   -0.232790663   -0.274578128
   30.964122851   -0.225760625   -0.274162190
   30.992582523   -0.218491773   -0.273764852
   31.021042194   -0.211048338   -0.273386413
   31.049501866   -0.203499096   -0.273027050
   31.077961538   -0.195917064   -0.272686814
   31.106421210   -0.188378701   -0.272365643
   31.134880881   -0.180962663   -0.272063362
   31.163340553   -0.173748249   -0.271779692
   31.191800225   -0.166813777   -0.271514257
   31.220259897   -0.160235080   -0.271266588
   31.248719568   -0.154084292   -0.271036121
   31.277179240   -0.148428978   -0.270822203
   31.305638912   -0.143331581   -0.270624087
   31.334098584   -0.138849049   -0.270440938
   31.362558255   -0.135032514   -0.270271836
   31.391017927   -0.131926875   -0.270115783
   31.419477599   -0.129570211   -0.269971712
   31.447937271   -0.127993052   -0.269838500
   31.476396942   -0.127217612   -0.269714982
   31.504856614   -0.127257143   -0.269599967
   31.533316286   -0.128115609   -0.269492265
   31.561775958   -0.129787807   -0.269390707
   31.590235629   -0.132260008   -0.269294178
   31.618695301   -0.135511056   -0.269201650
   31.647154973   -0.139513782   -0.269112210
   31.675614644   -0.144236508   -0.269025089
   31.704074316   -0.149644428   -0.268939686
   31.732533988   -0.155700676   -0.268855578
   31.760993660   -0.162367009   -0.268772527
   31.789453331   -0.169604142   -0.268690484
   31.817913003   -0.177371832   -0.268609579
   31.846372675   -0.185628898   -0.268530118
   31.874832347   -0.194333311   -0.268452579
   31.903292018   -0.203442461   -0.268377606
   31.931751690   -0.212913572   -0.268305994
   31.960211362   -0.222704204   -0.268238684
   31.988671034   -0.232772695   -0.268176736
   32.017130705   -0.243078411   -0.268121300
   32.045590377   -0.253581738   -0.268073580
   32.074050049   -0.264243807   -0.268034789
   32.102509721   -0.275026064   -0.268006110
   32.130969392   -0.285889798   -0.267988649
   32.159429064   -0.296795800   -0.267983401
   32.187888736   -0.307704247   -0.267991221
   32.216348407   -0.318574852   -0.268012791
   32.244808079   -0.329367232   -0.268048604
   32.273267751   -0.340041407   -0.268098931
   32.301727423   -0.350558308   -0.268163807
   32.330187094   -0.360880191   -0.268243005
   32.358646766   -0.370970914   -0.268336026
   32.387106438   -0.380796069   -0.268442091
   32.415566110   -0.390323013   -0.268560153
   32.444025781   -0.399520839   -0.268688911
   32.472485453   -0.408360345   -0.268826849
   32.500945125   -0.416814020   -0.268972263
   32.529404797   -0.424856030   -0.269123309
   32.557864468   -0.432462211   -0.269278027
   32.586324140   -0.439610040   -0.269434378
   32.614783812   -0.446278588   -0.269590264
   32.643243484   -0.452448474   -0.269743551
   32.671703155   -0.458101836   -0.269892092
   32.700162827   -0.463222339   -0.270033760
   32.728622499   -0.467795225   -0.270166479
   32.757082171   -0.471807374   -0.270288274
   32.785541842   -0.475247361   -0.270397311
   32.814001514   -0.478105478   -0.270491939
   32.842461186   -0.480373711   -0.270570728
   32.870920857   -0.482045684   -0.270632491
   32.899380529   -0.483116611   -0.270676304
   32.927840201   -0.483583287   -0.270701507
   32.956299873   -0.483444126   -0.270707711
   32.984759544   -0.482699268   -0.270694804
   33.013219216   -0.481350681   -0.270662945
   33.041678888   -0.479402245   -0.270612576
   33.070138560   -0.476859750   -0.270544413
   33.098598231   -0.473730805   -0.270459447
   33.127057903   -0.470024676   -0.270358922
   33.155517575   -0.465752114   -0.270244309
   33.183977247   -0.460925229   -0.270117274
   33.212436918   -0.455557467   -0.269979631
   33.240896590   -0.449663704   -0.269833305
   33.269356262   -0.443260405   -0.269680291
   33.297815934   -0.436365790   -0.269522621
   33.326275605   -0.428999934   -0.269362337
   33.354735277   -0.421184734   -0.269201468
   33.383194949   -0.412943777   -0.269042005
   33.411654620   -0.404302140   -0.268885871
   33.440114292   -0.395286221   -0.268734891
   33.468573964   -0.385923697   -0.268590756
   33.497033636   -0.376243628   -0.268454981
   33.525493307   -0.366276705   -0.268328873
   33.553952979   -0.356055523   -0.268213506
   33.582412651   -0.345614764   -0.268109698
   33.610872323   -0.334991170   -0.268018012
   33.639331994   -0.324223227   -0.267938752
   33.667791666   -0.313350617   -0.267871975
   33.696251338   -0.302413523   -0.267817507
   33.724711010   -0.291451978   -0.267774958
   33.753170681   -0.280505420   -0.267743740
   33.781630353   -0.269612548   -0.267723090
   33.810090025   -0.258811516   -0.267712097
   33.838549697   -0.248140351   -0.267709739
   33.867009368   -0.237637464   -0.267714922
   33.895469040   -0.227342060   -0.267726529
   33.923928712   -0.217294339   -0.267743464
   33.952388384   -0.207535433   -0.267764702
   33.980848055   -0.198107150   -0.267789320
   34.009307727   -0.189051627   -0.267816529
   34.037767399   -0.180411047   -0.267845686
   34.066227070   -0.172227514   -0.267876304
   34.094686742   -0.164543096   -0.267908050
   34.123146414   -0.157399976   -0.267940749
   34.151606086   -0.150840541   -0.267974382
   34.180065757   -0.144907249   -0.268009089
   34.208525429   -0.139642119   -0.268045174
   34.236985101   -0.135085790   -0.268083110
   34.265444773   -0.131276187   -0.268123533
   34.293904444   -0.128246935   -0.268167237
   34.322364116   -0.126025719   -0.268215157
   34.350823788   -0.124632814   -0.268268344
   34.379283460   -0.124079964   -0.268327932
   34.407743131   -0.124369704   -0.268395107
   34.436202803   -0.125495163   -0.268471076
   34.464662475   -0.127440267   -0.268557039
   34.493122147   -0.130180208   -0.268654166
   34.521581818   -0.133682046   -0.268763582
   34.550041490   -0.137905305   -0.268886356
   34.578501162   -0.142802464   -0.269023492
   34.606960833   -0.148319337   -0.269175920
   34.635420505   -0.154395380   -0.269344495
   34.663880177   -0.160964029   -0.269529988
   34.692339849   -0.167953203   -0.269733083
   34.720799520   -0.175286077   -0.269954371
   34.749259192   -0.182882188   -0.270194350
   34.777718864   -0.190658872   -0.270453419
   34.806178536   -0.198532902   -0.270731878
   34.834638207   -0.206422165   -0.271029923
   34.863097879   -0.214247164   -0.271347640
   34.891557551   -0.221932152   -0.271685004
   34.920017223   -0.229405803   -0.272041868
   34.948476894   -0.236601413   -0.272417966
   34.976936566   -0.243456770   -0.272812906
   35.005396238   -0.249913893   -0.273226175
   35.033855910   -0.255918865   -0.273657141
   35.062315581   -0.261421958   -0.274105062
   35.090775253   -0.266378105   -0.274569092
   35.119234925   -0.270747674   -0.275048283
   35.147694597   -0.274497352   -0.275541596
   35.176154268   -0.277600940   -0.276047905
   35.204613940   -0.280039824   -0.276565999
   35.233073612   -0.281803026   -0.277094590
   35.261533283   -0.282886837   -0.277632321
   35.289992955   -0.283294167   -0.278177776
   35.318452627   -0.283033806   -0.278729495
   35.346912299   -0.282119801   -0.279285983
   35.375371970   -0.280571049   -0.279845724
   35.403831642   -0.278411132   -0.280407192
   35.432291314   -0.275668269   -0.280968860
   35.460750986   -0.272375225   -0.281529206
   35.489210657   -0.268569021   -0.282086721
   35.517670329   -0.264290348   -0.282639919
   35.546130001   -0.259582731   -0.283187344
   35.574589673   -0.254491562   -0.283727585
   35.603049344   -0.249063190   -0.284259287
   35.631509016   -0.243344236   -0.284781166
   35.659968688   -0.237381223   -0.285292016
   35.688428360   -0.231220485   -0.285790721
   35.716888031   -0.224908232   -0.286276253
   35.745347703   -0.218490595   -0.286747682
   35.773807375   -0.212013518   -0.287204175
   35.802267046   -0.205522422   -0.287644999
   35.830726718   -0.199061716   -0.288069529
   35.859186390   -0.192674293   -0.288477252
   35.887646062   -0.186401182   -0.288867774
   35.916105733   -0.180281491   -0.289240823
   35.944565405   -0.174352653   -0.289596246
   35.973025077   -0.168650882   -0.289934013
   36.001484749   -0.163211636   -0.290254201
   36.029944420   -0.158069910   -0.290556992
   36.058404092   -0.153260211   -0.290842665
   36.086863764   -0.148816226   -0.291111586
   36.115323436   -0.144770323   -0.291364215
   36.143783107   -0.141153112   -0.291601099
   36.172242779   -0.137993280   -0.291822879
   36.200702451   -0.135317844   -0.292030287
   36.229162123   -0.133152757   -0.292224147
   36.257621794   -0.131523676   -0.292405365
   36.286081466   -0.130456557   -0.292574917
   36.314541138   -0.129977773   -0.292733836
   36.343000810   -0.130113555   -0.292883190
   36.371460481   -0.130888778   -0.293024063
   36.399920153   -0.132325345   -0.293157530
   36.428379825   -0.134440551   -0.293284634
   36.456839496   -0.137245897   -0.293406353
   36.485299168   -0.140746668   -0.293523577
   36.513758840   -0.144942395   -0.293637070
   36.542218512   -0.149828054   -0.293747448
   36.570678183   -0.155395626   -0.293855148
   36.599137855   -0.161635547   -0.293960410
   36.627597527   -0.168537613   -0.294063272
   36.656057199   -0.176091102   -0.294163560
   36.684516870   -0.184284109   -0.294260903
   36.712976542   -0.193102335   -0.294354734
   36.741436214   -0.202527733   -0.294444310
   36.769895886   -0.212537406   -0.294528717
   36.798355557   -0.223103062   -0.294606892
   36.826815229   -0.234191131   -0.294677631
   36.855274901   -0.245763415   -0.294739616
   36.883734573   -0.257778052   -0.294791441
   36.912194244   -0.270190452   -0.294831647
   36.940653916   -0.282954009   -0.294858768
   36.969113588   -0.296020459   -0.294871381
   36.997573259   -0.309339956   -0.294868157
   37.026032931   -0.322861026   -0.294847910
   37.054492603   -0.336530585   -0.294809642
   37.082952275   -0.350294171   -0.294752581
   37.111411946   -0.364096413   -0.294676211
   37.139871618   -0.377881672   -0.294580299
   37.168331290   -0.391594677   -0.294464913
   37.196790962   -0.405181026   -0.294330439
   37.225250633   -0.418587429   -0.294177588
   37.253710305   -0.431761713   -0.294007399
   37.282169977   -0.444652689   -0.293821231
   37.310629649   -0.457210009   -0.293620740
   37.339089320   -0.469384174   -0.293407856
   37.367548992   -0.481126745   -0.293184745
   37.396008664   -0.492390746   -0.292953768
   37.424468336   -0.503131147   -0.292717446
   37.452928007   -0.513305290   -0.292478420
   37.481387679   -0.522873164   -0.292239418
   37.509847351   -0.531797461   -0.292003224
   37.538307023   -0.540043477   -0.291772644
   37.566766694   -0.547578971   -0.291550463
   37.595226366   -0.554374083   -0.291339410
   37.623686038   -0.560401435   -0.291142102
   37.652145709   -0.565636394   -0.290960995
   37.680605381   -0.570057453   -0.290798336
   37.709065053   -0.573646608   -0.290656120
   37.737524725   -0.576389601   -0.290536056
   37.765984396   -0.578275980   -0.290439538
   37.794444068   -0.579298958   -0.290367637
   37.822903740   -0.579455182   -0.290321085
   37.851363412   -0.578744502   -0.290300270
   37.879823083   -0.577169872   -0.290305231
   37.908282755   -0.574737405   -0.290335656
   37.936742427   -0.571456577   -0.290390881
   37.965202099   -0.567340448   -0.290469898
   37.993661770   -0.562405816   -0.290571372
   38.022121442   -0.556673183   -0.290693673
   38.050581114   -0.550166526   -0.290834906
   38.079040786   -0.542912924   -0.290992958
   38.107500457   -0.534942161   -0.291165541
   38.135960129   -0.526286423   -0.291350240
   38.164419801   -0.516980167   -0.291544543
   38.192879472   -0.507060167   -0.291745886
   38.221339144   -0.496565655   -0.291951682
   38.249798816   -0.485538432   -0.292159351
   38.278258488   -0.474022833   -0.292366365
   38.306718159   -0.462065493   -0.292570281
   38.335177831   -0.449714930   -0.292768792
   38.363637503   -0.437021058   -0.292959767
   38.392097175   -0.424034769   -0.293141293
   38.420556846   -0.410807683   -0.293311708
   38.449016518   -0.397392109   -0.293469625
   38.477476190   -0.383841154   -0.293613944
   38.505935862   -0.370208854   -0.293743861
   38.534395533   -0.356550164   -0.293858858
   38.562855205   -0.342920711   -0.293958697
   38.591314877   -0.329376297   -0.294043409
   38.619774549   -0.315972223   -0.294113271
   38.648234220   -0.302762585   -0.294168787
   38.676693892   -0.289799706   -0.294210654
   38.705153564   -0.277133762   -0.294239724
   38.733613236   -0.264812601   -0.294256963
   38.762072907   -0.252881637   -0.294263405
   38.790532579   -0.241383646   -0.294260103
   38.818992251   -0.230358359   -0.294248091
   38.847451922   -0.219841817   -0.294228347
   38.875911594   -0.209865617   -0.294201765
   38.904371266   -0.200456273   -0.294169135
   38.932830938   -0.191634951   -0.294131123
   38.961290609   -0.183417755   -0.294088261
   38.989750281   -0.175816589   -0.294040928
   39.018209953   -0.168840409   -0.293989340
   39.046669625   -0.162496509   -0.293933535
   39.075129296   -0.156791466   -0.293873368
   39.103588968   -0.151731391   -0.293808508
   39.132048640   -0.147321386   -0.293738448
   39.160508312   -0.143564338   -0.293662515
   39.188967983   -0.140459399   -0.293579900
   39.217427655   -0.138000647   -0.293489682
   39.245887327   -0.136176367   -0.293390861
   39.274346999   -0.134969207   -0.293282385
   39.302806670   -0.134357212   -0.293163185
   39.331266342   -0.134315469   -0.293032189
   39.359726014   -0.134817922   -0.292888353
   39.388185685   -0.135838895   -0.292730674
   39.416645357   -0.137353988   -0.292558207
   39.445105029   -0.139340211   -0.292370079
   39.473564701   -0.141775505   -0.292165497
   39.502024372   -0.144637911   -0.291943760
   39.530484044   -0.147904771   -0.291704259
   39.558943716   -0.151552215   -0.291446482
   39.587403388   -0.155555067   -0.291170009
   39.615863059   -0.159887087   -0.290874517
   39.644322731   -0.164521374   -0.290559774
   39.672782403   -0.169430660   -0.290225643
   39.701242075   -0.174587355   -0.289872088
   39.729701746   -0.179963256   -0.289499176
   39.758161418   -0.185529052   -0.289107085
   39.786621090   -0.191253771   -0.288696111
   39.815080762   -0.197104384   -0.288266669
   39.843540433   -0.203045676   -0.287819292
   39.872000105   -0.209040392   -0.287354632
   39.900459777   -0.215049563   -0.286873454
   39.928919449   -0.221032855   -0.286376628
   39.957379120   -0.226948798   -0.285865126
   39.985838792   -0.232754840   -0.285340017
   40.014298464   -0.238407277   -0.284802459
   40.042758135   -0.243861182   -0.284253698
   40.071217807   -0.249070499   -0.283695058
   40.099677479   -0.253988406   -0.283127939
   40.128137151   -0.258567985   -0.282553801
   40.156596822   -0.262763096   -0.281974158
   40.185056494   -0.266529311   -0.281390563
   40.213516166   -0.269824736   -0.280804596
   40.241975838   -0.272610624   -0.280217851
   40.270435509   -0.274851751   -0.279631930
   40.298895181   -0.276516658   -0.279048428
   40.327354853   -0.277577897   -0.278468929
   40.355814525   -0.278012423   -0.277894996
   40.384274196   -0.277802195   -0.277328161
   40.412733868   -0.276934952   -0.276769912
   40.441193540   -0.275405022   -0.276221685
   40.469653212   -0.273213993   -0.275684848
   40.498112883   -0.270371066   -0.275160692
   40.526572555   -0.266893025   -0.274650421
   40.555032227   -0.262803852   -0.274155144
   40.583491898   -0.258134115   -0.273675871
   40.611951570   -0.252920333   -0.273213507
   40.640411242   -0.247204503   -0.272768850
   40.668870914   -0.241033881   -0.272342585
   40.697330585   -0.234461029   -0.271935280
   40.725790257   -0.227544018   -0.271547381
   40.754249929   -0.220346610   -0.271179206
   40.782709601   -0.212938225   -0.270830947
   40.811169272   -0.205393562   -0.270502664
   40.839628944   -0.197791795   -0.270194296
   40.868088616   -0.190215386   -0.269905661
   40.896548288   -0.182748622   -0.269636467
   40.925007959   -0.175475999   -0.269386317
   40.953467631   -0.168480639   -0.269154715
   40.981927303   -0.161842833   -0.268941068
   41.010386975   -0.155638810   -0.268744687
   41.038846646   -0.149939760   -0.268564788
   41.067306318   -0.144811097   -0.268400491
   41.095765990   -0.140311927   -0.268250827
   41.124225662   -0.136494629   -0.268114739
   41.152685333   -0.133404492   -0.267991097
   41.181145005   -0.131079316   -0.267878710
   41.209604677   -0.129548947   -0.267776349
   41.238064348   -0.128834755   -0.267682761
   41.266524020   -0.128949118   -0.267596700
   41.294983692   -0.129895046   -0.267516950
   41.323443364   -0.131666091   -0.267442357
   41.351903035   -0.134246684   -0.267371855
   41.380362707   -0.137612973   -0.267304504
   41.408822379   -0.141734132   -0.267239510
   41.437282051   -0.146574008   -0.267176256
   41.465741722   -0.152092878   -0.267114318
   41.494201394   -0.158249055   -0.267053478
   41.522661066   -0.165000133   -0.266993727
   41.551120738   -0.172303744   -0.266935264
   41.579580409   -0.180117827   -0.266878490
   41.608040081   -0.188400560   -0.266824001
   41.636499753   -0.197110135   -0.266772578
   41.664959425   -0.206204601   -0.266725177
   41.693419096   -0.215641893   -0.266682912
   41.721878768   -0.225380086   -0.266647039
   41.750338440   -0.235377789   -0.266618920
   41.778798111   -0.245594519   -0.266599995
   41.807257783   -0.255990902   -0.266591730
   41.835717455   -0.266528599   -0.266595565
   41.864177127   -0.277169966   -0.266612863
   41.892636798   -0.287877541   -0.266644856
   41.921096470   -0.298613542   -0.266692601
   41.949556142   -0.309339548   -0.266756933
   41.978015814   -0.320016478   -0.266838443
   42.006475485   -0.330604887   -0.266937439
   42.034935157   -0.341065516   -0.267053936
   42.063394829   -0.351359930   -0.267187630
   42.091854501   -0.361451098   -0.267337887
   42.120314172   -0.371303785   -0.267503742
   42.148773844   -0.380884716   -0.267683895
   42.177233516   -0.390162531   -0.267876731
   42.205693188   -0.399107638   -0.268080343
   42.234152859   -0.407692045   -0.268292567
   42.262612531   -0.415889267   -0.268511027
   42.291072203   -0.423674320   -0.268733180
   42.319531875   -0.431023791   -0.268956362
   42.347991546   -0.437915933   -0.269177829
   42.376451218   -0.444330714   -0.269394796
   42.404910890   -0.450249818   -0.269604475
   42.433370561   -0.455656573   -0.269804113
   42.461830233   -0.460535863   -0.269991036
   42.490289905   -0.464874054   -0.270162690
   42.518749577   -0.468658965   -0.270316693
   42.547209248   -0.471879898   -0.270450884
   42.575668920   -0.474527709   -0.270563365
   42.604128592   -0.476594882   -0.270652543
   42.632588264   -0.478075575   -0.270717154
   42.661047935   -0.478965639   -0.270756289
   42.689507607   -0.479262601   -0.270769395
   42.717967279   -0.478965640   -0.270756289
   42.746426951   -0.478075577   -0.270717155
   42.774886622   -0.476594884   -0.270652544
   42.803346294   -0.474527713   -0.270563367
   42.831805966   -0.471879902   -0.270450886
   42.860265638   -0.468658970   -0.270316696
   42.888725309   -0.464874060   -0.270162694
   42.917184981   -0.460535870   -0.269991040
   42.945644653   -0.455656580   -0.269804117
   42.974104324   -0.450249826   -0.269604479
   43.002563996   -0.444330723   -0.269394801
   43.031023668   -0.437915942   -0.269177835
   43.059483340   -0.431023802   -0.268956369
   43.087943011   -0.423674331   -0.268733187
   43.116402683   -0.415889279   -0.268511034
   43.144862355   -0.407692058   -0.268292574
   43.173322027   -0.399107651   -0.268080351
   43.201781698   -0.390162545   -0.267876740
   43.230241370   -0.380884730   -0.267683904
   43.258701042   -0.371303800   -0.267503751
   43.287160714   -0.361451113   -0.267337897
   43.315620385   -0.351359946   -0.267187640
   43.344080057   -0.341065533   -0.267053947
   43.372539729   -0.330604905   -0.266937450
   43.400999401   -0.320016496   -0.266838454
   43.429459072   -0.309339567   -0.266756945
   43.457918744   -0.298613560   -0.266692613
   43.486378416   -0.287877560   -0.266644869
   43.514838088   -0.277169985   -0.266612876
   43.543297759   -0.266528619   -0.266595578
   43.571757431   -0.255990922   -0.266591744
   43.600217103   -0.245594539   -0.266600010
   43.628676774   -0.235377810   -0.266618935
   43.657136446   -0.225380107   -0.266647054
   43.685596118   -0.215641914   -0.266682928
   43.714055790   -0.206204622   -0.266725193
   43.742515461   -0.197110156   -0.266772594
   43.770975133   -0.188400581   -0.266824017
   43.799434805   -0.180117848   -0.266878507
   43.827894477   -0.172303765   -0.266935282
   43.856354148   -0.165000155   -0.266993745
   43.884813820   -0.158249076   -0.267053497
   43.913273492   -0.152092899   -0.267114337
   43.941733164   -0.146574029   -0.267176275
   43.970192835   -0.141734153   -0.267239530
   43.998652507   -0.137612994   -0.267304524
   44.027112179   -0.134246705   -0.267371876
   44.055571851   -0.131666112   -0.267442378
   44.084031522   -0.129895067   -0.267516971
   44.112491194   -0.128949139   -0.267596721
   44.140950866   -0.128834776   -0.267682783
   44.169410537   -0.129548968   -0.267776371
   44.197870209   -0.131079337   -0.267878733
   44.226329881   -0.133404513   -0.267991120
   44.254789553   -0.136494650   -0.268114763
   44.283249224   -0.140311947   -0.268250851
   44.311708896   -0.144811117   -0.268400516
   44.340168568   -0.149939780   -0.268564813
   44.368628240   -0.155638831   -0.268744712
   44.397087911   -0.161842854   -0.268941094
   44.425547583   -0.168480660   -0.269154742
   44.454007255   -0.175476020   -0.269386344
   44.482466927   -0.182748643   -0.269636494
   44.510926598   -0.190215409   -0.269905689
   44.539386270   -0.197791817   -0.270194324
   44.567845942   -0.205393585   -0.270502693
   44.596305614   -0.212938249   -0.270830976
   44.624765285   -0.220346634   -0.271179236
   44.653224957   -0.227544043   -0.271547411
   44.681684629   -0.234461054   -0.271935311
   44.710144300   -0.241033908   -0.272342616
   44.738603972   -0.247204531   -0.272768882
   44.767063644   -0.252920361   -0.273213539
   44.795523316   -0.258134144   -0.273675904
   44.823982987   -0.262803882   -0.274155177
   44.852442659   -0.266893056   -0.274650455
   44.880902331   -0.270371098   -0.275160726
   44.909362003   -0.273214026   -0.275684883
   44.937821674   -0.275405057   -0.276221720
   44.966281346   -0.276934987   -0.276769948
   44.994741018   -0.277802231   -0.277328197
   45.023200690   -0.278012460   -0.277895033
   45.051660361   -0.277577935   -0.278468967
   45.080120033   -0.276516698   -0.279048466
   45.108579705   -0.274851792   -0.279631969
   45.137039377   -0.272610665   -0.280217891
   45.165499048   -0.269824778   -0.280804636
   45.193958720   -0.266529354   -0.281390604
   45.222418392   -0.262763141   -0.281974199
   45.250878064   -0.258568030   -0.282553843
   45.279337735   -0.253988452   -0.283127981
   45.307797407   -0.249070545   -0.283695101
   45.336257079   -0.243861230   -0.284253741
   45.364716750   -0.238407325   -0.284802503
   45.393176422   -0.232754888   -0.285340062
   45.421636094   -0.226948847   -0.285865172
   45.450095766   -0.221032905   -0.286376674
   45.478555437   -0.215049613   -0.286873500
   45.507015109   -0.209040442   -0.287354679
   45.535474781   -0.203045727   -0.287819340
   45.563934453   -0.197104435   -0.288266718
   45.592394124   -0.191253822   -0.288696161
   45.620853796   -0.185529103   -0.289107135
   45.649313468   -0.179963307   -0.289499227
   45.677773140   -0.174587406   -0.289872139
   45.706232811   -0.169430712   -0.290225695
   45.734692483   -0.164521425   -0.290559827
   45.763152155   -0.159887139   -0.290874571
   45.791611827   -0.155555118   -0.291170063
   45.820071498   -0.151552267   -0.291446537
   45.848531170   -0.147904822   -0.291704315
   45.876990842   -0.144637962   -0.291943816
   45.905450513   -0.141775556   -0.292165554
   45.933910185   -0.139340262   -0.292370136
   45.962369857   -0.137354038   -0.292558266
   45.990829529   -0.135838946   -0.292730733
   46.019289200   -0.134817972   -0.292888413
   46.047748872   -0.134315519   -0.293032250
   46.076208544   -0.134357262   -0.293163246
   46.104668216   -0.134969257   -0.293282448
   46.133127887   -0.136176417   -0.293390923
   46.161587559   -0.138000697   -0.293489746
   46.190047231   -0.140459448   -0.293579964
   46.218506903   -0.143564388   -0.293662580
   46.246966574   -0.147321436   -0.293738514
   46.275426246   -0.151731440   -0.293808575
   46.303885918   -0.156791516   -0.293873435
   46.332345590   -0.162496559   -0.293933603
   46.360805261   -0.168840459   -0.293989409
   46.389264933   -0.175816640   -0.294040998
   46.417724605   -0.183417805   -0.294088332
   46.446184277   -0.191635002   -0.294131195
   46.474643948   -0.200456324   -0.294169207
   46.503103620   -0.209865668   -0.294201838
   46.531563292   -0.219841868   -0.294228421
   46.560022963   -0.230358411   -0.294248165
   46.588482635   -0.241383699   -0.294260178
   46.616942307   -0.252881690   -0.294263481
   46.645401979   -0.264812655   -0.294257040
   46.673861650   -0.277133816   -0.294239801
   46.702321322   -0.289799761   -0.294210732
   46.730780994   -0.302762641   -0.294168866
   46.759240666   -0.315972279   -0.294113351
   46.787700337   -0.329376355   -0.294043489
   46.816160009   -0.342920769   -0.293958778
   46.844619681   -0.356550223   -0.293858940
   46.873079353   -0.370208915   -0.293743944
   46.901539024   -0.383841216   -0.293614028
   46.929998696   -0.397392172   -0.293469708
   46.958458368   -0.410807747   -0.293311792
   46.986918040   -0.424034834   -0.293141379
   47.015377711   -0.437021125   -0.292959853
   47.043837383   -0.449714998   -0.292768879
   47.072297055   -0.462065563   -0.292570369
   47.100756726   -0.474022904   -0.292366453
   47.129216398   -0.485538504   -0.292159440
   47.157676070   -0.496565729   -0.291951771
   47.186135742   -0.507060243   -0.291745977
   47.214595413   -0.516980244   -0.291544634
   47.243055085   -0.526286502   -0.291350331
   47.271514757   -0.534942242   -0.291165634
   47.299974429   -0.542913006   -0.290993051
   47.328434100   -0.550166610   -0.290835000
   47.356893772   -0.556673269   -0.290693768
   47.385353444   -0.562405904   -0.290571468
   47.413813116   -0.567340537   -0.290469993
   47.442272787   -0.571456668   -0.290390977
   47.470732459   -0.574737499   -0.290335754
   47.499192131   -0.577169967   -0.290305329
   47.527651803   -0.578744599   -0.290300369
   47.556111474   -0.579455281   -0.290321184
   47.584571146   -0.579299059   -0.290367737
   47.613030818   -0.578276083   -0.290439639
   47.641490490   -0.576389706   -0.290536157
   47.669950161   -0.573646714   -0.290656222
   47.698409833   -0.570057562   -0.290798438
   47.726869505   -0.565636504   -0.290961098
   47.755329176   -0.560401547   -0.291142206
   47.783788848   -0.554374197   -0.291339515
   47.812248520   -0.547579086   -0.291550568
   47.840708192   -0.540043594   -0.291772749
   47.869167863   -0.531797580   -0.292003331
   47.897627535   -0.522873285   -0.292239525
   47.926087207   -0.513305413   -0.292478527
   47.954546879   -0.503131271   -0.292717554
   47.983006550   -0.492390872   -0.292953877
   48.011466222   -0.481126872   -0.293184855
   48.039925894   -0.469384302   -0.293407967
   48.068385566   -0.457210139   -0.293620851
   48.096845237   -0.444652821   -0.293821342
   48.125304909   -0.431761846   -0.294007511
   48.153764581   -0.418587563   -0.294177701
   48.182224253   -0.405181162   -0.294330552
   48.210683924   -0.391594814   -0.294465027
   48.239143596   -0.377881810   -0.294580414
   48.267603268   -0.364096552   -0.294676327
   48.296062939   -0.350294311   -0.294752697
   48.324522611   -0.336530726   -0.294809759
   48.352982283   -0.322861168   -0.294848028
   48.381441955   -0.309340099   -0.294868276
   48.409901626   -0.296020602   -0.294871500
   48.438361298   -0.282954153   -0.294858888
   48.466820970   -0.270190597   -0.294831767
   48.495280642   -0.257778197   -0.294791562
   48.523740313   -0.245763561   -0.294739738
   48.552199985   -0.234191277   -0.294677753
   48.580659657   -0.223103210   -0.294607015
   48.609119329   -0.212537553   -0.294528841
   48.637579000   -0.202527881   -0.294444434
   48.666038672   -0.193102483   -0.294354859
   48.694498344   -0.184284258   -0.294261029
   48.722958016   -0.176091251   -0.294163686
   48.751417687   -0.168537762   -0.294063399
   48.779877359   -0.161635697   -0.293960538
   48.808337031   -0.155395776   -0.293855276
   48.836796703   -0.149828203   -0.293747578
   48.865256374   -0.144942545   -0.293637200
   48.893716046   -0.140746818   -0.293523707
   48.922175718   -0.137246047   -0.293406484
   48.950635389   -0.134440700   -0.293284765
   48.979095061   -0.132325494   -0.293157663
   49.007554733   -0.130888928   -0.293024196
   49.036014405   -0.130113704   -0.292883324
   49.064474076   -0.129977923   -0.292733970
   49.092933748   -0.130456707   -0.292575052
   49.121393420   -0.131523825   -0.292405500
   49.149853092   -0.133152906   -0.292224283
   49.178312763   -0.135317993   -0.292030424
   49.206772435   -0.137993429   -0.291823016
   49.235232107   -0.141153260   -0.291601237
   49.263691779   -0.144770472   -0.291364354
   49.292151450   -0.148816374   -0.291111726
   49.320611122   -0.153260359   -0.290842804
   49.349070794   -0.158070058   -0.290557132
   49.377530466   -0.163211784   -0.290254342
   49.405990137   -0.168651030   -0.289934154
   49.434449809   -0.174352801   -0.289596388
   49.462909481   -0.180281638   -0.289240965
   49.491369152   -0.186401330   -0.288867917
   49.519828824   -0.192674441   -0.288477396
   49.548288496   -0.199061864   -0.288069673
   49.576748168   -0.205522570   -0.287645143
   49.605207839   -0.212013666   -0.287204320
   49.633667511   -0.218490743   -0.286747828
   49.662127183   -0.224908380   -0.286276399
   49.690586855   -0.231220634   -0.285790867
   49.719046526   -0.237381372   -0.285292163
   49.747506198   -0.243344385   -0.284781313
   49.775965870   -0.249063340   -0.284259435
   49.804425542   -0.254491713   -0.283727733
   49.832885213   -0.259582882   -0.283187493
   49.861344885   -0.264290499   -0.282640068
   49.889804557   -0.268569172   -0.282086871
   49.918264229   -0.272375377   -0.281529356
   49.946723900   -0.275668421   -0.280969010
   49.975183572   -0.278411285   -0.280407342
   50.003643244   -0.280571203   -0.279845874
   50.032102916   -0.282119955   -0.279286134
   50.060562587   -0.283033961   -0.278729647
   50.089022259   -0.283294322   -0.278177928
   50.117481931   -0.282886993   -0.277632473
   50.145941602   -0.281803183   -0.277094742
   50.174401274   -0.280039982   -0.276566152
   50.202860946   -0.277601098   -0.276048058
   50.231320618   -0.274497511   -0.275541749
   50.259780289   -0.270747834   -0.275048436
   50.288239961   -0.266378266   -0.274569245
   50.316699633   -0.261422118   -0.274105216
   50.345159305   -0.255919026   -0.273657295
   50.373618976   -0.249914055   -0.273226329
   50.402078648   -0.243456933   -0.272813060
   50.430538320   -0.236601576   -0.272418121
   50.458997992   -0.229405966   -0.272042023
   50.487457663   -0.221932316   -0.271685159
   50.515917335   -0.214247328   -0.271347795
   50.544377007   -0.206422330   -0.271030078
   50.572836679   -0.198533067   -0.270732033
   50.601296350   -0.190659037   -0.270453574
   50.629756022   -0.182882353   -0.270194505
   50.658215694   -0.175286242   -0.269954527
   50.686675365   -0.167953369   -0.269733239
   50.715135037   -0.160964194   -0.269530144
   50.743594709   -0.154395545   -0.269344651
   50.772054381   -0.148319503   -0.269176076
   50.800514052   -0.142802630   -0.269023648
   50.828973724   -0.137905471   -0.268886512
   50.857433396   -0.133682212   -0.268763738
   50.885893068   -0.130180373   -0.268654322
   50.914352739   -0.127440433   -0.268557195
   50.942812411   -0.125495329   -0.268471232
   50.971272083   -0.124369869   -0.268395263
   50.999731755   -0.124080129   -0.268328088
   51.028191426   -0.124632979   -0.268268500
   51.056651098   -0.126025883   -0.268215314
   51.085110770   -0.128247099   -0.268167393
   51.113570442   -0.131276351   -0.268123689
   51.142030113   -0.135085954   -0.268083266
   51.170489785   -0.139642283   -0.268045331
   51.198949457   -0.144907413   -0.268009245
   51.227409129   -0.150840705   -0.267974538
   51.255868800   -0.157400139   -0.267940906
   51.284328472   -0.164543259   -0.267908206
   51.312788144   -0.172227677   -0.267876460
   51.341247815   -0.180411210   -0.267845843
   51.369707487   -0.189051790   -0.267816685
   51.398167159   -0.198107312   -0.267789476
   51.426626831   -0.207535595   -0.267764858
   51.455086502   -0.217294501   -0.267743620
   51.483546174   -0.227342223   -0.267726685
   51.512005846   -0.237637626   -0.267715078
   51.540465518   -0.248140513   -0.267709895
   51.568925189   -0.258811678   -0.267712253
   51.597384861   -0.269612710   -0.267723246
   51.625844533   -0.280505581   -0.267743896
   51.654304205   -0.291452139   -0.267775114
   51.682763876   -0.302413684   -0.267817663
   51.711223548   -0.313350778   -0.267872131
   51.739683220   -0.324223388   -0.267938908
   51.768142892   -0.334991330   -0.268018168
   51.796602563   -0.345614924   -0.268109854
   51.825062235   -0.356055683   -0.268213662
   51.853521907   -0.366276865   -0.268329029
   51.881981578   -0.376243788   -0.268455137
   51.910441250   -0.385923856   -0.268590912
   51.938900922   -0.395286381   -0.268735047
   51.967360594   -0.404302299   -0.268886027
   51.995820265   -0.412943936   -0.269042161
   52.024279937   -0.421184893   -0.269201624
   52.052739609   -0.429000092   -0.269362493
   52.081199281   -0.436365949   -0.269522777
   52.109658952   -0.443260563   -0.269680447
   52.138118624   -0.449663862   -0.269833461
   52.166578296   -0.455557625   -0.269979787
   52.195037968   -0.460925386   -0.270117430
   52.223497639   -0.465752272   -0.270244465
   52.251957311   -0.470024834   -0.270359078
   52.280416983   -0.473730962   -0.270459603
   52.308876655   -0.476859907   -0.270544569
   52.337336326   -0.479402402   -0.270612731
   52.365795998   -0.481350838   -0.270663101
   52.394255670   -0.482699425   -0.270694959
   52.422715342   -0.483444283   -0.270707867
   52.451175013   -0.483583443   -0.270701662
   52.479634685   -0.483116768   -0.270676459
   52.508094357   -0.482045840   -0.270632646
   52.536554028   -0.480373867   -0.270570883
   52.565013700   -0.478105634   -0.270492094
   52.593473372   -0.475247516   -0.270397466
   52.621933044   -0.471807529   -0.270288429
   52.650392715   -0.467795380   -0.270166634
   52.678852387   -0.463222494   -0.270033914
   52.707312059   -0.458101991   -0.269892246
   52.735771731   -0.452448629   -0.269743705
   52.764231402   -0.446278743   -0.269590418
   52.792691074   -0.439610194   -0.269434532
   52.821150746   -0.432462365   -0.269278181
   52.849610418   -0.424856184   -0.269123463
   52.878070089   -0.416814174   -0.268972417
   52.906529761   -0.408360499   -0.268827002
   52.934989433   -0.399520992   -0.268689064
   52.963449105   -0.390323166   -0.268560306
   52.991908776   -0.380796222   -0.268442244
   53.020368448   -0.370971066   -0.268336179
   53.048828120   -0.360880344   -0.268243158
   53.077287791   -0.350558461   -0.268163960
   53.105747463   -0.340041560   -0.268099084
   53.134207135   -0.329367384   -0.268048756
   53.162666807   -0.318575004   -0.268012943
   53.191126478   -0.307704399   -0.267991373
   53.219586150   -0.296795952   -0.267983553
   53.248045822   -0.285889949   -0.267988801
   53.276505494   -0.275026215   -0.268006262
   53.304965165   -0.264243958   -0.268034941
   53.333424837   -0.253581889   -0.268073731
   53.361884509   -0.243078562   -0.268121451
   53.390344181   -0.232772846   -0.268176887
   53.418803852   -0.222704355   -0.268238835
   53.447263524   -0.212913722   -0.268306144
   53.475723196   -0.203442611   -0.268377756
   53.504182868   -0.194333461   -0.268452729
   53.532642539   -0.185629047   -0.268530268
   53.561102211   -0.177371982   -0.268609728
   53.589561883   -0.169604292   -0.268690634
   53.618021555   -0.162367158   -0.268772677
   53.646481226   -0.155700825   -0.268855727
   53.674940898   -0.149644577   -0.268939835
   53.703400570   -0.144236657   -0.269025238
   53.731860241   -0.139513930   -0.269112358
   53.760319913   -0.135511204   -0.269201798
   53.788779585   -0.132260156   -0.269294326
   53.817239257   -0.129787955   -0.269390855
   53.845698928   -0.128115757   -0.269492413
   53.874158600   -0.127257291   -0.269600115
   53.902618272   -0.127217759   -0.269715129
   53.931077944   -0.127993199   -0.269838648
   53.959537615   -0.129570358   -0.269971859
   53.987997287   -0.131927022   -0.270115930
   54.016456959   -0.135032661   -0.270271983
   54.044916631   -0.138849195   -0.270441084
   54.073376302   -0.143331727   -0.270624233
   54.101835974   -0.148429125   -0.270822349
   54.130295646   -0.154084438   -0.271036268
   54.158755318   -0.160235226   -0.271266734
   54.187214989   -0.166813923   -0.271514403
   54.215674661   -0.173748395   -0.271779838
   54.244134333   -0.180962808   -0.272063507
   54.272594004   -0.188378847   -0.272365789
   54.301053676   -0.195917209   -0.272686960
   54.329513348   -0.203499241   -0.273027195
   54.357973020   -0.211048483   -0.273386558
   54.386432691   -0.218491917   -0.273764997
   54.414892363   -0.225760770   -0.274162335
   54.443352035   -0.232790807   -0.274578272
   54.471811707   -0.239522220   -0.275012386
   54.500271378   -0.245899280   -0.275464135
   54.528731050   -0.251870004   -0.275932864
   54.557190722   -0.257386070   -0.276417812
   54.585650394   -0.262403094   -0.276918112
   54.614110065   -0.266881290   -0.277432803
   54.642569737   -0.270786371   -0.277960826
   54.671029409   -0.274090450   -0.278501033
   54.699489081   -0.276772718   -0.279052190
   54.727948752   -0.278819684   -0.279612988
   54.756408424   -0.280224946   -0.280182055
   54.784868096   -0.280988559   -0.280757964
   54.813327768   -0.281116212   -0.281339250
   54.841787439   -0.280618454   -0.281924420
   54.870247111   -0.279510154   -0.282511962
   54.898706783   -0.277810294   -0.283100357
   54.927166454   -0.275542007   -0.283688082
   54.955626126   -0.272732710   -0.284273622
   54.984085798   -0.269414088   -0.284855478
   55.012545470   -0.265621785   -0.285432175
   55.041005141   -0.261394712   -0.286002283
   55.069464813   -0.256774096   -0.286564420
   55.097924485   -0.251802448   -0.287117272
   55.126384157   -0.246522698   -0.287659597
   55.154843828   -0.240977687   -0.288190239
   55.183303500   -0.235210064   -0.288708128
   55.211763172   -0.229262495   -0.289212289
   55.240222844   -0.223177992   -0.289701844
   55.268682515   -0.217000101   -0.290176020
   55.297142187   -0.210772792   -0.290634152
   55.325601859   -0.204540008   -0.291075695
   55.354061531   -0.198344986   -0.291500224
   55.382521202   -0.192229580   -0.291907442
   55.410980874   -0.186233822   -0.292297179
   55.439440546   -0.180395886   -0.292669392
   55.467900217   -0.174752471   -0.293024158
   55.496359889   -0.169339433   -0.293361672
   55.524819561   -0.164192439   -0.293682239
   55.553279233   -0.159347359   -0.293986270
   55.581738904   -0.154840251   -0.294274282
   55.610198576   -0.150706937   -0.294546895
   55.638658248   -0.146982358   -0.294804833
   55.667117920   -0.143699950   -0.295048919
   55.695577591   -0.140891318   -0.295280077
   55.724037263   -0.138586317   -0.295499328
   55.752496935   -0.136813484   -0.295707781
   55.780956607   -0.135600570   -0.295906625
   55.809416278   -0.134974857   -0.296097121
   55.837875950   -0.134962973   -0.296280585
   55.866335622   -0.135590074   -0.296458369
   55.894795294   -0.136878521   -0.296631842
   55.923254965   -0.138846373   -0.296802361
   55.951714637   -0.141506129   -0.296971240
   55.980174309   -0.144864126   -0.297139720
   56.008633981   -0.148920784   -0.297308940
   56.037093652   -0.153671661   -0.297479908
   56.065553324   -0.159108986   -0.297653489
   56.094012996   -0.165223203   -0.297830387
   56.122472667   -0.172004048   -0.298011152
   56.150932339   -0.179440837   -0.298196177
   56.179392011   -0.187521917   -0.298385705
   56.207851683   -0.196233480   -0.298579841
   56.236311354   -0.205558143   -0.298778547
   56.264771026   -0.215473741   -0.298981654
   56.293230698   -0.225952676   -0.299188859
   56.321690370   -0.236961957   -0.299399732
   56.350150041   -0.248463844   -0.299613731
   56.378609713   -0.260416820   -0.299830217
   56.407069385   -0.272776569   -0.300048483
   56.435529057   -0.285496703   -0.300267785
   56.463988728   -0.298529119   -0.300487367
   56.492448400   -0.311824050   -0.300706486
   56.520908072   -0.325329993   -0.300924430
   56.549367744   -0.338993720   -0.301140521
   56.577827415   -0.352760537   -0.301354117
   56.606287087   -0.366574801   -0.301564623
   56.634746759   -0.380380608   -0.301771494
   56.663206430   -0.394122463   -0.301974263
   56.691666102   -0.407745781   -0.302172568
   56.720125774   -0.421197092   -0.302366187
   56.748585446   -0.434424002   -0.302555067
   56.777045117   -0.447375009   -0.302739333
   56.805504789   -0.459999357   -0.302919272
   56.833964461   -0.472247072   -0.303095276
   56.862424133   -0.484069225   -0.303267772
   56.890883804   -0.495418394   -0.303437113
   56.919343476   -0.506249187   -0.303603474
   56.947803148   -0.516518660   -0.303766764
   56.976262820   -0.526186548   -0.303926548
   57.004722491   -0.535215265   -0.304082019
   57.033182163   -0.543569753   -0.304231991
   57.061641835   -0.551217319   -0.304374922
   57.090101507   -0.558127596   -0.304508955
   57.118561178   -0.564272693   -0.304631956
   57.147020850   -0.569627542   -0.304741548
   57.175480522   -0.574170321   -0.304835136
   57.203940194   -0.577882834   -0.304909922
   57.232399865   -0.580750717   -0.304962916
   57.260859537   -0.582763425   -0.304990949
   57.289319209   -0.583914031   -0.304990695
   57.317778880   -0.584198962   -0.304958704
   57.346238552   -0.583617794   -0.304891432
   57.374698224   -0.582173207   -0.304785284
   57.403157896   -0.579871125   -0.304636645
   57.431617567   -0.576720973   -0.304441905
   57.460077239   -0.572735923   -0.304197486
   57.488536911   -0.567933004   -0.303899868
   57.516996583   -0.562333004   -0.303545624
   57.545456254   -0.555960160   -0.303131473
   57.573915926   -0.548841743   -0.302654347
   57.602375598   -0.541007667   -0.302111472
   57.630835270   -0.532490237   -0.301500449
   57.659294941   -0.523324103   -0.300819327
   57.687754613   -0.513546382   -0.300066644
   57.716214285   -0.503196839   -0.299241441
   57.744673957   -0.492317979   -0.298343242
   57.773133628   -0.480954957   -0.297371997
   57.801593300   -0.469155262   -0.296328022
   57.830052972   -0.456968247   -0.295211921
   57.858512643   -0.444444628   -0.294024531
   57.886972315   -0.431636106   -0.292766868
   57.915431987   -0.418595204   -0.291440106
   57.943891659   -0.405375315   -0.290045550
   57.972351330   -0.392030871   -0.288584627
   58.000811002   -0.378617486   -0.287058867
   58.029270674   -0.365191906   -0.285469883
   58.057730346   -0.351811688   -0.283819344
   58.086190017   -0.338534627   -0.282108950
   58.114649689   -0.325418047   -0.280340424
   58.143109361   -0.312518117   -0.278515512
   58.171569033   -0.299889339   -0.276635994
   58.200028704   -0.287584267   -0.274703717
   58.228488376   -0.275653407   -0.272720608
   58.256948048   -0.264145136   -0.270688674
   58.285407720   -0.253105486   -0.268609972
   58.313867391   -0.242577666   -0.266486533
   58.342327063   -0.232601329   -0.264320247
   58.370786735   -0.223211752   -0.262112728
   58.399246407   -0.214439166   -0.259865157
   58.427706078   -0.206308531   -0.257578149
   58.456165750   -0.198839902   -0.255251646
   58.484625422   -0.192049389   -0.252884857
   58.513085093   -0.185950485   -0.250476257
   58.541544765   -0.180555379   -0.248023626
   58.570004437   -0.175875833   -0.245524133
   58.598464109   -0.171923326   -0.242974434
   58.626923780   -0.168708337   -0.240370788
   58.655383452   -0.166238967   -0.237709150
   58.683843124   -0.164519272   -0.234985263
   58.712302796   -0.163547783   -0.232194734
   58.740762467   -0.163316640   -0.229333093
   58.769222139   -0.163811518   -0.226395851
   58.797681811   -0.165012264   -0.223378554
   58.826141483   -0.166893911   -0.220276840
   58.854601154   -0.169427621   -0.217086487
   58.883060826   -0.172581147   -0.213803474
   58.911520498   -0.176318675   -0.210424017
   58.939980170   -0.180600152   -0.206944615
   58.968439841   -0.185380529   -0.203362088
   58.996899513   -0.190609431   -0.199673621
   59.025359185   -0.196231699   -0.195876816
   59.053818856   -0.202188953   -0.191969765
   59.082278528   -0.208421920   -0.187951137
   59.110738200   -0.214872921   -0.183820270
   59.139197872   -0.221487679   -0.179577270
   59.167657543   -0.228215697   -0.175223070
   59.196117215   -0.235008796   -0.170759469
   59.224576887   -0.241817901   -0.166189100
   59.253036559   -0.248588745   -0.161515353
   59.281496230   -0.255257573   -0.156742237
   59.309955902   -0.261748007   -0.151874220
   59.338415574   -0.267970069   -0.146916057
   59.366875246   -0.273821776   -0.141872634
   59.395334917   -0.279193123   -0.136748861
   59.423794589   -0.283971628   -0.131549617
   59.452254261   -0.288048259   -0.126279739
   59.480713933   -0.291322554   -0.120944062
   59.509173604   -0.293706030   -0.115547479
   59.537633276   -0.295123553   -0.110094995
   59.566092948   -0.295512907   -0.104591767
   59.594552620   -0.294823259   -0.099043117
   59.623012291   -0.293013400   -0.093454516
   59.651471963   -0.290050508   -0.087831542
   59.679931635   -0.285909809   -0.082179838
   59.708391306   -0.280575081   -0.076505062
   59.736850978   -0.274039581   -0.070812861
   59.765310650   -0.266306826   -0.065108843
   59.793770322   -0.257390787   -0.059398577
   59.822229993   -0.247315386   -0.053687587
   59.850689665   -0.236113518   -0.047981345
   59.879149337   -0.223826146   -0.042285259
   59.907609009   -0.210502023   -0.036604650
   59.936068680   -0.196198394   -0.030944725
   59.964528352   -0.180982610   -0.025310543
   59.992988024   -0.164934126   -0.019706996
   60.021447696   -0.148146035   -0.014138782
   60.049907367   -0.130725240   -0.008610399
   60.078367039   -0.112790632   -0.003126136
   60.106826711   -0.094469181    0.002309933
   60.135286383   -0.075890463    0.007693959
   60.163746054   -0.057180646    0.013022331
   60.192205726   -0.038457169    0.018291694
   60.220665398   -0.019825190    0.023498972
   60.249125069   -0.001376386    0.028641380
   60.277584741    0.016809970    0.033716442
   60.306044413    0.034664369    0.038721997
   60.334504085    0.052123906    0.043656198
   60.362963756    0.069129673    0.048517515
   60.391423428    0.085625410    0.053304736
   60.419883100    0.101557515    0.058016969
   60.448342772    0.116875974    0.062653650
   60.476802443    0.131535343    0.067214555
   60.505262115    0.145494964    0.071699805
   60.533721787    0.158717909    0.076109871
   60.562181459    0.171168786    0.080445572
   60.590641130    0.182811176    0.084708062
   60.619100802    0.193605872    0.088898824
   60.647560474    0.203511147    0.093019648
   60.676020146    0.212485806    0.097072623
   60.704479817    0.220495025    0.101060121
   60.732939489    0.227518077    0.104984787
   60.761399161    0.233556313    0.108849521
   60.789858833    0.238639459    0.112657467
   60.818318504    0.242828508    0.116411978
   60.846778176    0.246214222    0.120116594
   60.875237848    0.248911280    0.123775005
   60.903697519    0.251049164    0.127391020
   60.932157191    0.252761602    0.130968545
   60.960616863    0.254176676    0.134511561
   60.989076535    0.255409362    0.138024124
   61.017536206    0.256557550    0.141510359
   61.045995878    0.257701609    0.144974464
   61.074455550    0.258906695    0.148420705
   61.102915222    0.260226453    0.151853397
   61.131374893    0.261706688    0.155276885
   61.159834565    0.263387931    0.158695508
   61.188294237    0.265306446    0.162113557
   61.216753909    0.267493909    0.165535239
   61.245213580    0.269976422    0.168964645
   61.273673252    0.272773637    0.172405717
   61.302132924    0.275898558    0.175862233
   61.330592596    0.279358055    0.179337788
   61.359052267    0.283153687    0.182835767
   61.387511939    0.287282082    0.186359329
   61.415971611    0.291734195    0.189911368
   61.444431282    0.296493134    0.193494484
   61.472890954    0.301530882    0.197110954
   61.501350626    0.306804859    0.200762712
   61.529810298    0.312255671    0.204451346
   61.558269969    0.317807368    0.208178107
   61.586729641    0.323371043    0.211943932
   61.615189313    0.328851783    0.215749466
   61.643648985    0.334158005    0.219595074
   61.672108656    0.339211452    0.223480836
   61.700568328    0.343955745    0.227406515
   61.729028000    0.348361607    0.231371500
   61.757487672    0.352427590    0.235374732
   61.785947343    0.356176199    0.239414626
   61.814407015    0.359646389    0.243488999
   61.842866687    0.362884243    0.247595028
   61.871326359    0.365933939    0.251729234
   61.899786030    0.368830907    0.255887504
   61.928245702    0.371598335    0.260065138
   61.956705374    0.374247227    0.264256917
   61.985165046    0.376779330    0.268457185
   62.013624717    0.379191572    0.272659920
   62.042084389    0.381480530    0.276858800
   62.070544061    0.383645669    0.281047264
   62.099003732    0.385690709    0.285218559
   62.127463404    0.387623142    0.289365788
   62.155923076    0.389452479    0.293481964
   62.184382748    0.391188119    0.297560060
   62.212842419    0.392837645    0.301593069
   62.241302091    0.394406093    0.305574068
   62.269761763    0.395896253    0.309496269
   62.298221435    0.397309721    0.313353080
   62.326681106    0.398648157    0.317138144
   62.355140778    0.399914242    0.320845391
   62.383600450    0.401112003    0.324469088
   62.412060122    0.402246462    0.328003895
   62.440519793    0.403322861    0.331444941
   62.468979465    0.404345808    0.334787899
   62.497439137    0.405318715    0.338029065
   62.525898809    0.406243716    0.341165432
   62.554358480    0.407122057    0.344194734
   62.582818152    0.407954743    0.347115459
   62.611277824    0.408743169    0.349926837
   62.639737495    0.409489474    0.352628782
   62.668197167    0.410196503    0.355221828
   62.696656839    0.410867432    0.357707044
   62.725116511    0.411505247    0.360085963
   62.753576182    0.412112291    0.362360526
   62.782035854    0.412690080    0.364533041
   62.810495526    0.413239436    0.366606158
   62.838955198    0.413760858    0.368582856
   62.867414869    0.414254971    0.370466428
   62.895874541    0.414722853    0.372260458
   62.924334213    0.415166119    0.373968798
   62.952793885    0.415586749    0.375595540
   62.981253556    0.415986738    0.377144991
   63.009713228    0.416367745    0.378621667
   63.038172900    0.416730869    0.380030294
   63.066632572    0.417076658    0.381375829
   63.095092243    0.417405320    0.382663471
   63.123551915    0.417717047    0.383898657
   63.152011587    0.418012308    0.385087032
   63.180471259    0.418291982    0.386234361
   63.208930930    0.418557303    0.387346401
   63.237390602    0.418809632    0.388428739
   63.265850274    0.419050175    0.389486604
   63.294309945    0.419279761    0.390524694
   63.322769617    0.419498782    0.391547034
   63.351229289    0.419707300    0.392556894
   63.379688961    0.419905278    0.393556759
   63.408148632    0.420092833    0.394548365
   63.436608304    0.420270395    0.395532778
   63.465067976    0.420438719    0.396510491
   63.493527648    0.420598742    0.397481529
   63.521987319    0.420751366    0.398445535
   63.550446991    0.420897248    0.399401839
   63.578906663    0.421036702    0.400349503
   63.607366335    0.421169734    0.401287350
   63.635826006    0.421296205    0.402213991
   63.664285678    0.421416041    0.403127851
   63.692745350    0.421529398    0.404027203
   63.721205022    0.421636714    0.404910206
   63.749664693    0.421738638    0.405774943
   63.778124365    0.421835860    0.406619460
   63.806584037    0.421928923    0.407441791
   63.835043708    0.422018104    0.408239990
   63.863503380    0.422103404    0.409012165
   63.891963052    0.422184652    0.409756518
   63.920422724    0.422261676    0.410471419
   63.948882395    0.422334462    0.411155483
   63.977342067    0.422403236    0.411807677
   64.005801739    0.422468437    0.412427410
   64.034261411    0.422530596    0.413014614
   64.062721082    0.422590174    0.413569773
   64.091180754    0.422647430    0.414093910
   64.119640426    0.422702384    0.414588503
   64.148100098    0.422754871    0.415055357
   64.176559769    0.422804678    0.415496452
   64.205019441    0.422851688    0.415913772
   64.233479113    0.422895983    0.416309174
   64.261938785    0.422937849    0.416684286
   64.290398456    0.422977692    0.417040467
   64.318858128    0.423015909    0.417378817
   64.347317800    0.423052753    0.417700233
   64.375777472    0.423088274    0.418005469
   64.404237143    0.423122335    0.418295221
   64.432696815    0.423154717    0.418570168
   64.461156487    0.423185250    0.418831012
   64.489616158    0.423213916    0.419078471
   64.518075830    0.423240884    0.419313270
   64.546535502    0.423266466    0.419536112
   64.574995174    0.423291000    0.419747657
   64.603454845    0.423314738    0.419948507
   64.631914517    0.423337757    0.420139211
   64.660374189    0.423359961    0.420320273
   64.688833861    0.423381146    0.420492166
   64.717293532    0.423401115    0.420655346
   64.745753204    0.423419784    0.420810262
   64.774212876    0.423437235    0.420957350
   64.802672548    0.423453693    0.421097036
   64.831132219    0.423469450    0.421229718
   64.859591891    0.423484747    0.421355770
   64.888051563    0.423499692    0.421475530
   64.916511235    0.423514228    0.421589310
   64.944970906    0.423528179    0.421697404
   64.973430578    0.423541342    0.421800090
   65.001890250    0.423553590    0.421897639
   65.030349921    0.423564936    0.421990319
   65.058809593    0.423575539    0.422078388
   65.087269265    0.423585641    0.422162094
   65.115728937    0.423595473    0.422241667
   65.144188608    0.423605165    0.422317319
   65.172648280    0.423614702    0.422389243
   65.201107952    0.423623942    0.422457619
   65.229567624    0.423632691    0.422522618
   65.258027295    0.423640796    0.422584404
   65.286486967    0.423648219    0.422643141
   65.314946639    0.423655060    0.422698988
   65.343406311    0.423661517    0.422752098
   65.371865982    0.423667805    0.422802618
   65.400325654    0.423674072    0.422850679
   65.428785326    0.423680337    0.422896404
   65.457244998    0.423686497    0.422939902
   65.485704669    0.423692374    0.422981278
   65.514164341    0.423697804    0.423020632
   65.542624013    0.423702712    0.423058063
   65.571083685    0.423707145    0.423093671
   65.599543356    0.423711259    0.423127552
   65.628003028    0.423715250    0.423159797
   65.656462700    0.423719275    0.423190493
   65.684922371    0.423723386    0.423219714
   65.713382043    0.423727515    0.423247531
   65.741841715    0.423731509    0.423274006
   65.770301387    0.423735201    0.423299201
   65.798761058    0.423738490    0.423323175
   65.827220730    0.423741380    0.423345991
   65.855680402    0.423743988    0.423367710
   65.884140074    0.423746486    0.423388390
   65.912599745    0.423749036    0.423408087
   65.941059417    0.423751714    0.423426849
   65.969519089    0.423754487    0.423444721
   65.997978761    0.423757231    0.423461740
   66.026438432    0.423759786    0.423477945
   66.054898104    0.423762031    0.423493371
   66.083357776    0.423763938    0.423508056
   66.111817448    0.423765584    0.423522040
   66.140277119    0.423767118    0.423535361
   66.168736791    0.423768697    0.423548054
   66.197196463    0.423770419    0.423560153
   66.225656134    0.423772283    0.423571685
   66.254115806    0.423774191    0.423582674
   66.282575478    0.423775998    0.423593141
   66.311035150    0.423777572    0.423603110
   66.339494821    0.423778858    0.423612602
   66.367954493    0.423779899    0.423621643
   66.396414165    0.423780816    0.423630258
   66.424873837    0.423781760    0.423638471
   66.453333508    0.423782840    0.423646304
   66.481793180    0.423784083    0.423653774
   66.510252852    0.423785423    0.423660898
   66.538712524    0.423786729    0.423667686
   66.567172195    0.423787869    0.423674154
   66.595631867    0.423788764    0.423680314
   66.624091539    0.423789428    0.423686181
   66.652551211    0.423789954    0.423691773
   66.681010882    0.423790481    0.423697106
   66.709470554    0.423791126    0.423702195
   66.737930226    0.423791941    0.423707052
   66.766389897    0.423792885    0.423711686
   66.794849569    0.423793849    0.423716106
   66.823309241    0.423794704    0.423720318
   66.851768913    0.423795357    0.423724330
   66.880228584    0.423795792    0.423728152
   66.908688256    0.423796078    0.423731795
   66.937147928    0.423796337    0.423735270
   66.965607600    0.423796690    0.423738587
   66.994067271    0.423797205    0.423741756
   67.022526943    0.423797869    0.423744783
   67.050986615    0.423798596    0.423747671
   67.079446287    0.423799262    0.423750425
   67.107905958    0.423799766    0.423753049
   67.136365630    0.423800070    0.423755548
   67.164825302    0.423800215    0.423757929
   67.193284974    0.423800306    0.423760201
   67.221744645    0.423800462    0.423762371
   67.250204317    0.423800765    0.423764446
   67.278663989    0.423801226    0.423766429
   67.307123661    0.423801780    0.423768324
   67.335583332    0.423802316    0.423770132
   67.364043004    0.423802727    0.423771854
   67.392502676    0.423802955    0.423773494
   67.420962347    0.423803019    0.423775057
   67.449422019    0.423803002    0.423776547
   67.477881691    0.423803019    0.423777971
   67.506341363    0.423803161    0.423779333
   67.534801034    0.423803461    0.423780637
   67.563260706    0.423803877    0.423781885
   67.591720378    0.423804314    0.423783076
   67.620180050    0.423804663    0.423784212
   67.648639721    0.423804855    0.423785293
   67.677099393    0.423804885    0.423786322
   67.705559065    0.423804815    0.423787302
   67.734018737    0.423804749    0.423788240
   67.762478408    0.423804783    0.423789137
   67.790938080    0.423804967    0.423789998
   67.819397752    0.423805280    0.423790823
   67.847857424    0.423805644    0.423791612
   67.876317095    0.423805957    0.423792364
   67.904776767    0.423806137    0.423793080
   67.933236439    0.423806159    0.423793760
   67.961696110    0.423806068    0.423794408
   67.990155782    0.423805952    0.423795027
   68.018615454    0.423805910    0.423795621
   68.047075126    0.423806003    0.423796191
   68.075534797    0.423806233    0.423796739
   68.103994469    0.423806538    0.423797263
   68.132454141    0.423806823    0.423797764
   68.160913813    0.423807002    0.423798240
   68.189373484    0.423807033    0.423798693
   68.217833156    0.423806941    0.423799123
   68.246292828    0.423806800    0.423799533
   68.274752500    0.423806705    0.423799926
   68.303212171    0.423806728    0.423800305
   68.331671843    0.423806887    0.423800670
   68.360131515    0.423807139    0.423801021
   68.388591187    0.423807402    0.423801357
   68.417050858    0.423807584    0.423801676
   68.445510530    0.423807634    0.423801978
   68.473970202    0.423807555    0.423802265
   68.502429874    0.423807407    0.423802538
   68.530889545    0.423807278    0.423802800
   68.559349217    0.423807246    0.423803053
   68.587808889    0.423807345    0.423803297
   68.616268560    0.423807550    0.423803533
   68.644728232    0.423807790    0.423803759
   68.673187904    0.423807978    0.423803975
   68.701647576    0.423808050    0.423804179
   68.730107247    0.423807993    0.423804371
   68.758566919    0.423807851    0.423804554
   68.787026591    0.423807702    0.423804729
   68.815486263    0.423807628    0.423804898
   68.843945934    0.423807675    0.423805062
   68.872405606    0.423807835    0.423805222
   68.900865278    0.423808052    0.423805376
   68.929324950    0.423808243    0.423805522
   68.957784621    0.423808337    0.423805661
   68.986244293    0.423808307    0.423805791
   69.014703965    0.423808179    0.423805914
   69.043163637    0.423808023    0.423806031
   69.071623308    0.423807917    0.423806145
   69.100082980    0.423807920    0.423806256
   69.128542652    0.423808038    0.423806365
   69.157002323    0.423808230    0.423806470
   69.185461995    0.423808420    0.423806571
   69.213921667    0.423808534    0.423806666
   69.242381339    0.423808533    0.423806755
   69.270841010    0.423808427    0.423806839
   69.299300682    0.423808272    0.423806918
   69.327760354    0.423808146    0.423806994
   69.356220026    0.423808111    0.423807070
   69.384679697    0.423808189    0.423807144
   69.413139369    0.423808354    0.423807217
   69.441599041    0.423808538    0.423807288
   69.470058713    0.423808669    0.423807354
   69.498518384    0.423808697    0.423807416
   69.526978056    0.423808617    0.423807473
   69.555437728    0.423808472    0.423807527
   69.583897400    0.423808333    0.423807578
   69.612357071    0.423808267    0.423807630
   69.640816743    0.423808308    0.423807681
   69.669276415    0.423808443    0.423807732
   69.697736087    0.423808618    0.423807782
   69.726195758    0.423808761    0.423807829
   69.754655430    0.423808815    0.423807872
   69.783115102    0.423808763    0.423807912
   69.811574773    0.423808634    0.423807949
   69.840034445    0.423808489    0.423807984
   69.868494117    0.423808399    0.423808019
   69.896953789    0.423808406    0.423808054
   69.925413460    0.423808511    0.423808091
   69.953873132    0.423808672    0.423808126
   69.982332804    0.423808822    0.423808161
   70.010792476    0.423808900    0.423808192
   70.039252147    0.423808876    0.423808221
   70.067711819    0.423808767    0.423808246
   70.096171491    0.423808624    0.423808271
   70.124631163    0.423808516    0.423808295
   70.153090834    0.423808493    0.423808320
   70.181550506    0.423808568    0.423808346
   70.210010178    0.423808711    0.423808373
   70.238469850    0.423808863    0.423808398
   70.266929521    0.423808960    0.423808422
   70.295389193    0.423808964    0.423808443
   70.323848865    0.423808878    0.423808461
   70.352308536    0.423808743    0.423808478
   70.380768208    0.423808623    0.423808495
   70.409227880    0.423808574    0.423808513
   70.437687552    0.423808619    0.423808532
   70.466147223    0.423808741    0.423808552
   70.494606895    0.423808890    0.423808572
   70.523066567    0.423809002    0.423808590
   70.551526239    0.423809032    0.423808606
   70.579985910    0.423808971    0.423808620
   70.608445582    0.423808849    0.423808633
   70.636905254    0.423808723    0.423808645
   70.665364926    0.423808652    0.423808658
   70.693824597    0.423808669    0.423808672
   70.722284269    0.423808768    0.423808687
   70.750743941    0.423808909    0.423808702
   70.779203613    0.423809031    0.423808717
   70.807663284    0.423809085    0.423808730
   70.836122956    0.423809049    0.423808741
   70.864582628    0.423808943    0.423808750
   70.893042300    0.423808818    0.423808759
   70.921501971    0.423808729    0.423808768
   70.949961643    0.423808720    0.423808779
   70.978421315    0.423808795    0.423808791
   71.006880986    0.423808923    0.423808804
   71.035340658    0.423809051    0.423808816
   71.063800330    0.423809124    0.423808827
   71.092260002    0.423809114    0.423808836
   71.120719673    0.423809028    0.423808843
   71.149179345    0.423808906    0.423808850
   71.177639017    0.423808806    0.423808857
   71.206098689    0.423808773    0.423808865
   71.234558360    0.423808823    0.423808874
   71.263018032    0.423808936    0.423808885
   71.291477704    0.423809064    0.423808895
   71.319937376    0.423809153    0.423808904
   71.348397047    0.423809167    0.423808912
   71.376856719    0.423809101    0.423808918
   71.405316391    0.423808989    0.423808924
   71.433776063    0.423808882    0.423808929
   71.462235734    0.423808828    0.423808935
   71.490695406    0.423808853    0.423808943
   71.519155078    0.423808948    0.423808952
   71.547614749    0.423809072    0.423808961
   71.576074421    0.423809173    0.423808969
   71.604534093    0.423809209    0.423808976
   71.632993765    0.423809166    0.423808982
   71.661453436    0.423809066    0.423808986
   71.689913108    0.423808956    0.423808990
   71.718372780    0.423808886    0.423808995
   71.746832452    0.423808888    0.423809001
   71.775292123    0.423808963    0.423809009
   71.803751795    0.423809079    0.423809017
   71.832211467    0.423809187    0.423809025
   71.860671139    0.423809242    0.423809031
   71.889130810    0.423809222    0.423809036
   71.917590482    0.423809138    0.423809040
   71.946050154    0.423809030    0.423809043
   71.974509826    0.423808947    0.423809047
   72.002969497    0.423808928    0.423809053
   72.031429169    0.423808982    0.423809059
   72.059888841    0.423809086    0.423809066
   72.088348513    0.423809197    0.423809073
   72.116808184    0.423809268    0.423809080
   72.145267856    0.423809269    0.423809084
   72.173727528    0.423809203    0.423809088
   72.202187199    0.423809101    0.423809091
   72.230646871    0.423809010    0.423809094
   72.259106543    0.423808971    0.423809099
   72.287566215    0.423809004    0.423809104
   72.316025886    0.423809094    0.423809111
   72.344485558    0.423809204    0.423809117
   72.372945230    0.423809287    0.423809123
   72.401404902    0.423809308    0.423809128
   72.429864573    0.423809261    0.423809132
   72.458324245    0.423809169    0.423809135
   72.486783917    0.423809073    0.423809137
   72.515243589    0.423809019    0.423809141
   72.543703260    0.423809031    0.423809146
   72.572162932    0.423809105    0.423809152
   72.600622604    0.423809210    0.423809158
   72.629082276    0.423809301    0.423809164
   72.657541947    0.423809341    0.423809169
   72.686001619    0.423809313    0.423809172
   72.714461291    0.423809233    0.423809175
   72.742920962    0.423809137    0.423809177
   72.771380634    0.423809070    0.423809180
   72.799840306    0.423809062    0.423809184
   72.828299978    0.423809119    0.423809190
   72.856759649    0.423809215    0.423809196
   72.885219321    0.423809311    0.423809201
   72.913678993    0.423809366    0.423809206
   72.942138665    0.423809358    0.423809210
   72.970598336    0.423809292    0.423809213
   72.999058008    0.423809200    0.423809215
   73.027517680    0.423809124    0.423809218
   73.055977352    0.423809098    0.423809221
   73.084437023    0.423809136    0.423809226
   73.112896695    0.423809222    0.423809231
   73.141356367    0.423809319    0.423809237
   73.169816039    0.423809386    0.423809242
   73.198275710    0.423809396    0.423809246
   73.226735382    0.423809347    0.423809249
   73.255195054    0.423809261    0.423809251
   73.283654726    0.423809180    0.423809253
   73.312114397    0.423809139    0.423809256
   73.340574069    0.423809158    0.423809260
   73.369033741    0.423809230    0.423809265
   73.397493412    0.423809325    0.423809271
   73.425953084    0.423809401    0.423809276
   73.454412756    0.423809428    0.423809280
   73.482872428    0.423809396    0.423809283
   73.511332099    0.423809320    0.423809285
   73.539791771    0.423809236    0.423809287
   73.568251443    0.423809182    0.423809290
   73.596711115    0.423809184    0.423809293
   73.625170786    0.423809241    0.423809298
   73.653630458    0.423809330    0.423809303
   73.682090130    0.423809412    0.423809308
   73.710549802    0.423809454    0.423809312
   73.739009473    0.423809439    0.423809315
   73.767469145    0.423809375    0.423809318
   73.795928817    0.423809292    0.423809320
   73.824388489    0.423809229    0.423809322
   73.852848160    0.423809214    0.423809325
   73.881307832    0.423809255    0.423809329
   73.909767504    0.423809335    0.423809334
   73.938227175    0.423809421    0.423809339
   73.966686847    0.423809475    0.423809344
   73.995146519    0.423809476    0.423809347
   74.023606191    0.423809426    0.423809349
   74.052065862    0.423809348    0.423809351
   74.080525534    0.423809278    0.423809353
   74.108985206    0.423809248    0.423809356
   74.137444878    0.423809273    0.423809360
   74.165904549    0.423809342    0.423809364
   74.194364221    0.423809427    0.423809369
   74.222823893    0.423809491    0.423809374
   74.251283565    0.423809508    0.423809377
   74.279743236    0.423809472    0.423809380
   74.308202908    0.423809401    0.423809381
   74.336662580    0.423809328    0.423809383
   74.365122252    0.423809286    0.423809386
   74.393581923    0.423809295    0.423809389
   74.422041595    0.423809351    0.423809394
   74.450501267    0.423809432    0.423809398
   74.478960939    0.423809503    0.423809403
   74.507420610    0.423809534    0.423809406
   74.535880282    0.423809513    0.423809409
   74.564339954    0.423809452    0.423809411
   74.592799625    0.423809378    0.423809413
   74.621259297    0.423809326    0.423809415
   74.649718969    0.423809320    0.423809418
   74.678178641    0.423809363    0.423809422
   74.706638312    0.423809438    0.423809426
   74.735097984    0.423809512    0.423809431
   74.763557656    0.423809555    0.423809435
   74.792017328    0.423809549    0.423809437
   74.820476999    0.423809499    0.423809439
   74.848936671    0.423809428    0.423809441
   74.877396343    0.423809369    0.423809443
   74.905856015    0.423809349    0.423809446
   74.934315686    0.423809378    0.423809449
   74.962775358    0.423809444    0.423809454
   74.991235030    0.423809519    0.423809458
   75.019694702    0.423809572    0.423809462
   75.048154373    0.423809580    0.423809465
   75.076614045    0.423809543    0.423809467
   75.105073717    0.423809477    0.423809469
   75.133533388    0.423809413    0.423809471
   75.161993060    0.423809381    0.423809473
   75.190452732    0.423809396    0.423809476
   75.218912404    0.423809451    0.423809480
   75.247372075    0.423809524    0.423809484
   75.275831747    0.423809584    0.423809488
   75.304291419    0.423809606    0.423809491
   75.332751091    0.423809582    0.423809494
   75.361210762    0.423809523    0.423809496
   75.389670434    0.423809458    0.423809497
   75.418130106    0.423809416    0.423809499
   75.446589778    0.423809417    0.423809502
   75.475049449    0.423809461    0.423809506
   75.503509121    0.423809529    0.423809510
   75.531968793    0.423809594    0.423809514
   75.560428465    0.423809627    0.423809517
   75.588888136    0.423809616    0.423809520
   75.617347808    0.423809567    0.423809521
   75.645807480    0.423809503    0.423809523
   75.674267152    0.423809454    0.423809525
   75.702726823    0.423809441    0.423809528
   75.731186495    0.423809473    0.423809531
   75.759646167    0.423809535    0.423809535
   75.788105838    0.423809601    0.423809539
   75.816565510    0.423809644    0.423809542
   75.845025182    0.423809646    0.423809545
   75.873484854    0.423809608    0.423809547
   75.901944525    0.423809548    0.423809548
   75.930404197    0.423809493    0.423809550
   75.958863869    0.423809469    0.423809552
   75.987323541    0.423809488    0.423809555
   76.015783212    0.423809541    0.423809559
   76.044242884    0.423809607    0.423809563
   76.072702556    0.423809657    0.423809566
   76.101162228    0.423809672    0.423809569
   76.129621899    0.423809645    0.423809571
   76.158081571    0.423809590    0.423809572
   76.186541243    0.423809533    0.423809574
   76.215000915    0.423809499    0.423809576
   76.243460586    0.423809505    0.423809579
   76.271920258    0.423809549    0.423809582
   76.300379930    0.423809612    0.423809586
   76.328839601    0.423809667    0.423809589
   76.357299273    0.423809693    0.423809592
   76.385758945    0.423809678    0.423809594
   76.414218617    0.423809631    0.423809596
   76.442678288    0.423809573    0.423809597
   76.471137960    0.423809532    0.423809599
   76.499597632    0.423809526    0.423809602
   76.528057304    0.423809559    0.423809605
   76.556516975    0.423809616    0.423809608
   76.584976647    0.423809675    0.423809612
   76.613436319    0.423809709    0.423809615
   76.641895991    0.423809706    0.423809617
   76.670355662    0.423809668    0.423809619
   76.698815334    0.423809613    0.423809620
   76.727275006    0.423809566    0.423809622
   76.755734678    0.423809550    0.423809624
   76.784194349    0.423809571    0.423809627
   76.812654021    0.423809622    0.423809630
   76.841113693    0.423809680    0.423809634
   76.869573365    0.423809723    0.423809637
   76.898033036    0.423809731    0.423809639
   76.926492708    0.423809703    0.423809641
   76.954952380    0.423809652    0.423809642
   76.983412051    0.423809602    0.423809644
   77.011871723    0.423809576    0.423809646
   77.040331395    0.423809585    0.423809648
   77.068791067    0.423809628    0.423809651
   77.097250738    0.423809685    0.423809655
   77.125710410    0.423809733    0.423809658
   77.154170082    0.423809751    0.423809660
   77.182629754    0.423809734    0.423809662
   77.211089425    0.423809689    0.423809663
   77.239549097    0.423809638    0.423809665
   77.268008769    0.423809604    0.423809667
   77.296468441    0.423809603    0.423809669
   77.324928112    0.423809636    0.423809672
   77.353387784    0.423809689    0.423809675
   77.381847456    0.423809740    0.423809678
   77.410307128    0.423809768    0.423809681
   77.438766799    0.423809761    0.423809683
   77.467226471    0.423809724    0.423809684
   77.495686143    0.423809674    0.423809685
   77.524145814    0.423809634    0.423809687
   77.552605486    0.423809623    0.423809689
   77.581065158    0.423809646    0.423809691
   77.609524830    0.423809693    0.423809694
   77.637984501    0.423809746    0.423809698
   77.666444173    0.423809781    0.423809700
   77.694903845    0.423809784    0.423809702
   77.723363517    0.423809756    0.423809704
   77.751823188    0.423809709    0.423809705
   77.780282860    0.423809665    0.423809706
   77.808742532    0.423809645    0.423809708
   77.837202204    0.423809658    0.423809711
   77.865661875    0.423809698    0.423809713
   77.894121547    0.423809750    0.423809716
   77.922581219    0.423809791    0.423809719
   77.951040891    0.423809804    0.423809721
   77.979500562    0.423809785    0.423809723
   78.007960234    0.423809743    0.423809724
   78.036419906    0.423809697    0.423809725
   78.064879578    0.423809670    0.423809727
   78.093339249    0.423809672    0.423809729
   78.121798921    0.423809704    0.423809732
   78.150258593    0.423809753    0.423809735
   78.178718264    0.423809798    0.423809737
   78.207177936    0.423809820    0.423809740
   78.235637608    0.423809810    0.423809741
   78.264097280    0.423809774    0.423809743
   78.292556951    0.423809729    0.423809744
   78.321016623    0.423809696    0.423809745
   78.349476295    0.423809689    0.423809747
   78.377935967    0.423809712    0.423809749
   78.406395638    0.423809757    0.423809752
   78.434855310    0.423809803    0.423809755
   78.463314982    0.423809832    0.423809757
   78.491774654    0.423809832    0.423809759
   78.520234325    0.423809804    0.423809760
   78.548693997    0.423809761    0.423809761
   78.577153669    0.423809723    0.423809763
   78.605613341    0.423809708    0.423809764
   78.634073012    0.423809722    0.423809767
   78.662532684    0.423809760    0.423809769
   78.690992356    0.423809807    0.423809772
   78.719452027    0.423809841    0.423809774
   78.747911699    0.423809850    0.423809776
   78.776371371    0.423809830    0.423809777
   78.804831043    0.423809791    0.423809778
   78.833290714    0.423809751    0.423809780
   78.861750386    0.423809729    0.423809781
   78.890210058    0.423809734    0.423809783
   78.918669730    0.423809765    0.423809785
   78.947129401    0.423809810    0.423809788
   78.975589073    0.423809848    0.423809790
   79.004048745    0.423809865    0.423809792
   79.032508417    0.423809854    0.423809794
   79.060968088    0.423809820    0.423809795
   79.089427760    0.423809780    0.423809796
   79.117887432    0.423809751    0.423809797
   79.146347104    0.423809748    0.423809799
   79.174806775    0.423809771    0.423809801
   79.203266447    0.423809812    0.423809803
   79.231726119    0.423809853    0.423809806
   79.260185791    0.423809877    0.423809808
   79.288645462    0.423809874    0.423809809
   79.317105134    0.423809847    0.423809810
   79.345564806    0.423809808    0.423809811
   79.374024477    0.423809775    0.423809813
   79.402484149    0.423809764    0.423809814
   79.430943821    0.423809779    0.423809816
   79.459403493    0.423809815    0.423809818
   79.487863164    0.423809856    0.423809821
   79.516322836    0.423809886    0.423809823
   79.544782508    0.423809891    0.423809824
   79.573242180    0.423809871    0.423809825
   79.601701851    0.423809835    0.423809826
   79.630161523    0.423809800    0.423809827
   79.658621195    0.423809782    0.423809829
   79.687080867    0.423809788    0.423809830
   79.715540538    0.423809818    0.423809833
   79.744000210    0.423809858    0.423809835
   79.772459882    0.423809892    0.423809837
   79.800919554    0.423809905    0.423809839
   79.829379225    0.423809893    0.423809840
   79.857838897    0.423809861    0.423809841
   79.886298569    0.423809825    0.423809842
   79.914758240    0.423809801    0.423809843
   79.943217912    0.423809800    0.423809844
   79.971677584    0.423809822    0.423809846
   80.000137256    0.423809860    0.423809848
   80.028596927    0.423809896    0.423809850
   80.057056599    0.423809916    0.423809852
   80.085516271    0.423809911    0.423809853
   80.113975943    0.423809885    0.423809854
   80.142435614    0.423809850    0.423809855
   80.170895286    0.423809822    0.423809856
   80.199354958    0.423809813    0.423809858
   80.227814630    0.423809828    0.423809859
   80.256274301    0.423809861    0.423809861
   80.284733973    0.423809898    0.423809863
   80.313193645    0.423809924    0.423809865
   80.341653317    0.423809927    0.423809866
   80.370112988    0.423809907    0.423809867
   80.398572660    0.423809874    0.423809868
   80.427032332    0.423809843    0.423809869
   80.455492004    0.423809828    0.423809870
   80.483951675    0.423809836    0.423809872
   80.512411347    0.423809863    0.423809874
   80.540871019    0.423809900    0.423809875
   80.569330690    0.423809929    0.423809877
   80.597790362    0.423809939    0.423809879
   80.626250034    0.423809927    0.423809880
   80.654709706    0.423809898    0.423809881
   80.683169377    0.423809865    0.423809881
   80.711629049    0.423809844    0.423809882
   80.740088721    0.423809845    0.423809884
   80.768548393    0.423809866    0.423809885
   80.797008064    0.423809900    0.423809887
   80.825467736    0.423809932    0.423809889
   80.853927408    0.423809949    0.423809890
   80.882387080    0.423809943    0.423809891
   80.910846751    0.423809919    0.423809892
   80.939306423    0.423809887    0.423809893
   80.967766095    0.423809862    0.423809894
   80.996225767    0.423809855    0.423809895
   81.024685438    0.423809870    0.423809896
   81.053145110    0.423809901    0.423809898
   81.081604782    0.423809934    0.423809900
   81.110064453    0.423809956    0.423809901
   81.138524125    0.423809957    0.423809902
   81.166983797    0.423809939    0.423809903
   81.195443469    0.423809909    0.423809904
   81.223903140    0.423809881    0.423809905
   81.252362812    0.423809868    0.423809906
   81.280822484    0.423809876    0.423809907
   81.309282156    0.423809901    0.423809908
   81.337741827    0.423809934    0.423809910
   81.366201499    0.423809960    0.423809912
   81.394661171    0.423809968    0.423809913
   81.423120843    0.423809956    0.423809914
   81.451580514    0.423809929    0.423809914
   81.480040186    0.423809900    0.423809915
   81.508499858    0.423809882    0.423809916
   81.536959530    0.423809883    0.423809917
   81.565419201    0.423809903    0.423809918
   81.593878873    0.423809934    0.423809920
   81.622338545    0.423809962    0.423809921
   81.650798217    0.423809976    0.423809923
   81.679257888    0.423809971    0.423809923
   81.707717560    0.423809948    0.423809924
   81.736177232    0.423809919    0.423809925
   81.764636903    0.423809897    0.423809925
   81.793096575    0.423809891    0.423809926
   81.821556247    0.423809905    0.423809927
   81.850015919    0.423809933    0.423809929
   81.878475590    0.423809963    0.423809930
   81.906935262    0.423809982    0.423809932
   81.935394934    0.423809983    0.423809933
   81.963854606    0.423809965    0.423809933
   81.992314277    0.423809938    0.423809934
   82.020773949    0.423809913    0.423809934
   82.049233621    0.423809901    0.423809935
   82.077693293    0.423809909    0.423809936
   82.106152964    0.423809932    0.423809937
   82.134612636    0.423809962    0.423809939
   82.163072308    0.423809985    0.423809940
   82.191531980    0.423809992    0.423809941
   82.219991651    0.423809981    0.423809942
   82.248451323    0.423809956    0.423809942
   82.276910995    0.423809929    0.423809943
   82.305370666    0.423809913    0.423809943
   82.333830338    0.423809914    0.423809944
   82.362290010    0.423809932    0.423809945
   82.390749682    0.423809960    0.423809947
   82.419209353    0.423809986    0.423809948
   82.447669025    0.423809999    0.423809949
   82.476128697    0.423809993    0.423809950
   82.504588369    0.423809973    0.423809950
   82.533048040    0.423809946    0.423809950
   82.561507712    0.423809926    0.423809951
   82.589967384    0.423809920    0.423809952
   82.618427056    0.423809933    0.423809953
   82.646886727    0.423809958    0.423809954
   82.675346399    0.423809985    0.423809955
   82.703806071    0.423810003    0.423809956
   82.732265743    0.423810003    0.423809957
   82.760725414    0.423809987    0.423809957
   82.789185086    0.423809962    0.423809958
   82.817644758    0.423809939    0.423809958
   82.846104430    0.423809928    0.423809959
   82.874564101    0.423809935    0.423809959
   82.903023773    0.423809956    0.423809961
   82.931483445    0.423809983    0.423809962
   82.959943116    0.423810005    0.423809963
   82.988402788    0.423810011    0.423809963
   83.016862460    0.423810000    0.423809964
   83.045322132    0.423809978    0.423809964
   83.073781803    0.423809953    0.423809965
   83.102241475    0.423809938    0.423809965
   83.130701147    0.423809938    0.423809966
   83.159160819    0.423809955    0.423809967
   83.187620490    0.423809981    0.423809968
   83.216080162    0.423810004    0.423809969
   83.244539834    0.423810016    0.423809969
   83.272999506    0.423810011    0.423809970
   83.301459177    0.423809992    0.423809970
   83.329918849    0.423809967    0.423809970
   83.358378521    0.423809948    0.423809971
   83.386838193    0.423809943    0.423809971
   83.415297864    0.423809954    0.423809972
   83.443757536    0.423809977    0.423809973
   83.472217208    0.423810002    0.423809974
   83.500676879    0.423810018    0.423809975
   83.529136551    0.423810019    0.423809975
   83.557596223    0.423810005    0.423809976
   83.586055895    0.423809981    0.423809976
   83.614515566    0.423809959    0.423809976
   83.642975238    0.423809949    0.423809976
   83.671434910    0.423809954    0.423809977
   83.699894582    0.423809974    0.423809978
   83.728354253    0.423809999    0.423809979
   83.756813925    0.423810019    0.423809980
   83.785273597    0.423810025    0.423809980
   83.813733269    0.423810016    0.423809980
   83.842192940    0.423809995    0.423809981
   83.870652612    0.423809971    0.423809981
   83.899112284    0.423809956    0.423809981
   83.927571956    0.423809956    0.423809981
   83.956031627    0.423809971    0.423809982
   83.984491299    0.423809994    0.423809983
   84.012950971    0.423810017    0.423809984
   84.041410643    0.423810028    0.423809984
   84.069870314    0.423810024    0.423809985
   84.098329986    0.423810007    0.423809985
   84.126789658    0.423809983    0.423809985
   84.155249329    0.423809965    0.423809985
   84.183709001    0.423809959    0.423809985
   84.212168673    0.423809968    0.423809986
   84.240628345    0.423809990    0.423809986
   84.269088016    0.423810013    0.423809987
   84.297547688    0.423810029    0.423809988
   84.326007360    0.423810031    0.423809988
   84.354467032    0.423810017    0.423809988
   84.382926703    0.423809995    0.423809988
   84.411386375    0.423809974    0.423809988
   84.439846047    0.423809963    0.423809988
   84.468305719    0.423809967    0.423809989
   84.496765390    0.423809985    0.423809989
   84.525225062    0.423810008    0.423809990
   84.553684734    0.423810028    0.423809991
   84.582144406    0.423810035    0.423809991
   84.610604077    0.423810026    0.423809991
   84.639063749    0.423810006    0.423809991
   84.667523421    0.423809984    0.423809991
   84.695983092    0.423809968    0.423809991
   84.724442764    0.423809967    0.423809991
   84.752902436    0.423809980    0.423809992
   84.781362108    0.423810002    0.423809992
   84.809821779    0.423810024    0.423809993
   84.838281451    0.423810036    0.423809993
   84.866741123    0.423810033    0.423809993
   84.895200795    0.423810016    0.423809993
   84.923660466    0.423809994    0.423809993
   84.952120138    0.423809975    0.423809993
   84.980579810    0.423809968    0.423809993
   85.009039482    0.423809976    0.423809994
   85.037499153    0.423809996    0.423809994
   85.065958825    0.423810019    0.423809995
   85.094418497    0.423810035    0.423809995
   85.122878169    0.423810037    0.423809995
   85.151337840    0.423810025    0.423809995
   85.179797512    0.423810003    0.423809995
   85.208257184    0.423809982    0.423809995
   85.236716856    0.423809970    0.423809995
   85.265176527    0.423809973    0.423809995
   85.293636199    0.423809989    0.423809995
   85.322095871    0.423810012    0.423809996
   85.350555542    0.423810032    0.423809996
