film,T_K,variant,Vg,Vd,quantity,value,unit,run_id
2 nm,300.0,as_simulated_300K,1.0,0.05,Id,1.85434e-09,A/um,run_0041
2 nm,300.0,as_simulated_300K,1.0,0.1,Id,3.33987e-09,A/um,run_0041
2 nm,300.0,as_simulated_300K,1.0,0.15,Id,4.51526e-09,A/um,run_0041
2 nm,300.0,as_simulated_300K,1.0,0.2,Id,5.43322e-09,A/um,run_0041
2 nm,300.0,as_simulated_300K,1.0,0.25,Id,6.13995e-09,A/um,run_0041
2 nm,300.0,as_simulated_300K,1.0,0.3,Id,6.67505e-09,A/um,run_0041
2 nm,300.0,as_simulated_300K,1.0,0.35,Id,7.07201e-09,A/um,run_0041
2 nm,300.0,as_simulated_300K,1.0,0.4,Id,7.3589e-09,A/um,run_0041
2 nm,300.0,as_simulated_300K,1.0,0.45,Id,7.55924e-09,A/um,run_0041
2 nm,300.0,as_simulated_300K,1.0,0.5,Id,7.69282e-09,A/um,run_0041
2 nm,300.0,as_simulated_300K,1.0,0.6,Id,7.8243e-09,A/um,run_0041
2 nm,300.0,as_simulated_300K,1.0,0.7,Id,7.85979e-09,A/um,run_0041
2 nm,300.0,as_simulated_300K,1.0,0.8,Id,7.86699e-09,A/um,run_0041
2 nm,300.0,as_simulated_300K,1.0,0.9,Id,7.8698e-09,A/um,run_0041
2 nm,300.0,as_simulated_300K,1.0,1.0,Id,7.87179e-09,A/um,run_0041
2 nm,300.0,as_simulated_300K,1.0,1.1,Id,7.87341e-09,A/um,run_0041
2 nm,300.0,as_simulated_300K,1.0,1.2,Id,7.87481e-09,A/um,run_0041
2 nm,300.0,as_simulated_300K,1.0,1.3,Id,7.87603e-09,A/um,run_0041
2 nm,300.0,as_simulated_300K,1.0,1.4,Id,7.87713e-09,A/um,run_0041
2 nm,300.0,as_simulated_300K,1.0,1.5,Id,7.87813e-09,A/um,run_0041
2 nm,300.0,as_simulated_300K,1.0,1.6,Id,7.87906e-09,A/um,run_0041
2 nm,300.0,as_simulated_300K,1.0,1.7,Id,7.87991e-09,A/um,run_0041
2 nm,300.0,as_simulated_300K,1.0,1.8,Id,7.88071e-09,A/um,run_0041
2 nm,300.0,as_simulated_300K,1.0,1.9,Id,7.88147e-09,A/um,run_0041
2 nm,300.0,as_simulated_300K,1.0,2.0,Id,7.88218e-09,A/um,run_0041
2 nm,300.0,as_simulated_300K,1.0,2.1,Id,7.88286e-09,A/um,run_0041
2 nm,300.0,as_simulated_300K,1.0,2.2,Id,7.8835e-09,A/um,run_0041
2 nm,300.0,as_simulated_300K,1.0,2.3,Id,7.88412e-09,A/um,run_0041
2 nm,300.0,as_simulated_300K,1.0,2.4,Id,7.88471e-09,A/um,run_0041
2 nm,300.0,as_simulated_300K,1.0,2.5,Id,7.88528e-09,A/um,run_0041
2 nm,300.0,as_simulated_300K,1.0,2.6,Id,7.88583e-09,A/um,run_0041
2 nm,300.0,as_simulated_300K,1.0,2.7,Id,7.88635e-09,A/um,run_0041
2 nm,300.0,as_simulated_300K,1.0,2.8,Id,7.88686e-09,A/um,run_0041
2 nm,300.0,as_simulated_300K,1.0,2.9,Id,7.88736e-09,A/um,run_0041
2 nm,300.0,as_simulated_300K,1.0,3.0,Id,7.88783e-09,A/um,run_0041
2 nm,300.0,as_simulated_300K,1.0,0.1/0.05,Id_ratio_Vd0p1_over_Vd0p05,1.80111,-,run_0041
2 nm,300.0,as_simulated_300K,1.0,0-0.1,gd0_quadratic_fit,4.07749e-08,S/um,run_0041
2 nm,300.0,as_simulated_300K,1.0,0-0.1,d2Id_dVd2_at_0,-1.47524e-07,A/um/V^2,run_0041
2 nm,300.0,as_simulated_300K,1.0,-,Vd_sat_gd_10pct_of_gd0,0.425922,V,run_0041
2 nm,300.0,as_simulated_300K,1.0,3.0,gd_output_conductance,4.7e-12,S/um,run_0041
2 nm,300.0,as_simulated_300K,1.0,3.0,gd3_over_gd0,0.000115267,-,run_0041
2 nm,300.0,as_simulated_300K,1.5,0.05,Id,8.96872e-09,A/um,run_0041
2 nm,300.0,as_simulated_300K,1.5,0.1,Id,1.69881e-08,A/um,run_0041
2 nm,300.0,as_simulated_300K,1.5,0.15,Id,2.40994e-08,A/um,run_0041
2 nm,300.0,as_simulated_300K,1.5,0.2,Id,3.03488e-08,A/um,run_0041
2 nm,300.0,as_simulated_300K,1.5,0.25,Id,3.57876e-08,A/um,run_0041
2 nm,300.0,as_simulated_300K,1.5,0.3,Id,4.04717e-08,A/um,run_0041
2 nm,300.0,as_simulated_300K,1.5,0.35,Id,4.44616e-08,A/um,run_0041
2 nm,300.0,as_simulated_300K,1.5,0.4,Id,4.78214e-08,A/um,run_0041
2 nm,300.0,as_simulated_300K,1.5,0.45,Id,5.06173e-08,A/um,run_0041
2 nm,300.0,as_simulated_300K,1.5,0.5,Id,5.29165e-08,A/um,run_0041
2 nm,300.0,as_simulated_300K,1.5,0.6,Id,5.62848e-08,A/um,run_0041
2 nm,300.0,as_simulated_300K,1.5,0.7,Id,5.84083e-08,A/um,run_0041
2 nm,300.0,as_simulated_300K,1.5,0.8,Id,5.96795e-08,A/um,run_0041
2 nm,300.0,as_simulated_300K,1.5,0.9,Id,6.03902e-08,A/um,run_0041
2 nm,300.0,as_simulated_300K,1.5,1.0,Id,6.07478e-08,A/um,run_0041
2 nm,300.0,as_simulated_300K,1.5,1.1,Id,6.09016e-08,A/um,run_0041
2 nm,300.0,as_simulated_300K,1.5,1.2,Id,6.096e-08,A/um,run_0041
2 nm,300.0,as_simulated_300K,1.5,1.3,Id,6.09867e-08,A/um,run_0041
2 nm,300.0,as_simulated_300K,1.5,1.4,Id,6.10041e-08,A/um,run_0041
2 nm,300.0,as_simulated_300K,1.5,1.5,Id,6.10177e-08,A/um,run_0041
2 nm,300.0,as_simulated_300K,1.5,1.6,Id,6.10289e-08,A/um,run_0041
2 nm,300.0,as_simulated_300K,1.5,1.7,Id,6.10387e-08,A/um,run_0041
2 nm,300.0,as_simulated_300K,1.5,1.8,Id,6.10472e-08,A/um,run_0041
2 nm,300.0,as_simulated_300K,1.5,1.9,Id,6.1055e-08,A/um,run_0041
2 nm,300.0,as_simulated_300K,1.5,2.0,Id,6.1062e-08,A/um,run_0041
2 nm,300.0,as_simulated_300K,1.5,2.1,Id,6.10685e-08,A/um,run_0041
2 nm,300.0,as_simulated_300K,1.5,2.2,Id,6.10745e-08,A/um,run_0041
2 nm,300.0,as_simulated_300K,1.5,2.3,Id,6.10801e-08,A/um,run_0041
2 nm,300.0,as_simulated_300K,1.5,2.4,Id,6.10854e-08,A/um,run_0041
2 nm,300.0,as_simulated_300K,1.5,2.5,Id,6.10904e-08,A/um,run_0041
2 nm,300.0,as_simulated_300K,1.5,2.6,Id,6.10952e-08,A/um,run_0041
2 nm,300.0,as_simulated_300K,1.5,2.7,Id,6.10997e-08,A/um,run_0041
2 nm,300.0,as_simulated_300K,1.5,2.8,Id,6.1104e-08,A/um,run_0041
2 nm,300.0,as_simulated_300K,1.5,2.9,Id,6.11082e-08,A/um,run_0041
2 nm,300.0,as_simulated_300K,1.5,3.0,Id,6.11122e-08,A/um,run_0041
2 nm,300.0,as_simulated_300K,1.5,0.1/0.05,Id_ratio_Vd0p1_over_Vd0p05,1.89415,-,run_0041
2 nm,300.0,as_simulated_300K,1.5,0-0.1,gd0_quadratic_fit,1.88868e-07,S/um,run_0041
2 nm,300.0,as_simulated_300K,1.5,0-0.1,d2Id_dVd2_at_0,-3.79736e-07,A/um/V^2,run_0041
2 nm,300.0,as_simulated_300K,1.5,-,Vd_sat_gd_10pct_of_gd0,0.681753,V,run_0041
2 nm,300.0,as_simulated_300K,1.5,3.0,gd_output_conductance,4e-11,S/um,run_0041
2 nm,300.0,as_simulated_300K,1.5,3.0,gd3_over_gd0,0.000211788,-,run_0041
2 nm,300.0,as_simulated_300K,2.0,0.05,Id,1.98808e-08,A/um,run_0041
2 nm,300.0,as_simulated_300K,2.0,0.1,Id,3.8596e-08,A/um,run_0041
2 nm,300.0,as_simulated_300K,2.0,0.15,Id,5.61576e-08,A/um,run_0041
2 nm,300.0,as_simulated_300K,2.0,0.2,Id,7.2579e-08,A/um,run_0041
2 nm,300.0,as_simulated_300K,2.0,0.25,Id,8.78755e-08,A/um,run_0041
2 nm,300.0,as_simulated_300K,2.0,0.3,Id,1.02064e-07,A/um,run_0041
2 nm,300.0,as_simulated_300K,2.0,0.35,Id,1.15164e-07,A/um,run_0041
2 nm,300.0,as_simulated_300K,2.0,0.4,Id,1.27197e-07,A/um,run_0041
2 nm,300.0,as_simulated_300K,2.0,0.45,Id,1.38188e-07,A/um,run_0041
2 nm,300.0,as_simulated_300K,2.0,0.5,Id,1.48165e-07,A/um,run_0041
2 nm,300.0,as_simulated_300K,2.0,0.6,Id,1.6521e-07,A/um,run_0041
2 nm,300.0,as_simulated_300K,2.0,0.7,Id,1.7864e-07,A/um,run_0041
2 nm,300.0,as_simulated_300K,2.0,0.8,Id,1.88841e-07,A/um,run_0041
2 nm,300.0,as_simulated_300K,2.0,0.9,Id,1.96272e-07,A/um,run_0041
2 nm,300.0,as_simulated_300K,2.0,1.0,Id,2.01449e-07,A/um,run_0041
2 nm,300.0,as_simulated_300K,2.0,1.1,Id,2.04895e-07,A/um,run_0041
2 nm,300.0,as_simulated_300K,2.0,1.2,Id,2.07091e-07,A/um,run_0041
2 nm,300.0,as_simulated_300K,2.0,1.3,Id,2.08425e-07,A/um,run_0041
2 nm,300.0,as_simulated_300K,2.0,1.4,Id,2.09192e-07,A/um,run_0041
2 nm,300.0,as_simulated_300K,2.0,1.5,Id,2.09602e-07,A/um,run_0041
2 nm,300.0,as_simulated_300K,2.0,1.6,Id,2.0981e-07,A/um,run_0041
2 nm,300.0,as_simulated_300K,2.0,1.7,Id,2.09921e-07,A/um,run_0041
2 nm,300.0,as_simulated_300K,2.0,1.8,Id,2.09991e-07,A/um,run_0041
2 nm,300.0,as_simulated_300K,2.0,1.9,Id,2.10043e-07,A/um,run_0041
2 nm,300.0,as_simulated_300K,2.0,2.0,Id,2.10085e-07,A/um,run_0041
2 nm,300.0,as_simulated_300K,2.0,2.1,Id,2.10121e-07,A/um,run_0041
2 nm,300.0,as_simulated_300K,2.0,2.2,Id,2.10152e-07,A/um,run_0041
2 nm,300.0,as_simulated_300K,2.0,2.3,Id,2.10179e-07,A/um,run_0041
2 nm,300.0,as_simulated_300K,2.0,2.4,Id,2.10204e-07,A/um,run_0041
2 nm,300.0,as_simulated_300K,2.0,2.5,Id,2.10227e-07,A/um,run_0041
2 nm,300.0,as_simulated_300K,2.0,2.6,Id,2.10248e-07,A/um,run_0041
2 nm,300.0,as_simulated_300K,2.0,2.7,Id,2.10267e-07,A/um,run_0041
2 nm,300.0,as_simulated_300K,2.0,2.8,Id,2.10286e-07,A/um,run_0041
2 nm,300.0,as_simulated_300K,2.0,2.9,Id,2.10303e-07,A/um,run_0041
2 nm,300.0,as_simulated_300K,2.0,3.0,Id,2.10319e-07,A/um,run_0041
2 nm,300.0,as_simulated_300K,2.0,0.1/0.05,Id_ratio_Vd0p1_over_Vd0p05,1.94137,-,run_0041
2 nm,300.0,as_simulated_300K,2.0,0-0.1,gd0_quadratic_fit,4.09272e-07,S/um,run_0041
2 nm,300.0,as_simulated_300K,2.0,0-0.1,d2Id_dVd2_at_0,-4.6624e-07,A/um/V^2,run_0041
2 nm,300.0,as_simulated_300K,2.0,-,Vd_sat_gd_10pct_of_gd0,1.01468,V,run_0041
2 nm,300.0,as_simulated_300K,2.0,3.0,gd_output_conductance,1.6e-10,S/um,run_0041
2 nm,300.0,as_simulated_300K,2.0,3.0,gd3_over_gd0,0.000390938,-,run_0041
2 nm,300.0,as_simulated_300K,2.5,0.05,Id,3.19653e-08,A/um,run_0041
2 nm,300.0,as_simulated_300K,2.5,0.1,Id,6.26981e-08,A/um,run_0041
2 nm,300.0,as_simulated_300K,2.5,0.15,Id,9.22032e-08,A/um,run_0041
2 nm,300.0,as_simulated_300K,2.5,0.2,Id,1.20486e-07,A/um,run_0041
2 nm,300.0,as_simulated_300K,2.5,0.25,Id,1.47551e-07,A/um,run_0041
2 nm,300.0,as_simulated_300K,2.5,0.3,Id,1.73406e-07,A/um,run_0041
2 nm,300.0,as_simulated_300K,2.5,0.35,Id,1.98057e-07,A/um,run_0041
2 nm,300.0,as_simulated_300K,2.5,0.4,Id,2.2151e-07,A/um,run_0041
2 nm,300.0,as_simulated_300K,2.5,0.45,Id,2.43774e-07,A/um,run_0041
2 nm,300.0,as_simulated_300K,2.5,0.5,Id,2.64858e-07,A/um,run_0041
2 nm,300.0,as_simulated_300K,2.5,0.6,Id,3.03522e-07,A/um,run_0041
2 nm,300.0,as_simulated_300K,2.5,0.7,Id,3.37593e-07,A/um,run_0041
2 nm,300.0,as_simulated_300K,2.5,0.8,Id,3.67182e-07,A/um,run_0041
2 nm,300.0,as_simulated_300K,2.5,0.9,Id,3.92433e-07,A/um,run_0041
2 nm,300.0,as_simulated_300K,2.5,1.0,Id,4.13529e-07,A/um,run_0041
2 nm,300.0,as_simulated_300K,2.5,1.1,Id,4.30709e-07,A/um,run_0041
2 nm,300.0,as_simulated_300K,2.5,1.2,Id,4.44278e-07,A/um,run_0041
2 nm,300.0,as_simulated_300K,2.5,1.3,Id,4.54617e-07,A/um,run_0041
2 nm,300.0,as_simulated_300K,2.5,1.4,Id,4.62183e-07,A/um,run_0041
2 nm,300.0,as_simulated_300K,2.5,1.5,Id,4.67487e-07,A/um,run_0041
2 nm,300.0,as_simulated_300K,2.5,1.6,Id,4.71049e-07,A/um,run_0041
2 nm,300.0,as_simulated_300K,2.5,1.7,Id,4.73346e-07,A/um,run_0041
2 nm,300.0,as_simulated_300K,2.5,1.8,Id,4.74771e-07,A/um,run_0041
2 nm,300.0,as_simulated_300K,2.5,1.9,Id,4.75623e-07,A/um,run_0041
2 nm,300.0,as_simulated_300K,2.5,2.0,Id,4.7612e-07,A/um,run_0041
2 nm,300.0,as_simulated_300K,2.5,2.1,Id,4.76414e-07,A/um,run_0041
2 nm,300.0,as_simulated_300K,2.5,2.2,Id,4.76604e-07,A/um,run_0041
2 nm,300.0,as_simulated_300K,2.5,2.3,Id,4.7674e-07,A/um,run_0041
2 nm,300.0,as_simulated_300K,2.5,2.4,Id,4.76846e-07,A/um,run_0041
2 nm,300.0,as_simulated_300K,2.5,2.5,Id,4.76934e-07,A/um,run_0041
2 nm,300.0,as_simulated_300K,2.5,2.6,Id,4.77009e-07,A/um,run_0041
2 nm,300.0,as_simulated_300K,2.5,2.7,Id,4.77075e-07,A/um,run_0041
2 nm,300.0,as_simulated_300K,2.5,2.8,Id,4.77134e-07,A/um,run_0041
2 nm,300.0,as_simulated_300K,2.5,2.9,Id,4.77188e-07,A/um,run_0041
2 nm,300.0,as_simulated_300K,2.5,3.0,Id,4.77237e-07,A/um,run_0041
2 nm,300.0,as_simulated_300K,2.5,0.1/0.05,Id_ratio_Vd0p1_over_Vd0p05,1.96144,-,run_0041
2 nm,300.0,as_simulated_300K,2.5,0-0.1,gd0_quadratic_fit,6.51631e-07,S/um,run_0041
2 nm,300.0,as_simulated_300K,2.5,0-0.1,d2Id_dVd2_at_0,-4.93e-07,A/um/V^2,run_0041
2 nm,300.0,as_simulated_300K,2.5,-,Vd_sat_gd_10pct_of_gd0,1.39677,V,run_0041
2 nm,300.0,as_simulated_300K,2.5,3.0,gd_output_conductance,4.9e-10,S/um,run_0041
2 nm,300.0,as_simulated_300K,2.5,3.0,gd3_over_gd0,0.000751959,-,run_0041
2 nm,300.0,as_simulated_300K,3.0,0.05,Id,4.44712e-08,A/um,run_0041
2 nm,300.0,as_simulated_300K,3.0,0.1,Id,8.76812e-08,A/um,run_0041
2 nm,300.0,as_simulated_300K,3.0,0.15,Id,1.29633e-07,A/um,run_0041
2 nm,300.0,as_simulated_300K,3.0,0.2,Id,1.70328e-07,A/um,run_0041
2 nm,300.0,as_simulated_300K,3.0,0.25,Id,2.09772e-07,A/um,run_0041
2 nm,300.0,as_simulated_300K,3.0,0.3,Id,2.47965e-07,A/um,run_0041
2 nm,300.0,as_simulated_300K,3.0,0.35,Id,2.84913e-07,A/um,run_0041
2 nm,300.0,as_simulated_300K,3.0,0.4,Id,3.20617e-07,A/um,run_0041
2 nm,300.0,as_simulated_300K,3.0,0.45,Id,3.55082e-07,A/um,run_0041
2 nm,300.0,as_simulated_300K,3.0,0.5,Id,3.88313e-07,A/um,run_0041
2 nm,300.0,as_simulated_300K,3.0,0.6,Id,4.51084e-07,A/um,run_0041
2 nm,300.0,as_simulated_300K,3.0,0.7,Id,5.08967e-07,A/um,run_0041
2 nm,300.0,as_simulated_300K,3.0,0.8,Id,5.62003e-07,A/um,run_0041
2 nm,300.0,as_simulated_300K,3.0,0.9,Id,6.10242e-07,A/um,run_0041
2 nm,300.0,as_simulated_300K,3.0,1.0,Id,6.5374e-07,A/um,run_0041
2 nm,300.0,as_simulated_300K,3.0,1.1,Id,6.92569e-07,A/um,run_0041
2 nm,300.0,as_simulated_300K,3.0,1.2,Id,7.26816e-07,A/um,run_0041
2 nm,300.0,as_simulated_300K,3.0,1.3,Id,7.56589e-07,A/um,run_0041
2 nm,300.0,as_simulated_300K,3.0,1.4,Id,7.8203e-07,A/um,run_0041
2 nm,300.0,as_simulated_300K,3.0,1.5,Id,8.03319e-07,A/um,run_0041
2 nm,300.0,as_simulated_300K,3.0,1.6,Id,8.20692e-07,A/um,run_0041
2 nm,300.0,as_simulated_300K,3.0,1.7,Id,8.34451e-07,A/um,run_0041
2 nm,300.0,as_simulated_300K,3.0,1.8,Id,8.44973e-07,A/um,run_0041
2 nm,300.0,as_simulated_300K,3.0,1.9,Id,8.52711e-07,A/um,run_0041
2 nm,300.0,as_simulated_300K,3.0,2.0,Id,8.58172e-07,A/um,run_0041
2 nm,300.0,as_simulated_300K,3.0,2.1,Id,8.61875e-07,A/um,run_0041
2 nm,300.0,as_simulated_300K,3.0,2.2,Id,8.643e-07,A/um,run_0041
2 nm,300.0,as_simulated_300K,3.0,2.3,Id,8.65846e-07,A/um,run_0041
2 nm,300.0,as_simulated_300K,3.0,2.4,Id,8.66817e-07,A/um,run_0041
2 nm,300.0,as_simulated_300K,3.0,2.5,Id,8.67432e-07,A/um,run_0041
2 nm,300.0,as_simulated_300K,3.0,2.6,Id,8.67838e-07,A/um,run_0041
2 nm,300.0,as_simulated_300K,3.0,2.7,Id,8.68127e-07,A/um,run_0041
2 nm,300.0,as_simulated_300K,3.0,2.8,Id,8.68347e-07,A/um,run_0041
2 nm,300.0,as_simulated_300K,3.0,2.9,Id,8.68524e-07,A/um,run_0041
2 nm,300.0,as_simulated_300K,3.0,3.0,Id,8.68673e-07,A/um,run_0041
2 nm,300.0,as_simulated_300K,3.0,0.1/0.05,Id_ratio_Vd0p1_over_Vd0p05,1.97164,-,run_0041
2 nm,300.0,as_simulated_300K,3.0,0-0.1,gd0_quadratic_fit,9.02036e-07,S/um,run_0041
2 nm,300.0,as_simulated_300K,3.0,0-0.1,d2Id_dVd2_at_0,-5.0448e-07,A/um/V^2,run_0041
2 nm,300.0,as_simulated_300K,3.0,-,Vd_sat_gd_10pct_of_gd0,1.80433,V,run_0041
2 nm,300.0,as_simulated_300K,3.0,3.0,gd_output_conductance,1.49e-09,S/um,run_0041
2 nm,300.0,as_simulated_300K,3.0,3.0,gd3_over_gd0,0.00165182,-,run_0041
6.3 nm,300.0,as_simulated_300K,1.0,0.05,Id,2.11645e-09,A/um,run_0042
6.3 nm,300.0,as_simulated_300K,1.0,0.1,Id,3.83618e-09,A/um,run_0042
6.3 nm,300.0,as_simulated_300K,1.0,0.15,Id,5.21043e-09,A/um,run_0042
6.3 nm,300.0,as_simulated_300K,1.0,0.2,Id,6.29024e-09,A/um,run_0042
6.3 nm,300.0,as_simulated_300K,1.0,0.25,Id,7.12446e-09,A/um,run_0042
6.3 nm,300.0,as_simulated_300K,1.0,0.3,Id,7.75784e-09,A/um,run_0042
6.3 nm,300.0,as_simulated_300K,1.0,0.35,Id,8.22977e-09,A/um,run_0042
6.3 nm,300.0,as_simulated_300K,1.0,0.4,Id,8.57377e-09,A/um,run_0042
6.3 nm,300.0,as_simulated_300K,1.0,0.45,Id,8.81772e-09,A/um,run_0042
6.3 nm,300.0,as_simulated_300K,1.0,0.5,Id,8.98458e-09,A/um,run_0042
6.3 nm,300.0,as_simulated_300K,1.0,0.6,Id,9.15927e-09,A/um,run_0042
6.3 nm,300.0,as_simulated_300K,1.0,0.7,Id,9.21411e-09,A/um,run_0042
6.3 nm,300.0,as_simulated_300K,1.0,0.8,Id,9.22654e-09,A/um,run_0042
6.3 nm,300.0,as_simulated_300K,1.0,0.9,Id,9.23075e-09,A/um,run_0042
6.3 nm,300.0,as_simulated_300K,1.0,1.0,Id,9.23348e-09,A/um,run_0042
6.3 nm,300.0,as_simulated_300K,1.0,1.1,Id,9.23566e-09,A/um,run_0042
6.3 nm,300.0,as_simulated_300K,1.0,1.2,Id,9.23749e-09,A/um,run_0042
6.3 nm,300.0,as_simulated_300K,1.0,1.3,Id,9.2391e-09,A/um,run_0042
6.3 nm,300.0,as_simulated_300K,1.0,1.4,Id,9.24053e-09,A/um,run_0042
6.3 nm,300.0,as_simulated_300K,1.0,1.5,Id,9.24183e-09,A/um,run_0042
6.3 nm,300.0,as_simulated_300K,1.0,1.6,Id,9.24302e-09,A/um,run_0042
6.3 nm,300.0,as_simulated_300K,1.0,1.7,Id,9.24413e-09,A/um,run_0042
6.3 nm,300.0,as_simulated_300K,1.0,1.8,Id,9.24516e-09,A/um,run_0042
6.3 nm,300.0,as_simulated_300K,1.0,1.9,Id,9.24612e-09,A/um,run_0042
6.3 nm,300.0,as_simulated_300K,1.0,2.0,Id,9.24704e-09,A/um,run_0042
6.3 nm,300.0,as_simulated_300K,1.0,2.1,Id,9.2479e-09,A/um,run_0042
6.3 nm,300.0,as_simulated_300K,1.0,2.2,Id,9.24872e-09,A/um,run_0042
6.3 nm,300.0,as_simulated_300K,1.0,2.3,Id,9.24951e-09,A/um,run_0042
6.3 nm,300.0,as_simulated_300K,1.0,2.4,Id,9.25026e-09,A/um,run_0042
6.3 nm,300.0,as_simulated_300K,1.0,2.5,Id,9.25098e-09,A/um,run_0042
6.3 nm,300.0,as_simulated_300K,1.0,2.6,Id,9.25167e-09,A/um,run_0042
6.3 nm,300.0,as_simulated_300K,1.0,2.7,Id,9.25234e-09,A/um,run_0042
6.3 nm,300.0,as_simulated_300K,1.0,2.8,Id,9.25299e-09,A/um,run_0042
6.3 nm,300.0,as_simulated_300K,1.0,2.9,Id,9.25361e-09,A/um,run_0042
6.3 nm,300.0,as_simulated_300K,1.0,3.0,Id,9.25421e-09,A/um,run_0042
6.3 nm,300.0,as_simulated_300K,1.0,0.1/0.05,Id_ratio_Vd0p1_over_Vd0p05,1.81255,-,run_0042
6.3 nm,300.0,as_simulated_300K,1.0,0-0.1,gd0_quadratic_fit,4.62962e-08,S/um,run_0042
6.3 nm,300.0,as_simulated_300K,1.0,0-0.1,d2Id_dVd2_at_0,-1.58688e-07,A/um/V^2,run_0042
6.3 nm,300.0,as_simulated_300K,1.0,-,Vd_sat_gd_10pct_of_gd0,0.435279,V,run_0042
6.3 nm,300.0,as_simulated_300K,1.0,3.0,gd_output_conductance,6e-12,S/um,run_0042
6.3 nm,300.0,as_simulated_300K,1.0,3.0,gd3_over_gd0,0.0001296,-,run_0042
6.3 nm,300.0,as_simulated_300K,1.5,0.05,Id,8.24451e-09,A/um,run_0042
6.3 nm,300.0,as_simulated_300K,1.5,0.1,Id,1.57495e-08,A/um,run_0042
6.3 nm,300.0,as_simulated_300K,1.5,0.15,Id,2.25362e-08,A/um,run_0042
6.3 nm,300.0,as_simulated_300K,1.5,0.2,Id,2.86277e-08,A/um,run_0042
6.3 nm,300.0,as_simulated_300K,1.5,0.25,Id,3.405e-08,A/um,run_0042
6.3 nm,300.0,as_simulated_300K,1.5,0.3,Id,3.88317e-08,A/um,run_0042
6.3 nm,300.0,as_simulated_300K,1.5,0.35,Id,4.30047e-08,A/um,run_0042
6.3 nm,300.0,as_simulated_300K,1.5,0.4,Id,4.66044e-08,A/um,run_0042
6.3 nm,300.0,as_simulated_300K,1.5,0.45,Id,4.96699e-08,A/um,run_0042
6.3 nm,300.0,as_simulated_300K,1.5,0.5,Id,5.2244e-08,A/um,run_0042
6.3 nm,300.0,as_simulated_300K,1.5,0.6,Id,5.61063e-08,A/um,run_0042
6.3 nm,300.0,as_simulated_300K,1.5,0.7,Id,5.85887e-08,A/um,run_0042
6.3 nm,300.0,as_simulated_300K,1.5,0.8,Id,6.0084e-08,A/um,run_0042
6.3 nm,300.0,as_simulated_300K,1.5,0.9,Id,6.09256e-08,A/um,run_0042
6.3 nm,300.0,as_simulated_300K,1.5,1.0,Id,6.13592e-08,A/um,run_0042
6.3 nm,300.0,as_simulated_300K,1.5,1.1,Id,6.15556e-08,A/um,run_0042
6.3 nm,300.0,as_simulated_300K,1.5,1.2,Id,6.16339e-08,A/um,run_0042
6.3 nm,300.0,as_simulated_300K,1.5,1.3,Id,6.16683e-08,A/um,run_0042
6.3 nm,300.0,as_simulated_300K,1.5,1.4,Id,6.16893e-08,A/um,run_0042
6.3 nm,300.0,as_simulated_300K,1.5,1.5,Id,6.17051e-08,A/um,run_0042
6.3 nm,300.0,as_simulated_300K,1.5,1.6,Id,6.1718e-08,A/um,run_0042
6.3 nm,300.0,as_simulated_300K,1.5,1.7,Id,6.17291e-08,A/um,run_0042
6.3 nm,300.0,as_simulated_300K,1.5,1.8,Id,6.17388e-08,A/um,run_0042
6.3 nm,300.0,as_simulated_300K,1.5,1.9,Id,6.17474e-08,A/um,run_0042
6.3 nm,300.0,as_simulated_300K,1.5,2.0,Id,6.17553e-08,A/um,run_0042
6.3 nm,300.0,as_simulated_300K,1.5,2.1,Id,6.17626e-08,A/um,run_0042
6.3 nm,300.0,as_simulated_300K,1.5,2.2,Id,6.17693e-08,A/um,run_0042
6.3 nm,300.0,as_simulated_300K,1.5,2.3,Id,6.17755e-08,A/um,run_0042
6.3 nm,300.0,as_simulated_300K,1.5,2.4,Id,6.17814e-08,A/um,run_0042
6.3 nm,300.0,as_simulated_300K,1.5,2.5,Id,6.17869e-08,A/um,run_0042
6.3 nm,300.0,as_simulated_300K,1.5,2.6,Id,6.17922e-08,A/um,run_0042
6.3 nm,300.0,as_simulated_300K,1.5,2.7,Id,6.17972e-08,A/um,run_0042
6.3 nm,300.0,as_simulated_300K,1.5,2.8,Id,6.1802e-08,A/um,run_0042
6.3 nm,300.0,as_simulated_300K,1.5,2.9,Id,6.18065e-08,A/um,run_0042
6.3 nm,300.0,as_simulated_300K,1.5,3.0,Id,6.18109e-08,A/um,run_0042
6.3 nm,300.0,as_simulated_300K,1.5,0.1/0.05,Id_ratio_Vd0p1_over_Vd0p05,1.9103,-,run_0042
6.3 nm,300.0,as_simulated_300K,1.5,0-0.1,gd0_quadratic_fit,1.72285e-07,S/um,run_0042
6.3 nm,300.0,as_simulated_300K,1.5,0-0.1,d2Id_dVd2_at_0,-2.95808e-07,A/um/V^2,run_0042
6.3 nm,300.0,as_simulated_300K,1.5,-,Vd_sat_gd_10pct_of_gd0,0.732423,V,run_0042
6.3 nm,300.0,as_simulated_300K,1.5,3.0,gd_output_conductance,4.4e-11,S/um,run_0042
6.3 nm,300.0,as_simulated_300K,1.5,3.0,gd3_over_gd0,0.00025539,-,run_0042
6.3 nm,300.0,as_simulated_300K,2.0,0.05,Id,1.64415e-08,A/um,run_0042
6.3 nm,300.0,as_simulated_300K,2.0,0.1,Id,3.20151e-08,A/um,run_0042
6.3 nm,300.0,as_simulated_300K,2.0,0.15,Id,4.67298e-08,A/um,run_0042
6.3 nm,300.0,as_simulated_300K,2.0,0.2,Id,6.05952e-08,A/um,run_0042
6.3 nm,300.0,as_simulated_300K,2.0,0.25,Id,7.36218e-08,A/um,run_0042
6.3 nm,300.0,as_simulated_300K,2.0,0.3,Id,8.58208e-08,A/um,run_0042
6.3 nm,300.0,as_simulated_300K,2.0,0.35,Id,9.72043e-08,A/um,run_0042
6.3 nm,300.0,as_simulated_300K,2.0,0.4,Id,1.07785e-07,A/um,run_0042
6.3 nm,300.0,as_simulated_300K,2.0,0.45,Id,1.17579e-07,A/um,run_0042
6.3 nm,300.0,as_simulated_300K,2.0,0.5,Id,1.26599e-07,A/um,run_0042
6.3 nm,300.0,as_simulated_300K,2.0,0.6,Id,1.42394e-07,A/um,run_0042
6.3 nm,300.0,as_simulated_300K,2.0,0.7,Id,1.55328e-07,A/um,run_0042
6.3 nm,300.0,as_simulated_300K,2.0,0.8,Id,1.65595e-07,A/um,run_0042
6.3 nm,300.0,as_simulated_300K,2.0,0.9,Id,1.73435e-07,A/um,run_0042
6.3 nm,300.0,as_simulated_300K,2.0,1.0,Id,1.79144e-07,A/um,run_0042
6.3 nm,300.0,as_simulated_300K,2.0,1.1,Id,1.83073e-07,A/um,run_0042
6.3 nm,300.0,as_simulated_300K,2.0,1.2,Id,1.85617e-07,A/um,run_0042
6.3 nm,300.0,as_simulated_300K,2.0,1.3,Id,1.87167e-07,A/um,run_0042
6.3 nm,300.0,as_simulated_300K,2.0,1.4,Id,1.88055e-07,A/um,run_0042
6.3 nm,300.0,as_simulated_300K,2.0,1.5,Id,1.88532e-07,A/um,run_0042
6.3 nm,300.0,as_simulated_300K,2.0,1.6,Id,1.88774e-07,A/um,run_0042
6.3 nm,300.0,as_simulated_300K,2.0,1.7,Id,1.88899e-07,A/um,run_0042
6.3 nm,300.0,as_simulated_300K,2.0,1.8,Id,1.88975e-07,A/um,run_0042
6.3 nm,300.0,as_simulated_300K,2.0,1.9,Id,1.8903e-07,A/um,run_0042
6.3 nm,300.0,as_simulated_300K,2.0,2.0,Id,1.89074e-07,A/um,run_0042
6.3 nm,300.0,as_simulated_300K,2.0,2.1,Id,1.8911e-07,A/um,run_0042
6.3 nm,300.0,as_simulated_300K,2.0,2.2,Id,1.89141e-07,A/um,run_0042
6.3 nm,300.0,as_simulated_300K,2.0,2.3,Id,1.89169e-07,A/um,run_0042
6.3 nm,300.0,as_simulated_300K,2.0,2.4,Id,1.89193e-07,A/um,run_0042
6.3 nm,300.0,as_simulated_300K,2.0,2.5,Id,1.89216e-07,A/um,run_0042
6.3 nm,300.0,as_simulated_300K,2.0,2.6,Id,1.89237e-07,A/um,run_0042
6.3 nm,300.0,as_simulated_300K,2.0,2.7,Id,1.89256e-07,A/um,run_0042
6.3 nm,300.0,as_simulated_300K,2.0,2.8,Id,1.89274e-07,A/um,run_0042
6.3 nm,300.0,as_simulated_300K,2.0,2.9,Id,1.89291e-07,A/um,run_0042
6.3 nm,300.0,as_simulated_300K,2.0,3.0,Id,1.89307e-07,A/um,run_0042
6.3 nm,300.0,as_simulated_300K,2.0,0.1/0.05,Id_ratio_Vd0p1_over_Vd0p05,1.94721,-,run_0042
6.3 nm,300.0,as_simulated_300K,2.0,0-0.1,gd0_quadratic_fit,3.37509e-07,S/um,run_0042
6.3 nm,300.0,as_simulated_300K,2.0,0-0.1,d2Id_dVd2_at_0,-3.4716e-07,A/um/V^2,run_0042
6.3 nm,300.0,as_simulated_300K,2.0,-,Vd_sat_gd_10pct_of_gd0,1.09124,V,run_0042
6.3 nm,300.0,as_simulated_300K,2.0,3.0,gd_output_conductance,1.6e-10,S/um,run_0042
6.3 nm,300.0,as_simulated_300K,2.0,3.0,gd3_over_gd0,0.000474061,-,run_0042
6.3 nm,300.0,as_simulated_300K,2.5,0.05,Id,2.54895e-08,A/um,run_0042
6.3 nm,300.0,as_simulated_300K,2.5,0.1,Id,5.00505e-08,A/um,run_0042
6.3 nm,300.0,as_simulated_300K,2.5,0.15,Id,7.36882e-08,A/um,run_0042
6.3 nm,300.0,as_simulated_300K,2.5,0.2,Id,9.64078e-08,A/um,run_0042
6.3 nm,300.0,as_simulated_300K,2.5,0.25,Id,1.18215e-07,A/um,run_0042
6.3 nm,300.0,as_simulated_300K,2.5,0.3,Id,1.39115e-07,A/um,run_0042
6.3 nm,300.0,as_simulated_300K,2.5,0.35,Id,1.59115e-07,A/um,run_0042
6.3 nm,300.0,as_simulated_300K,2.5,0.4,Id,1.7822e-07,A/um,run_0042
6.3 nm,300.0,as_simulated_300K,2.5,0.45,Id,1.96438e-07,A/um,run_0042
6.3 nm,300.0,as_simulated_300K,2.5,0.5,Id,2.13777e-07,A/um,run_0042
6.3 nm,300.0,as_simulated_300K,2.5,0.6,Id,2.45845e-07,A/um,run_0042
6.3 nm,300.0,as_simulated_300K,2.5,0.7,Id,2.74494e-07,A/um,run_0042
6.3 nm,300.0,as_simulated_300K,2.5,0.8,Id,2.99802e-07,A/um,run_0042
6.3 nm,300.0,as_simulated_300K,2.5,0.9,Id,3.2186e-07,A/um,run_0042
6.3 nm,300.0,as_simulated_300K,2.5,1.0,Id,3.40776e-07,A/um,run_0042
6.3 nm,300.0,as_simulated_300K,2.5,1.1,Id,3.56679e-07,A/um,run_0042
6.3 nm,300.0,as_simulated_300K,2.5,1.2,Id,3.69726e-07,A/um,run_0042
6.3 nm,300.0,as_simulated_300K,2.5,1.3,Id,3.80107e-07,A/um,run_0042
6.3 nm,300.0,as_simulated_300K,2.5,1.4,Id,3.88059e-07,A/um,run_0042
6.3 nm,300.0,as_simulated_300K,2.5,1.5,Id,3.93875e-07,A/um,run_0042
6.3 nm,300.0,as_simulated_300K,2.5,1.6,Id,3.97901e-07,A/um,run_0042
6.3 nm,300.0,as_simulated_300K,2.5,1.7,Id,4.00531e-07,A/um,run_0042
6.3 nm,300.0,as_simulated_300K,2.5,1.8,Id,4.02154e-07,A/um,run_0042
6.3 nm,300.0,as_simulated_300K,2.5,1.9,Id,4.03109e-07,A/um,run_0042
6.3 nm,300.0,as_simulated_300K,2.5,2.0,Id,4.03652e-07,A/um,run_0042
6.3 nm,300.0,as_simulated_300K,2.5,2.1,Id,4.03964e-07,A/um,run_0042
6.3 nm,300.0,as_simulated_300K,2.5,2.2,Id,4.04158e-07,A/um,run_0042
6.3 nm,300.0,as_simulated_300K,2.5,2.3,Id,4.04293e-07,A/um,run_0042
6.3 nm,300.0,as_simulated_300K,2.5,2.4,Id,4.04397e-07,A/um,run_0042
6.3 nm,300.0,as_simulated_300K,2.5,2.5,Id,4.04481e-07,A/um,run_0042
6.3 nm,300.0,as_simulated_300K,2.5,2.6,Id,4.04553e-07,A/um,run_0042
6.3 nm,300.0,as_simulated_300K,2.5,2.7,Id,4.04616e-07,A/um,run_0042
6.3 nm,300.0,as_simulated_300K,2.5,2.8,Id,4.04671e-07,A/um,run_0042
6.3 nm,300.0,as_simulated_300K,2.5,2.9,Id,4.04722e-07,A/um,run_0042
6.3 nm,300.0,as_simulated_300K,2.5,3.0,Id,4.04768e-07,A/um,run_0042
6.3 nm,300.0,as_simulated_300K,2.5,0.1/0.05,Id_ratio_Vd0p1_over_Vd0p05,1.96357,-,run_0042
6.3 nm,300.0,as_simulated_300K,2.5,0-0.1,gd0_quadratic_fit,5.19075e-07,S/um,run_0042
6.3 nm,300.0,as_simulated_300K,2.5,0-0.1,d2Id_dVd2_at_0,-3.714e-07,A/um/V^2,run_0042
6.3 nm,300.0,as_simulated_300K,2.5,-,Vd_sat_gd_10pct_of_gd0,1.48626,V,run_0042
6.3 nm,300.0,as_simulated_300K,2.5,3.0,gd_output_conductance,4.6e-10,S/um,run_0042
6.3 nm,300.0,as_simulated_300K,2.5,3.0,gd3_over_gd0,0.000886192,-,run_0042
6.3 nm,300.0,as_simulated_300K,3.0,0.05,Id,3.49822e-08,A/um,run_0042
6.3 nm,300.0,as_simulated_300K,3.0,0.1,Id,6.90015e-08,A/um,run_0042
6.3 nm,300.0,as_simulated_300K,3.0,0.15,Id,1.02061e-07,A/um,run_0042
6.3 nm,300.0,as_simulated_300K,3.0,0.2,Id,1.34164e-07,A/um,run_0042
6.3 nm,300.0,as_simulated_300K,3.0,0.25,Id,1.65315e-07,A/um,run_0042
6.3 nm,300.0,as_simulated_300K,3.0,0.3,Id,1.95516e-07,A/um,run_0042
6.3 nm,300.0,as_simulated_300K,3.0,0.35,Id,2.24772e-07,A/um,run_0042
6.3 nm,300.0,as_simulated_300K,3.0,0.4,Id,2.53087e-07,A/um,run_0042
6.3 nm,300.0,as_simulated_300K,3.0,0.45,Id,2.80464e-07,A/um,run_0042
6.3 nm,300.0,as_simulated_300K,3.0,0.5,Id,3.06909e-07,A/um,run_0042
6.3 nm,300.0,as_simulated_300K,3.0,0.6,Id,3.57017e-07,A/um,run_0042
6.3 nm,300.0,as_simulated_300K,3.0,0.7,Id,4.03449e-07,A/um,run_0042
6.3 nm,300.0,as_simulated_300K,3.0,0.8,Id,4.46247e-07,A/um,run_0042
6.3 nm,300.0,as_simulated_300K,3.0,0.9,Id,4.85459e-07,A/um,run_0042
6.3 nm,300.0,as_simulated_300K,3.0,1.0,Id,5.21135e-07,A/um,run_0042
6.3 nm,300.0,as_simulated_300K,3.0,1.1,Id,5.53334e-07,A/um,run_0042
6.3 nm,300.0,as_simulated_300K,3.0,1.2,Id,5.82123e-07,A/um,run_0042
6.3 nm,300.0,as_simulated_300K,3.0,1.3,Id,6.07578e-07,A/um,run_0042
6.3 nm,300.0,as_simulated_300K,3.0,1.4,Id,6.29789e-07,A/um,run_0042
6.3 nm,300.0,as_simulated_300K,3.0,1.5,Id,6.48862e-07,A/um,run_0042
6.3 nm,300.0,as_simulated_300K,3.0,1.6,Id,6.64923e-07,A/um,run_0042
6.3 nm,300.0,as_simulated_300K,3.0,1.7,Id,6.78126e-07,A/um,run_0042
6.3 nm,300.0,as_simulated_300K,3.0,1.8,Id,6.88659e-07,A/um,run_0042
6.3 nm,300.0,as_simulated_300K,3.0,1.9,Id,6.96757e-07,A/um,run_0042
6.3 nm,300.0,as_simulated_300K,3.0,2.0,Id,7.02705e-07,A/um,run_0042
6.3 nm,300.0,as_simulated_300K,3.0,2.1,Id,7.06849e-07,A/um,run_0042
6.3 nm,300.0,as_simulated_300K,3.0,2.2,Id,7.09582e-07,A/um,run_0042
6.3 nm,300.0,as_simulated_300K,3.0,2.3,Id,7.11298e-07,A/um,run_0042
6.3 nm,300.0,as_simulated_300K,3.0,2.4,Id,7.12343e-07,A/um,run_0042
6.3 nm,300.0,as_simulated_300K,3.0,2.5,Id,7.12978e-07,A/um,run_0042
6.3 nm,300.0,as_simulated_300K,3.0,2.6,Id,7.13382e-07,A/um,run_0042
6.3 nm,300.0,as_simulated_300K,3.0,2.7,Id,7.13661e-07,A/um,run_0042
6.3 nm,300.0,as_simulated_300K,3.0,2.8,Id,7.1387e-07,A/um,run_0042
6.3 nm,300.0,as_simulated_300K,3.0,2.9,Id,7.14036e-07,A/um,run_0042
6.3 nm,300.0,as_simulated_300K,3.0,3.0,Id,7.14174e-07,A/um,run_0042
6.3 nm,300.0,as_simulated_300K,3.0,0.1/0.05,Id_ratio_Vd0p1_over_Vd0p05,1.97247,-,run_0042
6.3 nm,300.0,as_simulated_300K,3.0,0-0.1,gd0_quadratic_fit,7.09273e-07,S/um,run_0042
6.3 nm,300.0,as_simulated_300K,3.0,0-0.1,d2Id_dVd2_at_0,-3.8516e-07,A/um/V^2,run_0042
6.3 nm,300.0,as_simulated_300K,3.0,-,Vd_sat_gd_10pct_of_gd0,1.89696,V,run_0042
6.3 nm,300.0,as_simulated_300K,3.0,3.0,gd_output_conductance,1.38e-09,S/um,run_0042
6.3 nm,300.0,as_simulated_300K,3.0,3.0,gd3_over_gd0,0.00194565,-,run_0042
13.2 nm,300.0,as_simulated_300K,1.0,0.05,Id,4.651e-08,A/um,run_0043
13.2 nm,300.0,as_simulated_300K,1.0,0.1,Id,8.86319e-08,A/um,run_0043
13.2 nm,300.0,as_simulated_300K,1.0,0.15,Id,1.26479e-07,A/um,run_0043
13.2 nm,300.0,as_simulated_300K,1.0,0.2,Id,1.60179e-07,A/um,run_0043
13.2 nm,300.0,as_simulated_300K,1.0,0.25,Id,1.8988e-07,A/um,run_0043
13.2 nm,300.0,as_simulated_300K,1.0,0.3,Id,2.15748e-07,A/um,run_0043
13.2 nm,300.0,as_simulated_300K,1.0,0.35,Id,2.37977e-07,A/um,run_0043
13.2 nm,300.0,as_simulated_300K,1.0,0.4,Id,2.5679e-07,A/um,run_0043
13.2 nm,300.0,as_simulated_300K,1.0,0.45,Id,2.72439e-07,A/um,run_0043
13.2 nm,300.0,as_simulated_300K,1.0,0.5,Id,2.85212e-07,A/um,run_0043
13.2 nm,300.0,as_simulated_300K,1.0,0.6,Id,3.03436e-07,A/um,run_0043
13.2 nm,300.0,as_simulated_300K,1.0,0.7,Id,3.14209e-07,A/um,run_0043
13.2 nm,300.0,as_simulated_300K,1.0,0.8,Id,3.20114e-07,A/um,run_0043
13.2 nm,300.0,as_simulated_300K,1.0,0.9,Id,3.23113e-07,A/um,run_0043
13.2 nm,300.0,as_simulated_300K,1.0,1.0,Id,3.24496e-07,A/um,run_0043
13.2 nm,300.0,as_simulated_300K,1.0,1.1,Id,3.25073e-07,A/um,run_0043
13.2 nm,300.0,as_simulated_300K,1.0,1.2,Id,3.25326e-07,A/um,run_0043
13.2 nm,300.0,as_simulated_300K,1.0,1.3,Id,3.25472e-07,A/um,run_0043
13.2 nm,300.0,as_simulated_300K,1.0,1.4,Id,3.25578e-07,A/um,run_0043
13.2 nm,300.0,as_simulated_300K,1.0,1.5,Id,3.25663e-07,A/um,run_0043
13.2 nm,300.0,as_simulated_300K,1.0,1.6,Id,3.25735e-07,A/um,run_0043
13.2 nm,300.0,as_simulated_300K,1.0,1.7,Id,3.25798e-07,A/um,run_0043
13.2 nm,300.0,as_simulated_300K,1.0,1.8,Id,3.25854e-07,A/um,run_0043
13.2 nm,300.0,as_simulated_300K,1.0,1.9,Id,3.25904e-07,A/um,run_0043
13.2 nm,300.0,as_simulated_300K,1.0,2.0,Id,3.2595e-07,A/um,run_0043
13.2 nm,300.0,as_simulated_300K,1.0,2.1,Id,3.25993e-07,A/um,run_0043
13.2 nm,300.0,as_simulated_300K,1.0,2.2,Id,3.26032e-07,A/um,run_0043
13.2 nm,300.0,as_simulated_300K,1.0,2.3,Id,3.26069e-07,A/um,run_0043
13.2 nm,300.0,as_simulated_300K,1.0,2.4,Id,3.26104e-07,A/um,run_0043
13.2 nm,300.0,as_simulated_300K,1.0,2.5,Id,3.26137e-07,A/um,run_0043
13.2 nm,300.0,as_simulated_300K,1.0,2.6,Id,3.26168e-07,A/um,run_0043
13.2 nm,300.0,as_simulated_300K,1.0,2.7,Id,3.26197e-07,A/um,run_0043
13.2 nm,300.0,as_simulated_300K,1.0,2.8,Id,3.26225e-07,A/um,run_0043
13.2 nm,300.0,as_simulated_300K,1.0,2.9,Id,3.26252e-07,A/um,run_0043
13.2 nm,300.0,as_simulated_300K,1.0,3.0,Id,3.26278e-07,A/um,run_0043
13.2 nm,300.0,as_simulated_300K,1.0,0.1/0.05,Id_ratio_Vd0p1_over_Vd0p05,1.90565,-,run_0043
13.2 nm,300.0,as_simulated_300K,1.0,0-0.1,gd0_quadratic_fit,9.74081e-07,S/um,run_0043
13.2 nm,300.0,as_simulated_300K,1.0,0-0.1,d2Id_dVd2_at_0,-1.75524e-06,A/um/V^2,run_0043
13.2 nm,300.0,as_simulated_300K,1.0,-,Vd_sat_gd_10pct_of_gd0,0.677241,V,run_0043
13.2 nm,300.0,as_simulated_300K,1.0,3.0,gd_output_conductance,2.6e-10,S/um,run_0043
13.2 nm,300.0,as_simulated_300K,1.0,3.0,gd3_over_gd0,0.000266918,-,run_0043
13.2 nm,300.0,as_simulated_300K,1.5,0.05,Id,9.44091e-08,A/um,run_0043
13.2 nm,300.0,as_simulated_300K,1.5,0.1,Id,1.83799e-07,A/um,run_0043
13.2 nm,300.0,as_simulated_300K,1.5,0.15,Id,2.68213e-07,A/um,run_0043
13.2 nm,300.0,as_simulated_300K,1.5,0.2,Id,3.47696e-07,A/um,run_0043
13.2 nm,300.0,as_simulated_300K,1.5,0.25,Id,4.22297e-07,A/um,run_0043
13.2 nm,300.0,as_simulated_300K,1.5,0.3,Id,4.9207e-07,A/um,run_0043
13.2 nm,300.0,as_simulated_300K,1.5,0.35,Id,5.57074e-07,A/um,run_0043
13.2 nm,300.0,as_simulated_300K,1.5,0.4,Id,6.17373e-07,A/um,run_0043
13.2 nm,300.0,as_simulated_300K,1.5,0.45,Id,6.73039e-07,A/um,run_0043
13.2 nm,300.0,as_simulated_300K,1.5,0.5,Id,7.2415e-07,A/um,run_0043
13.2 nm,300.0,as_simulated_300K,1.5,0.6,Id,8.13068e-07,A/um,run_0043
13.2 nm,300.0,as_simulated_300K,1.5,0.7,Id,8.84973e-07,A/um,run_0043
13.2 nm,300.0,as_simulated_300K,1.5,0.8,Id,9.4095e-07,A/um,run_0043
13.2 nm,300.0,as_simulated_300K,1.5,0.9,Id,9.82431e-07,A/um,run_0043
13.2 nm,300.0,as_simulated_300K,1.5,1.0,Id,1.0113e-06,A/um,run_0043
13.2 nm,300.0,as_simulated_300K,1.5,1.1,Id,1.02996e-06,A/um,run_0043
13.2 nm,300.0,as_simulated_300K,1.5,1.2,Id,1.04112e-06,A/um,run_0043
13.2 nm,300.0,as_simulated_300K,1.5,1.3,Id,1.04735e-06,A/um,run_0043
13.2 nm,300.0,as_simulated_300K,1.5,1.4,Id,1.05065e-06,A/um,run_0043
13.2 nm,300.0,as_simulated_300K,1.5,1.5,Id,1.05233e-06,A/um,run_0043
13.2 nm,300.0,as_simulated_300K,1.5,1.6,Id,1.05322e-06,A/um,run_0043
13.2 nm,300.0,as_simulated_300K,1.5,1.7,Id,1.05375e-06,A/um,run_0043
13.2 nm,300.0,as_simulated_300K,1.5,1.8,Id,1.05413e-06,A/um,run_0043
13.2 nm,300.0,as_simulated_300K,1.5,1.9,Id,1.05443e-06,A/um,run_0043
13.2 nm,300.0,as_simulated_300K,1.5,2.0,Id,1.05468e-06,A/um,run_0043
13.2 nm,300.0,as_simulated_300K,1.5,2.1,Id,1.05489e-06,A/um,run_0043
13.2 nm,300.0,as_simulated_300K,1.5,2.2,Id,1.05508e-06,A/um,run_0043
13.2 nm,300.0,as_simulated_300K,1.5,2.3,Id,1.05524e-06,A/um,run_0043
13.2 nm,300.0,as_simulated_300K,1.5,2.4,Id,1.05539e-06,A/um,run_0043
13.2 nm,300.0,as_simulated_300K,1.5,2.5,Id,1.05553e-06,A/um,run_0043
13.2 nm,300.0,as_simulated_300K,1.5,2.6,Id,1.05566e-06,A/um,run_0043
13.2 nm,300.0,as_simulated_300K,1.5,2.7,Id,1.05578e-06,A/um,run_0043
13.2 nm,300.0,as_simulated_300K,1.5,2.8,Id,1.05589e-06,A/um,run_0043
13.2 nm,300.0,as_simulated_300K,1.5,2.9,Id,1.056e-06,A/um,run_0043
13.2 nm,300.0,as_simulated_300K,1.5,3.0,Id,1.0561e-06,A/um,run_0043
13.2 nm,300.0,as_simulated_300K,1.5,0.1/0.05,Id_ratio_Vd0p1_over_Vd0p05,1.94684,-,run_0043
13.2 nm,300.0,as_simulated_300K,1.5,0-0.1,gd0_quadratic_fit,1.93837e-06,S/um,run_0043
13.2 nm,300.0,as_simulated_300K,1.5,0-0.1,d2Id_dVd2_at_0,-2.00768e-06,A/um/V^2,run_0043
13.2 nm,300.0,as_simulated_300K,1.5,-,Vd_sat_gd_10pct_of_gd0,1.04947,V,run_0043
13.2 nm,300.0,as_simulated_300K,1.5,3.0,gd_output_conductance,1e-09,S/um,run_0043
13.2 nm,300.0,as_simulated_300K,1.5,3.0,gd3_over_gd0,0.000515896,-,run_0043
13.2 nm,300.0,as_simulated_300K,2.0,0.05,Id,1.46254e-07,A/um,run_0043
13.2 nm,300.0,as_simulated_300K,2.0,0.1,Id,2.87221e-07,A/um,run_0043
13.2 nm,300.0,as_simulated_300K,2.0,0.15,Id,4.22923e-07,A/um,run_0043
13.2 nm,300.0,as_simulated_300K,2.0,0.2,Id,5.53383e-07,A/um,run_0043
13.2 nm,300.0,as_simulated_300K,2.0,0.25,Id,6.78627e-07,A/um,run_0043
13.2 nm,300.0,as_simulated_300K,2.0,0.3,Id,7.98682e-07,A/um,run_0043
13.2 nm,300.0,as_simulated_300K,2.0,0.35,Id,9.13574e-07,A/um,run_0043
13.2 nm,300.0,as_simulated_300K,2.0,0.4,Id,1.02333e-06,A/um,run_0043
13.2 nm,300.0,as_simulated_300K,2.0,0.45,Id,1.12799e-06,A/um,run_0043
13.2 nm,300.0,as_simulated_300K,2.0,0.5,Id,1.22759e-06,A/um,run_0043
13.2 nm,300.0,as_simulated_300K,2.0,0.6,Id,1.41171e-06,A/um,run_0043
13.2 nm,300.0,as_simulated_300K,2.0,0.7,Id,1.57603e-06,A/um,run_0043
13.2 nm,300.0,as_simulated_300K,2.0,0.8,Id,1.72091e-06,A/um,run_0043
13.2 nm,300.0,as_simulated_300K,2.0,0.9,Id,1.8468e-06,A/um,run_0043
13.2 nm,300.0,as_simulated_300K,2.0,1.0,Id,1.95422e-06,A/um,run_0043
13.2 nm,300.0,as_simulated_300K,2.0,1.1,Id,2.04383e-06,A/um,run_0043
13.2 nm,300.0,as_simulated_300K,2.0,1.2,Id,2.11645e-06,A/um,run_0043
13.2 nm,300.0,as_simulated_300K,2.0,1.3,Id,2.17317e-06,A/um,run_0043
13.2 nm,300.0,as_simulated_300K,2.0,1.4,Id,2.21538e-06,A/um,run_0043
13.2 nm,300.0,as_simulated_300K,2.0,1.5,Id,2.24495e-06,A/um,run_0043
13.2 nm,300.0,as_simulated_300K,2.0,1.6,Id,2.26424e-06,A/um,run_0043
13.2 nm,300.0,as_simulated_300K,2.0,1.7,Id,2.27595e-06,A/um,run_0043
13.2 nm,300.0,as_simulated_300K,2.0,1.8,Id,2.28268e-06,A/um,run_0043
13.2 nm,300.0,as_simulated_300K,2.0,1.9,Id,2.28644e-06,A/um,run_0043
13.2 nm,300.0,as_simulated_300K,2.0,2.0,Id,2.28859e-06,A/um,run_0043
13.2 nm,300.0,as_simulated_300K,2.0,2.1,Id,2.28992e-06,A/um,run_0043
13.2 nm,300.0,as_simulated_300K,2.0,2.2,Id,2.29084e-06,A/um,run_0043
13.2 nm,300.0,as_simulated_300K,2.0,2.3,Id,2.29155e-06,A/um,run_0043
13.2 nm,300.0,as_simulated_300K,2.0,2.4,Id,2.29213e-06,A/um,run_0043
13.2 nm,300.0,as_simulated_300K,2.0,2.5,Id,2.29263e-06,A/um,run_0043
13.2 nm,300.0,as_simulated_300K,2.0,2.6,Id,2.29305e-06,A/um,run_0043
13.2 nm,300.0,as_simulated_300K,2.0,2.7,Id,2.29343e-06,A/um,run_0043
13.2 nm,300.0,as_simulated_300K,2.0,2.8,Id,2.29378e-06,A/um,run_0043
13.2 nm,300.0,as_simulated_300K,2.0,2.9,Id,2.29409e-06,A/um,run_0043
13.2 nm,300.0,as_simulated_300K,2.0,3.0,Id,2.29437e-06,A/um,run_0043
13.2 nm,300.0,as_simulated_300K,2.0,0.1/0.05,Id_ratio_Vd0p1_over_Vd0p05,1.96385,-,run_0043
13.2 nm,300.0,as_simulated_300K,2.0,0-0.1,gd0_quadratic_fit,2.97795e-06,S/um,run_0043
13.2 nm,300.0,as_simulated_300K,2.0,0-0.1,d2Id_dVd2_at_0,-2.1148e-06,A/um/V^2,run_0043
13.2 nm,300.0,as_simulated_300K,2.0,-,Vd_sat_gd_10pct_of_gd0,1.45332,V,run_0043
13.2 nm,300.0,as_simulated_300K,2.0,3.0,gd_output_conductance,2.8e-09,S/um,run_0043
13.2 nm,300.0,as_simulated_300K,2.0,3.0,gd3_over_gd0,0.000940244,-,run_0043
13.2 nm,300.0,as_simulated_300K,2.5,0.05,Id,2.00038e-07,A/um,run_0043
13.2 nm,300.0,as_simulated_300K,2.5,0.1,Id,3.94639e-07,A/um,run_0043
13.2 nm,300.0,as_simulated_300K,2.5,0.15,Id,5.83819e-07,A/um,run_0043
13.2 nm,300.0,as_simulated_300K,2.5,0.2,Id,7.67594e-07,A/um,run_0043
13.2 nm,300.0,as_simulated_300K,2.5,0.25,Id,9.45978e-07,A/um,run_0043
13.2 nm,300.0,as_simulated_300K,2.5,0.3,Id,1.11899e-06,A/um,run_0043
13.2 nm,300.0,as_simulated_300K,2.5,0.35,Id,1.28664e-06,A/um,run_0043
13.2 nm,300.0,as_simulated_300K,2.5,0.4,Id,1.44896e-06,A/um,run_0043
13.2 nm,300.0,as_simulated_300K,2.5,0.45,Id,1.60595e-06,A/um,run_0043
13.2 nm,300.0,as_simulated_300K,2.5,0.5,Id,1.75764e-06,A/um,run_0043
13.2 nm,300.0,as_simulated_300K,2.5,0.6,Id,2.04521e-06,A/um,run_0043
13.2 nm,300.0,as_simulated_300K,2.5,0.7,Id,2.31182e-06,A/um,run_0043
13.2 nm,300.0,as_simulated_300K,2.5,0.8,Id,2.55767e-06,A/um,run_0043
13.2 nm,300.0,as_simulated_300K,2.5,0.9,Id,2.78296e-06,A/um,run_0043
13.2 nm,300.0,as_simulated_300K,2.5,1.0,Id,2.98794e-06,A/um,run_0043
13.2 nm,300.0,as_simulated_300K,2.5,1.1,Id,3.17286e-06,A/um,run_0043
13.2 nm,300.0,as_simulated_300K,2.5,1.2,Id,3.33804e-06,A/um,run_0043
13.2 nm,300.0,as_simulated_300K,2.5,1.3,Id,3.48384e-06,A/um,run_0043
13.2 nm,300.0,as_simulated_300K,2.5,1.4,Id,3.61068e-06,A/um,run_0043
13.2 nm,300.0,as_simulated_300K,2.5,1.5,Id,3.71909e-06,A/um,run_0043
13.2 nm,300.0,as_simulated_300K,2.5,1.6,Id,3.8097e-06,A/um,run_0043
13.2 nm,300.0,as_simulated_300K,2.5,1.7,Id,3.88333e-06,A/um,run_0043
13.2 nm,300.0,as_simulated_300K,2.5,1.8,Id,3.94104e-06,A/um,run_0043
13.2 nm,300.0,as_simulated_300K,2.5,1.9,Id,3.9842e-06,A/um,run_0043
13.2 nm,300.0,as_simulated_300K,2.5,2.0,Id,4.01466e-06,A/um,run_0043
13.2 nm,300.0,as_simulated_300K,2.5,2.1,Id,4.03474e-06,A/um,run_0043
13.2 nm,300.0,as_simulated_300K,2.5,2.2,Id,4.04717e-06,A/um,run_0043
13.2 nm,300.0,as_simulated_300K,2.5,2.3,Id,4.05456e-06,A/um,run_0043
13.2 nm,300.0,as_simulated_300K,2.5,2.4,Id,4.05896e-06,A/um,run_0043
13.2 nm,300.0,as_simulated_300K,2.5,2.5,Id,4.06171e-06,A/um,run_0043
13.2 nm,300.0,as_simulated_300K,2.5,2.6,Id,4.0636e-06,A/um,run_0043
13.2 nm,300.0,as_simulated_300K,2.5,2.7,Id,4.06502e-06,A/um,run_0043
13.2 nm,300.0,as_simulated_300K,2.5,2.8,Id,4.06615e-06,A/um,run_0043
13.2 nm,300.0,as_simulated_300K,2.5,2.9,Id,4.06709e-06,A/um,run_0043
13.2 nm,300.0,as_simulated_300K,2.5,3.0,Id,4.0679e-06,A/um,run_0043
13.2 nm,300.0,as_simulated_300K,2.5,0.1/0.05,Id_ratio_Vd0p1_over_Vd0p05,1.97282,-,run_0043
13.2 nm,300.0,as_simulated_300K,2.5,0-0.1,gd0_quadratic_fit,4.05513e-06,S/um,run_0043
13.2 nm,300.0,as_simulated_300K,2.5,0-0.1,d2Id_dVd2_at_0,-2.1748e-06,A/um/V^2,run_0043
13.2 nm,300.0,as_simulated_300K,2.5,-,Vd_sat_gd_10pct_of_gd0,1.87254,V,run_0043
13.2 nm,300.0,as_simulated_300K,2.5,3.0,gd_output_conductance,8.1e-09,S/um,run_0043
13.2 nm,300.0,as_simulated_300K,2.5,3.0,gd3_over_gd0,0.00199747,-,run_0043
13.2 nm,300.0,as_simulated_300K,3.0,0.05,Id,2.5498e-07,A/um,run_0043
13.2 nm,300.0,as_simulated_300K,3.0,0.1,Id,5.04429e-07,A/um,run_0043
13.2 nm,300.0,as_simulated_300K,3.0,0.15,Id,7.48358e-07,A/um,run_0043
13.2 nm,300.0,as_simulated_300K,3.0,0.2,Id,9.86778e-07,A/um,run_0043
13.2 nm,300.0,as_simulated_300K,3.0,0.25,Id,1.2197e-06,A/um,run_0043
13.2 nm,300.0,as_simulated_300K,3.0,0.3,Id,1.44714e-06,A/um,run_0043
13.2 nm,300.0,as_simulated_300K,3.0,0.35,Id,1.6691e-06,A/um,run_0043
13.2 nm,300.0,as_simulated_300K,3.0,0.4,Id,1.88561e-06,A/um,run_0043
13.2 nm,300.0,as_simulated_300K,3.0,0.45,Id,2.09666e-06,A/um,run_0043
13.2 nm,300.0,as_simulated_300K,3.0,0.5,Id,2.30228e-06,A/um,run_0043
13.2 nm,300.0,as_simulated_300K,3.0,0.6,Id,2.69727e-06,A/um,run_0043
13.2 nm,300.0,as_simulated_300K,3.0,0.7,Id,3.07069e-06,A/um,run_0043
13.2 nm,300.0,as_simulated_300K,3.0,0.8,Id,3.42265e-06,A/um,run_0043
13.2 nm,300.0,as_simulated_300K,3.0,0.9,Id,3.75329e-06,A/um,run_0043
13.2 nm,300.0,as_simulated_300K,3.0,1.0,Id,4.06274e-06,A/um,run_0043
13.2 nm,300.0,as_simulated_300K,3.0,1.1,Id,4.35116e-06,A/um,run_0043
13.2 nm,300.0,as_simulated_300K,3.0,1.2,Id,4.6187e-06,A/um,run_0043
13.2 nm,300.0,as_simulated_300K,3.0,1.3,Id,4.86555e-06,A/um,run_0043
13.2 nm,300.0,as_simulated_300K,3.0,1.4,Id,5.09191e-06,A/um,run_0043
13.2 nm,300.0,as_simulated_300K,3.0,1.5,Id,5.29801e-06,A/um,run_0043
13.2 nm,300.0,as_simulated_300K,3.0,1.6,Id,5.48409e-06,A/um,run_0043
13.2 nm,300.0,as_simulated_300K,3.0,1.7,Id,5.65047e-06,A/um,run_0043
13.2 nm,300.0,as_simulated_300K,3.0,1.8,Id,5.79749e-06,A/um,run_0043
13.2 nm,300.0,as_simulated_300K,3.0,1.9,Id,5.92558e-06,A/um,run_0043
13.2 nm,300.0,as_simulated_300K,3.0,2.0,Id,6.03523e-06,A/um,run_0043
13.2 nm,300.0,as_simulated_300K,3.0,2.1,Id,6.12709e-06,A/um,run_0043
13.2 nm,300.0,as_simulated_300K,3.0,2.2,Id,6.20195e-06,A/um,run_0043
13.2 nm,300.0,as_simulated_300K,3.0,2.3,Id,6.26083e-06,A/um,run_0043
13.2 nm,300.0,as_simulated_300K,3.0,2.4,Id,6.30511e-06,A/um,run_0043
13.2 nm,300.0,as_simulated_300K,3.0,2.5,Id,6.3366e-06,A/um,run_0043
13.2 nm,300.0,as_simulated_300K,3.0,2.6,Id,6.35763e-06,A/um,run_0043
13.2 nm,300.0,as_simulated_300K,3.0,2.7,Id,6.37094e-06,A/um,run_0043
13.2 nm,300.0,as_simulated_300K,3.0,2.8,Id,6.37916e-06,A/um,run_0043
13.2 nm,300.0,as_simulated_300K,3.0,2.9,Id,6.38436e-06,A/um,run_0043
13.2 nm,300.0,as_simulated_300K,3.0,3.0,Id,6.38786e-06,A/um,run_0043
13.2 nm,300.0,as_simulated_300K,3.0,0.1/0.05,Id_ratio_Vd0p1_over_Vd0p05,1.97831,-,run_0043
13.2 nm,300.0,as_simulated_300K,3.0,0-0.1,gd0_quadratic_fit,5.15491e-06,S/um,run_0043
13.2 nm,300.0,as_simulated_300K,3.0,0-0.1,d2Id_dVd2_at_0,-2.2124e-06,A/um/V^2,run_0043
13.2 nm,300.0,as_simulated_300K,3.0,-,Vd_sat_gd_10pct_of_gd0,2.30023,V,run_0043
13.2 nm,300.0,as_simulated_300K,3.0,3.0,gd_output_conductance,3.5e-08,S/um,run_0043
13.2 nm,300.0,as_simulated_300K,3.0,3.0,gd3_over_gd0,0.00678964,-,run_0043
6.3 nm,300.0,as_simulated_300K,1.0,0.05,Id_ratio_6p3_over_2p0,1.14135,-,run_0042/run_0041
6.3 nm,300.0,as_simulated_300K,1.0,0.1,Id_ratio_6p3_over_2p0,1.1486,-,run_0042/run_0041
6.3 nm,300.0,as_simulated_300K,1.0,0.5,Id_ratio_6p3_over_2p0,1.16792,-,run_0042/run_0041
6.3 nm,300.0,as_simulated_300K,1.0,1.0,Id_ratio_6p3_over_2p0,1.17298,-,run_0042/run_0041
6.3 nm,300.0,as_simulated_300K,1.0,2.0,Id_ratio_6p3_over_2p0,1.17316,-,run_0042/run_0041
6.3 nm,300.0,as_simulated_300K,1.0,3.0,Id_ratio_6p3_over_2p0,1.17323,-,run_0042/run_0041
6.3 nm,300.0,as_simulated_300K,1.5,0.05,Id_ratio_6p3_over_2p0,0.919252,-,run_0042/run_0041
6.3 nm,300.0,as_simulated_300K,1.5,0.1,Id_ratio_6p3_over_2p0,0.92709,-,run_0042/run_0041
6.3 nm,300.0,as_simulated_300K,1.5,0.5,Id_ratio_6p3_over_2p0,0.987291,-,run_0042/run_0041
6.3 nm,300.0,as_simulated_300K,1.5,1.0,Id_ratio_6p3_over_2p0,1.01006,-,run_0042/run_0041
6.3 nm,300.0,as_simulated_300K,1.5,2.0,Id_ratio_6p3_over_2p0,1.01135,-,run_0042/run_0041
6.3 nm,300.0,as_simulated_300K,1.5,3.0,Id_ratio_6p3_over_2p0,1.01143,-,run_0042/run_0041
6.3 nm,300.0,as_simulated_300K,2.0,0.05,Id_ratio_6p3_over_2p0,0.827004,-,run_0042/run_0041
6.3 nm,300.0,as_simulated_300K,2.0,0.1,Id_ratio_6p3_over_2p0,0.829493,-,run_0042/run_0041
6.3 nm,300.0,as_simulated_300K,2.0,0.5,Id_ratio_6p3_over_2p0,0.854446,-,run_0042/run_0041
6.3 nm,300.0,as_simulated_300K,2.0,1.0,Id_ratio_6p3_over_2p0,0.889277,-,run_0042/run_0041
6.3 nm,300.0,as_simulated_300K,2.0,2.0,Id_ratio_6p3_over_2p0,0.899988,-,run_0042/run_0041
6.3 nm,300.0,as_simulated_300K,2.0,3.0,Id_ratio_6p3_over_2p0,0.900095,-,run_0042/run_0041
6.3 nm,300.0,as_simulated_300K,2.5,0.05,Id_ratio_6p3_over_2p0,0.797412,-,run_0042/run_0041
6.3 nm,300.0,as_simulated_300K,2.5,0.1,Id_ratio_6p3_over_2p0,0.798278,-,run_0042/run_0041
6.3 nm,300.0,as_simulated_300K,2.5,0.5,Id_ratio_6p3_over_2p0,0.807138,-,run_0042/run_0041
6.3 nm,300.0,as_simulated_300K,2.5,1.0,Id_ratio_6p3_over_2p0,0.824068,-,run_0042/run_0041
6.3 nm,300.0,as_simulated_300K,2.5,2.0,Id_ratio_6p3_over_2p0,0.847795,-,run_0042/run_0041
6.3 nm,300.0,as_simulated_300K,2.5,3.0,Id_ratio_6p3_over_2p0,0.848149,-,run_0042/run_0041
6.3 nm,300.0,as_simulated_300K,3.0,0.05,Id_ratio_6p3_over_2p0,0.786626,-,run_0042/run_0041
6.3 nm,300.0,as_simulated_300K,3.0,0.1,Id_ratio_6p3_over_2p0,0.786959,-,run_0042/run_0041
6.3 nm,300.0,as_simulated_300K,3.0,0.5,Id_ratio_6p3_over_2p0,0.790365,-,run_0042/run_0041
6.3 nm,300.0,as_simulated_300K,3.0,1.0,Id_ratio_6p3_over_2p0,0.797159,-,run_0042/run_0041
6.3 nm,300.0,as_simulated_300K,3.0,2.0,Id_ratio_6p3_over_2p0,0.818839,-,run_0042/run_0041
6.3 nm,300.0,as_simulated_300K,3.0,3.0,Id_ratio_6p3_over_2p0,0.822144,-,run_0042/run_0041
13.2 nm,300.0,as_simulated_300K,1.0,0.05,Id_ratio_13p2_over_2p0,25.0817,-,run_0043/run_0041
13.2 nm,300.0,as_simulated_300K,1.0,0.1,Id_ratio_13p2_over_2p0,26.5375,-,run_0043/run_0041
13.2 nm,300.0,as_simulated_300K,1.0,0.5,Id_ratio_13p2_over_2p0,37.0751,-,run_0043/run_0041
13.2 nm,300.0,as_simulated_300K,1.0,1.0,Id_ratio_13p2_over_2p0,41.2226,-,run_0043/run_0041
13.2 nm,300.0,as_simulated_300K,1.0,2.0,Id_ratio_13p2_over_2p0,41.3528,-,run_0043/run_0041
13.2 nm,300.0,as_simulated_300K,1.0,3.0,Id_ratio_13p2_over_2p0,41.3647,-,run_0043/run_0041
13.2 nm,300.0,as_simulated_300K,1.5,0.05,Id_ratio_13p2_over_2p0,10.5265,-,run_0043/run_0041
13.2 nm,300.0,as_simulated_300K,1.5,0.1,Id_ratio_13p2_over_2p0,10.8193,-,run_0043/run_0041
13.2 nm,300.0,as_simulated_300K,1.5,0.5,Id_ratio_13p2_over_2p0,13.6848,-,run_0043/run_0041
13.2 nm,300.0,as_simulated_300K,1.5,1.0,Id_ratio_13p2_over_2p0,16.6475,-,run_0043/run_0041
13.2 nm,300.0,as_simulated_300K,1.5,2.0,Id_ratio_13p2_over_2p0,17.2723,-,run_0043/run_0041
13.2 nm,300.0,as_simulated_300K,1.5,3.0,Id_ratio_13p2_over_2p0,17.2813,-,run_0043/run_0041
13.2 nm,300.0,as_simulated_300K,2.0,0.05,Id_ratio_13p2_over_2p0,7.35655,-,run_0043/run_0041
13.2 nm,300.0,as_simulated_300K,2.0,0.1,Id_ratio_13p2_over_2p0,7.44173,-,run_0043/run_0041
13.2 nm,300.0,as_simulated_300K,2.0,0.5,Id_ratio_13p2_over_2p0,8.28529,-,run_0043/run_0041
13.2 nm,300.0,as_simulated_300K,2.0,1.0,Id_ratio_13p2_over_2p0,9.70082,-,run_0043/run_0041
13.2 nm,300.0,as_simulated_300K,2.0,2.0,Id_ratio_13p2_over_2p0,10.8936,-,run_0043/run_0041
13.2 nm,300.0,as_simulated_300K,2.0,3.0,Id_ratio_13p2_over_2p0,10.909,-,run_0043/run_0041
13.2 nm,300.0,as_simulated_300K,2.5,0.05,Id_ratio_13p2_over_2p0,6.25797,-,run_0043/run_0041
13.2 nm,300.0,as_simulated_300K,2.5,0.1,Id_ratio_13p2_over_2p0,6.29427,-,run_0043/run_0041
13.2 nm,300.0,as_simulated_300K,2.5,0.5,Id_ratio_13p2_over_2p0,6.63616,-,run_0043/run_0041
13.2 nm,300.0,as_simulated_300K,2.5,1.0,Id_ratio_13p2_over_2p0,7.22547,-,run_0043/run_0041
13.2 nm,300.0,as_simulated_300K,2.5,2.0,Id_ratio_13p2_over_2p0,8.43203,-,run_0043/run_0041
13.2 nm,300.0,as_simulated_300K,2.5,3.0,Id_ratio_13p2_over_2p0,8.52386,-,run_0043/run_0041
13.2 nm,300.0,as_simulated_300K,3.0,0.05,Id_ratio_13p2_over_2p0,5.7336,-,run_0043/run_0041
13.2 nm,300.0,as_simulated_300K,3.0,0.1,Id_ratio_13p2_over_2p0,5.75299,-,run_0043/run_0041
13.2 nm,300.0,as_simulated_300K,3.0,0.5,Id_ratio_13p2_over_2p0,5.92893,-,run_0043/run_0041
13.2 nm,300.0,as_simulated_300K,3.0,1.0,Id_ratio_13p2_over_2p0,6.21461,-,run_0043/run_0041
13.2 nm,300.0,as_simulated_300K,3.0,2.0,Id_ratio_13p2_over_2p0,7.03266,-,run_0043/run_0041
13.2 nm,300.0,as_simulated_300K,3.0,3.0,Id_ratio_13p2_over_2p0,7.35358,-,run_0043/run_0041
2 nm,338.15,P-phonon,-,0.7,Vth_cc,0.652563,V,run_0044
2 nm,338.15,P-phonon,-,0.7,dVth_cc_mV,-27.8611,mV,run_0044
2 nm,338.15,P-phonon,-,0.7,SS_11_10,123.547,mV/dec,run_0044
2 nm,338.15,P-phonon,-,0.7,dSS_11_10,0.0158275,mV/dec,run_0044
2 nm,338.15,P-phonon,-,0.7,SS_10_9,215.95,mV/dec,run_0044
2 nm,338.15,P-phonon,-,0.7,dSS_10_9,0.991095,mV/dec,run_0044
2 nm,338.15,P-phonon,-,0.7,SS_10_8,300.175,mV/dec,run_0044
2 nm,338.15,P-phonon,-,0.7,dSS_10_8,9.29575,mV/dec,run_0044
2 nm,338.15,P-phonon,-,0.7,Vth_lin,1.51936,V,run_0044
2 nm,338.15,P-phonon,-,0.7,dVth_lin_mV,-17.1864,mV,run_0044
2 nm,338.15,P-phonon,-,0.7,mu_FE,9.22256,cm2/Vs,run_0044
2 nm,338.15,P-phonon,-,0.7,mu_FE_ratio,0.831177,-,run_0044
2 nm,338.15,P-phonon,3.0,0.7,Ion,4.28009e-07,A/um,run_0044
2 nm,338.15,P-phonon,3.0,0.7,dIon_pct,-15.9062,%,run_0044
2 nm,338.15,P-MTR,-,0.7,Vth_cc,0.631105,V,run_0044 x(T/300)^1.5=1.19669
2 nm,338.15,P-MTR,-,0.7,dVth_cc_mV,-49.3188,mV,run_0044 x(T/300)^1.5=1.19669
2 nm,338.15,P-MTR,-,0.7,SS_11_10,119.708,mV/dec,run_0044 x(T/300)^1.5=1.19669
2 nm,338.15,P-MTR,-,0.7,dSS_11_10,-3.82335,mV/dec,run_0044 x(T/300)^1.5=1.19669
2 nm,338.15,P-MTR,-,0.7,SS_10_9,206.34,mV/dec,run_0044 x(T/300)^1.5=1.19669
2 nm,338.15,P-MTR,-,0.7,dSS_10_9,-8.61861,mV/dec,run_0044 x(T/300)^1.5=1.19669
2 nm,338.15,P-MTR,-,0.7,SS_10_8,287.096,mV/dec,run_0044 x(T/300)^1.5=1.19669
2 nm,338.15,P-MTR,-,0.7,dSS_10_8,-3.78299,mV/dec,run_0044 x(T/300)^1.5=1.19669
2 nm,338.15,P-MTR,-,0.7,Vth_lin,1.51936,V,run_0044 x(T/300)^1.5=1.19669
2 nm,338.15,P-MTR,-,0.7,dVth_lin_mV,-17.1864,mV,run_0044 x(T/300)^1.5=1.19669
2 nm,338.15,P-MTR,-,0.7,mu_FE,11.0366,cm2/Vs,run_0044 x(T/300)^1.5=1.19669
2 nm,338.15,P-MTR,-,0.7,mu_FE_ratio,0.994662,-,run_0044 x(T/300)^1.5=1.19669
2 nm,338.15,P-MTR,3.0,0.7,Ion,5.12195e-07,A/um,run_0044 x(T/300)^1.5=1.19669
2 nm,338.15,P-MTR,3.0,0.7,dIon_pct,0.634298,%,run_0044 x(T/300)^1.5=1.19669
2 nm,358.15,P-phonon,-,0.7,Vth_cc,0.63992,V,run_0045
2 nm,358.15,P-phonon,-,0.7,dVth_cc_mV,-40.5033,mV,run_0045
2 nm,358.15,P-phonon,-,0.7,SS_11_10,125.049,mV/dec,run_0045
2 nm,358.15,P-phonon,-,0.7,dSS_11_10,1.51767,mV/dec,run_0045
2 nm,358.15,P-phonon,-,0.7,SS_10_9,216.913,mV/dec,run_0045
2 nm,358.15,P-phonon,-,0.7,dSS_10_9,1.95367,mV/dec,run_0045
2 nm,358.15,P-phonon,-,0.7,SS_10_8,304.527,mV/dec,run_0045
2 nm,358.15,P-phonon,-,0.7,dSS_10_8,13.648,mV/dec,run_0045
2 nm,358.15,P-phonon,-,0.7,Vth_lin,1.51005,V,run_0045
2 nm,358.15,P-phonon,-,0.7,dVth_lin_mV,-26.4944,mV,run_0045
2 nm,358.15,P-phonon,-,0.7,mu_FE,8.4374,cm2/Vs,run_0045
2 nm,358.15,P-phonon,-,0.7,mu_FE_ratio,0.760414,-,run_0045
2 nm,358.15,P-phonon,3.0,0.7,Ion,3.94032e-07,A/um,run_0045
2 nm,358.15,P-phonon,3.0,0.7,dIon_pct,-22.5819,%,run_0045
2 nm,358.15,P-MTR,-,0.7,Vth_cc,0.607365,V,run_0045 x(T/300)^1.5=1.30441
2 nm,358.15,P-MTR,-,0.7,dVth_cc_mV,-73.0588,mV,run_0045 x(T/300)^1.5=1.30441
2 nm,358.15,P-MTR,-,0.7,SS_11_10,117.256,mV/dec,run_0045 x(T/300)^1.5=1.30441
2 nm,358.15,P-MTR,-,0.7,dSS_11_10,-6.27507,mV/dec,run_0045 x(T/300)^1.5=1.30441
2 nm,358.15,P-MTR,-,0.7,SS_10_9,202.812,mV/dec,run_0045 x(T/300)^1.5=1.30441
2 nm,358.15,P-MTR,-,0.7,dSS_10_9,-12.1468,mV/dec,run_0045 x(T/300)^1.5=1.30441
2 nm,358.15,P-MTR,-,0.7,SS_10_8,285.264,mV/dec,run_0045 x(T/300)^1.5=1.30441
2 nm,358.15,P-MTR,-,0.7,dSS_10_8,-5.61475,mV/dec,run_0045 x(T/300)^1.5=1.30441
2 nm,358.15,P-MTR,-,0.7,Vth_lin,1.51005,V,run_0045 x(T/300)^1.5=1.30441
2 nm,358.15,P-MTR,-,0.7,dVth_lin_mV,-26.4944,mV,run_0045 x(T/300)^1.5=1.30441
2 nm,358.15,P-MTR,-,0.7,mu_FE,11.0059,cm2/Vs,run_0045 x(T/300)^1.5=1.30441
2 nm,358.15,P-MTR,-,0.7,mu_FE_ratio,0.991895,-,run_0045 x(T/300)^1.5=1.30441
2 nm,358.15,P-MTR,3.0,0.7,Ion,5.13981e-07,A/um,run_0045 x(T/300)^1.5=1.30441
2 nm,358.15,P-MTR,3.0,0.7,dIon_pct,0.985253,%,run_0045 x(T/300)^1.5=1.30441
6.3 nm,358.15,P-phonon,-,0.7,Vth_cc,0.606193,V,run_0046
6.3 nm,358.15,P-phonon,-,0.7,dVth_cc_mV,-46.6915,mV,run_0046
6.3 nm,358.15,P-phonon,-,0.7,SS_11_10,123.728,mV/dec,run_0046
6.3 nm,358.15,P-phonon,-,0.7,dSS_11_10,-0.749359,mV/dec,run_0046
6.3 nm,358.15,P-phonon,-,0.7,SS_10_9,217.929,mV/dec,run_0046
6.3 nm,358.15,P-phonon,-,0.7,dSS_10_9,2.35034,mV/dec,run_0046
6.3 nm,358.15,P-phonon,-,0.7,SS_10_8,307.313,mV/dec,run_0046
6.3 nm,358.15,P-phonon,-,0.7,dSS_10_8,17.5972,mV/dec,run_0046
6.3 nm,358.15,P-phonon,-,0.7,Vth_lin,1.43193,V,run_0046
6.3 nm,358.15,P-phonon,-,0.7,dVth_lin_mV,-34.4889,mV,run_0046
6.3 nm,358.15,P-phonon,-,0.7,mu_FE,6.43285,cm2/Vs,run_0046
6.3 nm,358.15,P-phonon,-,0.7,mu_FE_ratio,0.76643,-,run_0046
6.3 nm,358.15,P-phonon,3.0,0.7,Ion,3.16169e-07,A/um,run_0046
6.3 nm,358.15,P-phonon,3.0,0.7,dIon_pct,-21.6334,%,run_0046
6.3 nm,358.15,P-MTR,-,0.7,Vth_cc,0.573945,V,run_0046 x(T/300)^1.5=1.30441
6.3 nm,358.15,P-MTR,-,0.7,dVth_cc_mV,-78.9388,mV,run_0046 x(T/300)^1.5=1.30441
6.3 nm,358.15,P-MTR,-,0.7,SS_11_10,118.189,mV/dec,run_0046 x(T/300)^1.5=1.30441
6.3 nm,358.15,P-MTR,-,0.7,dSS_11_10,-6.28874,mV/dec,run_0046 x(T/300)^1.5=1.30441
6.3 nm,358.15,P-MTR,-,0.7,SS_10_9,203.1,mV/dec,run_0046 x(T/300)^1.5=1.30441
6.3 nm,358.15,P-MTR,-,0.7,dSS_10_9,-12.4785,mV/dec,run_0046 x(T/300)^1.5=1.30441
6.3 nm,358.15,P-MTR,-,0.7,SS_10_8,286.9,mV/dec,run_0046 x(T/300)^1.5=1.30441
6.3 nm,358.15,P-MTR,-,0.7,dSS_10_8,-2.81565,mV/dec,run_0046 x(T/300)^1.5=1.30441
6.3 nm,358.15,P-MTR,-,0.7,Vth_lin,1.43193,V,run_0046 x(T/300)^1.5=1.30441
6.3 nm,358.15,P-MTR,-,0.7,dVth_lin_mV,-34.4889,mV,run_0046 x(T/300)^1.5=1.30441
6.3 nm,358.15,P-MTR,-,0.7,mu_FE,8.3911,cm2/Vs,run_0046 x(T/300)^1.5=1.30441
6.3 nm,358.15,P-MTR,-,0.7,mu_FE_ratio,0.999742,-,run_0046 x(T/300)^1.5=1.30441
6.3 nm,358.15,P-MTR,3.0,0.7,Ion,4.12415e-07,A/um,run_0046 x(T/300)^1.5=1.30441
6.3 nm,358.15,P-MTR,3.0,0.7,dIon_pct,2.22256,%,run_0046 x(T/300)^1.5=1.30441
13.2 nm,358.15,P-phonon,-,0.7,Vth_cc,-0.00303772,V,run_0047
13.2 nm,358.15,P-phonon,-,0.7,dVth_cc_mV,-56.6473,mV,run_0047
13.2 nm,358.15,P-phonon,-,0.7,SS_11_10,92.992,mV/dec,run_0047
13.2 nm,358.15,P-phonon,-,0.7,dSS_11_10,2.10084,mV/dec,run_0047
13.2 nm,358.15,P-phonon,-,0.7,SS_10_9,140.098,mV/dec,run_0047
13.2 nm,358.15,P-phonon,-,0.7,dSS_10_9,-3.33654,mV/dec,run_0047
13.2 nm,358.15,P-phonon,-,0.7,SS_10_8,195.159,mV/dec,run_0047
13.2 nm,358.15,P-phonon,-,0.7,dSS_10_8,2.16903,mV/dec,run_0047
13.2 nm,358.15,P-phonon,-,0.7,Vth_lin,0.964492,V,run_0047
13.2 nm,358.15,P-phonon,-,0.7,dVth_lin_mV,-30.0783,mV,run_0047
13.2 nm,358.15,P-phonon,-,0.7,mu_FE,37.4588,cm2/Vs,run_0047
13.2 nm,358.15,P-phonon,-,0.7,mu_FE_ratio,0.76679,-,run_0047
13.2 nm,358.15,P-phonon,3.0,0.7,Ion,2.38989e-06,A/um,run_0047
13.2 nm,358.15,P-phonon,3.0,0.7,dIon_pct,-22.171,%,run_0047
13.2 nm,358.15,P-MTR,-,0.7,Vth_cc,-0.0226414,V,run_0047 x(T/300)^1.5=1.30441
13.2 nm,358.15,P-MTR,-,0.7,dVth_cc_mV,-76.2509,mV,run_0047 x(T/300)^1.5=1.30441
13.2 nm,358.15,P-MTR,-,0.7,SS_11_10,90.405,mV/dec,run_0047 x(T/300)^1.5=1.30441
13.2 nm,358.15,P-MTR,-,0.7,dSS_11_10,-0.486162,mV/dec,run_0047 x(T/300)^1.5=1.30441
13.2 nm,358.15,P-MTR,-,0.7,SS_10_9,132.852,mV/dec,run_0047 x(T/300)^1.5=1.30441
13.2 nm,358.15,P-MTR,-,0.7,dSS_10_9,-10.5818,mV/dec,run_0047 x(T/300)^1.5=1.30441
13.2 nm,358.15,P-MTR,-,0.7,SS_10_8,183.081,mV/dec,run_0047 x(T/300)^1.5=1.30441
13.2 nm,358.15,P-MTR,-,0.7,dSS_10_8,-9.90966,mV/dec,run_0047 x(T/300)^1.5=1.30441
13.2 nm,358.15,P-MTR,-,0.7,Vth_lin,0.964492,V,run_0047 x(T/300)^1.5=1.30441
13.2 nm,358.15,P-MTR,-,0.7,dVth_lin_mV,-30.0783,mV,run_0047 x(T/300)^1.5=1.30441
13.2 nm,358.15,P-MTR,-,0.7,mu_FE,48.8618,cm2/Vs,run_0047 x(T/300)^1.5=1.30441
13.2 nm,358.15,P-MTR,-,0.7,mu_FE_ratio,1.00021,-,run_0047 x(T/300)^1.5=1.30441
13.2 nm,358.15,P-MTR,3.0,0.7,Ion,3.11741e-06,A/um,run_0047 x(T/300)^1.5=1.30441
13.2 nm,358.15,P-MTR,3.0,0.7,dIon_pct,1.52131,%,run_0047 x(T/300)^1.5=1.30441
2 nm,300.0,reference_300K,0.05,0.7,Id,5.70766e-16,A/um,run_0038 x0.999983
2 nm,300.0,reference_300K,0.1,0.7,Id,3.66288e-15,A/um,run_0038 x0.999983
2 nm,300.0,reference_300K,0.15,0.7,Id,2.28122e-14,A/um,run_0038 x0.999983
2 nm,300.0,reference_300K,0.2,0.7,Id,1.36156e-13,A/um,run_0038 x0.999983
2 nm,300.0,reference_300K,0.25,0.7,Id,7.45296e-13,A/um,run_0038 x0.999983
2 nm,300.0,reference_300K,0.3,0.7,Id,3.42324e-12,A/um,run_0038 x0.999983
2 nm,300.0,reference_300K,0.35,0.7,Id,1.22903e-11,A/um,run_0038 x0.999983
2 nm,300.0,reference_300K,0.4,0.7,Id,3.46526e-11,A/um,run_0038 x0.999983
2 nm,300.0,reference_300K,0.45,0.7,Id,8.05339e-11,A/um,run_0038 x0.999983
2 nm,300.0,reference_300K,0.5,0.7,Id,1.62168e-10,A/um,run_0038 x0.999983
2 nm,300.0,reference_300K,0.55,0.7,Id,2.93952e-10,A/um,run_0038 x0.999983
2 nm,300.0,reference_300K,0.6,0.7,Id,4.92759e-10,A/um,run_0038 x0.999983
2 nm,300.0,reference_300K,0.65,0.7,Id,7.78496e-10,A/um,run_0038 x0.999983
2 nm,300.0,reference_300K,0.7,0.7,Id,1.17482e-09,A/um,run_0038 x0.999983
2 nm,300.0,reference_300K,0.75,0.7,Id,1.70995e-09,A/um,run_0038 x0.999983
2 nm,300.0,reference_300K,0.8,0.7,Id,2.41752e-09,A/um,run_0038 x0.999983
2 nm,300.0,reference_300K,0.85,0.7,Id,3.33722e-09,A/um,run_0038 x0.999983
2 nm,300.0,reference_300K,0.9,0.7,Id,4.51522e-09,A/um,run_0038 x0.999983
2 nm,300.0,reference_300K,0.95,0.7,Id,6.00375e-09,A/um,run_0038 x0.999983
2 nm,300.0,reference_300K,1.0,0.7,Id,7.85979e-09,A/um,run_0038 x0.999983
2 nm,300.0,reference_300K,1.05,0.7,Id,1.01426e-08,A/um,run_0038 x0.999983
2 nm,300.0,reference_300K,1.1,0.7,Id,1.29113e-08,A/um,run_0038 x0.999983
2 nm,300.0,reference_300K,1.15,0.7,Id,1.62231e-08,A/um,run_0038 x0.999983
2 nm,300.0,reference_300K,1.2,0.7,Id,2.01324e-08,A/um,run_0038 x0.999983
2 nm,300.0,reference_300K,1.25,0.7,Id,2.46886e-08,A/um,run_0038 x0.999983
2 nm,300.0,reference_300K,1.3,0.7,Id,2.99352e-08,A/um,run_0038 x0.999983
2 nm,300.0,reference_300K,1.35,0.7,Id,3.59083e-08,A/um,run_0038 x0.999983
2 nm,300.0,reference_300K,1.4,0.7,Id,4.26349e-08,A/um,run_0038 x0.999983
2 nm,300.0,reference_300K,1.45,0.7,Id,5.01324e-08,A/um,run_0038 x0.999983
2 nm,300.0,reference_300K,1.5,0.7,Id,5.84082e-08,A/um,run_0038 x0.999983
2 nm,300.0,reference_300K,1.6,0.7,Id,7.72684e-08,A/um,run_0038 x0.999983
2 nm,300.0,reference_300K,1.7,0.7,Id,9.90589e-08,A/um,run_0038 x0.999983
2 nm,300.0,reference_300K,1.8,0.7,Id,1.2348e-07,A/um,run_0038 x0.999983
2 nm,300.0,reference_300K,1.9,0.7,Id,1.50142e-07,A/um,run_0038 x0.999983
2 nm,300.0,reference_300K,2.0,0.7,Id,1.7864e-07,A/um,run_0038 x0.999983
2 nm,300.0,reference_300K,2.1,0.7,Id,2.08595e-07,A/um,run_0038 x0.999983
2 nm,300.0,reference_300K,2.2,0.7,Id,2.39692e-07,A/um,run_0038 x0.999983
2 nm,300.0,reference_300K,2.3,0.7,Id,2.71678e-07,A/um,run_0038 x0.999983
2 nm,300.0,reference_300K,2.4,0.7,Id,3.0436e-07,A/um,run_0038 x0.999983
2 nm,300.0,reference_300K,2.5,0.7,Id,3.37592e-07,A/um,run_0038 x0.999983
2 nm,300.0,reference_300K,2.6,0.7,Id,3.71265e-07,A/um,run_0038 x0.999983
2 nm,300.0,reference_300K,2.7,0.7,Id,4.05294e-07,A/um,run_0038 x0.999983
2 nm,300.0,reference_300K,2.8,0.7,Id,4.39619e-07,A/um,run_0038 x0.999983
2 nm,300.0,reference_300K,2.9,0.7,Id,4.74188e-07,A/um,run_0038 x0.999983
2 nm,300.0,reference_300K,3.0,0.7,Id,5.08966e-07,A/um,run_0038 x0.999983
2 nm,300.0,reference_300K,-,0.7,Vth_cc,0.680424,V,run_0038 x0.999983
2 nm,300.0,reference_300K,-,0.7,SS_11_10,123.532,mV/dec,run_0038 x0.999983
2 nm,300.0,reference_300K,-,0.7,SS_10_9,214.959,mV/dec,run_0038 x0.999983
2 nm,300.0,reference_300K,-,0.7,SS_10_8,290.879,mV/dec,run_0038 x0.999983
2 nm,300.0,reference_300K,-,0.7,Vth_lin,1.53655,V,run_0038 x0.999983
2 nm,300.0,reference_300K,-,0.7,mu_FE,11.0958,cm2/Vs,run_0038 x0.999983
2 nm,300.0,reference_300K,3.0,0.7,Ion,5.08966e-07,A/um,run_0038 x0.999983
6.3 nm,300.0,reference_300K,0.0,0.7,Id,2.64039e-16,A/um,run_0039 x1.015074
6.3 nm,300.0,reference_300K,0.05,0.7,Id,1.73583e-15,A/um,run_0039 x1.015074
6.3 nm,300.0,reference_300K,0.1,0.7,Id,1.10612e-14,A/um,run_0039 x1.015074
6.3 nm,300.0,reference_300K,0.15,0.7,Id,6.7554e-14,A/um,run_0039 x1.015074
6.3 nm,300.0,reference_300K,0.2,0.7,Id,3.84425e-13,A/um,run_0039 x1.015074
6.3 nm,300.0,reference_300K,0.25,0.7,Id,1.90025e-12,A/um,run_0039 x1.015074
6.3 nm,300.0,reference_300K,0.3,0.7,Id,7.49778e-12,A/um,run_0039 x1.015074
6.3 nm,300.0,reference_300K,0.35,0.7,Id,2.30357e-11,A/um,run_0039 x1.015074
6.3 nm,300.0,reference_300K,0.4,0.7,Id,5.71962e-11,A/um,run_0039 x1.015074
6.3 nm,300.0,reference_300K,0.45,0.7,Id,1.20938e-10,A/um,run_0039 x1.015074
6.3 nm,300.0,reference_300K,0.5,0.7,Id,2.27407e-10,A/um,run_0039 x1.015074
6.3 nm,300.0,reference_300K,0.55,0.7,Id,3.9233e-10,A/um,run_0039 x1.015074
6.3 nm,300.0,reference_300K,0.6,0.7,Id,6.34686e-10,A/um,run_0039 x1.015074
6.3 nm,300.0,reference_300K,0.65,0.7,Id,9.77553e-10,A/um,run_0039 x1.015074
6.3 nm,300.0,reference_300K,0.7,0.7,Id,1.44897e-09,A/um,run_0039 x1.015074
6.3 nm,300.0,reference_300K,0.75,0.7,Id,2.0826e-09,A/um,run_0039 x1.015074
6.3 nm,300.0,reference_300K,0.8,0.7,Id,2.91795e-09,A/um,run_0039 x1.015074
6.3 nm,300.0,reference_300K,0.85,0.7,Id,3.99983e-09,A/um,run_0039 x1.015074
6.3 nm,300.0,reference_300K,0.9,0.7,Id,5.37679e-09,A/um,run_0039 x1.015074
6.3 nm,300.0,reference_300K,0.95,0.7,Id,7.09879e-09,A/um,run_0039 x1.015074
6.3 nm,300.0,reference_300K,1.0,0.7,Id,9.2141e-09,A/um,run_0039 x1.015074
6.3 nm,300.0,reference_300K,1.05,0.7,Id,1.17665e-08,A/um,run_0039 x1.015074
6.3 nm,300.0,reference_300K,1.1,0.7,Id,1.47942e-08,A/um,run_0039 x1.015074
6.3 nm,300.0,reference_300K,1.15,0.7,Id,1.83291e-08,A/um,run_0039 x1.015074
6.3 nm,300.0,reference_300K,1.2,0.7,Id,2.23971e-08,A/um,run_0039 x1.015074
6.3 nm,300.0,reference_300K,1.25,0.7,Id,2.70177e-08,A/um,run_0039 x1.015074
6.3 nm,300.0,reference_300K,1.3,0.7,Id,3.22037e-08,A/um,run_0039 x1.015074
6.3 nm,300.0,reference_300K,1.35,0.7,Id,3.79605e-08,A/um,run_0039 x1.015074
6.3 nm,300.0,reference_300K,1.4,0.7,Id,4.42854e-08,A/um,run_0039 x1.015074
6.3 nm,300.0,reference_300K,1.45,0.7,Id,5.11677e-08,A/um,run_0039 x1.015074
6.3 nm,300.0,reference_300K,1.5,0.7,Id,5.85886e-08,A/um,run_0039 x1.015074
6.3 nm,300.0,reference_300K,1.6,0.7,Id,7.49352e-08,A/um,run_0039 x1.015074
6.3 nm,300.0,reference_300K,1.7,0.7,Id,9.30593e-08,A/um,run_0039 x1.015074
6.3 nm,300.0,reference_300K,1.8,0.7,Id,1.12669e-07,A/um,run_0039 x1.015074
6.3 nm,300.0,reference_300K,1.9,0.7,Id,1.33499e-07,A/um,run_0039 x1.015074
6.3 nm,300.0,reference_300K,2.0,0.7,Id,1.55328e-07,A/um,run_0039 x1.015074
6.3 nm,300.0,reference_300K,2.1,0.7,Id,1.7798e-07,A/um,run_0039 x1.015074
6.3 nm,300.0,reference_300K,2.2,0.7,Id,2.01321e-07,A/um,run_0039 x1.015074
6.3 nm,300.0,reference_300K,2.3,0.7,Id,2.2524e-07,A/um,run_0039 x1.015074
6.3 nm,300.0,reference_300K,2.4,0.7,Id,2.49654e-07,A/um,run_0039 x1.015074
6.3 nm,300.0,reference_300K,2.5,0.7,Id,2.74493e-07,A/um,run_0039 x1.015074
6.3 nm,300.0,reference_300K,2.6,0.7,Id,2.99704e-07,A/um,run_0039 x1.015074
6.3 nm,300.0,reference_300K,2.7,0.7,Id,3.25239e-07,A/um,run_0039 x1.015074
6.3 nm,300.0,reference_300K,2.8,0.7,Id,3.51061e-07,A/um,run_0039 x1.015074
6.3 nm,300.0,reference_300K,2.9,0.7,Id,3.77141e-07,A/um,run_0039 x1.015074
6.3 nm,300.0,reference_300K,3.0,0.7,Id,4.03448e-07,A/um,run_0039 x1.015074
6.3 nm,300.0,reference_300K,-,0.7,Vth_cc,0.652884,V,run_0039 x1.015074
6.3 nm,300.0,reference_300K,-,0.7,SS_11_10,124.477,mV/dec,run_0039 x1.015074
6.3 nm,300.0,reference_300K,-,0.7,SS_10_9,215.579,mV/dec,run_0039 x1.015074
6.3 nm,300.0,reference_300K,-,0.7,SS_10_8,289.715,mV/dec,run_0039 x1.015074
6.3 nm,300.0,reference_300K,-,0.7,Vth_lin,1.46642,V,run_0039 x1.015074
6.3 nm,300.0,reference_300K,-,0.7,mu_FE,8.39327,cm2/Vs,run_0039 x1.015074
6.3 nm,300.0,reference_300K,3.0,0.7,Ion,4.03448e-07,A/um,run_0039 x1.015074
13.2 nm,300.0,reference_300K,-0.45,0.7,Id,6.57293e-16,A/um,run_0040 x1.020113
13.2 nm,300.0,reference_300K,-0.4,0.7,Id,4.39075e-15,A/um,run_0040 x1.020113
13.2 nm,300.0,reference_300K,-0.35,0.7,Id,2.88604e-14,A/um,run_0040 x1.020113
13.2 nm,300.0,reference_300K,-0.3,0.7,Id,1.83025e-13,A/um,run_0040 x1.020113
13.2 nm,300.0,reference_300K,-0.25,0.7,Id,1.08613e-12,A/um,run_0040 x1.020113
13.2 nm,300.0,reference_300K,-0.2,0.7,Id,5.70263e-12,A/um,run_0040 x1.020113
13.2 nm,300.0,reference_300K,-0.15,0.7,Id,2.44637e-11,A/um,run_0040 x1.020113
13.2 nm,300.0,reference_300K,-0.1,0.7,Id,8.1906e-11,A/um,run_0040 x1.020113
13.2 nm,300.0,reference_300K,-0.05,0.7,Id,2.18408e-10,A/um,run_0040 x1.020113
13.2 nm,300.0,reference_300K,0.0,0.7,Id,4.88069e-10,A/um,run_0040 x1.020113
13.2 nm,300.0,reference_300K,0.05,0.7,Id,9.58842e-10,A/um,run_0040 x1.020113
13.2 nm,300.0,reference_300K,0.1,0.7,Id,1.7163e-09,A/um,run_0040 x1.020113
13.2 nm,300.0,reference_300K,0.15,0.7,Id,2.8697e-09,A/um,run_0040 x1.020113
13.2 nm,300.0,reference_300K,0.2,0.7,Id,4.55919e-09,A/um,run_0040 x1.020113
13.2 nm,300.0,reference_300K,0.25,0.7,Id,6.96342e-09,A/um,run_0040 x1.020113
13.2 nm,300.0,reference_300K,0.3,0.7,Id,1.0306e-08,A/um,run_0040 x1.020113
13.2 nm,300.0,reference_300K,0.35,0.7,Id,1.48581e-08,A/um,run_0040 x1.020113
13.2 nm,300.0,reference_300K,0.4,0.7,Id,2.09339e-08,A/um,run_0040 x1.020113
13.2 nm,300.0,reference_300K,0.45,0.7,Id,2.88766e-08,A/um,run_0040 x1.020113
13.2 nm,300.0,reference_300K,0.5,0.7,Id,3.90371e-08,A/um,run_0040 x1.020113
13.2 nm,300.0,reference_300K,0.55,0.7,Id,5.17497e-08,A/um,run_0040 x1.020113
13.2 nm,300.0,reference_300K,0.6,0.7,Id,6.73127e-08,A/um,run_0040 x1.020113
13.2 nm,300.0,reference_300K,0.65,0.7,Id,8.59765e-08,A/um,run_0040 x1.020113
13.2 nm,300.0,reference_300K,0.7,0.7,Id,1.07942e-07,A/um,run_0040 x1.020113
13.2 nm,300.0,reference_300K,0.75,0.7,Id,1.33363e-07,A/um,run_0040 x1.020113
13.2 nm,300.0,reference_300K,0.8,0.7,Id,1.62347e-07,A/um,run_0040 x1.020113
13.2 nm,300.0,reference_300K,0.85,0.7,Id,1.94949e-07,A/um,run_0040 x1.020113
13.2 nm,300.0,reference_300K,0.9,0.7,Id,2.31172e-07,A/um,run_0040 x1.020113
13.2 nm,300.0,reference_300K,0.95,0.7,Id,2.70962e-07,A/um,run_0040 x1.020113
13.2 nm,300.0,reference_300K,1.0,0.7,Id,3.14209e-07,A/um,run_0040 x1.020113
13.2 nm,300.0,reference_300K,1.05,0.7,Id,3.60735e-07,A/um,run_0040 x1.020113
13.2 nm,300.0,reference_300K,1.1,0.7,Id,4.10313e-07,A/um,run_0040 x1.020113
13.2 nm,300.0,reference_300K,1.15,0.7,Id,4.62675e-07,A/um,run_0040 x1.020113
13.2 nm,300.0,reference_300K,1.2,0.7,Id,5.17537e-07,A/um,run_0040 x1.020113
13.2 nm,300.0,reference_300K,1.25,0.7,Id,5.74614e-07,A/um,run_0040 x1.020113
13.2 nm,300.0,reference_300K,1.3,0.7,Id,6.33643e-07,A/um,run_0040 x1.020113
13.2 nm,300.0,reference_300K,1.35,0.7,Id,6.94386e-07,A/um,run_0040 x1.020113
13.2 nm,300.0,reference_300K,1.4,0.7,Id,7.56637e-07,A/um,run_0040 x1.020113
13.2 nm,300.0,reference_300K,1.45,0.7,Id,8.20216e-07,A/um,run_0040 x1.020113
13.2 nm,300.0,reference_300K,1.5,0.7,Id,8.84972e-07,A/um,run_0040 x1.020113
13.2 nm,300.0,reference_300K,1.6,0.7,Id,1.01751e-06,A/um,run_0040 x1.020113
13.2 nm,300.0,reference_300K,1.7,0.7,Id,1.15343e-06,A/um,run_0040 x1.020113
13.2 nm,300.0,reference_300K,1.8,0.7,Id,1.29212e-06,A/um,run_0040 x1.020113
13.2 nm,300.0,reference_300K,1.9,0.7,Id,1.43309e-06,A/um,run_0040 x1.020113
13.2 nm,300.0,reference_300K,2.0,0.7,Id,1.57603e-06,A/um,run_0040 x1.020113
13.2 nm,300.0,reference_300K,2.1,0.7,Id,1.72062e-06,A/um,run_0040 x1.020113
13.2 nm,300.0,reference_300K,2.2,0.7,Id,1.86667e-06,A/um,run_0040 x1.020113
13.2 nm,300.0,reference_300K,2.3,0.7,Id,2.01398e-06,A/um,run_0040 x1.020113
13.2 nm,300.0,reference_300K,2.4,0.7,Id,2.1624e-06,A/um,run_0040 x1.020113
13.2 nm,300.0,reference_300K,2.5,0.7,Id,2.31182e-06,A/um,run_0040 x1.020113
13.2 nm,300.0,reference_300K,2.6,0.7,Id,2.46212e-06,A/um,run_0040 x1.020113
13.2 nm,300.0,reference_300K,2.7,0.7,Id,2.61323e-06,A/um,run_0040 x1.020113
13.2 nm,300.0,reference_300K,2.8,0.7,Id,2.76508e-06,A/um,run_0040 x1.020113
13.2 nm,300.0,reference_300K,2.9,0.7,Id,2.91757e-06,A/um,run_0040 x1.020113
13.2 nm,300.0,reference_300K,3.0,0.7,Id,3.07069e-06,A/um,run_0040 x1.020113
13.2 nm,300.0,reference_300K,-,0.7,Vth_cc,0.0536095,V,run_0040 x1.020113
13.2 nm,300.0,reference_300K,-,0.7,SS_11_10,90.8912,mV/dec,run_0040 x1.020113
13.2 nm,300.0,reference_300K,-,0.7,SS_10_9,143.434,mV/dec,run_0040 x1.020113
13.2 nm,300.0,reference_300K,-,0.7,SS_10_8,192.99,mV/dec,run_0040 x1.020113
13.2 nm,300.0,reference_300K,-,0.7,Vth_lin,0.99457,V,run_0040 x1.020113
13.2 nm,300.0,reference_300K,-,0.7,mu_FE,48.8514,cm2/Vs,run_0040 x1.020113
13.2 nm,300.0,reference_300K,3.0,0.7,Ion,3.07069e-06,A/um,run_0040 x1.020113
2 nm,338.15,P-phonon,-0.05,0.7,Id,1.13734e-16,A/um,run_0044
2 nm,338.15,P-phonon,0.0,0.7,Id,6.47316e-16,A/um,run_0044
2 nm,338.15,P-phonon,0.05,0.7,Id,3.46152e-15,A/um,run_0044
2 nm,338.15,P-phonon,0.1,0.7,Id,1.80676e-14,A/um,run_0044
2 nm,338.15,P-phonon,0.15,0.7,Id,9.14761e-14,A/um,run_0044
2 nm,338.15,P-phonon,0.2,0.7,Id,4.43348e-13,A/um,run_0044
2 nm,338.15,P-phonon,0.25,0.7,Id,1.97055e-12,A/um,run_0044
2 nm,338.15,P-phonon,0.3,0.7,Id,7.46079e-12,A/um,run_0044
2 nm,338.15,P-phonon,0.35,0.7,Id,2.28894e-11,A/um,run_0044
2 nm,338.15,P-phonon,0.4,0.7,Id,5.74145e-11,A/um,run_0044
2 nm,338.15,P-phonon,0.45,0.7,Id,1.22494e-10,A/um,run_0044
2 nm,338.15,P-phonon,0.5,0.7,Id,2.31339e-10,A/um,run_0044
2 nm,338.15,P-phonon,0.55,0.7,Id,3.98896e-10,A/um,run_0044
2 nm,338.15,P-phonon,0.6,0.7,Id,6.42157e-10,A/um,run_0044
2 nm,338.15,P-phonon,0.65,0.7,Id,9.80612e-10,A/um,run_0044
2 nm,338.15,P-phonon,0.7,0.7,Id,1.43679e-09,A/um,run_0044
2 nm,338.15,P-phonon,0.75,0.7,Id,2.03682e-09,A/um,run_0044
2 nm,338.15,P-phonon,0.8,0.7,Id,2.81091e-09,A/um,run_0044
2 nm,338.15,P-phonon,0.85,0.7,Id,3.79367e-09,A/um,run_0044
2 nm,338.15,P-phonon,0.9,0.7,Id,5.02407e-09,A/um,run_0044
2 nm,338.15,P-phonon,0.95,0.7,Id,6.54468e-09,A/um,run_0044
2 nm,338.15,P-phonon,1.0,0.7,Id,8.4e-09,A/um,run_0044
2 nm,338.15,P-phonon,1.05,0.7,Id,1.06343e-08,A/um,run_0044
2 nm,338.15,P-phonon,1.1,0.7,Id,1.32901e-08,A/um,run_0044
2 nm,338.15,P-phonon,1.15,0.7,Id,1.6408e-08,A/um,run_0044
2 nm,338.15,P-phonon,1.2,0.7,Id,2.00255e-08,A/um,run_0044
2 nm,338.15,P-phonon,1.25,0.7,Id,2.41765e-08,A/um,run_0044
2 nm,338.15,P-phonon,1.3,0.7,Id,2.88901e-08,A/um,run_0044
2 nm,338.15,P-phonon,1.35,0.7,Id,3.41894e-08,A/um,run_0044
2 nm,338.15,P-phonon,1.4,0.7,Id,4.00911e-08,A/um,run_0044
2 nm,338.15,P-phonon,1.45,0.7,Id,4.66045e-08,A/um,run_0044
2 nm,338.15,P-phonon,1.5,0.7,Id,5.37311e-08,A/um,run_0044
2 nm,338.15,P-phonon,1.6,0.7,Id,6.97914e-08,A/um,run_0044
2 nm,338.15,P-phonon,1.7,0.7,Id,8.81335e-08,A/um,run_0044
2 nm,338.15,P-phonon,1.8,0.7,Id,1.08521e-07,A/um,run_0044
2 nm,338.15,P-phonon,1.9,0.7,Id,1.30664e-07,A/um,run_0044
2 nm,338.15,P-phonon,2.0,0.7,Id,1.54258e-07,A/um,run_0044
2 nm,338.15,P-phonon,2.1,0.7,Id,1.79026e-07,A/um,run_0044
2 nm,338.15,P-phonon,2.2,0.7,Id,2.04731e-07,A/um,run_0044
2 nm,338.15,P-phonon,2.3,0.7,Id,2.31181e-07,A/um,run_0044
2 nm,338.15,P-phonon,2.4,0.7,Id,2.58226e-07,A/um,run_0044
2 nm,338.15,P-phonon,2.5,0.7,Id,2.85749e-07,A/um,run_0044
2 nm,338.15,P-phonon,2.6,0.7,Id,3.13659e-07,A/um,run_0044
2 nm,338.15,P-phonon,2.7,0.7,Id,3.41889e-07,A/um,run_0044
2 nm,338.15,P-phonon,2.8,0.7,Id,3.70384e-07,A/um,run_0044
2 nm,338.15,P-phonon,2.9,0.7,Id,3.99102e-07,A/um,run_0044
2 nm,338.15,P-phonon,3.0,0.7,Id,4.28009e-07,A/um,run_0044
2 nm,338.15,P-MTR,-0.05,0.7,Id,1.36105e-16,A/um,run_0044 x(T/300)^1.5=1.19669
2 nm,338.15,P-MTR,0.0,0.7,Id,7.74638e-16,A/um,run_0044 x(T/300)^1.5=1.19669
2 nm,338.15,P-MTR,0.05,0.7,Id,4.14237e-15,A/um,run_0044 x(T/300)^1.5=1.19669
2 nm,338.15,P-MTR,0.1,0.7,Id,2.16213e-14,A/um,run_0044 x(T/300)^1.5=1.19669
2 nm,338.15,P-MTR,0.15,0.7,Id,1.09469e-13,A/um,run_0044 x(T/300)^1.5=1.19669
2 nm,338.15,P-MTR,0.2,0.7,Id,5.30551e-13,A/um,run_0044 x(T/300)^1.5=1.19669
2 nm,338.15,P-MTR,0.25,0.7,Id,2.35814e-12,A/um,run_0044 x(T/300)^1.5=1.19669
2 nm,338.15,P-MTR,0.3,0.7,Id,8.92826e-12,A/um,run_0044 x(T/300)^1.5=1.19669
2 nm,338.15,P-MTR,0.35,0.7,Id,2.73916e-11,A/um,run_0044 x(T/300)^1.5=1.19669
2 nm,338.15,P-MTR,0.4,0.7,Id,6.87074e-11,A/um,run_0044 x(T/300)^1.5=1.19669
2 nm,338.15,P-MTR,0.45,0.7,Id,1.46588e-10,A/um,run_0044 x(T/300)^1.5=1.19669
2 nm,338.15,P-MTR,0.5,0.7,Id,2.76841e-10,A/um,run_0044 x(T/300)^1.5=1.19669
2 nm,338.15,P-MTR,0.55,0.7,Id,4.77355e-10,A/um,run_0044 x(T/300)^1.5=1.19669
2 nm,338.15,P-MTR,0.6,0.7,Id,7.68464e-10,A/um,run_0044 x(T/300)^1.5=1.19669
2 nm,338.15,P-MTR,0.65,0.7,Id,1.17349e-09,A/um,run_0044 x(T/300)^1.5=1.19669
2 nm,338.15,P-MTR,0.7,0.7,Id,1.71939e-09,A/um,run_0044 x(T/300)^1.5=1.19669
2 nm,338.15,P-MTR,0.75,0.7,Id,2.43745e-09,A/um,run_0044 x(T/300)^1.5=1.19669
2 nm,338.15,P-MTR,0.8,0.7,Id,3.36379e-09,A/um,run_0044 x(T/300)^1.5=1.19669
2 nm,338.15,P-MTR,0.85,0.7,Id,4.53985e-09,A/um,run_0044 x(T/300)^1.5=1.19669
2 nm,338.15,P-MTR,0.9,0.7,Id,6.01226e-09,A/um,run_0044 x(T/300)^1.5=1.19669
2 nm,338.15,P-MTR,0.95,0.7,Id,7.83196e-09,A/um,run_0044 x(T/300)^1.5=1.19669
2 nm,338.15,P-MTR,1.0,0.7,Id,1.00522e-08,A/um,run_0044 x(T/300)^1.5=1.19669
2 nm,338.15,P-MTR,1.05,0.7,Id,1.2726e-08,A/um,run_0044 x(T/300)^1.5=1.19669
2 nm,338.15,P-MTR,1.1,0.7,Id,1.59041e-08,A/um,run_0044 x(T/300)^1.5=1.19669
2 nm,338.15,P-MTR,1.15,0.7,Id,1.96353e-08,A/um,run_0044 x(T/300)^1.5=1.19669
2 nm,338.15,P-MTR,1.2,0.7,Id,2.39643e-08,A/um,run_0044 x(T/300)^1.5=1.19669
2 nm,338.15,P-MTR,1.25,0.7,Id,2.89318e-08,A/um,run_0044 x(T/300)^1.5=1.19669
2 nm,338.15,P-MTR,1.3,0.7,Id,3.45725e-08,A/um,run_0044 x(T/300)^1.5=1.19669
2 nm,338.15,P-MTR,1.35,0.7,Id,4.09142e-08,A/um,run_0044 x(T/300)^1.5=1.19669
2 nm,338.15,P-MTR,1.4,0.7,Id,4.79767e-08,A/um,run_0044 x(T/300)^1.5=1.19669
2 nm,338.15,P-MTR,1.45,0.7,Id,5.57712e-08,A/um,run_0044 x(T/300)^1.5=1.19669
2 nm,338.15,P-MTR,1.5,0.7,Id,6.42996e-08,A/um,run_0044 x(T/300)^1.5=1.19669
2 nm,338.15,P-MTR,1.6,0.7,Id,8.35188e-08,A/um,run_0044 x(T/300)^1.5=1.19669
2 nm,338.15,P-MTR,1.7,0.7,Id,1.05469e-07,A/um,run_0044 x(T/300)^1.5=1.19669
2 nm,338.15,P-MTR,1.8,0.7,Id,1.29866e-07,A/um,run_0044 x(T/300)^1.5=1.19669
2 nm,338.15,P-MTR,1.9,0.7,Id,1.56364e-07,A/um,run_0044 x(T/300)^1.5=1.19669
2 nm,338.15,P-MTR,2.0,0.7,Id,1.84599e-07,A/um,run_0044 x(T/300)^1.5=1.19669
2 nm,338.15,P-MTR,2.1,0.7,Id,2.14239e-07,A/um,run_0044 x(T/300)^1.5=1.19669
2 nm,338.15,P-MTR,2.2,0.7,Id,2.45e-07,A/um,run_0044 x(T/300)^1.5=1.19669
2 nm,338.15,P-MTR,2.3,0.7,Id,2.76652e-07,A/um,run_0044 x(T/300)^1.5=1.19669
2 nm,338.15,P-MTR,2.4,0.7,Id,3.09017e-07,A/um,run_0044 x(T/300)^1.5=1.19669
2 nm,338.15,P-MTR,2.5,0.7,Id,3.41953e-07,A/um,run_0044 x(T/300)^1.5=1.19669
2 nm,338.15,P-MTR,2.6,0.7,Id,3.75353e-07,A/um,run_0044 x(T/300)^1.5=1.19669
2 nm,338.15,P-MTR,2.7,0.7,Id,4.09136e-07,A/um,run_0044 x(T/300)^1.5=1.19669
2 nm,338.15,P-MTR,2.8,0.7,Id,4.43235e-07,A/um,run_0044 x(T/300)^1.5=1.19669
2 nm,338.15,P-MTR,2.9,0.7,Id,4.77602e-07,A/um,run_0044 x(T/300)^1.5=1.19669
2 nm,338.15,P-MTR,3.0,0.7,Id,5.12195e-07,A/um,run_0044 x(T/300)^1.5=1.19669
2 nm,358.15,P-phonon,-0.05,0.7,Id,3.1693e-16,A/um,run_0045
2 nm,358.15,P-phonon,0.0,0.7,Id,1.57468e-15,A/um,run_0045
2 nm,358.15,P-phonon,0.05,0.7,Id,7.68215e-15,A/um,run_0045
2 nm,358.15,P-phonon,0.1,0.7,Id,3.65732e-14,A/um,run_0045
2 nm,358.15,P-phonon,0.15,0.7,Id,1.68976e-13,A/um,run_0045
2 nm,358.15,P-phonon,0.2,0.7,Id,7.4673e-13,A/um,run_0045
2 nm,358.15,P-phonon,0.25,0.7,Id,3.02597e-12,A/um,run_0045
2 nm,358.15,P-phonon,0.3,0.7,Id,1.0522e-11,A/um,run_0045
2 nm,358.15,P-phonon,0.35,0.7,Id,3.01321e-11,A/um,run_0045
2 nm,358.15,P-phonon,0.4,0.7,Id,7.1798e-11,A/um,run_0045
2 nm,358.15,P-phonon,0.45,0.7,Id,1.47505e-10,A/um,run_0045
2 nm,358.15,P-phonon,0.5,0.7,Id,2.70757e-10,A/um,run_0045
2 nm,358.15,P-phonon,0.55,0.7,Id,4.56598e-10,A/um,run_0045
2 nm,358.15,P-phonon,0.6,0.7,Id,7.21895e-10,A/um,run_0045
2 nm,358.15,P-phonon,0.65,0.7,Id,1.08576e-09,A/um,run_0045
2 nm,358.15,P-phonon,0.7,0.7,Id,1.57001e-09,A/um,run_0045
2 nm,358.15,P-phonon,0.75,0.7,Id,2.19961e-09,A/um,run_0045
2 nm,358.15,P-phonon,0.8,0.7,Id,3.00302e-09,A/um,run_0045
2 nm,358.15,P-phonon,0.85,0.7,Id,4.0124e-09,A/um,run_0045
2 nm,358.15,P-phonon,0.9,0.7,Id,5.26337e-09,A/um,run_0045
2 nm,358.15,P-phonon,0.95,0.7,Id,6.79412e-09,A/um,run_0045
2 nm,358.15,P-phonon,1.0,0.7,Id,8.6436e-09,A/um,run_0045
2 nm,358.15,P-phonon,1.05,0.7,Id,1.08497e-08,A/um,run_0045
2 nm,358.15,P-phonon,1.1,0.7,Id,1.34481e-08,A/um,run_0045
2 nm,358.15,P-phonon,1.15,0.7,Id,1.64726e-08,A/um,run_0045
2 nm,358.15,P-phonon,1.2,0.7,Id,1.99544e-08,A/um,run_0045
2 nm,358.15,P-phonon,1.25,0.7,Id,2.39212e-08,A/um,run_0045
2 nm,358.15,P-phonon,1.3,0.7,Id,2.83964e-08,A/um,run_0045
2 nm,358.15,P-phonon,1.35,0.7,Id,3.33985e-08,A/um,run_0045
2 nm,358.15,P-phonon,1.4,0.7,Id,3.89402e-08,A/um,run_0045
2 nm,358.15,P-phonon,1.45,0.7,Id,4.50277e-08,A/um,run_0045
2 nm,358.15,P-phonon,1.5,0.7,Id,5.16608e-08,A/um,run_0045
2 nm,358.15,P-phonon,1.6,0.7,Id,6.65299e-08,A/um,run_0045
2 nm,358.15,P-phonon,1.7,0.7,Id,8.34184e-08,A/um,run_0045
2 nm,358.15,P-phonon,1.8,0.7,Id,1.02117e-07,A/um,run_0045
2 nm,358.15,P-phonon,1.9,0.7,Id,1.22373e-07,A/um,run_0045
2 nm,358.15,P-phonon,2.0,0.7,Id,1.43926e-07,A/um,run_0045
2 nm,358.15,P-phonon,2.1,0.7,Id,1.66535e-07,A/um,run_0045
2 nm,358.15,P-phonon,2.2,0.7,Id,1.89994e-07,A/um,run_0045
2 nm,358.15,P-phonon,2.3,0.7,Id,2.14136e-07,A/um,run_0045
2 nm,358.15,P-phonon,2.4,0.7,Id,2.38828e-07,A/um,run_0045
2 nm,358.15,P-phonon,2.5,0.7,Id,2.63965e-07,A/um,run_0045
2 nm,358.15,P-phonon,2.6,0.7,Id,2.89466e-07,A/um,run_0045
2 nm,358.15,P-phonon,2.7,0.7,Id,3.15267e-07,A/um,run_0045
2 nm,358.15,P-phonon,2.8,0.7,Id,3.41321e-07,A/um,run_0045
2 nm,358.15,P-phonon,2.9,0.7,Id,3.67586e-07,A/um,run_0045
2 nm,358.15,P-phonon,3.0,0.7,Id,3.94032e-07,A/um,run_0045
2 nm,358.15,P-MTR,-0.05,0.7,Id,4.13408e-16,A/um,run_0045 x(T/300)^1.5=1.30441
2 nm,358.15,P-MTR,0.0,0.7,Id,2.05404e-15,A/um,run_0045 x(T/300)^1.5=1.30441
2 nm,358.15,P-MTR,0.05,0.7,Id,1.00207e-14,A/um,run_0045 x(T/300)^1.5=1.30441
2 nm,358.15,P-MTR,0.1,0.7,Id,4.77066e-14,A/um,run_0045 x(T/300)^1.5=1.30441
2 nm,358.15,P-MTR,0.15,0.7,Id,2.20415e-13,A/um,run_0045 x(T/300)^1.5=1.30441
2 nm,358.15,P-MTR,0.2,0.7,Id,9.74045e-13,A/um,run_0045 x(T/300)^1.5=1.30441
2 nm,358.15,P-MTR,0.25,0.7,Id,3.94712e-12,A/um,run_0045 x(T/300)^1.5=1.30441
2 nm,358.15,P-MTR,0.3,0.7,Id,1.3725e-11,A/um,run_0045 x(T/300)^1.5=1.30441
2 nm,358.15,P-MTR,0.35,0.7,Id,3.93047e-11,A/um,run_0045 x(T/300)^1.5=1.30441
2 nm,358.15,P-MTR,0.4,0.7,Id,9.36543e-11,A/um,run_0045 x(T/300)^1.5=1.30441
2 nm,358.15,P-MTR,0.45,0.7,Id,1.92408e-10,A/um,run_0045 x(T/300)^1.5=1.30441
2 nm,358.15,P-MTR,0.5,0.7,Id,3.53179e-10,A/um,run_0045 x(T/300)^1.5=1.30441
2 nm,358.15,P-MTR,0.55,0.7,Id,5.95593e-10,A/um,run_0045 x(T/300)^1.5=1.30441
2 nm,358.15,P-MTR,0.6,0.7,Id,9.4165e-10,A/um,run_0045 x(T/300)^1.5=1.30441
2 nm,358.15,P-MTR,0.65,0.7,Id,1.41628e-09,A/um,run_0045 x(T/300)^1.5=1.30441
2 nm,358.15,P-MTR,0.7,0.7,Id,2.04794e-09,A/um,run_0045 x(T/300)^1.5=1.30441
2 nm,358.15,P-MTR,0.75,0.7,Id,2.8692e-09,A/um,run_0045 x(T/300)^1.5=1.30441
2 nm,358.15,P-MTR,0.8,0.7,Id,3.91718e-09,A/um,run_0045 x(T/300)^1.5=1.30441
2 nm,358.15,P-MTR,0.85,0.7,Id,5.23383e-09,A/um,run_0045 x(T/300)^1.5=1.30441
2 nm,358.15,P-MTR,0.9,0.7,Id,6.86562e-09,A/um,run_0045 x(T/300)^1.5=1.30441
2 nm,358.15,P-MTR,0.95,0.7,Id,8.86235e-09,A/um,run_0045 x(T/300)^1.5=1.30441
2 nm,358.15,P-MTR,1.0,0.7,Id,1.12748e-08,A/um,run_0045 x(T/300)^1.5=1.30441
2 nm,358.15,P-MTR,1.05,0.7,Id,1.41525e-08,A/um,run_0045 x(T/300)^1.5=1.30441
2 nm,358.15,P-MTR,1.1,0.7,Id,1.75419e-08,A/um,run_0045 x(T/300)^1.5=1.30441
2 nm,358.15,P-MTR,1.15,0.7,Id,2.14871e-08,A/um,run_0045 x(T/300)^1.5=1.30441
2 nm,358.15,P-MTR,1.2,0.7,Id,2.60288e-08,A/um,run_0045 x(T/300)^1.5=1.30441
2 nm,358.15,P-MTR,1.25,0.7,Id,3.12032e-08,A/um,run_0045 x(T/300)^1.5=1.30441
2 nm,358.15,P-MTR,1.3,0.7,Id,3.70407e-08,A/um,run_0045 x(T/300)^1.5=1.30441
2 nm,358.15,P-MTR,1.35,0.7,Id,4.35655e-08,A/um,run_0045 x(T/300)^1.5=1.30441
2 nm,358.15,P-MTR,1.4,0.7,Id,5.07942e-08,A/um,run_0045 x(T/300)^1.5=1.30441
2 nm,358.15,P-MTR,1.45,0.7,Id,5.87348e-08,A/um,run_0045 x(T/300)^1.5=1.30441
2 nm,358.15,P-MTR,1.5,0.7,Id,6.73871e-08,A/um,run_0045 x(T/300)^1.5=1.30441
2 nm,358.15,P-MTR,1.6,0.7,Id,8.67826e-08,A/um,run_0045 x(T/300)^1.5=1.30441
2 nm,358.15,P-MTR,1.7,0.7,Id,1.08812e-07,A/um,run_0045 x(T/300)^1.5=1.30441
2 nm,358.15,P-MTR,1.8,0.7,Id,1.33203e-07,A/um,run_0045 x(T/300)^1.5=1.30441
2 nm,358.15,P-MTR,1.9,0.7,Id,1.59625e-07,A/um,run_0045 x(T/300)^1.5=1.30441
2 nm,358.15,P-MTR,2.0,0.7,Id,1.87739e-07,A/um,run_0045 x(T/300)^1.5=1.30441
2 nm,358.15,P-MTR,2.1,0.7,Id,2.17231e-07,A/um,run_0045 x(T/300)^1.5=1.30441
2 nm,358.15,P-MTR,2.2,0.7,Id,2.47831e-07,A/um,run_0045 x(T/300)^1.5=1.30441
2 nm,358.15,P-MTR,2.3,0.7,Id,2.79322e-07,A/um,run_0045 x(T/300)^1.5=1.30441
2 nm,358.15,P-MTR,2.4,0.7,Id,3.11531e-07,A/um,run_0045 x(T/300)^1.5=1.30441
2 nm,358.15,P-MTR,2.5,0.7,Id,3.4432e-07,A/um,run_0045 x(T/300)^1.5=1.30441
2 nm,358.15,P-MTR,2.6,0.7,Id,3.77584e-07,A/um,run_0045 x(T/300)^1.5=1.30441
2 nm,358.15,P-MTR,2.7,0.7,Id,4.11239e-07,A/um,run_0045 x(T/300)^1.5=1.30441
2 nm,358.15,P-MTR,2.8,0.7,Id,4.45224e-07,A/um,run_0045 x(T/300)^1.5=1.30441
2 nm,358.15,P-MTR,2.9,0.7,Id,4.79484e-07,A/um,run_0045 x(T/300)^1.5=1.30441
2 nm,358.15,P-MTR,3.0,0.7,Id,5.13981e-07,A/um,run_0045 x(T/300)^1.5=1.30441
6.3 nm,358.15,P-phonon,-0.1,0.7,Id,1.84413e-16,A/um,run_0046
6.3 nm,358.15,P-phonon,-0.05,0.7,Id,9.15389e-16,A/um,run_0046
6.3 nm,358.15,P-phonon,0.0,0.7,Id,4.51239e-15,A/um,run_0046
6.3 nm,358.15,P-phonon,0.05,0.7,Id,2.18494e-14,A/um,run_0046
6.3 nm,358.15,P-phonon,0.1,0.7,Id,1.0295e-13,A/um,run_0046
6.3 nm,358.15,P-phonon,0.15,0.7,Id,4.65632e-13,A/um,run_0046
6.3 nm,358.15,P-phonon,0.2,0.7,Id,1.95891e-12,A/um,run_0046
6.3 nm,358.15,P-phonon,0.25,0.7,Id,7.22392e-12,A/um,run_0046
6.3 nm,358.15,P-phonon,0.3,0.7,Id,2.21087e-11,A/um,run_0046
6.3 nm,358.15,P-phonon,0.35,0.7,Id,5.5778e-11,A/um,run_0046
6.3 nm,358.15,P-phonon,0.4,0.7,Id,1.19609e-10,A/um,run_0046
6.3 nm,358.15,P-phonon,0.45,0.7,Id,2.2639e-10,A/um,run_0046
6.3 nm,358.15,P-phonon,0.5,0.7,Id,3.90237e-10,A/um,run_0046
6.3 nm,358.15,P-phonon,0.55,0.7,Id,6.26906e-10,A/um,run_0046
6.3 nm,358.15,P-phonon,0.6,0.7,Id,9.54252e-10,A/um,run_0046
6.3 nm,358.15,P-phonon,0.65,0.7,Id,1.39271e-09,A/um,run_0046
6.3 nm,358.15,P-phonon,0.7,0.7,Id,1.96569e-09,A/um,run_0046
6.3 nm,358.15,P-phonon,0.75,0.7,Id,2.69976e-09,A/um,run_0046
6.3 nm,358.15,P-phonon,0.8,0.7,Id,3.62455e-09,A/um,run_0046
6.3 nm,358.15,P-phonon,0.85,0.7,Id,4.77212e-09,A/um,run_0046
6.3 nm,358.15,P-phonon,0.9,0.7,Id,6.1757e-09,A/um,run_0046
6.3 nm,358.15,P-phonon,0.95,0.7,Id,7.86769e-09,A/um,run_0046
6.3 nm,358.15,P-phonon,1.0,0.7,Id,9.87733e-09,A/um,run_0046
6.3 nm,358.15,P-phonon,1.05,0.7,Id,1.22295e-08,A/um,run_0046
6.3 nm,358.15,P-phonon,1.1,0.7,Id,1.49451e-08,A/um,run_0046
6.3 nm,358.15,P-phonon,1.15,0.7,Id,1.80412e-08,A/um,run_0046
6.3 nm,358.15,P-phonon,1.2,0.7,Id,2.15311e-08,A/um,run_0046
6.3 nm,358.15,P-phonon,1.25,0.7,Id,2.54242e-08,A/um,run_0046
6.3 nm,358.15,P-phonon,1.3,0.7,Id,2.97253e-08,A/um,run_0046
6.3 nm,358.15,P-phonon,1.35,0.7,Id,3.44348e-08,A/um,run_0046
6.3 nm,358.15,P-phonon,1.4,0.7,Id,3.95477e-08,A/um,run_0046
6.3 nm,358.15,P-phonon,1.45,0.7,Id,4.50543e-08,A/um,run_0046
6.3 nm,358.15,P-phonon,1.5,0.7,Id,5.09403e-08,A/um,run_0046
6.3 nm,358.15,P-phonon,1.6,0.7,Id,6.37728e-08,A/um,run_0046
6.3 nm,358.15,P-phonon,1.7,0.7,Id,7.78665e-08,A/um,run_0046
6.3 nm,358.15,P-phonon,1.8,0.7,Id,9.30286e-08,A/um,run_0046
6.3 nm,358.15,P-phonon,1.9,0.7,Id,1.0908e-07,A/um,run_0046
6.3 nm,358.15,P-phonon,2.0,0.7,Id,1.25869e-07,A/um,run_0046
6.3 nm,358.15,P-phonon,2.1,0.7,Id,1.43272e-07,A/um,run_0046
6.3 nm,358.15,P-phonon,2.2,0.7,Id,1.61189e-07,A/um,run_0046
6.3 nm,358.15,P-phonon,2.3,0.7,Id,1.79542e-07,A/um,run_0046
6.3 nm,358.15,P-phonon,2.4,0.7,Id,1.98269e-07,A/um,run_0046
6.3 nm,358.15,P-phonon,2.5,0.7,Id,2.17318e-07,A/um,run_0046
6.3 nm,358.15,P-phonon,2.6,0.7,Id,2.36647e-07,A/um,run_0046
6.3 nm,358.15,P-phonon,2.7,0.7,Id,2.56223e-07,A/um,run_0046
6.3 nm,358.15,P-phonon,2.8,0.7,Id,2.76017e-07,A/um,run_0046
6.3 nm,358.15,P-phonon,2.9,0.7,Id,2.96006e-07,A/um,run_0046
6.3 nm,358.15,P-phonon,3.0,0.7,Id,3.16169e-07,A/um,run_0046
6.3 nm,358.15,P-MTR,-0.1,0.7,Id,2.40551e-16,A/um,run_0046 x(T/300)^1.5=1.30441
6.3 nm,358.15,P-MTR,-0.05,0.7,Id,1.19405e-15,A/um,run_0046 x(T/300)^1.5=1.30441
6.3 nm,358.15,P-MTR,0.0,0.7,Id,5.88603e-15,A/um,run_0046 x(T/300)^1.5=1.30441
6.3 nm,358.15,P-MTR,0.05,0.7,Id,2.85007e-14,A/um,run_0046 x(T/300)^1.5=1.30441
6.3 nm,358.15,P-MTR,0.1,0.7,Id,1.34289e-13,A/um,run_0046 x(T/300)^1.5=1.30441
6.3 nm,358.15,P-MTR,0.15,0.7,Id,6.07377e-13,A/um,run_0046 x(T/300)^1.5=1.30441
6.3 nm,358.15,P-MTR,0.2,0.7,Id,2.55523e-12,A/um,run_0046 x(T/300)^1.5=1.30441
6.3 nm,358.15,P-MTR,0.25,0.7,Id,9.42298e-12,A/um,run_0046 x(T/300)^1.5=1.30441
6.3 nm,358.15,P-MTR,0.3,0.7,Id,2.88389e-11,A/um,run_0046 x(T/300)^1.5=1.30441
6.3 nm,358.15,P-MTR,0.35,0.7,Id,7.27576e-11,A/um,run_0046 x(T/300)^1.5=1.30441
6.3 nm,358.15,P-MTR,0.4,0.7,Id,1.5602e-10,A/um,run_0046 x(T/300)^1.5=1.30441
6.3 nm,358.15,P-MTR,0.45,0.7,Id,2.95306e-10,A/um,run_0046 x(T/300)^1.5=1.30441
6.3 nm,358.15,P-MTR,0.5,0.7,Id,5.09031e-10,A/um,run_0046 x(T/300)^1.5=1.30441
6.3 nm,358.15,P-MTR,0.55,0.7,Id,8.17745e-10,A/um,run_0046 x(T/300)^1.5=1.30441
6.3 nm,358.15,P-MTR,0.6,0.7,Id,1.24474e-09,A/um,run_0046 x(T/300)^1.5=1.30441
6.3 nm,358.15,P-MTR,0.65,0.7,Id,1.81667e-09,A/um,run_0046 x(T/300)^1.5=1.30441
6.3 nm,358.15,P-MTR,0.7,0.7,Id,2.56407e-09,A/um,run_0046 x(T/300)^1.5=1.30441
6.3 nm,358.15,P-MTR,0.75,0.7,Id,3.52161e-09,A/um,run_0046 x(T/300)^1.5=1.30441
6.3 nm,358.15,P-MTR,0.8,0.7,Id,4.72791e-09,A/um,run_0046 x(T/300)^1.5=1.30441
6.3 nm,358.15,P-MTR,0.85,0.7,Id,6.22482e-09,A/um,run_0046 x(T/300)^1.5=1.30441
6.3 nm,358.15,P-MTR,0.9,0.7,Id,8.05567e-09,A/um,run_0046 x(T/300)^1.5=1.30441
6.3 nm,358.15,P-MTR,0.95,0.7,Id,1.02627e-08,A/um,run_0046 x(T/300)^1.5=1.30441
6.3 nm,358.15,P-MTR,1.0,0.7,Id,1.28841e-08,A/um,run_0046 x(T/300)^1.5=1.30441
6.3 nm,358.15,P-MTR,1.05,0.7,Id,1.59523e-08,A/um,run_0046 x(T/300)^1.5=1.30441
6.3 nm,358.15,P-MTR,1.1,0.7,Id,1.94946e-08,A/um,run_0046 x(T/300)^1.5=1.30441
6.3 nm,358.15,P-MTR,1.15,0.7,Id,2.35332e-08,A/um,run_0046 x(T/300)^1.5=1.30441
6.3 nm,358.15,P-MTR,1.2,0.7,Id,2.80855e-08,A/um,run_0046 x(T/300)^1.5=1.30441
6.3 nm,358.15,P-MTR,1.25,0.7,Id,3.31637e-08,A/um,run_0046 x(T/300)^1.5=1.30441
6.3 nm,358.15,P-MTR,1.3,0.7,Id,3.87741e-08,A/um,run_0046 x(T/300)^1.5=1.30441
6.3 nm,358.15,P-MTR,1.35,0.7,Id,4.49172e-08,A/um,run_0046 x(T/300)^1.5=1.30441
6.3 nm,358.15,P-MTR,1.4,0.7,Id,5.15866e-08,A/um,run_0046 x(T/300)^1.5=1.30441
6.3 nm,358.15,P-MTR,1.45,0.7,Id,5.87695e-08,A/um,run_0046 x(T/300)^1.5=1.30441
6.3 nm,358.15,P-MTR,1.5,0.7,Id,6.64473e-08,A/um,run_0046 x(T/300)^1.5=1.30441
6.3 nm,358.15,P-MTR,1.6,0.7,Id,8.31862e-08,A/um,run_0046 x(T/300)^1.5=1.30441
6.3 nm,358.15,P-MTR,1.7,0.7,Id,1.0157e-07,A/um,run_0046 x(T/300)^1.5=1.30441
6.3 nm,358.15,P-MTR,1.8,0.7,Id,1.21348e-07,A/um,run_0046 x(T/300)^1.5=1.30441
6.3 nm,358.15,P-MTR,1.9,0.7,Id,1.42286e-07,A/um,run_0046 x(T/300)^1.5=1.30441
6.3 nm,358.15,P-MTR,2.0,0.7,Id,1.64185e-07,A/um,run_0046 x(T/300)^1.5=1.30441
6.3 nm,358.15,P-MTR,2.1,0.7,Id,1.86886e-07,A/um,run_0046 x(T/300)^1.5=1.30441
6.3 nm,358.15,P-MTR,2.2,0.7,Id,2.10257e-07,A/um,run_0046 x(T/300)^1.5=1.30441
6.3 nm,358.15,P-MTR,2.3,0.7,Id,2.34197e-07,A/um,run_0046 x(T/300)^1.5=1.30441
6.3 nm,358.15,P-MTR,2.4,0.7,Id,2.58625e-07,A/um,run_0046 x(T/300)^1.5=1.30441
6.3 nm,358.15,P-MTR,2.5,0.7,Id,2.83473e-07,A/um,run_0046 x(T/300)^1.5=1.30441
6.3 nm,358.15,P-MTR,2.6,0.7,Id,3.08686e-07,A/um,run_0046 x(T/300)^1.5=1.30441
6.3 nm,358.15,P-MTR,2.7,0.7,Id,3.34221e-07,A/um,run_0046 x(T/300)^1.5=1.30441
6.3 nm,358.15,P-MTR,2.8,0.7,Id,3.60041e-07,A/um,run_0046 x(T/300)^1.5=1.30441
6.3 nm,358.15,P-MTR,2.9,0.7,Id,3.86114e-07,A/um,run_0046 x(T/300)^1.5=1.30441
6.3 nm,358.15,P-MTR,3.0,0.7,Id,4.12415e-07,A/um,run_0046 x(T/300)^1.5=1.30441
13.2 nm,358.15,P-phonon,-0.6,0.7,Id,1.16097e-16,A/um,run_0047
13.2 nm,358.15,P-phonon,-0.55,0.7,Id,5.8316e-16,A/um,run_0047
13.2 nm,358.15,P-phonon,-0.5,0.7,Id,2.87763e-15,A/um,run_0047
13.2 nm,358.15,P-phonon,-0.45,0.7,Id,1.41482e-14,A/um,run_0047
13.2 nm,358.15,P-phonon,-0.4,0.7,Id,6.9383e-14,A/um,run_0047
13.2 nm,358.15,P-phonon,-0.35,0.7,Id,3.35126e-13,A/um,run_0047
13.2 nm,358.15,P-phonon,-0.3,0.7,Id,1.56561e-12,A/um,run_0047
13.2 nm,358.15,P-phonon,-0.25,0.7,Id,6.85714e-12,A/um,run_0047
13.2 nm,358.15,P-phonon,-0.2,0.7,Id,2.67128e-11,A/um,run_0047
13.2 nm,358.15,P-phonon,-0.15,0.7,Id,8.73178e-11,A/um,run_0047
13.2 nm,358.15,P-phonon,-0.1,0.7,Id,2.34473e-10,A/um,run_0047
13.2 nm,358.15,P-phonon,-0.05,0.7,Id,5.29069e-10,A/um,run_0047
13.2 nm,358.15,P-phonon,0.0,0.7,Id,1.04204e-09,A/um,run_0047
13.2 nm,358.15,P-phonon,0.05,0.7,Id,1.85386e-09,A/um,run_0047
13.2 nm,358.15,P-phonon,0.1,0.7,Id,3.05725e-09,A/um,run_0047
13.2 nm,358.15,P-phonon,0.15,0.7,Id,4.76094e-09,A/um,run_0047
13.2 nm,358.15,P-phonon,0.2,0.7,Id,7.09361e-09,A/um,run_0047
13.2 nm,358.15,P-phonon,0.25,0.7,Id,1.02071e-08,A/um,run_0047
13.2 nm,358.15,P-phonon,0.3,0.7,Id,1.42782e-08,A/um,run_0047
13.2 nm,358.15,P-phonon,0.35,0.7,Id,1.95076e-08,A/um,run_0047
13.2 nm,358.15,P-phonon,0.4,0.7,Id,2.61152e-08,A/um,run_0047
13.2 nm,358.15,P-phonon,0.45,0.7,Id,3.43305e-08,A/um,run_0047
13.2 nm,358.15,P-phonon,0.5,0.7,Id,4.4378e-08,A/um,run_0047
13.2 nm,358.15,P-phonon,0.55,0.7,Id,5.64618e-08,A/um,run_0047
13.2 nm,358.15,P-phonon,0.6,0.7,Id,7.07534e-08,A/um,run_0047
13.2 nm,358.15,P-phonon,0.65,0.7,Id,8.73901e-08,A/um,run_0047
13.2 nm,358.15,P-phonon,0.7,0.7,Id,1.06478e-07,A/um,run_0047
13.2 nm,358.15,P-phonon,0.75,0.7,Id,1.28093e-07,A/um,run_0047
13.2 nm,358.15,P-phonon,0.8,0.7,Id,1.52281e-07,A/um,run_0047
13.2 nm,358.15,P-phonon,0.85,0.7,Id,1.79053e-07,A/um,run_0047
13.2 nm,358.15,P-phonon,0.9,0.7,Id,2.08386e-07,A/um,run_0047
13.2 nm,358.15,P-phonon,0.95,0.7,Id,2.40223e-07,A/um,run_0047
13.2 nm,358.15,P-phonon,1.0,0.7,Id,2.7447e-07,A/um,run_0047
13.2 nm,358.15,P-phonon,1.05,0.7,Id,3.10997e-07,A/um,run_0047
13.2 nm,358.15,P-phonon,1.1,0.7,Id,3.49651e-07,A/um,run_0047
13.2 nm,358.15,P-phonon,1.15,0.7,Id,3.90255e-07,A/um,run_0047
13.2 nm,358.15,P-phonon,1.2,0.7,Id,4.32626e-07,A/um,run_0047
13.2 nm,358.15,P-phonon,1.25,0.7,Id,4.76583e-07,A/um,run_0047
13.2 nm,358.15,P-phonon,1.3,0.7,Id,5.21954e-07,A/um,run_0047
13.2 nm,358.15,P-phonon,1.35,0.7,Id,5.68581e-07,A/um,run_0047
13.2 nm,358.15,P-phonon,1.4,0.7,Id,6.16324e-07,A/um,run_0047
13.2 nm,358.15,P-phonon,1.45,0.7,Id,6.65059e-07,A/um,run_0047
13.2 nm,358.15,P-phonon,1.5,0.7,Id,7.1468e-07,A/um,run_0047
13.2 nm,358.15,P-phonon,1.6,0.7,Id,8.16218e-07,A/um,run_0047
13.2 nm,358.15,P-phonon,1.7,0.7,Id,9.20334e-07,A/um,run_0047
13.2 nm,358.15,P-phonon,1.8,0.7,Id,1.02657e-06,A/um,run_0047
13.2 nm,358.15,P-phonon,1.9,0.7,Id,1.13458e-06,A/um,run_0047
13.2 nm,358.15,P-phonon,2.0,0.7,Id,1.2441e-06,A/um,run_0047
13.2 nm,358.15,P-phonon,2.1,0.7,Id,1.3549e-06,A/um,run_0047
13.2 nm,358.15,P-phonon,2.2,0.7,Id,1.46682e-06,A/um,run_0047
13.2 nm,358.15,P-phonon,2.3,0.7,Id,1.57973e-06,A/um,run_0047
13.2 nm,358.15,P-phonon,2.4,0.7,Id,1.6935e-06,A/um,run_0047
13.2 nm,358.15,P-phonon,2.5,0.7,Id,1.80804e-06,A/um,run_0047
13.2 nm,358.15,P-phonon,2.6,0.7,Id,1.92327e-06,A/um,run_0047
13.2 nm,358.15,P-phonon,2.7,0.7,Id,2.03913e-06,A/um,run_0047
13.2 nm,358.15,P-phonon,2.8,0.7,Id,2.15555e-06,A/um,run_0047
13.2 nm,358.15,P-phonon,2.9,0.7,Id,2.27248e-06,A/um,run_0047
13.2 nm,358.15,P-phonon,3.0,0.7,Id,2.38989e-06,A/um,run_0047
13.2 nm,358.15,P-MTR,-0.6,0.7,Id,1.51439e-16,A/um,run_0047 x(T/300)^1.5=1.30441
13.2 nm,358.15,P-MTR,-0.55,0.7,Id,7.60682e-16,A/um,run_0047 x(T/300)^1.5=1.30441
13.2 nm,358.15,P-MTR,-0.5,0.7,Id,3.75362e-15,A/um,run_0047 x(T/300)^1.5=1.30441
13.2 nm,358.15,P-MTR,-0.45,0.7,Id,1.84551e-14,A/um,run_0047 x(T/300)^1.5=1.30441
13.2 nm,358.15,P-MTR,-0.4,0.7,Id,9.05042e-14,A/um,run_0047 x(T/300)^1.5=1.30441
13.2 nm,358.15,P-MTR,-0.35,0.7,Id,4.37143e-13,A/um,run_0047 x(T/300)^1.5=1.30441
13.2 nm,358.15,P-MTR,-0.3,0.7,Id,2.0422e-12,A/um,run_0047 x(T/300)^1.5=1.30441
13.2 nm,358.15,P-MTR,-0.25,0.7,Id,8.94455e-12,A/um,run_0047 x(T/300)^1.5=1.30441
13.2 nm,358.15,P-MTR,-0.2,0.7,Id,3.48446e-11,A/um,run_0047 x(T/300)^1.5=1.30441
13.2 nm,358.15,P-MTR,-0.15,0.7,Id,1.13899e-10,A/um,run_0047 x(T/300)^1.5=1.30441
13.2 nm,358.15,P-MTR,-0.1,0.7,Id,3.0585e-10,A/um,run_0047 x(T/300)^1.5=1.30441
13.2 nm,358.15,P-MTR,-0.05,0.7,Id,6.90125e-10,A/um,run_0047 x(T/300)^1.5=1.30441
13.2 nm,358.15,P-MTR,0.0,0.7,Id,1.35925e-09,A/um,run_0047 x(T/300)^1.5=1.30441
13.2 nm,358.15,P-MTR,0.05,0.7,Id,2.4182e-09,A/um,run_0047 x(T/300)^1.5=1.30441
13.2 nm,358.15,P-MTR,0.1,0.7,Id,3.98792e-09,A/um,run_0047 x(T/300)^1.5=1.30441
13.2 nm,358.15,P-MTR,0.15,0.7,Id,6.21024e-09,A/um,run_0047 x(T/300)^1.5=1.30441
13.2 nm,358.15,P-MTR,0.2,0.7,Id,9.25301e-09,A/um,run_0047 x(T/300)^1.5=1.30441
13.2 nm,358.15,P-MTR,0.25,0.7,Id,1.33143e-08,A/um,run_0047 x(T/300)^1.5=1.30441
13.2 nm,358.15,P-MTR,0.3,0.7,Id,1.86247e-08,A/um,run_0047 x(T/300)^1.5=1.30441
13.2 nm,358.15,P-MTR,0.35,0.7,Id,2.5446e-08,A/um,run_0047 x(T/300)^1.5=1.30441
13.2 nm,358.15,P-MTR,0.4,0.7,Id,3.4065e-08,A/um,run_0047 x(T/300)^1.5=1.30441
13.2 nm,358.15,P-MTR,0.45,0.7,Id,4.47812e-08,A/um,run_0047 x(T/300)^1.5=1.30441
13.2 nm,358.15,P-MTR,0.5,0.7,Id,5.78873e-08,A/um,run_0047 x(T/300)^1.5=1.30441
13.2 nm,358.15,P-MTR,0.55,0.7,Id,7.36496e-08,A/um,run_0047 x(T/300)^1.5=1.30441
13.2 nm,358.15,P-MTR,0.6,0.7,Id,9.22917e-08,A/um,run_0047 x(T/300)^1.5=1.30441
13.2 nm,358.15,P-MTR,0.65,0.7,Id,1.13993e-07,A/um,run_0047 x(T/300)^1.5=1.30441
13.2 nm,358.15,P-MTR,0.7,0.7,Id,1.38891e-07,A/um,run_0047 x(T/300)^1.5=1.30441
13.2 nm,358.15,P-MTR,0.75,0.7,Id,1.67086e-07,A/um,run_0047 x(T/300)^1.5=1.30441
13.2 nm,358.15,P-MTR,0.8,0.7,Id,1.98638e-07,A/um,run_0047 x(T/300)^1.5=1.30441
13.2 nm,358.15,P-MTR,0.85,0.7,Id,2.33559e-07,A/um,run_0047 x(T/300)^1.5=1.30441
13.2 nm,358.15,P-MTR,0.9,0.7,Id,2.71822e-07,A/um,run_0047 x(T/300)^1.5=1.30441
13.2 nm,358.15,P-MTR,0.95,0.7,Id,3.1335e-07,A/um,run_0047 x(T/300)^1.5=1.30441
13.2 nm,358.15,P-MTR,1.0,0.7,Id,3.58023e-07,A/um,run_0047 x(T/300)^1.5=1.30441
13.2 nm,358.15,P-MTR,1.05,0.7,Id,4.05669e-07,A/um,run_0047 x(T/300)^1.5=1.30441
13.2 nm,358.15,P-MTR,1.1,0.7,Id,4.5609e-07,A/um,run_0047 x(T/300)^1.5=1.30441
13.2 nm,358.15,P-MTR,1.15,0.7,Id,5.09054e-07,A/um,run_0047 x(T/300)^1.5=1.30441
13.2 nm,358.15,P-MTR,1.2,0.7,Id,5.64324e-07,A/um,run_0047 x(T/300)^1.5=1.30441
13.2 nm,358.15,P-MTR,1.25,0.7,Id,6.21662e-07,A/um,run_0047 x(T/300)^1.5=1.30441
13.2 nm,358.15,P-MTR,1.3,0.7,Id,6.80844e-07,A/um,run_0047 x(T/300)^1.5=1.30441
13.2 nm,358.15,P-MTR,1.35,0.7,Id,7.41665e-07,A/um,run_0047 x(T/300)^1.5=1.30441
13.2 nm,358.15,P-MTR,1.4,0.7,Id,8.03942e-07,A/um,run_0047 x(T/300)^1.5=1.30441
13.2 nm,358.15,P-MTR,1.45,0.7,Id,8.67512e-07,A/um,run_0047 x(T/300)^1.5=1.30441
13.2 nm,358.15,P-MTR,1.5,0.7,Id,9.32239e-07,A/um,run_0047 x(T/300)^1.5=1.30441
13.2 nm,358.15,P-MTR,1.6,0.7,Id,1.06469e-06,A/um,run_0047 x(T/300)^1.5=1.30441
13.2 nm,358.15,P-MTR,1.7,0.7,Id,1.2005e-06,A/um,run_0047 x(T/300)^1.5=1.30441
13.2 nm,358.15,P-MTR,1.8,0.7,Id,1.33907e-06,A/um,run_0047 x(T/300)^1.5=1.30441
13.2 nm,358.15,P-MTR,1.9,0.7,Id,1.47996e-06,A/um,run_0047 x(T/300)^1.5=1.30441
13.2 nm,358.15,P-MTR,2.0,0.7,Id,1.62282e-06,A/um,run_0047 x(T/300)^1.5=1.30441
13.2 nm,358.15,P-MTR,2.1,0.7,Id,1.76735e-06,A/um,run_0047 x(T/300)^1.5=1.30441
13.2 nm,358.15,P-MTR,2.2,0.7,Id,1.91334e-06,A/um,run_0047 x(T/300)^1.5=1.30441
13.2 nm,358.15,P-MTR,2.3,0.7,Id,2.06062e-06,A/um,run_0047 x(T/300)^1.5=1.30441
13.2 nm,358.15,P-MTR,2.4,0.7,Id,2.20903e-06,A/um,run_0047 x(T/300)^1.5=1.30441
13.2 nm,358.15,P-MTR,2.5,0.7,Id,2.35843e-06,A/um,run_0047 x(T/300)^1.5=1.30441
13.2 nm,358.15,P-MTR,2.6,0.7,Id,2.50874e-06,A/um,run_0047 x(T/300)^1.5=1.30441
13.2 nm,358.15,P-MTR,2.7,0.7,Id,2.65987e-06,A/um,run_0047 x(T/300)^1.5=1.30441
13.2 nm,358.15,P-MTR,2.8,0.7,Id,2.81173e-06,A/um,run_0047 x(T/300)^1.5=1.30441
13.2 nm,358.15,P-MTR,2.9,0.7,Id,2.96426e-06,A/um,run_0047 x(T/300)^1.5=1.30441
13.2 nm,358.15,P-MTR,3.0,0.7,Id,3.11741e-06,A/um,run_0047 x(T/300)^1.5=1.30441
13.2 nm,358.15,P-phonon,-,0.7,mu_FE_ratio_13p2_over_2p0,4.43961,-,run_0047/run_0045
13.2 nm,300.0,reference_300K,-,0.7,mu_FE_ratio_13p2_over_2p0,4.4027,-,run_0040/run_0038
13.2 nm,358.15,P-MTR,-,0.7,mu_FE_ratio_13p2_over_2p0,4.43961,-,run_0047/run_0045
13.2 nm,300.0,reference_300K,-,0.7,mu_FE_ratio_13p2_over_2p0,4.4027,-,run_0040/run_0038
2 nm,300/338.15/358.15,P-phonon,0.5,0.7,Ea_apparent,81.5798,meV,run_0038 x0.999983+run_0044+run_0045
2 nm,300/338.15/358.15,P-phonon,1.0,0.7,Ea_apparent,15.1523,meV,run_0038 x0.999983+run_0044+run_0045
2 nm,300/338.15/358.15,P-phonon,1.5,0.7,Ea_apparent,-19.4737,meV,run_0038 x0.999983+run_0044+run_0045
2 nm,300/338.15/358.15,P-phonon,2.0,0.7,Ea_apparent,-34.2704,meV,run_0038 x0.999983+run_0044+run_0045
2 nm,300/338.15/358.15,P-phonon,3.0,0.7,Ea_apparent,-40.5718,meV,run_0038 x0.999983+run_0044+run_0045
2 nm,300/338.15/358.15,P-MTR,0.5,0.7,Ea_apparent,123.693,meV,run_0038 x0.999983+run_0044 x(T/300)^1.5=1.19669+run_0045 x(T/300)^1.5=1.30441
2 nm,300/338.15/358.15,P-MTR,1.0,0.7,Ea_apparent,57.2659,meV,run_0038 x0.999983+run_0044 x(T/300)^1.5=1.19669+run_0045 x(T/300)^1.5=1.30441
2 nm,300/338.15/358.15,P-MTR,1.5,0.7,Ea_apparent,22.6399,meV,run_0038 x0.999983+run_0044 x(T/300)^1.5=1.19669+run_0045 x(T/300)^1.5=1.30441
2 nm,300/338.15/358.15,P-MTR,2.0,0.7,Ea_apparent,7.84321,meV,run_0038 x0.999983+run_0044 x(T/300)^1.5=1.19669+run_0045 x(T/300)^1.5=1.30441
2 nm,300/338.15/358.15,P-MTR,3.0,0.7,Ea_apparent,1.5418,meV,run_0038 x0.999983+run_0044 x(T/300)^1.5=1.19669+run_0045 x(T/300)^1.5=1.30441
6.3 nm,300/358.15,P-phonon,0.0,0.7,Ea_apparent,451.956,meV,run_0039 x1.015074+run_0046
6.3 nm,300/358.15,P-phonon,0.5,0.7,Ea_apparent,85.9831,meV,run_0039 x1.015074+run_0046
6.3 nm,300/358.15,P-phonon,1.0,0.7,Ea_apparent,11.0673,meV,run_0039 x1.015074+run_0046
6.3 nm,300/358.15,P-phonon,1.5,0.7,Ea_apparent,-22.2732,meV,run_0039 x1.015074+run_0046
6.3 nm,300/358.15,P-phonon,2.0,0.7,Ea_apparent,-33.4842,meV,run_0039 x1.015074+run_0046
6.3 nm,300/358.15,P-phonon,3.0,0.7,Ea_apparent,-38.8144,meV,run_0039 x1.015074+run_0046
6.3 nm,300/358.15,P-MTR,0.0,0.7,Ea_apparent,494.27,meV,run_0039 x1.015074+run_0046 x(T/300)^1.5=1.30441
6.3 nm,300/358.15,P-MTR,0.5,0.7,Ea_apparent,128.298,meV,run_0039 x1.015074+run_0046 x(T/300)^1.5=1.30441
6.3 nm,300/358.15,P-MTR,1.0,0.7,Ea_apparent,53.3819,meV,run_0039 x1.015074+run_0046 x(T/300)^1.5=1.30441
6.3 nm,300/358.15,P-MTR,1.5,0.7,Ea_apparent,20.0414,meV,run_0039 x1.015074+run_0046 x(T/300)^1.5=1.30441
6.3 nm,300/358.15,P-MTR,2.0,0.7,Ea_apparent,8.83036,meV,run_0039 x1.015074+run_0046 x(T/300)^1.5=1.30441
6.3 nm,300/358.15,P-MTR,3.0,0.7,Ea_apparent,3.50011,meV,run_0039 x1.015074+run_0046 x(T/300)^1.5=1.30441
13.2 nm,300/358.15,P-phonon,0.0,0.7,Ea_apparent,120.768,meV,run_0040 x1.020113+run_0047
13.2 nm,300/358.15,P-phonon,0.5,0.7,Ea_apparent,20.4177,meV,run_0040 x1.020113+run_0047
13.2 nm,300/358.15,P-phonon,1.0,0.7,Ea_apparent,-21.5297,meV,run_0040 x1.020113+run_0047
13.2 nm,300/358.15,P-phonon,1.5,0.7,Ea_apparent,-34.0296,meV,run_0040 x1.020113+run_0047
13.2 nm,300/358.15,P-phonon,2.0,0.7,Ea_apparent,-37.6563,meV,run_0040 x1.020113+run_0047
13.2 nm,300/358.15,P-phonon,3.0,0.7,Ea_apparent,-39.9105,meV,run_0040 x1.020113+run_0047
13.2 nm,300/358.15,P-MTR,0.0,0.7,Ea_apparent,163.083,meV,run_0040 x1.020113+run_0047 x(T/300)^1.5=1.30441
13.2 nm,300/358.15,P-MTR,0.5,0.7,Ea_apparent,62.7322,meV,run_0040 x1.020113+run_0047 x(T/300)^1.5=1.30441
13.2 nm,300/358.15,P-MTR,1.0,0.7,Ea_apparent,20.7848,meV,run_0040 x1.020113+run_0047 x(T/300)^1.5=1.30441
13.2 nm,300/358.15,P-MTR,1.5,0.7,Ea_apparent,8.28489,meV,run_0040 x1.020113+run_0047 x(T/300)^1.5=1.30441
13.2 nm,300/358.15,P-MTR,2.0,0.7,Ea_apparent,4.65818,meV,run_0040 x1.020113+run_0047 x(T/300)^1.5=1.30441
13.2 nm,300/358.15,P-MTR,3.0,0.7,Ea_apparent,2.40405,meV,run_0040 x1.020113+run_0047 x(T/300)^1.5=1.30441
2 nm,300.0,as_simulated_300K,1.0,0.05,Id_over_Id_at_Vd0p7,0.235927,-,run_0041
2 nm,300.0,as_simulated_300K,1.0,0.1,Id_over_Id_at_Vd0p7,0.424931,-,run_0041
2 nm,300.0,as_simulated_300K,1.0,0.15,Id_over_Id_at_Vd0p7,0.574476,-,run_0041
2 nm,300.0,as_simulated_300K,1.0,0.2,Id_over_Id_at_Vd0p7,0.691268,-,run_0041
2 nm,300.0,as_simulated_300K,1.0,0.25,Id_over_Id_at_Vd0p7,0.781185,-,run_0041
2 nm,300.0,as_simulated_300K,1.0,0.3,Id_over_Id_at_Vd0p7,0.849266,-,run_0041
2 nm,300.0,as_simulated_300K,1.0,0.35,Id_over_Id_at_Vd0p7,0.899771,-,run_0041
2 nm,300.0,as_simulated_300K,1.0,0.4,Id_over_Id_at_Vd0p7,0.936272,-,run_0041
2 nm,300.0,as_simulated_300K,1.0,0.45,Id_over_Id_at_Vd0p7,0.961761,-,run_0041
2 nm,300.0,as_simulated_300K,1.0,0.5,Id_over_Id_at_Vd0p7,0.978756,-,run_0041
2 nm,300.0,as_simulated_300K,1.0,0.6,Id_over_Id_at_Vd0p7,0.995485,-,run_0041
2 nm,300.0,as_simulated_300K,1.0,0.7,Id_over_Id_at_Vd0p7,1,-,run_0041
2 nm,300.0,as_simulated_300K,1.0,0.8,Id_over_Id_at_Vd0p7,1.00092,-,run_0041
2 nm,300.0,as_simulated_300K,1.0,0.9,Id_over_Id_at_Vd0p7,1.00127,-,run_0041
2 nm,300.0,as_simulated_300K,1.0,1.0,Id_over_Id_at_Vd0p7,1.00153,-,run_0041
2 nm,300.0,as_simulated_300K,1.0,1.1,Id_over_Id_at_Vd0p7,1.00173,-,run_0041
2 nm,300.0,as_simulated_300K,1.0,1.2,Id_over_Id_at_Vd0p7,1.00191,-,run_0041
2 nm,300.0,as_simulated_300K,1.0,1.3,Id_over_Id_at_Vd0p7,1.00207,-,run_0041
2 nm,300.0,as_simulated_300K,1.0,1.4,Id_over_Id_at_Vd0p7,1.00221,-,run_0041
2 nm,300.0,as_simulated_300K,1.0,1.5,Id_over_Id_at_Vd0p7,1.00233,-,run_0041
2 nm,300.0,as_simulated_300K,1.0,1.6,Id_over_Id_at_Vd0p7,1.00245,-,run_0041
2 nm,300.0,as_simulated_300K,1.0,1.7,Id_over_Id_at_Vd0p7,1.00256,-,run_0041
2 nm,300.0,as_simulated_300K,1.0,1.8,Id_over_Id_at_Vd0p7,1.00266,-,run_0041
2 nm,300.0,as_simulated_300K,1.0,1.9,Id_over_Id_at_Vd0p7,1.00276,-,run_0041
2 nm,300.0,as_simulated_300K,1.0,2.0,Id_over_Id_at_Vd0p7,1.00285,-,run_0041
2 nm,300.0,as_simulated_300K,1.0,2.1,Id_over_Id_at_Vd0p7,1.00294,-,run_0041
2 nm,300.0,as_simulated_300K,1.0,2.2,Id_over_Id_at_Vd0p7,1.00302,-,run_0041
2 nm,300.0,as_simulated_300K,1.0,2.3,Id_over_Id_at_Vd0p7,1.0031,-,run_0041
2 nm,300.0,as_simulated_300K,1.0,2.4,Id_over_Id_at_Vd0p7,1.00317,-,run_0041
2 nm,300.0,as_simulated_300K,1.0,2.5,Id_over_Id_at_Vd0p7,1.00324,-,run_0041
2 nm,300.0,as_simulated_300K,1.0,2.6,Id_over_Id_at_Vd0p7,1.00331,-,run_0041
2 nm,300.0,as_simulated_300K,1.0,2.7,Id_over_Id_at_Vd0p7,1.00338,-,run_0041
2 nm,300.0,as_simulated_300K,1.0,2.8,Id_over_Id_at_Vd0p7,1.00344,-,run_0041
2 nm,300.0,as_simulated_300K,1.0,2.9,Id_over_Id_at_Vd0p7,1.00351,-,run_0041
2 nm,300.0,as_simulated_300K,1.0,3.0,Id_over_Id_at_Vd0p7,1.00357,-,run_0041
2 nm,300.0,as_simulated_300K,1.5,0.05,Id_over_Id_at_Vd0p7,0.153552,-,run_0041
2 nm,300.0,as_simulated_300K,1.5,0.1,Id_over_Id_at_Vd0p7,0.290851,-,run_0041
2 nm,300.0,as_simulated_300K,1.5,0.15,Id_over_Id_at_Vd0p7,0.412602,-,run_0041
2 nm,300.0,as_simulated_300K,1.5,0.2,Id_over_Id_at_Vd0p7,0.519597,-,run_0041
2 nm,300.0,as_simulated_300K,1.5,0.25,Id_over_Id_at_Vd0p7,0.612714,-,run_0041
2 nm,300.0,as_simulated_300K,1.5,0.3,Id_over_Id_at_Vd0p7,0.69291,-,run_0041
2 nm,300.0,as_simulated_300K,1.5,0.35,Id_over_Id_at_Vd0p7,0.761221,-,run_0041
2 nm,300.0,as_simulated_300K,1.5,0.4,Id_over_Id_at_Vd0p7,0.818743,-,run_0041
2 nm,300.0,as_simulated_300K,1.5,0.45,Id_over_Id_at_Vd0p7,0.866611,-,run_0041
2 nm,300.0,as_simulated_300K,1.5,0.5,Id_over_Id_at_Vd0p7,0.905976,-,run_0041
2 nm,300.0,as_simulated_300K,1.5,0.6,Id_over_Id_at_Vd0p7,0.963644,-,run_0041
2 nm,300.0,as_simulated_300K,1.5,0.7,Id_over_Id_at_Vd0p7,1,-,run_0041
2 nm,300.0,as_simulated_300K,1.5,0.8,Id_over_Id_at_Vd0p7,1.02176,-,run_0041
2 nm,300.0,as_simulated_300K,1.5,0.9,Id_over_Id_at_Vd0p7,1.03393,-,run_0041
2 nm,300.0,as_simulated_300K,1.5,1.0,Id_over_Id_at_Vd0p7,1.04005,-,run_0041
2 nm,300.0,as_simulated_300K,1.5,1.1,Id_over_Id_at_Vd0p7,1.04269,-,run_0041
2 nm,300.0,as_simulated_300K,1.5,1.2,Id_over_Id_at_Vd0p7,1.04369,-,run_0041
2 nm,300.0,as_simulated_300K,1.5,1.3,Id_over_Id_at_Vd0p7,1.04414,-,run_0041
2 nm,300.0,as_simulated_300K,1.5,1.4,Id_over_Id_at_Vd0p7,1.04444,-,run_0041
2 nm,300.0,as_simulated_300K,1.5,1.5,Id_over_Id_at_Vd0p7,1.04468,-,run_0041
2 nm,300.0,as_simulated_300K,1.5,1.6,Id_over_Id_at_Vd0p7,1.04487,-,run_0041
2 nm,300.0,as_simulated_300K,1.5,1.7,Id_over_Id_at_Vd0p7,1.04503,-,run_0041
2 nm,300.0,as_simulated_300K,1.5,1.8,Id_over_Id_at_Vd0p7,1.04518,-,run_0041
2 nm,300.0,as_simulated_300K,1.5,1.9,Id_over_Id_at_Vd0p7,1.04531,-,run_0041
2 nm,300.0,as_simulated_300K,1.5,2.0,Id_over_Id_at_Vd0p7,1.04543,-,run_0041
2 nm,300.0,as_simulated_300K,1.5,2.1,Id_over_Id_at_Vd0p7,1.04554,-,run_0041
2 nm,300.0,as_simulated_300K,1.5,2.2,Id_over_Id_at_Vd0p7,1.04565,-,run_0041
2 nm,300.0,as_simulated_300K,1.5,2.3,Id_over_Id_at_Vd0p7,1.04574,-,run_0041
2 nm,300.0,as_simulated_300K,1.5,2.4,Id_over_Id_at_Vd0p7,1.04583,-,run_0041
2 nm,300.0,as_simulated_300K,1.5,2.5,Id_over_Id_at_Vd0p7,1.04592,-,run_0041
2 nm,300.0,as_simulated_300K,1.5,2.6,Id_over_Id_at_Vd0p7,1.046,-,run_0041
2 nm,300.0,as_simulated_300K,1.5,2.7,Id_over_Id_at_Vd0p7,1.04608,-,run_0041
2 nm,300.0,as_simulated_300K,1.5,2.8,Id_over_Id_at_Vd0p7,1.04615,-,run_0041
2 nm,300.0,as_simulated_300K,1.5,2.9,Id_over_Id_at_Vd0p7,1.04622,-,run_0041
2 nm,300.0,as_simulated_300K,1.5,3.0,Id_over_Id_at_Vd0p7,1.04629,-,run_0041
2 nm,300.0,as_simulated_300K,2.0,0.05,Id_over_Id_at_Vd0p7,0.11129,-,run_0041
2 nm,300.0,as_simulated_300K,2.0,0.1,Id_over_Id_at_Vd0p7,0.216055,-,run_0041
2 nm,300.0,as_simulated_300K,2.0,0.15,Id_over_Id_at_Vd0p7,0.314362,-,run_0041
2 nm,300.0,as_simulated_300K,2.0,0.2,Id_over_Id_at_Vd0p7,0.406286,-,run_0041
2 nm,300.0,as_simulated_300K,2.0,0.25,Id_over_Id_at_Vd0p7,0.491914,-,run_0041
2 nm,300.0,as_simulated_300K,2.0,0.3,Id_over_Id_at_Vd0p7,0.571339,-,run_0041
2 nm,300.0,as_simulated_300K,2.0,0.35,Id_over_Id_at_Vd0p7,0.644671,-,run_0041
2 nm,300.0,as_simulated_300K,2.0,0.4,Id_over_Id_at_Vd0p7,0.71203,-,run_0041
2 nm,300.0,as_simulated_300K,2.0,0.45,Id_over_Id_at_Vd0p7,0.773556,-,run_0041
2 nm,300.0,as_simulated_300K,2.0,0.5,Id_over_Id_at_Vd0p7,0.829406,-,run_0041
2 nm,300.0,as_simulated_300K,2.0,0.6,Id_over_Id_at_Vd0p7,0.924821,-,run_0041
2 nm,300.0,as_simulated_300K,2.0,0.7,Id_over_Id_at_Vd0p7,1,-,run_0041
2 nm,300.0,as_simulated_300K,2.0,0.8,Id_over_Id_at_Vd0p7,1.0571,-,run_0041
2 nm,300.0,as_simulated_300K,2.0,0.9,Id_over_Id_at_Vd0p7,1.0987,-,run_0041
2 nm,300.0,as_simulated_300K,2.0,1.0,Id_over_Id_at_Vd0p7,1.12768,-,run_0041
2 nm,300.0,as_simulated_300K,2.0,1.1,Id_over_Id_at_Vd0p7,1.14697,-,run_0041
2 nm,300.0,as_simulated_300K,2.0,1.2,Id_over_Id_at_Vd0p7,1.15926,-,run_0041
2 nm,300.0,as_simulated_300K,2.0,1.3,Id_over_Id_at_Vd0p7,1.16673,-,run_0041
2 nm,300.0,as_simulated_300K,2.0,1.4,Id_over_Id_at_Vd0p7,1.17103,-,run_0041
2 nm,300.0,as_simulated_300K,2.0,1.5,Id_over_Id_at_Vd0p7,1.17332,-,run_0041
2 nm,300.0,as_simulated_300K,2.0,1.6,Id_over_Id_at_Vd0p7,1.17448,-,run_0041
2 nm,300.0,as_simulated_300K,2.0,1.7,Id_over_Id_at_Vd0p7,1.17511,-,run_0041
2 nm,300.0,as_simulated_300K,2.0,1.8,Id_over_Id_at_Vd0p7,1.1755,-,run_0041
2 nm,300.0,as_simulated_300K,2.0,1.9,Id_over_Id_at_Vd0p7,1.17579,-,run_0041
2 nm,300.0,as_simulated_300K,2.0,2.0,Id_over_Id_at_Vd0p7,1.17602,-,run_0041
2 nm,300.0,as_simulated_300K,2.0,2.1,Id_over_Id_at_Vd0p7,1.17623,-,run_0041
2 nm,300.0,as_simulated_300K,2.0,2.2,Id_over_Id_at_Vd0p7,1.1764,-,run_0041
2 nm,300.0,as_simulated_300K,2.0,2.3,Id_over_Id_at_Vd0p7,1.17655,-,run_0041
2 nm,300.0,as_simulated_300K,2.0,2.4,Id_over_Id_at_Vd0p7,1.17669,-,run_0041
2 nm,300.0,as_simulated_300K,2.0,2.5,Id_over_Id_at_Vd0p7,1.17682,-,run_0041
2 nm,300.0,as_simulated_300K,2.0,2.6,Id_over_Id_at_Vd0p7,1.17694,-,run_0041
2 nm,300.0,as_simulated_300K,2.0,2.7,Id_over_Id_at_Vd0p7,1.17704,-,run_0041
2 nm,300.0,as_simulated_300K,2.0,2.8,Id_over_Id_at_Vd0p7,1.17715,-,run_0041
2 nm,300.0,as_simulated_300K,2.0,2.9,Id_over_Id_at_Vd0p7,1.17724,-,run_0041
2 nm,300.0,as_simulated_300K,2.0,3.0,Id_over_Id_at_Vd0p7,1.17733,-,run_0041
2 nm,300.0,as_simulated_300K,2.5,0.05,Id_over_Id_at_Vd0p7,0.0946859,-,run_0041
2 nm,300.0,as_simulated_300K,2.5,0.1,Id_over_Id_at_Vd0p7,0.185721,-,run_0041
2 nm,300.0,as_simulated_300K,2.5,0.15,Id_over_Id_at_Vd0p7,0.273119,-,run_0041
2 nm,300.0,as_simulated_300K,2.5,0.2,Id_over_Id_at_Vd0p7,0.356897,-,run_0041
2 nm,300.0,as_simulated_300K,2.5,0.25,Id_over_Id_at_Vd0p7,0.437068,-,run_0041
2 nm,300.0,as_simulated_300K,2.5,0.3,Id_over_Id_at_Vd0p7,0.513654,-,run_0041
2 nm,300.0,as_simulated_300K,2.5,0.35,Id_over_Id_at_Vd0p7,0.586674,-,run_0041
2 nm,300.0,as_simulated_300K,2.5,0.4,Id_over_Id_at_Vd0p7,0.656145,-,run_0041
2 nm,300.0,as_simulated_300K,2.5,0.45,Id_over_Id_at_Vd0p7,0.722094,-,run_0041
2 nm,300.0,as_simulated_300K,2.5,0.5,Id_over_Id_at_Vd0p7,0.784548,-,run_0041
2 nm,300.0,as_simulated_300K,2.5,0.6,Id_over_Id_at_Vd0p7,0.899077,-,run_0041
2 nm,300.0,as_simulated_300K,2.5,0.7,Id_over_Id_at_Vd0p7,1,-,run_0041
2 nm,300.0,as_simulated_300K,2.5,0.8,Id_over_Id_at_Vd0p7,1.08765,-,run_0041
2 nm,300.0,as_simulated_300K,2.5,0.9,Id_over_Id_at_Vd0p7,1.16244,-,run_0041
2 nm,300.0,as_simulated_300K,2.5,1.0,Id_over_Id_at_Vd0p7,1.22493,-,run_0041
2 nm,300.0,as_simulated_300K,2.5,1.1,Id_over_Id_at_Vd0p7,1.27582,-,run_0041
2 nm,300.0,as_simulated_300K,2.5,1.2,Id_over_Id_at_Vd0p7,1.31602,-,run_0041
2 nm,300.0,as_simulated_300K,2.5,1.3,Id_over_Id_at_Vd0p7,1.34664,-,run_0041
2 nm,300.0,as_simulated_300K,2.5,1.4,Id_over_Id_at_Vd0p7,1.36905,-,run_0041
2 nm,300.0,as_simulated_300K,2.5,1.5,Id_over_Id_at_Vd0p7,1.38477,-,run_0041
2 nm,300.0,as_simulated_300K,2.5,1.6,Id_over_Id_at_Vd0p7,1.39532,-,run_0041
2 nm,300.0,as_simulated_300K,2.5,1.7,Id_over_Id_at_Vd0p7,1.40212,-,run_0041
2 nm,300.0,as_simulated_300K,2.5,1.8,Id_over_Id_at_Vd0p7,1.40634,-,run_0041
2 nm,300.0,as_simulated_300K,2.5,1.9,Id_over_Id_at_Vd0p7,1.40887,-,run_0041
2 nm,300.0,as_simulated_300K,2.5,2.0,Id_over_Id_at_Vd0p7,1.41034,-,run_0041
2 nm,300.0,as_simulated_300K,2.5,2.1,Id_over_Id_at_Vd0p7,1.41121,-,run_0041
2 nm,300.0,as_simulated_300K,2.5,2.2,Id_over_Id_at_Vd0p7,1.41177,-,run_0041
2 nm,300.0,as_simulated_300K,2.5,2.3,Id_over_Id_at_Vd0p7,1.41217,-,run_0041
2 nm,300.0,as_simulated_300K,2.5,2.4,Id_over_Id_at_Vd0p7,1.41249,-,run_0041
2 nm,300.0,as_simulated_300K,2.5,2.5,Id_over_Id_at_Vd0p7,1.41275,-,run_0041
2 nm,300.0,as_simulated_300K,2.5,2.6,Id_over_Id_at_Vd0p7,1.41297,-,run_0041
2 nm,300.0,as_simulated_300K,2.5,2.7,Id_over_Id_at_Vd0p7,1.41317,-,run_0041
2 nm,300.0,as_simulated_300K,2.5,2.8,Id_over_Id_at_Vd0p7,1.41334,-,run_0041
2 nm,300.0,as_simulated_300K,2.5,2.9,Id_over_Id_at_Vd0p7,1.4135,-,run_0041
2 nm,300.0,as_simulated_300K,2.5,3.0,Id_over_Id_at_Vd0p7,1.41365,-,run_0041
2 nm,300.0,as_simulated_300K,3.0,0.05,Id_over_Id_at_Vd0p7,0.0873754,-,run_0041
2 nm,300.0,as_simulated_300K,3.0,0.1,Id_over_Id_at_Vd0p7,0.172273,-,run_0041
2 nm,300.0,as_simulated_300K,3.0,0.15,Id_over_Id_at_Vd0p7,0.254698,-,run_0041
2 nm,300.0,as_simulated_300K,3.0,0.2,Id_over_Id_at_Vd0p7,0.334654,-,run_0041
2 nm,300.0,as_simulated_300K,3.0,0.25,Id_over_Id_at_Vd0p7,0.412152,-,run_0041
2 nm,300.0,as_simulated_300K,3.0,0.3,Id_over_Id_at_Vd0p7,0.487193,-,run_0041
2 nm,300.0,as_simulated_300K,3.0,0.35,Id_over_Id_at_Vd0p7,0.559787,-,run_0041
2 nm,300.0,as_simulated_300K,3.0,0.4,Id_over_Id_at_Vd0p7,0.629937,-,run_0041
2 nm,300.0,as_simulated_300K,3.0,0.45,Id_over_Id_at_Vd0p7,0.697652,-,run_0041
2 nm,300.0,as_simulated_300K,3.0,0.5,Id_over_Id_at_Vd0p7,0.762943,-,run_0041
2 nm,300.0,as_simulated_300K,3.0,0.6,Id_over_Id_at_Vd0p7,0.886274,-,run_0041
2 nm,300.0,as_simulated_300K,3.0,0.7,Id_over_Id_at_Vd0p7,1,-,run_0041
2 nm,300.0,as_simulated_300K,3.0,0.8,Id_over_Id_at_Vd0p7,1.1042,-,run_0041
2 nm,300.0,as_simulated_300K,3.0,0.9,Id_over_Id_at_Vd0p7,1.19898,-,run_0041
2 nm,300.0,as_simulated_300K,3.0,1.0,Id_over_Id_at_Vd0p7,1.28444,-,run_0041
2 nm,300.0,as_simulated_300K,3.0,1.1,Id_over_Id_at_Vd0p7,1.36073,-,run_0041
2 nm,300.0,as_simulated_300K,3.0,1.2,Id_over_Id_at_Vd0p7,1.42802,-,run_0041
2 nm,300.0,as_simulated_300K,3.0,1.3,Id_over_Id_at_Vd0p7,1.48652,-,run_0041
2 nm,300.0,as_simulated_300K,3.0,1.4,Id_over_Id_at_Vd0p7,1.5365,-,run_0041
2 nm,300.0,as_simulated_300K,3.0,1.5,Id_over_Id_at_Vd0p7,1.57833,-,run_0041
2 nm,300.0,as_simulated_300K,3.0,1.6,Id_over_Id_at_Vd0p7,1.61247,-,run_0041
2 nm,300.0,as_simulated_300K,3.0,1.7,Id_over_Id_at_Vd0p7,1.6395,-,run_0041
2 nm,300.0,as_simulated_300K,3.0,1.8,Id_over_Id_at_Vd0p7,1.66017,-,run_0041
2 nm,300.0,as_simulated_300K,3.0,1.9,Id_over_Id_at_Vd0p7,1.67538,-,run_0041
2 nm,300.0,as_simulated_300K,3.0,2.0,Id_over_Id_at_Vd0p7,1.68611,-,run_0041
2 nm,300.0,as_simulated_300K,3.0,2.1,Id_over_Id_at_Vd0p7,1.69338,-,run_0041
2 nm,300.0,as_simulated_300K,3.0,2.2,Id_over_Id_at_Vd0p7,1.69815,-,run_0041
2 nm,300.0,as_simulated_300K,3.0,2.3,Id_over_Id_at_Vd0p7,1.70118,-,run_0041
2 nm,300.0,as_simulated_300K,3.0,2.4,Id_over_Id_at_Vd0p7,1.70309,-,run_0041
2 nm,300.0,as_simulated_300K,3.0,2.5,Id_over_Id_at_Vd0p7,1.7043,-,run_0041
2 nm,300.0,as_simulated_300K,3.0,2.6,Id_over_Id_at_Vd0p7,1.7051,-,run_0041
2 nm,300.0,as_simulated_300K,3.0,2.7,Id_over_Id_at_Vd0p7,1.70566,-,run_0041
2 nm,300.0,as_simulated_300K,3.0,2.8,Id_over_Id_at_Vd0p7,1.7061,-,run_0041
2 nm,300.0,as_simulated_300K,3.0,2.9,Id_over_Id_at_Vd0p7,1.70644,-,run_0041
2 nm,300.0,as_simulated_300K,3.0,3.0,Id_over_Id_at_Vd0p7,1.70674,-,run_0041
6.3 nm,300.0,as_simulated_300K,1.0,0.05,Id_over_Id_at_Vd0p7,0.229697,-,run_0042
6.3 nm,300.0,as_simulated_300K,1.0,0.1,Id_over_Id_at_Vd0p7,0.416338,-,run_0042
6.3 nm,300.0,as_simulated_300K,1.0,0.15,Id_over_Id_at_Vd0p7,0.565484,-,run_0042
6.3 nm,300.0,as_simulated_300K,1.0,0.2,Id_over_Id_at_Vd0p7,0.682675,-,run_0042
6.3 nm,300.0,as_simulated_300K,1.0,0.25,Id_over_Id_at_Vd0p7,0.773212,-,run_0042
6.3 nm,300.0,as_simulated_300K,1.0,0.3,Id_over_Id_at_Vd0p7,0.841952,-,run_0042
6.3 nm,300.0,as_simulated_300K,1.0,0.35,Id_over_Id_at_Vd0p7,0.89317,-,run_0042
6.3 nm,300.0,as_simulated_300K,1.0,0.4,Id_over_Id_at_Vd0p7,0.930504,-,run_0042
6.3 nm,300.0,as_simulated_300K,1.0,0.45,Id_over_Id_at_Vd0p7,0.95698,-,run_0042
6.3 nm,300.0,as_simulated_300K,1.0,0.5,Id_over_Id_at_Vd0p7,0.975089,-,run_0042
6.3 nm,300.0,as_simulated_300K,1.0,0.6,Id_over_Id_at_Vd0p7,0.994048,-,run_0042
6.3 nm,300.0,as_simulated_300K,1.0,0.7,Id_over_Id_at_Vd0p7,1,-,run_0042
6.3 nm,300.0,as_simulated_300K,1.0,0.8,Id_over_Id_at_Vd0p7,1.00135,-,run_0042
6.3 nm,300.0,as_simulated_300K,1.0,0.9,Id_over_Id_at_Vd0p7,1.00181,-,run_0042
6.3 nm,300.0,as_simulated_300K,1.0,1.0,Id_over_Id_at_Vd0p7,1.0021,-,run_0042
6.3 nm,300.0,as_simulated_300K,1.0,1.1,Id_over_Id_at_Vd0p7,1.00234,-,run_0042
6.3 nm,300.0,as_simulated_300K,1.0,1.2,Id_over_Id_at_Vd0p7,1.00254,-,run_0042
6.3 nm,300.0,as_simulated_300K,1.0,1.3,Id_over_Id_at_Vd0p7,1.00271,-,run_0042
6.3 nm,300.0,as_simulated_300K,1.0,1.4,Id_over_Id_at_Vd0p7,1.00287,-,run_0042
6.3 nm,300.0,as_simulated_300K,1.0,1.5,Id_over_Id_at_Vd0p7,1.00301,-,run_0042
6.3 nm,300.0,as_simulated_300K,1.0,1.6,Id_over_Id_at_Vd0p7,1.00314,-,run_0042
6.3 nm,300.0,as_simulated_300K,1.0,1.7,Id_over_Id_at_Vd0p7,1.00326,-,run_0042
6.3 nm,300.0,as_simulated_300K,1.0,1.8,Id_over_Id_at_Vd0p7,1.00337,-,run_0042
6.3 nm,300.0,as_simulated_300K,1.0,1.9,Id_over_Id_at_Vd0p7,1.00347,-,run_0042
6.3 nm,300.0,as_simulated_300K,1.0,2.0,Id_over_Id_at_Vd0p7,1.00357,-,run_0042
6.3 nm,300.0,as_simulated_300K,1.0,2.1,Id_over_Id_at_Vd0p7,1.00367,-,run_0042
6.3 nm,300.0,as_simulated_300K,1.0,2.2,Id_over_Id_at_Vd0p7,1.00376,-,run_0042
6.3 nm,300.0,as_simulated_300K,1.0,2.3,Id_over_Id_at_Vd0p7,1.00384,-,run_0042
6.3 nm,300.0,as_simulated_300K,1.0,2.4,Id_over_Id_at_Vd0p7,1.00392,-,run_0042
6.3 nm,300.0,as_simulated_300K,1.0,2.5,Id_over_Id_at_Vd0p7,1.004,-,run_0042
6.3 nm,300.0,as_simulated_300K,1.0,2.6,Id_over_Id_at_Vd0p7,1.00408,-,run_0042
6.3 nm,300.0,as_simulated_300K,1.0,2.7,Id_over_Id_at_Vd0p7,1.00415,-,run_0042
6.3 nm,300.0,as_simulated_300K,1.0,2.8,Id_over_Id_at_Vd0p7,1.00422,-,run_0042
6.3 nm,300.0,as_simulated_300K,1.0,2.9,Id_over_Id_at_Vd0p7,1.00429,-,run_0042
6.3 nm,300.0,as_simulated_300K,1.0,3.0,Id_over_Id_at_Vd0p7,1.00435,-,run_0042
6.3 nm,300.0,as_simulated_300K,1.5,0.05,Id_over_Id_at_Vd0p7,0.140718,-,run_0042
6.3 nm,300.0,as_simulated_300K,1.5,0.1,Id_over_Id_at_Vd0p7,0.268815,-,run_0042
6.3 nm,300.0,as_simulated_300K,1.5,0.15,Id_over_Id_at_Vd0p7,0.384651,-,run_0042
6.3 nm,300.0,as_simulated_300K,1.5,0.2,Id_over_Id_at_Vd0p7,0.488622,-,run_0042
6.3 nm,300.0,as_simulated_300K,1.5,0.25,Id_over_Id_at_Vd0p7,0.58117,-,run_0042
6.3 nm,300.0,as_simulated_300K,1.5,0.3,Id_over_Id_at_Vd0p7,0.662785,-,run_0042
6.3 nm,300.0,as_simulated_300K,1.5,0.35,Id_over_Id_at_Vd0p7,0.73401,-,run_0042
6.3 nm,300.0,as_simulated_300K,1.5,0.4,Id_over_Id_at_Vd0p7,0.79545,-,run_0042
6.3 nm,300.0,as_simulated_300K,1.5,0.45,Id_over_Id_at_Vd0p7,0.847773,-,run_0042
6.3 nm,300.0,as_simulated_300K,1.5,0.5,Id_over_Id_at_Vd0p7,0.891708,-,run_0042
6.3 nm,300.0,as_simulated_300K,1.5,0.6,Id_over_Id_at_Vd0p7,0.95763,-,run_0042
6.3 nm,300.0,as_simulated_300K,1.5,0.7,Id_over_Id_at_Vd0p7,1,-,run_0042
6.3 nm,300.0,as_simulated_300K,1.5,0.8,Id_over_Id_at_Vd0p7,1.02552,-,run_0042
6.3 nm,300.0,as_simulated_300K,1.5,0.9,Id_over_Id_at_Vd0p7,1.03989,-,run_0042
6.3 nm,300.0,as_simulated_300K,1.5,1.0,Id_over_Id_at_Vd0p7,1.04729,-,run_0042
6.3 nm,300.0,as_simulated_300K,1.5,1.1,Id_over_Id_at_Vd0p7,1.05064,-,run_0042
6.3 nm,300.0,as_simulated_300K,1.5,1.2,Id_over_Id_at_Vd0p7,1.05198,-,run_0042
6.3 nm,300.0,as_simulated_300K,1.5,1.3,Id_over_Id_at_Vd0p7,1.05256,-,run_0042
6.3 nm,300.0,as_simulated_300K,1.5,1.4,Id_over_Id_at_Vd0p7,1.05292,-,run_0042
6.3 nm,300.0,as_simulated_300K,1.5,1.5,Id_over_Id_at_Vd0p7,1.05319,-,run_0042
6.3 nm,300.0,as_simulated_300K,1.5,1.6,Id_over_Id_at_Vd0p7,1.05341,-,run_0042
6.3 nm,300.0,as_simulated_300K,1.5,1.7,Id_over_Id_at_Vd0p7,1.0536,-,run_0042
6.3 nm,300.0,as_simulated_300K,1.5,1.8,Id_over_Id_at_Vd0p7,1.05377,-,run_0042
6.3 nm,300.0,as_simulated_300K,1.5,1.9,Id_over_Id_at_Vd0p7,1.05391,-,run_0042
6.3 nm,300.0,as_simulated_300K,1.5,2.0,Id_over_Id_at_Vd0p7,1.05405,-,run_0042
6.3 nm,300.0,as_simulated_300K,1.5,2.1,Id_over_Id_at_Vd0p7,1.05417,-,run_0042
6.3 nm,300.0,as_simulated_300K,1.5,2.2,Id_over_Id_at_Vd0p7,1.05429,-,run_0042
6.3 nm,300.0,as_simulated_300K,1.5,2.3,Id_over_Id_at_Vd0p7,1.05439,-,run_0042
6.3 nm,300.0,as_simulated_300K,1.5,2.4,Id_over_Id_at_Vd0p7,1.05449,-,run_0042
6.3 nm,300.0,as_simulated_300K,1.5,2.5,Id_over_Id_at_Vd0p7,1.05459,-,run_0042
6.3 nm,300.0,as_simulated_300K,1.5,2.6,Id_over_Id_at_Vd0p7,1.05468,-,run_0042
6.3 nm,300.0,as_simulated_300K,1.5,2.7,Id_over_Id_at_Vd0p7,1.05476,-,run_0042
6.3 nm,300.0,as_simulated_300K,1.5,2.8,Id_over_Id_at_Vd0p7,1.05485,-,run_0042
6.3 nm,300.0,as_simulated_300K,1.5,2.9,Id_over_Id_at_Vd0p7,1.05492,-,run_0042
6.3 nm,300.0,as_simulated_300K,1.5,3.0,Id_over_Id_at_Vd0p7,1.055,-,run_0042
6.3 nm,300.0,as_simulated_300K,2.0,0.05,Id_over_Id_at_Vd0p7,0.10585,-,run_0042
6.3 nm,300.0,as_simulated_300K,2.0,0.1,Id_over_Id_at_Vd0p7,0.206113,-,run_0042
6.3 nm,300.0,as_simulated_300K,2.0,0.15,Id_over_Id_at_Vd0p7,0.300846,-,run_0042
6.3 nm,300.0,as_simulated_300K,2.0,0.2,Id_over_Id_at_Vd0p7,0.390111,-,run_0042
6.3 nm,300.0,as_simulated_300K,2.0,0.25,Id_over_Id_at_Vd0p7,0.473976,-,run_0042
6.3 nm,300.0,as_simulated_300K,2.0,0.3,Id_over_Id_at_Vd0p7,0.552513,-,run_0042
6.3 nm,300.0,as_simulated_300K,2.0,0.35,Id_over_Id_at_Vd0p7,0.6258,-,run_0042
6.3 nm,300.0,as_simulated_300K,2.0,0.4,Id_over_Id_at_Vd0p7,0.693919,-,run_0042
6.3 nm,300.0,as_simulated_300K,2.0,0.45,Id_over_Id_at_Vd0p7,0.756972,-,run_0042
6.3 nm,300.0,as_simulated_300K,2.0,0.5,Id_over_Id_at_Vd0p7,0.815043,-,run_0042
6.3 nm,300.0,as_simulated_300K,2.0,0.6,Id_over_Id_at_Vd0p7,0.916731,-,run_0042
6.3 nm,300.0,as_simulated_300K,2.0,0.7,Id_over_Id_at_Vd0p7,1,-,run_0042
6.3 nm,300.0,as_simulated_300K,2.0,0.8,Id_over_Id_at_Vd0p7,1.0661,-,run_0042
6.3 nm,300.0,as_simulated_300K,2.0,0.9,Id_over_Id_at_Vd0p7,1.11657,-,run_0042
6.3 nm,300.0,as_simulated_300K,2.0,1.0,Id_over_Id_at_Vd0p7,1.15333,-,run_0042
6.3 nm,300.0,as_simulated_300K,2.0,1.1,Id_over_Id_at_Vd0p7,1.17862,-,run_0042
6.3 nm,300.0,as_simulated_300K,2.0,1.2,Id_over_Id_at_Vd0p7,1.195,-,run_0042
6.3 nm,300.0,as_simulated_300K,2.0,1.3,Id_over_Id_at_Vd0p7,1.20498,-,run_0042
6.3 nm,300.0,as_simulated_300K,2.0,1.4,Id_over_Id_at_Vd0p7,1.2107,-,run_0042
6.3 nm,300.0,as_simulated_300K,2.0,1.5,Id_over_Id_at_Vd0p7,1.21377,-,run_0042
6.3 nm,300.0,as_simulated_300K,2.0,1.6,Id_over_Id_at_Vd0p7,1.21532,-,run_0042
6.3 nm,300.0,as_simulated_300K,2.0,1.7,Id_over_Id_at_Vd0p7,1.21613,-,run_0042
6.3 nm,300.0,as_simulated_300K,2.0,1.8,Id_over_Id_at_Vd0p7,1.21662,-,run_0042
6.3 nm,300.0,as_simulated_300K,2.0,1.9,Id_over_Id_at_Vd0p7,1.21697,-,run_0042
6.3 nm,300.0,as_simulated_300K,2.0,2.0,Id_over_Id_at_Vd0p7,1.21726,-,run_0042
6.3 nm,300.0,as_simulated_300K,2.0,2.1,Id_over_Id_at_Vd0p7,1.21749,-,run_0042
6.3 nm,300.0,as_simulated_300K,2.0,2.2,Id_over_Id_at_Vd0p7,1.21769,-,run_0042
6.3 nm,300.0,as_simulated_300K,2.0,2.3,Id_over_Id_at_Vd0p7,1.21787,-,run_0042
6.3 nm,300.0,as_simulated_300K,2.0,2.4,Id_over_Id_at_Vd0p7,1.21802,-,run_0042
6.3 nm,300.0,as_simulated_300K,2.0,2.5,Id_over_Id_at_Vd0p7,1.21817,-,run_0042
6.3 nm,300.0,as_simulated_300K,2.0,2.6,Id_over_Id_at_Vd0p7,1.21831,-,run_0042
6.3 nm,300.0,as_simulated_300K,2.0,2.7,Id_over_Id_at_Vd0p7,1.21843,-,run_0042
6.3 nm,300.0,as_simulated_300K,2.0,2.8,Id_over_Id_at_Vd0p7,1.21854,-,run_0042
6.3 nm,300.0,as_simulated_300K,2.0,2.9,Id_over_Id_at_Vd0p7,1.21865,-,run_0042
6.3 nm,300.0,as_simulated_300K,2.0,3.0,Id_over_Id_at_Vd0p7,1.21876,-,run_0042
6.3 nm,300.0,as_simulated_300K,2.5,0.05,Id_over_Id_at_Vd0p7,0.09286,-,run_0042
6.3 nm,300.0,as_simulated_300K,2.5,0.1,Id_over_Id_at_Vd0p7,0.182337,-,run_0042
6.3 nm,300.0,as_simulated_300K,2.5,0.15,Id_over_Id_at_Vd0p7,0.268451,-,run_0042
6.3 nm,300.0,as_simulated_300K,2.5,0.2,Id_over_Id_at_Vd0p7,0.35122,-,run_0042
6.3 nm,300.0,as_simulated_300K,2.5,0.25,Id_over_Id_at_Vd0p7,0.430665,-,run_0042
6.3 nm,300.0,as_simulated_300K,2.5,0.3,Id_over_Id_at_Vd0p7,0.506805,-,run_0042
6.3 nm,300.0,as_simulated_300K,2.5,0.35,Id_over_Id_at_Vd0p7,0.579667,-,run_0042
6.3 nm,300.0,as_simulated_300K,2.5,0.4,Id_over_Id_at_Vd0p7,0.649267,-,run_0042
6.3 nm,300.0,as_simulated_300K,2.5,0.45,Id_over_Id_at_Vd0p7,0.715637,-,run_0042
6.3 nm,300.0,as_simulated_300K,2.5,0.5,Id_over_Id_at_Vd0p7,0.778804,-,run_0042
6.3 nm,300.0,as_simulated_300K,2.5,0.6,Id_over_Id_at_Vd0p7,0.89563,-,run_0042
6.3 nm,300.0,as_simulated_300K,2.5,0.7,Id_over_Id_at_Vd0p7,1,-,run_0042
6.3 nm,300.0,as_simulated_300K,2.5,0.8,Id_over_Id_at_Vd0p7,1.0922,-,run_0042
6.3 nm,300.0,as_simulated_300K,2.5,0.9,Id_over_Id_at_Vd0p7,1.17256,-,run_0042
6.3 nm,300.0,as_simulated_300K,2.5,1.0,Id_over_Id_at_Vd0p7,1.24147,-,run_0042
6.3 nm,300.0,as_simulated_300K,2.5,1.1,Id_over_Id_at_Vd0p7,1.29941,-,run_0042
6.3 nm,300.0,as_simulated_300K,2.5,1.2,Id_over_Id_at_Vd0p7,1.34694,-,run_0042
6.3 nm,300.0,as_simulated_300K,2.5,1.3,Id_over_Id_at_Vd0p7,1.38476,-,run_0042
6.3 nm,300.0,as_simulated_300K,2.5,1.4,Id_over_Id_at_Vd0p7,1.41372,-,run_0042
6.3 nm,300.0,as_simulated_300K,2.5,1.5,Id_over_Id_at_Vd0p7,1.43491,-,run_0042
6.3 nm,300.0,as_simulated_300K,2.5,1.6,Id_over_Id_at_Vd0p7,1.44958,-,run_0042
6.3 nm,300.0,as_simulated_300K,2.5,1.7,Id_over_Id_at_Vd0p7,1.45916,-,run_0042
6.3 nm,300.0,as_simulated_300K,2.5,1.8,Id_over_Id_at_Vd0p7,1.46507,-,run_0042
6.3 nm,300.0,as_simulated_300K,2.5,1.9,Id_over_Id_at_Vd0p7,1.46855,-,run_0042
6.3 nm,300.0,as_simulated_300K,2.5,2.0,Id_over_Id_at_Vd0p7,1.47053,-,run_0042
6.3 nm,300.0,as_simulated_300K,2.5,2.1,Id_over_Id_at_Vd0p7,1.47167,-,run_0042
6.3 nm,300.0,as_simulated_300K,2.5,2.2,Id_over_Id_at_Vd0p7,1.47237,-,run_0042
6.3 nm,300.0,as_simulated_300K,2.5,2.3,Id_over_Id_at_Vd0p7,1.47287,-,run_0042
6.3 nm,300.0,as_simulated_300K,2.5,2.4,Id_over_Id_at_Vd0p7,1.47325,-,run_0042
6.3 nm,300.0,as_simulated_300K,2.5,2.5,Id_over_Id_at_Vd0p7,1.47355,-,run_0042
6.3 nm,300.0,as_simulated_300K,2.5,2.6,Id_over_Id_at_Vd0p7,1.47381,-,run_0042
6.3 nm,300.0,as_simulated_300K,2.5,2.7,Id_over_Id_at_Vd0p7,1.47404,-,run_0042
6.3 nm,300.0,as_simulated_300K,2.5,2.8,Id_over_Id_at_Vd0p7,1.47424,-,run_0042
6.3 nm,300.0,as_simulated_300K,2.5,2.9,Id_over_Id_at_Vd0p7,1.47443,-,run_0042
6.3 nm,300.0,as_simulated_300K,2.5,3.0,Id_over_Id_at_Vd0p7,1.4746,-,run_0042
6.3 nm,300.0,as_simulated_300K,3.0,0.05,Id_over_Id_at_Vd0p7,0.0867079,-,run_0042
6.3 nm,300.0,as_simulated_300K,3.0,0.1,Id_over_Id_at_Vd0p7,0.171029,-,run_0042
6.3 nm,300.0,as_simulated_300K,3.0,0.15,Id_over_Id_at_Vd0p7,0.252971,-,run_0042
6.3 nm,300.0,as_simulated_300K,3.0,0.2,Id_over_Id_at_Vd0p7,0.332543,-,run_0042
6.3 nm,300.0,as_simulated_300K,3.0,0.25,Id_over_Id_at_Vd0p7,0.409754,-,run_0042
6.3 nm,300.0,as_simulated_300K,3.0,0.3,Id_over_Id_at_Vd0p7,0.484611,-,run_0042
6.3 nm,300.0,as_simulated_300K,3.0,0.35,Id_over_Id_at_Vd0p7,0.557126,-,run_0042
6.3 nm,300.0,as_simulated_300K,3.0,0.4,Id_over_Id_at_Vd0p7,0.627309,-,run_0042
6.3 nm,300.0,as_simulated_300K,3.0,0.45,Id_over_Id_at_Vd0p7,0.695166,-,run_0042
6.3 nm,300.0,as_simulated_300K,3.0,0.5,Id_over_Id_at_Vd0p7,0.760713,-,run_0042
6.3 nm,300.0,as_simulated_300K,3.0,0.6,Id_over_Id_at_Vd0p7,0.884912,-,run_0042
6.3 nm,300.0,as_simulated_300K,3.0,0.7,Id_over_Id_at_Vd0p7,1,-,run_0042
6.3 nm,300.0,as_simulated_300K,3.0,0.8,Id_over_Id_at_Vd0p7,1.10608,-,run_0042
6.3 nm,300.0,as_simulated_300K,3.0,0.9,Id_over_Id_at_Vd0p7,1.20327,-,run_0042
6.3 nm,300.0,as_simulated_300K,3.0,1.0,Id_over_Id_at_Vd0p7,1.2917,-,run_0042
6.3 nm,300.0,as_simulated_300K,3.0,1.1,Id_over_Id_at_Vd0p7,1.37151,-,run_0042
6.3 nm,300.0,as_simulated_300K,3.0,1.2,Id_over_Id_at_Vd0p7,1.44287,-,run_0042
6.3 nm,300.0,as_simulated_300K,3.0,1.3,Id_over_Id_at_Vd0p7,1.50596,-,run_0042
6.3 nm,300.0,as_simulated_300K,3.0,1.4,Id_over_Id_at_Vd0p7,1.56101,-,run_0042
6.3 nm,300.0,as_simulated_300K,3.0,1.5,Id_over_Id_at_Vd0p7,1.60829,-,run_0042
6.3 nm,300.0,as_simulated_300K,3.0,1.6,Id_over_Id_at_Vd0p7,1.6481,-,run_0042
6.3 nm,300.0,as_simulated_300K,3.0,1.7,Id_over_Id_at_Vd0p7,1.68082,-,run_0042
6.3 nm,300.0,as_simulated_300K,3.0,1.8,Id_over_Id_at_Vd0p7,1.70693,-,run_0042
6.3 nm,300.0,as_simulated_300K,3.0,1.9,Id_over_Id_at_Vd0p7,1.727,-,run_0042
6.3 nm,300.0,as_simulated_300K,3.0,2.0,Id_over_Id_at_Vd0p7,1.74174,-,run_0042
6.3 nm,300.0,as_simulated_300K,3.0,2.1,Id_over_Id_at_Vd0p7,1.75202,-,run_0042
6.3 nm,300.0,as_simulated_300K,3.0,2.2,Id_over_Id_at_Vd0p7,1.75879,-,run_0042
6.3 nm,300.0,as_simulated_300K,3.0,2.3,Id_over_Id_at_Vd0p7,1.76304,-,run_0042
6.3 nm,300.0,as_simulated_300K,3.0,2.4,Id_over_Id_at_Vd0p7,1.76563,-,run_0042
6.3 nm,300.0,as_simulated_300K,3.0,2.5,Id_over_Id_at_Vd0p7,1.76721,-,run_0042
6.3 nm,300.0,as_simulated_300K,3.0,2.6,Id_over_Id_at_Vd0p7,1.76821,-,run_0042
6.3 nm,300.0,as_simulated_300K,3.0,2.7,Id_over_Id_at_Vd0p7,1.7689,-,run_0042
6.3 nm,300.0,as_simulated_300K,3.0,2.8,Id_over_Id_at_Vd0p7,1.76942,-,run_0042
6.3 nm,300.0,as_simulated_300K,3.0,2.9,Id_over_Id_at_Vd0p7,1.76983,-,run_0042
6.3 nm,300.0,as_simulated_300K,3.0,3.0,Id_over_Id_at_Vd0p7,1.77017,-,run_0042
13.2 nm,300.0,as_simulated_300K,1.0,0.05,Id_over_Id_at_Vd0p7,0.148022,-,run_0043
13.2 nm,300.0,as_simulated_300K,1.0,0.1,Id_over_Id_at_Vd0p7,0.282079,-,run_0043
13.2 nm,300.0,as_simulated_300K,1.0,0.15,Id_over_Id_at_Vd0p7,0.402531,-,run_0043
13.2 nm,300.0,as_simulated_300K,1.0,0.2,Id_over_Id_at_Vd0p7,0.509785,-,run_0043
13.2 nm,300.0,as_simulated_300K,1.0,0.25,Id_over_Id_at_Vd0p7,0.604311,-,run_0043
13.2 nm,300.0,as_simulated_300K,1.0,0.3,Id_over_Id_at_Vd0p7,0.686639,-,run_0043
13.2 nm,300.0,as_simulated_300K,1.0,0.35,Id_over_Id_at_Vd0p7,0.757384,-,run_0043
13.2 nm,300.0,as_simulated_300K,1.0,0.4,Id_over_Id_at_Vd0p7,0.817259,-,run_0043
13.2 nm,300.0,as_simulated_300K,1.0,0.45,Id_over_Id_at_Vd0p7,0.867063,-,run_0043
13.2 nm,300.0,as_simulated_300K,1.0,0.5,Id_over_Id_at_Vd0p7,0.907714,-,run_0043
13.2 nm,300.0,as_simulated_300K,1.0,0.6,Id_over_Id_at_Vd0p7,0.965714,-,run_0043
13.2 nm,300.0,as_simulated_300K,1.0,0.7,Id_over_Id_at_Vd0p7,1,-,run_0043
13.2 nm,300.0,as_simulated_300K,1.0,0.8,Id_over_Id_at_Vd0p7,1.01879,-,run_0043
13.2 nm,300.0,as_simulated_300K,1.0,0.9,Id_over_Id_at_Vd0p7,1.02834,-,run_0043
13.2 nm,300.0,as_simulated_300K,1.0,1.0,Id_over_Id_at_Vd0p7,1.03274,-,run_0043
13.2 nm,300.0,as_simulated_300K,1.0,1.1,Id_over_Id_at_Vd0p7,1.03458,-,run_0043
13.2 nm,300.0,as_simulated_300K,1.0,1.2,Id_over_Id_at_Vd0p7,1.03538,-,run_0043
13.2 nm,300.0,as_simulated_300K,1.0,1.3,Id_over_Id_at_Vd0p7,1.03585,-,run_0043
13.2 nm,300.0,as_simulated_300K,1.0,1.4,Id_over_Id_at_Vd0p7,1.03618,-,run_0043
13.2 nm,300.0,as_simulated_300K,1.0,1.5,Id_over_Id_at_Vd0p7,1.03645,-,run_0043
13.2 nm,300.0,as_simulated_300K,1.0,1.6,Id_over_Id_at_Vd0p7,1.03668,-,run_0043
13.2 nm,300.0,as_simulated_300K,1.0,1.7,Id_over_Id_at_Vd0p7,1.03688,-,run_0043
13.2 nm,300.0,as_simulated_300K,1.0,1.8,Id_over_Id_at_Vd0p7,1.03706,-,run_0043
13.2 nm,300.0,as_simulated_300K,1.0,1.9,Id_over_Id_at_Vd0p7,1.03722,-,run_0043
13.2 nm,300.0,as_simulated_300K,1.0,2.0,Id_over_Id_at_Vd0p7,1.03737,-,run_0043
13.2 nm,300.0,as_simulated_300K,1.0,2.1,Id_over_Id_at_Vd0p7,1.0375,-,run_0043
13.2 nm,300.0,as_simulated_300K,1.0,2.2,Id_over_Id_at_Vd0p7,1.03763,-,run_0043
13.2 nm,300.0,as_simulated_300K,1.0,2.3,Id_over_Id_at_Vd0p7,1.03775,-,run_0043
13.2 nm,300.0,as_simulated_300K,1.0,2.4,Id_over_Id_at_Vd0p7,1.03786,-,run_0043
13.2 nm,300.0,as_simulated_300K,1.0,2.5,Id_over_Id_at_Vd0p7,1.03796,-,run_0043
13.2 nm,300.0,as_simulated_300K,1.0,2.6,Id_over_Id_at_Vd0p7,1.03806,-,run_0043
13.2 nm,300.0,as_simulated_300K,1.0,2.7,Id_over_Id_at_Vd0p7,1.03815,-,run_0043
13.2 nm,300.0,as_simulated_300K,1.0,2.8,Id_over_Id_at_Vd0p7,1.03824,-,run_0043
13.2 nm,300.0,as_simulated_300K,1.0,2.9,Id_over_Id_at_Vd0p7,1.03833,-,run_0043
13.2 nm,300.0,as_simulated_300K,1.0,3.0,Id_over_Id_at_Vd0p7,1.03841,-,run_0043
13.2 nm,300.0,as_simulated_300K,1.5,0.05,Id_over_Id_at_Vd0p7,0.10668,-,run_0043
13.2 nm,300.0,as_simulated_300K,1.5,0.1,Id_over_Id_at_Vd0p7,0.207689,-,run_0043
13.2 nm,300.0,as_simulated_300K,1.5,0.15,Id_over_Id_at_Vd0p7,0.303075,-,run_0043
13.2 nm,300.0,as_simulated_300K,1.5,0.2,Id_over_Id_at_Vd0p7,0.392889,-,run_0043
13.2 nm,300.0,as_simulated_300K,1.5,0.25,Id_over_Id_at_Vd0p7,0.477186,-,run_0043
13.2 nm,300.0,as_simulated_300K,1.5,0.3,Id_over_Id_at_Vd0p7,0.556028,-,run_0043
13.2 nm,300.0,as_simulated_300K,1.5,0.35,Id_over_Id_at_Vd0p7,0.629481,-,run_0043
13.2 nm,300.0,as_simulated_300K,1.5,0.4,Id_over_Id_at_Vd0p7,0.697618,-,run_0043
13.2 nm,300.0,as_simulated_300K,1.5,0.45,Id_over_Id_at_Vd0p7,0.760519,-,run_0043
13.2 nm,300.0,as_simulated_300K,1.5,0.5,Id_over_Id_at_Vd0p7,0.818274,-,run_0043
13.2 nm,300.0,as_simulated_300K,1.5,0.6,Id_over_Id_at_Vd0p7,0.918749,-,run_0043
13.2 nm,300.0,as_simulated_300K,1.5,0.7,Id_over_Id_at_Vd0p7,1,-,run_0043
13.2 nm,300.0,as_simulated_300K,1.5,0.8,Id_over_Id_at_Vd0p7,1.06325,-,run_0043
13.2 nm,300.0,as_simulated_300K,1.5,0.9,Id_over_Id_at_Vd0p7,1.11013,-,run_0043
13.2 nm,300.0,as_simulated_300K,1.5,1.0,Id_over_Id_at_Vd0p7,1.14275,-,run_0043
13.2 nm,300.0,as_simulated_300K,1.5,1.1,Id_over_Id_at_Vd0p7,1.16383,-,run_0043
13.2 nm,300.0,as_simulated_300K,1.5,1.2,Id_over_Id_at_Vd0p7,1.17644,-,run_0043
13.2 nm,300.0,as_simulated_300K,1.5,1.3,Id_over_Id_at_Vd0p7,1.18348,-,run_0043
13.2 nm,300.0,as_simulated_300K,1.5,1.4,Id_over_Id_at_Vd0p7,1.18721,-,run_0043
13.2 nm,300.0,as_simulated_300K,1.5,1.5,Id_over_Id_at_Vd0p7,1.18911,-,run_0043
13.2 nm,300.0,as_simulated_300K,1.5,1.6,Id_over_Id_at_Vd0p7,1.19012,-,run_0043
13.2 nm,300.0,as_simulated_300K,1.5,1.7,Id_over_Id_at_Vd0p7,1.19071,-,run_0043
13.2 nm,300.0,as_simulated_300K,1.5,1.8,Id_over_Id_at_Vd0p7,1.19114,-,run_0043
13.2 nm,300.0,as_simulated_300K,1.5,1.9,Id_over_Id_at_Vd0p7,1.19148,-,run_0043
13.2 nm,300.0,as_simulated_300K,1.5,2.0,Id_over_Id_at_Vd0p7,1.19177,-,run_0043
13.2 nm,300.0,as_simulated_300K,1.5,2.1,Id_over_Id_at_Vd0p7,1.192,-,run_0043
13.2 nm,300.0,as_simulated_300K,1.5,2.2,Id_over_Id_at_Vd0p7,1.19222,-,run_0043
13.2 nm,300.0,as_simulated_300K,1.5,2.3,Id_over_Id_at_Vd0p7,1.1924,-,run_0043
13.2 nm,300.0,as_simulated_300K,1.5,2.4,Id_over_Id_at_Vd0p7,1.19257,-,run_0043
13.2 nm,300.0,as_simulated_300K,1.5,2.5,Id_over_Id_at_Vd0p7,1.19273,-,run_0043
13.2 nm,300.0,as_simulated_300K,1.5,2.6,Id_over_Id_at_Vd0p7,1.19287,-,run_0043
13.2 nm,300.0,as_simulated_300K,1.5,2.7,Id_over_Id_at_Vd0p7,1.19301,-,run_0043
13.2 nm,300.0,as_simulated_300K,1.5,2.8,Id_over_Id_at_Vd0p7,1.19313,-,run_0043
13.2 nm,300.0,as_simulated_300K,1.5,2.9,Id_over_Id_at_Vd0p7,1.19326,-,run_0043
13.2 nm,300.0,as_simulated_300K,1.5,3.0,Id_over_Id_at_Vd0p7,1.19337,-,run_0043
13.2 nm,300.0,as_simulated_300K,2.0,0.05,Id_over_Id_at_Vd0p7,0.092799,-,run_0043
13.2 nm,300.0,as_simulated_300K,2.0,0.1,Id_over_Id_at_Vd0p7,0.182243,-,run_0043
13.2 nm,300.0,as_simulated_300K,2.0,0.15,Id_over_Id_at_Vd0p7,0.268347,-,run_0043
13.2 nm,300.0,as_simulated_300K,2.0,0.2,Id_over_Id_at_Vd0p7,0.351125,-,run_0043
13.2 nm,300.0,as_simulated_300K,2.0,0.25,Id_over_Id_at_Vd0p7,0.430593,-,run_0043
13.2 nm,300.0,as_simulated_300K,2.0,0.3,Id_over_Id_at_Vd0p7,0.506768,-,run_0043
13.2 nm,300.0,as_simulated_300K,2.0,0.35,Id_over_Id_at_Vd0p7,0.579668,-,run_0043
13.2 nm,300.0,as_simulated_300K,2.0,0.4,Id_over_Id_at_Vd0p7,0.649309,-,run_0043
13.2 nm,300.0,as_simulated_300K,2.0,0.45,Id_over_Id_at_Vd0p7,0.715716,-,run_0043
13.2 nm,300.0,as_simulated_300K,2.0,0.5,Id_over_Id_at_Vd0p7,0.778913,-,run_0043
13.2 nm,300.0,as_simulated_300K,2.0,0.6,Id_over_Id_at_Vd0p7,0.895738,-,run_0043
13.2 nm,300.0,as_simulated_300K,2.0,0.7,Id_over_Id_at_Vd0p7,1,-,run_0043
13.2 nm,300.0,as_simulated_300K,2.0,0.8,Id_over_Id_at_Vd0p7,1.09193,-,run_0043
13.2 nm,300.0,as_simulated_300K,2.0,0.9,Id_over_Id_at_Vd0p7,1.17181,-,run_0043
13.2 nm,300.0,as_simulated_300K,2.0,1.0,Id_over_Id_at_Vd0p7,1.23996,-,run_0043
13.2 nm,300.0,as_simulated_300K,2.0,1.1,Id_over_Id_at_Vd0p7,1.29682,-,run_0043
13.2 nm,300.0,as_simulated_300K,2.0,1.2,Id_over_Id_at_Vd0p7,1.3429,-,run_0043
13.2 nm,300.0,as_simulated_300K,2.0,1.3,Id_over_Id_at_Vd0p7,1.37889,-,run_0043
13.2 nm,300.0,as_simulated_300K,2.0,1.4,Id_over_Id_at_Vd0p7,1.40567,-,run_0043
13.2 nm,300.0,as_simulated_300K,2.0,1.5,Id_over_Id_at_Vd0p7,1.42443,-,run_0043
13.2 nm,300.0,as_simulated_300K,2.0,1.6,Id_over_Id_at_Vd0p7,1.43667,-,run_0043
13.2 nm,300.0,as_simulated_300K,2.0,1.7,Id_over_Id_at_Vd0p7,1.4441,-,run_0043
13.2 nm,300.0,as_simulated_300K,2.0,1.8,Id_over_Id_at_Vd0p7,1.44837,-,run_0043
13.2 nm,300.0,as_simulated_300K,2.0,1.9,Id_over_Id_at_Vd0p7,1.45076,-,run_0043
13.2 nm,300.0,as_simulated_300K,2.0,2.0,Id_over_Id_at_Vd0p7,1.45212,-,run_0043
13.2 nm,300.0,as_simulated_300K,2.0,2.1,Id_over_Id_at_Vd0p7,1.45297,-,run_0043
13.2 nm,300.0,as_simulated_300K,2.0,2.2,Id_over_Id_at_Vd0p7,1.45355,-,run_0043
13.2 nm,300.0,as_simulated_300K,2.0,2.3,Id_over_Id_at_Vd0p7,1.454,-,run_0043
13.2 nm,300.0,as_simulated_300K,2.0,2.4,Id_over_Id_at_Vd0p7,1.45437,-,run_0043
13.2 nm,300.0,as_simulated_300K,2.0,2.5,Id_over_Id_at_Vd0p7,1.45469,-,run_0043
13.2 nm,300.0,as_simulated_300K,2.0,2.6,Id_over_Id_at_Vd0p7,1.45495,-,run_0043
13.2 nm,300.0,as_simulated_300K,2.0,2.7,Id_over_Id_at_Vd0p7,1.45519,-,run_0043
13.2 nm,300.0,as_simulated_300K,2.0,2.8,Id_over_Id_at_Vd0p7,1.45542,-,run_0043
13.2 nm,300.0,as_simulated_300K,2.0,2.9,Id_over_Id_at_Vd0p7,1.45561,-,run_0043
13.2 nm,300.0,as_simulated_300K,2.0,3.0,Id_over_Id_at_Vd0p7,1.45579,-,run_0043
13.2 nm,300.0,as_simulated_300K,2.5,0.05,Id_over_Id_at_Vd0p7,0.0865284,-,run_0043
13.2 nm,300.0,as_simulated_300K,2.5,0.1,Id_over_Id_at_Vd0p7,0.170705,-,run_0043
13.2 nm,300.0,as_simulated_300K,2.5,0.15,Id_over_Id_at_Vd0p7,0.252537,-,run_0043
13.2 nm,300.0,as_simulated_300K,2.5,0.2,Id_over_Id_at_Vd0p7,0.33203,-,run_0043
13.2 nm,300.0,as_simulated_300K,2.5,0.25,Id_over_Id_at_Vd0p7,0.409192,-,run_0043
13.2 nm,300.0,as_simulated_300K,2.5,0.3,Id_over_Id_at_Vd0p7,0.48403,-,run_0043
13.2 nm,300.0,as_simulated_300K,2.5,0.35,Id_over_Id_at_Vd0p7,0.556549,-,run_0043
13.2 nm,300.0,as_simulated_300K,2.5,0.4,Id_over_Id_at_Vd0p7,0.626762,-,run_0043
13.2 nm,300.0,as_simulated_300K,2.5,0.45,Id_over_Id_at_Vd0p7,0.694669,-,run_0043
13.2 nm,300.0,as_simulated_300K,2.5,0.5,Id_over_Id_at_Vd0p7,0.760284,-,run_0043
13.2 nm,300.0,as_simulated_300K,2.5,0.6,Id_over_Id_at_Vd0p7,0.884675,-,run_0043
13.2 nm,300.0,as_simulated_300K,2.5,0.7,Id_over_Id_at_Vd0p7,1,-,run_0043
13.2 nm,300.0,as_simulated_300K,2.5,0.8,Id_over_Id_at_Vd0p7,1.10634,-,run_0043
13.2 nm,300.0,as_simulated_300K,2.5,0.9,Id_over_Id_at_Vd0p7,1.2038,-,run_0043
13.2 nm,300.0,as_simulated_300K,2.5,1.0,Id_over_Id_at_Vd0p7,1.29246,-,run_0043
13.2 nm,300.0,as_simulated_300K,2.5,1.1,Id_over_Id_at_Vd0p7,1.37245,-,run_0043
13.2 nm,300.0,as_simulated_300K,2.5,1.2,Id_over_Id_at_Vd0p7,1.4439,-,run_0043
13.2 nm,300.0,as_simulated_300K,2.5,1.3,Id_over_Id_at_Vd0p7,1.50697,-,run_0043
13.2 nm,300.0,as_simulated_300K,2.5,1.4,Id_over_Id_at_Vd0p7,1.56183,-,run_0043
13.2 nm,300.0,as_simulated_300K,2.5,1.5,Id_over_Id_at_Vd0p7,1.60873,-,run_0043
13.2 nm,300.0,as_simulated_300K,2.5,1.6,Id_over_Id_at_Vd0p7,1.64792,-,run_0043
13.2 nm,300.0,as_simulated_300K,2.5,1.7,Id_over_Id_at_Vd0p7,1.67977,-,run_0043
13.2 nm,300.0,as_simulated_300K,2.5,1.8,Id_over_Id_at_Vd0p7,1.70473,-,run_0043
13.2 nm,300.0,as_simulated_300K,2.5,1.9,Id_over_Id_at_Vd0p7,1.7234,-,run_0043
13.2 nm,300.0,as_simulated_300K,2.5,2.0,Id_over_Id_at_Vd0p7,1.73658,-,run_0043
13.2 nm,300.0,as_simulated_300K,2.5,2.1,Id_over_Id_at_Vd0p7,1.74527,-,run_0043
13.2 nm,300.0,as_simulated_300K,2.5,2.2,Id_over_Id_at_Vd0p7,1.75064,-,run_0043
13.2 nm,300.0,as_simulated_300K,2.5,2.3,Id_over_Id_at_Vd0p7,1.75384,-,run_0043
13.2 nm,300.0,as_simulated_300K,2.5,2.4,Id_over_Id_at_Vd0p7,1.75574,-,run_0043
13.2 nm,300.0,as_simulated_300K,2.5,2.5,Id_over_Id_at_Vd0p7,1.75693,-,run_0043
13.2 nm,300.0,as_simulated_300K,2.5,2.6,Id_over_Id_at_Vd0p7,1.75775,-,run_0043
13.2 nm,300.0,as_simulated_300K,2.5,2.7,Id_over_Id_at_Vd0p7,1.75836,-,run_0043
13.2 nm,300.0,as_simulated_300K,2.5,2.8,Id_over_Id_at_Vd0p7,1.75885,-,run_0043
13.2 nm,300.0,as_simulated_300K,2.5,2.9,Id_over_Id_at_Vd0p7,1.75926,-,run_0043
13.2 nm,300.0,as_simulated_300K,2.5,3.0,Id_over_Id_at_Vd0p7,1.75961,-,run_0043
13.2 nm,300.0,as_simulated_300K,3.0,0.05,Id_over_Id_at_Vd0p7,0.0830367,-,run_0043
13.2 nm,300.0,as_simulated_300K,3.0,0.1,Id_over_Id_at_Vd0p7,0.164272,-,run_0043
13.2 nm,300.0,as_simulated_300K,3.0,0.15,Id_over_Id_at_Vd0p7,0.24371,-,run_0043
13.2 nm,300.0,as_simulated_300K,3.0,0.2,Id_over_Id_at_Vd0p7,0.321354,-,run_0043
13.2 nm,300.0,as_simulated_300K,3.0,0.25,Id_over_Id_at_Vd0p7,0.397207,-,run_0043
13.2 nm,300.0,as_simulated_300K,3.0,0.3,Id_over_Id_at_Vd0p7,0.471275,-,run_0043
13.2 nm,300.0,as_simulated_300K,3.0,0.35,Id_over_Id_at_Vd0p7,0.543559,-,run_0043
13.2 nm,300.0,as_simulated_300K,3.0,0.4,Id_over_Id_at_Vd0p7,0.614067,-,run_0043
13.2 nm,300.0,as_simulated_300K,3.0,0.45,Id_over_Id_at_Vd0p7,0.682798,-,run_0043
13.2 nm,300.0,as_simulated_300K,3.0,0.5,Id_over_Id_at_Vd0p7,0.74976,-,run_0043
13.2 nm,300.0,as_simulated_300K,3.0,0.6,Id_over_Id_at_Vd0p7,0.878392,-,run_0043
13.2 nm,300.0,as_simulated_300K,3.0,0.7,Id_over_Id_at_Vd0p7,1,-,run_0043
13.2 nm,300.0,as_simulated_300K,3.0,0.8,Id_over_Id_at_Vd0p7,1.11462,-,run_0043
13.2 nm,300.0,as_simulated_300K,3.0,0.9,Id_over_Id_at_Vd0p7,1.2223,-,run_0043
13.2 nm,300.0,as_simulated_300K,3.0,1.0,Id_over_Id_at_Vd0p7,1.32307,-,run_0043
13.2 nm,300.0,as_simulated_300K,3.0,1.1,Id_over_Id_at_Vd0p7,1.417,-,run_0043
13.2 nm,300.0,as_simulated_300K,3.0,1.2,Id_over_Id_at_Vd0p7,1.50412,-,run_0043
13.2 nm,300.0,as_simulated_300K,3.0,1.3,Id_over_Id_at_Vd0p7,1.58451,-,run_0043
13.2 nm,300.0,as_simulated_300K,3.0,1.4,Id_over_Id_at_Vd0p7,1.65823,-,run_0043
13.2 nm,300.0,as_simulated_300K,3.0,1.5,Id_over_Id_at_Vd0p7,1.72535,-,run_0043
13.2 nm,300.0,as_simulated_300K,3.0,1.6,Id_over_Id_at_Vd0p7,1.78595,-,run_0043
13.2 nm,300.0,as_simulated_300K,3.0,1.7,Id_over_Id_at_Vd0p7,1.84013,-,run_0043
13.2 nm,300.0,as_simulated_300K,3.0,1.8,Id_over_Id_at_Vd0p7,1.88801,-,run_0043
13.2 nm,300.0,as_simulated_300K,3.0,1.9,Id_over_Id_at_Vd0p7,1.92972,-,run_0043
13.2 nm,300.0,as_simulated_300K,3.0,2.0,Id_over_Id_at_Vd0p7,1.96543,-,run_0043
13.2 nm,300.0,as_simulated_300K,3.0,2.1,Id_over_Id_at_Vd0p7,1.99535,-,run_0043
13.2 nm,300.0,as_simulated_300K,3.0,2.2,Id_over_Id_at_Vd0p7,2.01973,-,run_0043
13.2 nm,300.0,as_simulated_300K,3.0,2.3,Id_over_Id_at_Vd0p7,2.0389,-,run_0043
13.2 nm,300.0,as_simulated_300K,3.0,2.4,Id_over_Id_at_Vd0p7,2.05332,-,run_0043
13.2 nm,300.0,as_simulated_300K,3.0,2.5,Id_over_Id_at_Vd0p7,2.06358,-,run_0043
13.2 nm,300.0,as_simulated_300K,3.0,2.6,Id_over_Id_at_Vd0p7,2.07042,-,run_0043
13.2 nm,300.0,as_simulated_300K,3.0,2.7,Id_over_Id_at_Vd0p7,2.07476,-,run_0043
13.2 nm,300.0,as_simulated_300K,3.0,2.8,Id_over_Id_at_Vd0p7,2.07744,-,run_0043
13.2 nm,300.0,as_simulated_300K,3.0,2.9,Id_over_Id_at_Vd0p7,2.07913,-,run_0043
13.2 nm,300.0,as_simulated_300K,3.0,3.0,Id_over_Id_at_Vd0p7,2.08027,-,run_0043
