[b9p02p9432][[19445,1],5][btl_tcp_proc.c:266:mca_btl_tcp_proc_create_interface_graph] Unable to find reachable pairing between local and remote interfaces
[b9p02p9432][[19445,1],5][btl_tcp_proc.c:266:mca_btl_tcp_proc_create_interface_graph] Unable to find reachable pairing between local and remote interfaces
[b9p02p9432][[19445,1],5][btl_tcp_proc.c:266:mca_btl_tcp_proc_create_interface_graph] Unable to find reachable pairing between local and remote interfaces
[b9p02p9432][[19445,1],5][btl_tcp_proc.c:266:mca_btl_tcp_proc_create_interface_graph] Unable to find reachable pairing between local and remote interfaces
[b9p02p9432][[19445,1],5][btl_tcp_proc.c:266:mca_btl_tcp_proc_create_interface_graph] Unable to find reachable pairing between local and remote interfaces
[b9p02p9432][[19445,1],5][btl_tcp_proc.c:266:mca_btl_tcp_proc_create_interface_graph] Unable to find reachable pairing between local and remote interfaces
[b9p02p9432][[19445,1],5][btl_tcp_proc.c:266:mca_btl_tcp_proc_create_interface_graph] Unable to find reachable pairing between local and remote interfaces
[b9p02p9432][[19445,1],5][btl_tcp_proc.c:266:mca_btl_tcp_proc_create_interface_graph] Unable to find reachable pairing between local and remote interfaces
[b9p02p9432][[19445,1],5][btl_tcp_proc.c:266:mca_btl_tcp_proc_create_interface_graph] Unable to find reachable pairing between local and remote interfaces
[b9p02p9432][[19445,1],5][btl_tcp_proc.c:266:mca_btl_tcp_proc_create_interface_graph] Unable to find reachable pairing between local and remote interfaces
[b9p02p9432][[19445,1],5][btl_tcp_proc.c:266:mca_btl_tcp_proc_create_interface_graph] Unable to find reachable pairing between local and remote interfaces
[b9p02p9432][[19445,1],5][btl_tcp_proc.c:266:mca_btl_tcp_proc_create_interface_graph] Unable to find reachable pairing between local and remote interfaces
[b9p02p9432][[19445,1],5][btl_tcp_proc.c:266:mca_btl_tcp_proc_create_interface_graph] Unable to find reachable pairing between local and remote interfaces
[b9p02p9432][[19445,1],5][btl_tcp_proc.c:266:mca_btl_tcp_proc_create_interface_graph] Unable to find reachable pairing between local and remote interfaces
[b9p02p9432][[19445,1],5][btl_tcp_proc.c:266:mca_btl_tcp_proc_create_interface_graph] Unable to find reachable pairing between local and remote interfaces
[b9p02p9432][[19445,1],7][btl_tcp_proc.c:266:mca_btl_tcp_proc_create_interface_graph] Unable to find reachable pairing between local and remote interfaces
[b9p02p9432][[19445,1],7][btl_tcp_proc.c:266:mca_btl_tcp_proc_create_interface_graph] Unable to find reachable pairing between local and remote interfaces
[b9p02p9432][[19445,1],7][btl_tcp_proc.c:266:mca_btl_tcp_proc_create_interface_graph] Unable to find reachable pairing between local and remote interfaces
[b9p02p9432][[19445,1],6][btl_tcp_proc.c:266:mca_btl_tcp_proc_create_interface_graph] Unable to find reachable pairing between local and remote interfaces
[b9p02p9432][[19445,1],7][btl_tcp_proc.c:266:mca_btl_tcp_proc_create_interface_graph] Unable to find reachable pairing between local and remote interfaces
[b9p02p9432][[19445,1],6][btl_tcp_proc.c:266:mca_btl_tcp_proc_create_interface_graph] Unable to find reachable pairing between local and remote interfaces
[b9p02p9432][[19445,1],7][btl_tcp_proc.c:266:mca_btl_tcp_proc_create_interface_graph] Unable to find reachable pairing between local and remote interfaces
[b9p02p9432][[19445,1],6][btl_tcp_proc.c:266:mca_btl_tcp_proc_create_interface_graph] Unable to find reachable pairing between local and remote interfaces
[b9p02p9432][[19445,1],7][btl_tcp_proc.c:266:mca_btl_tcp_proc_create_interface_graph] Unable to find reachable pairing between local and remote interfaces
[b9p02p9432][[19445,1],6][btl_tcp_proc.c:266:mca_btl_tcp_proc_create_interface_graph] Unable to find reachable pairing between local and remote interfaces
[b9p02p9432][[19445,1],15][btl_tcp_proc.c:266:mca_btl_tcp_proc_create_interface_graph] Unable to find reachable pairing between local and remote interfaces
[b9p02p9432][[19445,1],7][btl_tcp_proc.c:266:mca_btl_tcp_proc_create_interface_graph] Unable to find reachable pairing between local and remote interfaces
[b9p02p9432][[19445,1],6][btl_tcp_proc.c:266:mca_btl_tcp_proc_create_interface_graph] Unable to find reachable pairing between local and remote interfaces
[b9p02p9432][[19445,1],7][btl_tcp_proc.c:266:mca_btl_tcp_proc_create_interface_graph] Unable to find reachable pairing between local and remote interfaces
[b9p02p9432][[19445,1],15][btl_tcp_proc.c:266:mca_btl_tcp_proc_create_interface_graph] Unable to find reachable pairing between local and remote interfaces
[b9p02p9432][[19445,1],13][btl_tcp_proc.c:266:mca_btl_tcp_proc_create_interface_graph] Unable to find reachable pairing between local and remote interfaces
[b9p02p9432][[19445,1],6][btl_tcp_proc.c:266:mca_btl_tcp_proc_create_interface_graph] Unable to find reachable pairing between local and remote interfaces
[b9p02p9432][[19445,1],7][btl_tcp_proc.c:266:mca_btl_tcp_proc_create_interface_graph] Unable to find reachable pairing between local and remote interfaces
[b9p02p9432][[19445,1],15][btl_tcp_proc.c:266:mca_btl_tcp_proc_create_interface_graph] Unable to find reachable pairing between local and remote interfaces
[b9p02p9432][[19445,1],13][btl_tcp_proc.c:266:mca_btl_tcp_proc_create_interface_graph] Unable to find reachable pairing between local and remote interfaces
[b9p02p9432][[19445,1],6][btl_tcp_proc.c:266:mca_btl_tcp_proc_create_interface_graph] Unable to find reachable pairing between local and remote interfaces
[b9p02p9432][[19445,1],15][btl_tcp_proc.c:266:mca_btl_tcp_proc_create_interface_graph] Unable to find reachable pairing between local and remote interfaces
[b9p02p9432][[19445,1],7][btl_tcp_proc.c:266:mca_btl_tcp_proc_create_interface_graph] Unable to find reachable pairing between local and remote interfaces
[b9p02p9432][[19445,1],3][btl_tcp_proc.c:266:mca_btl_tcp_proc_create_interface_graph] Unable to find reachable pairing between local and remote interfaces
[b9p02p9432][[19445,1],13][btl_tcp_proc.c:266:mca_btl_tcp_proc_create_interface_graph] Unable to find reachable pairing between local and remote interfaces
[b9p02p9432][[19445,1],15][btl_tcp_proc.c:266:mca_btl_tcp_proc_create_interface_graph] Unable to find reachable pairing between local and remote interfaces
[b9p02p9432][[19445,1],6][btl_tcp_proc.c:266:mca_btl_tcp_proc_create_interface_graph] Unable to find reachable pairing between local and remote interfaces
[b9p02p9432][[19445,1],7][btl_tcp_proc.c:266:mca_btl_tcp_proc_create_interface_graph] Unable to find reachable pairing between local and remote interfaces
[b9p02p9432][[19445,1],3][btl_tcp_proc.c:266:mca_btl_tcp_proc_create_interface_graph] Unable to find reachable pairing between local and remote interfaces
[b9p02p9432][[19445,1],15][btl_tcp_proc.c:266:mca_btl_tcp_proc_create_interface_graph] Unable to find reachable pairing between local and remote interfaces
[b9p02p9432][[19445,1],6][btl_tcp_proc.c:266:mca_btl_tcp_proc_create_interface_graph] Unable to find reachable pairing between local and remote interfaces
[b9p02p9432][[19445,1],7][btl_tcp_proc.c:266:mca_btl_tcp_proc_create_interface_graph] Unable to find reachable pairing between local and remote interfaces
[b9p02p9432][[19445,1],13][btl_tcp_proc.c:266:mca_btl_tcp_proc_create_interface_graph] Unable to find reachable pairing between local and remote interfaces
[b9p02p9432][[19445,1],3][btl_tcp_proc.c:266:mca_btl_tcp_proc_create_interface_graph] Unable to find reachable pairing between local and remote interfaces
[b9p02p9432][[19445,1],15][btl_tcp_proc.c:266:mca_btl_tcp_proc_create_interface_graph] Unable to find reachable pairing between local and remote interfaces
[b9p02p9432][[19445,1],1][btl_tcp_proc.c:266:mca_btl_tcp_proc_create_interface_graph] Unable to find reachable pairing between local and remote interfaces
[b9p02p9432][[19445,1],6][btl_tcp_proc.c:266:mca_btl_tcp_proc_create_interface_graph] Unable to find reachable pairing between local and remote interfaces
[b9p02p9432][[19445,1],7][btl_tcp_proc.c:266:mca_btl_tcp_proc_create_interface_graph] Unable to find reachable pairing between local and remote interfaces
[b9p02p9432][[19445,1],14][btl_tcp_proc.c:266:mca_btl_tcp_proc_create_interface_graph] Unable to find reachable pairing between local and remote interfaces
[b9p02p9432][[19445,1],3][btl_tcp_proc.c:266:mca_btl_tcp_proc_create_interface_graph] Unable to find reachable pairing between local and remote interfaces
[b9p02p9432][[19445,1],13][btl_tcp_proc.c:266:mca_btl_tcp_proc_create_interface_graph] Unable to find reachable pairing between local and remote interfaces
[b9p02p9432][[19445,1],15][btl_tcp_proc.c:266:mca_btl_tcp_proc_create_interface_graph] Unable to find reachable pairing between local and remote interfaces
[b9p02p9432][[19445,1],6][btl_tcp_proc.c:266:mca_btl_tcp_proc_create_interface_graph] Unable to find reachable pairing between local and remote interfaces
[b9p02p9432][[19445,1],7][btl_tcp_proc.c:266:mca_btl_tcp_proc_create_interface_graph] Unable to find reachable pairing between local and remote interfaces
[b9p02p9432][[19445,1],3][btl_tcp_proc.c:266:mca_btl_tcp_proc_create_interface_graph] Unable to find reachable pairing between local and remote interfaces
[b9p02p9432][[19445,1],15][btl_tcp_proc.c:266:mca_btl_tcp_proc_create_interface_graph] Unable to find reachable pairing between local and remote interfaces
[b9p02p9432][[19445,1],13][btl_tcp_proc.c:266:mca_btl_tcp_proc_create_interface_graph] Unable to find reachable pairing between local and remote interfaces
[b9p02p9432][[19445,1],1][btl_tcp_proc.c:266:mca_btl_tcp_proc_create_interface_graph] Unable to find reachable pairing between local and remote interfaces
[b9p02p9432][[19445,1],14][btl_tcp_proc.c:266:mca_btl_tcp_proc_create_interface_graph] Unable to find reachable pairing between local and remote interfaces
[b9p02p9432][[19445,1],6][btl_tcp_proc.c:266:mca_btl_tcp_proc_create_interface_graph] Unable to find reachable pairing between local and remote interfaces
[b9p02p9432][[19445,1],7][btl_tcp_proc.c:266:mca_btl_tcp_proc_create_interface_graph] Unable to find reachable pairing between local and remote interfaces
[b9p02p9432][[19445,1],3][btl_tcp_proc.c:266:mca_btl_tcp_proc_create_interface_graph] Unable to find reachable pairing between local and remote interfaces
[b9p02p9432][[19445,1],15][btl_tcp_proc.c:266:mca_btl_tcp_proc_create_interface_graph] Unable to find reachable pairing between local and remote interfaces
[b9p02p9432][[19445,1],13][btl_tcp_proc.c:266:mca_btl_tcp_proc_create_interface_graph] Unable to find reachable pairing between local and remote interfaces
[b9p02p9432][[19445,1],0][btl_tcp_proc.c:266:mca_btl_tcp_proc_create_interface_graph] Unable to find reachable pairing between local and remote interfaces
[b9p02p9432][[19445,1],11][btl_tcp_proc.c:266:mca_btl_tcp_proc_create_interface_graph] Unable to find reachable pairing between local and remote interfaces
[b9p02p9432][[19445,1],6][btl_tcp_proc.c:266:mca_btl_tcp_proc_create_interface_graph] Unable to find reachable pairing between local and remote interfaces
[b9p02p9432][[19445,1],14][btl_tcp_proc.c:266:mca_btl_tcp_proc_create_interface_graph] Unable to find reachable pairing between local and remote interfaces
[b9p02p9432][[19445,1],3][btl_tcp_proc.c:266:mca_btl_tcp_proc_create_interface_graph] Unable to find reachable pairing between local and remote interfaces
[b9p02p9432][[19445,1],1][btl_tcp_proc.c:266:mca_btl_tcp_proc_create_interface_graph] Unable to find reachable pairing between local and remote interfaces
[b9p02p9432][[19445,1],15][btl_tcp_proc.c:266:mca_btl_tcp_proc_create_interface_graph] Unable to find reachable pairing between local and remote interfaces
[b9p02p9432][[19445,1],13][btl_tcp_proc.c:266:mca_btl_tcp_proc_create_interface_graph] Unable to find reachable pairing between local and remote interfaces
[b9p02p9432][[19445,1],0][btl_tcp_proc.c:266:mca_btl_tcp_proc_create_interface_graph] Unable to find reachable pairing between local and remote interfaces
[b9p02p9432][[19445,1],3][btl_tcp_proc.c:266:mca_btl_tcp_proc_create_interface_graph] Unable to find reachable pairing between local and remote interfaces
[b9p02p9432][[19445,1],11][btl_tcp_proc.c:266:mca_btl_tcp_proc_create_interface_graph] Unable to find reachable pairing between local and remote interfaces
[b9p02p9432][[19445,1],6][btl_tcp_proc.c:266:mca_btl_tcp_proc_create_interface_graph] Unable to find reachable pairing between local and remote interfaces
[b9p02p9432][[19445,1],15][btl_tcp_proc.c:266:mca_btl_tcp_proc_create_interface_graph] Unable to find reachable pairing between local and remote interfaces
[b9p02p9432][[19445,1],14][btl_tcp_proc.c:266:mca_btl_tcp_proc_create_interface_graph] Unable to find reachable pairing between local and remote interfaces
[b9p02p9432][[19445,1],13][btl_tcp_proc.c:266:mca_btl_tcp_proc_create_interface_graph] Unable to find reachable pairing between local and remote interfaces
[b9p02p9432][[19445,1],1][btl_tcp_proc.c:266:mca_btl_tcp_proc_create_interface_graph] Unable to find reachable pairing between local and remote interfaces
[b9p02p9432][[19445,1],3][btl_tcp_proc.c:266:mca_btl_tcp_proc_create_interface_graph] Unable to find reachable pairing between local and remote interfaces
[b9p02p9432][[19445,1],0][btl_tcp_proc.c:266:mca_btl_tcp_proc_create_interface_graph] Unable to find reachable pairing between local and remote interfaces
[b9p02p9432][[19445,1],6][btl_tcp_proc.c:266:mca_btl_tcp_proc_create_interface_graph] Unable to find reachable pairing between local and remote interfaces
[b9p02p9432][[19445,1],11][btl_tcp_proc.c:266:mca_btl_tcp_proc_create_interface_graph] Unable to find reachable pairing between local and remote interfaces
[b9p02p9432][[19445,1],15][btl_tcp_proc.c:266:mca_btl_tcp_proc_create_interface_graph] Unable to find reachable pairing between local and remote interfaces
[b9p02p9432][[19445,1],10][btl_tcp_proc.c:266:mca_btl_tcp_proc_create_interface_graph] Unable to find reachable pairing between local and remote interfaces
[b9p02p9432][[19445,1],13][btl_tcp_proc.c:266:mca_btl_tcp_proc_create_interface_graph] Unable to find reachable pairing between local and remote interfaces
[b9p02p9432][[19445,1],12][btl_tcp_proc.c:266:mca_btl_tcp_proc_create_interface_graph] Unable to find reachable pairing between local and remote interfaces
[b9p02p9432][[19445,1],14][btl_tcp_proc.c:266:mca_btl_tcp_proc_create_interface_graph] Unable to find reachable pairing between local and remote interfaces
[b9p02p9432][[19445,1],3][btl_tcp_proc.c:266:mca_btl_tcp_proc_create_interface_graph] Unable to find reachable pairing between local and remote interfaces
[b9p02p9432][[19445,1],1][btl_tcp_proc.c:266:mca_btl_tcp_proc_create_interface_graph] Unable to find reachable pairing between local and remote interfaces
[b9p02p9432][[19445,1],15][btl_tcp_proc.c:266:mca_btl_tcp_proc_create_interface_graph] Unable to find reachable pairing between local and remote interfaces
[b9p02p9432][[19445,1],0][btl_tcp_proc.c:266:mca_btl_tcp_proc_create_interface_graph] Unable to find reachable pairing between local and remote interfaces
[b9p02p9432][[19445,1],11][btl_tcp_proc.c:266:mca_btl_tcp_proc_create_interface_graph] Unable to find reachable pairing between local and remote interfaces
[b9p02p9432][[19445,1],13][btl_tcp_proc.c:266:mca_btl_tcp_proc_create_interface_graph] Unable to find reachable pairing between local and remote interfaces
[b9p02p9432][[19445,1],10][btl_tcp_proc.c:266:mca_btl_tcp_proc_create_interface_graph] Unable to find reachable pairing between local and remote interfaces
[b9p02p9432][[19445,1],3][btl_tcp_proc.c:266:mca_btl_tcp_proc_create_interface_graph] Unable to find reachable pairing between local and remote interfaces
[b9p02p9432][[19445,1],14][btl_tcp_proc.c:266:mca_btl_tcp_proc_create_interface_graph] Unable to find reachable pairing between local and remote interfaces
[b9p02p9432][[19445,1],12][btl_tcp_proc.c:266:mca_btl_tcp_proc_create_interface_graph] Unable to find reachable pairing between local and remote interfaces
[b9p02p9432][[19445,1],15][btl_tcp_proc.c:266:mca_btl_tcp_proc_create_interface_graph] Unable to find reachable pairing between local and remote interfaces
[b9p02p9432][[19445,1],4][btl_tcp_proc.c:266:mca_btl_tcp_proc_create_interface_graph] Unable to find reachable pairing between local and remote interfaces
[b9p02p9432][[19445,1],11][btl_tcp_proc.c:266:mca_btl_tcp_proc_create_interface_graph] Unable to find reachable pairing between local and remote interfaces
[b9p02p9432][[19445,1],13][btl_tcp_proc.c:266:mca_btl_tcp_proc_create_interface_graph] Unable to find reachable pairing between local and remote interfaces
[b9p02p9432][[19445,1],1][btl_tcp_proc.c:266:mca_btl_tcp_proc_create_interface_graph] Unable to find reachable pairing between local and remote interfaces
[b9p02p9432][[19445,1],10][btl_tcp_proc.c:266:mca_btl_tcp_proc_create_interface_graph] Unable to find reachable pairing between local and remote interfaces
[b9p02p9432][[19445,1],0][btl_tcp_proc.c:266:mca_btl_tcp_proc_create_interface_graph] Unable to find reachable pairing between local and remote interfaces
[b9p02p9432][[19445,1],3][btl_tcp_proc.c:266:mca_btl_tcp_proc_create_interface_graph] Unable to find reachable pairing between local and remote interfaces
[b9p02p9432][[19445,1],14][btl_tcp_proc.c:266:mca_btl_tcp_proc_create_interface_graph] Unable to find reachable pairing between local and remote interfaces
[b9p02p9432][[19445,1],12][btl_tcp_proc.c:266:mca_btl_tcp_proc_create_interface_graph] Unable to find reachable pairing between local and remote interfaces
[b9p02p9432][[19445,1],11][btl_tcp_proc.c:266:mca_btl_tcp_proc_create_interface_graph] Unable to find reachable pairing between local and remote interfaces
[b9p02p9432][[19445,1],9][btl_tcp_proc.c:266:mca_btl_tcp_proc_create_interface_graph] Unable to find reachable pairing between local and remote interfaces
[b9p02p9432][[19445,1],4][btl_tcp_proc.c:266:mca_btl_tcp_proc_create_interface_graph] Unable to find reachable pairing between local and remote interfaces
[b9p02p9432][[19445,1],10][btl_tcp_proc.c:266:mca_btl_tcp_proc_create_interface_graph] Unable to find reachable pairing between local and remote interfaces
[b9p02p9432][[19445,1],1][btl_tcp_proc.c:266:mca_btl_tcp_proc_create_interface_graph] Unable to find reachable pairing between local and remote interfaces
[b9p02p9432][[19445,1],3][btl_tcp_proc.c:266:mca_btl_tcp_proc_create_interface_graph] Unable to find reachable pairing between local and remote interfaces
[b9p02p9432][[19445,1],0][btl_tcp_proc.c:266:mca_btl_tcp_proc_create_interface_graph] Unable to find reachable pairing between local and remote interfaces
[b9p02p9432][[19445,1],14][btl_tcp_proc.c:266:mca_btl_tcp_proc_create_interface_graph] Unable to find reachable pairing between local and remote interfaces
[b9p02p9432][[19445,1],12][btl_tcp_proc.c:266:mca_btl_tcp_proc_create_interface_graph] Unable to find reachable pairing between local and remote interfaces
[b9p02p9432][[19445,1],11][btl_tcp_proc.c:266:mca_btl_tcp_proc_create_interface_graph] Unable to find reachable pairing between local and remote interfaces
[b9p02p9432][[19445,1],9][btl_tcp_proc.c:266:mca_btl_tcp_proc_create_interface_graph] Unable to find reachable pairing between local and remote interfaces
[b9p02p9432][[19445,1],13][btl_tcp_proc.c:266:mca_btl_tcp_proc_create_interface_graph] Unable to find reachable pairing between local and remote interfaces
[b9p02p9432][[19445,1],3][btl_tcp_proc.c:266:mca_btl_tcp_proc_create_interface_graph] Unable to find reachable pairing between local and remote interfaces
[b9p02p9432][[19445,1],10][btl_tcp_proc.c:266:mca_btl_tcp_proc_create_interface_graph] Unable to find reachable pairing between local and remote interfaces
[b9p02p9432][[19445,1],1][btl_tcp_proc.c:266:mca_btl_tcp_proc_create_interface_graph] Unable to find reachable pairing between local and remote interfaces
[b9p02p9432][[19445,1],4][btl_tcp_proc.c:266:mca_btl_tcp_proc_create_interface_graph] Unable to find reachable pairing between local and remote interfaces
[b9p02p9432][[19445,1],9][btl_tcp_proc.c:266:mca_btl_tcp_proc_create_interface_graph] Unable to find reachable pairing between local and remote interfaces
[b9p02p9432][[19445,1],0][btl_tcp_proc.c:266:mca_btl_tcp_proc_create_interface_graph] Unable to find reachable pairing between local and remote interfaces
[b9p02p9432][[19445,1],12][btl_tcp_proc.c:266:mca_btl_tcp_proc_create_interface_graph] Unable to find reachable pairing between local and remote interfaces
[b9p02p9432][[19445,1],11][btl_tcp_proc.c:266:mca_btl_tcp_proc_create_interface_graph] Unable to find reachable pairing between local and remote interfaces
[b9p02p9432][[19445,1],13][btl_tcp_proc.c:266:mca_btl_tcp_proc_create_interface_graph] Unable to find reachable pairing between local and remote interfaces
[b9p02p9432][[19445,1],14][btl_tcp_proc.c:266:mca_btl_tcp_proc_create_interface_graph] Unable to find reachable pairing between local and remote interfaces
[b9p02p9432][[19445,1],3][btl_tcp_proc.c:266:mca_btl_tcp_proc_create_interface_graph] Unable to find reachable pairing between local and remote interfaces
[b9p02p9432][[19445,1],10][btl_tcp_proc.c:266:mca_btl_tcp_proc_create_interface_graph] Unable to find reachable pairing between local and remote interfaces
[b9p02p9432][[19445,1],9][btl_tcp_proc.c:266:mca_btl_tcp_proc_create_interface_graph] Unable to find reachable pairing between local and remote interfaces
[b9p02p9432][[19445,1],11][btl_tcp_proc.c:266:mca_btl_tcp_proc_create_interface_graph] Unable to find reachable pairing between local and remote interfaces
[b9p02p9432][[19445,1],12][btl_tcp_proc.c:266:mca_btl_tcp_proc_create_interface_graph] Unable to find reachable pairing between local and remote interfaces
[b9p02p9432][[19445,1],13][btl_tcp_proc.c:266:mca_btl_tcp_proc_create_interface_graph] Unable to find reachable pairing between local and remote interfaces
[b9p02p9432][[19445,1],4][btl_tcp_proc.c:266:mca_btl_tcp_proc_create_interface_graph] Unable to find reachable pairing between local and remote interfaces
[b9p02p9432][[19445,1],0][btl_tcp_proc.c:266:mca_btl_tcp_proc_create_interface_graph] Unable to find reachable pairing between local and remote interfaces
[b9p02p9432][[19445,1],1][btl_tcp_proc.c:266:mca_btl_tcp_proc_create_interface_graph] Unable to find reachable pairing between local and remote interfaces
[b9p02p9432][[19445,1],14][btl_tcp_proc.c:266:mca_btl_tcp_proc_create_interface_graph] Unable to find reachable pairing between local and remote interfaces
[b9p02p9432][[19445,1],10][btl_tcp_proc.c:266:mca_btl_tcp_proc_create_interface_graph] Unable to find reachable pairing between local and remote interfaces
[b9p02p9432][[19445,1],9][btl_tcp_proc.c:266:mca_btl_tcp_proc_create_interface_graph] Unable to find reachable pairing between local and remote interfaces
[b9p02p9432][[19445,1],11][btl_tcp_proc.c:266:mca_btl_tcp_proc_create_interface_graph] Unable to find reachable pairing between local and remote interfaces
[b9p02p9432][[19445,1],12][btl_tcp_proc.c:266:mca_btl_tcp_proc_create_interface_graph] Unable to find reachable pairing between local and remote interfaces
[b9p02p9432][[19445,1],9][btl_tcp_proc.c:266:mca_btl_tcp_proc_create_interface_graph] Unable to find reachable pairing between local and remote interfaces
[b9p02p9432][[19445,1],10][btl_tcp_proc.c:266:mca_btl_tcp_proc_create_interface_graph] Unable to find reachable pairing between local and remote interfaces
[b9p02p9432][[19445,1],1][btl_tcp_proc.c:266:mca_btl_tcp_proc_create_interface_graph] Unable to find reachable pairing between local and remote interfaces
[b9p02p9432][[19445,1],14][btl_tcp_proc.c:266:mca_btl_tcp_proc_create_interface_graph] Unable to find reachable pairing between local and remote interfaces
[b9p02p9432][[19445,1],4][btl_tcp_proc.c:266:mca_btl_tcp_proc_create_interface_graph] Unable to find reachable pairing between local and remote interfaces
[b9p02p9432][[19445,1],0][btl_tcp_proc.c:266:mca_btl_tcp_proc_create_interface_graph] Unable to find reachable pairing between local and remote interfaces
[b9p02p9432][[19445,1],11][btl_tcp_proc.c:266:mca_btl_tcp_proc_create_interface_graph] Unable to find reachable pairing between local and remote interfaces
[b9p02p9432][[19445,1],9][btl_tcp_proc.c:266:mca_btl_tcp_proc_create_interface_graph] Unable to find reachable pairing between local and remote interfaces
[b9p02p9432][[19445,1],12][btl_tcp_proc.c:266:mca_btl_tcp_proc_create_interface_graph] Unable to find reachable pairing between local and remote interfaces
[b9p02p9432][[19445,1],10][btl_tcp_proc.c:266:mca_btl_tcp_proc_create_interface_graph] Unable to find reachable pairing between local and remote interfaces
[b9p02p9432][[19445,1],8][btl_tcp_proc.c:266:mca_btl_tcp_proc_create_interface_graph] Unable to find reachable pairing between local and remote interfaces
[b9p02p9432][[19445,1],1][btl_tcp_proc.c:266:mca_btl_tcp_proc_create_interface_graph] Unable to find reachable pairing between local and remote interfaces
[b9p02p9432][[19445,1],4][btl_tcp_proc.c:266:mca_btl_tcp_proc_create_interface_graph] Unable to find reachable pairing between local and remote interfaces
[b9p02p9432][[19445,1],14][btl_tcp_proc.c:266:mca_btl_tcp_proc_create_interface_graph] Unable to find reachable pairing between local and remote interfaces
[b9p02p9432][[19445,1],0][btl_tcp_proc.c:266:mca_btl_tcp_proc_create_interface_graph] Unable to find reachable pairing between local and remote interfaces
[b9p02p9432][[19445,1],11][btl_tcp_proc.c:266:mca_btl_tcp_proc_create_interface_graph] Unable to find reachable pairing between local and remote interfaces
[b9p02p9432][[19445,1],9][btl_tcp_proc.c:266:mca_btl_tcp_proc_create_interface_graph] Unable to find reachable pairing between local and remote interfaces
[b9p02p9432][[19445,1],12][btl_tcp_proc.c:266:mca_btl_tcp_proc_create_interface_graph] Unable to find reachable pairing between local and remote interfaces
[b9p02p9432][[19445,1],10][btl_tcp_proc.c:266:mca_btl_tcp_proc_create_interface_graph] Unable to find reachable pairing between local and remote interfaces
[b9p02p9432][[19445,1],2][btl_tcp_proc.c:266:mca_btl_tcp_proc_create_interface_graph] Unable to find reachable pairing between local and remote interfaces
[b9p02p9432][[19445,1],4][btl_tcp_proc.c:266:mca_btl_tcp_proc_create_interface_graph] Unable to find reachable pairing between local and remote interfaces
[b9p02p9432][[19445,1],8][btl_tcp_proc.c:266:mca_btl_tcp_proc_create_interface_graph] Unable to find reachable pairing between local and remote interfaces
[b9p02p9432][[19445,1],9][btl_tcp_proc.c:266:mca_btl_tcp_proc_create_interface_graph] Unable to find reachable pairing between local and remote interfaces
[b9p02p9432][[19445,1],11][btl_tcp_proc.c:266:mca_btl_tcp_proc_create_interface_graph] Unable to find reachable pairing between local and remote interfaces
[b9p02p9432][[19445,1],14][btl_tcp_proc.c:266:mca_btl_tcp_proc_create_interface_graph] Unable to find reachable pairing between local and remote interfaces
[b9p02p9432][[19445,1],1][btl_tcp_proc.c:266:mca_btl_tcp_proc_create_interface_graph] Unable to find reachable pairing between local and remote interfaces
[b9p02p9432][[19445,1],0][btl_tcp_proc.c:266:mca_btl_tcp_proc_create_interface_graph] Unable to find reachable pairing between local and remote interfaces
[b9p02p9432][[19445,1],10][btl_tcp_proc.c:266:mca_btl_tcp_proc_create_interface_graph] Unable to find reachable pairing between local and remote interfaces
[b9p02p9432][[19445,1],2][btl_tcp_proc.c:266:mca_btl_tcp_proc_create_interface_graph] Unable to find reachable pairing between local and remote interfaces
[b9p02p9432][[19445,1],12][btl_tcp_proc.c:266:mca_btl_tcp_proc_create_interface_graph] Unable to find reachable pairing between local and remote interfaces
[b9p02p9432][[19445,1],9][btl_tcp_proc.c:266:mca_btl_tcp_proc_create_interface_graph] Unable to find reachable pairing between local and remote interfaces
[b9p02p9432][[19445,1],4][btl_tcp_proc.c:266:mca_btl_tcp_proc_create_interface_graph] Unable to find reachable pairing between local and remote interfaces
[b9p02p9432][[19445,1],11][btl_tcp_proc.c:266:mca_btl_tcp_proc_create_interface_graph] Unable to find reachable pairing between local and remote interfaces
[b9p02p9432][[19445,1],8][btl_tcp_proc.c:266:mca_btl_tcp_proc_create_interface_graph] Unable to find reachable pairing between local and remote interfaces
[b9p02p9432][[19445,1],14][btl_tcp_proc.c:266:mca_btl_tcp_proc_create_interface_graph] Unable to find reachable pairing between local and remote interfaces
[b9p02p9432][[19445,1],1][btl_tcp_proc.c:266:mca_btl_tcp_proc_create_interface_graph] Unable to find reachable pairing between local and remote interfaces
[b9p02p9432][[19445,1],0][btl_tcp_proc.c:266:mca_btl_tcp_proc_create_interface_graph] Unable to find reachable pairing between local and remote interfaces
[b9p02p9432][[19445,1],10][btl_tcp_proc.c:266:mca_btl_tcp_proc_create_interface_graph] Unable to find reachable pairing between local and remote interfaces
[b9p02p9432][[19445,1],2][btl_tcp_proc.c:266:mca_btl_tcp_proc_create_interface_graph] Unable to find reachable pairing between local and remote interfaces
[b9p02p9432][[19445,1],4][btl_tcp_proc.c:266:mca_btl_tcp_proc_create_interface_graph] Unable to find reachable pairing between local and remote interfaces
[b9p02p9432][[19445,1],12][btl_tcp_proc.c:266:mca_btl_tcp_proc_create_interface_graph] Unable to find reachable pairing between local and remote interfaces
[b9p02p9432][[19445,1],9][btl_tcp_proc.c:266:mca_btl_tcp_proc_create_interface_graph] Unable to find reachable pairing between local and remote interfaces
[b9p02p9432][[19445,1],11][btl_tcp_proc.c:266:mca_btl_tcp_proc_create_interface_graph] Unable to find reachable pairing between local and remote interfaces
[b9p02p9432][[19445,1],8][btl_tcp_proc.c:266:mca_btl_tcp_proc_create_interface_graph] Unable to find reachable pairing between local and remote interfaces
[b9p02p9432][[19445,1],14][btl_tcp_proc.c:266:mca_btl_tcp_proc_create_interface_graph] Unable to find reachable pairing between local and remote interfaces
[b9p02p9432][[19445,1],1][btl_tcp_proc.c:266:mca_btl_tcp_proc_create_interface_graph] Unable to find reachable pairing between local and remote interfaces
[b9p02p9432][[19445,1],0][btl_tcp_proc.c:266:mca_btl_tcp_proc_create_interface_graph] Unable to find reachable pairing between local and remote interfaces
[b9p02p9432][[19445,1],10][btl_tcp_proc.c:266:mca_btl_tcp_proc_create_interface_graph] Unable to find reachable pairing between local and remote interfaces
[b9p02p9432][[19445,1],2][btl_tcp_proc.c:266:mca_btl_tcp_proc_create_interface_graph] Unable to find reachable pairing between local and remote interfaces
[b9p02p9432][[19445,1],9][btl_tcp_proc.c:266:mca_btl_tcp_proc_create_interface_graph] Unable to find reachable pairing between local and remote interfaces
[b9p02p9432][[19445,1],4][btl_tcp_proc.c:266:mca_btl_tcp_proc_create_interface_graph] Unable to find reachable pairing between local and remote interfaces
[b9p02p9432][[19445,1],12][btl_tcp_proc.c:266:mca_btl_tcp_proc_create_interface_graph] Unable to find reachable pairing between local and remote interfaces
[b9p02p9432][[19445,1],8][btl_tcp_proc.c:266:mca_btl_tcp_proc_create_interface_graph] Unable to find reachable pairing between local and remote interfaces
[b9p02p9432][[19445,1],9][btl_tcp_proc.c:266:mca_btl_tcp_proc_create_interface_graph] Unable to find reachable pairing between local and remote interfaces
[b9p02p9432][[19445,1],10][btl_tcp_proc.c:266:mca_btl_tcp_proc_create_interface_graph] Unable to find reachable pairing between local and remote interfaces
[b9p02p9432][[19445,1],2][btl_tcp_proc.c:266:mca_btl_tcp_proc_create_interface_graph] Unable to find reachable pairing between local and remote interfaces
[b9p02p9432][[19445,1],0][btl_tcp_proc.c:266:mca_btl_tcp_proc_create_interface_graph] Unable to find reachable pairing between local and remote interfaces
[b9p02p9432][[19445,1],1][btl_tcp_proc.c:266:mca_btl_tcp_proc_create_interface_graph] Unable to find reachable pairing between local and remote interfaces
[b9p02p9432][[19445,1],4][btl_tcp_proc.c:266:mca_btl_tcp_proc_create_interface_graph] Unable to find reachable pairing between local and remote interfaces
[b9p02p9432][[19445,1],12][btl_tcp_proc.c:266:mca_btl_tcp_proc_create_interface_graph] Unable to find reachable pairing between local and remote interfaces
[b9p02p9432][[19445,1],9][btl_tcp_proc.c:266:mca_btl_tcp_proc_create_interface_graph] Unable to find reachable pairing between local and remote interfaces
[b9p02p9432][[19445,1],10][btl_tcp_proc.c:266:mca_btl_tcp_proc_create_interface_graph] Unable to find reachable pairing between local and remote interfaces
[b9p02p9432][[19445,1],2][btl_tcp_proc.c:266:mca_btl_tcp_proc_create_interface_graph] Unable to find reachable pairing between local and remote interfaces
[b9p02p9432][[19445,1],0][btl_tcp_proc.c:266:mca_btl_tcp_proc_create_interface_graph] Unable to find reachable pairing between local and remote interfaces
[b9p02p9432][[19445,1],4][btl_tcp_proc.c:266:mca_btl_tcp_proc_create_interface_graph] Unable to find reachable pairing between local and remote interfaces
[b9p02p9432][[19445,1],8][btl_tcp_proc.c:266:mca_btl_tcp_proc_create_interface_graph] Unable to find reachable pairing between local and remote interfaces
[b9p02p9432][[19445,1],9][btl_tcp_proc.c:266:mca_btl_tcp_proc_create_interface_graph] Unable to find reachable pairing between local and remote interfaces
[b9p02p9432][[19445,1],12][btl_tcp_proc.c:266:mca_btl_tcp_proc_create_interface_graph] Unable to find reachable pairing between local and remote interfaces
[b9p02p9432][[19445,1],2][btl_tcp_proc.c:266:mca_btl_tcp_proc_create_interface_graph] Unable to find reachable pairing between local and remote interfaces
[b9p02p9432][[19445,1],4][btl_tcp_proc.c:266:mca_btl_tcp_proc_create_interface_graph] Unable to find reachable pairing between local and remote interfaces
[b9p02p9432][[19445,1],12][btl_tcp_proc.c:266:mca_btl_tcp_proc_create_interface_graph] Unable to find reachable pairing between local and remote interfaces
[b9p02p9432][[19445,1],2][btl_tcp_proc.c:266:mca_btl_tcp_proc_create_interface_graph] Unable to find reachable pairing between local and remote interfaces
[b9p02p9432][[19445,1],8][btl_tcp_proc.c:266:mca_btl_tcp_proc_create_interface_graph] Unable to find reachable pairing between local and remote interfaces
[b9p02p9432][[19445,1],4][btl_tcp_proc.c:266:mca_btl_tcp_proc_create_interface_graph] Unable to find reachable pairing between local and remote interfaces
[b9p02p9432][[19445,1],2][btl_tcp_proc.c:266:mca_btl_tcp_proc_create_interface_graph] Unable to find reachable pairing between local and remote interfaces
[b9p02p9432][[19445,1],4][btl_tcp_proc.c:266:mca_btl_tcp_proc_create_interface_graph] Unable to find reachable pairing between local and remote interfaces
[b9p02p9432][[19445,1],8][btl_tcp_proc.c:266:mca_btl_tcp_proc_create_interface_graph] Unable to find reachable pairing between local and remote interfaces
[b9p02p9432][[19445,1],2][btl_tcp_proc.c:266:mca_btl_tcp_proc_create_interface_graph] Unable to find reachable pairing between local and remote interfaces
[b9p02p9432][[19445,1],8][btl_tcp_proc.c:266:mca_btl_tcp_proc_create_interface_graph] Unable to find reachable pairing between local and remote interfaces
[b9p02p9432][[19445,1],2][btl_tcp_proc.c:266:mca_btl_tcp_proc_create_interface_graph] Unable to find reachable pairing between local and remote interfaces
[b9p02p9432][[19445,1],2][btl_tcp_proc.c:266:mca_btl_tcp_proc_create_interface_graph] Unable to find reachable pairing between local and remote interfaces
[b9p02p9432][[19445,1],8][btl_tcp_proc.c:266:mca_btl_tcp_proc_create_interface_graph] Unable to find reachable pairing between local and remote interfaces
[b9p02p9432][[19445,1],2][btl_tcp_proc.c:266:mca_btl_tcp_proc_create_interface_graph] Unable to find reachable pairing between local and remote interfaces
[b9p02p9432][[19445,1],8][btl_tcp_proc.c:266:mca_btl_tcp_proc_create_interface_graph] Unable to find reachable pairing between local and remote interfaces
[b9p02p9432][[19445,1],2][btl_tcp_proc.c:266:mca_btl_tcp_proc_create_interface_graph] Unable to find reachable pairing between local and remote interfaces
[b9p02p9432][[19445,1],8][btl_tcp_proc.c:266:mca_btl_tcp_proc_create_interface_graph] Unable to find reachable pairing between local and remote interfaces
[b9p02p9432][[19445,1],2][btl_tcp_proc.c:266:mca_btl_tcp_proc_create_interface_graph] Unable to find reachable pairing between local and remote interfaces
[b9p02p9432][[19445,1],8][btl_tcp_proc.c:266:mca_btl_tcp_proc_create_interface_graph] Unable to find reachable pairing between local and remote interfaces
[b9p02p9432][[19445,1],8][btl_tcp_proc.c:266:mca_btl_tcp_proc_create_interface_graph] Unable to find reachable pairing between local and remote interfaces
[b9p02p9432][[19445,1],8][btl_tcp_proc.c:266:mca_btl_tcp_proc_create_interface_graph] Unable to find reachable pairing between local and remote interfaces

     Program PWSCF v.7.5 starts on 30Sep2026 at  2:32:55 

     This program is part of the open-source Quantum ESPRESSO suite
     for quantum simulation of materials; please cite
         "P. Giannozzi et al., J. Phys.:Condens. Matter 21 395502 (2009);
         "P. Giannozzi et al., J. Phys.:Condens. Matter 29 465901 (2017);
         "P. Giannozzi et al., J. Chem. Phys. 152 154105 (2020);
          URL http://www.quantum-espresso.org", 
     in publications or presentations arising from this work. More details at
     http://www.quantum-espresso.org/quote

     Parallel version (MPI & OpenMP), running on      16 processor cores
     Number of MPI processes:                16
     Threads/MPI process:                     1

     MPI processes distributed on     1 nodes
     104105 MiB available memory on the printing compute node when the environment starts

     Reading input from scf.in

     Current dimensions of program PWSCF are:
     Max number of different atomic species (ntypx) = 10
     Max number of k-points (npk) =  40000
     Max angular momentum in pseudopotentials (lmaxx) =  4
     file In.pbe-dn-kjpaw_psl.1.0.0.UPF: wavefunction(s)  5S 5P 4D renormalized
     file O.pbe-n-kjpaw_psl.1.0.0.UPF: wavefunction(s)  2S 2P renormalized
     file H.pbe-kjpaw_psl.1.0.0.UPF: wavefunction(s)  1S renormalized
     Message from routine setup:
     using ibrav=0 with symmetry is DISCOURAGED, use correct ibrav instead

     K-points division:     npool     =       4
     R & G space division:  proc/nbgrp/npool/nimage =       4
     Subspace diagonalization in iterative solution of the eigenvalue problem:
     one sub-group per band group will be used
     ELPA distributed-memory algorithm (size of sub-group:  2*  2 procs)


     Parallelization info
     --------------------
     sticks:   dense  smooth     PW     G-vecs:    dense   smooth      PW
     Min        4310    2155    558              1436680   507921   67000
     Max        4311    2156    559              1436689   507932   67009
     Sum       17241    8621   2233              5746731  2031701  268019

     Using Slab Decomposition



     bravais-lattice index     =            0
     lattice parameter (alat)  =      19.5330  a.u.
     unit-cell volume          =   25140.0035 (a.u.)^3
     number of atoms/cell      =           96
     number of atomic types    =            3
     number of electrons       =       624.00
     number of Kohn-Sham states=          328
     kinetic-energy cutoff     =      71.0000  Ry
     charge density cutoff     =     568.0000  Ry
     scf convergence threshold =      1.0E-09
     mixing beta               =       0.2000
     number of iterations used =            8  local-TF  mixing
     Exchange-correlation= SLA  PW   PBX  PBC
                           (   1   4   3   4   0   0   0)

     celldm(1)=  19.533024  celldm(2)=   0.000000  celldm(3)=   0.000000
     celldm(4)=   0.000000  celldm(5)=   0.000000  celldm(6)=   0.000000

     crystal axes: (cart. coord. in units of alat)
               a(1) = (   1.000000   0.000000   0.000000 )  
               a(2) = (   0.000000   0.999814   0.000000 )  
               a(3) = (   0.000000   0.000000   3.373944 )  

     reciprocal axes: (cart. coord. in units 2 pi/alat)
               b(1) = (  1.000000  0.000000  0.000000 )  
               b(2) = (  0.000000  1.000186  0.000000 )  
               b(3) = (  0.000000  0.000000  0.296389 )  


     PseudoPot. # 1 for In read from file:
     ./In.pbe-dn-kjpaw_psl.1.0.0.UPF
     MD5 check sum: 235b15e6a7fdfd96486e0ecdcb5b12c6
     Pseudo is Projector augmented-wave + core cor, Zval = 13.0
     Generated using &quot;atomic&quot; code by A. Dal Corso  v.6.3
     Shape of augmentation charge: PSQ
     Using radial grid of 1241 points,  6 beta functions with: 
                l(1) =   0
                l(2) =   0
                l(3) =   1
                l(4) =   1
                l(5) =   2
                l(6) =   2
     Q(r) pseudized with 0 coefficients 


     PseudoPot. # 2 for O  read from file:
     ./O.pbe-n-kjpaw_psl.1.0.0.UPF
     MD5 check sum: e99d9cef9b487d1ca56f5b95ecd0fd7a
     Pseudo is Projector augmented-wave + core cor, Zval =  6.0
     Generated using &quot;atomic&quot; code by A. Dal Corso  v.6.3
     Shape of augmentation charge: PSQ
     Using radial grid of 1095 points,  4 beta functions with: 
                l(1) =   0
                l(2) =   0
                l(3) =   1
                l(4) =   1
     Q(r) pseudized with 0 coefficients 


     PseudoPot. # 3 for H  read from file:
     ./H.pbe-kjpaw_psl.1.0.0.UPF
     MD5 check sum: d81a744832360e4a8af0b0b5b123bc2a
     Pseudo is Projector augmented-wave, Zval =  1.0
     Generated using &quot;atomic&quot; code by A. Dal Corso  v.6.3MaX
     Shape of augmentation charge: PSQ
     Using radial grid of  929 points,  2 beta functions with: 
                l(1) =   0
                l(2) =   0
     Q(r) pseudized with 0 coefficients 


     atomic species   valence    mass     pseudopotential
     In               13.00   114.81800     In( 1.00)
     O                 6.00    15.99900     O ( 1.00)
     H                 1.00     1.00800     H ( 1.00)

      8 Sym. Ops., with inversion, found ( 6 have fractional translation)


                                    s                        frac. trans.

      isym =  1     identity                                     

 cryst.   s( 1) = (     1          0          0      )
                  (     0          1          0      )
                  (     0          0          1      )

 cart.    s( 1) = (  1.0000000  0.0000000  0.0000000 )
                  (  0.0000000  1.0000000  0.0000000 )
                  (  0.0000000  0.0000000  1.0000000 )


      isym =  2     180 deg rotation - cart. axis [0,0,1]        

 cryst.   s( 2) = (    -1          0          0      )    f =(  0.0000000 )
                  (     0         -1          0      )       ( -0.5000000 )
                  (     0          0          1      )       (  0.0000000 )

 cart.    s( 2) = ( -1.0000000  0.0000000  0.0000000 )    f =(  0.0000000 )
                  (  0.0000000 -1.0000000  0.0000000 )       ( -0.4999068 )
                  (  0.0000000  0.0000000  1.0000000 )       (  0.0000000 )


      isym =  3     180 deg rotation - cart. axis [0,1,0]        

 cryst.   s( 3) = (    -1          0          0      )    f =(  0.5000000 )
                  (     0          1          0      )       (  0.0000000 )
                  (     0          0         -1      )       ( -0.0000000 )

 cart.    s( 3) = ( -1.0000000  0.0000000  0.0000000 )    f =(  0.5000000 )
                  (  0.0000000  1.0000000  0.0000000 )       (  0.0000000 )
                  (  0.0000000  0.0000000 -1.0000000 )       ( -0.0000000 )


      isym =  4     180 deg rotation - cart. axis [1,0,0]        

 cryst.   s( 4) = (     1          0          0      )    f =( -0.5000000 )
                  (     0         -1          0      )       ( -0.5000000 )
                  (     0          0         -1      )       ( -0.0000000 )

 cart.    s( 4) = (  1.0000000  0.0000000  0.0000000 )    f =( -0.5000000 )
                  (  0.0000000 -1.0000000  0.0000000 )       ( -0.4999068 )
                  (  0.0000000  0.0000000 -1.0000000 )       ( -0.0000000 )


      isym =  5     inversion                                    

 cryst.   s( 5) = (    -1          0          0      )
                  (     0         -1          0      )
                  (     0          0         -1      )

 cart.    s( 5) = ( -1.0000000  0.0000000  0.0000000 )
                  (  0.0000000 -1.0000000  0.0000000 )
                  (  0.0000000  0.0000000 -1.0000000 )


      isym =  6     inv. 180 deg rotation - cart. axis [0,0,1]   

 cryst.   s( 6) = (     1          0          0      )    f =(  0.0000000 )
                  (     0          1          0      )       (  0.5000000 )
                  (     0          0         -1      )       ( -0.0000000 )

 cart.    s( 6) = (  1.0000000  0.0000000  0.0000000 )    f =(  0.0000000 )
                  (  0.0000000  1.0000000  0.0000000 )       (  0.4999068 )
                  (  0.0000000  0.0000000 -1.0000000 )       ( -0.0000000 )


      isym =  7     inv. 180 deg rotation - cart. axis [0,1,0]   

 cryst.   s( 7) = (     1          0          0      )    f =( -0.5000000 )
                  (     0         -1          0      )       (  0.0000000 )
                  (     0          0          1      )       (  0.0000000 )

 cart.    s( 7) = (  1.0000000  0.0000000  0.0000000 )    f =( -0.5000000 )
                  (  0.0000000 -1.0000000  0.0000000 )       (  0.0000000 )
                  (  0.0000000  0.0000000  1.0000000 )       (  0.0000000 )


      isym =  8     inv. 180 deg rotation - cart. axis [1,0,0]   

 cryst.   s( 8) = (    -1          0          0      )    f =(  0.5000000 )
                  (     0          1          0      )       (  0.5000000 )
                  (     0          0          1      )       (  0.0000000 )

 cart.    s( 8) = ( -1.0000000  0.0000000  0.0000000 )    f =(  0.5000000 )
                  (  0.0000000  1.0000000  0.0000000 )       (  0.4999068 )
                  (  0.0000000  0.0000000  1.0000000 )       (  0.0000000 )


   Cartesian axes

     site n.     atom                  positions (alat units)
         1        In     tau(   1) = (   0.2477884   0.2524314   1.4377810  )
         2        In     tau(   2) = (   0.7522116   0.2474754   1.4377810  )
         3        In     tau(   3) = (   0.2522116   0.2524314   1.9361629  )
         4        In     tau(   4) = (   0.2522116   0.7523382   1.4377810  )
         5        In     tau(   5) = (   0.4644838   0.5018987   1.9353099  )
         6        In     tau(   6) = (   0.0355162   0.5018987   1.4386341  )
         7        In     tau(   7) = (   0.7500000   0.4645322   1.6869720  )
         8        In     tau(   8) = (   0.2500000   0.0353746   1.6869720  )
         9        In     tau(   9) = (   0.5000000   0.7498602   1.6545612  )
        10        In     tau(  10) = (   0.0355162   0.0019919   1.9353099  )
        11        In     tau(  11) = (   0.4644838   0.0019919   1.4386341  )
        12        In     tau(  12) = (   0.0000000   0.2499534   1.6545612  )
        13        O      tau(  13) = (   0.3895937   0.1566307   1.5661185  )
        14        O      tau(  14) = (   0.6104063   0.3432761   1.5661185  )
        15        O      tau(  15) = (   0.1104063   0.1566307   1.8078254  )
        16        O      tau(  16) = (   0.8895937   0.3432761   1.8078254  )
        17        O      tau(  17) = (   0.3807926   0.3940382   1.3430988  )
        18        O      tau(  18) = (   0.3835283   0.6107629   1.5355577  )
        19        O      tau(  19) = (   0.6192074   0.1058686   1.3430988  )
        20        O      tau(  20) = (   0.6164717   0.8889575   1.5355577  )
        21        O      tau(  21) = (   0.1543779   0.3833719   1.5788707  )
        22        O      tau(  22) = (   0.3456221   0.3833719   1.7950732  )
        23        O      tau(  23) = (   0.1844690   0.6022275   1.3059819  )
        24        O      tau(  24) = (   0.3155310   0.6022275   2.0679621  )
        25        O      tau(  25) = (   0.0987520   0.3418824   1.3159406  )
        26        O      tau(  26) = (   0.9012480   0.1580244   1.3159406  )
        27        O      tau(  27) = (   0.4012480   0.3418824   2.0580033  )
        28        O      tau(  28) = (   0.5987520   0.1580244   2.0580033  )
        29        O      tau(  29) = (   0.1164717   0.1108561   1.5355577  )
        30        O      tau(  30) = (   0.1192074   0.8939450   1.3430988  )
        31        O      tau(  31) = (   0.8835283   0.3890507   1.5355577  )
        32        O      tau(  32) = (   0.8807926   0.6057754   1.3430988  )
        33        O      tau(  33) = (   0.3155310   0.1023207   1.3059819  )
        34        O      tau(  34) = (   0.1844690   0.1023207   2.0679621  )
        35        O      tau(  35) = (   0.3456221   0.8832787   1.5788707  )
        36        O      tau(  36) = (   0.1543779   0.8832787   1.7950732  )
        37        In     tau(  37) = (   0.7522116   0.7473822   1.9361629  )
        38        In     tau(  38) = (   0.2477884   0.7523382   1.9361629  )
        39        In     tau(  39) = (   0.7477884   0.7473822   1.4377810  )
        40        In     tau(  40) = (   0.7477884   0.2474754   1.9361629  )
        41        In     tau(  41) = (   0.9644838  -0.0019919   1.4386341  )
        42        In     tau(  42) = (   0.5355162  -0.0019919   1.9353099  )
        43        In     tau(  43) = (   0.0000000   0.7498602   1.7193827  )
        44        In     tau(  44) = (   0.5355162   0.4979149   1.4386341  )
        45        In     tau(  45) = (   0.9644838   0.4979149   1.9353099  )
        46        In     tau(  46) = (   0.2500000   0.5352814   1.6869720  )
        47        In     tau(  47) = (   0.7500000   0.9644390   1.6869720  )
        48        In     tau(  48) = (   0.5000000   0.2499534   1.7193827  )
        49        O      tau(  49) = (   0.9012480   0.6579312   2.0580033  )
        50        O      tau(  50) = (   0.0987520   0.8417892   2.0580033  )
        51        O      tau(  51) = (   0.5987520   0.6579312   1.3159406  )
        52        O      tau(  52) = (   0.4012480   0.8417892   1.3159406  )
        53        O      tau(  53) = (   0.8835283   0.8889575   1.8383862  )
        54        O      tau(  54) = (   0.8807926   0.1058686   2.0308451  )
        55        O      tau(  55) = (   0.1164717   0.6107629   1.8383862  )
        56        O      tau(  56) = (   0.1192074   0.3940382   2.0308451  )
        57        O      tau(  57) = (   0.6844690   0.8974929   2.0679621  )
        58        O      tau(  58) = (   0.8155310   0.8974929   1.3059819  )
        59        O      tau(  59) = (   0.6543779   0.1165349   1.7950732  )
        60        O      tau(  60) = (   0.8456221   0.1165349   1.5788707  )
        61        O      tau(  61) = (   0.6104063   0.8431829   1.8078254  )
        62        O      tau(  62) = (   0.3895937   0.6565375   1.8078254  )
        63        O      tau(  63) = (   0.8895937   0.8431829   1.5661185  )
        64        O      tau(  64) = (   0.1104063   0.6565375   1.5661185  )
        65        O      tau(  65) = (   0.6192074   0.6057754   2.0308451  )
        66        O      tau(  66) = (   0.6164717   0.3890507   1.8383862  )
        67        O      tau(  67) = (   0.3807926   0.8939450   2.0308451  )
        68        O      tau(  68) = (   0.3835283   0.1108561   1.8383862  )
        69        O      tau(  69) = (   0.8456221   0.6164417   1.7950732  )
        70        O      tau(  70) = (   0.6543779   0.6164417   1.5788707  )
        71        O      tau(  71) = (   0.8155310   0.3975861   2.0679621  )
        72        O      tau(  72) = (   0.6844690   0.3975861   1.3059819  )
        73        H      tau(  73) = (   0.3217590   0.4630756   1.3138608  )
        74        H      tau(  74) = (   0.6782410   0.0368312   1.3138608  )
        75        H      tau(  75) = (   0.1367869   0.6459755   1.2374682  )
        76        H      tau(  76) = (   0.3632131   0.6459755   2.1364757  )
        77        H      tau(  77) = (   0.1355230   0.3772115   1.2369454  )
        78        H      tau(  78) = (   0.8644770   0.1226953   1.2369454  )
        79        H      tau(  79) = (   0.3644770   0.3772115   2.1369985  )
        80        H      tau(  80) = (   0.6355230   0.1226953   2.1369985  )
        81        H      tau(  81) = (   0.1782410   0.9629824   1.3138608  )
        82        H      tau(  82) = (   0.8217590   0.5367379   1.3138608  )
        83        H      tau(  83) = (   0.3632131   0.1460687   1.2374682  )
        84        H      tau(  84) = (   0.1367869   0.1460687   2.1364757  )
        85        H      tau(  85) = (   0.8644770   0.6226021   2.1369985  )
        86        H      tau(  86) = (   0.1355230   0.8771183   2.1369985  )
        87        H      tau(  87) = (   0.6355230   0.6226021   1.2369454  )
        88        H      tau(  88) = (   0.3644770   0.8771183   1.2369454  )
        89        H      tau(  89) = (   0.8217590   0.0368312   2.0600832  )
        90        H      tau(  90) = (   0.1782410   0.4630756   2.0600832  )
        91        H      tau(  91) = (   0.6367869   0.8537449   2.1364757  )
        92        H      tau(  92) = (   0.8632130   0.8537449   1.2374682  )
        93        H      tau(  93) = (   0.6782410   0.5367379   2.0600832  )
        94        H      tau(  94) = (   0.3217590   0.9629824   2.0600832  )
        95        H      tau(  95) = (   0.8632130   0.3538381   2.1364757  )
        96        H      tau(  96) = (   0.6367869   0.3538381   1.2374682  )

   Crystallographic axes

     site n.     atom                  positions (cryst. coord.)
         1        In     tau(   1) = (  0.2477884  0.2524785  0.4261425  )
         2        In     tau(   2) = (  0.7522116  0.2475215  0.4261425  )
         3        In     tau(   3) = (  0.2522116  0.2524785  0.5738575  )
         4        In     tau(   4) = (  0.2522116  0.7524785  0.4261425  )
         5        In     tau(   5) = (  0.4644838  0.5019922  0.5736046  )
         6        In     tau(   6) = (  0.0355162  0.5019922  0.4263954  )
         7        In     tau(   7) = (  0.7500000  0.4646188  0.5000000  )
         8        In     tau(   8) = (  0.2500000  0.0353812  0.5000000  )
         9        In     tau(   9) = (  0.5000000  0.7500000  0.4903938  )
        10        In     tau(  10) = (  0.0355162  0.0019922  0.5736046  )
        11        In     tau(  11) = (  0.4644838  0.0019922  0.4263954  )
        12        In     tau(  12) = (  0.0000000  0.2500000  0.4903938  )
        13        O      tau(  13) = (  0.3895937  0.1566599  0.4641804  )
        14        O      tau(  14) = (  0.6104063  0.3433401  0.4641804  )
        15        O      tau(  15) = (  0.1104063  0.1566599  0.5358196  )
        16        O      tau(  16) = (  0.8895937  0.3433401  0.5358196  )
        17        O      tau(  17) = (  0.3807926  0.3941117  0.3980798  )
        18        O      tau(  18) = (  0.3835283  0.6108768  0.4551225  )
        19        O      tau(  19) = (  0.6192074  0.1058883  0.3980798  )
        20        O      tau(  20) = (  0.6164717  0.8891232  0.4551225  )
        21        O      tau(  21) = (  0.1543779  0.3834434  0.4679600  )
        22        O      tau(  22) = (  0.3456221  0.3834434  0.5320400  )
        23        O      tau(  23) = (  0.1844690  0.6023397  0.3870787  )
        24        O      tau(  24) = (  0.3155310  0.6023397  0.6129213  )
        25        O      tau(  25) = (  0.0987520  0.3419461  0.3900304  )
        26        O      tau(  26) = (  0.9012480  0.1580539  0.3900304  )
        27        O      tau(  27) = (  0.4012480  0.3419461  0.6099696  )
        28        O      tau(  28) = (  0.5987520  0.1580539  0.6099696  )
        29        O      tau(  29) = (  0.1164717  0.1108768  0.4551225  )
        30        O      tau(  30) = (  0.1192074  0.8941117  0.3980798  )
        31        O      tau(  31) = (  0.8835283  0.3891232  0.4551225  )
        32        O      tau(  32) = (  0.8807926  0.6058883  0.3980798  )
        33        O      tau(  33) = (  0.3155310  0.1023397  0.3870787  )
        34        O      tau(  34) = (  0.1844690  0.1023397  0.6129213  )
        35        O      tau(  35) = (  0.3456221  0.8834434  0.4679600  )
        36        O      tau(  36) = (  0.1543779  0.8834434  0.5320400  )
        37        In     tau(  37) = (  0.7522116  0.7475215  0.5738575  )
        38        In     tau(  38) = (  0.2477884  0.7524785  0.5738575  )
        39        In     tau(  39) = (  0.7477884  0.7475215  0.4261425  )
        40        In     tau(  40) = (  0.7477884  0.2475215  0.5738575  )
        41        In     tau(  41) = (  0.9644838 -0.0019922  0.4263954  )
        42        In     tau(  42) = (  0.5355162 -0.0019922  0.5736046  )
        43        In     tau(  43) = (  0.0000000  0.7500000  0.5096062  )
        44        In     tau(  44) = (  0.5355162  0.4980078  0.4263954  )
        45        In     tau(  45) = (  0.9644838  0.4980078  0.5736046  )
        46        In     tau(  46) = (  0.2500000  0.5353812  0.5000000  )
        47        In     tau(  47) = (  0.7500000  0.9646188  0.5000000  )
        48        In     tau(  48) = (  0.5000000  0.2500000  0.5096062  )
        49        O      tau(  49) = (  0.9012480  0.6580539  0.6099696  )
        50        O      tau(  50) = (  0.0987520  0.8419461  0.6099696  )
        51        O      tau(  51) = (  0.5987520  0.6580539  0.3900304  )
        52        O      tau(  52) = (  0.4012480  0.8419461  0.3900304  )
        53        O      tau(  53) = (  0.8835283  0.8891232  0.5448775  )
        54        O      tau(  54) = (  0.8807926  0.1058883  0.6019202  )
        55        O      tau(  55) = (  0.1164717  0.6108768  0.5448775  )
        56        O      tau(  56) = (  0.1192074  0.3941117  0.6019202  )
        57        O      tau(  57) = (  0.6844690  0.8976603  0.6129213  )
        58        O      tau(  58) = (  0.8155310  0.8976603  0.3870787  )
        59        O      tau(  59) = (  0.6543779  0.1165566  0.5320400  )
        60        O      tau(  60) = (  0.8456221  0.1165566  0.4679600  )
        61        O      tau(  61) = (  0.6104063  0.8433401  0.5358196  )
        62        O      tau(  62) = (  0.3895937  0.6566599  0.5358196  )
        63        O      tau(  63) = (  0.8895937  0.8433401  0.4641804  )
        64        O      tau(  64) = (  0.1104063  0.6566599  0.4641804  )
        65        O      tau(  65) = (  0.6192074  0.6058883  0.6019202  )
        66        O      tau(  66) = (  0.6164717  0.3891232  0.5448775  )
        67        O      tau(  67) = (  0.3807926  0.8941117  0.6019202  )
        68        O      tau(  68) = (  0.3835283  0.1108768  0.5448775  )
        69        O      tau(  69) = (  0.8456221  0.6165566  0.5320400  )
        70        O      tau(  70) = (  0.6543779  0.6165566  0.4679600  )
        71        O      tau(  71) = (  0.8155310  0.3976603  0.6129213  )
        72        O      tau(  72) = (  0.6844690  0.3976603  0.3870787  )
        73        H      tau(  73) = (  0.3217590  0.4631620  0.3894139  )
        74        H      tau(  74) = (  0.6782410  0.0368380  0.3894139  )
        75        H      tau(  75) = (  0.1367869  0.6460959  0.3667720  )
        76        H      tau(  76) = (  0.3632131  0.6460959  0.6332280  )
        77        H      tau(  77) = (  0.1355230  0.3772818  0.3666171  )
        78        H      tau(  78) = (  0.8644770  0.1227182  0.3666171  )
        79        H      tau(  79) = (  0.3644770  0.3772818  0.6333829  )
        80        H      tau(  80) = (  0.6355230  0.1227182  0.6333829  )
        81        H      tau(  81) = (  0.1782410  0.9631620  0.3894139  )
        82        H      tau(  82) = (  0.8217590  0.5368380  0.3894139  )
        83        H      tau(  83) = (  0.3632131  0.1460959  0.3667720  )
        84        H      tau(  84) = (  0.1367869  0.1460959  0.6332280  )
        85        H      tau(  85) = (  0.8644770  0.6227182  0.6333829  )
        86        H      tau(  86) = (  0.1355230  0.8772818  0.6333829  )
        87        H      tau(  87) = (  0.6355230  0.6227182  0.3666171  )
        88        H      tau(  88) = (  0.3644770  0.8772818  0.3666171  )
        89        H      tau(  89) = (  0.8217590  0.0368380  0.6105861  )
        90        H      tau(  90) = (  0.1782410  0.4631620  0.6105861  )
        91        H      tau(  91) = (  0.6367869  0.8539041  0.6332280  )
        92        H      tau(  92) = (  0.8632130  0.8539041  0.3667720  )
        93        H      tau(  93) = (  0.6782410  0.5368380  0.6105861  )
        94        H      tau(  94) = (  0.3217590  0.9631620  0.6105861  )
        95        H      tau(  95) = (  0.8632130  0.3539041  0.6332280  )
        96        H      tau(  96) = (  0.6367869  0.3539041  0.3667720  )

     number of k points=     4
                       cart. coord. in units 2pi/alat
        k(    1) = (   0.0000000   0.0000000   0.0000000), wk =   0.2222222
        k(    2) = (   0.0000000   0.3333955   0.0000000), wk =   0.4444444
        k(    3) = (   0.3333333   0.0000000   0.0000000), wk =   0.4444444
        k(    4) = (   0.3333333   0.3333955   0.0000000), wk =   0.8888889

                       cryst. coord.
        k(    1) = (   0.0000000   0.0000000   0.0000000), wk =   0.2222222
        k(    2) = (   0.0000000   0.3333333   0.0000000), wk =   0.4444444
        k(    3) = (   0.3333333   0.0000000   0.0000000), wk =   0.4444444
        k(    4) = (   0.3333333   0.3333333   0.0000000), wk =   0.8888889

     Dense  grid:  5746731 G-vectors     FFT dimensions: ( 150, 150, 500)

     Smooth grid:  2031701 G-vectors     FFT dimensions: ( 108, 108, 360)

     Dynamical RAM for                 wfc:     317.79 MB

     Dynamical RAM for     wfc (w. buffer):     317.79 MB

     Dynamical RAM for           str. fact:      65.77 MB

     Dynamical RAM for           local pot:       0.00 MB

     Dynamical RAM for          nlocal pot:     837.09 MB

     Dynamical RAM for                qrad:       5.74 MB

     Dynamical RAM for          rho,v,vnew:     130.14 MB

     Dynamical RAM for               rhoin:      43.38 MB

     Dynamical RAM for            rho*nmix:     350.75 MB

     Dynamical RAM for           G-vectors:      86.08 MB

     Dynamical RAM for          h,s,v(r/c):       4.92 MB

     Dynamical RAM for          <psi|beta>:       4.32 MB

     Dynamical RAM for                 psi:     635.57 MB

     Dynamical RAM for                hpsi:     635.57 MB

     Dynamical RAM for                spsi:     635.57 MB

     Dynamical RAM for      wfcinit/wfcrot:     638.03 MB

     Dynamical RAM for           addusdens:    1298.88 MB

     Dynamical RAM for          addusforce:    1808.75 MB

     Dynamical RAM for         addusstress:    1109.80 MB

     Estimated static dynamical RAM per process >       1.64 GB

     Estimated max dynamical RAM per process >       3.86 GB

     Estimated total dynamical RAM >      57.57 GB

     Initial potential from superposition of free atoms

     starting charge     623.9105, renormalised to     624.0000

     negative rho (up, down):  1.460E-03 0.000E+00
     Starting wfcs are  432 randomized atomic wfcs
     Checking if some PAW data can be deallocated... 
       PAW data deallocated on   12 nodes for type:  1
       PAW data deallocated on    8 nodes for type:  2
       PAW data deallocated on   12 nodes for type:  3

     total cpu time spent up to now is       61.0 secs

     per-process dynamical memory:  1759.6 Mb

     Self-consistent Calculation

     iteration #  1     ecut=    71.00 Ry     beta= 0.20
     Davidson diagonalization with overlap

---- Real-time Memory Report at c_bands before calling an iterative solver
          2489 MiB given to the printing process from OS
          1758 MiB allocation reported by mallinfo(arena+hblkhd)
         76223 MiB available memory on the node where the printing process lives
------------------
     ethr =  1.00E-02,  avg # of iterations =  2.0

     negative rho (up, down):  1.113E-04 0.000E+00

     total cpu time spent up to now is      195.7 secs

     total energy              =  -11890.41787004 Ry
     estimated scf accuracy    <      23.27065579 Ry

     iteration #  2     ecut=    71.00 Ry     beta= 0.20
     Davidson diagonalization with overlap

---- Real-time Memory Report at c_bands before calling an iterative solver
          3661 MiB given to the printing process from OS
          1913 MiB allocation reported by mallinfo(arena+hblkhd)
         84095 MiB available memory on the node where the printing process lives
------------------
     ethr =  3.73E-03,  avg # of iterations =  1.0

     negative rho (up, down):  4.606E-05 0.000E+00

     total cpu time spent up to now is      303.1 secs

     total energy              =  -11883.46860396 Ry
     estimated scf accuracy    <      14.93642682 Ry

     iteration #  3     ecut=    71.00 Ry     beta= 0.20
     Davidson diagonalization with overlap

---- Real-time Memory Report at c_bands before calling an iterative solver
          3757 MiB given to the printing process from OS
          1929 MiB allocation reported by mallinfo(arena+hblkhd)
         88421 MiB available memory on the node where the printing process lives
------------------
     ethr =  2.39E-03,  avg # of iterations =  6.8

     negative rho (up, down):  2.250E-06 0.000E+00

     total cpu time spent up to now is      463.5 secs

     total energy              =  -11887.76905722 Ry
     estimated scf accuracy    <       0.68739951 Ry

     iteration #  4     ecut=    71.00 Ry     beta= 0.20
     Davidson diagonalization with overlap

---- Real-time Memory Report at c_bands before calling an iterative solver
          3913 MiB given to the printing process from OS
          1945 MiB allocation reported by mallinfo(arena+hblkhd)
         84895 MiB available memory on the node where the printing process lives
------------------
     ethr =  1.10E-04,  avg # of iterations =  8.5

     negative rho (up, down):  4.373E-07 0.000E+00

     total cpu time spent up to now is      740.9 secs

     total energy              =  -11888.62007674 Ry
     estimated scf accuracy    <       2.19835252 Ry

     iteration #  5     ecut=    71.00 Ry     beta= 0.20
     Davidson diagonalization with overlap

---- Real-time Memory Report at c_bands before calling an iterative solver
          3940 MiB given to the printing process from OS
          1961 MiB allocation reported by mallinfo(arena+hblkhd)
         88273 MiB available memory on the node where the printing process lives
------------------
     ethr =  1.10E-04,  avg # of iterations =  5.0

     negative rho (up, down):  5.788E-07 0.000E+00

     total cpu time spent up to now is      923.2 secs

     total energy              =  -11888.79740418 Ry
     estimated scf accuracy    <       0.48751059 Ry

     iteration #  6     ecut=    71.00 Ry     beta= 0.20
     Davidson diagonalization with overlap

---- Real-time Memory Report at c_bands before calling an iterative solver
          3943 MiB given to the printing process from OS
          1976 MiB allocation reported by mallinfo(arena+hblkhd)
         82929 MiB available memory on the node where the printing process lives
------------------
     ethr =  7.81E-05,  avg # of iterations =  5.0

     negative rho (up, down):  2.773E-07 0.000E+00

     total cpu time spent up to now is     1107.5 secs

     total energy              =  -11888.85128990 Ry
     estimated scf accuracy    <       0.63559991 Ry

     iteration #  7     ecut=    71.00 Ry     beta= 0.20
     Davidson diagonalization with overlap

---- Real-time Memory Report at c_bands before calling an iterative solver
          3958 MiB given to the printing process from OS
          1992 MiB allocation reported by mallinfo(arena+hblkhd)
         71883 MiB available memory on the node where the printing process lives
------------------
     ethr =  7.81E-05,  avg # of iterations =  1.0

     negative rho (up, down):  1.369E-07 0.000E+00

     total cpu time spent up to now is     1218.8 secs

     total energy              =  -11888.83400489 Ry
     estimated scf accuracy    <       0.30487640 Ry

     iteration #  8     ecut=    71.00 Ry     beta= 0.20
     Davidson diagonalization with overlap

---- Real-time Memory Report at c_bands before calling an iterative solver
          3958 MiB given to the printing process from OS
          2008 MiB allocation reported by mallinfo(arena+hblkhd)
         80504 MiB available memory on the node where the printing process lives
------------------
     ethr =  4.89E-05,  avg # of iterations =  2.0

     negative rho (up, down):  8.674E-08 0.000E+00

     total cpu time spent up to now is     1358.0 secs

     total energy              =  -11888.85612504 Ry
     estimated scf accuracy    <       0.18408038 Ry

     iteration #  9     ecut=    71.00 Ry     beta= 0.20
     Davidson diagonalization with overlap

---- Real-time Memory Report at c_bands before calling an iterative solver
          3958 MiB given to the printing process from OS
          2024 MiB allocation reported by mallinfo(arena+hblkhd)
         74819 MiB available memory on the node where the printing process lives
------------------
     ethr =  2.95E-05,  avg # of iterations =  1.5

     negative rho (up, down):  1.387E-03 0.000E+00

     total cpu time spent up to now is     1480.1 secs

     total energy              =  -11888.91111946 Ry
     estimated scf accuracy    <       0.19296417 Ry

     iteration # 10     ecut=    71.00 Ry     beta= 0.20
     Davidson diagonalization with overlap

---- Real-time Memory Report at c_bands before calling an iterative solver
          3958 MiB given to the printing process from OS
          2039 MiB allocation reported by mallinfo(arena+hblkhd)
         79375 MiB available memory on the node where the printing process lives
------------------
     ethr =  2.95E-05,  avg # of iterations =  1.8

     negative rho (up, down):  2.412E-03 0.000E+00

     total cpu time spent up to now is     1603.5 secs

     total energy              =  -11889.03862170 Ry
     estimated scf accuracy    <       0.34180128 Ry

     iteration # 11     ecut=    71.00 Ry     beta= 0.20
     Davidson diagonalization with overlap

---- Real-time Memory Report at c_bands before calling an iterative solver
          3958 MiB given to the printing process from OS
          2039 MiB allocation reported by mallinfo(arena+hblkhd)
         71873 MiB available memory on the node where the printing process lives
------------------
     ethr =  2.95E-05,  avg # of iterations =  4.8

     negative rho (up, down):  6.546E-02 0.000E+00

     total cpu time spent up to now is     1752.1 secs

     total energy              =  -11888.83109845 Ry
     estimated scf accuracy    <       0.73891369 Ry

     iteration # 12     ecut=    71.00 Ry     beta= 0.20
     Davidson diagonalization with overlap

---- Real-time Memory Report at c_bands before calling an iterative solver
          4019 MiB given to the printing process from OS
          2039 MiB allocation reported by mallinfo(arena+hblkhd)
         80541 MiB available memory on the node where the printing process lives
------------------
     ethr =  2.95E-05,  avg # of iterations = 11.2

     negative rho (up, down):  8.163E-02 0.000E+00

     total cpu time spent up to now is     1892.8 secs

     total energy              =  -11888.75608965 Ry
     estimated scf accuracy    <       0.31772068 Ry

     iteration # 13     ecut=    71.00 Ry     beta= 0.20
     Davidson diagonalization with overlap

---- Real-time Memory Report at c_bands before calling an iterative solver
          4019 MiB given to the printing process from OS
          2039 MiB allocation reported by mallinfo(arena+hblkhd)
         73529 MiB available memory on the node where the printing process lives
------------------
     ethr =  2.95E-05,  avg # of iterations =  5.0

     negative rho (up, down):  2.693E-02 0.000E+00

     total cpu time spent up to now is     2040.5 secs

     total energy              =  -11888.81365251 Ry
     estimated scf accuracy    <       0.07798168 Ry

     iteration # 14     ecut=    71.00 Ry     beta= 0.20
     Davidson diagonalization with overlap

---- Real-time Memory Report at c_bands before calling an iterative solver
          4019 MiB given to the printing process from OS
          2039 MiB allocation reported by mallinfo(arena+hblkhd)
         87706 MiB available memory on the node where the printing process lives
------------------
     ethr =  1.25E-05,  avg # of iterations =  4.5

     negative rho (up, down):  9.875E-03 0.000E+00

     total cpu time spent up to now is     2178.9 secs

     total energy              =  -11888.77873859 Ry
     estimated scf accuracy    <       0.08312707 Ry

     iteration # 15     ecut=    71.00 Ry     beta= 0.20
     Davidson diagonalization with overlap

---- Real-time Memory Report at c_bands before calling an iterative solver
          4019 MiB given to the printing process from OS
          2039 MiB allocation reported by mallinfo(arena+hblkhd)
         92554 MiB available memory on the node where the printing process lives
------------------
     c_bands:  2 eigenvalues not converged
     ethr =  1.25E-05,  avg # of iterations = 17.5

     negative rho (up, down):  2.362E-02 0.000E+00

     total cpu time spent up to now is     2425.5 secs

     total energy              =  -11888.81007294 Ry
     estimated scf accuracy    <       0.07788698 Ry

     iteration # 16     ecut=    71.00 Ry     beta= 0.20
     Davidson diagonalization with overlap

---- Real-time Memory Report at c_bands before calling an iterative solver
          4038 MiB given to the printing process from OS
          2039 MiB allocation reported by mallinfo(arena+hblkhd)
         87949 MiB available memory on the node where the printing process lives
------------------
     ethr =  1.25E-05,  avg # of iterations =  4.0

     negative rho (up, down):  4.185E-02 0.000E+00

     total cpu time spent up to now is     2547.1 secs

     total energy              =  -11888.81746182 Ry
     estimated scf accuracy    <       0.02827027 Ry

     iteration # 17     ecut=    71.00 Ry     beta= 0.20
     Davidson diagonalization with overlap

---- Real-time Memory Report at c_bands before calling an iterative solver
          4038 MiB given to the printing process from OS
          2039 MiB allocation reported by mallinfo(arena+hblkhd)
         93740 MiB available memory on the node where the printing process lives
------------------
     ethr =  4.53E-06,  avg # of iterations = 13.0

     negative rho (up, down):  4.537E-02 0.000E+00

     total cpu time spent up to now is     2800.4 secs

     total energy              =  -11888.76808789 Ry
     estimated scf accuracy    <       0.18547571 Ry

     iteration # 18     ecut=    71.00 Ry     beta= 0.20
     Davidson diagonalization with overlap

---- Real-time Memory Report at c_bands before calling an iterative solver
          4040 MiB given to the printing process from OS
          2039 MiB allocation reported by mallinfo(arena+hblkhd)
         96190 MiB available memory on the node where the printing process lives
------------------
     ethr =  4.53E-06,  avg # of iterations = 15.2

     negative rho (up, down):  5.519E-02 0.000E+00

     total cpu time spent up to now is     3056.1 secs

     total energy              =  -11888.80857889 Ry
     estimated scf accuracy    <       0.02747733 Ry

     iteration # 19     ecut=    71.00 Ry     beta= 0.20
     Davidson diagonalization with overlap

---- Real-time Memory Report at c_bands before calling an iterative solver
          4043 MiB given to the printing process from OS
          2039 MiB allocation reported by mallinfo(arena+hblkhd)
         81003 MiB available memory on the node where the printing process lives
------------------
     ethr =  4.40E-06,  avg # of iterations =  7.0

     negative rho (up, down):  7.417E-02 0.000E+00

     total cpu time spent up to now is     3228.6 secs

     total energy              =  -11888.81577692 Ry
     estimated scf accuracy    <       0.02674379 Ry

     iteration # 20     ecut=    71.00 Ry     beta= 0.20
     Davidson diagonalization with overlap

---- Real-time Memory Report at c_bands before calling an iterative solver
          4043 MiB given to the printing process from OS
          2039 MiB allocation reported by mallinfo(arena+hblkhd)
         92342 MiB available memory on the node where the printing process lives
------------------
     ethr =  4.29E-06,  avg # of iterations = 12.5

     negative rho (up, down):  5.230E-02 0.000E+00

     total cpu time spent up to now is     3351.3 secs

     total energy              =  -11888.83931616 Ry
     estimated scf accuracy    <       0.01613806 Ry

     iteration # 21     ecut=    71.00 Ry     beta= 0.20
     Davidson diagonalization with overlap

---- Real-time Memory Report at c_bands before calling an iterative solver
          4043 MiB given to the printing process from OS
          2039 MiB allocation reported by mallinfo(arena+hblkhd)
         92315 MiB available memory on the node where the printing process lives
------------------
     ethr =  2.59E-06,  avg # of iterations =  9.0

     negative rho (up, down):  6.507E-02 0.000E+00

     total cpu time spent up to now is     3585.4 secs

     total energy              =  -11888.86350530 Ry
     estimated scf accuracy    <       0.19381075 Ry

     iteration # 22     ecut=    71.00 Ry     beta= 0.20
     Davidson diagonalization with overlap

---- Real-time Memory Report at c_bands before calling an iterative solver
          4043 MiB given to the printing process from OS
          2039 MiB allocation reported by mallinfo(arena+hblkhd)
         95948 MiB available memory on the node where the printing process lives
------------------
     ethr =  2.59E-06,  avg # of iterations =  2.0

     negative rho (up, down):  5.441E-02 0.000E+00

     total cpu time spent up to now is     3694.0 secs

     total energy              =  -11888.79795410 Ry
     estimated scf accuracy    <       0.19183373 Ry

     iteration # 23     ecut=    71.00 Ry     beta= 0.20
     Davidson diagonalization with overlap

---- Real-time Memory Report at c_bands before calling an iterative solver
          4043 MiB given to the printing process from OS
          2039 MiB allocation reported by mallinfo(arena+hblkhd)
         98096 MiB available memory on the node where the printing process lives
------------------
     ethr =  2.59E-06,  avg # of iterations =  9.5

     negative rho (up, down):  5.312E-02 0.000E+00

     total cpu time spent up to now is     3911.9 secs

     total energy              =  -11888.81227134 Ry
     estimated scf accuracy    <       0.02385900 Ry

     iteration # 24     ecut=    71.00 Ry     beta= 0.20
     Davidson diagonalization with overlap

---- Real-time Memory Report at c_bands before calling an iterative solver
          4043 MiB given to the printing process from OS
          2039 MiB allocation reported by mallinfo(arena+hblkhd)
         94762 MiB available memory on the node where the printing process lives
------------------
     ethr =  2.59E-06,  avg # of iterations =  6.5

     negative rho (up, down):  5.367E-02 0.000E+00

     total cpu time spent up to now is     4024.9 secs

     total energy              =  -11888.81789793 Ry
     estimated scf accuracy    <       0.01436565 Ry

     iteration # 25     ecut=    71.00 Ry     beta= 0.20
     Davidson diagonalization with overlap

---- Real-time Memory Report at c_bands before calling an iterative solver
          4043 MiB given to the printing process from OS
          2039 MiB allocation reported by mallinfo(arena+hblkhd)
         85078 MiB available memory on the node where the printing process lives
------------------
     ethr =  2.30E-06,  avg # of iterations =  1.2

     negative rho (up, down):  4.636E-02 0.000E+00

     total cpu time spent up to now is     4132.0 secs

     total energy              =  -11888.80302703 Ry
     estimated scf accuracy    <       0.02477117 Ry

     iteration # 26     ecut=    71.00 Ry     beta= 0.20
     Davidson diagonalization with overlap

---- Real-time Memory Report at c_bands before calling an iterative solver
          4043 MiB given to the printing process from OS
          2039 MiB allocation reported by mallinfo(arena+hblkhd)
         82870 MiB available memory on the node where the printing process lives
------------------
     ethr =  2.30E-06,  avg # of iterations = 10.2

     negative rho (up, down):  3.823E-02 0.000E+00

     total cpu time spent up to now is     4377.9 secs

     total energy              =  -11888.78674094 Ry
     estimated scf accuracy    <       0.05932989 Ry

     iteration # 27     ecut=    71.00 Ry     beta= 0.20
     Davidson diagonalization with overlap

---- Real-time Memory Report at c_bands before calling an iterative solver
          4043 MiB given to the printing process from OS
          2039 MiB allocation reported by mallinfo(arena+hblkhd)
         96649 MiB available memory on the node where the printing process lives
------------------
     ethr =  2.30E-06,  avg # of iterations =  8.5

     negative rho (up, down):  3.166E-02 0.000E+00

     total cpu time spent up to now is     4617.3 secs

     total energy              =  -11888.80083859 Ry
     estimated scf accuracy    <       0.07230717 Ry

     iteration # 28     ecut=    71.00 Ry     beta= 0.20
     Davidson diagonalization with overlap

---- Real-time Memory Report at c_bands before calling an iterative solver
          4043 MiB given to the printing process from OS
          2039 MiB allocation reported by mallinfo(arena+hblkhd)
         96093 MiB available memory on the node where the printing process lives
------------------
     ethr =  2.30E-06,  avg # of iterations =  6.0

     negative rho (up, down):  3.117E-02 0.000E+00

     total cpu time spent up to now is     4826.4 secs

     total energy              =  -11888.80863987 Ry
     estimated scf accuracy    <       0.00675852 Ry

     iteration # 29     ecut=    71.00 Ry     beta= 0.20
     Davidson diagonalization with overlap

---- Real-time Memory Report at c_bands before calling an iterative solver
          4043 MiB given to the printing process from OS
          2039 MiB allocation reported by mallinfo(arena+hblkhd)
        106039 MiB available memory on the node where the printing process lives
------------------
     ethr =  1.08E-06,  avg # of iterations = 17.2

     negative rho (up, down):  2.954E-02 0.000E+00

     total cpu time spent up to now is     5029.9 secs

     total energy              =  -11888.81165061 Ry
     estimated scf accuracy    <       0.00625755 Ry

     iteration # 30     ecut=    71.00 Ry     beta= 0.20
     Davidson diagonalization with overlap

---- Real-time Memory Report at c_bands before calling an iterative solver
          4043 MiB given to the printing process from OS
          2039 MiB allocation reported by mallinfo(arena+hblkhd)
        102170 MiB available memory on the node where the printing process lives
------------------
     ethr =  1.00E-06,  avg # of iterations =  2.0

     negative rho (up, down):  2.615E-02 0.000E+00

     total cpu time spent up to now is     5138.5 secs

     total energy              =  -11888.80950941 Ry
     estimated scf accuracy    <       0.00390403 Ry

     iteration # 31     ecut=    71.00 Ry     beta= 0.20
     Davidson diagonalization with overlap

---- Real-time Memory Report at c_bands before calling an iterative solver
          4043 MiB given to the printing process from OS
          2039 MiB allocation reported by mallinfo(arena+hblkhd)
        103687 MiB available memory on the node where the printing process lives
------------------
     ethr =  6.26E-07,  avg # of iterations =  6.0

     negative rho (up, down):  1.884E-02 0.000E+00

     total cpu time spent up to now is     5325.4 secs

     total energy              =  -11888.81055817 Ry
     estimated scf accuracy    <       0.00208771 Ry

     iteration # 32     ecut=    71.00 Ry     beta= 0.20
     Davidson diagonalization with overlap

---- Real-time Memory Report at c_bands before calling an iterative solver
          4043 MiB given to the printing process from OS
          2039 MiB allocation reported by mallinfo(arena+hblkhd)
        107711 MiB available memory on the node where the printing process lives
------------------
     ethr =  3.35E-07,  avg # of iterations =  4.2

     negative rho (up, down):  4.416E-03 0.000E+00

     total cpu time spent up to now is     5453.6 secs

     total energy              =  -11888.81090968 Ry
     estimated scf accuracy    <       0.00021312 Ry

     iteration # 33     ecut=    71.00 Ry     beta= 0.20
     Davidson diagonalization with overlap

---- Real-time Memory Report at c_bands before calling an iterative solver
          4043 MiB given to the printing process from OS
          2039 MiB allocation reported by mallinfo(arena+hblkhd)
        106870 MiB available memory on the node where the printing process lives
------------------
     ethr =  3.42E-08,  avg # of iterations =  8.5

     negative rho (up, down):  1.487E-03 0.000E+00

     total cpu time spent up to now is     5710.2 secs

     total energy              =  -11888.81052346 Ry
     estimated scf accuracy    <       0.00288774 Ry

     iteration # 34     ecut=    71.00 Ry     beta= 0.20
     Davidson diagonalization with overlap

---- Real-time Memory Report at c_bands before calling an iterative solver
          4043 MiB given to the printing process from OS
          2039 MiB allocation reported by mallinfo(arena+hblkhd)
        105499 MiB available memory on the node where the printing process lives
------------------
     ethr =  3.42E-08,  avg # of iterations =  6.2

     negative rho (up, down):  1.709E-03 0.000E+00

     total cpu time spent up to now is     5911.8 secs

     total energy              =  -11888.81104886 Ry
     estimated scf accuracy    <       0.00001377 Ry

     iteration # 35     ecut=    71.00 Ry     beta= 0.20
     Davidson diagonalization with overlap

---- Real-time Memory Report at c_bands before calling an iterative solver
          4043 MiB given to the printing process from OS
          2039 MiB allocation reported by mallinfo(arena+hblkhd)
        105827 MiB available memory on the node where the printing process lives
------------------
     ethr =  2.21E-09,  avg # of iterations =  8.5

     negative rho (up, down):  1.652E-03 0.000E+00

     total cpu time spent up to now is     6103.8 secs

     total energy              =  -11888.81105321 Ry
     estimated scf accuracy    <       0.00003265 Ry

     iteration # 36     ecut=    71.00 Ry     beta= 0.20
     Davidson diagonalization with overlap

---- Real-time Memory Report at c_bands before calling an iterative solver
          4043 MiB given to the printing process from OS
          2039 MiB allocation reported by mallinfo(arena+hblkhd)
        100276 MiB available memory on the node where the printing process lives
------------------
     ethr =  2.21E-09,  avg # of iterations =  5.8

     negative rho (up, down):  1.792E-03 0.000E+00

     total cpu time spent up to now is     6283.1 secs

     total energy              =  -11888.81106133 Ry
     estimated scf accuracy    <       0.00000430 Ry

     iteration # 37     ecut=    71.00 Ry     beta= 0.20
     Davidson diagonalization with overlap

---- Real-time Memory Report at c_bands before calling an iterative solver
          4043 MiB given to the printing process from OS
          2039 MiB allocation reported by mallinfo(arena+hblkhd)
         84690 MiB available memory on the node where the printing process lives
------------------
     ethr =  6.89E-10,  avg # of iterations =  5.0

     negative rho (up, down):  1.877E-03 0.000E+00

     total cpu time spent up to now is     6416.7 secs

     total energy              =  -11888.81106068 Ry
     estimated scf accuracy    <       0.00000302 Ry

     iteration # 38     ecut=    71.00 Ry     beta= 0.20
     Davidson diagonalization with overlap

---- Real-time Memory Report at c_bands before calling an iterative solver
          4043 MiB given to the printing process from OS
          2039 MiB allocation reported by mallinfo(arena+hblkhd)
         85628 MiB available memory on the node where the printing process lives
------------------
     ethr =  4.83E-10,  avg # of iterations =  2.0

     negative rho (up, down):  1.914E-03 0.000E+00

     total cpu time spent up to now is     6548.7 secs

     total energy              =  -11888.81106084 Ry
     estimated scf accuracy    <       0.00000049 Ry

     iteration # 39     ecut=    71.00 Ry     beta= 0.20
     Davidson diagonalization with overlap

---- Real-time Memory Report at c_bands before calling an iterative solver
          4043 MiB given to the printing process from OS
          2039 MiB allocation reported by mallinfo(arena+hblkhd)
         86155 MiB available memory on the node where the printing process lives
------------------
     ethr =  7.81E-11,  avg # of iterations =  6.0

     negative rho (up, down):  1.889E-03 0.000E+00

     total cpu time spent up to now is     6783.6 secs

     total energy              =  -11888.81106118 Ry
     estimated scf accuracy    <       0.00000155 Ry

     iteration # 40     ecut=    71.00 Ry     beta= 0.20
     Davidson diagonalization with overlap

---- Real-time Memory Report at c_bands before calling an iterative solver
          4043 MiB given to the printing process from OS
          2039 MiB allocation reported by mallinfo(arena+hblkhd)
         89405 MiB available memory on the node where the printing process lives
------------------
     ethr =  7.81E-11,  avg # of iterations =  4.0

     negative rho (up, down):  1.855E-03 0.000E+00

     total cpu time spent up to now is     6957.0 secs

     total energy              =  -11888.81106137 Ry
     estimated scf accuracy    <       0.00000006 Ry

     iteration # 41     ecut=    71.00 Ry     beta= 0.20
     Davidson diagonalization with overlap

---- Real-time Memory Report at c_bands before calling an iterative solver
          4043 MiB given to the printing process from OS
          2039 MiB allocation reported by mallinfo(arena+hblkhd)
        102607 MiB available memory on the node where the printing process lives
------------------
     ethr =  8.96E-12,  avg # of iterations =  6.8

     negative rho (up, down):  1.833E-03 0.000E+00

     total cpu time spent up to now is     7186.9 secs

     total energy              =  -11888.81106132 Ry
     estimated scf accuracy    <       0.00000025 Ry

     iteration # 42     ecut=    71.00 Ry     beta= 0.20
     Davidson diagonalization with overlap

---- Real-time Memory Report at c_bands before calling an iterative solver
          4043 MiB given to the printing process from OS
          2039 MiB allocation reported by mallinfo(arena+hblkhd)
         97532 MiB available memory on the node where the printing process lives
------------------
     ethr =  8.96E-12,  avg # of iterations =  6.0

     negative rho (up, down):  1.820E-03 0.000E+00

     total cpu time spent up to now is     7423.3 secs

     total energy              =  -11888.81106136 Ry
     estimated scf accuracy    <       0.00000003 Ry

     iteration # 43     ecut=    71.00 Ry     beta= 0.20
     Davidson diagonalization with overlap

---- Real-time Memory Report at c_bands before calling an iterative solver
          4043 MiB given to the printing process from OS
          2039 MiB allocation reported by mallinfo(arena+hblkhd)
        100846 MiB available memory on the node where the printing process lives
------------------
     ethr =  4.11E-12,  avg # of iterations =  2.0

     negative rho (up, down):  1.801E-03 0.000E+00

     total cpu time spent up to now is     7544.8 secs

     total energy              =  -11888.81106135 Ry
     estimated scf accuracy    <          6.6E-09 Ry

     iteration # 44     ecut=    71.00 Ry     beta= 0.20
     Davidson diagonalization with overlap

---- Real-time Memory Report at c_bands before calling an iterative solver
          4043 MiB given to the printing process from OS
          2039 MiB allocation reported by mallinfo(arena+hblkhd)
        100638 MiB available memory on the node where the printing process lives
------------------
     ethr =  1.05E-12,  avg # of iterations =  6.0

     negative rho (up, down):  1.795E-03 0.000E+00

     total cpu time spent up to now is     7778.9 secs

     total energy              =  -11888.81106134 Ry
     estimated scf accuracy    <       0.00000002 Ry

     iteration # 45     ecut=    71.00 Ry     beta= 0.20
     Davidson diagonalization with overlap

---- Real-time Memory Report at c_bands before calling an iterative solver
          4043 MiB given to the printing process from OS
          2039 MiB allocation reported by mallinfo(arena+hblkhd)
         93736 MiB available memory on the node where the printing process lives
------------------
     ethr =  1.05E-12,  avg # of iterations =  6.0

     negative rho (up, down):  1.785E-03 0.000E+00

     total cpu time spent up to now is     7991.3 secs

     total energy              =  -11888.81106135 Ry
     estimated scf accuracy    <          5.1E-09 Ry

     iteration # 46     ecut=    71.00 Ry     beta= 0.20
     Davidson diagonalization with overlap

---- Real-time Memory Report at c_bands before calling an iterative solver
          4043 MiB given to the printing process from OS
          2039 MiB allocation reported by mallinfo(arena+hblkhd)
        104381 MiB available memory on the node where the printing process lives
------------------
     ethr =  8.20E-13,  avg # of iterations =  1.0

     negative rho (up, down):  1.785E-03 0.000E+00

     total cpu time spent up to now is     8084.2 secs

     total energy              =  -11888.81106135 Ry
     estimated scf accuracy    <          3.3E-09 Ry

     iteration # 47     ecut=    71.00 Ry     beta= 0.20
     Davidson diagonalization with overlap

---- Real-time Memory Report at c_bands before calling an iterative solver
          4043 MiB given to the printing process from OS
          2039 MiB allocation reported by mallinfo(arena+hblkhd)
        106273 MiB available memory on the node where the printing process lives
------------------
     ethr =  5.32E-13,  avg # of iterations =  2.0

     negative rho (up, down):  1.790E-03 0.000E+00

     total cpu time spent up to now is     8193.7 secs

     End of self-consistent calculation

          k = 0.0000 0.0000 0.0000 (253973 PWs)   bands (ev):

   -20.5981 -20.5882 -20.4803 -20.4784 -20.4520 -20.4511 -20.4074 -20.4072
   -20.2528 -20.2523 -20.1889 -20.1888 -20.1611 -20.1605 -20.1286 -20.1279
   -20.1276 -20.1270 -20.0838 -20.0833 -20.0410 -20.0399 -20.0316 -20.0316
   -19.4107 -19.2341 -19.1396 -19.1348 -19.1330 -19.1027 -19.0847 -18.9696
   -18.9630 -18.9520 -18.9413 -18.8612 -18.8598 -18.8315 -18.8275 -18.8223
   -18.7607 -18.7578 -18.7552 -18.7324 -18.6837 -18.6743 -18.6690 -18.5961
   -14.7234 -14.7195 -14.7118 -14.7096 -14.6968 -14.6910 -14.6871 -14.6759
   -14.6727 -14.6720 -14.6640 -14.6609 -14.6599 -14.6501 -14.6453 -14.6444
   -14.6421 -14.6402 -14.6395 -14.6320 -14.6227 -14.6183 -14.6159 -14.6154
   -14.6020 -14.6011 -14.5975 -14.5968 -14.5925 -14.5874 -14.5847 -14.5838
   -14.5809 -14.5793 -14.5742 -14.5733 -14.5662 -14.5653 -14.5622 -14.5572
   -14.5380 -14.5365 -14.5263 -14.5242 -14.5220 -14.5194 -14.5116 -14.5103
   -14.5067 -14.5044 -14.5017 -14.5000 -14.4946 -14.4842 -14.4791 -14.4791
   -14.4788 -14.4781 -14.4714 -14.4662 -14.4618 -14.4581 -14.4561 -14.4532
   -14.4486 -14.4484 -14.4447 -14.4415 -14.4315 -14.4290 -14.4262 -14.4249
   -14.4229 -14.4195 -14.4190 -14.4129 -14.4128 -14.4001 -14.3953 -14.3909
   -14.3815 -14.3815 -14.3780 -14.3773 -14.3675 -14.3648 -14.3632 -14.3581
   -14.3565 -14.3519 -14.3467 -14.3455 -14.3336 -14.3290 -14.3220 -14.3097
   -14.3046 -14.2908 -14.2862 -14.2690 -14.2528 -14.2450 -14.2303 -14.2137
   -14.1050 -14.0614 -14.0291 -13.9875 -13.9542 -13.9363 -13.8876 -13.8744
   -13.8374 -13.7363 -13.6947 -13.6911 -13.6448 -13.5694 -13.5593 -13.5124
    -8.1754  -8.1593  -8.0693  -8.0377  -8.0079  -7.9920  -7.9853  -7.9171
    -7.8716  -7.8369  -7.8197  -7.7827  -7.7756  -7.7455  -7.7047  -7.6216
    -7.5822  -7.3169  -7.2806  -7.2279  -7.0976  -7.0607  -7.0559  -6.9813
    -6.9626  -6.9434  -6.8916  -6.7936  -6.7431  -6.7130  -6.6912  -6.6463
    -6.4919  -6.4312  -6.3704  -6.2573  -6.1918  -6.1704  -6.1563  -6.0393
    -6.0154  -5.9208  -5.9145  -5.8253  -5.8152  -5.7040  -5.5680  -5.5299
    -5.4976  -5.4157  -5.3689  -5.3223  -5.2086  -5.1071  -5.0878  -5.0851
    -5.0767  -5.0151  -4.9992  -4.9302  -4.9085  -4.8902  -4.8694  -4.8292
    -4.6820  -4.6570  -4.5450  -4.4261  -4.3850  -4.3705  -4.3569  -4.3425
    -4.3404  -4.3078  -4.3034  -4.2196  -4.2155  -4.2027  -4.1530  -4.1291
    -4.1188  -4.0449  -4.0334  -4.0299  -4.0198  -3.9811  -3.9544  -3.9430
    -3.9363  -3.8623  -3.8286  -3.8284  -3.7384  -3.7120  -3.6731  -3.6415
    -3.6332  -3.5697  -3.5220  -3.4569  -3.4381  -3.3957  -3.3832  -3.3559
    -3.3399  -3.3342  -3.3186  -3.2517  -3.1744  -3.1628  -3.1612  -3.1553
    -3.1423  -3.0383  -3.0042  -2.8925  -2.8676  -2.8673  -2.8230  -2.8198
    -2.8102  -2.8039  -2.8022  -2.8015  -2.7198  -2.7181  -2.7140  -2.7107
    -2.6829  -2.6474  -2.6429  -2.6134  -2.5746  -2.5719  -2.5565  -2.5507
    -2.5425  -2.5252  -2.5063  -2.4642  -2.4280  -2.3624  -2.3435  -2.3403
    -0.5518   0.9471   1.8966   1.9015   1.9170   1.9473   2.1531   2.5508
     2.6713   2.7540   2.8170   2.8464   2.9279   2.9825   3.0028   3.0427

     occupation numbers 
     1.0000   1.0000   1.0000   1.0000   1.0000   1.0000   1.0000   1.0000
     1.0000   1.0000   1.0000   1.0000   1.0000   1.0000   1.0000   1.0000
     1.0000   1.0000   1.0000   1.0000   1.0000   1.0000   1.0000   1.0000
     1.0000   1.0000   1.0000   1.0000   1.0000   1.0000   1.0000   1.0000
     1.0000   1.0000   1.0000   1.0000   1.0000   1.0000   1.0000   1.0000
     1.0000   1.0000   1.0000   1.0000   1.0000   1.0000   1.0000   1.0000
     1.0000   1.0000   1.0000   1.0000   1.0000   1.0000   1.0000   1.0000
     1.0000   1.0000   1.0000   1.0000   1.0000   1.0000   1.0000   1.0000
     1.0000   1.0000   1.0000   1.0000   1.0000   1.0000   1.0000   1.0000
     1.0000   1.0000   1.0000   1.0000   1.0000   1.0000   1.0000   1.0000
     1.0000   1.0000   1.0000   1.0000   1.0000   1.0000   1.0000   1.0000
     1.0000   1.0000   1.0000   1.0000   1.0000   1.0000   1.0000   1.0000
     1.0000   1.0000   1.0000   1.0000   1.0000   1.0000   1.0000   1.0000
     1.0000   1.0000   1.0000   1.0000   1.0000   1.0000   1.0000   1.0000
     1.0000   1.0000   1.0000   1.0000   1.0000   1.0000   1.0000   1.0000
     1.0000   1.0000   1.0000   1.0000   1.0000   1.0000   1.0000   1.0000
     1.0000   1.0000   1.0000   1.0000   1.0000   1.0000   1.0000   1.0000
     1.0000   1.0000   1.0000   1.0000   1.0000   1.0000   1.0000   1.0000
     1.0000   1.0000   1.0000   1.0000   1.0000   1.0000   1.0000   1.0000
     1.0000   1.0000   1.0000   1.0000   1.0000   1.0000   1.0000   1.0000
     1.0000   1.0000   1.0000   1.0000   1.0000   1.0000   1.0000   1.0000
     1.0000   1.0000   1.0000   1.0000   1.0000   1.0000   1.0000   1.0000
     1.0000   1.0000   1.0000   1.0000   1.0000   1.0000   1.0000   1.0000
     1.0000   1.0000   1.0000   1.0000   1.0000   1.0000   1.0000   1.0000
     1.0000   1.0000   1.0000   1.0000   1.0000   1.0000   1.0000   1.0000
     1.0000   1.0000   1.0000   1.0000   1.0000   1.0000   1.0000   1.0000
     1.0000   1.0000   1.0000   1.0000   1.0000   1.0000   1.0000   1.0000
     1.0000   1.0000   1.0000   1.0000   1.0000   1.0000   1.0000   1.0000
     1.0000   1.0000   1.0000   1.0000   1.0000   1.0000   1.0000   1.0000
     1.0000   1.0000   1.0000   1.0000   1.0000   1.0000   1.0000   1.0000
     1.0000   1.0000   1.0000   1.0000   1.0000   1.0000   1.0000   1.0000
     1.0000   1.0000   1.0000   1.0000   1.0000   1.0000   1.0000   1.0000
     1.0000   1.0000   1.0000   1.0000   1.0000   1.0000   1.0000   1.0000
     1.0000   1.0000   1.0000   1.0000   1.0000   1.0000   1.0000   1.0000
     1.0000   1.0000   1.0000   1.0000   1.0000   1.0000   1.0000   1.0000
     1.0000   1.0000   1.0000   1.0000   1.0000   1.0000   1.0000   1.0000
     1.0000   1.0000   1.0000   1.0000   1.0000   1.0000   1.0000   1.0000
     1.0000   1.0000   1.0000   1.0000   1.0000   1.0000   1.0000   1.0000
     1.0000   1.0000   1.0000   1.0000   1.0000   1.0000   1.0000   1.0000
     0.0000   0.0000   0.0000   0.0000   0.0000   0.0000   0.0000   0.0000
     0.0000   0.0000   0.0000   0.0000   0.0000   0.0000   0.0000   0.0000

          k = 0.0000 0.3334 0.0000 (254028 PWs)   bands (ev):

   -20.5698 -20.5620 -20.5006 -20.4971 -20.4646 -20.4633 -20.4285 -20.4283
   -20.2164 -20.2163 -20.1761 -20.1758 -20.1715 -20.1708 -20.1380 -20.1369
   -20.1151 -20.1144 -20.0934 -20.0931 -20.0429 -20.0419 -20.0373 -20.0370
   -19.3822 -19.3047 -19.1458 -19.1375 -19.1211 -19.0970 -19.0017 -18.9691
   -18.9664 -18.9461 -18.9411 -18.8957 -18.8542 -18.8314 -18.8292 -18.8284
   -18.7703 -18.7645 -18.7600 -18.7573 -18.6727 -18.6701 -18.6417 -18.6074
   -14.7133 -14.7080 -14.7080 -14.6895 -14.6884 -14.6853 -14.6799 -14.6776
   -14.6770 -14.6763 -14.6709 -14.6595 -14.6538 -14.6501 -14.6481 -14.6458
   -14.6362 -14.6331 -14.6303 -14.6266 -14.6259 -14.6198 -14.6170 -14.6089
   -14.6083 -14.6022 -14.6018 -14.5981 -14.5953 -14.5878 -14.5839 -14.5806
   -14.5801 -14.5799 -14.5796 -14.5775 -14.5715 -14.5652 -14.5565 -14.5498
   -14.5467 -14.5442 -14.5441 -14.5347 -14.5322 -14.5320 -14.5318 -14.5310
   -14.5173 -14.5113 -14.5050 -14.5025 -14.5006 -14.5000 -14.4924 -14.4886
   -14.4820 -14.4764 -14.4672 -14.4656 -14.4625 -14.4586 -14.4506 -14.4473
   -14.4439 -14.4438 -14.4419 -14.4367 -14.4342 -14.4282 -14.4274 -14.4261
   -14.4254 -14.4150 -14.4131 -14.3988 -14.3963 -14.3943 -14.3877 -14.3847
   -14.3839 -14.3756 -14.3756 -14.3753 -14.3688 -14.3678 -14.3676 -14.3582
   -14.3559 -14.3558 -14.3476 -14.3438 -14.3411 -14.3323 -14.3294 -14.3134
   -14.3079 -14.3018 -14.2969 -14.2666 -14.2339 -14.2289 -14.2023 -14.1943
   -14.1300 -14.0393 -14.0181 -14.0006 -13.9273 -13.8981 -13.8841 -13.8710
   -13.8212 -13.7659 -13.7609 -13.7378 -13.5836 -13.5645 -13.5595 -13.5309
    -8.1620  -8.1285  -8.1175  -8.0512  -8.0248  -8.0173  -7.9932  -7.9681
    -7.8853  -7.8570  -7.8126  -7.7974  -7.6802  -7.6781  -7.6321  -7.6079
    -7.4689  -7.2724  -7.2650  -7.2357  -7.1713  -7.1500  -7.1388  -7.0214
    -6.9638  -6.9262  -6.8209  -6.8186  -6.7547  -6.7245  -6.7217  -6.6534
    -6.6017  -6.5590  -6.4135  -6.2150  -6.2039  -6.1038  -6.0943  -6.0767
    -6.0355  -6.0141  -5.9701  -5.8198  -5.6313  -5.5696  -5.5278  -5.4403
    -5.3819  -5.3769  -5.3234  -5.2660  -5.2543  -5.1755  -5.1581  -5.0979
    -4.9596  -4.9541  -4.9313  -4.9200  -4.8599  -4.8257  -4.7509  -4.7207
    -4.7015  -4.6762  -4.6741  -4.6399  -4.6104  -4.5686  -4.5544  -4.4292
    -4.3761  -4.3239  -4.2774  -4.2735  -4.2541  -4.2011  -4.1614  -4.1027
    -4.0834  -4.0325  -4.0299  -3.9891  -3.9394  -3.9363  -3.9314  -3.8679
    -3.8675  -3.8514  -3.7861  -3.7663  -3.7163  -3.6702  -3.6437  -3.5728
    -3.5588  -3.5487  -3.5410  -3.5138  -3.4834  -3.4268  -3.4061  -3.3585
    -3.2971  -3.2704  -3.2320  -3.2017  -3.1863  -3.1725  -3.1719  -3.1478
    -3.1146  -3.0634  -3.0363  -3.0162  -3.0080  -2.9502  -2.9130  -2.8764
    -2.8562  -2.8316  -2.8087  -2.7441  -2.7329  -2.7241  -2.7058  -2.6885
    -2.6797  -2.6589  -2.6411  -2.5960  -2.5933  -2.5863  -2.5715  -2.5710
    -2.5495  -2.5120  -2.4400  -2.4323  -2.4216  -2.3815  -2.3713  -2.3703
    -0.0771   0.8844   1.2216   1.8670   2.0942   2.0976   2.3420   2.4845
     2.5370   2.7225   2.8121   2.8199   2.9243   2.9837   3.0223   3.0490

     occupation numbers 
     1.0000   1.0000   1.0000   1.0000   1.0000   1.0000   1.0000   1.0000
     1.0000   1.0000   1.0000   1.0000   1.0000   1.0000   1.0000   1.0000
     1.0000   1.0000   1.0000   1.0000   1.0000   1.0000   1.0000   1.0000
     1.0000   1.0000   1.0000   1.0000   1.0000   1.0000   1.0000   1.0000
     1.0000   1.0000   1.0000   1.0000   1.0000   1.0000   1.0000   1.0000
     1.0000   1.0000   1.0000   1.0000   1.0000   1.0000   1.0000   1.0000
     1.0000   1.0000   1.0000   1.0000   1.0000   1.0000   1.0000   1.0000
     1.0000   1.0000   1.0000   1.0000   1.0000   1.0000   1.0000   1.0000
     1.0000   1.0000   1.0000   1.0000   1.0000   1.0000   1.0000   1.0000
     1.0000   1.0000   1.0000   1.0000   1.0000   1.0000   1.0000   1.0000
     1.0000   1.0000   1.0000   1.0000   1.0000   1.0000   1.0000   1.0000
     1.0000   1.0000   1.0000   1.0000   1.0000   1.0000   1.0000   1.0000
     1.0000   1.0000   1.0000   1.0000   1.0000   1.0000   1.0000   1.0000
     1.0000   1.0000   1.0000   1.0000   1.0000   1.0000   1.0000   1.0000
     1.0000   1.0000   1.0000   1.0000   1.0000   1.0000   1.0000   1.0000
     1.0000   1.0000   1.0000   1.0000   1.0000   1.0000   1.0000   1.0000
     1.0000   1.0000   1.0000   1.0000   1.0000   1.0000   1.0000   1.0000
     1.0000   1.0000   1.0000   1.0000   1.0000   1.0000   1.0000   1.0000
     1.0000   1.0000   1.0000   1.0000   1.0000   1.0000   1.0000   1.0000
     1.0000   1.0000   1.0000   1.0000   1.0000   1.0000   1.0000   1.0000
     1.0000   1.0000   1.0000   1.0000   1.0000   1.0000   1.0000   1.0000
     1.0000   1.0000   1.0000   1.0000   1.0000   1.0000   1.0000   1.0000
     1.0000   1.0000   1.0000   1.0000   1.0000   1.0000   1.0000   1.0000
     1.0000   1.0000   1.0000   1.0000   1.0000   1.0000   1.0000   1.0000
     1.0000   1.0000   1.0000   1.0000   1.0000   1.0000   1.0000   1.0000
     1.0000   1.0000   1.0000   1.0000   1.0000   1.0000   1.0000   1.0000
     1.0000   1.0000   1.0000   1.0000   1.0000   1.0000   1.0000   1.0000
     1.0000   1.0000   1.0000   1.0000   1.0000   1.0000   1.0000   1.0000
     1.0000   1.0000   1.0000   1.0000   1.0000   1.0000   1.0000   1.0000
     1.0000   1.0000   1.0000   1.0000   1.0000   1.0000   1.0000   1.0000
     1.0000   1.0000   1.0000   1.0000   1.0000   1.0000   1.0000   1.0000
     1.0000   1.0000   1.0000   1.0000   1.0000   1.0000   1.0000   1.0000
     1.0000   1.0000   1.0000   1.0000   1.0000   1.0000   1.0000   1.0000
     1.0000   1.0000   1.0000   1.0000   1.0000   1.0000   1.0000   1.0000
     1.0000   1.0000   1.0000   1.0000   1.0000   1.0000   1.0000   1.0000
     1.0000   1.0000   1.0000   1.0000   1.0000   1.0000   1.0000   1.0000
     1.0000   1.0000   1.0000   1.0000   1.0000   1.0000   1.0000   1.0000
     1.0000   1.0000   1.0000   1.0000   1.0000   1.0000   1.0000   1.0000
     1.0000   1.0000   1.0000   1.0000   1.0000   1.0000   1.0000   1.0000
     0.0000   0.0000   0.0000   0.0000   0.0000   0.0000   0.0000   0.0000
     0.0000   0.0000   0.0000   0.0000   0.0000   0.0000   0.0000   0.0000

          k = 0.3333 0.0000 0.0000 (254038 PWs)   bands (ev):

   -20.5738 -20.5659 -20.5169 -20.5128 -20.4411 -20.4406 -20.4182 -20.4181
   -20.2368 -20.2363 -20.2071 -20.2069 -20.1404 -20.1402 -20.1186 -20.1184
   -20.1178 -20.1170 -20.1019 -20.1015 -20.0424 -20.0424 -20.0377 -20.0373
   -19.3757 -19.2767 -19.2186 -19.1772 -19.0923 -19.0758 -19.0008 -18.9695
   -18.9557 -18.9394 -18.9347 -18.8586 -18.8429 -18.8392 -18.8268 -18.8067
   -18.7930 -18.7888 -18.7804 -18.7535 -18.6778 -18.6727 -18.6358 -18.6038
   -14.7115 -14.7113 -14.7077 -14.7034 -14.6849 -14.6840 -14.6832 -14.6791
   -14.6703 -14.6657 -14.6612 -14.6608 -14.6604 -14.6596 -14.6584 -14.6548
   -14.6460 -14.6351 -14.6349 -14.6233 -14.6230 -14.6204 -14.6159 -14.6125
   -14.6010 -14.5975 -14.5951 -14.5949 -14.5922 -14.5912 -14.5859 -14.5843
   -14.5812 -14.5779 -14.5757 -14.5729 -14.5711 -14.5666 -14.5587 -14.5547
   -14.5509 -14.5437 -14.5407 -14.5400 -14.5386 -14.5291 -14.5261 -14.5249
   -14.5115 -14.5062 -14.5042 -14.4939 -14.4895 -14.4882 -14.4873 -14.4858
   -14.4837 -14.4667 -14.4662 -14.4611 -14.4606 -14.4570 -14.4560 -14.4536
   -14.4481 -14.4460 -14.4433 -14.4421 -14.4373 -14.4276 -14.4233 -14.4221
   -14.4185 -14.4185 -14.4176 -14.4069 -14.4050 -14.3950 -14.3944 -14.3837
   -14.3820 -14.3804 -14.3745 -14.3683 -14.3657 -14.3647 -14.3624 -14.3571
   -14.3559 -14.3545 -14.3422 -14.3416 -14.3317 -14.3309 -14.3252 -14.3183
   -14.3143 -14.3038 -14.3013 -14.2845 -14.2424 -14.1930 -14.1834 -14.1825
   -14.1681 -14.0812 -14.0734 -14.0225 -13.9108 -13.8966 -13.8911 -13.8419
   -13.7895 -13.7875 -13.7009 -13.6955 -13.6153 -13.5744 -13.5656 -13.5496
    -8.1421  -8.1352  -8.0842  -8.0600  -8.0337  -8.0163  -7.9877  -7.9594
    -7.8860  -7.8743  -7.8251  -7.7987  -7.6809  -7.6781  -7.6755  -7.6108
    -7.4414  -7.3219  -7.2776  -7.1654  -7.1544  -7.1534  -7.0882  -7.0119
    -6.9675  -6.9577  -6.9423  -6.8502  -6.7538  -6.6705  -6.6126  -6.5753
    -6.5036  -6.4129  -6.4040  -6.3713  -6.3420  -6.2936  -6.2697  -6.2333
    -5.9572  -5.9152  -5.8390  -5.7939  -5.6140  -5.5449  -5.5307  -5.4738
    -5.3884  -5.3193  -5.3107  -5.2807  -5.2112  -5.1482  -5.1292  -5.0540
    -5.0314  -5.0095  -4.9395  -4.9382  -4.9273  -4.9269  -4.8444  -4.7125
    -4.7009  -4.6431  -4.6121  -4.5550  -4.4827  -4.4702  -4.4303  -4.3309
    -4.3068  -4.2720  -4.2652  -4.2502  -4.2300  -4.2037  -4.1464  -4.1359
    -4.1123  -4.0992  -4.0951  -4.0805  -3.9309  -3.9252  -3.9071  -3.8814
    -3.8468  -3.8371  -3.8356  -3.8343  -3.7875  -3.7443  -3.6645  -3.6497
    -3.6429  -3.6208  -3.5448  -3.4295  -3.4246  -3.3954  -3.3877  -3.3533
    -3.3066  -3.3047  -3.2903  -3.2352  -3.2132  -3.2009  -3.1487  -3.1258
    -3.0783  -3.0477  -3.0340  -2.9672  -2.9594  -2.9051  -2.8706  -2.8567
    -2.8538  -2.8098  -2.8033  -2.7833  -2.7549  -2.7468  -2.7402  -2.7273
    -2.6675  -2.6674  -2.6550  -2.6128  -2.6119  -2.6105  -2.5733  -2.5360
    -2.5276  -2.4962  -2.4607  -2.4533  -2.3997  -2.3647  -2.3611  -2.3476
    -0.0767   0.8802   1.2217   1.8720   2.0827   2.1582   2.3234   2.5399
     2.5603   2.6685   2.7046   2.8120   2.9564   2.9646   3.0441   3.1137

     occupation numbers 
     1.0000   1.0000   1.0000   1.0000   1.0000   1.0000   1.0000   1.0000
     1.0000   1.0000   1.0000   1.0000   1.0000   1.0000   1.0000   1.0000
     1.0000   1.0000   1.0000   1.0000   1.0000   1.0000   1.0000   1.0000
     1.0000   1.0000   1.0000   1.0000   1.0000   1.0000   1.0000   1.0000
     1.0000   1.0000   1.0000   1.0000   1.0000   1.0000   1.0000   1.0000
     1.0000   1.0000   1.0000   1.0000   1.0000   1.0000   1.0000   1.0000
     1.0000   1.0000   1.0000   1.0000   1.0000   1.0000   1.0000   1.0000
     1.0000   1.0000   1.0000   1.0000   1.0000   1.0000   1.0000   1.0000
     1.0000   1.0000   1.0000   1.0000   1.0000   1.0000   1.0000   1.0000
     1.0000   1.0000   1.0000   1.0000   1.0000   1.0000   1.0000   1.0000
     1.0000   1.0000   1.0000   1.0000   1.0000   1.0000   1.0000   1.0000
     1.0000   1.0000   1.0000   1.0000   1.0000   1.0000   1.0000   1.0000
     1.0000   1.0000   1.0000   1.0000   1.0000   1.0000   1.0000   1.0000
     1.0000   1.0000   1.0000   1.0000   1.0000   1.0000   1.0000   1.0000
     1.0000   1.0000   1.0000   1.0000   1.0000   1.0000   1.0000   1.0000
     1.0000   1.0000   1.0000   1.0000   1.0000   1.0000   1.0000   1.0000
     1.0000   1.0000   1.0000   1.0000   1.0000   1.0000   1.0000   1.0000
     1.0000   1.0000   1.0000   1.0000   1.0000   1.0000   1.0000   1.0000
     1.0000   1.0000   1.0000   1.0000   1.0000   1.0000   1.0000   1.0000
     1.0000   1.0000   1.0000   1.0000   1.0000   1.0000   1.0000   1.0000
     1.0000   1.0000   1.0000   1.0000   1.0000   1.0000   1.0000   1.0000
     1.0000   1.0000   1.0000   1.0000   1.0000   1.0000   1.0000   1.0000
     1.0000   1.0000   1.0000   1.0000   1.0000   1.0000   1.0000   1.0000
     1.0000   1.0000   1.0000   1.0000   1.0000   1.0000   1.0000   1.0000
     1.0000   1.0000   1.0000   1.0000   1.0000   1.0000   1.0000   1.0000
     1.0000   1.0000   1.0000   1.0000   1.0000   1.0000   1.0000   1.0000
     1.0000   1.0000   1.0000   1.0000   1.0000   1.0000   1.0000   1.0000
     1.0000   1.0000   1.0000   1.0000   1.0000   1.0000   1.0000   1.0000
     1.0000   1.0000   1.0000   1.0000   1.0000   1.0000   1.0000   1.0000
     1.0000   1.0000   1.0000   1.0000   1.0000   1.0000   1.0000   1.0000
     1.0000   1.0000   1.0000   1.0000   1.0000   1.0000   1.0000   1.0000
     1.0000   1.0000   1.0000   1.0000   1.0000   1.0000   1.0000   1.0000
     1.0000   1.0000   1.0000   1.0000   1.0000   1.0000   1.0000   1.0000
     1.0000   1.0000   1.0000   1.0000   1.0000   1.0000   1.0000   1.0000
     1.0000   1.0000   1.0000   1.0000   1.0000   1.0000   1.0000   1.0000
     1.0000   1.0000   1.0000   1.0000   1.0000   1.0000   1.0000   1.0000
     1.0000   1.0000   1.0000   1.0000   1.0000   1.0000   1.0000   1.0000
     1.0000   1.0000   1.0000   1.0000   1.0000   1.0000   1.0000   1.0000
     1.0000   1.0000   1.0000   1.0000   1.0000   1.0000   1.0000   1.0000
     0.0000   0.0000   0.0000   0.0000   0.0000   0.0000   0.0000   0.0000
     0.0000   0.0000   0.0000   0.0000   0.0000   0.0000   0.0000   0.0000

          k = 0.3333 0.3334 0.0000 (253973 PWs)   bands (ev):

   -20.5478 -20.5416 -20.4967 -20.4937 -20.4845 -20.4819 -20.4487 -20.4478
   -20.2009 -20.2006 -20.1791 -20.1787 -20.1541 -20.1540 -20.1337 -20.1327
   -20.1168 -20.1165 -20.1089 -20.1089 -20.0429 -20.0427 -20.0392 -20.0392
   -19.3497 -19.2800 -19.2585 -19.2136 -19.0507 -19.0171 -19.0132 -18.9758
   -18.9440 -18.9349 -18.9323 -18.8855 -18.8473 -18.8470 -18.8217 -18.8151
   -18.7962 -18.7886 -18.7818 -18.7729 -18.6629 -18.6470 -18.6441 -18.6154
   -14.7129 -14.7106 -14.7029 -14.7021 -14.6981 -14.6885 -14.6864 -14.6798
   -14.6734 -14.6732 -14.6730 -14.6696 -14.6571 -14.6565 -14.6473 -14.6451
   -14.6372 -14.6344 -14.6323 -14.6277 -14.6227 -14.6215 -14.6197 -14.6094
   -14.6031 -14.5985 -14.5955 -14.5936 -14.5912 -14.5882 -14.5872 -14.5827
   -14.5797 -14.5790 -14.5743 -14.5717 -14.5666 -14.5653 -14.5610 -14.5547
   -14.5543 -14.5482 -14.5467 -14.5442 -14.5369 -14.5367 -14.5270 -14.5218
   -14.5136 -14.5082 -14.4942 -14.4942 -14.4889 -14.4855 -14.4846 -14.4802
   -14.4792 -14.4721 -14.4718 -14.4696 -14.4605 -14.4543 -14.4530 -14.4523
   -14.4504 -14.4386 -14.4377 -14.4355 -14.4302 -14.4283 -14.4232 -14.4196
   -14.4143 -14.4121 -14.4103 -14.4086 -14.4056 -14.3975 -14.3922 -14.3838
   -14.3793 -14.3739 -14.3719 -14.3656 -14.3656 -14.3614 -14.3604 -14.3596
   -14.3580 -14.3545 -14.3467 -14.3455 -14.3424 -14.3300 -14.3298 -14.3282
   -14.3108 -14.2959 -14.2937 -14.2776 -14.2457 -14.1960 -14.1950 -14.1670
   -14.1665 -14.0977 -14.0779 -14.0390 -13.9322 -13.9290 -13.8745 -13.8595
   -13.7488 -13.7438 -13.6907 -13.6582 -13.6342 -13.5916 -13.5792 -13.5724
    -8.1369  -8.1185  -8.1088  -8.0788  -8.0388  -8.0188  -8.0173  -7.9929
    -7.8733  -7.8393  -7.8385  -7.8138  -7.6408  -7.6408  -7.6220  -7.6006
    -7.3598  -7.2752  -7.2703  -7.2456  -7.1224  -7.1008  -7.0666  -7.0611
    -6.9832  -6.9488  -6.9395  -6.8587  -6.7823  -6.7563  -6.6062  -6.5935
    -6.5669  -6.5657  -6.4573  -6.4328  -6.4062  -6.3272  -6.3066  -6.2776
    -5.8893  -5.8283  -5.7559  -5.7550  -5.5246  -5.4655  -5.4573  -5.3746
    -5.2973  -5.2969  -5.2692  -5.2440  -5.2307  -5.2100  -5.1140  -5.0479
    -5.0038  -4.9785  -4.9181  -4.9155  -4.8850  -4.8686  -4.8520  -4.7568
    -4.7015  -4.6539  -4.6209  -4.6138  -4.5725  -4.5357  -4.5033  -4.4238
    -4.3565  -4.3417  -4.3064  -4.3050  -4.2324  -4.1978  -4.1453  -4.1232
    -4.0793  -4.0590  -4.0269  -4.0231  -3.9793  -3.9740  -3.9532  -3.9037
    -3.8960  -3.8039  -3.7850  -3.7317  -3.6810  -3.6397  -3.6371  -3.6248
    -3.5490  -3.5154  -3.4939  -3.4642  -3.4591  -3.4406  -3.4380  -3.3940
    -3.3514  -3.3233  -3.2683  -3.2640  -3.2444  -3.1948  -3.1902  -3.1711
    -3.1637  -3.0734  -3.0534  -3.0299  -2.9912  -2.9698  -2.9226  -2.8896
    -2.8885  -2.8630  -2.8313  -2.8270  -2.7501  -2.7398  -2.7358  -2.7019
    -2.6672  -2.6638  -2.6322  -2.6320  -2.5995  -2.5742  -2.5725  -2.5649
    -2.4463  -2.4265  -2.4263  -2.4189  -2.3950  -2.3764  -2.3644  -2.3628
     0.3083   1.1496   1.1538   1.4624   1.7923   2.0460   2.0586   2.4084
     2.5774   2.9059   2.9218   2.9850   3.0305   3.0738   3.1749   3.2082

     occupation numbers 
     1.0000   1.0000   1.0000   1.0000   1.0000   1.0000   1.0000   1.0000
     1.0000   1.0000   1.0000   1.0000   1.0000   1.0000   1.0000   1.0000
     1.0000   1.0000   1.0000   1.0000   1.0000   1.0000   1.0000   1.0000
     1.0000   1.0000   1.0000   1.0000   1.0000   1.0000   1.0000   1.0000
     1.0000   1.0000   1.0000   1.0000   1.0000   1.0000   1.0000   1.0000
     1.0000   1.0000   1.0000   1.0000   1.0000   1.0000   1.0000   1.0000
     1.0000   1.0000   1.0000   1.0000   1.0000   1.0000   1.0000   1.0000
     1.0000   1.0000   1.0000   1.0000   1.0000   1.0000   1.0000   1.0000
     1.0000   1.0000   1.0000   1.0000   1.0000   1.0000   1.0000   1.0000
     1.0000   1.0000   1.0000   1.0000   1.0000   1.0000   1.0000   1.0000
     1.0000   1.0000   1.0000   1.0000   1.0000   1.0000   1.0000   1.0000
     1.0000   1.0000   1.0000   1.0000   1.0000   1.0000   1.0000   1.0000
     1.0000   1.0000   1.0000   1.0000   1.0000   1.0000   1.0000   1.0000
     1.0000   1.0000   1.0000   1.0000   1.0000   1.0000   1.0000   1.0000
     1.0000   1.0000   1.0000   1.0000   1.0000   1.0000   1.0000   1.0000
     1.0000   1.0000   1.0000   1.0000   1.0000   1.0000   1.0000   1.0000
     1.0000   1.0000   1.0000   1.0000   1.0000   1.0000   1.0000   1.0000
     1.0000   1.0000   1.0000   1.0000   1.0000   1.0000   1.0000   1.0000
     1.0000   1.0000   1.0000   1.0000   1.0000   1.0000   1.0000   1.0000
     1.0000   1.0000   1.0000   1.0000   1.0000   1.0000   1.0000   1.0000
     1.0000   1.0000   1.0000   1.0000   1.0000   1.0000   1.0000   1.0000
     1.0000   1.0000   1.0000   1.0000   1.0000   1.0000   1.0000   1.0000
     1.0000   1.0000   1.0000   1.0000   1.0000   1.0000   1.0000   1.0000
     1.0000   1.0000   1.0000   1.0000   1.0000   1.0000   1.0000   1.0000
     1.0000   1.0000   1.0000   1.0000   1.0000   1.0000   1.0000   1.0000
     1.0000   1.0000   1.0000   1.0000   1.0000   1.0000   1.0000   1.0000
     1.0000   1.0000   1.0000   1.0000   1.0000   1.0000   1.0000   1.0000
     1.0000   1.0000   1.0000   1.0000   1.0000   1.0000   1.0000   1.0000
     1.0000   1.0000   1.0000   1.0000   1.0000   1.0000   1.0000   1.0000
     1.0000   1.0000   1.0000   1.0000   1.0000   1.0000   1.0000   1.0000
     1.0000   1.0000   1.0000   1.0000   1.0000   1.0000   1.0000   1.0000
     1.0000   1.0000   1.0000   1.0000   1.0000   1.0000   1.0000   1.0000
     1.0000   1.0000   1.0000   1.0000   1.0000   1.0000   1.0000   1.0000
     1.0000   1.0000   1.0000   1.0000   1.0000   1.0000   1.0000   1.0000
     1.0000   1.0000   1.0000   1.0000   1.0000   1.0000   1.0000   1.0000
     1.0000   1.0000   1.0000   1.0000   1.0000   1.0000   1.0000   1.0000
     1.0000   1.0000   1.0000   1.0000   1.0000   1.0000   1.0000   1.0000
     1.0000   1.0000   1.0000   1.0000   1.0000   1.0000   1.0000   1.0000
     1.0000   1.0000   1.0000   1.0000   1.0000   1.0000   1.0000   1.0000
     0.0000   0.0000   0.0000   0.0000   0.0000   0.0000   0.0000   0.0000
     0.0000   0.0000   0.0000   0.0000   0.0000   0.0000   0.0000   0.0000

     highest occupied, lowest unoccupied level (ev):    -2.3403   -0.5518

!    total energy              =  -11888.81106135 Ry
     total all-electron energy =   -289578.062985 Ry
     estimated scf accuracy    <          6.4E-10 Ry

     The total energy is the sum of the following terms:
     one-electron contribution =  -78759.35335568 Ry
     hartree contribution      =   39691.25810087 Ry
     xc contribution           =   -1487.94966038 Ry
     ewald contribution        =   35670.75710107 Ry
     one-center paw contrib.   =   -7003.52324721 Ry
      -> PAW hartree energy AE =     570.29531135 Ry
      -> PAW hartree energy PS =    -567.82785618 Ry
      -> PAW xc energy AE      =   -1912.02679499 Ry
      -> PAW xc energy PS      =     273.73888508 Ry
      -> total E_H with PAW    =   39693.72555603 Ry
      -> total E_XC with PAW   =   -3126.23757030 Ry

     convergence has been achieved in  47 iterations

     negative rho (up, down):  1.790E-03 0.000E+00

     Forces acting on atoms (cartesian axes, Ry/au):

     atom    1 type  1   force =    -0.00019429    0.00038299    0.00010406
     atom    2 type  1   force =     0.00019429   -0.00038299    0.00010406
     atom    3 type  1   force =     0.00019429    0.00038299   -0.00010406
     atom    4 type  1   force =     0.00019429    0.00038299    0.00010406
     atom    5 type  1   force =    -0.00068347    0.00030483   -0.00017625
     atom    6 type  1   force =     0.00068347    0.00030483    0.00017625
     atom    7 type  1   force =     0.00000000   -0.00048511   -0.00000000
     atom    8 type  1   force =     0.00000000    0.00048511   -0.00000000
     atom    9 type  1   force =     0.00000000    0.00000000    0.00071517
     atom   10 type  1   force =     0.00068347    0.00030483   -0.00017625
     atom   11 type  1   force =    -0.00068347    0.00030483    0.00017625
     atom   12 type  1   force =     0.00000000    0.00000000    0.00071517
     atom   13 type  2   force =    -0.00042846   -0.00010876    0.00075712
     atom   14 type  2   force =     0.00042846    0.00010876    0.00075712
     atom   15 type  2   force =     0.00042846   -0.00010876   -0.00075712
     atom   16 type  2   force =    -0.00042846    0.00010876   -0.00075712
     atom   17 type  2   force =     0.00044216    0.00012471   -0.00014311
     atom   18 type  2   force =    -0.00011285   -0.00028321    0.00066811
     atom   19 type  2   force =    -0.00044216   -0.00012471   -0.00014311
     atom   20 type  2   force =     0.00011285    0.00028321    0.00066811
     atom   21 type  2   force =    -0.00076745   -0.00007653   -0.00040828
     atom   22 type  2   force =     0.00076745   -0.00007653    0.00040828
     atom   23 type  2   force =    -0.00004014    0.00012048    0.00027251
     atom   24 type  2   force =     0.00004014    0.00012048   -0.00027251
     atom   25 type  2   force =     0.00015186    0.00024263    0.00003028
     atom   26 type  2   force =    -0.00015186   -0.00024263    0.00003028
     atom   27 type  2   force =    -0.00015186    0.00024263   -0.00003028
     atom   28 type  2   force =     0.00015186   -0.00024263   -0.00003028
     atom   29 type  2   force =     0.00011285   -0.00028321    0.00066811
     atom   30 type  2   force =    -0.00044216    0.00012471   -0.00014311
     atom   31 type  2   force =    -0.00011285    0.00028321    0.00066811
     atom   32 type  2   force =     0.00044216   -0.00012471   -0.00014311
     atom   33 type  2   force =     0.00004014    0.00012048    0.00027251
     atom   34 type  2   force =    -0.00004014    0.00012048   -0.00027251
     atom   35 type  2   force =     0.00076745   -0.00007653   -0.00040828
     atom   36 type  2   force =    -0.00076745   -0.00007653    0.00040828
     atom   37 type  1   force =     0.00019429   -0.00038299   -0.00010406
     atom   38 type  1   force =    -0.00019429    0.00038299   -0.00010406
     atom   39 type  1   force =    -0.00019429   -0.00038299    0.00010406
     atom   40 type  1   force =    -0.00019429   -0.00038299   -0.00010406
     atom   41 type  1   force =    -0.00068347   -0.00030483    0.00017625
     atom   42 type  1   force =     0.00068347   -0.00030483   -0.00017625
     atom   43 type  1   force =     0.00000000    0.00000000   -0.00071517
     atom   44 type  1   force =     0.00068347   -0.00030483    0.00017625
     atom   45 type  1   force =    -0.00068347   -0.00030483   -0.00017625
     atom   46 type  1   force =     0.00000000    0.00048511    0.00000000
     atom   47 type  1   force =     0.00000000   -0.00048511    0.00000000
     atom   48 type  1   force =     0.00000000    0.00000000   -0.00071517
     atom   49 type  2   force =    -0.00015186   -0.00024263   -0.00003028
     atom   50 type  2   force =     0.00015186    0.00024263   -0.00003028
     atom   51 type  2   force =     0.00015186   -0.00024263    0.00003028
     atom   52 type  2   force =    -0.00015186    0.00024263    0.00003028
     atom   53 type  2   force =    -0.00011285    0.00028321   -0.00066811
     atom   54 type  2   force =     0.00044216   -0.00012471    0.00014311
     atom   55 type  2   force =     0.00011285   -0.00028321   -0.00066811
     atom   56 type  2   force =    -0.00044216    0.00012471    0.00014311
     atom   57 type  2   force =    -0.00004014   -0.00012048   -0.00027251
     atom   58 type  2   force =     0.00004014   -0.00012048    0.00027251
     atom   59 type  2   force =    -0.00076745    0.00007653    0.00040828
     atom   60 type  2   force =     0.00076745    0.00007653   -0.00040828
     atom   61 type  2   force =     0.00042846    0.00010876   -0.00075712
     atom   62 type  2   force =    -0.00042846   -0.00010876   -0.00075712
     atom   63 type  2   force =    -0.00042846    0.00010876    0.00075712
     atom   64 type  2   force =     0.00042846   -0.00010876    0.00075712
     atom   65 type  2   force =    -0.00044216   -0.00012471    0.00014311
     atom   66 type  2   force =     0.00011285    0.00028321   -0.00066811
     atom   67 type  2   force =     0.00044216    0.00012471    0.00014311
     atom   68 type  2   force =    -0.00011285   -0.00028321   -0.00066811
     atom   69 type  2   force =     0.00076745    0.00007653    0.00040828
     atom   70 type  2   force =    -0.00076745    0.00007653   -0.00040828
     atom   71 type  2   force =     0.00004014   -0.00012048   -0.00027251
     atom   72 type  2   force =    -0.00004014   -0.00012048    0.00027251
     atom   73 type  3   force =     0.00013709   -0.00000689    0.00041639
     atom   74 type  3   force =    -0.00013709    0.00000689    0.00041639
     atom   75 type  3   force =     0.00012184   -0.00061835   -0.00033952
     atom   76 type  3   force =    -0.00012184   -0.00061835    0.00033952
     atom   77 type  3   force =     0.00033156    0.00034084   -0.00030334
     atom   78 type  3   force =    -0.00033156   -0.00034084   -0.00030334
     atom   79 type  3   force =    -0.00033156    0.00034084    0.00030334
     atom   80 type  3   force =     0.00033156   -0.00034084    0.00030334
     atom   81 type  3   force =    -0.00013709   -0.00000689    0.00041639
     atom   82 type  3   force =     0.00013709    0.00000689    0.00041639
     atom   83 type  3   force =    -0.00012184   -0.00061835   -0.00033952
     atom   84 type  3   force =     0.00012184   -0.00061835    0.00033952
     atom   85 type  3   force =    -0.00033156   -0.00034084    0.00030334
     atom   86 type  3   force =     0.00033156    0.00034084    0.00030334
     atom   87 type  3   force =     0.00033156   -0.00034084   -0.00030334
     atom   88 type  3   force =    -0.00033156    0.00034084   -0.00030334
     atom   89 type  3   force =     0.00013709    0.00000689   -0.00041639
     atom   90 type  3   force =    -0.00013709   -0.00000689   -0.00041639
     atom   91 type  3   force =     0.00012184    0.00061835    0.00033952
     atom   92 type  3   force =    -0.00012184    0.00061835   -0.00033952
     atom   93 type  3   force =    -0.00013709    0.00000689   -0.00041639
     atom   94 type  3   force =     0.00013709   -0.00000689   -0.00041639
     atom   95 type  3   force =    -0.00012184    0.00061835    0.00033952
     atom   96 type  3   force =     0.00012184    0.00061835   -0.00033952
     The non-local contrib.  to forces
     atom    1 type  1   force =     0.02739667    0.02331549   -0.00423895
     atom    2 type  1   force =    -0.02739667   -0.02331549   -0.00423895
     atom    3 type  1   force =    -0.02739667    0.02331549    0.00423895
     atom    4 type  1   force =    -0.02739667    0.02331549   -0.00423895
     atom    5 type  1   force =    -0.01301719    0.05590672    0.02223864
     atom    6 type  1   force =     0.01301719    0.05590672   -0.02223864
     atom    7 type  1   force =     0.00000000   -0.04425134   -0.00000000
     atom    8 type  1   force =     0.00000000    0.04425134   -0.00000000
     atom    9 type  1   force =     0.00000000    0.00000000   -0.00292720
     atom   10 type  1   force =     0.01301719    0.05590672    0.02223864
     atom   11 type  1   force =    -0.01301719    0.05590672   -0.02223864
     atom   12 type  1   force =     0.00000000    0.00000000   -0.00292720
     atom   13 type  2   force =    -0.05837311   -0.07288268    0.01508580
     atom   14 type  2   force =     0.05837311    0.07288268    0.01508580
     atom   15 type  2   force =     0.05837311   -0.07288268   -0.01508580
     atom   16 type  2   force =    -0.05837311    0.07288268   -0.01508580
     atom   17 type  2   force =    -0.91410365    1.25064969    0.06472914
     atom   18 type  2   force =     0.04129820    0.09046836    0.10349375
     atom   19 type  2   force =     0.91410365   -1.25064969    0.06472914
     atom   20 type  2   force =    -0.04129820   -0.09046836    0.10349375
     atom   21 type  2   force =    -0.02672228    0.06667579   -0.10247166
     atom   22 type  2   force =     0.02672228    0.06667579    0.10247166
     atom   23 type  2   force =    -0.98851874    1.05874483   -0.76223792
     atom   24 type  2   force =     0.98851874    1.05874483    0.76223792
     atom   25 type  2   force =     1.08390039    1.00555474   -0.88873728
     atom   26 type  2   force =    -1.08390039   -1.00555474   -0.88873728
     atom   27 type  2   force =    -1.08390039    1.00555474    0.88873728
     atom   28 type  2   force =     1.08390039   -1.00555474    0.88873728
     atom   29 type  2   force =    -0.04129820    0.09046836    0.10349375
     atom   30 type  2   force =     0.91410365    1.25064969    0.06472914
     atom   31 type  2   force =     0.04129820   -0.09046836    0.10349375
     atom   32 type  2   force =    -0.91410365   -1.25064969    0.06472914
     atom   33 type  2   force =     0.98851874    1.05874483   -0.76223792
     atom   34 type  2   force =    -0.98851874    1.05874483    0.76223792
     atom   35 type  2   force =     0.02672228    0.06667579   -0.10247166
     atom   36 type  2   force =    -0.02672228    0.06667579    0.10247166
     atom   37 type  1   force =    -0.02739667   -0.02331549    0.00423895
     atom   38 type  1   force =     0.02739667    0.02331549    0.00423895
     atom   39 type  1   force =     0.02739667   -0.02331549   -0.00423895
     atom   40 type  1   force =     0.02739667   -0.02331549    0.00423895
     atom   41 type  1   force =    -0.01301719   -0.05590672   -0.02223864
     atom   42 type  1   force =     0.01301719   -0.05590672    0.02223864
     atom   43 type  1   force =     0.00000000    0.00000000    0.00292720
     atom   44 type  1   force =     0.01301719   -0.05590672   -0.02223864
     atom   45 type  1   force =    -0.01301719   -0.05590672    0.02223864
     atom   46 type  1   force =     0.00000000    0.04425134    0.00000000
     atom   47 type  1   force =     0.00000000   -0.04425134    0.00000000
     atom   48 type  1   force =     0.00000000    0.00000000    0.00292720
     atom   49 type  2   force =    -1.08390039   -1.00555474    0.88873728
     atom   50 type  2   force =     1.08390039    1.00555474    0.88873728
     atom   51 type  2   force =     1.08390039   -1.00555474   -0.88873728
     atom   52 type  2   force =    -1.08390039    1.00555474   -0.88873728
     atom   53 type  2   force =     0.04129820   -0.09046836   -0.10349375
     atom   54 type  2   force =    -0.91410365   -1.25064969   -0.06472914
     atom   55 type  2   force =    -0.04129820    0.09046836   -0.10349375
     atom   56 type  2   force =     0.91410365    1.25064969   -0.06472914
     atom   57 type  2   force =    -0.98851874   -1.05874483    0.76223792
     atom   58 type  2   force =     0.98851874   -1.05874483   -0.76223792
     atom   59 type  2   force =    -0.02672228   -0.06667579    0.10247166
     atom   60 type  2   force =     0.02672228   -0.06667579   -0.10247166
     atom   61 type  2   force =     0.05837311    0.07288268   -0.01508580
     atom   62 type  2   force =    -0.05837311   -0.07288268   -0.01508580
     atom   63 type  2   force =    -0.05837311    0.07288268    0.01508580
     atom   64 type  2   force =     0.05837311   -0.07288268    0.01508580
     atom   65 type  2   force =     0.91410365   -1.25064969   -0.06472914
     atom   66 type  2   force =    -0.04129820   -0.09046836   -0.10349375
     atom   67 type  2   force =    -0.91410365    1.25064969   -0.06472914
     atom   68 type  2   force =     0.04129820    0.09046836   -0.10349375
     atom   69 type  2   force =     0.02672228   -0.06667579    0.10247166
     atom   70 type  2   force =    -0.02672228   -0.06667579   -0.10247166
     atom   71 type  2   force =     0.98851874   -1.05874483    0.76223792
     atom   72 type  2   force =    -0.98851874   -1.05874483   -0.76223792
     atom   73 type  3   force =     0.06287303   -0.07329132    0.03217352
     atom   74 type  3   force =    -0.06287303    0.07329132    0.03217352
     atom   75 type  3   force =     0.05302307   -0.04848814    0.07697432
     atom   76 type  3   force =    -0.05302307   -0.04848814   -0.07697432
     atom   77 type  3   force =    -0.04012797   -0.03916281    0.08986861
     atom   78 type  3   force =     0.04012797    0.03916281    0.08986861
     atom   79 type  3   force =     0.04012797   -0.03916281   -0.08986861
     atom   80 type  3   force =    -0.04012797    0.03916281   -0.08986861
     atom   81 type  3   force =    -0.06287303   -0.07329132    0.03217352
     atom   82 type  3   force =     0.06287303    0.07329132    0.03217352
     atom   83 type  3   force =    -0.05302307   -0.04848814    0.07697432
     atom   84 type  3   force =     0.05302307   -0.04848814   -0.07697432
     atom   85 type  3   force =     0.04012797    0.03916281   -0.08986861
     atom   86 type  3   force =    -0.04012797   -0.03916281   -0.08986861
     atom   87 type  3   force =    -0.04012797    0.03916281    0.08986861
     atom   88 type  3   force =     0.04012797   -0.03916281    0.08986861
     atom   89 type  3   force =     0.06287303    0.07329132   -0.03217352
     atom   90 type  3   force =    -0.06287303   -0.07329132   -0.03217352
     atom   91 type  3   force =     0.05302307    0.04848814   -0.07697432
     atom   92 type  3   force =    -0.05302307    0.04848814    0.07697432
     atom   93 type  3   force =    -0.06287303    0.07329132   -0.03217352
     atom   94 type  3   force =     0.06287303   -0.07329132   -0.03217352
     atom   95 type  3   force =    -0.05302307    0.04848814   -0.07697432
     atom   96 type  3   force =     0.05302307    0.04848814    0.07697432
     The ionic contribution  to forces
     atom    1 type  1   force =     3.12492323    1.27106608 -111.00425148
     atom    2 type  1   force =    -3.12492329   -1.27106608 -111.00425146
     atom    3 type  1   force =    -3.12492317    1.27106611  111.00425155
     atom    4 type  1   force =    -3.12492326    1.27106630 -111.00425135
     atom    5 type  1   force =     4.09770813    3.11918861  110.41244924
     atom    6 type  1   force =    -4.09770817    3.11918873 -110.41244915
     atom    7 type  1   force =    -0.00000005    3.67201597   -0.00000001
     atom    8 type  1   force =    -0.00000013   -3.67201603    0.00000005
     atom    9 type  1   force =     0.00000001    0.00000010   -9.53970492
     atom   10 type  1   force =    -4.09770807    3.11918866  110.41244925
     atom   11 type  1   force =     4.09770811    3.11918876 -110.41244918
     atom   12 type  1   force =     0.00000005   -0.00000004   -9.53970491
     atom   13 type  2   force =     2.90633728    2.24264566  -25.44920285
     atom   14 type  2   force =    -2.90633727   -2.24264565  -25.44920281
     atom   15 type  2   force =    -2.90633730    2.24264566   25.44920284
     atom   16 type  2   force =     2.90633734   -2.24264575   25.44920286
     atom   17 type  2   force =     2.17358278   -2.19213438  -70.13266212
     atom   18 type  2   force =    -0.03239975   -2.82039950  -32.67562358
     atom   19 type  2   force =    -2.17358281    2.19213441  -70.13266209
     atom   20 type  2   force =     0.03239968    2.82039953  -32.67562352
     atom   21 type  2   force =     1.78843098   -0.04835474  -19.38369842
     atom   22 type  2   force =    -1.78843097   -0.04835480   19.38369842
     atom   23 type  2   force =     2.33298090   -1.89901017  -75.73147369
     atom   24 type  2   force =    -2.33298097   -1.89901022   75.73147367
     atom   25 type  2   force =    -3.67642464   -3.25987989  -74.70396177
     atom   26 type  2   force =     3.67642466    3.25987993  -74.70396181
     atom   27 type  2   force =     3.67642463   -3.25987989   74.70396177
     atom   28 type  2   force =    -3.67642464    3.25987990   74.70396178
     atom   29 type  2   force =     0.03239975   -2.82039964  -32.67562358
     atom   30 type  2   force =    -2.17358283   -2.19213442  -70.13266197
     atom   31 type  2   force =    -0.03239971    2.82039956  -32.67562362
     atom   32 type  2   force =     2.17358271    2.19213441  -70.13266210
     atom   33 type  2   force =    -2.33298092   -1.89901018  -75.73147367
     atom   34 type  2   force =     2.33298095   -1.89901020   75.73147366
     atom   35 type  2   force =    -1.78843102   -0.04835483  -19.38369842
     atom   36 type  2   force =     1.78843099   -0.04835483   19.38369835
     atom   37 type  1   force =    -3.12492315   -1.27106617  111.00425147
     atom   38 type  1   force =     3.12492309    1.27106624  111.00425142
     atom   39 type  1   force =     3.12492323   -1.27106625 -111.00425139
     atom   40 type  1   force =     3.12492314   -1.27106613  111.00425152
     atom   41 type  1   force =     4.09770839   -3.11918889 -110.41244918
     atom   42 type  1   force =    -4.09770815   -3.11918879  110.41244924
     atom   43 type  1   force =     0.00000007    0.00000007    9.53970488
     atom   44 type  1   force =    -4.09770812   -3.11918879 -110.41244921
     atom   45 type  1   force =     4.09770829   -3.11918866  110.41244930
     atom   46 type  1   force =    -0.00000006   -3.67201589    0.00000004
     atom   47 type  1   force =    -0.00000012    3.67201602    0.00000011
     atom   48 type  1   force =     0.00000002   -0.00000001    9.53970487
     atom   49 type  2   force =     3.67642466    3.25987991   74.70396178
     atom   50 type  2   force =    -3.67642465   -3.25987986   74.70396171
     atom   51 type  2   force =    -3.67642463    3.25987987  -74.70396176
     atom   52 type  2   force =     3.67642463   -3.25987984  -74.70396172
     atom   53 type  2   force =    -0.03239963    2.82039949   32.67562350
     atom   54 type  2   force =     2.17358276    2.19213432   70.13266197
     atom   55 type  2   force =     0.03239969   -2.82039955   32.67562350
     atom   56 type  2   force =    -2.17358279   -2.19213434   70.13266191
     atom   57 type  2   force =     2.33298089    1.89901023   75.73147369
     atom   58 type  2   force =    -2.33298085    1.89901019  -75.73147371
     atom   59 type  2   force =     1.78843102    0.04835472   19.38369830
     atom   60 type  2   force =    -1.78843105    0.04835476  -19.38369832
     atom   61 type  2   force =    -2.90633738   -2.24264570   25.44920283
     atom   62 type  2   force =     2.90633729    2.24264579   25.44920282
     atom   63 type  2   force =     2.90633739   -2.24264573  -25.44920280
     atom   64 type  2   force =    -2.90633724    2.24264573  -25.44920275
     atom   65 type  2   force =    -2.17358268    2.19213443   70.13266194
     atom   66 type  2   force =     0.03239968    2.82039955   32.67562350
     atom   67 type  2   force =     2.17358275   -2.19213439   70.13266190
     atom   68 type  2   force =    -0.03239972   -2.82039954   32.67562352
     atom   69 type  2   force =    -1.78843102    0.04835489   19.38369838
     atom   70 type  2   force =     1.78843104    0.04835479  -19.38369842
     atom   71 type  2   force =    -2.33298096    1.89901019   75.73147367
     atom   72 type  2   force =     2.33298089    1.89901016  -75.73147368
     atom   73 type  3   force =    -1.48050951    2.15169409  -13.25884360
     atom   74 type  3   force =     1.48050952   -2.15169413  -13.25884362
     atom   75 type  3   force =    -1.75097032    1.57430286  -15.93948865
     atom   76 type  3   force =     1.75097036    1.57430290   15.93948868
     atom   77 type  3   force =     1.08858765    0.99405681  -16.43045877
     atom   78 type  3   force =    -1.08858767   -0.99405680  -16.43045881
     atom   79 type  3   force =    -1.08858766    0.99405682   16.43045877
     atom   80 type  3   force =     1.08858767   -0.99405680   16.43045881
     atom   81 type  3   force =     1.48050957    2.15169416  -13.25884364
     atom   82 type  3   force =    -1.48050951   -2.15169408  -13.25884360
     atom   83 type  3   force =     1.75097029    1.57430286  -15.93948861
     atom   84 type  3   force =    -1.75097033    1.57430290   15.93948864
     atom   85 type  3   force =    -1.08858765   -0.99405681   16.43045877
     atom   86 type  3   force =     1.08858767    0.99405680   16.43045880
     atom   87 type  3   force =     1.08858765   -0.99405682  -16.43045877
     atom   88 type  3   force =    -1.08858767    0.99405680  -16.43045880
     atom   89 type  3   force =    -1.48050948   -2.15169406   13.25884363
     atom   90 type  3   force =     1.48050951    2.15169411   13.25884365
     atom   91 type  3   force =    -1.75097034   -1.57430290   15.93948864
     atom   92 type  3   force =     1.75097029   -1.57430288  -15.93948865
     atom   93 type  3   force =     1.48050950   -2.15169410   13.25884365
     atom   94 type  3   force =    -1.48050953    2.15169409   13.25884364
     atom   95 type  3   force =     1.75097033   -1.57430292   15.93948868
     atom   96 type  3   force =    -1.75097029   -1.57430286  -15.93948862
     The local contribution  to forces
     atom    1 type  1   force =    -3.15111739   -1.29268250  111.00893725
     atom    2 type  1   force =     3.15111724    1.29268332  111.00893719
     atom    3 type  1   force =     3.15111715   -1.29268250 -111.00893766
     atom    4 type  1   force =     3.15111719   -1.29268183  111.00893726
     atom    5 type  1   force =    -4.08652151   -3.17196231 -110.43411062
     atom    6 type  1   force =     4.08652129   -3.17196233  110.43411021
     atom    7 type  1   force =    -0.00000080   -3.63105062    0.00000011
     atom    8 type  1   force =    -0.00000080    3.63105134    0.00000005
     atom    9 type  1   force =    -0.00000013    0.00000097    9.54308351
     atom   10 type  1   force =     4.08652127   -3.17196165 -110.43411061
     atom   11 type  1   force =    -4.08652148   -3.17196165  110.43411020
     atom   12 type  1   force =    -0.00000012    0.00000031    9.54308352
     atom   13 type  2   force =    -2.84863201   -2.17029055   25.43494270
     atom   14 type  2   force =     2.84863196    2.17029108   25.43494263
     atom   15 type  2   force =     2.84863198   -2.17029056  -25.43494288
     atom   16 type  2   force =    -2.84863201    2.17029109  -25.43494291
     atom   17 type  2   force =    -1.26608382    0.95155782   70.06866363
     atom   18 type  2   force =    -0.00866823    2.73019570   32.57351150
     atom   19 type  2   force =     1.26608380   -0.95155736   70.06866363
     atom   20 type  2   force =     0.00866821   -2.73019521   32.57351156
     atom   21 type  2   force =    -1.76249334   -0.01786405   19.48513126
     atom   22 type  2   force =     1.76249327   -0.01786406  -19.48513047
     atom   23 type  2   force =    -1.35242013    0.84905547   76.48784590
     atom   24 type  2   force =     1.35242011    0.84905549  -76.48784615
     atom   25 type  2   force =     2.60155976    2.26275092   75.58567723
     atom   26 type  2   force =    -2.60155975   -2.26275042   75.58567715
     atom   27 type  2   force =    -2.60155978    2.26275092  -75.58567740
     atom   28 type  2   force =     2.60155973   -2.26275042  -75.58567737
     atom   29 type  2   force =     0.00866823    2.73019536   32.57351148
     atom   30 type  2   force =     1.26608380    0.95155748   70.06866364
     atom   31 type  2   force =    -0.00866827   -2.73019484   32.57351153
     atom   32 type  2   force =    -1.26608379   -0.95155698   70.06866372
     atom   33 type  2   force =     1.35242013    0.84905584   76.48784595
     atom   34 type  2   force =    -1.35242015    0.84905582  -76.48784608
     atom   35 type  2   force =     1.76249327   -0.01786440   19.48513119
     atom   36 type  2   force =    -1.76249334   -0.01786436  -19.48513054
     atom   37 type  1   force =     3.15111727    1.29268264 -111.00893764
     atom   38 type  1   force =    -3.15111742   -1.29268181 -111.00893770
     atom   39 type  1   force =    -3.15111751    1.29268264  111.00893724
     atom   40 type  1   force =    -3.15111746    1.29268331 -111.00893764
     atom   41 type  1   force =    -4.08652015    3.17196183  110.43411025
     atom   42 type  1   force =     4.08652129    3.17196184 -110.43411065
     atom   43 type  1   force =    -0.00000009    0.00000100   -9.54308207
     atom   44 type  1   force =     4.08652128    3.17196252  110.43411021
     atom   45 type  1   force =    -4.08652013    3.17196250 -110.43411063
     atom   46 type  1   force =    -0.00000080    3.63105200    0.00000011
     atom   47 type  1   force =    -0.00000080   -3.63104991    0.00000005
     atom   48 type  1   force =    -0.00000010    0.00000028   -9.54308208
     atom   49 type  2   force =    -2.60155974   -2.26275080  -75.58567735
     atom   50 type  2   force =     2.60155974    2.26275130  -75.58567743
     atom   51 type  2   force =     2.60155972   -2.26275080   75.58567719
     atom   52 type  2   force =    -2.60155976    2.26275130   75.58567721
     atom   53 type  2   force =    -0.00866825   -2.73019519  -32.57351085
     atom   54 type  2   force =    -1.26608380   -0.95155736  -70.06866294
     atom   55 type  2   force =     0.00866821    2.73019571  -32.57351079
     atom   56 type  2   force =     1.26608381    0.95155779  -70.06866287
     atom   57 type  2   force =    -1.35242010   -0.84905500  -76.48784609
     atom   58 type  2   force =     1.35242009   -0.84905502   76.48784596
     atom   59 type  2   force =    -1.76249336    0.01786451  -19.48513054
     atom   60 type  2   force =     1.76249329    0.01786455   19.48513118
     atom   61 type  2   force =     2.84863199    2.17029072  -25.43494287
     atom   62 type  2   force =    -2.84863205   -2.17029019  -25.43494294
     atom   63 type  2   force =    -2.84863203    2.17029070   25.43494269
     atom   64 type  2   force =     2.84863200   -2.17029018   25.43494266
     atom   65 type  2   force =     1.26608378   -0.95155696  -70.06866296
     atom   66 type  2   force =     0.00866824   -2.73019485  -32.57351082
     atom   67 type  2   force =    -1.26608381    0.95155749  -70.06866296
     atom   68 type  2   force =    -0.00866826    2.73019534  -32.57351076
     atom   69 type  2   force =     1.76249329    0.01786486  -19.48513047
     atom   70 type  2   force =    -1.76249335    0.01786485   19.48513126
     atom   71 type  2   force =     1.35242011   -0.84905537  -76.48784614
     atom   72 type  2   force =    -1.35242012   -0.84905535   76.48784589
     atom   73 type  3   force =     1.41777413   -2.07841032   13.22708631
     atom   74 type  3   force =    -1.41777409    2.07841035   13.22708631
     atom   75 type  3   force =     1.69806945   -1.52643338   15.86217519
     atom   76 type  3   force =    -1.69806948   -1.52643339  -15.86217517
     atom   77 type  3   force =    -1.04812830   -0.95455333   16.34028699
     atom   78 type  3   force =     1.04812830    0.95455332   16.34028700
     atom   79 type  3   force =     1.04812829   -0.95455332  -16.34028699
     atom   80 type  3   force =    -1.04812830    0.95455331  -16.34028701
     atom   81 type  3   force =    -1.41777413   -2.07841036   13.22708634
     atom   82 type  3   force =     1.41777408    2.07841032   13.22708629
     atom   83 type  3   force =    -1.69806945   -1.52643340   15.86217518
     atom   84 type  3   force =     1.69806947   -1.52643342  -15.86217516
     atom   85 type  3   force =     1.04812829    0.95455333  -16.34028699
     atom   86 type  3   force =    -1.04812830   -0.95455324  -16.34028703
     atom   87 type  3   force =    -1.04812829    0.95455334   16.34028699
     atom   88 type  3   force =     1.04812831   -0.95455325   16.34028703
     atom   89 type  3   force =     1.41777410    2.07841030  -13.22708631
     atom   90 type  3   force =    -1.41777411   -2.07841035  -13.22708633
     atom   91 type  3   force =     1.69806945    1.52643348  -15.86217512
     atom   92 type  3   force =    -1.69806939    1.52643347   15.86217517
     atom   93 type  3   force =    -1.41777406    2.07841036  -13.22708631
     atom   94 type  3   force =     1.41777414   -2.07841031  -13.22708633
     atom   95 type  3   force =    -1.69806942    1.52643347  -15.86217517
     atom   96 type  3   force =     1.69806944    1.52643344   15.86217516
     The core correction contribution to forces
     atom    1 type  1   force =    -0.00139383   -0.00131740   -0.00034348
     atom    2 type  1   force =     0.00139382    0.00131748   -0.00034349
     atom    3 type  1   force =     0.00139381   -0.00131740    0.00034344
     atom    4 type  1   force =     0.00139381   -0.00131733   -0.00034349
     atom    5 type  1   force =     0.00114544   -0.00282521   -0.00075215
     atom    6 type  1   force =    -0.00114545   -0.00282521    0.00075211
     atom    7 type  1   force =    -0.00000007    0.00279946    0.00000000
     atom    8 type  1   force =    -0.00000007   -0.00279939    0.00000000
     atom    9 type  1   force =    -0.00000001    0.00000009    0.00026739
     atom   10 type  1   force =    -0.00114545   -0.00282515   -0.00075215
     atom   11 type  1   force =     0.00114544   -0.00282515    0.00075211
     atom   12 type  1   force =    -0.00000001    0.00000003    0.00026739
     atom   13 type  2   force =     0.00023961    0.00041932   -0.00006907
     atom   14 type  2   force =    -0.00023961   -0.00041932   -0.00006907
     atom   15 type  2   force =    -0.00023961    0.00041932    0.00006907
     atom   16 type  2   force =     0.00023961   -0.00041932    0.00006907
     atom   17 type  2   force =     0.00704797   -0.00994978   -0.00087739
     atom   18 type  2   force =    -0.00034361   -0.00054755   -0.00071280
     atom   19 type  2   force =    -0.00704797    0.00994978   -0.00087739
     atom   20 type  2   force =     0.00034361    0.00054755   -0.00071280
     atom   21 type  2   force =     0.00001746   -0.00053337    0.00063175
     atom   22 type  2   force =    -0.00001746   -0.00053337   -0.00063175
     atom   23 type  2   force =     0.00791842   -0.00867019    0.00613510
     atom   24 type  2   force =    -0.00791842   -0.00867019   -0.00613510
     atom   25 type  2   force =    -0.00888470   -0.00818405    0.00704862
     atom   26 type  2   force =     0.00888470    0.00818405    0.00704862
     atom   27 type  2   force =     0.00888470   -0.00818405   -0.00704862
     atom   28 type  2   force =    -0.00888470    0.00818405   -0.00704862
     atom   29 type  2   force =     0.00034361   -0.00054755   -0.00071280
     atom   30 type  2   force =    -0.00704797   -0.00994978   -0.00087739
     atom   31 type  2   force =    -0.00034361    0.00054755   -0.00071280
     atom   32 type  2   force =     0.00704797    0.00994978   -0.00087739
     atom   33 type  2   force =    -0.00791842   -0.00867019    0.00613510
     atom   34 type  2   force =     0.00791842   -0.00867019   -0.00613510
     atom   35 type  2   force =    -0.00001746   -0.00053337    0.00063175
     atom   36 type  2   force =     0.00001746   -0.00053337   -0.00063175
     atom   37 type  1   force =     0.00139382    0.00131742    0.00034345
     atom   38 type  1   force =    -0.00139383   -0.00131734    0.00034344
     atom   39 type  1   force =    -0.00139384    0.00131742   -0.00034349
     atom   40 type  1   force =    -0.00139384    0.00131748    0.00034344
     atom   41 type  1   force =     0.00114556    0.00282517    0.00075211
     atom   42 type  1   force =    -0.00114545    0.00282517   -0.00075215
     atom   43 type  1   force =    -0.00000001    0.00000010   -0.00026730
     atom   44 type  1   force =    -0.00114545    0.00282523    0.00075211
     atom   45 type  1   force =     0.00114556    0.00282523   -0.00075215
     atom   46 type  1   force =    -0.00000007   -0.00279933    0.00000000
     atom   47 type  1   force =    -0.00000007    0.00279953    0.00000000
     atom   48 type  1   force =    -0.00000001    0.00000003   -0.00026730
     atom   49 type  2   force =     0.00888470    0.00818405   -0.00704862
     atom   50 type  2   force =    -0.00888470   -0.00818405   -0.00704862
     atom   51 type  2   force =    -0.00888470    0.00818405    0.00704862
     atom   52 type  2   force =     0.00888470   -0.00818405    0.00704862
     atom   53 type  2   force =    -0.00034361    0.00054755    0.00071280
     atom   54 type  2   force =     0.00704797    0.00994978    0.00087739
     atom   55 type  2   force =     0.00034361   -0.00054755    0.00071280
     atom   56 type  2   force =    -0.00704797   -0.00994978    0.00087739
     atom   57 type  2   force =     0.00791842    0.00867019   -0.00613510
     atom   58 type  2   force =    -0.00791842    0.00867019    0.00613510
     atom   59 type  2   force =     0.00001746    0.00053337   -0.00063176
     atom   60 type  2   force =    -0.00001746    0.00053337    0.00063176
     atom   61 type  2   force =    -0.00023961   -0.00041932    0.00006907
     atom   62 type  2   force =     0.00023961    0.00041932    0.00006907
     atom   63 type  2   force =     0.00023961   -0.00041932   -0.00006907
     atom   64 type  2   force =    -0.00023961    0.00041932   -0.00006907
     atom   65 type  2   force =    -0.00704797    0.00994978    0.00087739
     atom   66 type  2   force =     0.00034361    0.00054755    0.00071280
     atom   67 type  2   force =     0.00704797   -0.00994978    0.00087739
     atom   68 type  2   force =    -0.00034361   -0.00054755    0.00071280
     atom   69 type  2   force =    -0.00001746    0.00053337   -0.00063176
     atom   70 type  2   force =     0.00001746    0.00053337    0.00063176
     atom   71 type  2   force =    -0.00791842    0.00867019   -0.00613510
     atom   72 type  2   force =     0.00791842    0.00867019    0.00613510
     atom   73 type  3   force =     0.00000000    0.00000000    0.00000000
     atom   74 type  3   force =     0.00000000    0.00000000    0.00000000
     atom   75 type  3   force =     0.00000000    0.00000000    0.00000000
     atom   76 type  3   force =     0.00000000    0.00000000    0.00000000
     atom   77 type  3   force =     0.00000000    0.00000000    0.00000000
     atom   78 type  3   force =     0.00000000    0.00000000    0.00000000
     atom   79 type  3   force =     0.00000000    0.00000000    0.00000000
     atom   80 type  3   force =     0.00000000    0.00000000    0.00000000
     atom   81 type  3   force =     0.00000000    0.00000000    0.00000000
     atom   82 type  3   force =     0.00000000    0.00000000    0.00000000
     atom   83 type  3   force =     0.00000000    0.00000000    0.00000000
     atom   84 type  3   force =     0.00000000    0.00000000    0.00000000
     atom   85 type  3   force =     0.00000000    0.00000000    0.00000000
     atom   86 type  3   force =     0.00000000    0.00000000    0.00000000
     atom   87 type  3   force =     0.00000000    0.00000000    0.00000000
     atom   88 type  3   force =     0.00000000    0.00000000    0.00000000
     atom   89 type  3   force =     0.00000000    0.00000000    0.00000000
     atom   90 type  3   force =     0.00000000    0.00000000    0.00000000
     atom   91 type  3   force =     0.00000000    0.00000000    0.00000000
     atom   92 type  3   force =     0.00000000    0.00000000    0.00000000
     atom   93 type  3   force =     0.00000000    0.00000000    0.00000000
     atom   94 type  3   force =     0.00000000    0.00000000    0.00000000
     atom   95 type  3   force =     0.00000000    0.00000000    0.00000000
     atom   96 type  3   force =     0.00000000    0.00000000    0.00000000
     The Hubbard contrib.    to forces
     atom    1 type  1   force =     0.00000000    0.00000000    0.00000000
     atom    2 type  1   force =     0.00000000    0.00000000    0.00000000
     atom    3 type  1   force =     0.00000000    0.00000000    0.00000000
     atom    4 type  1   force =     0.00000000    0.00000000    0.00000000
     atom    5 type  1   force =     0.00000000    0.00000000    0.00000000
     atom    6 type  1   force =     0.00000000    0.00000000    0.00000000
     atom    7 type  1   force =     0.00000000    0.00000000    0.00000000
     atom    8 type  1   force =     0.00000000    0.00000000    0.00000000
     atom    9 type  1   force =     0.00000000    0.00000000    0.00000000
     atom   10 type  1   force =     0.00000000    0.00000000    0.00000000
     atom   11 type  1   force =     0.00000000    0.00000000    0.00000000
     atom   12 type  1   force =     0.00000000    0.00000000    0.00000000
     atom   13 type  2   force =     0.00000000    0.00000000    0.00000000
     atom   14 type  2   force =     0.00000000    0.00000000    0.00000000
     atom   15 type  2   force =     0.00000000    0.00000000    0.00000000
     atom   16 type  2   force =     0.00000000    0.00000000    0.00000000
     atom   17 type  2   force =     0.00000000    0.00000000    0.00000000
     atom   18 type  2   force =     0.00000000    0.00000000    0.00000000
     atom   19 type  2   force =     0.00000000    0.00000000    0.00000000
     atom   20 type  2   force =     0.00000000    0.00000000    0.00000000
     atom   21 type  2   force =     0.00000000    0.00000000    0.00000000
     atom   22 type  2   force =     0.00000000    0.00000000    0.00000000
     atom   23 type  2   force =     0.00000000    0.00000000    0.00000000
     atom   24 type  2   force =     0.00000000    0.00000000    0.00000000
     atom   25 type  2   force =     0.00000000    0.00000000    0.00000000
     atom   26 type  2   force =     0.00000000    0.00000000    0.00000000
     atom   27 type  2   force =     0.00000000    0.00000000    0.00000000
     atom   28 type  2   force =     0.00000000    0.00000000    0.00000000
     atom   29 type  2   force =     0.00000000    0.00000000    0.00000000
     atom   30 type  2   force =     0.00000000    0.00000000    0.00000000
     atom   31 type  2   force =     0.00000000    0.00000000    0.00000000
     atom   32 type  2   force =     0.00000000    0.00000000    0.00000000
     atom   33 type  2   force =     0.00000000    0.00000000    0.00000000
     atom   34 type  2   force =     0.00000000    0.00000000    0.00000000
     atom   35 type  2   force =     0.00000000    0.00000000    0.00000000
     atom   36 type  2   force =     0.00000000    0.00000000    0.00000000
     atom   37 type  1   force =     0.00000000    0.00000000    0.00000000
     atom   38 type  1   force =     0.00000000    0.00000000    0.00000000
     atom   39 type  1   force =     0.00000000    0.00000000    0.00000000
     atom   40 type  1   force =     0.00000000    0.00000000    0.00000000
     atom   41 type  1   force =     0.00000000    0.00000000    0.00000000
     atom   42 type  1   force =     0.00000000    0.00000000    0.00000000
     atom   43 type  1   force =     0.00000000    0.00000000    0.00000000
     atom   44 type  1   force =     0.00000000    0.00000000    0.00000000
     atom   45 type  1   force =     0.00000000    0.00000000    0.00000000
     atom   46 type  1   force =     0.00000000    0.00000000    0.00000000
     atom   47 type  1   force =     0.00000000    0.00000000    0.00000000
     atom   48 type  1   force =     0.00000000    0.00000000    0.00000000
     atom   49 type  2   force =     0.00000000    0.00000000    0.00000000
     atom   50 type  2   force =     0.00000000    0.00000000    0.00000000
     atom   51 type  2   force =     0.00000000    0.00000000    0.00000000
     atom   52 type  2   force =     0.00000000    0.00000000    0.00000000
     atom   53 type  2   force =     0.00000000    0.00000000    0.00000000
     atom   54 type  2   force =     0.00000000    0.00000000    0.00000000
     atom   55 type  2   force =     0.00000000    0.00000000    0.00000000
     atom   56 type  2   force =     0.00000000    0.00000000    0.00000000
     atom   57 type  2   force =     0.00000000    0.00000000    0.00000000
     atom   58 type  2   force =     0.00000000    0.00000000    0.00000000
     atom   59 type  2   force =     0.00000000    0.00000000    0.00000000
     atom   60 type  2   force =     0.00000000    0.00000000    0.00000000
     atom   61 type  2   force =     0.00000000    0.00000000    0.00000000
     atom   62 type  2   force =     0.00000000    0.00000000    0.00000000
     atom   63 type  2   force =     0.00000000    0.00000000    0.00000000
     atom   64 type  2   force =     0.00000000    0.00000000    0.00000000
     atom   65 type  2   force =     0.00000000    0.00000000    0.00000000
     atom   66 type  2   force =     0.00000000    0.00000000    0.00000000
     atom   67 type  2   force =     0.00000000    0.00000000    0.00000000
     atom   68 type  2   force =     0.00000000    0.00000000    0.00000000
     atom   69 type  2   force =     0.00000000    0.00000000    0.00000000
     atom   70 type  2   force =     0.00000000    0.00000000    0.00000000
     atom   71 type  2   force =     0.00000000    0.00000000    0.00000000
     atom   72 type  2   force =     0.00000000    0.00000000    0.00000000
     atom   73 type  3   force =     0.00000000    0.00000000    0.00000000
     atom   74 type  3   force =     0.00000000    0.00000000    0.00000000
     atom   75 type  3   force =     0.00000000    0.00000000    0.00000000
     atom   76 type  3   force =     0.00000000    0.00000000    0.00000000
     atom   77 type  3   force =     0.00000000    0.00000000    0.00000000
     atom   78 type  3   force =     0.00000000    0.00000000    0.00000000
     atom   79 type  3   force =     0.00000000    0.00000000    0.00000000
     atom   80 type  3   force =     0.00000000    0.00000000    0.00000000
     atom   81 type  3   force =     0.00000000    0.00000000    0.00000000
     atom   82 type  3   force =     0.00000000    0.00000000    0.00000000
     atom   83 type  3   force =     0.00000000    0.00000000    0.00000000
     atom   84 type  3   force =     0.00000000    0.00000000    0.00000000
     atom   85 type  3   force =     0.00000000    0.00000000    0.00000000
     atom   86 type  3   force =     0.00000000    0.00000000    0.00000000
     atom   87 type  3   force =     0.00000000    0.00000000    0.00000000
     atom   88 type  3   force =     0.00000000    0.00000000    0.00000000
     atom   89 type  3   force =     0.00000000    0.00000000    0.00000000
     atom   90 type  3   force =     0.00000000    0.00000000    0.00000000
     atom   91 type  3   force =     0.00000000    0.00000000    0.00000000
     atom   92 type  3   force =     0.00000000    0.00000000    0.00000000
     atom   93 type  3   force =     0.00000000    0.00000000    0.00000000
     atom   94 type  3   force =     0.00000000    0.00000000    0.00000000
     atom   95 type  3   force =     0.00000000    0.00000000    0.00000000
     atom   96 type  3   force =     0.00000000    0.00000000    0.00000000
     The SCF correction term to forces
     atom    1 type  1   force =    -0.00000300    0.00000130    0.00000041
     atom    2 type  1   force =     0.00000300   -0.00000130    0.00000040
     atom    3 type  1   force =     0.00000301    0.00000130   -0.00000055
     atom    4 type  1   force =     0.00000300    0.00000130    0.00000041
     atom    5 type  1   force =     0.00000111   -0.00000335   -0.00000163
     atom    6 type  1   force =    -0.00000111   -0.00000335    0.00000149
     atom    7 type  1   force =    -0.00000000    0.00000180   -0.00000009
     atom    8 type  1   force =     0.00000000   -0.00000180   -0.00000009
     atom    9 type  1   force =    -0.00000000    0.00000000   -0.00000296
     atom   10 type  1   force =    -0.00000111   -0.00000335   -0.00000163
     atom   11 type  1   force =     0.00000111   -0.00000335    0.00000149
     atom   12 type  1   force =     0.00000000   -0.00000000   -0.00000296
     atom   13 type  2   force =    -0.00000027   -0.00000048    0.00000039
     atom   14 type  2   force =     0.00000027    0.00000048    0.00000039
     atom   15 type  2   force =     0.00000027   -0.00000048   -0.00000047
     atom   16 type  2   force =    -0.00000027    0.00000048   -0.00000047
     atom   17 type  2   force =    -0.00000112    0.00000178    0.00000382
     atom   18 type  2   force =     0.00000050    0.00000024   -0.00000050
     atom   19 type  2   force =     0.00000112   -0.00000178    0.00000382
     atom   20 type  2   force =    -0.00000050   -0.00000024   -0.00000050
     atom   21 type  2   force =    -0.00000032    0.00000029   -0.00000089
     atom   22 type  2   force =     0.00000032    0.00000029    0.00000081
     atom   23 type  2   force =    -0.00000063    0.00000061    0.00000297
     atom   24 type  2   force =     0.00000063    0.00000061   -0.00000300
     atom   25 type  2   force =     0.00000106    0.00000096    0.00000339
     atom   26 type  2   force =    -0.00000106   -0.00000096    0.00000339
     atom   27 type  2   force =    -0.00000106    0.00000096   -0.00000342
     atom   28 type  2   force =     0.00000105   -0.00000096   -0.00000342
     atom   29 type  2   force =    -0.00000050    0.00000024   -0.00000050
     atom   30 type  2   force =     0.00000112    0.00000178    0.00000382
     atom   31 type  2   force =     0.00000050   -0.00000024   -0.00000050
     atom   32 type  2   force =    -0.00000112   -0.00000178    0.00000382
     atom   33 type  2   force =     0.00000063    0.00000060    0.00000297
     atom   34 type  2   force =    -0.00000062    0.00000060   -0.00000300
     atom   35 type  2   force =     0.00000032    0.00000029   -0.00000089
     atom   36 type  2   force =    -0.00000032    0.00000029    0.00000081
     atom   37 type  1   force =     0.00000300   -0.00000130   -0.00000055
     atom   38 type  1   force =    -0.00000300    0.00000130   -0.00000055
     atom   39 type  1   force =    -0.00000300   -0.00000130    0.00000040
     atom   40 type  1   force =    -0.00000301   -0.00000130   -0.00000055
     atom   41 type  1   force =     0.00000111    0.00000335    0.00000149
     atom   42 type  1   force =    -0.00000112    0.00000335   -0.00000163
     atom   43 type  1   force =     0.00000000    0.00000000    0.00000277
     atom   44 type  1   force =    -0.00000111    0.00000335    0.00000149
     atom   45 type  1   force =     0.00000112    0.00000335   -0.00000163
     atom   46 type  1   force =     0.00000000   -0.00000179   -0.00000009
     atom   47 type  1   force =    -0.00000000    0.00000179   -0.00000009
     atom   48 type  1   force =    -0.00000000   -0.00000000    0.00000278
     atom   49 type  2   force =    -0.00000105   -0.00000096   -0.00000342
     atom   50 type  2   force =     0.00000106    0.00000096   -0.00000342
     atom   51 type  2   force =     0.00000106   -0.00000096    0.00000339
     atom   52 type  2   force =    -0.00000106    0.00000096    0.00000339
     atom   53 type  2   force =     0.00000050   -0.00000024    0.00000042
     atom   54 type  2   force =    -0.00000112   -0.00000178   -0.00000386
     atom   55 type  2   force =    -0.00000050    0.00000024    0.00000042
     atom   56 type  2   force =     0.00000112    0.00000178   -0.00000386
     atom   57 type  2   force =    -0.00000063   -0.00000061   -0.00000300
     atom   58 type  2   force =     0.00000063   -0.00000061    0.00000297
     atom   59 type  2   force =    -0.00000032   -0.00000029    0.00000081
     atom   60 type  2   force =     0.00000032   -0.00000030   -0.00000089
     atom   61 type  2   force =     0.00000027    0.00000048   -0.00000047
     atom   62 type  2   force =    -0.00000027   -0.00000048   -0.00000047
     atom   63 type  2   force =    -0.00000027    0.00000048    0.00000038
     atom   64 type  2   force =     0.00000027   -0.00000048    0.00000039
     atom   65 type  2   force =     0.00000112   -0.00000178   -0.00000386
     atom   66 type  2   force =    -0.00000051   -0.00000024    0.00000042
     atom   67 type  2   force =    -0.00000112    0.00000178   -0.00000386
     atom   68 type  2   force =     0.00000050    0.00000024    0.00000043
     atom   69 type  2   force =     0.00000032   -0.00000029    0.00000081
     atom   70 type  2   force =    -0.00000032   -0.00000029   -0.00000089
     atom   71 type  2   force =     0.00000062   -0.00000060   -0.00000300
     atom   72 type  2   force =    -0.00000062   -0.00000060    0.00000297
     atom   73 type  3   force =    -0.00000053    0.00000067    0.00000018
     atom   74 type  3   force =     0.00000053   -0.00000067    0.00000018
     atom   75 type  3   force =    -0.00000035    0.00000034   -0.00000036
     atom   76 type  3   force =     0.00000035    0.00000034    0.00000036
     atom   77 type  3   force =     0.00000017    0.00000014   -0.00000018
     atom   78 type  3   force =    -0.00000017   -0.00000014   -0.00000018
     atom   79 type  3   force =    -0.00000017    0.00000014    0.00000018
     atom   80 type  3   force =     0.00000017   -0.00000014    0.00000018
     atom   81 type  3   force =     0.00000053    0.00000067    0.00000018
     atom   82 type  3   force =    -0.00000053   -0.00000067    0.00000018
     atom   83 type  3   force =     0.00000035    0.00000034   -0.00000036
     atom   84 type  3   force =    -0.00000035    0.00000034    0.00000036
     atom   85 type  3   force =    -0.00000017   -0.00000014    0.00000018
     atom   86 type  3   force =     0.00000017    0.00000014    0.00000018
     atom   87 type  3   force =     0.00000017   -0.00000014   -0.00000018
     atom   88 type  3   force =    -0.00000017    0.00000014   -0.00000018
     atom   89 type  3   force =    -0.00000053   -0.00000067   -0.00000018
     atom   90 type  3   force =     0.00000053    0.00000067   -0.00000018
     atom   91 type  3   force =    -0.00000035   -0.00000034    0.00000036
     atom   92 type  3   force =     0.00000035   -0.00000034   -0.00000036
     atom   93 type  3   force =     0.00000053   -0.00000067   -0.00000018
     atom   94 type  3   force =    -0.00000053    0.00000067   -0.00000018
     atom   95 type  3   force =     0.00000035   -0.00000034    0.00000036
     atom   96 type  3   force =    -0.00000035   -0.00000034   -0.00000036

     Total force =     0.006104     Total SCF correction =     0.000025


     Computing stress (Cartesian axis) and pressure


     negative rho (up, down):  1.790E-03 0.000E+00
          total   stress  (Ry/bohr**3)                   (kbar)     P=       -0.30
  -0.00000029   0.00000000   0.00000000           -0.04        0.00        0.00
   0.00000000  -0.00000079   0.00000000            0.00       -0.12        0.00
   0.00000000   0.00000000  -0.00000511            0.00        0.00       -0.75

     kinetic stress (kbar)   7562.29      0.00      0.00
                                0.00   7549.65      0.00
                                0.00      0.00   7515.30

     local   stress (kbar)-453681.96     -0.00     -0.00
                               -0.00-454288.92     -0.00
                               -0.00     -0.00 451393.22

     nonloc. stress (kbar)   -526.81      0.00      0.00
                                0.00   -525.10      0.00
                                0.00      0.00   -528.59

     hartree stress (kbar) 227412.71     -0.00      0.00
                               -0.00 227654.75     -0.00
                                0.00     -0.00-222816.68

     exc-cor stress (kbar)   2459.87      0.00      0.00
                                0.00   2460.45      0.00
                                0.00      0.00   2459.67

     corecor stress (kbar)  -4275.30     -0.00     -0.00
                               -0.00  -4275.40     -0.00
                               -0.00     -0.00  -4275.16

     ewald   stress (kbar) 221049.15      0.00      0.00
                                0.00 221424.45      0.00
                                0.00      0.00-233748.51

     hubbard stress (kbar)      0.00      0.00      0.00
                                0.00      0.00      0.00
                                0.00      0.00      0.00

     DFT-D   stress (kbar)      0.00      0.00      0.00
                                0.00      0.00      0.00
                                0.00      0.00      0.00

     XDM     stress (kbar)      0.00      0.00      0.00
                                0.00      0.00      0.00
                                0.00      0.00      0.00

     dft-nl  stress (kbar)      0.00      0.00      0.00
                                0.00      0.00      0.00
                                0.00      0.00      0.00

     TS-vdW  stress (kbar)      0.00      0.00      0.00
                                0.00      0.00      0.00
                                0.00      0.00      0.00

     MDB     stress (kbar)      0.00      0.00      0.00
                                0.00      0.00      0.00
                                0.00      0.00      0.00

     3D-RISM stress (kbar)      0.00      0.00      0.00
                                0.00      0.00      0.00
                                0.00      0.00      0.00


     Writing all to output data dir ./tmp/slab.save/ :
     XML data file, charge density, pseudopotentials, collected wavefunctions

     init_run     :     58.68s CPU     60.64s WALL (       1 calls)
     electrons    :   7896.72s CPU   8132.86s WALL (       1 calls)
     forces       :     44.69s CPU     45.81s WALL (       1 calls)
     stress       :     97.45s CPU     99.27s WALL (       1 calls)

     Called by init_run:
     wfcinit      :     43.11s CPU     44.28s WALL (       1 calls)
     wfcinit:atom :      0.15s CPU      0.20s WALL (       1 calls)
     wfcinit:wfcr :     41.18s CPU     42.15s WALL (       1 calls)
     potinit      :      4.13s CPU      4.42s WALL (       1 calls)
     hinit0       :      2.01s CPU      2.10s WALL (       1 calls)

     Called by electrons:
     c_bands      :   6726.32s CPU   6900.29s WALL (      47 calls)
     sum_band     :    676.08s CPU    702.89s WALL (      47 calls)
     v_of_rho     :     81.43s CPU     89.09s WALL (      48 calls)
     v_h          :      4.83s CPU      5.37s WALL (      48 calls)
     v_xc         :     79.29s CPU     86.70s WALL (      50 calls)
     newd         :    115.36s CPU    125.57s WALL (      48 calls)
     PAW_pot      :     71.44s CPU     72.34s WALL (      48 calls)
     mix_rho      :    222.48s CPU    238.78s WALL (      47 calls)

     Called by c_bands:
     init_us_2    :     24.06s CPU     24.62s WALL (      96 calls)
     cegterg      :   6351.64s CPU   6521.91s WALL (      47 calls)

     Called by sum_band:
     sum_band:wei :      0.11s CPU      0.11s WALL (      47 calls)
     sum_band:loo :    506.99s CPU    520.30s WALL (      47 calls)
     sum_band:buf :      0.00s CPU      0.00s WALL (      47 calls)
     sum_band:ini :     11.80s CPU     12.03s WALL (      47 calls)
     sum_band:cal :    230.84s CPU    233.42s WALL (      47 calls)
     sum_band:bec :      0.08s CPU      0.09s WALL (      47 calls)
     addusdens    :    102.98s CPU    114.09s WALL (      47 calls)
                                        0.00s GPU  (      47 calls)
     addusd:skk   :      5.85s CPU      8.48s WALL (     141 calls)
                                        0.00s GPU  (     141 calls)

     Called by *egterg:
     cdiaghg      :     45.09s CPU     47.36s WALL (     314 calls)
     cegterg:over :    887.02s CPU    898.79s WALL (     267 calls)
     cegterg:upda :    466.62s CPU    481.21s WALL (     267 calls)
     cegterg:last :   1077.70s CPU   1092.48s WALL (     134 calls)
     cdiaghg:chol :      3.32s CPU      3.46s WALL (     314 calls)
     cdiaghg:inve :      0.87s CPU      0.90s WALL (     314 calls)
     cdiaghg:para :     12.42s CPU     13.45s WALL (     628 calls)
     h_psi        :   3013.00s CPU   3117.68s WALL (     315 calls)
     s_psi        :    617.15s CPU    625.02s WALL (     315 calls)
     g_psi        :     15.06s CPU     15.24s WALL (     267 calls)

     Called by h_psi:
     h_psi:calbec :    726.89s CPU    735.31s WALL (     315 calls)
     vloc_psi     :   1649.14s CPU   1734.09s WALL (     315 calls)
                                        0.00s GPU  (     315 calls)
     add_vuspsi   :    632.85s CPU    640.25s WALL (     315 calls)

     General routines
     calbec       :   1034.80s CPU   1046.70s WALL (     379 calls)
     fft          :     69.07s CPU     75.28s WALL (     647 calls)
     ffts         :    120.45s CPU    133.56s WALL (    5753 calls)
     fftw         :   1748.11s CPU   1840.75s WALL (  115002 calls)
     interpolate  :      6.50s CPU      6.96s WALL (      48 calls)

     Parallel routines

     PAW routines
     PAW_pot      :     71.44s CPU     72.34s WALL (      48 calls)
     PAW_symme    :      0.24s CPU      0.25s WALL (      95 calls)

     PWSCF        :      2h14m CPU      2h19m WALL


   This run was terminated on:   4:51:56  30Sep2026            

=------------------------------------------------------------------------------=
   JOB DONE.
=------------------------------------------------------------------------------=
Note: The following floating-point exceptions are signalling: IEEE_UNDERFLOW_FLAG IEEE_DENORMAL
Note: The following floating-point exceptions are signalling: IEEE_UNDERFLOW_FLAG IEEE_DENORMAL
