    0.000000000    0.248182996    0.248182730
    0.021967776    0.248182961    0.248182729
    0.043935552    0.248182864    0.248182727
    0.065903327    0.248182733    0.248182725
    0.087871103    0.248182601    0.248182723
    0.109838879    0.248182504    0.248182721
    0.131806655    0.248182467    0.248182720
    0.153774430    0.248182501    0.248182721
    0.175742206    0.248182596    0.248182722
    0.197709982    0.248182728    0.248182725
    0.219677758    0.248182860    0.248182727
    0.241645533    0.248182958    0.248182728
    0.263613309    0.248182995    0.248182729
    0.285581085    0.248182962    0.248182728
    0.307548861    0.248182868    0.248182726
    0.329516637    0.248182737    0.248182724
    0.351484412    0.248182604    0.248182722
    0.373452188    0.248182505    0.248182720
    0.395419964    0.248182466    0.248182719
    0.417387740    0.248182498    0.248182720
    0.439355515    0.248182591    0.248182721
    0.461323291    0.248182722    0.248182723
    0.483291067    0.248182854    0.248182725
    0.505258843    0.248182954    0.248182727
    0.527226618    0.248182994    0.248182728
    0.549194394    0.248182963    0.248182727
    0.571162170    0.248182871    0.248182725
    0.593129946    0.248182740    0.248182723
    0.615097721    0.248182607    0.248182721
    0.637065497    0.248182506    0.248182719
    0.659033273    0.248182465    0.248182718
    0.681001049    0.248182494    0.248182718
    0.702968825    0.248182585    0.248182720
    0.724936600    0.248182715    0.248182722
    0.746904376    0.248182848    0.248182724
    0.768872152    0.248182950    0.248182725
    0.790839928    0.248182992    0.248182726
    0.812807703    0.248182964    0.248182725
    0.834775479    0.248182873    0.248182723
    0.856743255    0.248182743    0.248182721
    0.878711031    0.248182609    0.248182719
    0.900678806    0.248182507    0.248182717
    0.922646582    0.248182463    0.248182716
    0.944614358    0.248182489    0.248182716
    0.966582134    0.248182579    0.248182717
    0.988549910    0.248182708    0.248182719
    1.010517685    0.248182842    0.248182722
    1.032485461    0.248182945    0.248182723
    1.054453237    0.248182990    0.248182724
    1.076421013    0.248182964    0.248182723
    1.098388788    0.248182875    0.248182721
    1.120356564    0.248182746    0.248182719
    1.142324340    0.248182611    0.248182716
    1.164292116    0.248182507    0.248182714
    1.186259891    0.248182461    0.248182713
    1.208227667    0.248182485    0.248182714
    1.230195443    0.248182572    0.248182715
    1.252163219    0.248182701    0.248182717
    1.274130995    0.248182835    0.248182719
    1.296098770    0.248182940    0.248182720
    1.318066546    0.248182987    0.248182721
    1.340034322    0.248182964    0.248182720
    1.362002098    0.248182876    0.248182719
    1.383969873    0.248182748    0.248182716
    1.405937649    0.248182613    0.248182714
    1.427905425    0.248182507    0.248182712
    1.449873201    0.248182458    0.248182711
    1.471840976    0.248182479    0.248182711
    1.493808752    0.248182565    0.248182712
    1.515776528    0.248182693    0.248182714
    1.537744304    0.248182828    0.248182716
    1.559712079    0.248182934    0.248182717
    1.581679855    0.248182984    0.248182718
    1.603647631    0.248182963    0.248182717
    1.625615407    0.248182877    0.248182715
    1.647583183    0.248182750    0.248182713
    1.669550958    0.248182614    0.248182710
    1.691518734    0.248182506    0.248182708
    1.713486510    0.248182455    0.248182707
    1.735454286    0.248182474    0.248182707
    1.757422061    0.248182558    0.248182708
    1.779389837    0.248182684    0.248182710
    1.801357613    0.248182820    0.248182712
    1.823325389    0.248182928    0.248182714
    1.845293164    0.248182980    0.248182714
    1.867260940    0.248182962    0.248182714
    1.889228716    0.248182878    0.248182712
    1.911196492    0.248182751    0.248182709
    1.933164268    0.248182615    0.248182707
    1.955132043    0.248182505    0.248182705
    1.977099819    0.248182451    0.248182703
    1.999067595    0.248182468    0.248182703
    2.021035371    0.248182550    0.248182704
    2.043003146    0.248182676    0.248182706
    2.064970922    0.248182811    0.248182708
    2.086938698    0.248182921    0.248182710
    2.108906474    0.248182976    0.248182710
    2.130874249    0.248182960    0.248182710
    2.152842025    0.248182878    0.248182708
    2.174809801    0.248182752    0.248182705
    2.196777577    0.248182615    0.248182703
    2.218745353    0.248182503    0.248182700
    2.240713128    0.248182447    0.248182699
    2.262680904    0.248182461    0.248182699
    2.284648680    0.248182541    0.248182700
    2.306616456    0.248182666    0.248182702
    2.328584231    0.248182803    0.248182704
    2.350552007    0.248182914    0.248182705
    2.372519783    0.248182971    0.248182706
    2.394487559    0.248182957    0.248182705
    2.416455334    0.248182877    0.248182703
    2.438423110    0.248182752    0.248182701
    2.460390886    0.248182615    0.248182698
    2.482358662    0.248182501    0.248182696
    2.504326437    0.248182443    0.248182694
    2.526294213    0.248182454    0.248182694
    2.548261989    0.248182532    0.248182695
    2.570229765    0.248182656    0.248182697
    2.592197541    0.248182793    0.248182699
    2.614165316    0.248182906    0.248182700
    2.636133092    0.248182965    0.248182701
    2.658100868    0.248182955    0.248182700
    2.680068644    0.248182877    0.248182698
    2.702036419    0.248182752    0.248182696
    2.724004195    0.248182614    0.248182693
    2.745971971    0.248182499    0.248182691
    2.767939747    0.248182438    0.248182689
    2.789907522    0.248182447    0.248182689
    2.811875298    0.248182523    0.248182690
    2.833843074    0.248182646    0.248182691
    2.855810850    0.248182783    0.248182693
    2.877778626    0.248182898    0.248182695
    2.899746401    0.248182960    0.248182695
    2.921714177    0.248182951    0.248182695
    2.943681953    0.248182875    0.248182693
    2.965649729    0.248182751    0.248182690
    2.987617504    0.248182613    0.248182687
    3.009585280    0.248182496    0.248182685
    3.031553056    0.248182433    0.248182683
    3.053520832    0.248182439    0.248182683
    3.075488607    0.248182513    0.248182684
    3.097456383    0.248182635    0.248182685
    3.119424159    0.248182773    0.248182687
    3.141391935    0.248182890    0.248182689
    3.163359710    0.248182953    0.248182689
    3.185327486    0.248182948    0.248182689
    3.207295262    0.248182873    0.248182687
    3.229263038    0.248182750    0.248182684
    3.251230814    0.248182611    0.248182681
    3.273198589    0.248182493    0.248182679
    3.295166365    0.248182427    0.248182677
    3.317134141    0.248182430    0.248182677
    3.339101917    0.248182502    0.248182677
    3.361069692    0.248182624    0.248182679
    3.383037468    0.248182762    0.248182681
    3.405005244    0.248182880    0.248182682
    3.426973020    0.248182947    0.248182683
    3.448940795    0.248182943    0.248182682
    3.470908571    0.248182871    0.248182680
    3.492876347    0.248182749    0.248182678
    3.514844123    0.248182609    0.248182675
    3.536811899    0.248182489    0.248182672
    3.558779674    0.248182421    0.248182671
    3.580747450    0.248182421    0.248182670
    3.602715226    0.248182492    0.248182671
    3.624683002    0.248182612    0.248182672
    3.646650777    0.248182751    0.248182674
    3.668618553    0.248182871    0.248182675
    3.690586329    0.248182939    0.248182676
    3.712554105    0.248182939    0.248182675
    3.734521880    0.248182868    0.248182674
    3.756489656    0.248182747    0.248182671
    3.778457432    0.248182607    0.248182668
    3.800425208    0.248182485    0.248182665
    3.822392984    0.248182414    0.248182663
    3.844360759    0.248182412    0.248182663
    3.866328535    0.248182480    0.248182663
    3.888296311    0.248182600    0.248182665
    3.910264087    0.248182739    0.248182666
    3.932231862    0.248182860    0.248182668
    3.954199638    0.248182932    0.248182668
    3.976167414    0.248182933    0.248182668
    3.998135190    0.248182865    0.248182666
    4.020102965    0.248182745    0.248182663
    4.042070741    0.248182604    0.248182660
    4.064038517    0.248182481    0.248182658
    4.086006293    0.248182407    0.248182656
    4.107974068    0.248182402    0.248182655
    4.129941844    0.248182468    0.248182656
    4.151909620    0.248182587    0.248182657
    4.173877396    0.248182726    0.248182659
    4.195845172    0.248182849    0.248182660
    4.217812947    0.248182923    0.248182661
    4.239780723    0.248182928    0.248182660
    4.261748499    0.248182861    0.248182658
    4.283716275    0.248182742    0.248182656
    4.305684050    0.248182601    0.248182653
    4.327651826    0.248182476    0.248182650
    4.349619602    0.248182399    0.248182648
    4.371587378    0.248182392    0.248182647
    4.393555153    0.248182456    0.248182647
    4.415522929    0.248182574    0.248182649
    4.437490705    0.248182713    0.248182650
    4.459458481    0.248182838    0.248182652
    4.481426257    0.248182914    0.248182652
    4.503394032    0.248182921    0.248182652
    4.525361808    0.248182857    0.248182650
    4.547329584    0.248182739    0.248182647
    4.569297360    0.248182597    0.248182644
    4.591265135    0.248182470    0.248182641
    4.613232911    0.248182391    0.248182639
    4.635200687    0.248182381    0.248182638
    4.657168463    0.248182443    0.248182639
    4.679136238    0.248182560    0.248182640
    4.701104014    0.248182700    0.248182641
    4.723071790    0.248182826    0.248182643
    4.745039566    0.248182905    0.248182643
    4.767007342    0.248182915    0.248182643
    4.788975117    0.248182853    0.248182641
    4.810942893    0.248182735    0.248182638
    4.832910669    0.248182593    0.248182635
    4.854878445    0.248182464    0.248182632
    4.876846220    0.248182383    0.248182630
    4.898813996    0.248182370    0.248182629
    4.920781772    0.248182430    0.248182629
    4.942749548    0.248182545    0.248182630
    4.964717323    0.248182686    0.248182632
    4.986685099    0.248182814    0.248182633
    5.008652875    0.248182895    0.248182634
    5.030620651    0.248182907    0.248182633
    5.052588426    0.248182847    0.248182632
    5.074556202    0.248182731    0.248182629
    5.096523978    0.248182589    0.248182626
    5.118491754    0.248182458    0.248182623
    5.140459530    0.248182374    0.248182621
    5.162427305    0.248182359    0.248182619
    5.184395081    0.248182416    0.248182620
    5.206362857    0.248182530    0.248182621
    5.228330633    0.248182671    0.248182622
    5.250298408    0.248182801    0.248182624
    5.272266184    0.248182885    0.248182624
    5.294233960    0.248182900    0.248182624
    5.316201736    0.248182842    0.248182622
    5.338169511    0.248182726    0.248182619
    5.360137287    0.248182584    0.248182616
    5.382105063    0.248182451    0.248182613
    5.404072839    0.248182365    0.248182610
    5.426040615    0.248182347    0.248182609
    5.448008390    0.248182401    0.248182609
    5.469976166    0.248182515    0.248182610
    5.491943942    0.248182656    0.248182612
    5.513911718    0.248182787    0.248182613
    5.535879493    0.248182874    0.248182614
    5.557847269    0.248182891    0.248182613
    5.579815045    0.248182836    0.248182612
    5.601782821    0.248182721    0.248182609
    5.623750596    0.248182578    0.248182605
    5.645718372    0.248182444    0.248182602
    5.667686148    0.248182355    0.248182600
    5.689653924    0.248182334    0.248182599
    5.711621700    0.248182387    0.248182599
    5.733589475    0.248182499    0.248182600
    5.755557251    0.248182640    0.248182601
    5.777525027    0.248182773    0.248182602
    5.799492803    0.248182862    0.248182603
    5.821460578    0.248182883    0.248182602
    5.843428354    0.248182829    0.248182601
    5.865396130    0.248182716    0.248182598
    5.887363906    0.248182572    0.248182595
    5.909331681    0.248182437    0.248182591
    5.931299457    0.248182345    0.248182589
    5.953267233    0.248182321    0.248182587
    5.975235009    0.248182371    0.248182587
    5.997202784    0.248182482    0.248182588
    6.019170560    0.248182624    0.248182590
    6.041138336    0.248182758    0.248182591
    6.063106112    0.248182850    0.248182592
    6.085073888    0.248182873    0.248182591
    6.107041663    0.248182822    0.248182589
    6.129009439    0.248182710    0.248182586
    6.150977215    0.248182566    0.248182583
    6.172944991    0.248182429    0.248182580
    6.194912766    0.248182334    0.248182577
    6.216880542    0.248182307    0.248182576
    6.238848318    0.248182355    0.248182576
    6.260816094    0.248182465    0.248182576
    6.282783869    0.248182607    0.248182578
    6.304751645    0.248182743    0.248182579
    6.326719421    0.248182837    0.248182580
    6.348687197    0.248182863    0.248182579
    6.370654973    0.248182815    0.248182577
    6.392622748    0.248182704    0.248182575
    6.414590524    0.248182559    0.248182571
    6.436558300    0.248182420    0.248182568
    6.458526076    0.248182323    0.248182565
    6.480493851    0.248182293    0.248182564
    6.502461627    0.248182339    0.248182563
    6.524429403    0.248182447    0.248182564
    6.546397179    0.248182589    0.248182565
    6.568364954    0.248182727    0.248182567
    6.590332730    0.248182824    0.248182567
    6.612300506    0.248182853    0.248182567
    6.634268282    0.248182807    0.248182565
    6.656236058    0.248182697    0.248182562
    6.678203833    0.248182552    0.248182559
    6.700171609    0.248182411    0.248182555
    6.722139385    0.248182311    0.248182552
    6.744107161    0.248182278    0.248182551
    6.766074936    0.248182321    0.248182550
    6.788042712    0.248182429    0.248182551
    6.810010488    0.248182571    0.248182552
    6.831978264    0.248182711    0.248182554
    6.853946039    0.248182810    0.248182554
    6.875913815    0.248182842    0.248182554
    6.897881591    0.248182798    0.248182552
    6.919849367    0.248182690    0.248182549
    6.941817142    0.248182545    0.248182546
    6.963784918    0.248182402    0.248182542
    6.985752694    0.248182299    0.248182539
    7.007720470    0.248182263    0.248182538
    7.029688246    0.248182304    0.248182537
    7.051656021    0.248182410    0.248182538
    7.073623797    0.248182552    0.248182539
    7.095591573    0.248182694    0.248182540
    7.117559349    0.248182796    0.248182541
    7.139527124    0.248182831    0.248182540
    7.161494900    0.248182789    0.248182539
    7.183462676    0.248182682    0.248182536
    7.205430452    0.248182537    0.248182532
    7.227398227    0.248182392    0.248182529
    7.249366003    0.248182287    0.248182526
    7.271333779    0.248182248    0.248182524
    7.293301555    0.248182286    0.248182523
    7.315269331    0.248182390    0.248182524
    7.337237106    0.248182533    0.248182525
    7.359204882    0.248182676    0.248182526
    7.381172658    0.248182781    0.248182527
    7.403140434    0.248182819    0.248182526
    7.425108209    0.248182780    0.248182525
    7.447075985    0.248182674    0.248182522
    7.469043761    0.248182528    0.248182518
    7.491011537    0.248182382    0.248182514
    7.512979312    0.248182274    0.248182511
    7.534947088    0.248182232    0.248182509
    7.556914864    0.248182267    0.248182509
    7.578882640    0.248182370    0.248182509
    7.600850416    0.248182513    0.248182511
    7.622818191    0.248182658    0.248182512
    7.644785967    0.248182765    0.248182512
    7.666753743    0.248182806    0.248182512
    7.688721519    0.248182770    0.248182510
    7.710689294    0.248182665    0.248182507
    7.732657070    0.248182520    0.248182503
    7.754624846    0.248182371    0.248182500
    7.776592622    0.248182260    0.248182497
    7.798560397    0.248182215    0.248182495
    7.820528173    0.248182247    0.248182494
    7.842495949    0.248182349    0.248182494
    7.864463725    0.248182492    0.248182495
    7.886431500    0.248182639    0.248182497
    7.908399276    0.248182749    0.248182497
    7.930367052    0.248182793    0.248182497
    7.952334828    0.248182759    0.248182495
    7.974302604    0.248182656    0.248182492
    7.996270379    0.248182510    0.248182488
    8.018238155    0.248182360    0.248182485
    8.040205931    0.248182246    0.248182481
    8.062173707    0.248182198    0.248182479
    8.084141482    0.248182227    0.248182478
    8.106109258    0.248182328    0.248182479
    8.128077034    0.248182471    0.248182480
    8.150044810    0.248182619    0.248182481
    8.172012585    0.248182732    0.248182482
    8.193980361    0.248182780    0.248182481
    8.215948137    0.248182748    0.248182479
    8.237915913    0.248182647    0.248182476
    8.259883689    0.248182500    0.248182473
    8.281851464    0.248182349    0.248182469
    8.303819240    0.248182232    0.248182465
    8.325787016    0.248182180    0.248182463
    8.347754792    0.248182207    0.248182462
    8.369722567    0.248182305    0.248182463
    8.391690343    0.248182449    0.248182464
    8.413658119    0.248182599    0.248182465
    8.435625895    0.248182715    0.248182465
    8.457593670    0.248182765    0.248182465
    8.479561446    0.248182737    0.248182463
    8.501529222    0.248182637    0.248182460
    8.523496998    0.248182490    0.248182456
    8.545464774    0.248182337    0.248182452
    8.567432549    0.248182217    0.248182449
    8.589400325    0.248182162    0.248182447
    8.611368101    0.248182186    0.248182446
    8.633335877    0.248182283    0.248182446
    8.655303652    0.248182426    0.248182447
    8.677271428    0.248182578    0.248182448
    8.699239204    0.248182697    0.248182449
    8.721206980    0.248182751    0.248182448
    8.743174755    0.248182725    0.248182446
    8.765142531    0.248182626    0.248182443
    8.787110307    0.248182480    0.248182439
    8.809078083    0.248182324    0.248182435
    8.831045858    0.248182201    0.248182432
    8.853013634    0.248182143    0.248182429
    8.874981410    0.248182164    0.248182428
    8.896949186    0.248182259    0.248182428
    8.918916962    0.248182403    0.248182429
    8.940884737    0.248182556    0.248182431
    8.962852513    0.248182678    0.248182431
    8.984820289    0.248182735    0.248182431
    9.006788065    0.248182712    0.248182429
    9.028755840    0.248182615    0.248182426
    9.050723616    0.248182469    0.248182422
    9.072691392    0.248182312    0.248182418
    9.094659168    0.248182185    0.248182414
    9.116626943    0.248182123    0.248182412
    9.138594719    0.248182141    0.248182410
    9.160562495    0.248182235    0.248182411
    9.182530271    0.248182379    0.248182411
    9.204498047    0.248182534    0.248182413
    9.226465822    0.248182658    0.248182413
    9.248433598    0.248182719    0.248182413
    9.270401374    0.248182699    0.248182411
    9.292369150    0.248182604    0.248182408
    9.314336925    0.248182457    0.248182404
    9.336304701    0.248182298    0.248182400
    9.358272477    0.248182169    0.248182396
    9.380240253    0.248182103    0.248182393
    9.402208028    0.248182118    0.248182392
    9.424175804    0.248182210    0.248182392
    9.446143580    0.248182354    0.248182393
    9.468111356    0.248182510    0.248182394
    9.490079131    0.248182638    0.248182395
    9.512046907    0.248182703    0.248182394
    9.534014683    0.248182686    0.248182392
    9.555982459    0.248182592    0.248182389
    9.577950235    0.248182445    0.248182385
    9.599918010    0.248182284    0.248182381
    9.621885786    0.248182152    0.248182377
    9.643853562    0.248182083    0.248182374
    9.665821338    0.248182095    0.248182373
    9.687789113    0.248182184    0.248182373
    9.709756889    0.248182328    0.248182374
    9.731724665    0.248182486    0.248182375
    9.753692441    0.248182617    0.248182375
    9.775660216    0.248182685    0.248182375
    9.797627992    0.248182672    0.248182373
    9.819595768    0.248182580    0.248182370
    9.841563544    0.248182433    0.248182366
    9.863531320    0.248182270    0.248182362
    9.885499095    0.248182134    0.248182358
    9.907466871    0.248182061    0.248182355
    9.929434647    0.248182070    0.248182353
    9.951402423    0.248182158    0.248182353
    9.973370198    0.248182301    0.248182354
    9.995337974    0.248182462    0.248182355
   10.017305750    0.248182596    0.248182355
   10.039273526    0.248182667    0.248182355
   10.061241301    0.248182657    0.248182353
   10.083209077    0.248182567    0.248182350
   10.105176853    0.248182420    0.248182346
   10.127144629    0.248182255    0.248182342
   10.149112405    0.248182116    0.248182338
   10.171080180    0.248182040    0.248182335
   10.193047956    0.248182045    0.248182333
   10.215015732    0.248182131    0.248182333
   10.236983508    0.248182274    0.248182333
   10.258951283    0.248182436    0.248182334
   10.280919059    0.248182574    0.248182335
   10.302886835    0.248182649    0.248182335
   10.324854611    0.248182642    0.248182333
   10.346822386    0.248182553    0.248182330
   10.368790162    0.248182407    0.248182325
   10.390757938    0.248182240    0.248182321
   10.412725714    0.248182098    0.248182317
   10.434693489    0.248182017    0.248182314
   10.456661265    0.248182019    0.248182312
   10.478629041    0.248182103    0.248182311
   10.500596817    0.248182246    0.248182312
   10.522564593    0.248182410    0.248182313
   10.544532368    0.248182551    0.248182314
   10.566500144    0.248182630    0.248182313
   10.588467920    0.248182626    0.248182312
   10.610435696    0.248182540    0.248182308
   10.632403471    0.248182393    0.248182304
   10.654371247    0.248182225    0.248182300
   10.676339023    0.248182079    0.248182295
   10.698306799    0.248181994    0.248182292
   10.720274574    0.248181993    0.248182290
   10.742242350    0.248182074    0.248182290
   10.764210126    0.248182217    0.248182290
   10.786177902    0.248182383    0.248182291
   10.808145678    0.248182527    0.248182292
   10.830113453    0.248182610    0.248182291
   10.852081229    0.248182610    0.248182290
   10.874049005    0.248182525    0.248182286
   10.896016781    0.248182379    0.248182282
   10.917984556    0.248182209    0.248182277
   10.939952332    0.248182059    0.248182273
   10.961920108    0.248181970    0.248182270
   10.983887884    0.248181965    0.248182268
   11.005855659    0.248182045    0.248182267
   11.027823435    0.248182187    0.248182267
   11.049791211    0.248182355    0.248182268
   11.071758987    0.248182502    0.248182269
   11.093726763    0.248182589    0.248182269
   11.115694538    0.248182593    0.248182267
   11.137662314    0.248182511    0.248182264
   11.159630090    0.248182364    0.248182259
   11.181597866    0.248182192    0.248182255
   11.203565641    0.248182039    0.248182250
   11.225533417    0.248181946    0.248182246
   11.247501193    0.248181937    0.248182244
   11.269468969    0.248182014    0.248182244
   11.291436744    0.248182157    0.248182244
   11.313404520    0.248182326    0.248182245
   11.335372296    0.248182477    0.248182246
   11.357340072    0.248182568    0.248182245
   11.379307847    0.248182575    0.248182243
   11.401275623    0.248182495    0.248182240
   11.423243399    0.248182349    0.248182236
   11.445211175    0.248182175    0.248182231
   11.467178951    0.248182019    0.248182226
   11.489146726    0.248181921    0.248182222
   11.511114502    0.248181908    0.248182220
   11.533082278    0.248181983    0.248182219
   11.555050054    0.248182125    0.248182220
   11.577017829    0.248182296    0.248182220
   11.598985605    0.248182450    0.248182221
   11.620953381    0.248182546    0.248182221
   11.642921157    0.248182557    0.248182219
   11.664888932    0.248182479    0.248182216
   11.686856708    0.248182334    0.248182211
   11.708824484    0.248182157    0.248182206
   11.730792260    0.248181997    0.248182201
   11.752760036    0.248181895    0.248182197
   11.774727811    0.248181878    0.248182195
   11.796695587    0.248181950    0.248182194
   11.818663363    0.248182092    0.248182194
   11.840631139    0.248182265    0.248182195
   11.862598914    0.248182423    0.248182196
   11.884566690    0.248182523    0.248182195
   11.906534466    0.248182538    0.248182193
   11.928502242    0.248182463    0.248182190
   11.950470017    0.248182317    0.248182186
   11.972437793    0.248182139    0.248182180
   11.994405569    0.248181975    0.248182175
   12.016373345    0.248181869    0.248182171
   12.038341121    0.248181848    0.248182169
   12.060308896    0.248181917    0.248182168
   12.082276672    0.248182058    0.248182168
   12.104244448    0.248182233    0.248182168
   12.126212224    0.248182395    0.248182169
   12.148179999    0.248182499    0.248182169
   12.170147775    0.248182518    0.248182167
   12.192115551    0.248182446    0.248182163
   12.214083327    0.248182301    0.248182159
   12.236051102    0.248182121    0.248182153
   12.258018878    0.248181953    0.248182148
   12.279986654    0.248181842    0.248182144
   12.301954430    0.248181816    0.248182141
   12.323922205    0.248181883    0.248182140
   12.345889981    0.248182023    0.248182140
   12.367857757    0.248182200    0.248182140
   12.389825533    0.248182365    0.248182141
   12.411793309    0.248182475    0.248182140
   12.433761084    0.248182498    0.248182138
   12.455728860    0.248182428    0.248182135
   12.477696636    0.248182284    0.248182130
   12.499664412    0.248182101    0.248182125
   12.521632187    0.248181930    0.248182119
   12.543599963    0.248181814    0.248182115
   12.565567739    0.248181784    0.248182112
   12.587535515    0.248181847    0.248182110
   12.609503290    0.248181987    0.248182110
   12.631471066    0.248182166    0.248182110
   12.653438842    0.248182335    0.248182111
   12.675406618    0.248182449    0.248182110
   12.697374394    0.248182477    0.248182108
   12.719342169    0.248182410    0.248182105
   12.741309945    0.248182266    0.248182100
   12.763277721    0.248182081    0.248182094
   12.785245497    0.248181906    0.248182088
   12.807213272    0.248181785    0.248182083
   12.829181048    0.248181750    0.248182080
   12.851148824    0.248181810    0.248182078
   12.873116600    0.248181950    0.248182078
   12.895084375    0.248182130    0.248182078
   12.917052151    0.248182303    0.248182078
   12.939019927    0.248182422    0.248182078
   12.960987703    0.248182455    0.248182076
   12.982955479    0.248182391    0.248182072
   13.004923254    0.248182247    0.248182067
   13.026891030    0.248182061    0.248182061
   13.048858806    0.248181881    0.248182055
   13.070826582    0.248181754    0.248182049
   13.092794357    0.248181715    0.248182046
   13.114762133    0.248181772    0.248182044
   13.136729909    0.248181910    0.248182043
   13.158697685    0.248182093    0.248182043
   13.180665460    0.248182270    0.248182043
   13.202633236    0.248182394    0.248182042
   13.224601012    0.248182431    0.248182040
   13.246568788    0.248182371    0.248182036
   13.268536563    0.248182228    0.248182030
   13.290504339    0.248182039    0.248182024
   13.312472115    0.248181855    0.248182017
   13.334439891    0.248181723    0.248182012
   13.356407667    0.248181678    0.248182008
   13.378375442    0.248181732    0.248182005
   13.400343218    0.248181870    0.248182004
   13.422310994    0.248182054    0.248182004
   13.444278770    0.248182235    0.248182003
   13.466246545    0.248182364    0.248182002
   13.488214321    0.248182407    0.248181999
   13.510182097    0.248182349    0.248181995
   13.532149873    0.248182207    0.248181989
   13.554117648    0.248182016    0.248181982
   13.576085424    0.248181828    0.248181975
   13.598053200    0.248181690    0.248181969
   13.620020976    0.248181640    0.248181964
   13.641988752    0.248181690    0.248181961
   13.663956527    0.248181827    0.248181959
   13.685924303    0.248182013    0.248181959
   13.707892079    0.248182198    0.248181958
   13.729859855    0.248182333    0.248181956
   13.751827630    0.248182380    0.248181953
   13.773795406    0.248182326    0.248181948
   13.795763182    0.248182185    0.248181942
   13.817730958    0.248181992    0.248181934
   13.839698733    0.248181799    0.248181926
   13.861666509    0.248181655    0.248181919
   13.883634285    0.248181599    0.248181914
   13.905602061    0.248181646    0.248181910
   13.927569837    0.248181781    0.248181907
   13.949537612    0.248181969    0.248181906
   13.971505388    0.248182159    0.248181904
   13.993473164    0.248182299    0.248181902
   14.015440940    0.248182352    0.248181898
   14.037408715    0.248182302    0.248181892
   14.059376491    0.248182161    0.248181885
   14.081344267    0.248181966    0.248181876
   14.103312043    0.248181768    0.248181867
   14.125279818    0.248181618    0.248181859
   14.147247594    0.248181556    0.248181852
   14.169215370    0.248181598    0.248181847
   14.191183146    0.248181732    0.248181844
   14.213150921    0.248181922    0.248181841
   14.235118697    0.248182116    0.248181839
   14.257086473    0.248182262    0.248181835
   14.279054249    0.248182320    0.248181830
   14.301022025    0.248182274    0.248181823
   14.322989800    0.248182134    0.248181814
   14.344957576    0.248181936    0.248181805
   14.366925352    0.248181733    0.248181794
   14.388893128    0.248181577    0.248181785
   14.410860903    0.248181508    0.248181776
   14.432828679    0.248181546    0.248181769
   14.454796455    0.248181678    0.248181764
   14.476764231    0.248181869    0.248181760
   14.498732006    0.248182068    0.248181756
   14.520699782    0.248182220    0.248181751
   14.542667558    0.248182284    0.248181744
   14.564635334    0.248182241    0.248181735
   14.586603110    0.248182102    0.248181725
   14.608570885    0.248181902    0.248181713
   14.630538661    0.248181693    0.248181700
   14.652506437    0.248181530    0.248181688
   14.674474213    0.248181455    0.248181678
   14.696441988    0.248181488    0.248181669
   14.718409764    0.248181618    0.248181661
   14.740377540    0.248181811    0.248181654
   14.762345316    0.248182014    0.248181648
   14.784313091    0.248182172    0.248181640
   14.806280867    0.248182242    0.248181631
   14.828248643    0.248182203    0.248181620
   14.850216419    0.248182065    0.248181606
   14.872184195    0.248181863    0.248181591
   14.894151970    0.248181648    0.248181576
   14.916119746    0.248181478    0.248181561
   14.938087522    0.248181395    0.248181547
   14.960055298    0.248181422    0.248181534
   14.982023073    0.248181550    0.248181523
   15.003990849    0.248181744    0.248181513
   15.025958625    0.248181952    0.248181503
   15.047926401    0.248182116    0.248181492
   15.069894176    0.248182192    0.248181479
   15.091861952    0.248182157    0.248181463
   15.113829728    0.248182020    0.248181446
   15.135797504    0.248181815    0.248181426
   15.157765279    0.248181594    0.248181406
   15.179733055    0.248181416    0.248181386
   15.201700831    0.248181326    0.248181367
   15.223668607    0.248181347    0.248181350
   15.245636383    0.248181472    0.248181333
   15.267604158    0.248181667    0.248181318
   15.289571934    0.248181878    0.248181302
   15.311539710    0.248182049    0.248181285
   15.333507486    0.248182131    0.248181267
   15.355475261    0.248182100    0.248181245
   15.377443037    0.248181964    0.248181222
   15.399410813    0.248181755    0.248181196
   15.421378589    0.248181528    0.248181169
   15.443346364    0.248181341    0.248181142
   15.465314140    0.248181242    0.248181115
   15.487281916    0.248181256    0.248181090
   15.509249692    0.248181378    0.248181066
   15.531217468    0.248181573    0.248181043
   15.553185243    0.248181789    0.248181019
   15.575153019    0.248181965    0.248180994
   15.597120795    0.248182053    0.248180966
   15.619088571    0.248182027    0.248180936
   15.641056346    0.248181890    0.248180903
   15.663024122    0.248181678    0.248180867
   15.684991898    0.248181443    0.248180830
   15.706959674    0.248181247    0.248180792
   15.728927449    0.248181138    0.248180755
   15.750895225    0.248181144    0.248180718
   15.772863001    0.248181261    0.248180682
   15.794830777    0.248181457    0.248180646
   15.816798552    0.248181675    0.248180610
   15.838766328    0.248181857    0.248180572
   15.860734104    0.248181951    0.248180531
   15.882701880    0.248181928    0.248180487
   15.904669656    0.248181791    0.248180439
   15.926637431    0.248181574    0.248180389
   15.948605207    0.248181331    0.248180336
   15.970572983    0.248181123    0.248180282
   15.992540759    0.248181003    0.248180227
   16.014508534    0.248181000    0.248180173
   16.036476310    0.248181111    0.248180120
   16.058444086    0.248181305    0.248180066
   16.080411862    0.248181527    0.248180010
   16.102379637    0.248181714    0.248179953
   16.124347413    0.248181812    0.248179892
   16.146315189    0.248181792    0.248179827
   16.168282965    0.248181654    0.248179757
   16.190250741    0.248181431    0.248179684
   16.212218516    0.248181178    0.248179607
   16.234186292    0.248180958    0.248179529
   16.256154068    0.248180824    0.248179449
   16.278121844    0.248180810    0.248179369
   16.300089619    0.248180914    0.248179289
   16.322057395    0.248181105    0.248179207
   16.344025171    0.248181328    0.248179123
   16.365992947    0.248181519    0.248179036
   16.387960722    0.248181621    0.248178944
   16.409928498    0.248181603    0.248178847
   16.431896274    0.248181462    0.248178745
   16.453864050    0.248181232    0.248178637
   16.475831826    0.248180966    0.248178526
   16.497799601    0.248180731    0.248178410
   16.519767377    0.248180582    0.248178292
   16.541735153    0.248180553    0.248178173
   16.563702929    0.248180647    0.248178051
   16.585670704    0.248180833    0.248177928
   16.607638480    0.248181055    0.248177800
   16.629606256    0.248181247    0.248177668
   16.651574032    0.248181352    0.248177530
   16.673541807    0.248181333    0.248177385
   16.695509583    0.248181188    0.248177232
   16.717477359    0.248180947    0.248177073
   16.739445135    0.248180665    0.248176907
   16.761412910    0.248180411    0.248176736
   16.783380686    0.248180242    0.248176560
   16.805348462    0.248180196    0.248176380
   16.827316238    0.248180276    0.248176197
   16.849284014    0.248180454    0.248176009
   16.871251789    0.248180671    0.248175815
   16.893219565    0.248180862    0.248175614
   16.915187341    0.248180965    0.248175405
   16.937155117    0.248180943    0.248175186
   16.959122892    0.248180789    0.248174957
   16.981090668    0.248180533    0.248174718
   17.003058444    0.248180232    0.248174470
   17.025026220    0.248179954    0.248174213
   17.046993995    0.248179760    0.248173949
   17.068961771    0.248179690    0.248173678
   17.090929547    0.248179752    0.248173400
   17.112897323    0.248179915    0.248173113
   17.134865099    0.248180123    0.248172818
   17.156832874    0.248180308    0.248172512
   17.178800650    0.248180405    0.248172194
   17.200768426    0.248180373    0.248171862
   17.222736202    0.248180205    0.248171516
   17.244703977    0.248179929    0.248171156
   17.266671753    0.248179600    0.248170781
   17.288639529    0.248179290    0.248170394
   17.310607305    0.248179064    0.248169994
   17.332575080    0.248178963    0.248169582
   17.354542856    0.248178996    0.248169158
   17.376510632    0.248179137    0.248168722
   17.398478408    0.248179328    0.248168270
   17.420446184    0.248179499    0.248167803
   17.442413959    0.248179582    0.248167317
   17.464381735    0.248179532    0.248166812
   17.486349511    0.248179341    0.248166285
   17.508317287    0.248179034    0.248165738
   17.530285062    0.248178668    0.248165170
   17.552252838    0.248178315    0.248164581
   17.574220614    0.248178043    0.248163973
   17.596188390    0.248177898    0.248163345
   17.618156165    0.248177892    0.248162697
   17.640123941    0.248177999    0.248162028
   17.662091717    0.248178161    0.248161336
   17.684059493    0.248178305    0.248160619
   17.706027268    0.248178361    0.248159875
   17.727995044    0.248178282    0.248159102
   17.749962820    0.248178054    0.248158298
   17.771930596    0.248177702    0.248157462
   17.793898372    0.248177283    0.248156595
   17.815866147    0.248176870    0.248155696
   17.837833923    0.248176536    0.248154766
   17.859801699    0.248176330    0.248153804
   17.881769475    0.248176266    0.248152810
   17.903737250    0.248176319    0.248151782
   17.925705026    0.248176433    0.248150719
   17.947672802    0.248176533    0.248149617
   17.969640578    0.248176544    0.248148473
   17.991608353    0.248176414    0.248147285
   18.013576129    0.248176127    0.248146051
   18.035543905    0.248175706    0.248144769
   18.057511681    0.248175207    0.248143438
   18.079479457    0.248174706    0.248142059
   18.101447232    0.248174278    0.248140630
   18.123415008    0.248173977    0.248139151
   18.145382784    0.248173820    0.248137620
   18.167350560    0.248173786    0.248136036
   18.189318335    0.248173816    0.248134396
   18.211286111    0.248173835    0.248132696
   18.233253887    0.248173764    0.248130932
   18.255221663    0.248173548    0.248129100
   18.277189438    0.248173166    0.248127198
   18.299157214    0.248172640    0.248125223
   18.321124990    0.248172026    0.248123172
   18.343092766    0.248171401    0.248121046
   18.365060542    0.248170844    0.248118842
   18.387028317    0.248170412    0.248116559
   18.408996093    0.248170126    0.248114194
   18.430963869    0.248169967    0.248111745
   18.452931645    0.248169877    0.248109207
   18.474899420    0.248169776    0.248106575
   18.496867196    0.248169584    0.248103845
   18.518834972    0.248169238    0.248101010
   18.540802748    0.248168716    0.248098067
   18.562770523    0.248168035    0.248095012
   18.584738299    0.248167251    0.248091840
   18.606706075    0.248166445    0.248088548
   18.628673851    0.248165699    0.248085136
   18.650641626    0.248165073    0.248081598
   18.672609402    0.248164595    0.248077931
   18.694577178    0.248164245    0.248074130
   18.716544954    0.248163966    0.248070190
   18.738512730    0.248163676    0.248066103
   18.760480505    0.248163289    0.248061862
   18.782448281    0.248162740    0.248057459
   18.804416057    0.248161998    0.248052887
   18.826383833    0.248161080    0.248048141
   18.848351608    0.248160041    0.248043213
   18.870319384    0.248158964    0.248038098
   18.892287160    0.248157933    0.248032792
   18.914254936    0.248157016    0.248027288
   18.936222711    0.248156244    0.248021581
   18.958190487    0.248155599    0.248015661
   18.980158263    0.248155025    0.248009522
   19.002126039    0.248154437    0.248003151
   19.024093815    0.248153744    0.247996539
   19.046061590    0.248152874    0.247989674
   19.068029366    0.248151793    0.247982545
   19.089997142    0.248150512    0.247975142
   19.111964918    0.248149086    0.247967455
   19.133932693    0.248147599    0.247959475
   19.155900469    0.248146141    0.247951192
   19.177868245    0.248144785    0.247942597
   19.199836021    0.248143565    0.247933678
   19.221803796    0.248142468    0.247924424
   19.243771572    0.248141438    0.247914821
   19.265739348    0.248140385    0.247904854
   19.287707124    0.248139213    0.247894505
   19.309674900    0.248137844    0.247883759
   19.331642675    0.248136237    0.247872597
   19.353610451    0.248134399    0.247861004
   19.375578227    0.248132383    0.247848963
   19.397546003    0.248130275    0.247836459
   19.419513778    0.248128169    0.247823475
   19.441481554    0.248126144    0.247809994
   19.463449330    0.248124239    0.247796000
   19.485417106    0.248122445    0.247781472
   19.507384881    0.248120704    0.247766389
   19.529352657    0.248118924    0.247750727
   19.551320433    0.248117004    0.247734461
   19.573288209    0.248114855    0.247717565
   19.595255984    0.248112429    0.247700012
   19.617223760    0.248109729    0.247681775
   19.639191536    0.248106804    0.247662827
   19.661159312    0.248103743    0.247643143
   19.683127088    0.248100644    0.247622694
   19.705094863    0.248097591    0.247601454
   19.727062639    0.248094630    0.247579394
   19.749030415    0.248091756    0.247556482
   19.770998191    0.248088909    0.247532683
   19.792965966    0.248085996    0.247507961
   19.814933742    0.248082904    0.247482276
   19.836901518    0.248079538    0.247455586
   19.858869294    0.248075841    0.247427849
   19.880837069    0.248071806    0.247399021
   19.902804845    0.248067481    0.247369059
   19.924772621    0.248062955    0.247337918
   19.946740397    0.248058330    0.247305555
   19.968708173    0.248053698    0.247271924
   19.990675948    0.248049110    0.247236976
   20.012643724    0.248044563    0.247200660
   20.034611500    0.248040000    0.247162921
   20.056579276    0.248035320    0.247123699
   20.078547051    0.248030402    0.247082932
   20.100514827    0.248025139    0.247040552
   20.122482603    0.248019462    0.246996491
   20.144450379    0.248013356    0.246950678
   20.166418154    0.248006863    0.246903041
   20.188385930    0.248000072    0.246853509
   20.210353706    0.247993088    0.246802006
   20.232321482    0.247986010    0.246748458
   20.254289258    0.247978896    0.246692784
   20.276257033    0.247971746    0.246634901
   20.298224809    0.247964502    0.246574718
   20.320192585    0.247957055    0.246512140
   20.342160361    0.247949276    0.246447064
   20.364128136    0.247941041    0.246379383
   20.386095912    0.247932266    0.246308983
   20.408063688    0.247922925    0.246235749
   20.430031464    0.247913053    0.246159563
   20.451999239    0.247902735    0.246080304
   20.473967015    0.247892082    0.245997851
   20.495934791    0.247881197    0.245912076
   20.517902567    0.247870144    0.245822850
   20.539870342    0.247858929    0.245730033
   20.561838118    0.247847489    0.245633480
   20.583805894    0.247835709    0.245533032
   20.605773670    0.247823443    0.245428523
   20.627741446    0.247810550    0.245319774
   20.649709221    0.247796927    0.245206600
   20.671676997    0.247782530    0.245088809
   20.693644773    0.247767384    0.244966206
   20.715612549    0.247751567    0.244838590
   20.737580324    0.247735193    0.244705759
   20.759548100    0.247718370    0.244567505
   20.781515876    0.247701167    0.244423614
   20.803483652    0.247683591    0.244273860
   20.825451427    0.247665577    0.244118001
   20.847419203    0.247646995    0.243955779
   20.869386979    0.247627681    0.243786912
   20.891354755    0.247607470    0.243611106
   20.913322531    0.247586231    0.243428047
   20.935290306    0.247563897    0.243237415
   20.957258082    0.247540474    0.243038885
   20.979225858    0.247516033    0.242832137
   21.001193634    0.247490685    0.242616856
   21.023161409    0.247464538    0.242392737
   21.045129185    0.247437668    0.242159472
   21.067096961    0.247410081    0.241916747
   21.089064737    0.247381703    0.241664220
   21.111032512    0.247352387    0.241401506
   21.133000288    0.247321944    0.241128157
   21.154968064    0.247290172    0.240843644
   21.176935840    0.247256907    0.240547346
   21.198903615    0.247222046    0.240238549
   21.220871391    0.247185569    0.239916457
   21.242839167    0.247147531    0.239580206
   21.264806943    0.247108034    0.239228900
   21.286774719    0.247067186    0.238861649
   21.308742494    0.247025061    0.238477609
   21.330710270    0.246981661    0.238076032
   21.352678046    0.246936899    0.237656303
   21.374645822    0.246890603    0.237217969
   21.396613597    0.246842543    0.236760769
   21.418581373    0.246792471    0.236284634
   21.440549149    0.246740168    0.235789690
   21.462516925    0.246685485    0.235276244
   21.484484700    0.246628357    0.234744760
   21.506452476    0.246568810    0.234195834
   21.528420252    0.246506926    0.233630167
   21.550388028    0.246442805    0.233048540
   21.572355804    0.246376511    0.232451788
   21.594323579    0.246308033    0.231840785
   21.616291355    0.246237261    0.231216429
   21.638259131    0.246163980    0.230579633
   21.660226907    0.246087903    0.229931316
   21.682194682    0.246008711    0.229272394
   21.704162458    0.245926108    0.228603778
   21.726130234    0.245839866    0.227926359
   21.748098010    0.245749857    0.227241000
   21.770065785    0.245656053    0.226548525
   21.792033561    0.245558500    0.225849708
   21.814001337    0.245457274    0.225145264
   21.835969113    0.245352417    0.224435839
   21.857936889    0.245243893    0.223722002
   21.879904664    0.245131548    0.223004242
   21.901872440    0.245015105    0.222282958
   21.923840216    0.244894187    0.221558448
   21.945807992    0.244768369    0.220830898
   21.967775767    0.244637238    0.220100364
   21.989743543    0.244500449    0.219366745
   22.011711319    0.244357767    0.218629762
   22.033679095    0.244209078    0.217888924
   22.055646870    0.244054362    0.217143503
   22.077614646    0.243893644    0.216392512
   22.099582422    0.243726924    0.215634689
   22.121550198    0.243554114    0.214868500
   22.143517973    0.243374987    0.214092141
   22.165485749    0.243189162    0.213303571
   22.187453525    0.242996127    0.212500541
   22.209421301    0.242795286    0.211680639
   22.231389077    0.242586041    0.210841343
   22.253356852    0.242367857    0.209980065
   22.275324628    0.242140325    0.209094201
   22.297292404    0.241903181    0.208181164
   22.319260180    0.241656285    0.207238417
   22.341227955    0.241399569    0.206263488
   22.363195731    0.241132948    0.205253978
   22.385163507    0.240856241    0.204207567
   22.407131283    0.240569097    0.203122005
   22.429099058    0.240270966    0.201995111
   22.451066834    0.239961110    0.200824767
   22.473034610    0.239638664    0.199608918
   22.495002386    0.239302724    0.198345573
   22.516970162    0.238952447    0.197032810
   22.538937937    0.238587131    0.195668784
   22.560905713    0.238206258    0.194251739
   22.582873489    0.237809484    0.192780009
   22.604841265    0.237396576    0.191252033
   22.626809040    0.236967307    0.189666356
   22.648776816    0.236521341    0.188021631
   22.670744592    0.236058126    0.186316625
   22.692712368    0.235576835    0.184550222
   22.714680143    0.235076365    0.182721429
   22.736647919    0.234555400    0.180829387
   22.758615695    0.234012527    0.178873384
   22.780583471    0.233446378    0.176852873
   22.802551247    0.232855753    0.174767496
   22.824519022    0.232239702    0.172617102
   22.846486798    0.231597538    0.170401773
   22.868454574    0.230928765    0.168121839
   22.890422350    0.230232937    0.165777890
   22.912390125    0.229509487    0.163370785
   22.934357901    0.228757551    0.160901647
   22.956325677    0.227975853    0.158371854
   22.978293453    0.227162664    0.155783030
   23.000261228    0.226315879    0.153137017
   23.022229004    0.225433169    0.150435865
   23.044196780    0.224512213    0.147681803
   23.066164556    0.223550913    0.144877221
   23.088132331    0.222547579    0.142024654
   23.110100107    0.221500984    0.139126766
   23.132067883    0.220410295    0.136186331
   23.154035659    0.219274862    0.133206228
   23.176003435    0.218093912    0.130189422
   23.197971210    0.216866204    0.127138954
   23.219938986    0.215589753    0.124057927
   23.241906762    0.214261680    0.120949489
   23.263874538    0.212878273    0.117816820
   23.285842313    0.211435265    0.114663114
   23.307810089    0.209928302    0.111491562
   23.329777865    0.208353513    0.108305339
   23.351745641    0.206708062    0.105107588
   23.373713416    0.204990525    0.101901409
   23.395681192    0.203200986    0.098689842
   23.417648968    0.201340729    0.095475857
   23.439616744    0.199411537    0.092262337
   23.461584520    0.197414647    0.089052064
   23.483552295    0.195349506    0.085847700
   23.505520071    0.193212548    0.082651763
   23.527487847    0.190996232    0.079466610
   23.549455623    0.188688566    0.076294414
   23.571423398    0.186273315    0.073137145
   23.593391174    0.183730959    0.069996557
   23.615358950    0.181040379    0.066874177
   23.637326726    0.178181118    0.063771305
   23.659294501    0.175135939    0.060689016
   23.681262277    0.171893377    0.057628177
   23.703230053    0.168449913    0.054589459
   23.725197829    0.164811457    0.051573360
   23.747165605    0.160993940    0.048580225
   23.769133380    0.157022889    0.045610266
   23.791101156    0.152932045    0.042663579
   23.813068932    0.148761212    0.039740151
   23.835036708    0.144553606    0.036839871
   23.857004483    0.140353068    0.033962526
   23.878972259    0.136201475    0.031107797
   23.900940035    0.132136647    0.028275259
   23.922907811    0.128190937    0.025464366
   23.944875586    0.124390593    0.022674451
   23.966843362    0.120755809    0.019904723
   23.988811138    0.117301345    0.017154265
   24.010778914    0.114037461    0.014422040
   24.032746689    0.110970941    0.011706894
   24.054714465    0.108105989    0.009007568
   24.076682241    0.105444855    0.006322704
   24.098650017    0.102988129    0.003650853
   24.120617793    0.100734726    0.000990485
   24.142585568    0.098681681   -0.001660006
   24.164553344    0.096823859   -0.004302297
   24.186521120    0.095153750   -0.006938130
   24.208488896    0.093661405   -0.009569308
   24.230456671    0.092334577   -0.012197684
   24.252424447    0.091158999   -0.014825161
   24.274392223    0.090118708   -0.017453672
   24.296359999    0.089196264   -0.020085179
   24.318327774    0.088372741   -0.022721657
   24.340295550    0.087627366   -0.025365081
   24.362263326    0.086936822   -0.028017422
   24.384231102    0.086274246   -0.030680635
   24.406198878    0.085608120   -0.033356656
   24.428166653    0.084901260   -0.036047398
   24.450134429    0.084110168   -0.038754751
   24.472102205    0.083184985   -0.041480581
   24.494069981    0.082070197   -0.044226733
   24.516037756    0.080706148   -0.046995025
   24.538005532    0.079031285   -0.049787251
   24.559973308    0.076984916   -0.052605175
   24.581941084    0.074510187   -0.055450524
   24.603908859    0.071556908   -0.058324978
   24.625876635    0.068083878   -0.061230169
   24.647844411    0.064060425   -0.064167662
   24.669812187    0.059466985   -0.067138955
   24.691779963    0.054294687   -0.070145468
   24.713747738    0.048544054   -0.073188536
   24.735715514    0.042223066   -0.076269407
   24.757683290    0.035344895   -0.079389234
   24.779651066    0.027925656   -0.082549075
   24.801618841    0.019982481   -0.085749888
   24.823586617    0.011532140   -0.088992525
   24.845554393    0.002590316   -0.092277729
   24.867522169   -0.006828474   -0.095606131
   24.889489944   -0.016710458   -0.098978244
   24.911457720   -0.027041861   -0.102394459
   24.933425496   -0.037808092   -0.105855046
   24.955393272   -0.048993045   -0.109360150
   24.977361047   -0.060578689   -0.112909791
   24.999328823   -0.072544985   -0.116503871
   25.021296599   -0.084870106   -0.120142169
   25.043264375   -0.097530843   -0.123824349
   25.065232151   -0.110503031   -0.127549960
   25.087199926   -0.123761835   -0.131318436
   25.109167702   -0.137281744   -0.135129101
   25.131135478   -0.151036225   -0.138981165
   25.153103254   -0.164997034   -0.142873725
   25.175071029   -0.179133306   -0.146805766
   25.197038805   -0.193410568   -0.150776162
   25.219006581   -0.207789897   -0.154783679
   25.240974357   -0.222227400   -0.158826975
   25.262942132   -0.236674158   -0.162904610
   25.284909908   -0.251076723   -0.167015045
   25.306877684   -0.265378116   -0.171156654
   25.328845460   -0.279519242   -0.175327723
   25.350813236   -0.293440535   -0.179526457
   25.372781011   -0.307083629   -0.183750985
   25.394748787   -0.320392840   -0.187999355
   25.416716563   -0.333316316   -0.192269545
   25.438684339   -0.345806742   -0.196559458
   25.460652114   -0.357821593   -0.200866927
   25.482619890   -0.369322998   -0.205189718
   25.504587666   -0.380277334   -0.209525540
   25.526555442   -0.390654695   -0.213872045
   25.548523217   -0.400428397   -0.218226840
   25.570490993   -0.409574617   -0.222587496
   25.592458769   -0.418072243   -0.226951553
   25.614426545   -0.425902931   -0.231316526
   25.636394321   -0.433051316   -0.235679913
   25.658362096   -0.439505302   -0.240039190
   25.680329872   -0.445256319   -0.244391821
   25.702297648   -0.450299470   -0.248735254
   25.724265424   -0.454633540   -0.253066921
   25.746233199   -0.458260840   -0.257384249
   25.768200975   -0.461186961   -0.261684658
   25.790168751   -0.463420513   -0.265965578
   25.812136527   -0.464972943   -0.270224456
   25.834104302   -0.465858517   -0.274458769
   25.856072078   -0.466094503   -0.278666037
   25.878039854   -0.465701554   -0.282843835
   25.900007630   -0.464704210   -0.286989793
   25.921975405   -0.463131417   -0.291101599
   25.943943181   -0.461016900   -0.295176988
   25.965910957   -0.458399265   -0.299213736
   25.987878733   -0.455321703   -0.303209641
   26.009846509   -0.451831259   -0.307162508
   26.031814284   -0.447977675   -0.311070134
   26.053782060   -0.443811910   -0.314930306
   26.075749836   -0.439384503   -0.318740801
   26.097717612   -0.434743973   -0.322499396
   26.119685387   -0.429935458   -0.326203897
   26.141653163   -0.424999779   -0.329852172
   26.163620939   -0.419973020   -0.333442191
   26.185588715   -0.414886668   -0.336972074
   26.207556490   -0.409768260   -0.340440137
   26.229524266   -0.404642400   -0.343844932
   26.251492042   -0.399531956   -0.347185281
   26.273459818   -0.394459269   -0.350460299
   26.295427594   -0.389447149   -0.353669405
   26.317395369   -0.384519562   -0.356812320
   26.339363145   -0.379701900   -0.359889056
   26.361330921   -0.375020879   -0.362899896
   26.383298697   -0.370504092   -0.365845370
   26.405266472   -0.366179379   -0.368726227
   26.427234248   -0.362074119   -0.371543410
   26.449202024   -0.358214599   -0.374298035
   26.471169800   -0.354625545   -0.376991366
   26.493137575   -0.351329872   -0.379624803
   26.515105351   -0.348348649   -0.382199870
   26.537073127   -0.345701224   -0.384718202
   26.559040903   -0.343405426   -0.387181537
   26.581008679   -0.341477764   -0.389591704
   26.602976454   -0.339933529   -0.391950613
   26.624944230   -0.338786772   -0.394260243
   26.646912006   -0.338050134   -0.396522627
   26.668879782   -0.337734574   -0.398739838
   26.690847557   -0.337849063   -0.400913972
   26.712815333   -0.338400312   -0.403047136
   26.734783109   -0.339392619   -0.405141432
   26.756750885   -0.340827887   -0.407198940
   26.778718660   -0.342705817   -0.409221702
   26.800686436   -0.345024277   -0.411211708
   26.822654212   -0.347779764   -0.413170871
   26.844621988   -0.350967895   -0.415101006
   26.866589763   -0.354583843   -0.417003801
   26.888557539   -0.358622629   -0.418880792
   26.910525315   -0.363079244   -0.420733327
   26.932493091   -0.367948575   -0.422562545
   26.954460867   -0.373225163   -0.424369350
   26.976428642   -0.378902854   -0.426154391
   26.998396418   -0.384974409   -0.427918062
   27.020364194   -0.391431135   -0.429660502
   27.042331970   -0.398262629   -0.431381611
   27.064299745   -0.405456626   -0.433081077
   27.086267521   -0.412999006   -0.434758409
   27.108235297   -0.420873897   -0.436412977
   27.130203073   -0.429063868   -0.438044050
   27.152170848   -0.437550145   -0.439650836
   27.174138624   -0.446312809   -0.441232512
   27.196106400   -0.455330951   -0.442788249
   27.218074176   -0.464582765   -0.444317225
   27.240041952   -0.474045588   -0.445818635
   27.262009727   -0.483695920   -0.447291685
   27.283977503   -0.493509435   -0.448735590
   27.305945279   -0.503461036   -0.450149568
   27.327913055   -0.513524954   -0.451532825
   27.349880830   -0.523674909   -0.452884557
   27.371848606   -0.533884311   -0.454203945
   27.393816382   -0.544126479   -0.455490158
   27.415784158   -0.554374852   -0.456742359
   27.437751933   -0.564603153   -0.457959710
   27.459719709   -0.574785492   -0.459141382
   27.481687485   -0.584896406   -0.460286563
   27.503655261   -0.594910836   -0.461394457
   27.525623036   -0.604804073   -0.462464298
   27.547590812   -0.614551701   -0.463495343
   27.569558588   -0.624129558   -0.464486881
   27.591526364   -0.633513750   -0.465438233
   27.613494140   -0.642680719   -0.466348765
   27.635461915   -0.651607357   -0.467217894
   27.657429691   -0.660271149   -0.468045106
   27.679397467   -0.668650323   -0.468829976
   27.701365243   -0.676723973   -0.469572190
   27.723333018   -0.684472141   -0.470271565
   27.745300794   -0.691875845   -0.470928067
   27.767268570   -0.698917060   -0.471541829
   27.789236346   -0.705578663   -0.472113157
   27.811204121   -0.711844380   -0.472642529
   27.833171897   -0.717698744   -0.473130590
   27.855139673   -0.723127091   -0.473578138
   27.877107449   -0.728115610   -0.473986108
   27.899075225   -0.732651432   -0.474355549
   27.921043000   -0.736722746   -0.474687606
   27.943010776   -0.740318928   -0.474983501
   27.964978552   -0.743430641   -0.475244520
   27.986946328   -0.746049906   -0.475471995
   28.008914103   -0.748170109   -0.475667303
   28.030881879   -0.749785976   -0.475831855
   28.052849655   -0.750893501   -0.475967091
   28.074817431   -0.751489870   -0.476074476
   28.096785206   -0.751573389   -0.476155494
   28.118752982   -0.751143453   -0.476211638
   28.140720758   -0.750200550   -0.476244405
   28.162688534   -0.748746306   -0.476255282
   28.184656310   -0.746783564   -0.476245740
   28.206624085   -0.744316459   -0.476217222
   28.228591861   -0.741350484   -0.476171142
   28.250559637   -0.737892515   -0.476108874
   28.272527413   -0.733950782   -0.476031753
   28.294495188   -0.729534802   -0.475941070
   28.316462964   -0.724655264   -0.475838067
   28.338430740   -0.719323914   -0.475723935
   28.360398516   -0.713553438   -0.475599806
   28.382366291   -0.707357388   -0.475466741
   28.404334067   -0.700750144   -0.475325718
   28.426301843   -0.693746928   -0.475177623
   28.448269619   -0.686363845   -0.475023233
   28.470237394   -0.678617939   -0.474863208
   28.492205170   -0.670527231   -0.474698091
   28.514172946   -0.662110725   -0.474528305
   28.536140722   -0.653388360   -0.474354165
   28.558108498   -0.644380912   -0.474175900
   28.580076273   -0.635109867   -0.473993665
   28.602044049   -0.625597267   -0.473807576
   28.624011825   -0.615865578   -0.473617736
   28.645979601   -0.605937590   -0.473424255
   28.667947376   -0.595836367   -0.473227277
   28.689915152   -0.585585258   -0.473026992
   28.711882928   -0.575207933   -0.472823647
   28.733850704   -0.564728449   -0.472617543
   28.755818479   -0.554171294   -0.472409033
   28.777786255   -0.543561389   -0.472198515
   28.799754031   -0.532924033   -0.471986420
   28.821721807   -0.522284782   -0.471773199
   28.843689583   -0.511669279   -0.471559318
   28.865657358   -0.501103063   -0.471345249
   28.887625134   -0.490611374   -0.471131462
   28.909592910   -0.480219012   -0.470918430
   28.931560686   -0.469950243   -0.470706620
   28.953528461   -0.459828779   -0.470496499
   28.975496237   -0.449877798   -0.470288526
   28.997464013   -0.440119998   -0.470083152
   29.019431789   -0.430577624   -0.469880816
   29.041399564   -0.421272447   -0.469681934
   29.063367340   -0.412225655   -0.469486893
   29.085335116   -0.403457662   -0.469296044
   29.107302892   -0.394987838   -0.469109692
   29.129270668   -0.386834206   -0.468928092
   29.151238443   -0.379013158   -0.468751444
   29.173206219   -0.371539237   -0.468579892
   29.195173995   -0.364425053   -0.468413524
   29.217141771   -0.357681338   -0.468252372
   29.239109546   -0.351317151   -0.468096415
   29.261077322   -0.345340209   -0.467945580
   29.283045098   -0.339757268   -0.467799744
   29.305012874   -0.334574495   -0.467658730
   29.326980649   -0.329797758   -0.467522309
   29.348948425   -0.325432771   -0.467390198
   29.370916201   -0.321485057   -0.467262055
   29.392883977   -0.317959740   -0.467137481
   29.414851752   -0.314861197   -0.467016021
   29.436819528   -0.312192619   -0.466897163
   29.458787304   -0.309955586   -0.466780344
   29.480755080   -0.308149704   -0.466664958
   29.502722856   -0.306772382   -0.466550361
   29.524690631   -0.305818777   -0.466435880
   29.546658407   -0.305281906   -0.466320824
   29.568626183   -0.305152906   -0.466204490
   29.590593959   -0.305421368   -0.466086172
   29.612561734   -0.306075698   -0.465965171
   29.634529510   -0.307103432   -0.465840796
   29.656497286   -0.308491464   -0.465712372
   29.678465062   -0.310226161   -0.465579245
   29.700432837   -0.312293373   -0.465440784
   29.722400613   -0.314678367   -0.465296385
   29.744368389   -0.317365726   -0.465145471
   29.766336165   -0.320339269   -0.464987501
   29.788303941   -0.323582016   -0.464821962
   29.810271716   -0.327076245   -0.464648380
   29.832239492   -0.330803605   -0.464466315
   29.854207268   -0.334745298   -0.464275365
   29.876175044   -0.338882273   -0.464075165
   29.898142819   -0.343195390   -0.463865388
   29.920110595   -0.347665530   -0.463645745
   29.942078371   -0.352273613   -0.463415988
   29.964046147   -0.357000540   -0.463175909
   29.986013922   -0.361827064   -0.462925343
   30.007981698   -0.366733627   -0.462664170
   30.029949474   -0.371700220   -0.462392314
   30.051917250   -0.376706283   -0.462109747
   30.073885026   -0.381730701   -0.461816487
   30.095852801   -0.386751875   -0.461512603
   30.117820577   -0.391747887   -0.461198206
   30.139788353   -0.396696708   -0.460873457
   30.161756129   -0.401576416   -0.460538560
   30.183723904   -0.406365390   -0.460193761
   30.205691680   -0.411042439   -0.459839347
   30.227659456   -0.415586850   -0.459475645
   30.249627232   -0.419978368   -0.459103019
   30.271595007   -0.424197113   -0.458721871
   30.293562783   -0.428223498   -0.458332637
   30.315530559   -0.432038158   -0.457935790
   30.337498335   -0.435621946   -0.457531834
   30.359466110   -0.438956018   -0.457121306
   30.381433886   -0.442021995   -0.456704768
   30.403401662   -0.444802207   -0.456282812
   30.425369438   -0.447279968   -0.455856048
   30.447337214   -0.449439854   -0.455425107
   30.469304989   -0.451267935   -0.454990635
   30.491272765   -0.452751936   -0.454553289
   30.513240541   -0.453881312   -0.454113737
   30.535208317   -0.454647242   -0.453672654
   30.557176092   -0.455042569   -0.453230720
   30.579143868   -0.455061717   -0.452788617
   30.601111644   -0.454700632   -0.452347030
   30.623079420   -0.453956777   -0.451906642
   30.645047195   -0.452829203   -0.451468130
   30.667014971   -0.451318691   -0.451032166
   30.688982747   -0.449427956   -0.450599411
   30.710950523   -0.447161870   -0.450170508
   30.732918299   -0.444527660   -0.449746087
   30.754886074   -0.441535043   -0.449326754
   30.776853850   -0.438196266   -0.448913092
   30.798821626   -0.434526023   -0.448505659
   30.820789402   -0.430541275   -0.448104986
   30.842757177   -0.426260986   -0.447711575
   30.864724953   -0.421705814   -0.447325900
   30.886692729   -0.416897817   -0.446948402
   30.908660505   -0.411860213   -0.446579492
   30.930628280   -0.406617220   -0.446219547
   30.952596056   -0.401194006   -0.445868906
   30.974563832   -0.395616729   -0.445527874
   30.996531608   -0.389912643   -0.445196715
   31.018499384   -0.384110234   -0.444875653
   31.040467159   -0.378239329   -0.444564872
   31.062434935   -0.372331144   -0.444264516
   31.084402711   -0.366418225   -0.443974688
   31.106370487   -0.360534275   -0.443695457
   31.128338262   -0.354713865   -0.443426850
   31.150306038   -0.348992061   -0.443168864
   31.172273814   -0.343403985   -0.442921461
   31.194241590   -0.337984379   -0.442684568
   31.216209365   -0.332767185   -0.442458085
   31.238177141   -0.327785192   -0.442241876
   31.260144917   -0.323069769   -0.442035777
   31.282112693   -0.318650665   -0.441839589
   31.304080468   -0.314555890   -0.441653086
   31.326048244   -0.310811630   -0.441476008
   31.348016020   -0.307442175   -0.441308068
   31.369983796   -0.304469832   -0.441148948
   31.391951572   -0.301914800   -0.440998305
   31.413919347   -0.299794998   -0.440855770
   31.435887123   -0.298125856   -0.440720952
   31.457854899   -0.296920089   -0.440593437
   31.479822675   -0.296187475   -0.440472795
   31.501790450   -0.295934686   -0.440358583
   31.523758226   -0.296165187   -0.440250346
   31.545726002   -0.296879236   -0.440147627
   31.567693778   -0.298073994   -0.440049970
   31.589661553   -0.299743744   -0.439956931
   31.611629329   -0.301880191   -0.439868083
   31.633597105   -0.304472825   -0.439783028
   31.655564881   -0.307509314   -0.439701399
   31.677532657   -0.310975870   -0.439622871
   31.699500432   -0.314857587   -0.439547166
   31.721468208   -0.319138703   -0.439474054
   31.743435984   -0.323802792   -0.439403355
   31.765403760   -0.328832882   -0.439334941
   31.787371535   -0.334211518   -0.439268731
   31.809339311   -0.339920786   -0.439204693
   31.831307087   -0.345942335   -0.439142840
   31.853274863   -0.352257396   -0.439083228
   31.875242638   -0.358846844   -0.439025953
   31.897210414   -0.365691283   -0.438971155
   31.919178190   -0.372771169   -0.438919010
   31.941145966   -0.380066946   -0.438869736
   31.963113742   -0.387559183   -0.438823584
   31.985081517   -0.395228694   -0.438780840
   32.007049293   -0.403056616   -0.438741814
   32.029017069   -0.411024430   -0.438706840
   32.050984845   -0.419113943   -0.438676263
   32.072952620   -0.427307201   -0.438650431
   32.094920396   -0.435586386   -0.438629687
   32.116888172   -0.443933687   -0.438614359
   32.138855948   -0.452331190   -0.438604751
   32.160823723   -0.460760789   -0.438601138
   32.182791499   -0.469204155   -0.438603756
   32.204759275   -0.477642750   -0.438612799
   32.226727051   -0.486057900   -0.438628416
   32.248694826   -0.494430905   -0.438650699
   32.270662602   -0.502743184   -0.438679690
   32.292630378   -0.510976428   -0.438715364
   32.314598154   -0.519112736   -0.438757635
   32.336565930   -0.527134735   -0.438806347
   32.358533705   -0.535025660   -0.438861273
   32.380501481   -0.542769399   -0.438922114
   32.402469257   -0.550350503   -0.438988499
   32.424437033   -0.557754169   -0.439059992
   32.446404808   -0.564966211   -0.439136093
   32.468372584   -0.571973028   -0.439216248
   32.490340360   -0.578761570   -0.439299858
   32.512308136   -0.585319324   -0.439386285
   32.534275911   -0.591634310   -0.439474863
   32.556243687   -0.597695086   -0.439564902
   32.578211463   -0.603490766   -0.439655698
   32.600179239   -0.609011032   -0.439746532
   32.622147015   -0.614246152   -0.439836678
   32.644114790   -0.619186982   -0.439925404
   32.666082566   -0.623824970   -0.440011976
   32.688050342   -0.628152146   -0.440095663
   32.710018118   -0.632161110   -0.440175743
   32.731985893   -0.635845026   -0.440251514
   32.753953669   -0.639197606   -0.440322297
   32.775921445   -0.642213115   -0.440387454
   32.797889221   -0.644886367   -0.440446392
   32.819856996   -0.647212737   -0.440498576
   32.841824772   -0.649188176   -0.440543535
   32.863792548   -0.650809224   -0.440580866
   32.885760324   -0.652073026   -0.440610241
   32.907728100   -0.652977348   -0.440631404
   32.929695875   -0.653520585   -0.440644174
   32.951663651   -0.653701771   -0.440648442
   32.973631427   -0.653520584   -0.440644173
   32.995599203   -0.652977347   -0.440631403
   33.017566978   -0.652073025   -0.440610239
   33.039534754   -0.650809222   -0.440580864
   33.061502530   -0.649188173   -0.440543532
   33.083470306   -0.647212734   -0.440498573
   33.105438081   -0.644886363   -0.440446388
   33.127405857   -0.642213111   -0.440387449
   33.149373633   -0.639197602   -0.440322292
   33.171341409   -0.635845021   -0.440251508
   33.193309184   -0.632161105   -0.440175737
   33.215276960   -0.628152140   -0.440095656
   33.237244736   -0.623824964   -0.440011969
   33.259212512   -0.619186975   -0.439925397
   33.281180288   -0.614246144   -0.439836670
   33.303148063   -0.609011024   -0.439746523
   33.325115839   -0.603490757   -0.439655689
   33.347083615   -0.597695077   -0.439564892
   33.369051391   -0.591634300   -0.439474852
   33.391019166   -0.585319314   -0.439386274
   33.412986942   -0.578761560   -0.439299846
   33.434954718   -0.571973018   -0.439216236
   33.456922494   -0.564966200   -0.439136080
   33.478890269   -0.557754157   -0.439059978
   33.500858045   -0.550350490   -0.438988485
   33.522825821   -0.542769386   -0.438922099
   33.544793597   -0.535025647   -0.438861258
   33.566761373   -0.527134721   -0.438806331
   33.588729148   -0.519112722   -0.438757619
   33.610696924   -0.510976413   -0.438715347
   33.632664700   -0.502743169   -0.438679672
   33.654632476   -0.494430889   -0.438650682
   33.676600251   -0.486057883   -0.438628397
   33.698568027   -0.477642733   -0.438612780
   33.720535803   -0.469204137   -0.438603736
   33.742503579   -0.460760770   -0.438601118
   33.764471354   -0.452331171   -0.438604730
   33.786439130   -0.443933668   -0.438614337
   33.808406906   -0.435586367   -0.438629665
   33.830374682   -0.427307181   -0.438650409
   33.852342457   -0.419113922   -0.438676240
   33.874310233   -0.411024409   -0.438706817
   33.896278009   -0.403056594   -0.438741790
   33.918245785   -0.395228672   -0.438780815
   33.940213561   -0.387559160   -0.438823559
   33.962181336   -0.380066922   -0.438869710
   33.984149112   -0.372771145   -0.438918984
   34.006116888   -0.365691258   -0.438971127
   34.028084664   -0.358846818   -0.439025925
   34.050052439   -0.352257370   -0.439083199
   34.072020215   -0.345942308   -0.439142811
   34.093987991   -0.339920759   -0.439204664
   34.115955767   -0.334211490   -0.439268701
   34.137923542   -0.328832854   -0.439334910
   34.159891318   -0.323802763   -0.439403324
   34.181859094   -0.319138674   -0.439474022
   34.203826870   -0.314857557   -0.439547134
   34.225794646   -0.310975839   -0.439622839
   34.247762421   -0.307509282   -0.439701366
   34.269730197   -0.304472793   -0.439782994
   34.291697973   -0.301880158   -0.439868049
   34.313665749   -0.299743711   -0.439956896
   34.335633524   -0.298073960   -0.440049934
   34.357601300   -0.296879201   -0.440147590
   34.379569076   -0.296165151   -0.440250309
   34.401536852   -0.295934650   -0.440358546
   34.423504627   -0.296187438   -0.440472758
   34.445472403   -0.296920051   -0.440593399
   34.467440179   -0.298125818   -0.440720913
   34.489407955   -0.299794959   -0.440855731
   34.511375731   -0.301914760   -0.440998265
   34.533343506   -0.304469792   -0.441148908
   34.555311282   -0.307442133   -0.441308027
   34.577279058   -0.310811588   -0.441475967
   34.599246834   -0.314555847   -0.441653044
   34.621214609   -0.318650621   -0.441839547
   34.643182385   -0.323069724   -0.442035734
   34.665150161   -0.327785147   -0.442241833
   34.687117937   -0.332767139   -0.442458041
   34.709085712   -0.337984333   -0.442684524
   34.731053488   -0.343403938   -0.442921415
   34.753021264   -0.348992013   -0.443168819
   34.774989040   -0.354713817   -0.443426804
   34.796956815   -0.360534226   -0.443695410
   34.818924591   -0.366418176   -0.443974641
   34.840892367   -0.372331094   -0.444264468
   34.862860143   -0.378239278   -0.444564824
   34.884827919   -0.384110182   -0.444875604
   34.906795694   -0.389912591   -0.445196666
   34.928763470   -0.395616677   -0.445527825
   34.950731246   -0.401193953   -0.445868856
   34.972699022   -0.406617166   -0.446219496
   34.994666797   -0.411860159   -0.446579441
   35.016634573   -0.416897763   -0.446948350
   35.038602349   -0.421705759   -0.447325848
   35.060570125   -0.426260931   -0.447711523
   35.082537900   -0.430541219   -0.448104933
   35.104505676   -0.434525966   -0.448505606
   35.126473452   -0.438196209   -0.448913038
   35.148441228   -0.441534986   -0.449326700
   35.170409004   -0.444527602   -0.449746033
   35.192376779   -0.447161812   -0.450170453
   35.214344555   -0.449427898   -0.450599355
   35.236312331   -0.451318633   -0.451032110
   35.258280107   -0.452829144   -0.451468074
   35.280247882   -0.453956718   -0.451906585
   35.302215658   -0.454700572   -0.452346973
   35.324183434   -0.455061657   -0.452788559
   35.346151210   -0.455042509   -0.453230662
   35.368118985   -0.454647181   -0.453672596
   35.390086761   -0.453881250   -0.454113678
   35.412054537   -0.452751874   -0.454553230
   35.434022313   -0.451267873   -0.454990575
   35.455990089   -0.449439792   -0.455425047
   35.477957864   -0.447279905   -0.455855988
   35.499925640   -0.444802144   -0.456282751
   35.521893416   -0.442021931   -0.456704707
   35.543861192   -0.438955953   -0.457121244
   35.565828967   -0.435621881   -0.457531773
   35.587796743   -0.432038092   -0.457935728
   35.609764519   -0.428223432   -0.458332575
   35.631732295   -0.424197047   -0.458721808
   35.653700070   -0.419978301   -0.459102956
   35.675667846   -0.415586783   -0.459475581
   35.697635622   -0.411042371   -0.459839283
   35.719603398   -0.406365321   -0.460193697
   35.741571173   -0.401576346   -0.460538496
   35.763538949   -0.396696638   -0.460873392
   35.785506725   -0.391747817   -0.461198141
   35.807474501   -0.386751804   -0.461512537
   35.829442277   -0.381730629   -0.461816422
   35.851410052   -0.376706210   -0.462109681
   35.873377828   -0.371700146   -0.462392248
   35.895345604   -0.366733553   -0.462664104
   35.917313380   -0.361826989   -0.462925276
   35.939281155   -0.357000465   -0.463175842
   35.961248931   -0.352273536   -0.463415920
   35.983216707   -0.347665453   -0.463645677
   36.005184483   -0.343195313   -0.463865320
   36.027152258   -0.338882195   -0.464075097
   36.049120034   -0.334745219   -0.464275297
   36.071087810   -0.330803524   -0.464466246
   36.093055586   -0.327076164   -0.464648311
   36.115023362   -0.323581935   -0.464821893
   36.136991137   -0.320339186   -0.464987431
   36.158958913   -0.317365643   -0.465145402
   36.180926689   -0.314678283   -0.465296315
   36.202894465   -0.312293288   -0.465440714
   36.224862240   -0.310226075   -0.465579175
   36.246830016   -0.308491377   -0.465712301
   36.268797792   -0.307103345   -0.465840725
   36.290765568   -0.306075610   -0.465965100
   36.312733343   -0.305421280   -0.466086101
   36.334701119   -0.305152817   -0.466204418
   36.356668895   -0.305281816   -0.466320752
   36.378636671   -0.305818686   -0.466435808
   36.400604447   -0.306772291   -0.466550289
   36.422572222   -0.308149613   -0.466664886
   36.444539998   -0.309955494   -0.466780271
   36.466507774   -0.312192526   -0.466897090
   36.488475550   -0.314861103   -0.467015948
   36.510443325   -0.317959647   -0.467137407
   36.532411101   -0.321484962   -0.467261981
   36.554378877   -0.325432676   -0.467390124
   36.576346653   -0.329797663   -0.467522235
   36.598314428   -0.334574399   -0.467658655
   36.620282204   -0.339757172   -0.467799669
   36.642249980   -0.345340113   -0.467945505
   36.664217756   -0.351317054   -0.468096340
   36.686185531   -0.357681241   -0.468252296
   36.708153307   -0.364424956   -0.468413448
   36.730121083   -0.371539139   -0.468579816
   36.752088859   -0.379013060   -0.468751368
   36.774056635   -0.386834108   -0.468928016
   36.796024410   -0.394987740   -0.469109615
   36.817992186   -0.403457564   -0.469295967
   36.839959962   -0.412225557   -0.469486816
   36.861927738   -0.421272348   -0.469681857
   36.883895513   -0.430577525   -0.469880739
   36.905863289   -0.440119899   -0.470083075
   36.927831065   -0.449877698   -0.470288448
   36.949798841   -0.459828679   -0.470496421
   36.971766616   -0.469950144   -0.470706542
   36.993734392   -0.480218912   -0.470918351
   37.015702168   -0.490611274   -0.471131383
   37.037669944   -0.501102963   -0.471345170
   37.059637720   -0.511669180   -0.471559239
   37.081605495   -0.522284683   -0.471773120
   37.103573271   -0.532923934   -0.471986340
   37.125541047   -0.543561290   -0.472198435
   37.147508823   -0.554171195   -0.472408953
   37.169476598   -0.564728350   -0.472617463
   37.191444374   -0.575207834   -0.472823567
   37.213412150   -0.585585160   -0.473026912
   37.235379926   -0.595836269   -0.473227196
   37.257347701   -0.605937492   -0.473424173
   37.279315477   -0.615865480   -0.473617654
   37.301283253   -0.625597169   -0.473807495
   37.323251029   -0.635109770   -0.473993583
   37.345218805   -0.644380815   -0.474175818
   37.367186580   -0.653388263   -0.474354083
   37.389154356   -0.662110629   -0.474528222
   37.411122132   -0.670527136   -0.474698008
   37.433089908   -0.678617844   -0.474863126
   37.455057683   -0.686363750   -0.475023150
   37.477025459   -0.693746833   -0.475177540
   37.498993235   -0.700750050   -0.475325635
   37.520961011   -0.707357295   -0.475466657
   37.542928786   -0.713553345   -0.475599722
   37.564896562   -0.719323821   -0.475723851
   37.586864338   -0.724655172   -0.475837982
   37.608832114   -0.729534710   -0.475940985
   37.630799889   -0.733950691   -0.476031669
   37.652767665   -0.737892425   -0.476108789
   37.674735441   -0.741350395   -0.476171057
   37.696703217   -0.744316370   -0.476217136
   37.718670993   -0.746783475   -0.476245654
   37.740638768   -0.748746218   -0.476255196
   37.762606544   -0.750200462   -0.476244319
   37.784574320   -0.751143366   -0.476211552
   37.806542096   -0.751573302   -0.476155408
   37.828509871   -0.751489783   -0.476074389
   37.850477647   -0.750893416   -0.475967004
   37.872445423   -0.749785891   -0.475831768
   37.894413199   -0.748170025   -0.475667216
   37.916380974   -0.746049822   -0.475471908
   37.938348750   -0.743430558   -0.475244433
   37.960316526   -0.740318845   -0.474983414
   37.982284302   -0.736722663   -0.474687518
   38.004252078   -0.732651350   -0.474355461
   38.026219853   -0.728115529   -0.473986020
   38.048187629   -0.723127010   -0.473578050
   38.070155405   -0.717698664   -0.473130501
   38.092123181   -0.711844300   -0.472642440
   38.114090956   -0.705578583   -0.472113069
   38.136058732   -0.698916981   -0.471541741
   38.158026508   -0.691875767   -0.470927978
   38.179994284   -0.684472063   -0.470271476
   38.201962059   -0.676723895   -0.469572102
   38.223929835   -0.668650246   -0.468829887
   38.245897611   -0.660271072   -0.468045017
   38.267865387   -0.651607281   -0.467217805
   38.289833163   -0.642680643   -0.466348676
   38.311800938   -0.633513674   -0.465438144
   38.333768714   -0.624129482   -0.464486791
   38.355736490   -0.614551626   -0.463495254
   38.377704266   -0.604803998   -0.462464208
   38.399672041   -0.594910761   -0.461394368
   38.421639817   -0.584896331   -0.460286473
   38.443607593   -0.574785417   -0.459141293
   38.465575369   -0.564603078   -0.457959620
   38.487543144   -0.554374778   -0.456742269
   38.509510920   -0.544126405   -0.455490068
   38.531478696   -0.533884237   -0.454203855
   38.553446472   -0.523674835   -0.452884467
   38.575414247   -0.513524880   -0.451532735
   38.597382023   -0.503460962   -0.450149478
   38.619349799   -0.493509361   -0.448735500
   38.641317575   -0.483695846   -0.447291594
   38.663285351   -0.474045514   -0.445818544
   38.685253126   -0.464582691   -0.444317135
   38.707220902   -0.455330877   -0.442788159
   38.729188678   -0.446312735   -0.441232422
   38.751156454   -0.437550071   -0.439650746
   38.773124229   -0.429063793   -0.438043960
   38.795092005   -0.420873822   -0.436412886
   38.817059781   -0.412998930   -0.434758319
   38.839027557   -0.405456551   -0.433080987
   38.860995332   -0.398262553   -0.431381521
   38.882963108   -0.391431059   -0.429660412
   38.904930884   -0.384974332   -0.427917972
   38.926898660   -0.378902778   -0.426154300
   38.948866436   -0.373225086   -0.424369259
   38.970834211   -0.367948497   -0.422562455
   38.992801987   -0.363079167   -0.420733236
   39.014769763   -0.358622551   -0.418880701
   39.036737539   -0.354583765   -0.417003710
   39.058705314   -0.350967816   -0.415100915
   39.080673090   -0.347779684   -0.413170780
   39.102640866   -0.345024197   -0.411211617
   39.124608642   -0.342705736   -0.409221611
   39.146576417   -0.340827805   -0.407198849
   39.168544193   -0.339392538   -0.405141341
   39.190511969   -0.338400230   -0.403047045
   39.212479745   -0.337848980   -0.400913881
   39.234447520   -0.337734490   -0.398739746
   39.256415296   -0.338050049   -0.396522536
   39.278383072   -0.338786687   -0.394260152
   39.300350848   -0.339933443   -0.391950522
   39.322318624   -0.341477677   -0.389591613
   39.344286399   -0.343405339   -0.387181446
   39.366254175   -0.345701136   -0.384718111
   39.388221951   -0.348348560   -0.382199779
   39.410189727   -0.351329782   -0.379624712
   39.432157502   -0.354625454   -0.376991274
   39.454125278   -0.358214508   -0.374297944
   39.476093054   -0.362074027   -0.371543319
   39.498060830   -0.366179286   -0.368726136
   39.520028605   -0.370503999   -0.365845279
   39.541996381   -0.375020784   -0.362899805
   39.563964157   -0.379701805   -0.359888965
   39.585931933   -0.384519466   -0.356812229
   39.607899709   -0.389447053   -0.353669314
   39.629867484   -0.394459171   -0.350460208
   39.651835260   -0.399531858   -0.347185190
   39.673803036   -0.404642301   -0.343844841
   39.695770812   -0.409768161   -0.340440046
   39.717738587   -0.414886568   -0.336971983
   39.739706363   -0.419972919   -0.333442100
   39.761674139   -0.424999678   -0.329852080
   39.783641915   -0.429935357   -0.326203805
   39.805609690   -0.434743870   -0.322499304
   39.827577466   -0.439384401   -0.318740709
   39.849545242   -0.443811807   -0.314930215
   39.871513018   -0.447977572   -0.311070043
   39.893480794   -0.451831156   -0.307162416
   39.915448569   -0.455321600   -0.303209550
   39.937416345   -0.458399161   -0.299213645
   39.959384121   -0.461016797   -0.295176896
   39.981351897   -0.463131313   -0.291101507
   40.003319672   -0.464704106   -0.286989702
   40.025287448   -0.465701450   -0.282843744
   40.047255224   -0.466094400   -0.278665946
   40.069223000   -0.465858414   -0.274458677
   40.091190775   -0.464972840   -0.270224364
   40.113158551   -0.463420410   -0.265965487
   40.135126327   -0.461186859   -0.261684566
   40.157094103   -0.458260738   -0.257384157
   40.179061878   -0.454633439   -0.253066829
   40.201029654   -0.450299369   -0.248735162
   40.222997430   -0.445256218   -0.244391729
   40.244965206   -0.439505202   -0.240039098
   40.266932982   -0.433051216   -0.235679820
   40.288900757   -0.425902832   -0.231316434
   40.310868533   -0.418072145   -0.226951460
   40.332836309   -0.409574519   -0.222587404
   40.354804085   -0.400428300   -0.218226747
   40.376771860   -0.390654598   -0.213871952
   40.398739636   -0.380277237   -0.209525447
   40.420707412   -0.369322902   -0.205189626
   40.442675188   -0.357821497   -0.200866834
   40.464642963   -0.345806647   -0.196559365
   40.486610739   -0.333316222   -0.192269452
   40.508578515   -0.320392746   -0.187999262
   40.530546291   -0.307083536   -0.183750891
   40.552514067   -0.293440442   -0.179526364
   40.574481842   -0.279519149   -0.175327630
   40.596449618   -0.265378023   -0.171156561
   40.618417394   -0.251076631   -0.167014952
   40.640385170   -0.236674066   -0.162904516
   40.662352945   -0.222227308   -0.158826881
   40.684320721   -0.207789805   -0.154783585
   40.706288497   -0.193410476   -0.150776068
   40.728256273   -0.179133214   -0.146805672
   40.750224048   -0.164996942   -0.142873630
   40.772191824   -0.151036132   -0.138981071
   40.794159600   -0.137281652   -0.135129007
   40.816127376   -0.123761742   -0.131318342
   40.838095152   -0.110502939   -0.127549865
   40.860062927   -0.097530750   -0.123824255
   40.882030703   -0.084870013   -0.120142074
   40.903998479   -0.072544891   -0.116503776
   40.925966255   -0.060578595   -0.112909696
   40.947934030   -0.048992951   -0.109360054
   40.969901806   -0.037807998   -0.105854951
   40.991869582   -0.027041767   -0.102394364
   41.013837358   -0.016710363   -0.098978148
   41.035805133   -0.006828379   -0.095606035
   41.057772909    0.002590412   -0.092277633
   41.079740685    0.011532235   -0.088992429
   41.101708461    0.019982577   -0.085749792
   41.123676236    0.027925752   -0.082548979
   41.145644012    0.035344991   -0.079389138
   41.167611788    0.042223163   -0.076269310
   41.189579564    0.048544151   -0.073188440
   41.211547340    0.054294785   -0.070145372
   41.233515115    0.059467084   -0.067138859
   41.255482891    0.064060523   -0.064167566
   41.277450667    0.068083977   -0.061230072
   41.299418443    0.071557008   -0.058324882
   41.321386218    0.074510287   -0.055450427
   41.343353994    0.076985016   -0.052605078
   41.365321770    0.079031385   -0.049787154
   41.387289546    0.080706249   -0.046994928
   41.409257321    0.082070298   -0.044226635
   41.431225097    0.083185086   -0.041480484
   41.453192873    0.084110269   -0.038754653
   41.475160649    0.084901361   -0.036047300
   41.497128425    0.085608222   -0.033356558
   41.519096200    0.086274348   -0.030680537
   41.541063976    0.086936924   -0.028017324
   41.563031752    0.087627468   -0.025364983
   41.584999528    0.088372842   -0.022721559
   41.606967303    0.089196366   -0.020085081
   41.628935079    0.090118809   -0.017453574
   41.650902855    0.091159101   -0.014825063
   41.672870631    0.092334679   -0.012197586
   41.694838406    0.093661507   -0.009569210
   41.716806182    0.095153852   -0.006938032
   41.738773958    0.096823961   -0.004302199
   41.760741734    0.098681782   -0.001659907
   41.782709510    0.100734828    0.000990584
   41.804677285    0.102988230    0.003650951
   41.826645061    0.105444957    0.006322802
   41.848612837    0.108106090    0.009007667
   41.870580613    0.110971042    0.011706993
   41.892548388    0.114037562    0.014422138
   41.914516164    0.117301446    0.017154364
   41.936483940    0.120755910    0.019904821
   41.958451716    0.124390693    0.022674549
   41.980419491    0.128191038    0.025464464
   42.002387267    0.132136747    0.028275357
   42.024355043    0.136201576    0.031107896
   42.046322819    0.140353168    0.033962624
   42.068290594    0.144553706    0.036839970
   42.090258370    0.148761312    0.039740250
   42.112226146    0.152932146    0.042663677
   42.134193922    0.157022990    0.045610365
   42.156161698    0.160994041    0.048580323
   42.178129473    0.164811558    0.051573458
   42.200097249    0.168450013    0.054589557
   42.222065025    0.171893478    0.057628275
   42.244032801    0.175136039    0.060689114
   42.266000576    0.178181218    0.063771403
   42.287968352    0.181040480    0.066874275
   42.309936128    0.183731059    0.069996655
   42.331903904    0.186273415    0.073137243
   42.353871679    0.188688667    0.076294512
   42.375839455    0.190996333    0.079466708
   42.397807231    0.193212649    0.082651861
   42.419775007    0.195349607    0.085847798
   42.441742783    0.197414748    0.089052162
   42.463710558    0.199411638    0.092262434
   42.485678334    0.201340830    0.095475954
   42.507646110    0.203201087    0.098689940
   42.529613886    0.204990626    0.101901507
   42.551581661    0.206708162    0.105107686
   42.573549437    0.208353614    0.108305436
   42.595517213    0.209928402    0.111491659
   42.617484989    0.211435365    0.114663211
   42.639452764    0.212878373    0.117816917
   42.661420540    0.214261781    0.120949586
   42.683388316    0.215589854    0.124058024
   42.705356092    0.216866305    0.127139051
   42.727323868    0.218094012    0.130189519
   42.749291643    0.219274962    0.133206325
   42.771259419    0.220410395    0.136186428
   42.793227195    0.221501084    0.139126863
   42.815194971    0.222547679    0.142024751
   42.837162746    0.223551014    0.144877318
   42.859130522    0.224512313    0.147681900
   42.881098298    0.225433269    0.150435962
   42.903066074    0.226315979    0.153137114
   42.925033849    0.227162764    0.155783126
   42.947001625    0.227975952    0.158371951
   42.968969401    0.228757651    0.160901744
   42.990937177    0.229509586    0.163370882
   43.012904952    0.230233036    0.165777987
   43.034872728    0.230928864    0.168121935
   43.056840504    0.231597637    0.170401870
   43.078808280    0.232239801    0.172617199
   43.100776056    0.232855852    0.174767592
   43.122743831    0.233446478    0.176852970
   43.144711607    0.234012626    0.178873481
   43.166679383    0.234555499    0.180829484
   43.188647159    0.235076464    0.182721526
   43.210614934    0.235576934    0.184550318
   43.232582710    0.236058225    0.186316721
   43.254550486    0.236521440    0.188021727
   43.276518262    0.236967406    0.189666453
   43.298486037    0.237396674    0.191252130
   43.320453813    0.237809582    0.192780106
   43.342421589    0.238206356    0.194251835
   43.364389365    0.238587229    0.195668881
   43.386357141    0.238952545    0.197032906
   43.408324916    0.239302822    0.198345669
   43.430292692    0.239638762    0.199609014
   43.452260468    0.239961208    0.200824863
   43.474228244    0.240271064    0.201995207
   43.496196019    0.240569195    0.203122101
   43.518163795    0.240856339    0.204207663
   43.540131571    0.241133046    0.205254074
   43.562099347    0.241399666    0.206263584
   43.584067122    0.241656383    0.207238514
   43.606034898    0.241903278    0.208181261
   43.628002674    0.242140423    0.209094297
   43.649970450    0.242367954    0.209980161
   43.671938226    0.242586138    0.210841439
   43.693906001    0.242795383    0.211680735
   43.715873777    0.242996224    0.212500637
   43.737841553    0.243189259    0.213303667
   43.759809329    0.243375083    0.214092237
   43.781777104    0.243554210    0.214868595
   43.803744880    0.243727020    0.215634785
   43.825712656    0.243893740    0.216392607
   43.847680432    0.244054459    0.217143599
   43.869648207    0.244209175    0.217889020
   43.891615983    0.244357864    0.218629858
   43.913583759    0.244500545    0.219366841
   43.935551535    0.244637334    0.220100459
   43.957519310    0.244768465    0.220830993
   43.979487086    0.244894283    0.221558543
   44.001454862    0.245015200    0.222283053
   44.023422638    0.245131644    0.223004337
   44.045390414    0.245243989    0.223722097
   44.067358189    0.245352513    0.224435933
   44.089325965    0.245457369    0.225145359
   44.111293741    0.245558596    0.225849803
   44.133261517    0.245656148    0.226548620
   44.155229292    0.245749952    0.227241095
   44.177197068    0.245839961    0.227926454
   44.199164844    0.245926203    0.228603873
   44.221132620    0.246008806    0.229272488
   44.243100395    0.246087998    0.229931410
   44.265068171    0.246164075    0.230579727
   44.287035947    0.246237355    0.231216523
   44.309003723    0.246308128    0.231840879
   44.330971499    0.246376605    0.232451882
   44.352939274    0.246442899    0.233048634
   44.374907050    0.246507020    0.233630261
   44.396874826    0.246568904    0.234195927
   44.418842602    0.246628451    0.234744853
   44.440810377    0.246685578    0.235276337
   44.462778153    0.246740262    0.235789783
   44.484745929    0.246792565    0.236284727
   44.506713705    0.246842637    0.236760862
   44.528681480    0.246890697    0.237218062
   44.550649256    0.246936992    0.237656396
   44.572617032    0.246981754    0.238076125
   44.594584808    0.247025154    0.238477702
   44.616552584    0.247067279    0.238861741
   44.638520359    0.247108127    0.239228993
   44.660488135    0.247147624    0.239580299
   44.682455911    0.247185662    0.239916550
   44.704423687    0.247222138    0.240238642
   44.726391462    0.247256999    0.240547438
   44.748359238    0.247290265    0.240843736
   44.770327014    0.247322036    0.241128249
   44.792294790    0.247352480    0.241401598
   44.814262565    0.247381795    0.241664312
   44.836230341    0.247410173    0.241916839
   44.858198117    0.247437760    0.242159564
   44.880165893    0.247464630    0.242392829
   44.902133668    0.247490776    0.242616948
   44.924101444    0.247516125    0.242832228
   44.946069220    0.247540566    0.243038977
   44.968036996    0.247563988    0.243237506
   44.990004772    0.247586322    0.243428139
   45.011972547    0.247607561    0.243611197
   45.033940323    0.247627772    0.243787004
   45.055908099    0.247647086    0.243955870
   45.077875875    0.247665668    0.244118092
   45.099843650    0.247683682    0.244273951
   45.121811426    0.247701258    0.244423705
   45.143779202    0.247718461    0.244567596
   45.165746978    0.247735284    0.244705849
   45.187714753    0.247751658    0.244838680
   45.209682529    0.247767474    0.244966296
   45.231650305    0.247782621    0.245088900
   45.253618081    0.247797018    0.245206690
   45.275585857    0.247810640    0.245319864
   45.297553632    0.247823533    0.245428613
   45.319521408    0.247835799    0.245533122
   45.341489184    0.247847579    0.245633570
   45.363456960    0.247859019    0.245730123
   45.385424735    0.247870234    0.245822939
   45.407392511    0.247881287    0.245912166
   45.429360287    0.247892172    0.245997940
   45.451328063    0.247902825    0.246080394
   45.473295838    0.247913142    0.246159652
   45.495263614    0.247923015    0.246235838
   45.517231390    0.247932356    0.246309072
   45.539199166    0.247941130    0.246379472
   45.561166941    0.247949365    0.246447153
   45.583134717    0.247957144    0.246512229
   45.605102493    0.247964591    0.246574807
   45.627070269    0.247971835    0.246634989
   45.649038045    0.247978985    0.246692873
   45.671005820    0.247986099    0.246748546
   45.692973596    0.247993177    0.246802095
   45.714941372    0.248000160    0.246853597
   45.736909148    0.248006952    0.246903130
   45.758876923    0.248013444    0.246950766
   45.780844699    0.248019551    0.246996579
   45.802812475    0.248025227    0.247040640
   45.824780251    0.248030490    0.247083019
   45.846748026    0.248035407    0.247123787
   45.868715802    0.248040088    0.247163008
   45.890683578    0.248044651    0.247200747
   45.912651354    0.248049197    0.247237063
   45.934619130    0.248053785    0.247272011
   45.956586905    0.248058417    0.247305642
   45.978554681    0.248063042    0.247338005
   46.000522457    0.248067568    0.247369146
   46.022490233    0.248071893    0.247399108
   46.044458008    0.248075928    0.247427936
   46.066425784    0.248079625    0.247455673
   46.088393560    0.248082991    0.247482362
   46.110361336    0.248086082    0.247508048
   46.132329111    0.248088996    0.247532770
   46.154296887    0.248091842    0.247556568
   46.176264663    0.248094717    0.247579480
   46.198232439    0.248097677    0.247601541
   46.220200215    0.248100730    0.247622780
   46.242167990    0.248103829    0.247643229
   46.264135766    0.248106890    0.247662913
   46.286103542    0.248109814    0.247681861
   46.308071318    0.248112515    0.247700098
   46.330039093    0.248114940    0.247717651
   46.352006869    0.248117089    0.247734547
   46.373974645    0.248119010    0.247750812
   46.395942421    0.248120789    0.247766474
   46.417910196    0.248122530    0.247781557
   46.439877972    0.248124324    0.247796085
   46.461845748    0.248126229    0.247810079
   46.483813524    0.248128254    0.247823560
   46.505781299    0.248130360    0.247836544
   46.527749075    0.248132468    0.247849048
   46.549716851    0.248134484    0.247861089
   46.571684627    0.248136322    0.247872682
   46.593652403    0.248137929    0.247883843
   46.615620178    0.248139297    0.247894589
   46.637587954    0.248140469    0.247904938
   46.659555730    0.248141522    0.247914905
   46.681523506    0.248142552    0.247924509
   46.703491281    0.248143649    0.247933762
   46.725459057    0.248144869    0.247942681
   46.747426833    0.248146225    0.247951276
   46.769394609    0.248147682    0.247959559
   46.791362384    0.248149169    0.247967539
   46.813330160    0.248150595    0.247975226
   46.835297936    0.248151876    0.247982628
   46.857265712    0.248152958    0.247989757
   46.879233488    0.248153827    0.247996622
   46.901201263    0.248154520    0.248003234
   46.923169039    0.248155109    0.248009605
   46.945136815    0.248155682    0.248015744
   46.967104591    0.248156327    0.248021664
   46.989072366    0.248157099    0.248027371
   47.011040142    0.248158016    0.248032875
   47.033007918    0.248159046    0.248038181
   47.054975694    0.248160124    0.248043295
   47.076943469    0.248161163    0.248048223
   47.098911245    0.248162081    0.248052970
   47.120879021    0.248162822    0.248057541
   47.142846797    0.248163371    0.248061944
   47.164814573    0.248163758    0.248066185
   47.186782348    0.248164048    0.248070272
   47.208750124    0.248164327    0.248074212
   47.230717900    0.248164677    0.248078013
   47.252685676    0.248165155    0.248081679
   47.274653451    0.248165780    0.248085217
   47.296621227    0.248166527    0.248088630
   47.318589003    0.248167333    0.248091921
   47.340556779    0.248168116    0.248095093
   47.362524554    0.248168797    0.248098149
   47.384492330    0.248169319    0.248101092
   47.406460106    0.248169665    0.248103926
   47.428427882    0.248169857    0.248106656
   47.450395657    0.248169958    0.248109288
   47.472363433    0.248170048    0.248111825
   47.494331209    0.248170207    0.248114275
   47.516298985    0.248170492    0.248116639
   47.538266761    0.248170924    0.248118922
   47.560234536    0.248171481    0.248121126
   47.582202312    0.248172106    0.248123253
   47.604170088    0.248172720    0.248125303
   47.626137864    0.248173246    0.248127278
   47.648105639    0.248173628    0.248129180
   47.670073415    0.248173844    0.248131012
   47.692041191    0.248173914    0.248132776
   47.714008967    0.248173896    0.248134476
   47.735976742    0.248173865    0.248136116
   47.757944518    0.248173900    0.248137700
   47.779912294    0.248174056    0.248139230
   47.801880070    0.248174358    0.248140709
   47.823847846    0.248174785    0.248142138
   47.845815621    0.248175286    0.248143517
   47.867783397    0.248175785    0.248144848
   47.889751173    0.248176206    0.248146130
   47.911718949    0.248176493    0.248147364
   47.933686724    0.248176622    0.248148552
   47.955654500    0.248176611    0.248149695
   47.977622276    0.248176512    0.248150797
   47.999590052    0.248176398    0.248151861
   48.021557827    0.248176344    0.248152888
   48.043525603    0.248176408    0.248153882
   48.065493379    0.248176614    0.248154844
   48.087461155    0.248176948    0.248155774
   48.109428931    0.248177361    0.248156673
   48.131396706    0.248177780    0.248157540
   48.153364482    0.248178132    0.248158376
   48.175332258    0.248178360    0.248159180
   48.197300034    0.248178439    0.248159953
   48.219267809    0.248178382    0.248160697
   48.241235585    0.248178238    0.248161413
   48.263203361    0.248178076    0.248162105
   48.285171137    0.248177969    0.248162774
   48.307138912    0.248177975    0.248163421
   48.329106688    0.248178120    0.248164049
   48.351074464    0.248178392    0.248164658
   48.373042240    0.248178745    0.248165246
   48.395010015    0.248179111    0.248165815
   48.416977791    0.248179418    0.248166362
   48.438945567    0.248179609    0.248166888
   48.460913343    0.248179658    0.248167393
   48.482881119    0.248179575    0.248167879
   48.504848894    0.248179404    0.248168346
   48.526816670    0.248179213    0.248168798
   48.548784446    0.248179072    0.248169234
   48.570752222    0.248179038    0.248169658
   48.592719997    0.248179139    0.248170070
   48.614687773    0.248179366    0.248170470
   48.636655549    0.248179676    0.248170857
   48.658623325    0.248180004    0.248171231
   48.680591100    0.248180280    0.248171592
   48.702558876    0.248180448    0.248171938
   48.724526652    0.248180480    0.248172269
   48.746494428    0.248180383    0.248172587
   48.768462204    0.248180198    0.248172893
   48.790429979    0.248179990    0.248173188
   48.812397755    0.248179826    0.248173474
   48.834365531    0.248179765    0.248173753
   48.856333307    0.248179834    0.248174024
   48.878301082    0.248180028    0.248174288
   48.900268858    0.248180306    0.248174544
   48.922236634    0.248180607    0.248174793
   48.944204410    0.248180863    0.248175031
   48.966172185    0.248181017    0.248175260
   48.988139961    0.248181039    0.248175479
   49.010107737    0.248180936    0.248175688
   49.032075513    0.248180745    0.248175889
   49.054043289    0.248180527    0.248176082
   49.076011064    0.248180350    0.248176270
   49.097978840    0.248180270    0.248176454
   49.119946616    0.248180316    0.248176633
   49.141914392    0.248180484    0.248176809
   49.163882167    0.248180739    0.248176980
   49.185849943    0.248181020    0.248177146
   49.207817719    0.248181261    0.248177305
   49.229785495    0.248181406    0.248177458
   49.251753270    0.248181425    0.248177603
   49.273721046    0.248181320    0.248177741
   49.295688822    0.248181128    0.248177873
   49.317656598    0.248180906    0.248178000
   49.339624373    0.248180720    0.248178124
   49.361592149    0.248180626    0.248178245
   49.383559925    0.248180654    0.248178365
   49.405527701    0.248180803    0.248178482
   49.427495477    0.248181038    0.248178598
   49.449463252    0.248181304    0.248178709
   49.471431028    0.248181534    0.248178817
   49.493398804    0.248181674    0.248178919
   49.515366580    0.248181693    0.248179016
   49.537334355    0.248181590    0.248179107
   49.559302131    0.248181400    0.248179195
   49.581269907    0.248181177    0.248179278
   49.603237683    0.248180986    0.248179360
   49.625205458    0.248180881    0.248179440
   49.647173234    0.248180896    0.248179520
   49.669141010    0.248181029    0.248179600
   49.691108786    0.248181249    0.248179678
   49.713076562    0.248181502    0.248179755
   49.735044337    0.248181725    0.248179828
   49.757012113    0.248181863    0.248179897
   49.778979889    0.248181883    0.248179962
   49.800947665    0.248181784    0.248180023
   49.822915440    0.248181597    0.248180081
   49.844883216    0.248181376    0.248180136
   49.866850992    0.248181182    0.248180190
   49.888818768    0.248181070    0.248180243
   49.910786543    0.248181073    0.248180297
   49.932754319    0.248181193    0.248180352
   49.954722095    0.248181401    0.248180406
   49.976689871    0.248181644    0.248180458
   49.998657647    0.248181861    0.248180509
   50.020625422    0.248181997    0.248180557
   50.042593198    0.248182020    0.248180601
   50.064560974    0.248181927    0.248180641
   50.086528750    0.248181745    0.248180679
   50.108496525    0.248181526    0.248180716
   50.130464301    0.248181330    0.248180751
   50.152432077    0.248181213    0.248180787
   50.174399853    0.248181207    0.248180823
   50.196367628    0.248181315    0.248180861
   50.218335404    0.248181512    0.248180899
   50.240303180    0.248181747    0.248180936
   50.262270956    0.248181959    0.248180971
   50.284238731    0.248182095    0.248181004
   50.306206507    0.248182121    0.248181035
   50.328174283    0.248182033    0.248181062
   50.350142059    0.248181857    0.248181087
   50.372109835    0.248181641    0.248181111
   50.394077610    0.248181446    0.248181134
   50.416045386    0.248181324    0.248181158
   50.438013162    0.248181310    0.248181183
   50.459980938    0.248181408    0.248181209
   50.481948713    0.248181595    0.248181236
   50.503916489    0.248181822    0.248181263
   50.525884265    0.248182031    0.248181289
   50.547852041    0.248182167    0.248181313
   50.569819816    0.248182198    0.248181334
   50.591787592    0.248182116    0.248181352
   50.613755368    0.248181945    0.248181369
   50.635723144    0.248181734    0.248181385
   50.657690920    0.248181538    0.248181400
   50.679658695    0.248181413    0.248181416
   50.701626471    0.248181392    0.248181434
   50.723594247    0.248181482    0.248181453
   50.745562023    0.248181661    0.248181473
   50.767529798    0.248181881    0.248181493
   50.789497574    0.248182086    0.248181512
   50.811465350    0.248182223    0.248181529
   50.833433126    0.248182258    0.248181544
   50.855400901    0.248182182    0.248181557
   50.877368677    0.248182018    0.248181568
   50.899336453    0.248181810    0.248181579
   50.921304229    0.248181616    0.248181589
   50.943272005    0.248181488    0.248181600
   50.965239780    0.248181461    0.248181612
   50.987207556    0.248181543    0.248181626
   51.009175332    0.248181713    0.248181641
   51.031143108    0.248181928    0.248181657
   51.053110883    0.248182130    0.248181671
   51.075078659    0.248182268    0.248181685
   51.097046435    0.248182306    0.248181696
   51.119014211    0.248182237    0.248181705
   51.140981986    0.248182078    0.248181712
   51.162949762    0.248181875    0.248181719
   51.184917538    0.248181682    0.248181725
   51.206885314    0.248181552    0.248181733
   51.228853089    0.248181520    0.248181742
   51.250820865    0.248181594    0.248181753
   51.272788641    0.248181757    0.248181764
   51.294756417    0.248181966    0.248181777
   51.316724193    0.248182166    0.248181789
   51.338691968    0.248182305    0.248181799
   51.360659744    0.248182347    0.248181808
   51.382627520    0.248182283    0.248181814
   51.404595296    0.248182131    0.248181819
   51.426563071    0.248181932    0.248181823
   51.448530847    0.248181741    0.248181827
   51.470498623    0.248181609    0.248181833
   51.492466399    0.248181571    0.248181839
   51.514434174    0.248181640    0.248181848
   51.536401950    0.248181796    0.248181857
   51.558369726    0.248181999    0.248181867
   51.580337502    0.248182196    0.248181877
   51.602305278    0.248182336    0.248181886
   51.624273053    0.248182383    0.248181893
   51.646240829    0.248182324    0.248181897
   51.668208605    0.248182178    0.248181901
   51.690176381    0.248181984    0.248181903
   51.712144156    0.248181794    0.248181906
   51.734111932    0.248181660    0.248181909
   51.756079708    0.248181618    0.248181914
   51.778047484    0.248181680    0.248181921
   51.800015259    0.248181829    0.248181929
   51.821983035    0.248182027    0.248181938
   51.843950811    0.248182222    0.248181946
   51.865918587    0.248182363    0.248181954
   51.887886362    0.248182413    0.248181959
   51.909854138    0.248182360    0.248181963
   51.931821914    0.248182220    0.248181965
   51.953789690    0.248182030    0.248181967
   51.975757466    0.248181842    0.248181968
   51.997725241    0.248181706    0.248181970
   52.019693017    0.248181660    0.248181974
   52.041660793    0.248181716    0.248181980
   52.063628569    0.248181859    0.248181987
   52.085596344    0.248182053    0.248181994
   52.107564120    0.248182245    0.248182002
   52.129531896    0.248182387    0.248182008
   52.151499672    0.248182440    0.248182013
   52.173467447    0.248182393    0.248182016
   52.195435223    0.248182258    0.248182018
   52.217402999    0.248182072    0.248182018
   52.239370775    0.248181886    0.248182019
   52.261338551    0.248181750    0.248182021
   52.283306326    0.248181700    0.248182024
   52.305274102    0.248181750    0.248182029
   52.327241878    0.248181887    0.248182035
   52.349209654    0.248182076    0.248182042
   52.371177429    0.248182266    0.248182048
   52.393145205    0.248182408    0.248182054
   52.415112981    0.248182466    0.248182058
   52.437080757    0.248182423    0.248182061
   52.459048532    0.248182294    0.248182062
   52.481016308    0.248182113    0.248182062
   52.502984084    0.248181928    0.248182062
   52.524951860    0.248181791    0.248182064
   52.546919636    0.248181737    0.248182066
   52.568887411    0.248181781    0.248182070
   52.590855187    0.248181913    0.248182076
   52.612822963    0.248182097    0.248182082
   52.634790739    0.248182286    0.248182088
   52.656758514    0.248182429    0.248182094
   52.678726290    0.248182489    0.248182098
   52.700694066    0.248182452    0.248182100
   52.722661842    0.248182328    0.248182101
   52.744629617    0.248182150    0.248182100
   52.766597393    0.248181968    0.248182100
   52.788565169    0.248181829    0.248182101
   52.810532945    0.248181772    0.248182103
   52.832500720    0.248181812    0.248182107
   52.854468496    0.248181938    0.248182112
   52.876436272    0.248182118    0.248182118
   52.898404048    0.248182304    0.248182123
   52.920371824    0.248182448    0.248182129
   52.942339599    0.248182511    0.248182132
   52.964307375    0.248182479    0.248182134
   52.986275151    0.248182360    0.248182135
   53.008242927    0.248182186    0.248182134
   53.030210702    0.248182006    0.248182134
   53.052178478    0.248181867    0.248182134
   53.074146254    0.248181806    0.248182136
   53.096114030    0.248181841    0.248182139
   53.118081805    0.248181962    0.248182144
   53.140049581    0.248182137    0.248182150
   53.162017357    0.248182321    0.248182155
   53.183985133    0.248182466    0.248182160
   53.205952909    0.248182532    0.248182164
   53.227920684    0.248182504    0.248182166
   53.249888460    0.248182390    0.248182166
   53.271856236    0.248182221    0.248182166
   53.293824012    0.248182042    0.248182165
   53.315791787    0.248181902    0.248182165
   53.337759563    0.248181838    0.248182166
   53.359727339    0.248181868    0.248182170
   53.381695115    0.248181984    0.248182174
   53.403662890    0.248182156    0.248182179
   53.425630666    0.248182338    0.248182185
   53.447598442    0.248182483    0.248182189
   53.469566218    0.248182552    0.248182193
   53.491533994    0.248182529    0.248182195
   53.513501769    0.248182420    0.248182195
   53.535469545    0.248182254    0.248182194
   53.557437321    0.248182077    0.248182194
   53.579405097    0.248181937    0.248182194
   53.601372872    0.248181870    0.248182195
   53.623340648    0.248181895    0.248182198
   53.645308424    0.248182007    0.248182202
   53.667276200    0.248182174    0.248182207
   53.689243975    0.248182354    0.248182212
   53.711211751    0.248182499    0.248182217
   53.733179527    0.248182572    0.248182220
   53.755147303    0.248182552    0.248182222
   53.777115078    0.248182448    0.248182222
   53.799082854    0.248182286    0.248182221
   53.821050630    0.248182111    0.248182220
   53.843018406    0.248181970    0.248182220
   53.864986182    0.248181900    0.248182221
   53.886953957    0.248181921    0.248182224
   53.908921733    0.248182028    0.248182228
   53.930889509    0.248182192    0.248182233
   53.952857285    0.248182370    0.248182238
   53.974825060    0.248182515    0.248182242
   53.996792836    0.248182590    0.248182246
   54.018760612    0.248182575    0.248182247
   54.040728388    0.248182475    0.248182248
   54.062696163    0.248182317    0.248182247
   54.084663939    0.248182144    0.248182246
   54.106631715    0.248182002    0.248182246
   54.128599491    0.248181930    0.248182246
   54.150567267    0.248181947    0.248182249
   54.172535042    0.248182049    0.248182253
   54.194502818    0.248182209    0.248182257
   54.216470594    0.248182385    0.248182262
   54.238438370    0.248182530    0.248182267
   54.260406145    0.248182608    0.248182270
   54.282373921    0.248182597    0.248182272
   54.304341697    0.248182501    0.248182272
   54.326309473    0.248182347    0.248182271
   54.348277248    0.248182175    0.248182270
   54.370245024    0.248182033    0.248182270
   54.392212800    0.248181959    0.248182270
   54.414180576    0.248181971    0.248182273
   54.436148352    0.248182069    0.248182276
   54.458116127    0.248182225    0.248182281
   54.480083903    0.248182399    0.248182286
   54.502051679    0.248182545    0.248182290
   54.524019455    0.248182625    0.248182293
   54.545987230    0.248182618    0.248182295
   54.567955006    0.248182526    0.248182295
   54.589922782    0.248182375    0.248182294
   54.611890558    0.248182206    0.248182293
   54.633858333    0.248182063    0.248182293
   54.655826109    0.248181986    0.248182293
   54.677793885    0.248181995    0.248182296
   54.699761661    0.248182088    0.248182299
   54.721729436    0.248182241    0.248182303
   54.743697212    0.248182413    0.248182308
   54.765664988    0.248182559    0.248182312
   54.787632764    0.248182641    0.248182316
   54.809600540    0.248182638    0.248182317
   54.831568315    0.248182550    0.248182318
   54.853536091    0.248182403    0.248182317
   54.875503867    0.248182236    0.248182316
   54.897471643    0.248182093    0.248182315
   54.919439418    0.248182013    0.248182316
   54.941407194    0.248182018    0.248182318
   54.963374970    0.248182107    0.248182321
   54.985342746    0.248182256    0.248182325
   55.007310521    0.248182427    0.248182330
   55.029278297    0.248182573    0.248182334
   55.051246073    0.248182657    0.248182337
   55.073213849    0.248182657    0.248182339
   55.095181625    0.248182574    0.248182339
   55.117149400    0.248182430    0.248182338
   55.139117176    0.248182264    0.248182337
   55.161084952    0.248182121    0.248182337
   55.183052728    0.248182039    0.248182337
   55.205020503    0.248182041    0.248182339
   55.226988279    0.248182126    0.248182342
   55.248956055    0.248182271    0.248182346
   55.270923831    0.248182440    0.248182351
   55.292891606    0.248182586    0.248182355
   55.314859382    0.248182672    0.248182358
   55.336827158    0.248182676    0.248182360
   55.358794934    0.248182597    0.248182360
   55.380762710    0.248182456    0.248182359
   55.402730485    0.248182292    0.248182358
   55.424698261    0.248182149    0.248182357
   55.446666037    0.248182065    0.248182358
   55.468633813    0.248182063    0.248182359
   55.490601588    0.248182143    0.248182362
   55.512569364    0.248182286    0.248182366
   55.534537140    0.248182452    0.248182371
   55.556504916    0.248182599    0.248182375
   55.578472691    0.248182687    0.248182378
   55.600440467    0.248182694    0.248182380
   55.622408243    0.248182619    0.248182380
   55.644376019    0.248182481    0.248182379
   55.666343794    0.248182319    0.248182378
   55.688311570    0.248182176    0.248182377
   55.710279346    0.248182090    0.248182377
   55.732247122    0.248182084    0.248182379
   55.754214898    0.248182161    0.248182382
   55.776182673    0.248182300    0.248182386
   55.798150449    0.248182464    0.248182390
   55.820118225    0.248182611    0.248182394
   55.842086001    0.248182701    0.248182397
   55.864053776    0.248182711    0.248182399
   55.886021552    0.248182640    0.248182399
   55.907989328    0.248182505    0.248182399
   55.929957104    0.248182345    0.248182397
   55.951924879    0.248182202    0.248182397
   55.973892655    0.248182114    0.248182397
   55.995860431    0.248182105    0.248182398
   56.017828207    0.248182178    0.248182401
   56.039795983    0.248182313    0.248182405
   56.061763758    0.248182476    0.248182409
   56.083731534    0.248182622    0.248182413
   56.105699310    0.248182715    0.248182416
   56.127667086    0.248182728    0.248182418
   56.149634861    0.248182660    0.248182418
   56.171602637    0.248182529    0.248182417
   56.193570413    0.248182370    0.248182416
   56.215538189    0.248182227    0.248182415
   56.237505964    0.248182137    0.248182415
   56.259473740    0.248182125    0.248182417
   56.281441516    0.248182194    0.248182419
   56.303409292    0.248182326    0.248182423
   56.325377068    0.248182487    0.248182427
   56.347344843    0.248182634    0.248182431
   56.369312619    0.248182728    0.248182434
   56.391280395    0.248182744    0.248182436
   56.413248171    0.248182680    0.248182436
   56.435215946    0.248182552    0.248182435
   56.457183722    0.248182395    0.248182434
   56.479151498    0.248182251    0.248182433
   56.501119274    0.248182159    0.248182433
   56.523087049    0.248182144    0.248182434
   56.545054825    0.248182210    0.248182437
   56.567022601    0.248182339    0.248182441
   56.588990377    0.248182498    0.248182445
   56.610958152    0.248182644    0.248182449
   56.632925928    0.248182740    0.248182452
   56.654893704    0.248182760    0.248182453
   56.676861480    0.248182699    0.248182454
   56.698829256    0.248182574    0.248182453
   56.720797031    0.248182419    0.248182452
   56.742764807    0.248182275    0.248182451
   56.764732583    0.248182181    0.248182450
   56.786700359    0.248182163    0.248182452
   56.808668134    0.248182225    0.248182454
   56.830635910    0.248182351    0.248182458
   56.852603686    0.248182508    0.248182462
   56.874571462    0.248182655    0.248182465
   56.896539237    0.248182752    0.248182468
   56.918507013    0.248182774    0.248182470
   56.940474789    0.248182717    0.248182470
   56.962442565    0.248182595    0.248182470
   56.984410341    0.248182442    0.248182468
   57.006378116    0.248182298    0.248182467
   57.028345892    0.248182203    0.248182467
   57.050313668    0.248182181    0.248182468
   57.072281444    0.248182240    0.248182471
   57.094249219    0.248182363    0.248182474
   57.116216995    0.248182518    0.248182478
   57.138184771    0.248182664    0.248182482
   57.160152547    0.248182763    0.248182485
   57.182120322    0.248182789    0.248182486
   57.204088098    0.248182735    0.248182487
   57.226055874    0.248182616    0.248182486
   57.248023650    0.248182464    0.248182485
   57.269991425    0.248182320    0.248182484
   57.291959201    0.248182223    0.248182483
   57.313926977    0.248182199    0.248182484
   57.335894753    0.248182254    0.248182486
   57.357862529    0.248182374    0.248182490
   57.379830304    0.248182528    0.248182494
   57.401798080    0.248182674    0.248182497
   57.423765856    0.248182774    0.248182500
   57.445733632    0.248182802    0.248182502
   57.467701407    0.248182752    0.248182502
   57.489669183    0.248182635    0.248182502
   57.511636959    0.248182486    0.248182500
   57.533604735    0.248182342    0.248182499
   57.555572510    0.248182243    0.248182499
   57.577540286    0.248182216    0.248182500
   57.599508062    0.248182268    0.248182502
   57.621475838    0.248182385    0.248182505
   57.643443614    0.248182537    0.248182509
   57.665411389    0.248182683    0.248182512
   57.687379165    0.248182784    0.248182515
   57.709346941    0.248182815    0.248182517
   57.731314717    0.248182768    0.248182517
   57.753282492    0.248182655    0.248182517
   57.775250268    0.248182506    0.248182515
   57.797218044    0.248182363    0.248182514
   57.819185820    0.248182263    0.248182514
   57.841153595    0.248182233    0.248182514
   57.863121371    0.248182281    0.248182516
   57.885089147    0.248182395    0.248182520
   57.907056923    0.248182545    0.248182523
   57.929024699    0.248182691    0.248182527
   57.950992474    0.248182794    0.248182530
   57.972960250    0.248182828    0.248182531
   57.994928026    0.248182784    0.248182532
   58.016895802    0.248182673    0.248182531
   58.038863577    0.248182527    0.248182530
   58.060831353    0.248182383    0.248182529
   58.082799129    0.248182282    0.248182528
   58.104766905    0.248182249    0.248182529
   58.126734680    0.248182294    0.248182531
   58.148702456    0.248182405    0.248182534
   58.170670232    0.248182553    0.248182537
   58.192638008    0.248182699    0.248182541
   58.214605783    0.248182804    0.248182544
   58.236573559    0.248182840    0.248182545
   58.258541335    0.248182799    0.248182546
   58.280509111    0.248182691    0.248182545
   58.302476887    0.248182546    0.248182544
   58.324444662    0.248182403    0.248182542
   58.346412438    0.248182300    0.248182542
   58.368380214    0.248182265    0.248182542
   58.390347990    0.248182306    0.248182544
   58.412315765    0.248182415    0.248182547
   58.434283541    0.248182561    0.248182551
   58.456251317    0.248182706    0.248182554
   58.478219093    0.248182812    0.248182557
   58.500186868    0.248182851    0.248182559
   58.522154644    0.248182813    0.248182559
   58.544122420    0.248182708    0.248182559
   58.566090196    0.248182565    0.248182557
   58.588057972    0.248182422    0.248182556
   58.610025747    0.248182318    0.248182555
   58.631993523    0.248182280    0.248182556
   58.653961299    0.248182318    0.248182557
   58.675929075    0.248182424    0.248182560
   58.697896850    0.248182568    0.248182564
   58.719864626    0.248182713    0.248182567
   58.741832402    0.248182821    0.248182570
   58.763800178    0.248182862    0.248182572
   58.785767953    0.248182827    0.248182572
   58.807735729    0.248182725    0.248182571
   58.829703505    0.248182583    0.248182570
   58.851671281    0.248182441    0.248182569
   58.873639057    0.248182335    0.248182568
   58.895606832    0.248182294    0.248182568
   58.917574608    0.248182330    0.248182570
   58.939542384    0.248182433    0.248182573
   58.961510160    0.248182575    0.248182576
   58.983477935    0.248182720    0.248182579
   59.005445711    0.248182828    0.248182582
   59.027413487    0.248182872    0.248182584
   59.049381263    0.248182840    0.248182584
   59.071349038    0.248182741    0.248182584
   59.093316814    0.248182601    0.248182582
   59.115284590    0.248182458    0.248182581
   59.137252366    0.248182351    0.248182580
   59.159220141    0.248182308    0.248182580
   59.181187917    0.248182341    0.248182582
   59.203155693    0.248182441    0.248182585
   59.225123469    0.248182582    0.248182588
   59.247091245    0.248182726    0.248182591
   59.269059020    0.248182836    0.248182594
   59.291026796    0.248182882    0.248182596
   59.312994572    0.248182853    0.248182596
   59.334962348    0.248182756    0.248182595
   59.356930123    0.248182618    0.248182594
   59.378897899    0.248182476    0.248182593
   59.400865675    0.248182367    0.248182592
   59.422833451    0.248182321    0.248182592
   59.444801226    0.248182351    0.248182593
   59.466769002    0.248182448    0.248182596
   59.488736778    0.248182588    0.248182599
   59.510704554    0.248182732    0.248182603
   59.532672330    0.248182843    0.248182605
   59.554640105    0.248182891    0.248182607
   59.576607881    0.248182865    0.248182607
   59.598575657    0.248182771    0.248182607
   59.620543433    0.248182634    0.248182605
   59.642511208    0.248182492    0.248182604
   59.664478984    0.248182382    0.248182603
   59.686446760    0.248182334    0.248182603
   59.708414536    0.248182361    0.248182604
   59.730382311    0.248182456    0.248182607
   59.752350087    0.248182593    0.248182610
   59.774317863    0.248182737    0.248182613
   59.796285639    0.248182849    0.248182616
   59.818253415    0.248182900    0.248182618
   59.840221190    0.248182876    0.248182618
   59.862188966    0.248182785    0.248182617
   59.884156742    0.248182650    0.248182616
   59.906124518    0.248182508    0.248182614
   59.928092293    0.248182397    0.248182613
   59.950060069    0.248182347    0.248182613
   59.972027845    0.248182371    0.248182615
   59.993995621    0.248182463    0.248182617
   60.015963396    0.248182598    0.248182620
   60.037931172    0.248182742    0.248182624
   60.059898948    0.248182855    0.248182626
   60.081866724    0.248182908    0.248182628
   60.103834499    0.248182887    0.248182628
   60.125802275    0.248182798    0.248182628
   60.147770051    0.248182665    0.248182626
   60.169737827    0.248182524    0.248182625
   60.191705603    0.248182412    0.248182624
   60.213673378    0.248182359    0.248182624
   60.235641154    0.248182380    0.248182625
   60.257608930    0.248182469    0.248182627
   60.279576706    0.248182603    0.248182630
   60.301544481    0.248182746    0.248182633
   60.323512257    0.248182860    0.248182636
   60.345480033    0.248182916    0.248182638
   60.367447809    0.248182898    0.248182638
   60.389415584    0.248182811    0.248182637
   60.411383360    0.248182680    0.248182636
   60.433351136    0.248182539    0.248182634
   60.455318912    0.248182425    0.248182633
   60.477286688    0.248182370    0.248182633
   60.499254463    0.248182388    0.248182634
   60.521222239    0.248182475    0.248182636
   60.543190015    0.248182607    0.248182639
   60.565157791    0.248182750    0.248182642
   60.587125566    0.248182865    0.248182645
   60.609093342    0.248182923    0.248182647
   60.631061118    0.248182908    0.248182647
   60.653028894    0.248182824    0.248182647
   60.674996669    0.248182694    0.248182645
   60.696964445    0.248182553    0.248182643
   60.718932221    0.248182439    0.248182642
   60.740899997    0.248182381    0.248182642
   60.762867773    0.248182397    0.248182643
   60.784835548    0.248182480    0.248182645
   60.806803324    0.248182611    0.248182648
   60.828771100    0.248182753    0.248182651
   60.850738876    0.248182870    0.248182654
   60.872706651    0.248182929    0.248182655
   60.894674427    0.248182917    0.248182656
   60.916642203    0.248182836    0.248182655
   60.938609979    0.248182708    0.248182654
   60.960577754    0.248182567    0.248182652
   60.982545530    0.248182451    0.248182651
   61.004513306    0.248182392    0.248182651
   61.026481082    0.248182404    0.248182651
   61.048448857    0.248182486    0.248182653
   61.070416633    0.248182614    0.248182656
   61.092384409    0.248182756    0.248182659
   61.114352185    0.248182874    0.248182662
   61.136319961    0.248182935    0.248182664
   61.158287736    0.248182926    0.248182664
   61.180255512    0.248182847    0.248182663
   61.202223288    0.248182720    0.248182662
   61.224191064    0.248182580    0.248182660
   61.246158839    0.248182463    0.248182659
   61.268126615    0.248182402    0.248182659
   61.290094391    0.248182412    0.248182659
   61.312062167    0.248182490    0.248182661
   61.334029942    0.248182617    0.248182664
   61.355997718    0.248182759    0.248182667
   61.377965494    0.248182877    0.248182670
   61.399933270    0.248182941    0.248182671
   61.421901046    0.248182934    0.248182672
   61.443868821    0.248182858    0.248182671
   61.465836597    0.248182733    0.248182670
   61.487804373    0.248182593    0.248182668
   61.509772149    0.248182475    0.248182667
   61.531739924    0.248182411    0.248182666
   61.553707700    0.248182418    0.248182667
   61.575675476    0.248182495    0.248182669
   61.597643252    0.248182620    0.248182671
   61.619611027    0.248182761    0.248182674
   61.641578803    0.248182880    0.248182677
   61.663546579    0.248182946    0.248182679
   61.685514355    0.248182942    0.248182679
   61.707482131    0.248182868    0.248182678
   61.729449906    0.248182745    0.248182677
   61.751417682    0.248182605    0.248182675
   61.773385458    0.248182486    0.248182674
   61.795353234    0.248182420    0.248182673
   61.817321009    0.248182425    0.248182674
   61.839288785    0.248182498    0.248182676
   61.861256561    0.248182622    0.248182678
   61.883224337    0.248182762    0.248182681
   61.905192112    0.248182883    0.248182684
   61.927159888    0.248182951    0.248182685
   61.949127664    0.248182949    0.248182686
   61.971095440    0.248182878    0.248182685
   61.993063215    0.248182756    0.248182684
   62.015030991    0.248182617    0.248182682
   62.036998767    0.248182497    0.248182680
   62.058966543    0.248182429    0.248182680
   62.080934319    0.248182431    0.248182680
   62.102902094    0.248182502    0.248182682
   62.124869870    0.248182623    0.248182684
   62.146837646    0.248182764    0.248182687
   62.168805422    0.248182885    0.248182690
   62.190773197    0.248182955    0.248182692
   62.212740973    0.248182955    0.248182692
   62.234708749    0.248182887    0.248182691
   62.256676525    0.248182767    0.248182690
   62.278644300    0.248182628    0.248182688
   62.300612076    0.248182507    0.248182686
   62.322579852    0.248182437    0.248182686
   62.344547628    0.248182436    0.248182686
   62.366515404    0.248182505    0.248182688
   62.388483179    0.248182625    0.248182690
   62.410450955    0.248182764    0.248182693
   62.432418731    0.248182886    0.248182696
   62.454386507    0.248182958    0.248182697
   62.476354282    0.248182962    0.248182698
   62.498322058    0.248182895    0.248182697
   62.520289834    0.248182777    0.248182696
   62.542257610    0.248182639    0.248182694
   62.564225385    0.248182517    0.248182692
   62.586193161    0.248182445    0.248182691
   62.608160937    0.248182441    0.248182692
   62.630128713    0.248182507    0.248182693
   62.652096489    0.248182625    0.248182696
   62.674064264    0.248182765    0.248182698
   62.696032040    0.248182887    0.248182701
   62.717999816    0.248182962    0.248182703
   62.739967592    0.248182967    0.248182703
   62.761935367    0.248182903    0.248182702
   62.783903143    0.248182787    0.248182701
   62.805870919    0.248182649    0.248182699
   62.827838695    0.248182526    0.248182697
   62.849806470    0.248182452    0.248182696
   62.871774246    0.248182446    0.248182697
   62.893742022    0.248182509    0.248182698
   62.915709798    0.248182626    0.248182701
   62.937677573    0.248182764    0.248182703
   62.959645349    0.248182888    0.248182706
   62.981613125    0.248182964    0.248182707
   63.003580901    0.248182972    0.248182708
   63.025548677    0.248182911    0.248182707
   63.047516452    0.248182796    0.248182706
   63.069484228    0.248182658    0.248182704
   63.091452004    0.248182535    0.248182702
   63.113419780    0.248182459    0.248182701
   63.135387555    0.248182450    0.248182701
   63.157355331    0.248182511    0.248182703
   63.179323107    0.248182626    0.248182705
   63.201290883    0.248182764    0.248182708
   63.223258658    0.248182888    0.248182710
   63.245226434    0.248182966    0.248182712
   63.267194210    0.248182977    0.248182712
   63.289161986    0.248182918    0.248182711
   63.311129762    0.248182805    0.248182710
   63.333097537    0.248182668    0.248182708
   63.355065313    0.248182543    0.248182706
   63.377033089    0.248182465    0.248182705
   63.399000865    0.248182454    0.248182705
   63.420968640    0.248182512    0.248182707
   63.442936416    0.248182625    0.248182709
   63.464904192    0.248182763    0.248182711
   63.486871968    0.248182888    0.248182714
   63.508839743    0.248182968    0.248182715
   63.530807519    0.248182981    0.248182716
   63.552775295    0.248182924    0.248182715
   63.574743071    0.248182813    0.248182714
   63.596710846    0.248182676    0.248182712
   63.618678622    0.248182551    0.248182710
   63.640646398    0.248182471    0.248182709
   63.662614174    0.248182457    0.248182709
   63.684581950    0.248182513    0.248182710
   63.706549725    0.248182624    0.248182712
   63.728517501    0.248182761    0.248182715
   63.750485277    0.248182887    0.248182717
   63.772453053    0.248182969    0.248182719
   63.794420828    0.248182985    0.248182719
   63.816388604    0.248182930    0.248182719
   63.838356380    0.248182821    0.248182717
   63.860324156    0.248182684    0.248182715
   63.882291931    0.248182559    0.248182713
   63.904259707    0.248182476    0.248182712
   63.926227483    0.248182460    0.248182712
   63.948195259    0.248182513    0.248182713
   63.970163035    0.248182623    0.248182715
   63.992130810    0.248182759    0.248182718
   64.014098586    0.248182886    0.248182720
   64.036066362    0.248182970    0.248182722
   64.058034138    0.248182988    0.248182722
   64.080001913    0.248182936    0.248182722
   64.101969689    0.248182828    0.248182720
   64.123937465    0.248182692    0.248182718
   64.145905241    0.248182565    0.248182716
   64.167873016    0.248182481    0.248182715
   64.189840792    0.248182462    0.248182715
   64.211808568    0.248182513    0.248182716
   64.233776344    0.248182621    0.248182718
   64.255744120    0.248182757    0.248182720
   64.277711895    0.248182884    0.248182723
   64.299679671    0.248182970    0.248182724
   64.321647447    0.248182991    0.248182725
   64.343615223    0.248182941    0.248182724
   64.365582998    0.248182834    0.248182722
   64.387550774    0.248182699    0.248182720
   64.409518550    0.248182572    0.248182718
   64.431486326    0.248182486    0.248182717
   64.453454101    0.248182464    0.248182717
   64.475421877    0.248182513    0.248182718
   64.497389653    0.248182619    0.248182720
   64.519357429    0.248182754    0.248182722
   64.541325204    0.248182882    0.248182725
   64.563292980    0.248182970    0.248182726
   64.585260756    0.248182993    0.248182727
   64.607228532    0.248182945    0.248182726
   64.629196308    0.248182841    0.248182724
   64.651164083    0.248182706    0.248182722
   64.673131859    0.248182578    0.248182720
   64.695099635    0.248182490    0.248182719
   64.717067411    0.248182466    0.248182719
   64.739035186    0.248182512    0.248182720
   64.761002962    0.248182616    0.248182721
   64.782970738    0.248182751    0.248182724
   64.804938514    0.248182880    0.248182726
   64.826906289    0.248182969    0.248182728
   64.848874065    0.248182994    0.248182728
   64.870841841    0.248182950    0.248182728
   64.892809617    0.248182846    0.248182726
   64.914777393    0.248182712    0.248182724
   64.936745168    0.248182583    0.248182722
   64.958712944    0.248182494    0.248182720
   64.980680720    0.248182467    0.248182720
   65.002648496    0.248182511    0.248182721
   65.024616271    0.248182613    0.248182723
   65.046584047    0.248182747    0.248182725
   65.068551823    0.248182877    0.248182727
   65.090519599    0.248182968    0.248182729
   65.112487374    0.248182995    0.248182729
   65.134455150    0.248182953    0.248182729
   65.156422926    0.248182852    0.248182727
   65.178390702    0.248182718    0.248182725
   65.200358478    0.248182588    0.248182723
   65.222326253    0.248182497    0.248182721
   65.244294029    0.248182468    0.248182721
   65.266261805    0.248182509    0.248182721
   65.288229581    0.248182610    0.248182723
   65.310197356    0.248182743    0.248182726
   65.332165132    0.248182873    0.248182728
   65.354132908    0.248182966    0.248182729
   65.376100684    0.248182996    0.248182730
   65.398068459    0.248182956    0.248182729
   65.420036235    0.248182856    0.248182728
   65.442004011    0.248182724    0.248182725
   65.463971787    0.248182593    0.248182723
   65.485939562    0.248182499    0.248182722
   65.507907338    0.248182468    0.248182721
   65.529875114    0.248182507    0.248182722
   65.551842890    0.248182606    0.248182723
   65.573810666    0.248182738    0.248182726
   65.595778441    0.248182869    0.248182728
   65.617746217    0.248182964    0.248182729
   65.639713993    0.248182996    0.248182730
   65.661681769    0.248182959    0.248182729
   65.683649544    0.248182861    0.248182728
   65.705617320    0.248182728    0.248182725
   65.727585096    0.248182597    0.248182723
   65.749552872    0.248182502    0.248182722
   65.771520647    0.248182468    0.248182721
   65.793488423    0.248182504    0.248182722
   65.815456199    0.248182601    0.248182723
   65.837423975    0.248182733    0.248182725
   65.859391751    0.248182865    0.248182728
   65.881359526    0.248182961    0.248182729
