[b9p12p6840][[13670,1],3][btl_tcp_proc.c:266:mca_btl_tcp_proc_create_interface_graph] Unable to find reachable pairing between local and remote interfaces
[b9p12p6840][[13670,1],3][btl_tcp_proc.c:266:mca_btl_tcp_proc_create_interface_graph] Unable to find reachable pairing between local and remote interfaces
[b9p12p6840][[13670,1],3][btl_tcp_proc.c:266:mca_btl_tcp_proc_create_interface_graph] Unable to find reachable pairing between local and remote interfaces
[b9p12p6840][[13670,1],13][btl_tcp_proc.c:266:mca_btl_tcp_proc_create_interface_graph] Unable to find reachable pairing between local and remote interfaces
[b9p12p6840][[13670,1],1][btl_tcp_proc.c:266:mca_btl_tcp_proc_create_interface_graph] Unable to find reachable pairing between local and remote interfaces
[b9p12p6840][[13670,1],3][btl_tcp_proc.c:266:mca_btl_tcp_proc_create_interface_graph] Unable to find reachable pairing between local and remote interfaces
[b9p12p6840][[13670,1],13][btl_tcp_proc.c:266:mca_btl_tcp_proc_create_interface_graph] Unable to find reachable pairing between local and remote interfaces
[b9p12p6840][[13670,1],3][btl_tcp_proc.c:266:mca_btl_tcp_proc_create_interface_graph] Unable to find reachable pairing between local and remote interfaces
[b9p12p6840][[13670,1],5][btl_tcp_proc.c:266:mca_btl_tcp_proc_create_interface_graph] Unable to find reachable pairing between local and remote interfaces
[b9p12p6840][[13670,1],1][btl_tcp_proc.c:266:mca_btl_tcp_proc_create_interface_graph] Unable to find reachable pairing between local and remote interfaces
[b9p12p6840][[13670,1],13][btl_tcp_proc.c:266:mca_btl_tcp_proc_create_interface_graph] Unable to find reachable pairing between local and remote interfaces
[b9p12p6840][[13670,1],3][btl_tcp_proc.c:266:mca_btl_tcp_proc_create_interface_graph] Unable to find reachable pairing between local and remote interfaces
[b9p12p6840][[13670,1],4][btl_tcp_proc.c:266:mca_btl_tcp_proc_create_interface_graph] Unable to find reachable pairing between local and remote interfaces
[b9p12p6840][[13670,1],5][btl_tcp_proc.c:266:mca_btl_tcp_proc_create_interface_graph] Unable to find reachable pairing between local and remote interfaces
[b9p12p6840][[13670,1],0][btl_tcp_proc.c:266:mca_btl_tcp_proc_create_interface_graph] Unable to find reachable pairing between local and remote interfaces
[b9p12p6840][[13670,1],1][btl_tcp_proc.c:266:mca_btl_tcp_proc_create_interface_graph] Unable to find reachable pairing between local and remote interfaces
[b9p12p6840][[13670,1],3][btl_tcp_proc.c:266:mca_btl_tcp_proc_create_interface_graph] Unable to find reachable pairing between local and remote interfaces
[b9p12p6840][[13670,1],13][btl_tcp_proc.c:266:mca_btl_tcp_proc_create_interface_graph] Unable to find reachable pairing between local and remote interfaces
[b9p12p6840][[13670,1],3][btl_tcp_proc.c:266:mca_btl_tcp_proc_create_interface_graph] Unable to find reachable pairing between local and remote interfaces
[b9p12p6840][[13670,1],0][btl_tcp_proc.c:266:mca_btl_tcp_proc_create_interface_graph] Unable to find reachable pairing between local and remote interfaces
[b9p12p6840][[13670,1],4][btl_tcp_proc.c:266:mca_btl_tcp_proc_create_interface_graph] Unable to find reachable pairing between local and remote interfaces
[b9p12p6840][[13670,1],13][btl_tcp_proc.c:266:mca_btl_tcp_proc_create_interface_graph] Unable to find reachable pairing between local and remote interfaces
[b9p12p6840][[13670,1],5][btl_tcp_proc.c:266:mca_btl_tcp_proc_create_interface_graph] Unable to find reachable pairing between local and remote interfaces
[b9p12p6840][[13670,1],1][btl_tcp_proc.c:266:mca_btl_tcp_proc_create_interface_graph] Unable to find reachable pairing between local and remote interfaces
[b9p12p6840][[13670,1],3][btl_tcp_proc.c:266:mca_btl_tcp_proc_create_interface_graph] Unable to find reachable pairing between local and remote interfaces
[b9p12p6840][[13670,1],0][btl_tcp_proc.c:266:mca_btl_tcp_proc_create_interface_graph] Unable to find reachable pairing between local and remote interfaces
[b9p12p6840][[13670,1],13][btl_tcp_proc.c:266:mca_btl_tcp_proc_create_interface_graph] Unable to find reachable pairing between local and remote interfaces
[b9p12p6840][[13670,1],4][btl_tcp_proc.c:266:mca_btl_tcp_proc_create_interface_graph] Unable to find reachable pairing between local and remote interfaces
[b9p12p6840][[13670,1],3][btl_tcp_proc.c:266:mca_btl_tcp_proc_create_interface_graph] Unable to find reachable pairing between local and remote interfaces
[b9p12p6840][[13670,1],5][btl_tcp_proc.c:266:mca_btl_tcp_proc_create_interface_graph] Unable to find reachable pairing between local and remote interfaces
[b9p12p6840][[13670,1],13][btl_tcp_proc.c:266:mca_btl_tcp_proc_create_interface_graph] Unable to find reachable pairing between local and remote interfaces
[b9p12p6840][[13670,1],0][btl_tcp_proc.c:266:mca_btl_tcp_proc_create_interface_graph] Unable to find reachable pairing between local and remote interfaces
[b9p12p6840][[13670,1],3][btl_tcp_proc.c:266:mca_btl_tcp_proc_create_interface_graph] Unable to find reachable pairing between local and remote interfaces
[b9p12p6840][[13670,1],11][btl_tcp_proc.c:266:mca_btl_tcp_proc_create_interface_graph] Unable to find reachable pairing between local and remote interfaces
[b9p12p6840][[13670,1],4][btl_tcp_proc.c:266:mca_btl_tcp_proc_create_interface_graph] Unable to find reachable pairing between local and remote interfaces
[b9p12p6840][[13670,1],1][btl_tcp_proc.c:266:mca_btl_tcp_proc_create_interface_graph] Unable to find reachable pairing between local and remote interfaces
[b9p12p6840][[13670,1],5][btl_tcp_proc.c:266:mca_btl_tcp_proc_create_interface_graph] Unable to find reachable pairing between local and remote interfaces
[b9p12p6840][[13670,1],13][btl_tcp_proc.c:266:mca_btl_tcp_proc_create_interface_graph] Unable to find reachable pairing between local and remote interfaces
[b9p12p6840][[13670,1],3][btl_tcp_proc.c:266:mca_btl_tcp_proc_create_interface_graph] Unable to find reachable pairing between local and remote interfaces
[b9p12p6840][[13670,1],0][btl_tcp_proc.c:266:mca_btl_tcp_proc_create_interface_graph] Unable to find reachable pairing between local and remote interfaces
[b9p12p6840][[13670,1],4][btl_tcp_proc.c:266:mca_btl_tcp_proc_create_interface_graph] Unable to find reachable pairing between local and remote interfaces
[b9p12p6840][[13670,1],11][btl_tcp_proc.c:266:mca_btl_tcp_proc_create_interface_graph] Unable to find reachable pairing between local and remote interfaces
[b9p12p6840][[13670,1],5][btl_tcp_proc.c:266:mca_btl_tcp_proc_create_interface_graph] Unable to find reachable pairing between local and remote interfaces
[b9p12p6840][[13670,1],3][btl_tcp_proc.c:266:mca_btl_tcp_proc_create_interface_graph] Unable to find reachable pairing between local and remote interfaces
[b9p12p6840][[13670,1],13][btl_tcp_proc.c:266:mca_btl_tcp_proc_create_interface_graph] Unable to find reachable pairing between local and remote interfaces
[b9p12p6840][[13670,1],0][btl_tcp_proc.c:266:mca_btl_tcp_proc_create_interface_graph] Unable to find reachable pairing between local and remote interfaces
[b9p12p6840][[13670,1],4][btl_tcp_proc.c:266:mca_btl_tcp_proc_create_interface_graph] Unable to find reachable pairing between local and remote interfaces
[b9p12p6840][[13670,1],3][btl_tcp_proc.c:266:mca_btl_tcp_proc_create_interface_graph] Unable to find reachable pairing between local and remote interfaces
[b9p12p6840][[13670,1],1][btl_tcp_proc.c:266:mca_btl_tcp_proc_create_interface_graph] Unable to find reachable pairing between local and remote interfaces
[b9p12p6840][[13670,1],11][btl_tcp_proc.c:266:mca_btl_tcp_proc_create_interface_graph] Unable to find reachable pairing between local and remote interfaces
[b9p12p6840][[13670,1],5][btl_tcp_proc.c:266:mca_btl_tcp_proc_create_interface_graph] Unable to find reachable pairing between local and remote interfaces
[b9p12p6840][[13670,1],13][btl_tcp_proc.c:266:mca_btl_tcp_proc_create_interface_graph] Unable to find reachable pairing between local and remote interfaces
[b9p12p6840][[13670,1],0][btl_tcp_proc.c:266:mca_btl_tcp_proc_create_interface_graph] Unable to find reachable pairing between local and remote interfaces
[b9p12p6840][[13670,1],3][btl_tcp_proc.c:266:mca_btl_tcp_proc_create_interface_graph] Unable to find reachable pairing between local and remote interfaces
[b9p12p6840][[13670,1],2][btl_tcp_proc.c:266:mca_btl_tcp_proc_create_interface_graph] Unable to find reachable pairing between local and remote interfaces
[b9p12p6840][[13670,1],4][btl_tcp_proc.c:266:mca_btl_tcp_proc_create_interface_graph] Unable to find reachable pairing between local and remote interfaces
[b9p12p6840][[13670,1],11][btl_tcp_proc.c:266:mca_btl_tcp_proc_create_interface_graph] Unable to find reachable pairing between local and remote interfaces
[b9p12p6840][[13670,1],5][btl_tcp_proc.c:266:mca_btl_tcp_proc_create_interface_graph] Unable to find reachable pairing between local and remote interfaces
[b9p12p6840][[13670,1],13][btl_tcp_proc.c:266:mca_btl_tcp_proc_create_interface_graph] Unable to find reachable pairing between local and remote interfaces
[b9p12p6840][[13670,1],8][btl_tcp_proc.c:266:mca_btl_tcp_proc_create_interface_graph] Unable to find reachable pairing between local and remote interfaces
[b9p12p6840][[13670,1],0][btl_tcp_proc.c:266:mca_btl_tcp_proc_create_interface_graph] Unable to find reachable pairing between local and remote interfaces
[b9p12p6840][[13670,1],1][btl_tcp_proc.c:266:mca_btl_tcp_proc_create_interface_graph] Unable to find reachable pairing between local and remote interfaces
[b9p12p6840][[13670,1],4][btl_tcp_proc.c:266:mca_btl_tcp_proc_create_interface_graph] Unable to find reachable pairing between local and remote interfaces
[b9p12p6840][[13670,1],11][btl_tcp_proc.c:266:mca_btl_tcp_proc_create_interface_graph] Unable to find reachable pairing between local and remote interfaces
[b9p12p6840][[13670,1],2][btl_tcp_proc.c:266:mca_btl_tcp_proc_create_interface_graph] Unable to find reachable pairing between local and remote interfaces
[b9p12p6840][[13670,1],5][btl_tcp_proc.c:266:mca_btl_tcp_proc_create_interface_graph] Unable to find reachable pairing between local and remote interfaces
[b9p12p6840][[13670,1],13][btl_tcp_proc.c:266:mca_btl_tcp_proc_create_interface_graph] Unable to find reachable pairing between local and remote interfaces
[b9p12p6840][[13670,1],0][btl_tcp_proc.c:266:mca_btl_tcp_proc_create_interface_graph] Unable to find reachable pairing between local and remote interfaces
[b9p12p6840][[13670,1],8][btl_tcp_proc.c:266:mca_btl_tcp_proc_create_interface_graph] Unable to find reachable pairing between local and remote interfaces
[b9p12p6840][[13670,1],1][btl_tcp_proc.c:266:mca_btl_tcp_proc_create_interface_graph] Unable to find reachable pairing between local and remote interfaces
[b9p12p6840][[13670,1],11][btl_tcp_proc.c:266:mca_btl_tcp_proc_create_interface_graph] Unable to find reachable pairing between local and remote interfaces
[b9p12p6840][[13670,1],4][btl_tcp_proc.c:266:mca_btl_tcp_proc_create_interface_graph] Unable to find reachable pairing between local and remote interfaces
[b9p12p6840][[13670,1],5][btl_tcp_proc.c:266:mca_btl_tcp_proc_create_interface_graph] Unable to find reachable pairing between local and remote interfaces
[b9p12p6840][[13670,1],13][btl_tcp_proc.c:266:mca_btl_tcp_proc_create_interface_graph] Unable to find reachable pairing between local and remote interfaces
[b9p12p6840][[13670,1],2][btl_tcp_proc.c:266:mca_btl_tcp_proc_create_interface_graph] Unable to find reachable pairing between local and remote interfaces
[b9p12p6840][[13670,1],0][btl_tcp_proc.c:266:mca_btl_tcp_proc_create_interface_graph] Unable to find reachable pairing between local and remote interfaces
[b9p12p6840][[13670,1],7][btl_tcp_proc.c:266:mca_btl_tcp_proc_create_interface_graph] Unable to find reachable pairing between local and remote interfaces
[b9p12p6840][[13670,1],9][btl_tcp_proc.c:266:mca_btl_tcp_proc_create_interface_graph] Unable to find reachable pairing between local and remote interfaces
[b9p12p6840][[13670,1],11][btl_tcp_proc.c:266:mca_btl_tcp_proc_create_interface_graph] Unable to find reachable pairing between local and remote interfaces
[b9p12p6840][[13670,1],8][btl_tcp_proc.c:266:mca_btl_tcp_proc_create_interface_graph] Unable to find reachable pairing between local and remote interfaces
[b9p12p6840][[13670,1],4][btl_tcp_proc.c:266:mca_btl_tcp_proc_create_interface_graph] Unable to find reachable pairing between local and remote interfaces
[b9p12p6840][[13670,1],1][btl_tcp_proc.c:266:mca_btl_tcp_proc_create_interface_graph] Unable to find reachable pairing between local and remote interfaces
[b9p12p6840][[13670,1],5][btl_tcp_proc.c:266:mca_btl_tcp_proc_create_interface_graph] Unable to find reachable pairing between local and remote interfaces
[b9p12p6840][[13670,1],13][btl_tcp_proc.c:266:mca_btl_tcp_proc_create_interface_graph] Unable to find reachable pairing between local and remote interfaces
[b9p12p6840][[13670,1],0][btl_tcp_proc.c:266:mca_btl_tcp_proc_create_interface_graph] Unable to find reachable pairing between local and remote interfaces
[b9p12p6840][[13670,1],2][btl_tcp_proc.c:266:mca_btl_tcp_proc_create_interface_graph] Unable to find reachable pairing between local and remote interfaces
[b9p12p6840][[13670,1],11][btl_tcp_proc.c:266:mca_btl_tcp_proc_create_interface_graph] Unable to find reachable pairing between local and remote interfaces
[b9p12p6840][[13670,1],9][btl_tcp_proc.c:266:mca_btl_tcp_proc_create_interface_graph] Unable to find reachable pairing between local and remote interfaces
[b9p12p6840][[13670,1],7][btl_tcp_proc.c:266:mca_btl_tcp_proc_create_interface_graph] Unable to find reachable pairing between local and remote interfaces
[b9p12p6840][[13670,1],8][btl_tcp_proc.c:266:mca_btl_tcp_proc_create_interface_graph] Unable to find reachable pairing between local and remote interfaces
[b9p12p6840][[13670,1],4][btl_tcp_proc.c:266:mca_btl_tcp_proc_create_interface_graph] Unable to find reachable pairing between local and remote interfaces
[b9p12p6840][[13670,1],5][btl_tcp_proc.c:266:mca_btl_tcp_proc_create_interface_graph] Unable to find reachable pairing between local and remote interfaces
[b9p12p6840][[13670,1],13][btl_tcp_proc.c:266:mca_btl_tcp_proc_create_interface_graph] Unable to find reachable pairing between local and remote interfaces
[b9p12p6840][[13670,1],0][btl_tcp_proc.c:266:mca_btl_tcp_proc_create_interface_graph] Unable to find reachable pairing between local and remote interfaces
[b9p12p6840][[13670,1],1][btl_tcp_proc.c:266:mca_btl_tcp_proc_create_interface_graph] Unable to find reachable pairing between local and remote interfaces
[b9p12p6840][[13670,1],2][btl_tcp_proc.c:266:mca_btl_tcp_proc_create_interface_graph] Unable to find reachable pairing between local and remote interfaces
[b9p12p6840][[13670,1],11][btl_tcp_proc.c:266:mca_btl_tcp_proc_create_interface_graph] Unable to find reachable pairing between local and remote interfaces
[b9p12p6840][[13670,1],12][btl_tcp_proc.c:266:mca_btl_tcp_proc_create_interface_graph] Unable to find reachable pairing between local and remote interfaces
[b9p12p6840][[13670,1],6][btl_tcp_proc.c:266:mca_btl_tcp_proc_create_interface_graph] Unable to find reachable pairing between local and remote interfaces
[b9p12p6840][[13670,1],9][btl_tcp_proc.c:266:mca_btl_tcp_proc_create_interface_graph] Unable to find reachable pairing between local and remote interfaces
[b9p12p6840][[13670,1],15][btl_tcp_proc.c:266:mca_btl_tcp_proc_create_interface_graph] Unable to find reachable pairing between local and remote interfaces
[b9p12p6840][[13670,1],4][btl_tcp_proc.c:266:mca_btl_tcp_proc_create_interface_graph] Unable to find reachable pairing between local and remote interfaces
[b9p12p6840][[13670,1],7][btl_tcp_proc.c:266:mca_btl_tcp_proc_create_interface_graph] Unable to find reachable pairing between local and remote interfaces
[b9p12p6840][[13670,1],5][btl_tcp_proc.c:266:mca_btl_tcp_proc_create_interface_graph] Unable to find reachable pairing between local and remote interfaces
[b9p12p6840][[13670,1],8][btl_tcp_proc.c:266:mca_btl_tcp_proc_create_interface_graph] Unable to find reachable pairing between local and remote interfaces
[b9p12p6840][[13670,1],0][btl_tcp_proc.c:266:mca_btl_tcp_proc_create_interface_graph] Unable to find reachable pairing between local and remote interfaces
[b9p12p6840][[13670,1],11][btl_tcp_proc.c:266:mca_btl_tcp_proc_create_interface_graph] Unable to find reachable pairing between local and remote interfaces
[b9p12p6840][[13670,1],2][btl_tcp_proc.c:266:mca_btl_tcp_proc_create_interface_graph] Unable to find reachable pairing between local and remote interfaces
[b9p12p6840][[13670,1],6][btl_tcp_proc.c:266:mca_btl_tcp_proc_create_interface_graph] Unable to find reachable pairing between local and remote interfaces
[b9p12p6840][[13670,1],12][btl_tcp_proc.c:266:mca_btl_tcp_proc_create_interface_graph] Unable to find reachable pairing between local and remote interfaces
[b9p12p6840][[13670,1],1][btl_tcp_proc.c:266:mca_btl_tcp_proc_create_interface_graph] Unable to find reachable pairing between local and remote interfaces
[b9p12p6840][[13670,1],9][btl_tcp_proc.c:266:mca_btl_tcp_proc_create_interface_graph] Unable to find reachable pairing between local and remote interfaces
[b9p12p6840][[13670,1],4][btl_tcp_proc.c:266:mca_btl_tcp_proc_create_interface_graph] Unable to find reachable pairing between local and remote interfaces
[b9p12p6840][[13670,1],5][btl_tcp_proc.c:266:mca_btl_tcp_proc_create_interface_graph] Unable to find reachable pairing between local and remote interfaces
[b9p12p6840][[13670,1],14][btl_tcp_proc.c:266:mca_btl_tcp_proc_create_interface_graph] Unable to find reachable pairing between local and remote interfaces
[b9p12p6840][[13670,1],7][btl_tcp_proc.c:266:mca_btl_tcp_proc_create_interface_graph] Unable to find reachable pairing between local and remote interfaces
[b9p12p6840][[13670,1],8][btl_tcp_proc.c:266:mca_btl_tcp_proc_create_interface_graph] Unable to find reachable pairing between local and remote interfaces
[b9p12p6840][[13670,1],15][btl_tcp_proc.c:266:mca_btl_tcp_proc_create_interface_graph] Unable to find reachable pairing between local and remote interfaces
[b9p12p6840][[13670,1],0][btl_tcp_proc.c:266:mca_btl_tcp_proc_create_interface_graph] Unable to find reachable pairing between local and remote interfaces
[b9p12p6840][[13670,1],11][btl_tcp_proc.c:266:mca_btl_tcp_proc_create_interface_graph] Unable to find reachable pairing between local and remote interfaces
[b9p12p6840][[13670,1],11][btl_tcp_proc.c:266:mca_btl_tcp_proc_create_interface_graph] Unable to find reachable pairing between local and remote interfaces[b9p12p6840][[13670,1],2][btl_tcp_proc.c:266:mca_btl_tcp_proc_create_interface_graph] Unable to find reachable pairing between local and remote interfaces
[b9p12p6840][[13670,1],6][btl_tcp_proc.c:266:mca_btl_tcp_proc_create_interface_graph] Unable to find reachable pairing between local and remote interfaces
[b9p12p6840][[13670,1],9][btl_tcp_proc.c:266:mca_btl_tcp_proc_create_interface_graph] Unable to find reachable pairing between local and remote interfaces
[b9p12p6840][[13670,1],12][btl_tcp_proc.c:266:mca_btl_tcp_proc_create_interface_graph] Unable to find reachable pairing between local and remote interfaces
[b9p12p6840][[13670,1],5][btl_tcp_proc.c:266:mca_btl_tcp_proc_create_interface_graph] Unable to find reachable pairing between local and remote interfaces
[b9p12p6840][[13670,1],4][btl_tcp_proc.c:266:mca_btl_tcp_proc_create_interface_graph] Unable to find reachable pairing between local and remote interfaces

[b9p12p6840][[13670,1],14][btl_tcp_proc.c:266:mca_btl_tcp_proc_create_interface_graph] Unable to find reachable pairing between local and remote interfaces
[b9p12p6840][[13670,1],0][btl_tcp_proc.c:266:mca_btl_tcp_proc_create_interface_graph] Unable to find reachable pairing between local and remote interfaces
[b9p12p6840][[13670,1],7][btl_tcp_proc.c:266:mca_btl_tcp_proc_create_interface_graph] Unable to find reachable pairing between local and remote interfaces
[b9p12p6840][[13670,1],1][btl_tcp_proc.c:266:mca_btl_tcp_proc_create_interface_graph] Unable to find reachable pairing between local and remote interfaces
[b9p12p6840][[13670,1],8][btl_tcp_proc.c:266:mca_btl_tcp_proc_create_interface_graph] Unable to find reachable pairing between local and remote interfaces
[b9p12p6840][[13670,1],15][btl_tcp_proc.c:266:mca_btl_tcp_proc_create_interface_graph] Unable to find reachable pairing between local and remote interfaces
[b9p12p6840][[13670,1],2][btl_tcp_proc.c:266:mca_btl_tcp_proc_create_interface_graph] Unable to find reachable pairing between local and remote interfaces
[b9p12p6840][[13670,1],2][btl_tcp_proc.c:266:mca_btl_tcp_proc_create_interface_graph] Unable to find reachable pairing between local and remote interfaces
[b9p12p6840][[13670,1],6][btl_tcp_proc.c:266:mca_btl_tcp_proc_create_interface_graph] Unable to find reachable pairing between local and remote interfaces
[b9p12p6840][[13670,1],6][btl_tcp_proc.c:266:mca_btl_tcp_proc_create_interface_graph] Unable to find reachable pairing between local and remote interfaces
[b9p12p6840][[13670,1],4][btl_tcp_proc.c:266:mca_btl_tcp_proc_create_interface_graph] Unable to find reachable pairing between local and remote interfaces
[b9p12p6840][[13670,1],9][btl_tcp_proc.c:266:mca_btl_tcp_proc_create_interface_graph] Unable to find reachable pairing between local and remote interfaces
[b9p12p6840][[13670,1],12][btl_tcp_proc.c:266:mca_btl_tcp_proc_create_interface_graph] Unable to find reachable pairing between local and remote interfaces
[b9p12p6840][[13670,1],11][btl_tcp_proc.c:266:mca_btl_tcp_proc_create_interface_graph] Unable to find reachable pairing between local and remote interfaces
[b9p12p6840][[13670,1],11][btl_tcp_proc.c:266:mca_btl_tcp_proc_create_interface_graph] Unable to find reachable pairing between local and remote interfaces
[b9p12p6840][[13670,1],10][btl_tcp_proc.c:266:mca_btl_tcp_proc_create_interface_graph] Unable to find reachable pairing between local and remote interfaces
[b9p12p6840][[13670,1],7][btl_tcp_proc.c:266:mca_btl_tcp_proc_create_interface_graph] Unable to find reachable pairing between local and remote interfaces
[b9p12p6840][[13670,1],8][btl_tcp_proc.c:266:mca_btl_tcp_proc_create_interface_graph] Unable to find reachable pairing between local and remote interfaces
[b9p12p6840][[13670,1],14][btl_tcp_proc.c:266:mca_btl_tcp_proc_create_interface_graph] Unable to find reachable pairing between local and remote interfaces
[b9p12p6840][[13670,1],1][btl_tcp_proc.c:266:mca_btl_tcp_proc_create_interface_graph] Unable to find reachable pairing between local and remote interfaces
[b9p12p6840][[13670,1],15][btl_tcp_proc.c:266:mca_btl_tcp_proc_create_interface_graph] Unable to find reachable pairing between local and remote interfaces
[b9p12p6840][[13670,1],9][btl_tcp_proc.c:266:mca_btl_tcp_proc_create_interface_graph] Unable to find reachable pairing between local and remote interfaces
[b9p12p6840][[13670,1],12][btl_tcp_proc.c:266:mca_btl_tcp_proc_create_interface_graph] Unable to find reachable pairing between local and remote interfaces
[b9p12p6840][[13670,1],10][btl_tcp_proc.c:266:mca_btl_tcp_proc_create_interface_graph] Unable to find reachable pairing between local and remote interfaces
[b9p12p6840][[13670,1],7][btl_tcp_proc.c:266:mca_btl_tcp_proc_create_interface_graph] Unable to find reachable pairing between local and remote interfaces
[b9p12p6840][[13670,1],8][btl_tcp_proc.c:266:mca_btl_tcp_proc_create_interface_graph] Unable to find reachable pairing between local and remote interfaces
[b9p12p6840][[13670,1],2][btl_tcp_proc.c:266:mca_btl_tcp_proc_create_interface_graph] Unable to find reachable pairing between local and remote interfaces
[b9p12p6840][[13670,1],6][btl_tcp_proc.c:266:mca_btl_tcp_proc_create_interface_graph] Unable to find reachable pairing between local and remote interfaces
[b9p12p6840][[13670,1],1][btl_tcp_proc.c:266:mca_btl_tcp_proc_create_interface_graph] Unable to find reachable pairing between local and remote interfaces
[b9p12p6840][[13670,1],14][btl_tcp_proc.c:266:mca_btl_tcp_proc_create_interface_graph] Unable to find reachable pairing between local and remote interfaces
[b9p12p6840][[13670,1],11][btl_tcp_proc.c:266:mca_btl_tcp_proc_create_interface_graph] Unable to find reachable pairing between local and remote interfaces
[b9p12p6840][[13670,1],9][btl_tcp_proc.c:266:mca_btl_tcp_proc_create_interface_graph] Unable to find reachable pairing between local and remote interfaces
[b9p12p6840][[13670,1],15][btl_tcp_proc.c:266:mca_btl_tcp_proc_create_interface_graph] Unable to find reachable pairing between local and remote interfaces
[b9p12p6840][[13670,1],12][btl_tcp_proc.c:266:mca_btl_tcp_proc_create_interface_graph] Unable to find reachable pairing between local and remote interfaces
[b9p12p6840][[13670,1],10][btl_tcp_proc.c:266:mca_btl_tcp_proc_create_interface_graph] Unable to find reachable pairing between local and remote interfaces
[b9p12p6840][[13670,1],6][btl_tcp_proc.c:266:mca_btl_tcp_proc_create_interface_graph] Unable to find reachable pairing between local and remote interfaces
[b9p12p6840][[13670,1],7][btl_tcp_proc.c:266:mca_btl_tcp_proc_create_interface_graph] Unable to find reachable pairing between local and remote interfaces
[b9p12p6840][[13670,1],2][btl_tcp_proc.c:266:mca_btl_tcp_proc_create_interface_graph] Unable to find reachable pairing between local and remote interfaces
[b9p12p6840][[13670,1],8][btl_tcp_proc.c:266:mca_btl_tcp_proc_create_interface_graph] Unable to find reachable pairing between local and remote interfaces
[b9p12p6840][[13670,1],1][btl_tcp_proc.c:266:mca_btl_tcp_proc_create_interface_graph] Unable to find reachable pairing between local and remote interfaces
[b9p12p6840][[13670,1],14][btl_tcp_proc.c:266:mca_btl_tcp_proc_create_interface_graph] Unable to find reachable pairing between local and remote interfaces
[b9p12p6840][[13670,1],15][btl_tcp_proc.c:266:mca_btl_tcp_proc_create_interface_graph] Unable to find reachable pairing between local and remote interfaces
[b9p12p6840][[13670,1],12][btl_tcp_proc.c:266:mca_btl_tcp_proc_create_interface_graph] Unable to find reachable pairing between local and remote interfaces
[b9p12p6840][[13670,1],9][btl_tcp_proc.c:266:mca_btl_tcp_proc_create_interface_graph] Unable to find reachable pairing between local and remote interfaces
[b9p12p6840][[13670,1],6][btl_tcp_proc.c:266:mca_btl_tcp_proc_create_interface_graph] Unable to find reachable pairing between local and remote interfaces
[b9p12p6840][[13670,1],2][btl_tcp_proc.c:266:mca_btl_tcp_proc_create_interface_graph] Unable to find reachable pairing between local and remote interfaces
[b9p12p6840][[13670,1],7][btl_tcp_proc.c:266:mca_btl_tcp_proc_create_interface_graph] Unable to find reachable pairing between local and remote interfaces
[b9p12p6840][[13670,1],10][btl_tcp_proc.c:266:mca_btl_tcp_proc_create_interface_graph] Unable to find reachable pairing between local and remote interfaces
[b9p12p6840][[13670,1],8][btl_tcp_proc.c:266:mca_btl_tcp_proc_create_interface_graph] Unable to find reachable pairing between local and remote interfaces
[b9p12p6840][[13670,1],14][btl_tcp_proc.c:266:mca_btl_tcp_proc_create_interface_graph] Unable to find reachable pairing between local and remote interfaces
[b9p12p6840][[13670,1],12][btl_tcp_proc.c:266:mca_btl_tcp_proc_create_interface_graph] Unable to find reachable pairing between local and remote interfaces
[b9p12p6840][[13670,1],6][btl_tcp_proc.c:266:mca_btl_tcp_proc_create_interface_graph] Unable to find reachable pairing between local and remote interfaces
[b9p12p6840][[13670,1],15][btl_tcp_proc.c:266:mca_btl_tcp_proc_create_interface_graph] Unable to find reachable pairing between local and remote interfaces
[b9p12p6840][[13670,1],2][btl_tcp_proc.c:266:mca_btl_tcp_proc_create_interface_graph] Unable to find reachable pairing between local and remote interfaces
[b9p12p6840][[13670,1],7][btl_tcp_proc.c:266:mca_btl_tcp_proc_create_interface_graph] Unable to find reachable pairing between local and remote interfaces
[b9p12p6840][[13670,1],9][btl_tcp_proc.c:266:mca_btl_tcp_proc_create_interface_graph] Unable to find reachable pairing between local and remote interfaces
[b9p12p6840][[13670,1],10][btl_tcp_proc.c:266:mca_btl_tcp_proc_create_interface_graph] Unable to find reachable pairing between local and remote interfaces
[b9p12p6840][[13670,1],8][btl_tcp_proc.c:266:mca_btl_tcp_proc_create_interface_graph] Unable to find reachable pairing between local and remote interfaces
[b9p12p6840][[13670,1],6][btl_tcp_proc.c:266:mca_btl_tcp_proc_create_interface_graph] Unable to find reachable pairing between local and remote interfaces
[b9p12p6840][[13670,1],12][btl_tcp_proc.c:266:mca_btl_tcp_proc_create_interface_graph] Unable to find reachable pairing between local and remote interfaces
[b9p12p6840][[13670,1],14][btl_tcp_proc.c:266:mca_btl_tcp_proc_create_interface_graph] Unable to find reachable pairing between local and remote interfaces
[b9p12p6840][[13670,1],2][btl_tcp_proc.c:266:mca_btl_tcp_proc_create_interface_graph] Unable to find reachable pairing between local and remote interfaces
[b9p12p6840][[13670,1],15][btl_tcp_proc.c:266:mca_btl_tcp_proc_create_interface_graph] Unable to find reachable pairing between local and remote interfaces
[b9p12p6840][[13670,1],7][btl_tcp_proc.c:266:mca_btl_tcp_proc_create_interface_graph] Unable to find reachable pairing between local and remote interfaces
[b9p12p6840][[13670,1],10][btl_tcp_proc.c:266:mca_btl_tcp_proc_create_interface_graph] Unable to find reachable pairing between local and remote interfaces
[b9p12p6840][[13670,1],8][btl_tcp_proc.c:266:mca_btl_tcp_proc_create_interface_graph] Unable to find reachable pairing between local and remote interfaces
[b9p12p6840][[13670,1],9][btl_tcp_proc.c:266:mca_btl_tcp_proc_create_interface_graph] Unable to find reachable pairing between local and remote interfaces
[b9p12p6840][[13670,1],12][btl_tcp_proc.c:266:mca_btl_tcp_proc_create_interface_graph] Unable to find reachable pairing between local and remote interfaces
[b9p12p6840][[13670,1],2][btl_tcp_proc.c:266:mca_btl_tcp_proc_create_interface_graph] Unable to find reachable pairing between local and remote interfaces
[b9p12p6840][[13670,1],6][btl_tcp_proc.c:266:mca_btl_tcp_proc_create_interface_graph] Unable to find reachable pairing between local and remote interfaces
[b9p12p6840][[13670,1],14][btl_tcp_proc.c:266:mca_btl_tcp_proc_create_interface_graph] Unable to find reachable pairing between local and remote interfaces
[b9p12p6840][[13670,1],7][btl_tcp_proc.c:266:mca_btl_tcp_proc_create_interface_graph] Unable to find reachable pairing between local and remote interfaces
[b9p12p6840][[13670,1],15][btl_tcp_proc.c:266:mca_btl_tcp_proc_create_interface_graph] Unable to find reachable pairing between local and remote interfaces
[b9p12p6840][[13670,1],8][btl_tcp_proc.c:266:mca_btl_tcp_proc_create_interface_graph] Unable to find reachable pairing between local and remote interfaces
[b9p12p6840][[13670,1],10][btl_tcp_proc.c:266:mca_btl_tcp_proc_create_interface_graph] Unable to find reachable pairing between local and remote interfaces
[b9p12p6840][[13670,1],9][btl_tcp_proc.c:266:mca_btl_tcp_proc_create_interface_graph] Unable to find reachable pairing between local and remote interfaces
[b9p12p6840][[13670,1],6][btl_tcp_proc.c:266:mca_btl_tcp_proc_create_interface_graph] Unable to find reachable pairing between local and remote interfaces
[b9p12p6840][[13670,1],12][btl_tcp_proc.c:266:mca_btl_tcp_proc_create_interface_graph] Unable to find reachable pairing between local and remote interfaces
[b9p12p6840][[13670,1],14][btl_tcp_proc.c:266:mca_btl_tcp_proc_create_interface_graph] Unable to find reachable pairing between local and remote interfaces
[b9p12p6840][[13670,1],7][btl_tcp_proc.c:266:mca_btl_tcp_proc_create_interface_graph] Unable to find reachable pairing between local and remote interfaces
[b9p12p6840][[13670,1],10][btl_tcp_proc.c:266:mca_btl_tcp_proc_create_interface_graph] Unable to find reachable pairing between local and remote interfaces
[b9p12p6840][[13670,1],15][btl_tcp_proc.c:266:mca_btl_tcp_proc_create_interface_graph] Unable to find reachable pairing between local and remote interfaces
[b9p12p6840][[13670,1],8][btl_tcp_proc.c:266:mca_btl_tcp_proc_create_interface_graph] Unable to find reachable pairing between local and remote interfaces
[b9p12p6840][[13670,1],9][btl_tcp_proc.c:266:mca_btl_tcp_proc_create_interface_graph] Unable to find reachable pairing between local and remote interfaces
[b9p12p6840][[13670,1],6][btl_tcp_proc.c:266:mca_btl_tcp_proc_create_interface_graph] Unable to find reachable pairing between local and remote interfaces
[b9p12p6840][[13670,1],12][btl_tcp_proc.c:266:mca_btl_tcp_proc_create_interface_graph] Unable to find reachable pairing between local and remote interfaces
[b9p12p6840][[13670,1],14][btl_tcp_proc.c:266:mca_btl_tcp_proc_create_interface_graph] Unable to find reachable pairing between local and remote interfaces
[b9p12p6840][[13670,1],7][btl_tcp_proc.c:266:mca_btl_tcp_proc_create_interface_graph] Unable to find reachable pairing between local and remote interfaces
[b9p12p6840][[13670,1],10][btl_tcp_proc.c:266:mca_btl_tcp_proc_create_interface_graph] Unable to find reachable pairing between local and remote interfaces
[b9p12p6840][[13670,1],15][btl_tcp_proc.c:266:mca_btl_tcp_proc_create_interface_graph] Unable to find reachable pairing between local and remote interfaces
[b9p12p6840][[13670,1],9][btl_tcp_proc.c:266:mca_btl_tcp_proc_create_interface_graph] Unable to find reachable pairing between local and remote interfaces
[b9p12p6840][[13670,1],6][btl_tcp_proc.c:266:mca_btl_tcp_proc_create_interface_graph] Unable to find reachable pairing between local and remote interfaces
[b9p12p6840][[13670,1],12][btl_tcp_proc.c:266:mca_btl_tcp_proc_create_interface_graph] Unable to find reachable pairing between local and remote interfaces
[b9p12p6840][[13670,1],7][btl_tcp_proc.c:266:mca_btl_tcp_proc_create_interface_graph] Unable to find reachable pairing between local and remote interfaces
[b9p12p6840][[13670,1],10][btl_tcp_proc.c:266:mca_btl_tcp_proc_create_interface_graph] Unable to find reachable pairing between local and remote interfaces
[b9p12p6840][[13670,1],14][btl_tcp_proc.c:266:mca_btl_tcp_proc_create_interface_graph] Unable to find reachable pairing between local and remote interfaces
[b9p12p6840][[13670,1],6][btl_tcp_proc.c:266:mca_btl_tcp_proc_create_interface_graph] Unable to find reachable pairing between local and remote interfaces
[b9p12p6840][[13670,1],15][btl_tcp_proc.c:266:mca_btl_tcp_proc_create_interface_graph] Unable to find reachable pairing between local and remote interfaces
[b9p12p6840][[13670,1],9][btl_tcp_proc.c:266:mca_btl_tcp_proc_create_interface_graph] Unable to find reachable pairing between local and remote interfaces
[b9p12p6840][[13670,1],12][btl_tcp_proc.c:266:mca_btl_tcp_proc_create_interface_graph] Unable to find reachable pairing between local and remote interfaces
[b9p12p6840][[13670,1],10][btl_tcp_proc.c:266:mca_btl_tcp_proc_create_interface_graph] Unable to find reachable pairing between local and remote interfaces
[b9p12p6840][[13670,1],15][btl_tcp_proc.c:266:mca_btl_tcp_proc_create_interface_graph] Unable to find reachable pairing between local and remote interfaces
[b9p12p6840][[13670,1],14][btl_tcp_proc.c:266:mca_btl_tcp_proc_create_interface_graph] Unable to find reachable pairing between local and remote interfaces
[b9p12p6840][[13670,1],12][btl_tcp_proc.c:266:mca_btl_tcp_proc_create_interface_graph] Unable to find reachable pairing between local and remote interfaces
[b9p12p6840][[13670,1],10][btl_tcp_proc.c:266:mca_btl_tcp_proc_create_interface_graph] Unable to find reachable pairing between local and remote interfaces
[b9p12p6840][[13670,1],15][btl_tcp_proc.c:266:mca_btl_tcp_proc_create_interface_graph] Unable to find reachable pairing between local and remote interfaces
[b9p12p6840][[13670,1],14][btl_tcp_proc.c:266:mca_btl_tcp_proc_create_interface_graph] Unable to find reachable pairing between local and remote interfaces
[b9p12p6840][[13670,1],10][btl_tcp_proc.c:266:mca_btl_tcp_proc_create_interface_graph] Unable to find reachable pairing between local and remote interfaces
[b9p12p6840][[13670,1],15][btl_tcp_proc.c:266:mca_btl_tcp_proc_create_interface_graph] Unable to find reachable pairing between local and remote interfaces
[b9p12p6840][[13670,1],14][btl_tcp_proc.c:266:mca_btl_tcp_proc_create_interface_graph] Unable to find reachable pairing between local and remote interfaces
[b9p12p6840][[13670,1],10][btl_tcp_proc.c:266:mca_btl_tcp_proc_create_interface_graph] Unable to find reachable pairing between local and remote interfaces
[b9p12p6840][[13670,1],14][btl_tcp_proc.c:266:mca_btl_tcp_proc_create_interface_graph] Unable to find reachable pairing between local and remote interfaces
[b9p12p6840][[13670,1],10][btl_tcp_proc.c:266:mca_btl_tcp_proc_create_interface_graph] Unable to find reachable pairing between local and remote interfaces

     Program PWSCF v.7.5 starts on 27Sep2026 at 12: 3:31 

     This program is part of the open-source Quantum ESPRESSO suite
     for quantum simulation of materials; please cite
         "P. Giannozzi et al., J. Phys.:Condens. Matter 21 395502 (2009);
         "P. Giannozzi et al., J. Phys.:Condens. Matter 29 465901 (2017);
         "P. Giannozzi et al., J. Chem. Phys. 152 154105 (2020);
          URL http://www.quantum-espresso.org", 
     in publications or presentations arising from this work. More details at
     http://www.quantum-espresso.org/quote

     Parallel version (MPI & OpenMP), running on      16 processor cores
     Number of MPI processes:                16
     Threads/MPI process:                     1

     MPI processes distributed on     1 nodes
     146687 MiB available memory on the printing compute node when the environment starts

     Reading input from bands.in

     Current dimensions of program PWSCF are:
     Max number of different atomic species (ntypx) = 10
     Max number of k-points (npk) =  40000
     Max angular momentum in pseudopotentials (lmaxx) =  4
     file In.pbe-dn-kjpaw_psl.1.0.0.UPF: wavefunction(s)  5S 5P 4D renormalized
     file O.pbe-n-kjpaw_psl.1.0.0.UPF: wavefunction(s)  2S 2P renormalized
     file H.pbe-kjpaw_psl.1.0.0.UPF: wavefunction(s)  1S renormalized

     Atomic positions and unit cell read from directory:
     ./tmp/slab.save/

     Message from routine setup:
     using ibrav=0 with symmetry is DISCOURAGED, use correct ibrav instead

     K-points division:     npool     =       4
     R & G space division:  proc/nbgrp/npool/nimage =       4
     Subspace diagonalization in iterative solution of the eigenvalue problem:
     one sub-group per band group will be used
     ELPA distributed-memory algorithm (size of sub-group:  2*  2 procs)


     Parallelization info
     --------------------
     sticks:   dense  smooth     PW     G-vecs:    dense   smooth      PW
     Min        4285    2144    546              1018899   360290   46334
     Max        4286    2145    547              1018910   360299   46341
     Sum       17141    8577   2185              4075609  1441173  185343

     Using Slab Decomposition



     bravais-lattice index     =            0
     lattice parameter (alat)  =      19.4757  a.u.
     unit-cell volume          =   17829.5146 (a.u.)^3
     number of atoms/cell      =           96
     number of atomic types    =            3
     number of electrons       =       624.00
     number of Kohn-Sham states=          328
     kinetic-energy cutoff     =      71.0000  Ry
     charge density cutoff     =     568.0000  Ry
     Exchange-correlation= SLA  PW   PBX  PBC
                           (   1   4   3   4   0   0   0)

     celldm(1)=  19.475688  celldm(2)=   0.000000  celldm(3)=   0.000000
     celldm(4)=   0.000000  celldm(5)=   0.000000  celldm(6)=   0.000000

     crystal axes: (cart. coord. in units of alat)
               a(1) = (   1.000000   0.000000   0.000000 )  
               a(2) = (   0.000000   1.000000   0.000000 )  
               a(3) = (   0.000000   0.000000   2.413577 )  

     reciprocal axes: (cart. coord. in units 2 pi/alat)
               b(1) = (  1.000000  0.000000  0.000000 )  
               b(2) = (  0.000000  1.000000  0.000000 )  
               b(3) = (  0.000000  0.000000  0.414323 )  


     PseudoPot. # 1 for In read from file:
     ./In.pbe-dn-kjpaw_psl.1.0.0.UPF
     MD5 check sum: 235b15e6a7fdfd96486e0ecdcb5b12c6
     Pseudo is Projector augmented-wave + core cor, Zval = 13.0
     Generated using &quot;atomic&quot; code by A. Dal Corso  v.6.3
     Shape of augmentation charge: PSQ
     Using radial grid of 1241 points,  6 beta functions with: 
                l(1) =   0
                l(2) =   0
                l(3) =   1
                l(4) =   1
                l(5) =   2
                l(6) =   2
     Q(r) pseudized with 0 coefficients 


     PseudoPot. # 2 for O  read from file:
     ./O.pbe-n-kjpaw_psl.1.0.0.UPF
     MD5 check sum: e99d9cef9b487d1ca56f5b95ecd0fd7a
     Pseudo is Projector augmented-wave + core cor, Zval =  6.0
     Generated using &quot;atomic&quot; code by A. Dal Corso  v.6.3
     Shape of augmentation charge: PSQ
     Using radial grid of 1095 points,  4 beta functions with: 
                l(1) =   0
                l(2) =   0
                l(3) =   1
                l(4) =   1
     Q(r) pseudized with 0 coefficients 


     PseudoPot. # 3 for H  read from file:
     ./H.pbe-kjpaw_psl.1.0.0.UPF
     MD5 check sum: d81a744832360e4a8af0b0b5b123bc2a
     Pseudo is Projector augmented-wave, Zval =  1.0
     Generated using &quot;atomic&quot; code by A. Dal Corso  v.6.3MaX
     Shape of augmentation charge: PSQ
     Using radial grid of  929 points,  2 beta functions with: 
                l(1) =   0
                l(2) =   0
     Q(r) pseudized with 0 coefficients 


     atomic species   valence    mass     pseudopotential
     In               13.00   114.81800     In( 1.00)
     O                 6.00    15.99900     O ( 1.00)
     H                 1.00     1.00800     H ( 1.00)

      8 Sym. Ops., with inversion, found ( 6 have fractional translation)


                                    s                        frac. trans.

      isym =  1     identity                                     

 cryst.   s( 1) = (     1          0          0      )
                  (     0          1          0      )
                  (     0          0          1      )

 cart.    s( 1) = (  1.0000000  0.0000000  0.0000000 )
                  (  0.0000000  1.0000000  0.0000000 )
                  (  0.0000000  0.0000000  1.0000000 )


      isym =  2     180 deg rotation - cart. axis [0,0,1]        

 cryst.   s( 2) = (    -1          0          0      )    f =(  0.0000000 )
                  (     0         -1          0      )       ( -0.5000000 )
                  (     0          0          1      )       (  0.0000000 )

 cart.    s( 2) = ( -1.0000000  0.0000000  0.0000000 )    f =(  0.0000000 )
                  (  0.0000000 -1.0000000  0.0000000 )       ( -0.5000000 )
                  (  0.0000000  0.0000000  1.0000000 )       (  0.0000000 )


      isym =  3     180 deg rotation - cart. axis [0,1,0]        

 cryst.   s( 3) = (    -1          0          0      )    f =( -0.5000000 )
                  (     0          1          0      )       (  0.0000000 )
                  (     0          0         -1      )       ( -0.0000000 )

 cart.    s( 3) = ( -1.0000000  0.0000000  0.0000000 )    f =( -0.5000000 )
                  (  0.0000000  1.0000000  0.0000000 )       (  0.0000000 )
                  (  0.0000000  0.0000000 -1.0000000 )       ( -0.0000000 )


      isym =  4     180 deg rotation - cart. axis [1,0,0]        

 cryst.   s( 4) = (     1          0          0      )    f =(  0.5000000 )
                  (     0         -1          0      )       ( -0.5000000 )
                  (     0          0         -1      )       ( -0.0000000 )

 cart.    s( 4) = (  1.0000000  0.0000000  0.0000000 )    f =(  0.5000000 )
                  (  0.0000000 -1.0000000  0.0000000 )       ( -0.5000000 )
                  (  0.0000000  0.0000000 -1.0000000 )       ( -0.0000000 )


      isym =  5     inversion                                    

 cryst.   s( 5) = (    -1          0          0      )
                  (     0         -1          0      )
                  (     0          0         -1      )

 cart.    s( 5) = ( -1.0000000  0.0000000  0.0000000 )
                  (  0.0000000 -1.0000000  0.0000000 )
                  (  0.0000000  0.0000000 -1.0000000 )


      isym =  6     inv. 180 deg rotation - cart. axis [0,0,1]   

 cryst.   s( 6) = (     1          0          0      )    f =(  0.0000000 )
                  (     0          1          0      )       (  0.5000000 )
                  (     0          0         -1      )       ( -0.0000000 )

 cart.    s( 6) = (  1.0000000  0.0000000  0.0000000 )    f =(  0.0000000 )
                  (  0.0000000  1.0000000  0.0000000 )       (  0.5000000 )
                  (  0.0000000  0.0000000 -1.0000000 )       ( -0.0000000 )


      isym =  7     inv. 180 deg rotation - cart. axis [0,1,0]   

 cryst.   s( 7) = (     1          0          0      )    f =(  0.5000000 )
                  (     0         -1          0      )       (  0.0000000 )
                  (     0          0          1      )       (  0.0000000 )

 cart.    s( 7) = (  1.0000000  0.0000000  0.0000000 )    f =(  0.5000000 )
                  (  0.0000000 -1.0000000  0.0000000 )       (  0.0000000 )
                  (  0.0000000  0.0000000  1.0000000 )       (  0.0000000 )


      isym =  8     inv. 180 deg rotation - cart. axis [1,0,0]   

 cryst.   s( 8) = (    -1          0          0      )    f =( -0.5000000 )
                  (     0          1          0      )       (  0.5000000 )
                  (     0          0          1      )       (  0.0000000 )

 cart.    s( 8) = ( -1.0000000  0.0000000  0.0000000 )    f =( -0.5000000 )
                  (  0.0000000  1.0000000  0.0000000 )       (  0.5000000 )
                  (  0.0000000  0.0000000  1.0000000 )       (  0.0000000 )


   Cartesian axes

     site n.     atom                  positions (alat units)
         1        In     tau(   1) = (   0.2500000   0.2500000   0.9567883  )
         2        In     tau(   2) = (   0.7500000   0.2500000   0.9567883  )
         3        In     tau(   3) = (   0.2500000   0.2500000   1.4567883  )
         4        In     tau(   4) = (   0.2500000   0.7500000   0.9567883  )
         5        In     tau(   5) = (   0.4661938   0.5000000   1.4567883  )
         6        In     tau(   6) = (   0.0338062   0.5000000   0.9567883  )
         7        In     tau(   7) = (   0.7500000   0.4661938   1.2067883  )
         8        In     tau(   8) = (   0.2500000   0.0338062   1.2067883  )
         9        In     tau(   9) = (   0.5000000   0.7500000   1.1729821  )
        10        In     tau(  10) = (   0.0338062   0.0000000   1.4567883  )
        11        In     tau(  11) = (   0.4661938   0.0000000   0.9567883  )
        12        In     tau(  12) = (   0.0000000   0.2500000   1.1729821  )
        13        O      tau(  13) = (   0.3897318   0.1544729   1.0891653  )
        14        O      tau(  14) = (   0.6102682   0.3455271   1.0891653  )
        15        O      tau(  15) = (   0.1102682   0.1544729   1.3244114  )
        16        O      tau(  16) = (   0.8897318   0.3455271   1.3244114  )
        17        O      tau(  17) = (   0.3823770   0.3897318   0.8612613  )
        18        O      tau(  18) = (   0.3823770   0.6102682   1.0523154  )
        19        O      tau(  19) = (   0.6176230   0.1102682   0.8612613  )
        20        O      tau(  20) = (   0.6176230   0.8897318   1.0523154  )
        21        O      tau(  21) = (   0.1544729   0.3823770   1.0965202  )
        22        O      tau(  22) = (   0.3455271   0.3823770   1.3170565  )
        23        O      tau(  23) = (   0.1544729   0.6176230   0.8170565  )
        24        O      tau(  24) = (   0.3455271   0.6176230   1.5965202  )
        25        O      tau(  25) = (   0.1102682   0.3455271   0.8244114  )
        26        O      tau(  26) = (   0.8897318   0.1544729   0.8244114  )
        27        O      tau(  27) = (   0.3897318   0.3455271   1.5891653  )
        28        O      tau(  28) = (   0.6102682   0.1544729   1.5891653  )
        29        O      tau(  29) = (   0.1176230   0.1102682   1.0523154  )
        30        O      tau(  30) = (   0.1176230   0.8897318   0.8612613  )
        31        O      tau(  31) = (   0.8823770   0.3897318   1.0523154  )
        32        O      tau(  32) = (   0.8823770   0.6102682   0.8612613  )
        33        O      tau(  33) = (   0.3455271   0.1176230   0.8170565  )
        34        O      tau(  34) = (   0.1544729   0.1176230   1.5965202  )
        35        O      tau(  35) = (   0.3455271   0.8823770   1.0965202  )
        36        O      tau(  36) = (   0.1544729   0.8823770   1.3170565  )
        37        In     tau(  37) = (   0.7500000   0.7500000   1.4567883  )
        38        In     tau(  38) = (   0.2500000   0.7500000   1.4567883  )
        39        In     tau(  39) = (   0.7500000   0.7500000   0.9567883  )
        40        In     tau(  40) = (   0.7500000   0.2500000   1.4567883  )
        41        In     tau(  41) = (   0.9661938   0.0000000   0.9567883  )
        42        In     tau(  42) = (   0.5338062   0.0000000   1.4567883  )
        43        In     tau(  43) = (   0.0000000   0.7500000   1.2405945  )
        44        In     tau(  44) = (   0.5338062   0.5000000   0.9567883  )
        45        In     tau(  45) = (   0.9661938   0.5000000   1.4567883  )
        46        In     tau(  46) = (   0.2500000   0.5338062   1.2067883  )
        47        In     tau(  47) = (   0.7500000   0.9661938   1.2067883  )
        48        In     tau(  48) = (   0.5000000   0.2500000   1.2405945  )
        49        O      tau(  49) = (   0.8897318   0.6544729   1.5891653  )
        50        O      tau(  50) = (   0.1102682   0.8455271   1.5891653  )
        51        O      tau(  51) = (   0.6102682   0.6544729   0.8244114  )
        52        O      tau(  52) = (   0.3897318   0.8455271   0.8244114  )
        53        O      tau(  53) = (   0.8823770   0.8897318   1.3612613  )
        54        O      tau(  54) = (   0.8823770   0.1102682   1.5523154  )
        55        O      tau(  55) = (   0.1176230   0.6102682   1.3612613  )
        56        O      tau(  56) = (   0.1176230   0.3897318   1.5523154  )
        57        O      tau(  57) = (   0.6544729   0.8823770   1.5965202  )
        58        O      tau(  58) = (   0.8455271   0.8823770   0.8170565  )
        59        O      tau(  59) = (   0.6544729   0.1176230   1.3170565  )
        60        O      tau(  60) = (   0.8455271   0.1176230   1.0965202  )
        61        O      tau(  61) = (   0.6102682   0.8455271   1.3244114  )
        62        O      tau(  62) = (   0.3897318   0.6544729   1.3244114  )
        63        O      tau(  63) = (   0.8897318   0.8455271   1.0891653  )
        64        O      tau(  64) = (   0.1102682   0.6544729   1.0891653  )
        65        O      tau(  65) = (   0.6176230   0.6102682   1.5523154  )
        66        O      tau(  66) = (   0.6176230   0.3897318   1.3612613  )
        67        O      tau(  67) = (   0.3823770   0.8897318   1.5523154  )
        68        O      tau(  68) = (   0.3823770   0.1102682   1.3612613  )
        69        O      tau(  69) = (   0.8455271   0.6176230   1.3170565  )
        70        O      tau(  70) = (   0.6544729   0.6176230   1.0965202  )
        71        O      tau(  71) = (   0.8455271   0.3823770   1.5965202  )
        72        O      tau(  72) = (   0.6544729   0.3823770   0.8170565  )
        73        H      tau(  73) = (   0.3774651   0.3686679   0.7696611  )
        74        H      tau(  74) = (   0.6225349   0.1313321   0.7696611  )
        75        H      tau(  75) = (   0.1262733   0.6085085   0.7277250  )
        76        H      tau(  76) = (   0.3737267   0.6085085   1.6858516  )
        77        H      tau(  77) = (   0.1204699   0.3542316   0.7312526  )
        78        H      tau(  78) = (   0.8795301   0.1457684   0.7312526  )
        79        H      tau(  79) = (   0.3795301   0.3542316   1.6823241  )
        80        H      tau(  80) = (   0.6204699   0.1457684   1.6823241  )
        81        H      tau(  81) = (   0.1225349   0.8686679   0.7696611  )
        82        H      tau(  82) = (   0.8774651   0.6313321   0.7696611  )
        83        H      tau(  83) = (   0.3737267   0.1085085   0.7277250  )
        84        H      tau(  84) = (   0.1262733   0.1085085   1.6858516  )
        85        H      tau(  85) = (   0.8795301   0.6457684   1.6823241  )
        86        H      tau(  86) = (   0.1204699   0.8542316   1.6823241  )
        87        H      tau(  87) = (   0.6204699   0.6457684   0.7312526  )
        88        H      tau(  88) = (   0.3795301   0.8542316   0.7312526  )
        89        H      tau(  89) = (   0.8774651   0.1313321   1.6439156  )
        90        H      tau(  90) = (   0.1225349   0.3686679   1.6439156  )
        91        H      tau(  91) = (   0.6262733   0.8914915   1.6858516  )
        92        H      tau(  92) = (   0.8737267   0.8914915   0.7277250  )
        93        H      tau(  93) = (   0.6225349   0.6313321   1.6439156  )
        94        H      tau(  94) = (   0.3774651   0.8686679   1.6439156  )
        95        H      tau(  95) = (   0.8737267   0.3914915   1.6858516  )
        96        H      tau(  96) = (   0.6262733   0.3914915   0.7277250  )

   Crystallographic axes

     site n.     atom                  positions (cryst. coord.)
         1        In     tau(   1) = (  0.2500000  0.2500000  0.3964193  )
         2        In     tau(   2) = (  0.7500000  0.2500000  0.3964193  )
         3        In     tau(   3) = (  0.2500000  0.2500000  0.6035807  )
         4        In     tau(   4) = (  0.2500000  0.7500000  0.3964193  )
         5        In     tau(   5) = (  0.4661938  0.5000000  0.6035807  )
         6        In     tau(   6) = (  0.0338062  0.5000000  0.3964193  )
         7        In     tau(   7) = (  0.7500000  0.4661938  0.5000000  )
         8        In     tau(   8) = (  0.2500000  0.0338062  0.5000000  )
         9        In     tau(   9) = (  0.5000000  0.7500000  0.4859933  )
        10        In     tau(  10) = (  0.0338062  0.0000000  0.6035807  )
        11        In     tau(  11) = (  0.4661938  0.0000000  0.3964193  )
        12        In     tau(  12) = (  0.0000000  0.2500000  0.4859933  )
        13        O      tau(  13) = (  0.3897318  0.1544729  0.4512661  )
        14        O      tau(  14) = (  0.6102682  0.3455271  0.4512661  )
        15        O      tau(  15) = (  0.1102682  0.1544729  0.5487339  )
        16        O      tau(  16) = (  0.8897318  0.3455271  0.5487339  )
        17        O      tau(  17) = (  0.3823770  0.3897318  0.3568402  )
        18        O      tau(  18) = (  0.3823770  0.6102682  0.4359983  )
        19        O      tau(  19) = (  0.6176230  0.1102682  0.3568402  )
        20        O      tau(  20) = (  0.6176230  0.8897318  0.4359983  )
        21        O      tau(  21) = (  0.1544729  0.3823770  0.4543134  )
        22        O      tau(  22) = (  0.3455271  0.3823770  0.5456866  )
        23        O      tau(  23) = (  0.1544729  0.6176230  0.3385252  )
        24        O      tau(  24) = (  0.3455271  0.6176230  0.6614748  )
        25        O      tau(  25) = (  0.1102682  0.3455271  0.3415725  )
        26        O      tau(  26) = (  0.8897318  0.1544729  0.3415725  )
        27        O      tau(  27) = (  0.3897318  0.3455271  0.6584275  )
        28        O      tau(  28) = (  0.6102682  0.1544729  0.6584275  )
        29        O      tau(  29) = (  0.1176230  0.1102682  0.4359983  )
        30        O      tau(  30) = (  0.1176230  0.8897318  0.3568402  )
        31        O      tau(  31) = (  0.8823770  0.3897318  0.4359983  )
        32        O      tau(  32) = (  0.8823770  0.6102682  0.3568402  )
        33        O      tau(  33) = (  0.3455271  0.1176230  0.3385252  )
        34        O      tau(  34) = (  0.1544729  0.1176230  0.6614748  )
        35        O      tau(  35) = (  0.3455271  0.8823770  0.4543134  )
        36        O      tau(  36) = (  0.1544729  0.8823770  0.5456866  )
        37        In     tau(  37) = (  0.7500000  0.7500000  0.6035807  )
        38        In     tau(  38) = (  0.2500000  0.7500000  0.6035807  )
        39        In     tau(  39) = (  0.7500000  0.7500000  0.3964193  )
        40        In     tau(  40) = (  0.7500000  0.2500000  0.6035807  )
        41        In     tau(  41) = (  0.9661938  0.0000000  0.3964193  )
        42        In     tau(  42) = (  0.5338062  0.0000000  0.6035807  )
        43        In     tau(  43) = (  0.0000000  0.7500000  0.5140067  )
        44        In     tau(  44) = (  0.5338062  0.5000000  0.3964193  )
        45        In     tau(  45) = (  0.9661938  0.5000000  0.6035807  )
        46        In     tau(  46) = (  0.2500000  0.5338062  0.5000000  )
        47        In     tau(  47) = (  0.7500000  0.9661938  0.5000000  )
        48        In     tau(  48) = (  0.5000000  0.2500000  0.5140067  )
        49        O      tau(  49) = (  0.8897318  0.6544729  0.6584275  )
        50        O      tau(  50) = (  0.1102682  0.8455271  0.6584275  )
        51        O      tau(  51) = (  0.6102682  0.6544729  0.3415725  )
        52        O      tau(  52) = (  0.3897318  0.8455271  0.3415725  )
        53        O      tau(  53) = (  0.8823770  0.8897318  0.5640017  )
        54        O      tau(  54) = (  0.8823770  0.1102682  0.6431598  )
        55        O      tau(  55) = (  0.1176230  0.6102682  0.5640017  )
        56        O      tau(  56) = (  0.1176230  0.3897318  0.6431598  )
        57        O      tau(  57) = (  0.6544729  0.8823770  0.6614748  )
        58        O      tau(  58) = (  0.8455271  0.8823770  0.3385252  )
        59        O      tau(  59) = (  0.6544729  0.1176230  0.5456866  )
        60        O      tau(  60) = (  0.8455271  0.1176230  0.4543134  )
        61        O      tau(  61) = (  0.6102682  0.8455271  0.5487339  )
        62        O      tau(  62) = (  0.3897318  0.6544729  0.5487339  )
        63        O      tau(  63) = (  0.8897318  0.8455271  0.4512661  )
        64        O      tau(  64) = (  0.1102682  0.6544729  0.4512661  )
        65        O      tau(  65) = (  0.6176230  0.6102682  0.6431598  )
        66        O      tau(  66) = (  0.6176230  0.3897318  0.5640017  )
        67        O      tau(  67) = (  0.3823770  0.8897318  0.6431598  )
        68        O      tau(  68) = (  0.3823770  0.1102682  0.5640017  )
        69        O      tau(  69) = (  0.8455271  0.6176230  0.5456866  )
        70        O      tau(  70) = (  0.6544729  0.6176230  0.4543134  )
        71        O      tau(  71) = (  0.8455271  0.3823770  0.6614748  )
        72        O      tau(  72) = (  0.6544729  0.3823770  0.3385252  )
        73        H      tau(  73) = (  0.3774651  0.3686679  0.3188882  )
        74        H      tau(  74) = (  0.6225349  0.1313321  0.3188882  )
        75        H      tau(  75) = (  0.1262733  0.6085085  0.3015131  )
        76        H      tau(  76) = (  0.3737267  0.6085085  0.6984869  )
        77        H      tau(  77) = (  0.1204699  0.3542316  0.3029747  )
        78        H      tau(  78) = (  0.8795301  0.1457684  0.3029747  )
        79        H      tau(  79) = (  0.3795301  0.3542316  0.6970253  )
        80        H      tau(  80) = (  0.6204699  0.1457684  0.6970253  )
        81        H      tau(  81) = (  0.1225349  0.8686679  0.3188882  )
        82        H      tau(  82) = (  0.8774651  0.6313321  0.3188882  )
        83        H      tau(  83) = (  0.3737267  0.1085085  0.3015131  )
        84        H      tau(  84) = (  0.1262733  0.1085085  0.6984869  )
        85        H      tau(  85) = (  0.8795301  0.6457684  0.6970253  )
        86        H      tau(  86) = (  0.1204699  0.8542316  0.6970253  )
        87        H      tau(  87) = (  0.6204699  0.6457684  0.3029747  )
        88        H      tau(  88) = (  0.3795301  0.8542316  0.3029747  )
        89        H      tau(  89) = (  0.8774651  0.1313321  0.6811118  )
        90        H      tau(  90) = (  0.1225349  0.3686679  0.6811118  )
        91        H      tau(  91) = (  0.6262733  0.8914915  0.6984869  )
        92        H      tau(  92) = (  0.8737267  0.8914915  0.3015131  )
        93        H      tau(  93) = (  0.6225349  0.6313321  0.6811118  )
        94        H      tau(  94) = (  0.3774651  0.8686679  0.6811118  )
        95        H      tau(  95) = (  0.8737267  0.3914915  0.6984869  )
        96        H      tau(  96) = (  0.6262733  0.3914915  0.3015131  )

     number of k points=    21
                       cart. coord. in units 2pi/alat
        k(    1) = (   0.0000000   0.0000000   0.0000000), wk =   0.0952381
        k(    2) = (   0.0246040   0.0000000   0.0000000), wk =   0.0952381
        k(    3) = (   0.0492080   0.0000000   0.0000000), wk =   0.0952381
        k(    4) = (   0.0738119   0.0000000   0.0000000), wk =   0.0952381
        k(    5) = (   0.0984159   0.0000000   0.0000000), wk =   0.0952381
        k(    6) = (   0.1230199   0.0000000   0.0000000), wk =   0.0952381
        k(    7) = (   0.1476239   0.0000000   0.0000000), wk =   0.0952381
        k(    8) = (   0.1722278   0.0000000   0.0000000), wk =   0.0952381
        k(    9) = (   0.1968318   0.0000000   0.0000000), wk =   0.0952381
        k(   10) = (   0.2214358   0.0000000   0.0000000), wk =   0.0952381
        k(   11) = (   0.2460398   0.0000000   0.0000000), wk =   0.0952381
        k(   12) = (   0.0173976   0.0173976   0.0000000), wk =   0.0952381
        k(   13) = (   0.0347953   0.0347953   0.0000000), wk =   0.0952381
        k(   14) = (   0.0521929   0.0521929   0.0000000), wk =   0.0952381
        k(   15) = (   0.0695906   0.0695906   0.0000000), wk =   0.0952381
        k(   16) = (   0.0869882   0.0869882   0.0000000), wk =   0.0952381
        k(   17) = (   0.1043858   0.1043858   0.0000000), wk =   0.0952381
        k(   18) = (   0.1217835   0.1217835   0.0000000), wk =   0.0952381
        k(   19) = (   0.1391811   0.1391811   0.0000000), wk =   0.0952381
        k(   20) = (   0.1565788   0.1565788   0.0000000), wk =   0.0952381
        k(   21) = (   0.1739764   0.1739764   0.0000000), wk =   0.0952381

                       cryst. coord.
        k(    1) = (   0.0000000   0.0000000   0.0000000), wk =   0.0952381
        k(    2) = (   0.0246040   0.0000000   0.0000000), wk =   0.0952381
        k(    3) = (   0.0492080   0.0000000   0.0000000), wk =   0.0952381
        k(    4) = (   0.0738119   0.0000000   0.0000000), wk =   0.0952381
        k(    5) = (   0.0984159   0.0000000   0.0000000), wk =   0.0952381
        k(    6) = (   0.1230199   0.0000000   0.0000000), wk =   0.0952381
        k(    7) = (   0.1476239   0.0000000   0.0000000), wk =   0.0952381
        k(    8) = (   0.1722279   0.0000000   0.0000000), wk =   0.0952381
        k(    9) = (   0.1968318   0.0000000   0.0000000), wk =   0.0952381
        k(   10) = (   0.2214358   0.0000000   0.0000000), wk =   0.0952381
        k(   11) = (   0.2460398   0.0000000   0.0000000), wk =   0.0952381
        k(   12) = (   0.0173976   0.0173976   0.0000000), wk =   0.0952381
        k(   13) = (   0.0347953   0.0347953   0.0000000), wk =   0.0952381
        k(   14) = (   0.0521929   0.0521929   0.0000000), wk =   0.0952381
        k(   15) = (   0.0695906   0.0695906   0.0000000), wk =   0.0952381
        k(   16) = (   0.0869882   0.0869882   0.0000000), wk =   0.0952381
        k(   17) = (   0.1043858   0.1043858   0.0000000), wk =   0.0952381
        k(   18) = (   0.1217835   0.1217835   0.0000000), wk =   0.0952381
        k(   19) = (   0.1391811   0.1391811   0.0000000), wk =   0.0952381
        k(   20) = (   0.1565788   0.1565788   0.0000000), wk =   0.0952381
        k(   21) = (   0.1739764   0.1739764   0.0000000), wk =   0.0952381

     Dense  grid:  4075609 G-vectors     FFT dimensions: ( 150, 150, 360)

     Smooth grid:  1441173 G-vectors     FFT dimensions: ( 108, 108, 256)

     Dynamical RAM for                 wfc:     225.37 MB

     Dynamical RAM for     wfc (w. buffer):     225.37 MB

     Dynamical RAM for           str. fact:      46.64 MB

     Dynamical RAM for           local pot:       0.00 MB

     Dynamical RAM for          nlocal pot:     593.67 MB

     Dynamical RAM for                qrad:       5.74 MB

     Dynamical RAM for          rho,v,vnew:      92.99 MB

     Dynamical RAM for           G-vectors:      61.05 MB

     Dynamical RAM for          h,s,v(r/c):       1.23 MB

     Dynamical RAM for          <psi|beta>:       4.32 MB

     Dynamical RAM for      wfcinit/wfcrot:     453.21 MB

     Dynamical RAM for           addusdens:     921.17 MB

     Estimated static dynamical RAM per process >       1.14 GB

     Estimated max dynamical RAM per process >       2.04 GB

     Estimated total dynamical RAM >      32.59 GB

     The potential is recalculated from file :
     ./tmp/slab.save/charge-density


     negative rho (up, down):  9.706E-04 0.000E+00
     Starting wfcs are  432 randomized atomic wfcs
     Checking if some PAW data can be deallocated... 
       PAW data deallocated on   12 nodes for type:  1
       PAW data deallocated on    8 nodes for type:  2
       PAW data deallocated on   12 nodes for type:  3

     Band Structure Calculation
     CG style diagonalization

     Computing kpt #:     1  of     6 on this pool
     c_bands: 14 eigenvalues not converged
     total cpu time spent up to now is     9361.0 secs

     Computing kpt #:     2  of     6 on this pool
     c_bands: 15 eigenvalues not converged
     total cpu time spent up to now is    18131.4 secs

     Computing kpt #:     3  of     6 on this pool
     c_bands: 14 eigenvalues not converged
     total cpu time spent up to now is    26901.1 secs

     Computing kpt #:     4  of     6 on this pool
     c_bands: 14 eigenvalues not converged
     total cpu time spent up to now is    35872.1 secs

     Computing kpt #:     5  of     6 on this pool
     c_bands: 14 eigenvalues not converged
     total cpu time spent up to now is    44978.5 secs

     Computing kpt #:     6  of     6 on this pool
     c_bands: 13 eigenvalues not converged
     total cpu time spent up to now is    50073.4 secs

     ethr =  1.60E-13,  avg # of iterations = 78.7

     total cpu time spent up to now is    50073.4 secs

     End of band structure calculation

          k = 0.0000 0.0000 0.0000 (179927 PWs)   bands (ev):

   -18.3277 -18.2922 -18.1613 -18.1596 -18.1168 -18.1153 -18.1055 -18.1025
   -18.0040 -18.0031 -17.9648 -17.9525 -17.9161 -17.9102 -17.8730 -17.8719
   -17.7964 -17.7568 -17.7562 -17.6947 -17.6939 -17.6937 -17.6901 -17.6570
   -17.6432 -17.6227 -17.5517 -17.5458 -17.5337 -17.5220 -17.5057 -17.3440
   -17.3275 -17.3271 -17.3087 -17.2948 -17.2946 -17.2601 -17.2481 -17.2273
   -17.1789 -17.1787 -17.1290 -17.1132 -17.1086 -17.1068 -17.0863 -16.9781
   -13.0587 -13.0534 -13.0299 -13.0285 -13.0282 -13.0150 -13.0040 -12.9893
   -12.9802 -12.9790 -12.9752 -12.9701 -12.9678 -12.9670 -12.9622 -12.9553
   -12.9517 -12.9466 -12.9354 -12.9292 -12.9230 -12.9194 -12.9067 -12.9058
   -12.9058 -12.8985 -12.8951 -12.8897 -12.8867 -12.8859 -12.8793 -12.8731
   -12.8680 -12.8679 -12.8635 -12.8611 -12.8536 -12.8425 -12.8294 -12.8096
   -12.8073 -12.7998 -12.7968 -12.7868 -12.7825 -12.7804 -12.7776 -12.7715
   -12.7712 -12.7685 -12.7651 -12.7573 -12.7475 -12.7441 -12.7412 -12.7393
   -12.7354 -12.7302 -12.7200 -12.7169 -12.7121 -12.7074 -12.7064 -12.7036
   -12.6993 -12.6985 -12.6905 -12.6864 -12.6850 -12.6848 -12.6835 -12.6820
   -12.6804 -12.6749 -12.6697 -12.6635 -12.6625 -12.6521 -12.6512 -12.6510
   -12.6448 -12.6431 -12.6406 -12.6288 -12.6267 -12.6219 -12.6199 -12.6186
   -12.6133 -12.6113 -12.6046 -12.6045 -12.6010 -12.5949 -12.5905 -12.5863
   -12.5733 -12.5712 -12.5509 -12.5390 -12.5272 -12.5269 -12.4765 -12.4468
   -12.3702 -12.3527 -12.3506 -12.2789 -12.2424 -12.2214 -12.1672 -12.1611
   -12.1171 -12.0594 -12.0070 -11.9970 -11.9746 -11.9032 -11.8763 -11.8134
    -6.6328  -6.4701  -6.4468  -6.3851  -6.3823  -6.3725  -6.3680  -6.2491
    -6.1485  -6.1067  -6.0669  -6.0102  -5.9922  -5.8760  -5.8512  -5.8049
    -5.7378  -5.6033  -5.5710  -5.4684  -5.4589  -5.4522  -5.4268  -5.3461
    -5.2686  -5.0507  -5.0350  -5.0161  -5.0092  -5.0055  -4.9025  -4.7847
    -4.7548  -4.5029  -4.2710  -4.2337  -4.1928  -4.1756  -3.9988  -3.9825
    -3.9733  -3.8604  -3.8326  -3.8133  -3.7831  -3.7802  -3.7647  -3.7445
    -3.6927  -3.4732  -3.4613  -3.3709  -3.3078  -3.2947  -3.2655  -3.2352
    -3.2332  -3.2146  -3.1040  -3.0569  -3.0472  -2.9239  -2.8272  -2.7968
    -2.7847  -2.5419  -2.5200  -2.5003  -2.4850  -2.4579  -2.4459  -2.3870
    -2.3603  -2.3493  -2.3384  -2.3322  -2.2782  -2.2629  -2.2223  -2.1856
    -2.1529  -2.1271  -2.1209  -2.0993  -2.0518  -2.0471  -2.0265  -2.0236
    -1.9171  -1.8762  -1.8699  -1.7982  -1.7539  -1.7157  -1.7088  -1.6972
    -1.6286  -1.6116  -1.5997  -1.5474  -1.5395  -1.4768  -1.3754  -1.3599
    -1.3458  -1.2699  -1.2011  -1.1928  -1.1914  -1.1385  -1.1353  -1.1092
    -1.1067  -1.0678  -1.0513  -1.0487  -1.0232  -1.0094  -0.9709  -0.9386
    -0.9298  -0.8647  -0.8619  -0.8500  -0.8251  -0.8247  -0.7625  -0.7422
    -0.6488  -0.5797  -0.5666  -0.5601  -0.4382  -0.4253  -0.3630  -0.3572
    -0.3214  -0.3207  -0.1368  -0.1293  -0.1262  -0.1259  -0.0797  -0.0787
     0.9366   2.5045   3.3627   3.4698   3.4701   3.4841   3.4922   3.9642
     4.1542   4.1838   4.1981   4.2016   4.3692   4.5669   4.6486   4.6958

          k = 0.0246 0.0000 0.0000 (179949 PWs)   bands (ev):

   -18.3275 -18.2920 -18.1615 -18.1599 -18.1168 -18.1153 -18.1057 -18.1027
   -18.0035 -18.0027 -17.9647 -17.9524 -17.9162 -17.9103 -17.8731 -17.8720
   -17.7962 -17.7568 -17.7561 -17.6961 -17.6943 -17.6924 -17.6898 -17.6570
   -17.6433 -17.6225 -17.5567 -17.5460 -17.5286 -17.5220 -17.5056 -17.3440
   -17.3275 -17.3271 -17.3091 -17.2945 -17.2943 -17.2601 -17.2483 -17.2271
   -17.1791 -17.1789 -17.1310 -17.1112 -17.1104 -17.1051 -17.0862 -16.9782
   -13.0586 -13.0533 -13.0306 -13.0285 -13.0274 -13.0149 -13.0040 -12.9892
   -12.9807 -12.9792 -12.9755 -12.9702 -12.9675 -12.9669 -12.9621 -12.9553
   -12.9516 -12.9466 -12.9356 -12.9292 -12.9238 -12.9185 -12.9069 -12.9067
   -12.9046 -12.8989 -12.8955 -12.8891 -12.8866 -12.8856 -12.8795 -12.8729
   -12.8678 -12.8677 -12.8634 -12.8610 -12.8535 -12.8425 -12.8293 -12.8097
   -12.8073 -12.7997 -12.7969 -12.7873 -12.7823 -12.7804 -12.7776 -12.7714
   -12.7713 -12.7685 -12.7652 -12.7573 -12.7477 -12.7442 -12.7421 -12.7384
   -12.7357 -12.7301 -12.7201 -12.7173 -12.7122 -12.7069 -12.7066 -12.7040
   -12.6992 -12.6985 -12.6908 -12.6870 -12.6854 -12.6841 -12.6830 -12.6819
   -12.6799 -12.6749 -12.6695 -12.6639 -12.6619 -12.6520 -12.6515 -12.6511
   -12.6444 -12.6432 -12.6408 -12.6288 -12.6266 -12.6219 -12.6199 -12.6186
   -12.6135 -12.6114 -12.6046 -12.6045 -12.6008 -12.5950 -12.5904 -12.5864
   -12.5733 -12.5724 -12.5493 -12.5408 -12.5276 -12.5247 -12.4761 -12.4470
   -12.3700 -12.3546 -12.3507 -12.2770 -12.2423 -12.2219 -12.1667 -12.1612
   -12.1170 -12.0603 -12.0070 -11.9961 -11.9748 -11.9032 -11.8763 -11.8137
    -6.6326  -6.4702  -6.4484  -6.3847  -6.3833  -6.3699  -6.3676  -6.2489
    -6.1486  -6.1070  -6.0674  -6.0124  -5.9897  -5.8758  -5.8509  -5.8045
    -5.7378  -5.6030  -5.5711  -5.4692  -5.4600  -5.4518  -5.4273  -5.3468
    -5.2687  -5.0501  -5.0461  -5.0225  -5.0015  -4.9945  -4.9021  -4.7847
    -4.7545  -4.5035  -4.2731  -4.2428  -4.1922  -4.1680  -3.9988  -3.9863
    -3.9695  -3.8580  -3.8336  -3.8138  -3.7851  -3.7804  -3.7646  -3.7431
    -3.6905  -3.4729  -3.4598  -3.3714  -3.3094  -3.2892  -3.2672  -3.2355
    -3.2335  -3.2134  -3.1045  -3.0571  -3.0458  -2.9237  -2.8266  -2.7978
    -2.7853  -2.5422  -2.5206  -2.5032  -2.4856  -2.4596  -2.4464  -2.3867
    -2.3644  -2.3527  -2.3380  -2.3262  -2.2781  -2.2652  -2.2192  -2.1871
    -2.1536  -2.1278  -2.1181  -2.0980  -2.0507  -2.0473  -2.0262  -2.0221
    -1.9191  -1.8783  -1.8707  -1.7968  -1.7499  -1.7162  -1.7090  -1.6957
    -1.6283  -1.6122  -1.5985  -1.5479  -1.5398  -1.4760  -1.3773  -1.3591
    -1.3452  -1.2699  -1.2021  -1.1944  -1.1936  -1.1391  -1.1332  -1.1246
    -1.0918  -1.0663  -1.0527  -1.0488  -1.0208  -1.0090  -0.9726  -0.9384
    -0.9299  -0.8648  -0.8624  -0.8500  -0.8248  -0.8247  -0.7625  -0.7424
    -0.6487  -0.5801  -0.5670  -0.5604  -0.4396  -0.4269  -0.3631  -0.3574
    -0.3200  -0.3193  -0.1381  -0.1306  -0.1261  -0.1259  -0.0791  -0.0780
     0.9402   2.5060   3.3636   3.4028   3.4708   3.4933   3.5508   3.9640
     4.1152   4.1836   4.2022   4.2363   4.4209   4.5590   4.6415   4.7577

          k = 0.0492 0.0000 0.0000 (179969 PWs)   bands (ev):

   -18.3269 -18.2916 -18.1622 -18.1609 -18.1168 -18.1153 -18.1063 -18.1034
   -18.0022 -18.0013 -17.9646 -17.9523 -17.9165 -17.9106 -17.8734 -17.8723
   -17.7958 -17.7567 -17.7559 -17.6981 -17.6951 -17.6907 -17.6892 -17.6571
   -17.6434 -17.6220 -17.5657 -17.5464 -17.5218 -17.5191 -17.5055 -17.3440
   -17.3272 -17.3269 -17.3102 -17.2942 -17.2930 -17.2599 -17.2488 -17.2266
   -17.1797 -17.1795 -17.1356 -17.1129 -17.1066 -17.1029 -17.0862 -16.9785
   -13.0584 -13.0530 -13.0317 -13.0285 -13.0261 -13.0147 -13.0040 -12.9891
   -12.9820 -12.9799 -12.9763 -12.9706 -12.9668 -12.9667 -12.9619 -12.9552
   -12.9513 -12.9466 -12.9360 -12.9291 -12.9254 -12.9167 -12.9078 -12.9067
   -12.9033 -12.8998 -12.8964 -12.8877 -12.8866 -12.8850 -12.8802 -12.8723
   -12.8673 -12.8670 -12.8632 -12.8606 -12.8530 -12.8425 -12.8290 -12.8099
   -12.8072 -12.7994 -12.7973 -12.7885 -12.7819 -12.7804 -12.7775 -12.7715
   -12.7711 -12.7686 -12.7654 -12.7574 -12.7484 -12.7445 -12.7435 -12.7370
   -12.7364 -12.7298 -12.7202 -12.7185 -12.7127 -12.7072 -12.7054 -12.7050
   -12.6989 -12.6984 -12.6915 -12.6883 -12.6856 -12.6831 -12.6818 -12.6817
   -12.6789 -12.6748 -12.6689 -12.6644 -12.6607 -12.6524 -12.6519 -12.6514
   -12.6435 -12.6432 -12.6416 -12.6289 -12.6264 -12.6219 -12.6199 -12.6186
   -12.6140 -12.6115 -12.6049 -12.6045 -12.6004 -12.5954 -12.5903 -12.5864
   -12.5752 -12.5733 -12.5452 -12.5444 -12.5287 -12.5200 -12.4749 -12.4477
   -12.3695 -12.3599 -12.3511 -12.2718 -12.2418 -12.2232 -12.1653 -12.1613
   -12.1166 -12.0629 -12.0069 -11.9937 -11.9757 -11.9033 -11.8764 -11.8146
    -6.6323  -6.4704  -6.4528  -6.3892  -6.3785  -6.3662  -6.3649  -6.2486
    -6.1489  -6.1079  -6.0688  -6.0174  -5.9841  -5.8753  -5.8499  -5.8031
    -5.7378  -5.6021  -5.5714  -5.4714  -5.4626  -5.4512  -5.4289  -5.3488
    -5.2691  -5.0654  -5.0481  -5.0300  -4.9901  -4.9758  -4.9010  -4.7847
    -4.7537  -4.5050  -4.2793  -4.2627  -4.1905  -4.1526  -3.9986  -3.9937
    -3.9618  -3.8512  -3.8361  -3.8151  -3.7903  -3.7811  -3.7644  -3.7396
    -3.6840  -3.4723  -3.4554  -3.3724  -3.3108  -3.2767  -3.2721  -3.2364
    -3.2345  -3.2101  -3.1061  -3.0576  -3.0420  -2.9232  -2.8248  -2.8008
    -2.7872  -2.5430  -2.5227  -2.5113  -2.4874  -2.4645  -2.4477  -2.3858
    -2.3760  -2.3564  -2.3367  -2.3153  -2.2782  -2.2706  -2.2117  -2.1912
    -2.1547  -2.1296  -2.1102  -2.0943  -2.0483  -2.0480  -2.0254  -2.0176
    -1.9251  -1.8866  -1.8700  -1.7926  -1.7394  -1.7175  -1.7096  -1.6916
    -1.6272  -1.6140  -1.5949  -1.5493  -1.5405  -1.4736  -1.3824  -1.3568
    -1.3437  -1.2696  -1.2052  -1.2020  -1.1960  -1.1414  -1.1407  -1.1278
    -1.0765  -1.0618  -1.0560  -1.0493  -1.0147  -1.0077  -0.9773  -0.9383
    -0.9300  -0.8649  -0.8639  -0.8502  -0.8246  -0.8240  -0.7625  -0.7431
    -0.6485  -0.5812  -0.5680  -0.5615  -0.4435  -0.4313  -0.3634  -0.3581
    -0.3158  -0.3152  -0.1417  -0.1340  -0.1259  -0.1258  -0.0775  -0.0762
     0.9510   2.5106   3.3285   3.3664   3.4737   3.4967   3.6234   3.9647
     4.0599   4.1830   4.2039   4.2884   4.3728   4.5416   4.6214   4.7583

          k = 0.0738 0.0000 0.0000 (179971 PWs)   bands (ev):

   -18.3260 -18.2908 -18.1634 -18.1627 -18.1168 -18.1153 -18.1071 -18.1044
   -18.0000 -17.9992 -17.9643 -17.9521 -17.9170 -17.9110 -17.8739 -17.8728
   -17.7950 -17.7566 -17.7554 -17.7001 -17.6962 -17.6892 -17.6885 -17.6574
   -17.6437 -17.6212 -17.5755 -17.5471 -17.5216 -17.5086 -17.5052 -17.3440
   -17.3268 -17.3267 -17.3117 -17.2936 -17.2910 -17.2597 -17.2496 -17.2257
   -17.1806 -17.1806 -17.1410 -17.1157 -17.1013 -17.1008 -17.0861 -16.9789
   -13.0580 -13.0526 -13.0327 -13.0284 -13.0246 -13.0144 -13.0039 -12.9890
   -12.9838 -12.9811 -12.9775 -12.9712 -12.9666 -12.9658 -12.9615 -12.9550
   -12.9508 -12.9465 -12.9366 -12.9291 -12.9270 -12.9147 -12.9085 -12.9066
   -12.9018 -12.9008 -12.8977 -12.8865 -12.8858 -12.8842 -12.8813 -12.8714
   -12.8664 -12.8661 -12.8629 -12.8600 -12.8523 -12.8425 -12.8286 -12.8101
   -12.8072 -12.7990 -12.7979 -12.7902 -12.7816 -12.7803 -12.7773 -12.7718
   -12.7705 -12.7688 -12.7658 -12.7576 -12.7493 -12.7450 -12.7450 -12.7375
   -12.7355 -12.7293 -12.7203 -12.7199 -12.7135 -12.7079 -12.7066 -12.7035
   -12.6986 -12.6984 -12.6921 -12.6899 -12.6853 -12.6820 -12.6813 -12.6805
   -12.6780 -12.6745 -12.6680 -12.6650 -12.6590 -12.6534 -12.6520 -12.6518
   -12.6431 -12.6427 -12.6423 -12.6290 -12.6260 -12.6219 -12.6200 -12.6187
   -12.6149 -12.6116 -12.6054 -12.6045 -12.5998 -12.5960 -12.5900 -12.5866
   -12.5783 -12.5732 -12.5483 -12.5399 -12.5303 -12.5144 -12.4732 -12.4487
   -12.3686 -12.3674 -12.3518 -12.2644 -12.2411 -12.2254 -12.1630 -12.1616
   -12.1160 -12.0668 -12.0068 -11.9899 -11.9771 -11.9035 -11.8764 -11.8161
    -6.6317  -6.4707  -6.4590  -6.3940  -6.3715  -6.3640  -6.3593  -6.2479
    -6.1495  -6.1094  -6.0711  -6.0235  -5.9770  -5.8744  -5.8482  -5.8008
    -5.7378  -5.6007  -5.5718  -5.4749  -5.4663  -5.4510  -5.4315  -5.3520
    -5.2698  -5.0859  -5.0449  -5.0363  -4.9774  -4.9559  -4.8991  -4.7848
    -4.7523  -4.5076  -4.2890  -4.2868  -4.1877  -4.1360  -4.0029  -3.9985
    -3.9515  -3.8409  -3.8399  -3.8170  -3.7974  -3.7821  -3.7645  -3.7351
    -3.6738  -3.4713  -3.4482  -3.3726  -3.3107  -3.2797  -3.2597  -3.2372
    -3.2364  -3.2053  -3.1085  -3.0583  -3.0361  -2.9222  -2.8219  -2.8057
    -2.7904  -2.5449  -2.5263  -2.5236  -2.4903  -2.4720  -2.4488  -2.3936
    -2.3844  -2.3576  -2.3347  -2.3049  -2.2794  -2.2769  -2.2020  -2.1969
    -2.1542  -2.1315  -2.0987  -2.0885  -2.0508  -2.0446  -2.0238  -2.0108
    -1.9344  -1.8988  -1.8675  -1.7858  -1.7251  -1.7194  -1.7106  -1.6854
    -1.6251  -1.6170  -1.5892  -1.5516  -1.5416  -1.4698  -1.3901  -1.3532
    -1.3422  -1.2693  -1.2125  -1.2095  -1.1999  -1.1581  -1.1432  -1.1209
    -1.0622  -1.0597  -1.0552  -1.0502  -1.0063  -1.0054  -0.9840  -0.9391
    -0.9301  -0.8664  -0.8653  -0.8504  -0.8245  -0.8225  -0.7627  -0.7443
    -0.6479  -0.5829  -0.5698  -0.5632  -0.4495  -0.4379  -0.3640  -0.3592
    -0.3096  -0.3092  -0.1471  -0.1392  -0.1256  -0.1255  -0.0754  -0.0737
     0.9686   2.5183   3.2536   3.3711   3.4785   3.5023   3.6954   3.9691
     4.0034   4.1817   4.2067   4.3382   4.3975   4.5161   4.5989   4.6548

          k = 0.0984 0.0000 0.0000 (179975 PWs)   bands (ev):

   -18.3247 -18.2898 -18.1651 -18.1650 -18.1168 -18.1154 -18.1081 -18.1057
   -17.9971 -17.9963 -17.9638 -17.9518 -17.9177 -17.9116 -17.8745 -17.8735
   -17.7939 -17.7564 -17.7549 -17.7023 -17.6974 -17.6878 -17.6878 -17.6576
   -17.6440 -17.6201 -17.5852 -17.5481 -17.5213 -17.5049 -17.4977 -17.3439
   -17.3264 -17.3263 -17.3135 -17.2928 -17.2887 -17.2593 -17.2508 -17.2246
   -17.1821 -17.1819 -17.1467 -17.1186 -17.0988 -17.0957 -17.0860 -16.9794
   -13.0575 -13.0520 -13.0337 -13.0283 -13.0230 -13.0141 -13.0039 -12.9893
   -12.9854 -12.9825 -12.9791 -12.9720 -12.9663 -12.9649 -12.9611 -12.9548
   -12.9501 -12.9463 -12.9374 -12.9292 -12.9287 -12.9127 -12.9091 -12.9065
   -12.9018 -12.9002 -12.8991 -12.8863 -12.8835 -12.8833 -12.8827 -12.8702
   -12.8652 -12.8648 -12.8625 -12.8592 -12.8512 -12.8426 -12.8280 -12.8105
   -12.8072 -12.7988 -12.7984 -12.7922 -12.7814 -12.7800 -12.7772 -12.7721
   -12.7699 -12.7693 -12.7663 -12.7583 -12.7502 -12.7465 -12.7456 -12.7389
   -12.7338 -12.7289 -12.7215 -12.7205 -12.7145 -12.7088 -12.7086 -12.7013
   -12.6984 -12.6984 -12.6926 -12.6916 -12.6845 -12.6808 -12.6807 -12.6791
   -12.6777 -12.6739 -12.6667 -12.6657 -12.6569 -12.6543 -12.6528 -12.6518
   -12.6438 -12.6431 -12.6411 -12.6292 -12.6256 -12.6220 -12.6201 -12.6189
   -12.6160 -12.6116 -12.6060 -12.6045 -12.5991 -12.5968 -12.5897 -12.5868
   -12.5814 -12.5732 -12.5520 -12.5339 -12.5323 -12.5083 -12.4709 -12.4502
   -12.3762 -12.3674 -12.3528 -12.2560 -12.2401 -12.2282 -12.1619 -12.1600
   -12.1150 -12.0717 -12.0067 -11.9853 -11.9790 -11.9038 -11.8765 -11.8182
    -6.6309  -6.4711  -6.4663  -6.3989  -6.3631  -6.3609  -6.3532  -6.2470
    -6.1504  -6.1115  -6.0743  -6.0302  -5.9688  -5.8731  -5.8458  -5.7977
    -5.7378  -5.5987  -5.5724  -5.4798  -5.4708  -5.4514  -5.4350  -5.3563
    -5.2706  -5.1067  -5.0412  -5.0406  -4.9639  -4.9360  -4.8964  -4.7849
    -4.7503  -4.5110  -4.3127  -4.3018  -4.1840  -4.1204  -4.0133  -3.9985
    -3.9390  -3.8441  -3.8281  -3.8193  -3.8054  -3.7836  -3.7650  -3.7300
    -3.6604  -3.4699  -3.4387  -3.3713  -3.3092  -3.2896  -3.2394  -3.2392
    -3.2378  -3.1993  -3.1118  -3.0591  -3.0290  -2.9208  -2.8179  -2.8122
    -2.7947  -2.5492  -2.5390  -2.5307  -2.4945  -2.4810  -2.4485  -2.4152
    -2.3828  -2.3573  -2.3319  -2.2966  -2.2831  -2.2831  -2.2023  -2.1916
    -2.1504  -2.1329  -2.0854  -2.0811  -2.0546  -2.0416  -2.0214  -2.0027
    -1.9463  -1.9125  -1.8639  -1.7773  -1.7207  -1.7120  -1.7097  -1.6777
    -1.6215  -1.6211  -1.5815  -1.5547  -1.5428  -1.4646  -1.3998  -1.3483
    -1.3413  -1.2690  -1.2244  -1.2146  -1.2052  -1.1743  -1.1464  -1.1136
    -1.0634  -1.0515  -1.0493  -1.0476  -1.0015  -0.9966  -0.9917  -0.9415
    -0.9299  -0.8698  -0.8663  -0.8508  -0.8244  -0.8203  -0.7631  -0.7462
    -0.6471  -0.5851  -0.5721  -0.5655  -0.4566  -0.4460  -0.3649  -0.3609
    -0.3019  -0.3018  -0.1536  -0.1455  -0.1254  -0.1250  -0.0731  -0.0710
     0.9928   2.5289   3.1784   3.3775   3.4851   3.5101   3.7664   3.9469
     3.9748   4.1792   4.2109   4.3808   4.3967   4.4788   4.4824   4.5807

          k = 0.1230 0.0000 0.0000 (180038 PWs)   bands (ev):

   -18.3230 -18.2885 -18.1681 -18.1673 -18.1168 -18.1154 -18.1092 -18.1071
   -17.9936 -17.9929 -17.9633 -17.9514 -17.9186 -17.9124 -17.8754 -17.8744
   -17.7925 -17.7562 -17.7541 -17.7046 -17.6988 -17.6872 -17.6864 -17.6580
   -17.6444 -17.6188 -17.5948 -17.5493 -17.5209 -17.5046 -17.4867 -17.3439
   -17.3260 -17.3256 -17.3153 -17.2917 -17.2862 -17.2588 -17.2523 -17.2232
   -17.1840 -17.1835 -17.1524 -17.1217 -17.0969 -17.0900 -17.0858 -16.9802
   -13.0568 -13.0513 -13.0346 -13.0282 -13.0214 -13.0136 -13.0039 -12.9907
   -12.9860 -12.9843 -12.9810 -12.9732 -12.9658 -12.9642 -12.9608 -12.9546
   -12.9495 -12.9460 -12.9384 -12.9304 -12.9294 -12.9108 -12.9096 -12.9065
   -12.9025 -12.9005 -12.8985 -12.8858 -12.8845 -12.8823 -12.8809 -12.8687
   -12.8638 -12.8634 -12.8619 -12.8582 -12.8499 -12.8426 -12.8275 -12.8109
   -12.8073 -12.7999 -12.7976 -12.7942 -12.7813 -12.7797 -12.7770 -12.7726
   -12.7700 -12.7691 -12.7669 -12.7595 -12.7508 -12.7480 -12.7465 -12.7405
   -12.7320 -12.7284 -12.7232 -12.7207 -12.7159 -12.7108 -12.7097 -12.6991
   -12.6987 -12.6983 -12.6933 -12.6930 -12.6834 -12.6801 -12.6795 -12.6779
   -12.6779 -12.6731 -12.6664 -12.6653 -12.6550 -12.6545 -12.6537 -12.6524
   -12.6444 -12.6431 -12.6400 -12.6294 -12.6252 -12.6222 -12.6204 -12.6191
   -12.6172 -12.6116 -12.6067 -12.6045 -12.5982 -12.5977 -12.5894 -12.5870
   -12.5841 -12.5732 -12.5554 -12.5346 -12.5275 -12.5018 -12.4685 -12.4520
   -12.3856 -12.3659 -12.3540 -12.2470 -12.2388 -12.2316 -12.1624 -12.1565
   -12.1136 -12.0771 -12.0065 -11.9814 -11.9801 -11.9041 -11.8767 -11.8208
    -6.6298  -6.4741  -6.4715  -6.4036  -6.3570  -6.3540  -6.3469  -6.2458
    -6.1514  -6.1142  -6.0783  -6.0373  -5.9596  -5.8714  -5.8428  -5.7940
    -5.7379  -5.5962  -5.5732  -5.4857  -5.4760  -5.4527  -5.4396  -5.3616
    -5.2717  -5.1274  -5.0446  -5.0355  -4.9496  -4.9162  -4.8928  -4.7851
    -4.7478  -4.5153  -4.3397  -4.3168  -4.1796  -4.1065  -4.0244  -3.9990
    -3.9244  -3.8485  -3.8218  -3.8137  -3.8134  -3.7854  -3.7661  -3.7248
    -3.6444  -3.4682  -3.4272  -3.3678  -3.3067  -3.3010  -3.2434  -3.2379
    -3.2162  -3.1924  -3.1157  -3.0598  -3.0213  -2.9189  -2.8199  -2.8130
    -2.8002  -2.5578  -2.5567  -2.5341  -2.5000  -2.4901  -2.4461  -2.4392
    -2.3814  -2.3572  -2.3282  -2.2912  -2.2906  -2.2889  -2.2051  -2.1811
    -2.1425  -2.1336  -2.0728  -2.0718  -2.0593  -2.0401  -2.0180  -1.9945
    -1.9601  -1.9260  -1.8594  -1.7693  -1.7194  -1.7138  -1.6952  -1.6694
    -1.6261  -1.6158  -1.5721  -1.5583  -1.5439  -1.4582  -1.4112  -1.3424
    -1.3413  -1.2693  -1.2370  -1.2197  -1.2118  -1.1893  -1.1498  -1.1061
    -1.0668  -1.0534  -1.0402  -1.0380  -0.9998  -0.9955  -0.9861  -0.9455
    -0.9293  -0.8738  -0.8680  -0.8513  -0.8243  -0.8175  -0.7638  -0.7488
    -0.6459  -0.5876  -0.5750  -0.5683  -0.4645  -0.4550  -0.3664  -0.3634
    -0.2937  -0.2935  -0.1607  -0.1524  -0.1250  -0.1243  -0.0710  -0.0684
     1.0232   2.5425   3.1027   3.3859   3.4932   3.5200   3.8364   3.8911
     3.9822   4.1750   4.2157   4.4070   4.4472   4.4612   4.4867   4.5682

          k = 0.1476 0.0000 0.0000 (180000 PWs)   bands (ev):

   -18.3210 -18.2869 -18.1718 -18.1699 -18.1168 -18.1155 -18.1103 -18.1086
   -17.9896 -17.9889 -17.9626 -17.9509 -17.9197 -17.9133 -17.8764 -17.8755
   -17.7909 -17.7559 -17.7532 -17.7069 -17.7002 -17.6866 -17.6851 -17.6585
   -17.6449 -17.6171 -17.6041 -17.5507 -17.5205 -17.5042 -17.4756 -17.3438
   -17.3255 -17.3249 -17.3171 -17.2904 -17.2835 -17.2582 -17.2540 -17.2215
   -17.1862 -17.1855 -17.1582 -17.1248 -17.0952 -17.0856 -17.0843 -16.9811
   -13.0560 -13.0503 -13.0354 -13.0281 -13.0196 -13.0131 -13.0038 -12.9931
   -12.9862 -12.9856 -12.9832 -12.9746 -12.9653 -12.9636 -12.9605 -12.9544
   -12.9488 -12.9455 -12.9395 -12.9320 -12.9298 -12.9098 -12.9093 -12.9064
   -12.9025 -12.9017 -12.8966 -12.8865 -12.8853 -12.8812 -12.8782 -12.8671
   -12.8623 -12.8618 -12.8612 -12.8570 -12.8484 -12.8427 -12.8270 -12.8114
   -12.8075 -12.8012 -12.7967 -12.7964 -12.7814 -12.7794 -12.7769 -12.7731
   -12.7711 -12.7682 -12.7675 -12.7616 -12.7510 -12.7493 -12.7475 -12.7422
   -12.7300 -12.7279 -12.7250 -12.7210 -12.7175 -12.7129 -12.7106 -12.6990
   -12.6984 -12.6968 -12.6947 -12.6932 -12.6820 -12.6794 -12.6785 -12.6782
   -12.6769 -12.6723 -12.6670 -12.6640 -12.6553 -12.6548 -12.6535 -12.6520
   -12.6442 -12.6430 -12.6390 -12.6296 -12.6248 -12.6224 -12.6207 -12.6197
   -12.6183 -12.6114 -12.6075 -12.6045 -12.5987 -12.5973 -12.5890 -12.5873
   -12.5865 -12.5731 -12.5584 -12.5369 -12.5209 -12.4951 -12.4660 -12.4542
   -12.3951 -12.3641 -12.3554 -12.2380 -12.2372 -12.2354 -12.1630 -12.1527
   -12.1117 -12.0829 -12.0063 -11.9843 -11.9745 -11.9045 -11.8770 -11.8240
    -6.6285  -6.4822  -6.4719  -6.4083  -6.3525  -6.3442  -6.3404  -6.2444
    -6.1527  -6.1176  -6.0831  -6.0448  -5.9494  -5.8692  -5.8392  -5.7897
    -5.7382  -5.5931  -5.5740  -5.4925  -5.4820  -5.4548  -5.4450  -5.3678
    -5.2728  -5.1476  -5.0465  -5.0297  -4.9349  -4.8967  -4.8885  -4.7852
    -4.7447  -4.5203  -4.3672  -4.3336  -4.1748  -4.0946  -4.0359  -4.0002
    -3.9082  -3.8524  -3.8244  -3.8208  -3.7984  -3.7875  -3.7681  -3.7193
    -3.6262  -3.4664  -3.4141  -3.3621  -3.3134  -3.3036  -3.2491  -3.2375
    -3.1905  -3.1847  -3.1199  -3.0602  -3.0138  -2.9166  -2.8285  -2.8073
    -2.8068  -2.5757  -2.5707  -2.5360  -2.5078  -2.4986  -2.4633  -2.4416
    -2.3807  -2.3589  -2.3239  -2.3041  -2.2943  -2.2855  -2.2043  -2.1708
    -2.1335  -2.1315  -2.0645  -2.0642  -2.0594  -2.0406  -2.0133  -1.9864
    -1.9751  -1.9379  -1.8544  -1.7653  -1.7159  -1.7119  -1.6835  -1.6612
    -1.6316  -1.6073  -1.5624  -1.5614  -1.5441  -1.4509  -1.4241  -1.3423
    -1.3357  -1.2705  -1.2497  -1.2244  -1.2195  -1.2023  -1.1532  -1.0988
    -1.0700  -1.0561  -1.0339  -1.0289  -1.0079  -0.9870  -0.9752  -0.9513
    -0.9279  -0.8785  -0.8705  -0.8519  -0.8243  -0.8141  -0.7649  -0.7522
    -0.6442  -0.5902  -0.5783  -0.5717  -0.4727  -0.4645  -0.3684  -0.3666
    -0.2851  -0.2845  -0.1680  -0.1596  -0.1246  -0.1235  -0.0693  -0.0662
     1.0592   2.5589   3.0268   3.3960   3.5023   3.5321   3.8365   3.9047
     3.9914   4.1678   4.2219   4.4026   4.4080   4.4098   4.4360   4.5975

          k = 0.1722 0.0000 0.0000 (180016 PWs)   bands (ev):

   -18.3185 -18.2850 -18.1760 -18.1730 -18.1168 -18.1155 -18.1113 -18.1100
   -17.9852 -17.9846 -17.9618 -17.9503 -17.9209 -17.9143 -17.8777 -17.8769
   -17.7889 -17.7555 -17.7521 -17.7093 -17.7018 -17.6863 -17.6839 -17.6590
   -17.6455 -17.6153 -17.6131 -17.5522 -17.5199 -17.5039 -17.4645 -17.3437
   -17.3250 -17.3241 -17.3188 -17.2888 -17.2806 -17.2575 -17.2561 -17.2196
   -17.1888 -17.1878 -17.1640 -17.1281 -17.0936 -17.0854 -17.0787 -16.9822
   -13.0550 -13.0492 -13.0360 -13.0279 -13.0179 -13.0125 -13.0037 -12.9957
   -12.9883 -12.9856 -12.9849 -12.9764 -12.9647 -12.9633 -12.9602 -12.9542
   -12.9482 -12.9448 -12.9406 -12.9337 -12.9306 -12.9100 -12.9086 -12.9063
   -12.9026 -12.9017 -12.8945 -12.8886 -12.8845 -12.8801 -12.8754 -12.8652
   -12.8606 -12.8605 -12.8600 -12.8558 -12.8468 -12.8427 -12.8265 -12.8119
   -12.8079 -12.8027 -12.7985 -12.7956 -12.7815 -12.7790 -12.7770 -12.7736
   -12.7724 -12.7681 -12.7673 -12.7642 -12.7507 -12.7506 -12.7487 -12.7440
   -12.7278 -12.7274 -12.7268 -12.7212 -12.7193 -12.7150 -12.7116 -12.6994
   -12.6986 -12.6965 -12.6940 -12.6933 -12.6803 -12.6795 -12.6787 -12.6768
   -12.6761 -12.6717 -12.6675 -12.6632 -12.6561 -12.6552 -12.6546 -12.6493
   -12.6433 -12.6430 -12.6382 -12.6299 -12.6245 -12.6227 -12.6212 -12.6208
   -12.6189 -12.6111 -12.6084 -12.6044 -12.5997 -12.5964 -12.5886 -12.5884
   -12.5877 -12.5732 -12.5612 -12.5391 -12.5143 -12.4883 -12.4637 -12.4567
   -12.4045 -12.3620 -12.3571 -12.2396 -12.2353 -12.2294 -12.1637 -12.1485
   -12.1091 -12.0888 -12.0061 -11.9877 -11.9687 -11.9049 -11.8774 -11.8277
    -6.6269  -6.4903  -6.4723  -6.4128  -6.3472  -6.3342  -6.3337  -6.2428
    -6.1543  -6.1215  -6.0886  -6.0527  -5.9382  -5.8666  -5.8349  -5.7849
    -5.7386  -5.5896  -5.5750  -5.4999  -5.4887  -5.4579  -5.4513  -5.3748
    -5.2741  -5.1672  -5.0472  -5.0235  -4.9199  -4.8832  -4.8774  -4.7852
    -4.7410  -4.5260  -4.3949  -4.3516  -4.1696  -4.0849  -4.0473  -4.0025
    -3.8906  -3.8558  -3.8268  -3.8268  -3.7899  -3.7827  -3.7707  -3.7135
    -3.6061  -3.4644  -3.3998  -3.3543  -3.3263  -3.2998  -3.2565  -3.2367
    -3.1766  -3.1629  -3.1242  -3.0602  -3.0071  -2.9136  -2.8376  -2.8143
    -2.8010  -2.5955  -2.5866  -2.5369  -2.5205  -2.5059  -2.4835  -2.4352
    -2.3813  -2.3630  -2.3209  -2.3189  -2.2992  -2.2802  -2.2005  -2.1606
    -2.1324  -2.1195  -2.0688  -2.0563  -2.0496  -2.0437  -2.0072  -1.9906
    -1.9787  -1.9470  -1.8491  -1.7670  -1.7184  -1.6969  -1.6755  -1.6551
    -1.6362  -1.5969  -1.5667  -1.5496  -1.5423  -1.4432  -1.4385  -1.3442
    -1.3286  -1.2733  -1.2622  -1.2283  -1.2280  -1.2123  -1.1562  -1.0917
    -1.0728  -1.0598  -1.0290  -1.0221  -1.0155  -0.9760  -0.9643  -0.9586
    -0.9255  -0.8837  -0.8741  -0.8527  -0.8244  -0.8104  -0.7666  -0.7566
    -0.6420  -0.5926  -0.5820  -0.5755  -0.4808  -0.4741  -0.3711  -0.3709
    -0.2764  -0.2756  -0.1750  -0.1667  -0.1240  -0.1225  -0.0680  -0.0644
     1.1004   2.5781   2.9507   3.4079   3.5115   3.5463   3.7840   3.9703
     4.0021   4.1582   4.2293   4.3804   4.3893   4.4154   4.4321   4.6288

          k = 0.1968 0.0000 0.0000 (180074 PWs)   bands (ev):

   -18.3158 -18.2829 -18.1808 -18.1766 -18.1169 -18.1156 -18.1123 -18.1113
   -17.9804 -17.9801 -17.9608 -17.9496 -17.9223 -17.9155 -17.8792 -17.8784
   -17.7866 -17.7551 -17.7509 -17.7117 -17.7035 -17.6861 -17.6827 -17.6595
   -17.6461 -17.6217 -17.6133 -17.5539 -17.5193 -17.5036 -17.4533 -17.3436
   -17.3244 -17.3233 -17.3205 -17.2868 -17.2777 -17.2585 -17.2566 -17.2175
   -17.1916 -17.1905 -17.1697 -17.1315 -17.0922 -17.0852 -17.0731 -16.9835
   -13.0539 -13.0480 -13.0366 -13.0277 -13.0161 -13.0119 -13.0036 -12.9985
   -12.9904 -12.9881 -12.9840 -12.9783 -12.9640 -12.9635 -12.9598 -12.9540
   -12.9477 -12.9440 -12.9418 -12.9354 -12.9316 -12.9100 -12.9085 -12.9062
   -12.9032 -12.9000 -12.8923 -12.8909 -12.8836 -12.8790 -12.8725 -12.8632
   -12.8595 -12.8590 -12.8581 -12.8546 -12.8450 -12.8428 -12.8261 -12.8124
   -12.8085 -12.8043 -12.8005 -12.7945 -12.7816 -12.7787 -12.7773 -12.7742
   -12.7740 -12.7685 -12.7673 -12.7664 -12.7518 -12.7502 -12.7501 -12.7458
   -12.7285 -12.7268 -12.7255 -12.7216 -12.7211 -12.7169 -12.7125 -12.6998
   -12.6987 -12.6978 -12.6934 -12.6917 -12.6808 -12.6786 -12.6781 -12.6757
   -12.6754 -12.6713 -12.6677 -12.6637 -12.6574 -12.6549 -12.6548 -12.6467
   -12.6429 -12.6417 -12.6377 -12.6302 -12.6241 -12.6231 -12.6222 -12.6217
   -12.6193 -12.6107 -12.6093 -12.6043 -12.6006 -12.5956 -12.5903 -12.5881
   -12.5879 -12.5732 -12.5636 -12.5411 -12.5076 -12.4813 -12.4620 -12.4594
   -12.4134 -12.3596 -12.3590 -12.2441 -12.2331 -12.2214 -12.1645 -12.1443
   -12.1058 -12.0946 -12.0060 -11.9915 -11.9629 -11.9053 -11.8779 -11.8319
    -6.6251  -6.4984  -6.4726  -6.4172  -6.3414  -6.3267  -6.3238  -6.2409
    -6.1560  -6.1260  -6.0948  -6.0609  -5.9258  -5.8635  -5.8300  -5.7798
    -5.7392  -5.5857  -5.5761  -5.5078  -5.4962  -5.4619  -5.4583  -5.3823
    -5.2755  -5.1858  -5.0466  -5.0172  -4.9048  -4.8771  -4.8585  -4.7853
    -4.7366  -4.5322  -4.4226  -4.3704  -4.1643  -4.0773  -4.0585  -4.0061
    -3.8720  -3.8583  -3.8311  -3.8290  -3.7924  -3.7740  -3.7671  -3.7074
    -3.5843  -3.4625  -3.3850  -3.3448  -3.3389  -3.2957  -3.2657  -3.2354
    -3.1682  -3.1339  -3.1283  -3.0596  -3.0019  -2.9102  -2.8467  -2.8225
    -2.7943  -2.6156  -2.6042  -2.5410  -2.5374  -2.5117  -2.4957  -2.4273
    -2.3850  -2.3690  -2.3388  -2.3133  -2.3039  -2.2740  -2.1952  -2.1508
    -2.1304  -2.1101  -2.0700  -2.0498  -2.0492  -2.0442  -2.0059  -1.9999
    -1.9711  -1.9518  -1.8437  -1.7725  -1.7213  -1.6763  -1.6708  -1.6554
    -1.6360  -1.5870  -1.5710  -1.5372  -1.5366  -1.4539  -1.4356  -1.3471
    -1.3212  -1.2777  -1.2740  -1.2369  -1.2313  -1.2185  -1.1585  -1.0849
    -1.0751  -1.0651  -1.0253  -1.0224  -1.0179  -0.9671  -0.9633  -0.9537
    -0.9219  -0.8894  -0.8786  -0.8537  -0.8245  -0.8065  -0.7689  -0.7618
    -0.6392  -0.5947  -0.5860  -0.5796  -0.4886  -0.4834  -0.3762  -0.3747
    -0.2678  -0.2667  -0.1815  -0.1734  -0.1232  -0.1214  -0.0671  -0.0631
     1.1463   2.6000   2.8743   3.4215   3.5192   3.5625   3.7354   4.0143
     4.0293   4.1479   4.2376   4.3460   4.3605   4.4026   4.5018   4.6895

          k = 0.2214 0.0000 0.0000 (180112 PWs)   bands (ev):

   -18.3127 -18.2805 -18.1860 -18.1805 -18.1169 -18.1157 -18.1131 -18.1124
   -17.9755 -17.9753 -17.9597 -17.9488 -17.9238 -17.9168 -17.8810 -17.8802
   -17.7840 -17.7545 -17.7495 -17.7142 -17.7053 -17.6862 -17.6816 -17.6602
   -17.6469 -17.6296 -17.6111 -17.5558 -17.5186 -17.5034 -17.4423 -17.3435
   -17.3238 -17.3226 -17.3221 -17.2846 -17.2747 -17.2612 -17.2556 -17.2152
   -17.1948 -17.1934 -17.1754 -17.1349 -17.0909 -17.0850 -17.0676 -16.9849
   -13.0526 -13.0466 -13.0370 -13.0275 -13.0142 -13.0113 -13.0036 -13.0012
   -12.9926 -12.9906 -12.9829 -12.9805 -12.9641 -12.9633 -12.9592 -12.9538
   -12.9472 -12.9429 -12.9429 -12.9371 -12.9330 -12.9099 -12.9087 -12.9060
   -12.9036 -12.8980 -12.8931 -12.8898 -12.8826 -12.8778 -12.8694 -12.8611
   -12.8585 -12.8573 -12.8561 -12.8534 -12.8431 -12.8429 -12.8258 -12.8128
   -12.8094 -12.8060 -12.8023 -12.7932 -12.7821 -12.7786 -12.7781 -12.7753
   -12.7748 -12.7707 -12.7688 -12.7654 -12.7529 -12.7515 -12.7497 -12.7477
   -12.7302 -12.7262 -12.7230 -12.7230 -12.7222 -12.7185 -12.7134 -12.7001
   -12.6989 -12.6988 -12.6935 -12.6895 -12.6823 -12.6777 -12.6768 -12.6757
   -12.6740 -12.6709 -12.6677 -12.6654 -12.6588 -12.6542 -12.6542 -12.6442
   -12.6427 -12.6398 -12.6375 -12.6305 -12.6236 -12.6236 -12.6235 -12.6221
   -12.6195 -12.6103 -12.6102 -12.6042 -12.6013 -12.5950 -12.5918 -12.5886
   -12.5871 -12.5733 -12.5657 -12.5427 -12.5012 -12.4742 -12.4623 -12.4613
   -12.4212 -12.3612 -12.3569 -12.2489 -12.2306 -12.2142 -12.1655 -12.1404
   -12.1017 -12.1000 -12.0059 -11.9957 -11.9571 -11.9057 -11.8786 -11.8365
    -6.6230  -6.5065  -6.4727  -6.4215  -6.3351  -6.3196  -6.3134  -6.2388
    -6.1580  -6.1311  -6.1016  -6.0695  -5.9124  -5.8600  -5.8246  -5.7746
    -5.7402  -5.5815  -5.5773  -5.5157  -5.5047  -5.4670  -5.4658  -5.3903
    -5.2769  -5.2031  -5.0449  -5.0110  -4.8899  -4.8700  -4.8398  -4.7852
    -4.7315  -4.5390  -4.4501  -4.3898  -4.1590  -4.0718  -4.0691  -4.0112
    -3.8599  -3.8525  -3.8331  -3.8310  -3.7951  -3.7776  -3.7523  -3.7010
    -3.5610  -3.4610  -3.3705  -3.3508  -3.3341  -3.2914  -3.2762  -3.2339
    -3.1597  -3.1324  -3.1039  -3.0581  -2.9988  -2.9062  -2.8555  -2.8312
    -2.7873  -2.6357  -2.6226  -2.5665  -2.5376  -2.5160  -2.5015  -2.4182
    -2.3951  -2.3760  -2.3537  -2.3083  -2.3072  -2.2673  -2.1898  -2.1413
    -2.1273  -2.1072  -2.0651  -2.0586  -2.0440  -2.0431  -2.0205  -1.9919
    -1.9633  -1.9513  -1.8385  -1.7802  -1.7244  -1.6685  -1.6619  -1.6523
    -1.6311  -1.5805  -1.5752  -1.5253  -1.5243  -1.4698  -1.4290  -1.3505
    -1.3142  -1.2848  -1.2828  -1.2458  -1.2336  -1.2211  -1.1599  -1.0807
    -1.0747  -1.0720  -1.0283  -1.0224  -1.0161  -0.9766  -0.9495  -0.9437
    -0.9173  -0.8954  -0.8838  -0.8549  -0.8246  -0.8027  -0.7718  -0.7679
    -0.6359  -0.5962  -0.5901  -0.5839  -0.4961  -0.4922  -0.3827  -0.3793
    -0.2594  -0.2582  -0.1872  -0.1797  -0.1222  -0.1201  -0.0668  -0.0625
     1.1963   2.6245   2.7978   3.4369   3.5214   3.5807   3.6947   4.0281
     4.0653   4.1542   4.2473   4.3118   4.3272   4.3963   4.5959   4.7203

          k = 0.2460 0.0000 0.0000 (180136 PWs)   bands (ev):

   -18.3092 -18.2778 -18.1916 -18.1848 -18.1169 -18.1158 -18.1138 -18.1134
   -17.9706 -17.9704 -17.9583 -17.9479 -17.9254 -17.9182 -17.8830 -17.8823
   -17.7811 -17.7539 -17.7479 -17.7167 -17.7071 -17.6868 -17.6805 -17.6609
   -17.6476 -17.6369 -17.6088 -17.5577 -17.5179 -17.5033 -17.4313 -17.3434
   -17.3235 -17.3232 -17.3218 -17.2820 -17.2717 -17.2643 -17.2544 -17.2127
   -17.1981 -17.1966 -17.1809 -17.1385 -17.0897 -17.0848 -17.0622 -16.9866
   -13.0512 -13.0450 -13.0372 -13.0273 -13.0123 -13.0108 -13.0039 -13.0035
   -12.9948 -12.9930 -12.9829 -12.9817 -12.9652 -12.9624 -12.9585 -12.9536
   -12.9470 -12.9440 -12.9417 -12.9389 -12.9345 -12.9097 -12.9089 -12.9059
   -12.9037 -12.8968 -12.8945 -12.8872 -12.8815 -12.8767 -12.8663 -12.8588
   -12.8573 -12.8558 -12.8541 -12.8521 -12.8430 -12.8413 -12.8255 -12.8131
   -12.8104 -12.8078 -12.8041 -12.7920 -12.7831 -12.7793 -12.7788 -12.7762
   -12.7757 -12.7740 -12.7689 -12.7643 -12.7539 -12.7530 -12.7494 -12.7492
   -12.7318 -12.7256 -12.7247 -12.7228 -12.7204 -12.7200 -12.7144 -12.7004
   -12.7000 -12.6988 -12.6936 -12.6874 -12.6838 -12.6777 -12.6760 -12.6751
   -12.6725 -12.6706 -12.6674 -12.6673 -12.6602 -12.6536 -12.6531 -12.6426
   -12.6419 -12.6376 -12.6374 -12.6308 -12.6247 -12.6242 -12.6231 -12.6225
   -12.6198 -12.6112 -12.6097 -12.6039 -12.6020 -12.5947 -12.5933 -12.5891
   -12.5861 -12.5734 -12.5676 -12.5439 -12.4951 -12.4670 -12.4651 -12.4622
   -12.4274 -12.3635 -12.3540 -12.2539 -12.2278 -12.2079 -12.1665 -12.1373
   -12.1043 -12.0968 -12.0059 -12.0002 -11.9513 -11.9061 -11.8794 -11.8415
    -6.6207  -6.5143  -6.4727  -6.4257  -6.3283  -6.3123  -6.3028  -6.2365
    -6.1601  -6.1366  -6.1089  -6.0783  -5.8978  -5.8559  -5.8186  -5.7693
    -5.7416  -5.5785  -5.5771  -5.5233  -5.5143  -5.4739  -5.4730  -5.3988
    -5.2783  -5.2190  -5.0423  -5.0051  -4.8754  -4.8621  -4.8216  -4.7851
    -4.7257  -4.5463  -4.4772  -4.4096  -4.1539  -4.0791  -4.0683  -4.0179
    -3.8606  -3.8328  -3.8328  -3.8322  -3.7978  -3.7814  -3.7387  -3.6942
    -3.5366  -3.4602  -3.3609  -3.3580  -3.3226  -3.2868  -3.2865  -3.2321
    -3.1513  -3.1363  -3.0741  -3.0556  -2.9980  -2.9018  -2.8633  -2.8402
    -2.7798  -2.6553  -2.6412  -2.5932  -2.5376  -2.5187  -2.5034  -2.4137
    -2.4082  -2.3832  -2.3630  -2.3126  -2.3009  -2.2605  -2.1856  -2.1323
    -2.1239  -2.1097  -2.0691  -2.0557  -2.0485  -2.0375  -2.0342  -1.9840
    -1.9547  -1.9463  -1.8338  -1.7893  -1.7279  -1.6707  -1.6676  -1.6259
    -1.6258  -1.5789  -1.5774  -1.5113  -1.5095  -1.4858  -1.4246  -1.3544
    -1.3084  -1.2945  -1.2865  -1.2538  -1.2353  -1.2210  -1.1602  -1.0819
    -1.0808  -1.0689  -1.0335  -1.0199  -1.0165  -0.9868  -0.9355  -0.9347
    -0.9121  -0.9015  -0.8896  -0.8562  -0.8248  -0.7992  -0.7753  -0.7746
    -0.6323  -0.5971  -0.5943  -0.5883  -0.5031  -0.5002  -0.3903  -0.3850
    -0.2515  -0.2502  -0.1920  -0.1852  -0.1210  -0.1186  -0.0670  -0.0624
     1.2500   2.6514   2.7212   3.4539   3.5114   3.6007   3.6685   4.0428
     4.0599   4.1950   4.2580   4.2768   4.2916   4.3970   4.4776   4.7333

          k = 0.0174 0.0174 0.0000 (179951 PWs)   bands (ev):

   -18.3275 -18.2920 -18.1617 -18.1600 -18.1166 -18.1152 -18.1056 -18.1026
   -18.0038 -18.0029 -17.9649 -17.9526 -17.9160 -17.9101 -17.8730 -17.8719
   -17.7963 -17.7568 -17.7562 -17.6957 -17.6942 -17.6929 -17.6899 -17.6570
   -17.6433 -17.6229 -17.5544 -17.5457 -17.5308 -17.5216 -17.5057 -17.3440
   -17.3275 -17.3270 -17.3089 -17.2947 -17.2946 -17.2601 -17.2482 -17.2272
   -17.1790 -17.1788 -17.1301 -17.1121 -17.1100 -17.1059 -17.0858 -16.9782
   -13.0586 -13.0533 -13.0303 -13.0290 -13.0271 -13.0149 -13.0041 -12.9892
   -12.9814 -12.9783 -12.9754 -12.9700 -12.9676 -12.9670 -12.9619 -12.9553
   -12.9524 -12.9460 -12.9355 -12.9294 -12.9235 -12.9191 -12.9066 -12.9065
   -12.9050 -12.8988 -12.8953 -12.8893 -12.8865 -12.8857 -12.8794 -12.8730
   -12.8685 -12.8673 -12.8635 -12.8610 -12.8535 -12.8425 -12.8293 -12.8096
   -12.8073 -12.7997 -12.7969 -12.7872 -12.7825 -12.7801 -12.7776 -12.7716
   -12.7713 -12.7682 -12.7654 -12.7571 -12.7477 -12.7444 -12.7416 -12.7386
   -12.7356 -12.7302 -12.7202 -12.7172 -12.7122 -12.7080 -12.7058 -12.7038
   -12.6994 -12.6989 -12.6903 -12.6866 -12.6854 -12.6844 -12.6833 -12.6818
   -12.6800 -12.6747 -12.6696 -12.6637 -12.6622 -12.6525 -12.6520 -12.6499
   -12.6446 -12.6430 -12.6407 -12.6288 -12.6267 -12.6220 -12.6200 -12.6186
   -12.6134 -12.6113 -12.6046 -12.6045 -12.6009 -12.5949 -12.5905 -12.5864
   -12.5732 -12.5720 -12.5512 -12.5400 -12.5262 -12.5257 -12.4762 -12.4470
   -12.3729 -12.3536 -12.3478 -12.2778 -12.2425 -12.2217 -12.1670 -12.1611
   -12.1170 -12.0600 -12.0071 -11.9976 -11.9737 -11.9031 -11.8763 -11.8136
    -6.6326  -6.4701  -6.4475  -6.3842  -6.3841  -6.3767  -6.3617  -6.2489
    -6.1492  -6.1095  -6.0643  -6.0105  -5.9906  -5.8767  -5.8527  -5.8033
    -5.7371  -5.6032  -5.5714  -5.4689  -5.4596  -5.4520  -5.4271  -5.3467
    -5.2685  -5.0513  -5.0411  -5.0195  -5.0042  -4.9992  -4.9023  -4.7845
    -4.7545  -4.5033  -4.2718  -4.2420  -4.1905  -4.1707  -4.0061  -3.9846
    -3.9705  -3.8533  -3.8331  -3.8140  -3.7839  -3.7792  -3.7649  -3.7436
    -3.6907  -3.4758  -3.4574  -3.3716  -3.3091  -3.2931  -3.2690  -3.2339
    -3.2305  -3.2129  -3.1034  -3.0589  -3.0443  -2.9238  -2.8277  -2.7962
    -2.7855  -2.5422  -2.5232  -2.5020  -2.4862  -2.4591  -2.4456  -2.3870
    -2.3627  -2.3519  -2.3384  -2.3292  -2.2779  -2.2634  -2.2209  -2.1865
    -2.1541  -2.1438  -2.1037  -2.0973  -2.0514  -2.0475  -2.0323  -2.0140
    -1.9189  -1.8769  -1.8697  -1.7971  -1.7528  -1.7161  -1.7095  -1.6960
    -1.6279  -1.6121  -1.5988  -1.5468  -1.5391  -1.4762  -1.3760  -1.3589
    -1.3459  -1.2698  -1.2025  -1.1933  -1.1927  -1.1388  -1.1345  -1.1198
    -1.0965  -1.0711  -1.0489  -1.0478  -1.0218  -1.0093  -0.9725  -0.9384
    -0.9298  -0.8645  -0.8623  -0.8505  -0.8251  -0.8246  -0.7629  -0.7427
    -0.6488  -0.5802  -0.5670  -0.5605  -0.4387  -0.4259  -0.3639  -0.3586
    -0.3193  -0.3190  -0.1374  -0.1300  -0.1268  -0.1265  -0.0791  -0.0780
     0.9402   2.5060   3.3636   3.4249   3.4279   3.5301   3.5347   3.9630
     4.1306   4.1503   4.2215   4.2351   4.4411   4.5622   4.6481   4.7302

          k = 0.0348 0.0348 0.0000 (179979 PWs)   bands (ev):

   -18.3269 -18.2916 -18.1628 -18.1611 -18.1163 -18.1149 -18.1058 -18.1029
   -18.0032 -18.0023 -17.9652 -17.9530 -17.9156 -17.9098 -17.8729 -17.8718
   -17.7959 -17.7569 -17.7562 -17.6973 -17.6949 -17.6920 -17.6895 -17.6570
   -17.6435 -17.6236 -17.5600 -17.5453 -17.5246 -17.5205 -17.5056 -17.3439
   -17.3275 -17.3268 -17.3096 -17.2944 -17.2942 -17.2601 -17.2485 -17.2271
   -17.1793 -17.1791 -17.1328 -17.1126 -17.1095 -17.1048 -17.0843 -16.9785
   -13.0584 -13.0531 -13.0313 -13.0292 -13.0257 -13.0148 -13.0044 -12.9891
   -12.9834 -12.9778 -12.9760 -12.9698 -12.9672 -12.9669 -12.9610 -12.9552
   -12.9538 -12.9446 -12.9355 -12.9298 -12.9246 -12.9185 -12.9073 -12.9062
   -12.9041 -12.8993 -12.8957 -12.8885 -12.8860 -12.8854 -12.8798 -12.8726
   -12.8688 -12.8666 -12.8634 -12.8607 -12.8531 -12.8424 -12.8290 -12.8097
   -12.8072 -12.7996 -12.7972 -12.7882 -12.7826 -12.7793 -12.7776 -12.7719
   -12.7715 -12.7674 -12.7662 -12.7564 -12.7483 -12.7455 -12.7421 -12.7375
   -12.7360 -12.7303 -12.7206 -12.7180 -12.7126 -12.7090 -12.7049 -12.7044
   -12.6997 -12.6995 -12.6899 -12.6870 -12.6862 -12.6839 -12.6830 -12.6811
   -12.6789 -12.6741 -12.6692 -12.6641 -12.6614 -12.6540 -12.6518 -12.6490
   -12.6443 -12.6425 -12.6411 -12.6289 -12.6267 -12.6224 -12.6200 -12.6185
   -12.6136 -12.6113 -12.6047 -12.6044 -12.6005 -12.5952 -12.5905 -12.5865
   -12.5740 -12.5728 -12.5518 -12.5423 -12.5235 -12.5229 -12.4754 -12.4474
   -12.3786 -12.3560 -12.3419 -12.2747 -12.2428 -12.2226 -12.1664 -12.1610
   -12.1168 -12.0616 -12.0077 -11.9989 -11.9714 -11.9030 -11.8763 -11.8142
    -6.6322  -6.4700  -6.4495  -6.3900  -6.3819  -6.3784  -6.3529  -6.2484
    -6.1511  -6.1167  -6.0581  -6.0112  -5.9866  -5.8787  -5.8563  -5.7989
    -5.7352  -5.6030  -5.5723  -5.4702  -5.4614  -5.4518  -5.4281  -5.3485
    -5.2682  -5.0530  -5.0527  -5.0235  -4.9953  -4.9867  -4.9015  -4.7841
    -4.7538  -4.5044  -4.2744  -4.2592  -4.1902  -4.1572  -4.0248  -3.9880
    -3.9646  -3.8358  -3.8346  -3.8154  -3.7860  -3.7770  -3.7653  -3.7414
    -3.6851  -3.4797  -3.4496  -3.3733  -3.3111  -3.2902  -3.2775  -3.2304
    -3.2245  -3.2075  -3.1017  -3.0619  -3.0385  -2.9235  -2.8291  -2.7947
    -2.7881  -2.5434  -2.5318  -2.5072  -2.4897  -2.4624  -2.4447  -2.3870
    -2.3694  -2.3574  -2.3383  -2.3239  -2.2773  -2.2642  -2.2174  -2.1893
    -2.1611  -2.1570  -2.0918  -2.0859  -2.0489  -2.0478  -2.0352  -2.0010
    -1.9244  -1.8784  -1.8691  -1.7938  -1.7497  -1.7172  -1.7113  -1.6926
    -1.6257  -1.6135  -1.5965  -1.5447  -1.5380  -1.4746  -1.3779  -1.3561
    -1.3462  -1.2693  -1.2067  -1.1960  -1.1949  -1.1397  -1.1321  -1.1318
    -1.0858  -1.0765  -1.0495  -1.0424  -1.0175  -1.0084  -0.9769  -0.9390
    -0.9291  -0.8638  -0.8634  -0.8523  -0.8250  -0.8246  -0.7643  -0.7443
    -0.6488  -0.5818  -0.5682  -0.5616  -0.4401  -0.4274  -0.3661  -0.3618
    -0.3145  -0.3141  -0.1390  -0.1320  -0.1286  -0.1280  -0.0774  -0.0761
     0.9510   2.5107   3.3656   3.3752   3.3776   3.5830   3.5872   3.9650
     4.0936   4.1098   4.2570   4.2755   4.5055   4.6034   4.6035   4.7439

          k = 0.0522 0.0522 0.0000 (179995 PWs)   bands (ev):

   -18.3260 -18.2909 -18.1645 -18.1628 -18.1158 -18.1146 -18.1060 -18.1033
   -18.0023 -18.0013 -17.9657 -17.9536 -17.9151 -17.9092 -17.8727 -17.8717
   -17.7953 -17.7571 -17.7561 -17.6991 -17.6959 -17.6913 -17.6889 -17.6572
   -17.6439 -17.6247 -17.5663 -17.5449 -17.5187 -17.5174 -17.5055 -17.3438
   -17.3273 -17.3265 -17.3106 -17.2940 -17.2936 -17.2600 -17.2490 -17.2268
   -17.1798 -17.1797 -17.1363 -17.1157 -17.1061 -17.1040 -17.0823 -16.9789
   -13.0581 -13.0527 -13.0323 -13.0294 -13.0242 -13.0145 -13.0049 -12.9890
   -12.9857 -12.9777 -12.9770 -12.9696 -12.9667 -12.9667 -12.9598 -12.9554
   -12.9551 -12.9429 -12.9357 -12.9304 -12.9260 -12.9179 -12.9079 -12.9062
   -12.9031 -12.8994 -12.8964 -12.8875 -12.8851 -12.8848 -12.8804 -12.8720
   -12.8691 -12.8658 -12.8631 -12.8601 -12.8524 -12.8424 -12.8286 -12.8097
   -12.8071 -12.7993 -12.7980 -12.7892 -12.7829 -12.7783 -12.7776 -12.7722
   -12.7717 -12.7672 -12.7662 -12.7556 -12.7491 -12.7471 -12.7423 -12.7368
   -12.7363 -12.7302 -12.7212 -12.7193 -12.7133 -12.7103 -12.7054 -12.7038
   -12.7007 -12.6999 -12.6895 -12.6878 -12.6864 -12.6834 -12.6828 -12.6800
   -12.6775 -12.6731 -12.6686 -12.6647 -12.6603 -12.6556 -12.6514 -12.6482
   -12.6440 -12.6417 -12.6416 -12.6290 -12.6267 -12.6229 -12.6201 -12.6185
   -12.6138 -12.6112 -12.6050 -12.6043 -12.5999 -12.5956 -12.5905 -12.5866
   -12.5769 -12.5722 -12.5525 -12.5450 -12.5197 -12.5193 -12.4740 -12.4481
   -12.3851 -12.3595 -12.3351 -12.2700 -12.2432 -12.2240 -12.1655 -12.1609
   -12.1164 -12.0642 -12.0085 -12.0005 -11.9682 -11.9028 -11.8764 -11.8153
    -6.6314  -6.4698  -6.4526  -6.3972  -6.3786  -6.3783  -6.3435  -6.2475
    -6.1543  -6.1259  -6.0503  -6.0116  -5.9810  -5.8818  -5.8610  -5.7929
    -5.7322  -5.6027  -5.5738  -5.4724  -5.4641  -5.4518  -5.4298  -5.3513
    -5.2676  -5.0662  -5.0546  -5.0265  -4.9849  -4.9726  -4.9002  -4.7835
    -4.7525  -4.5063  -4.2789  -4.2785  -4.1927  -4.1407  -4.0497  -3.9906
    -3.9583  -3.8369  -3.8169  -3.8145  -3.7869  -3.7754  -3.7640  -3.7385
    -3.6764  -3.4823  -3.4404  -3.3754  -3.3124  -3.2884  -3.2879  -3.2259
    -3.2175  -3.1976  -3.0989  -3.0643  -3.0316  -2.9228  -2.8314  -2.7926
    -2.7924  -2.5504  -2.5395  -2.5160  -2.4953  -2.4671  -2.4429  -2.3877
    -2.3790  -2.3644  -2.3383  -2.3200  -2.2771  -2.2635  -2.2131  -2.1945
    -2.1748  -2.1603  -2.0834  -2.0754  -2.0461  -2.0404  -2.0347  -1.9870
    -1.9333  -1.8805  -1.8675  -1.7889  -1.7451  -1.7184  -1.7139  -1.6872
    -1.6225  -1.6157  -1.5939  -1.5405  -1.5361  -1.4719  -1.3808  -1.3515
    -1.3474  -1.2685  -1.2131  -1.2001  -1.1974  -1.1441  -1.1418  -1.1285
    -1.0809  -1.0762  -1.0502  -1.0392  -1.0133  -1.0034  -0.9833  -0.9415
    -0.9271  -0.8654  -0.8629  -0.8551  -0.8248  -0.8245  -0.7665  -0.7469
    -0.6487  -0.5842  -0.5701  -0.5635  -0.4427  -0.4301  -0.3685  -0.3652
    -0.3083  -0.3074  -0.1416  -0.1357  -0.1313  -0.1299  -0.0748  -0.0733
     0.9687   2.5184   3.3243   3.3278   3.3715   3.6364   3.6402   3.9838
     4.0531   4.0699   4.2907   4.3141   4.4640   4.4720   4.5438   4.6687

          k = 0.0696 0.0696 0.0000 (180021 PWs)   bands (ev):

   -18.3247 -18.2899 -18.1668 -18.1651 -18.1154 -18.1146 -18.1061 -18.1037
   -18.0009 -17.9999 -17.9663 -17.9543 -17.9145 -17.9085 -17.8725 -17.8716
   -17.7944 -17.7574 -17.7561 -17.7012 -17.6971 -17.6907 -17.6883 -17.6574
   -17.6443 -17.6260 -17.5725 -17.5445 -17.5161 -17.5097 -17.5051 -17.3437
   -17.3271 -17.3262 -17.3119 -17.2936 -17.2927 -17.2598 -17.2497 -17.2265
   -17.1805 -17.1804 -17.1402 -17.1190 -17.1034 -17.1024 -17.0798 -16.9795
   -13.0576 -13.0522 -13.0332 -13.0295 -13.0226 -13.0143 -13.0055 -12.9898
   -12.9872 -12.9781 -12.9780 -12.9695 -12.9665 -12.9659 -12.9584 -12.9570
   -12.9549 -12.9413 -12.9359 -12.9312 -12.9273 -12.9174 -12.9086 -12.9069
   -12.9020 -12.8986 -12.8973 -12.8865 -12.8841 -12.8838 -12.8812 -12.8712
   -12.8693 -12.8650 -12.8627 -12.8595 -12.8516 -12.8423 -12.8280 -12.8098
   -12.8071 -12.7991 -12.7988 -12.7900 -12.7832 -12.7776 -12.7774 -12.7726
   -12.7721 -12.7684 -12.7648 -12.7549 -12.7501 -12.7490 -12.7424 -12.7379
   -12.7353 -12.7301 -12.7221 -12.7209 -12.7143 -12.7116 -12.7064 -12.7026
   -12.7014 -12.7003 -12.6892 -12.6890 -12.6860 -12.6832 -12.6826 -12.6786
   -12.6760 -12.6719 -12.6679 -12.6654 -12.6589 -12.6570 -12.6508 -12.6477
   -12.6437 -12.6425 -12.6402 -12.6292 -12.6268 -12.6236 -12.6201 -12.6186
   -12.6140 -12.6111 -12.6053 -12.6043 -12.5992 -12.5962 -12.5905 -12.5868
   -12.5800 -12.5714 -12.5532 -12.5478 -12.5156 -12.5154 -12.4721 -12.4490
   -12.3917 -12.3638 -12.3282 -12.2643 -12.2440 -12.2257 -12.1641 -12.1607
   -12.1158 -12.0678 -12.0096 -12.0019 -11.9647 -11.9025 -11.8765 -11.8167
    -6.6304  -6.4697  -6.4563  -6.4044  -6.3785  -6.3739  -6.3338  -6.2464
    -6.1584  -6.1362  -6.0421  -6.0113  -5.9744  -5.8857  -5.8656  -5.7861
    -5.7284  -5.6025  -5.5757  -5.4754  -5.4674  -5.4522  -5.4320  -5.3551
    -5.2669  -5.0795  -5.0566  -5.0288  -4.9733  -4.9579  -4.8984  -4.7827
    -4.7505  -4.5088  -4.2993  -4.2838  -4.1969  -4.1246  -4.0775  -3.9921
    -3.9526  -3.8395  -3.8178  -3.8006  -3.7781  -3.7756  -3.7601  -3.7353
    -3.6652  -3.4832  -3.4304  -3.3773  -3.3125  -3.3004  -3.2866  -3.2213
    -3.2104  -3.1833  -3.0953  -3.0656  -3.0245  -2.9218  -2.8343  -2.7984
    -2.7903  -2.5662  -2.5419  -2.5279  -2.5029  -2.4728  -2.4403  -2.3957
    -2.3841  -2.3726  -2.3386  -2.3196  -2.2777  -2.2609  -2.2089  -2.2017
    -2.1844  -2.1627  -2.0737  -2.0730  -2.0411  -2.0315  -2.0261  -1.9732
    -1.9442  -1.8834  -1.8645  -1.7835  -1.7394  -1.7185  -1.7167  -1.6803
    -1.6210  -1.6155  -1.5924  -1.5336  -1.5335  -1.4681  -1.3847  -1.3502
    -1.3456  -1.2675  -1.2208  -1.2040  -1.2006  -1.1565  -1.1455  -1.1240
    -1.0838  -1.0688  -1.0499  -1.0378  -1.0121  -0.9927  -0.9909  -0.9458
    -0.9247  -0.8681  -0.8617  -0.8589  -0.8245  -0.8244  -0.7693  -0.7502
    -0.6485  -0.5874  -0.5726  -0.5659  -0.4465  -0.4339  -0.3704  -0.3678
    -0.3015  -0.3006  -0.1452  -0.1405  -0.1343  -0.1318  -0.0717  -0.0700
     0.9930   2.5292   3.2757   3.2791   3.3781   3.6900   3.6930   3.9828
     4.0196   4.0311   4.3139   4.3478   4.4214   4.4664   4.5269   4.7190

          k = 0.0870 0.0870 0.0000 (180055 PWs)   bands (ev):

   -18.3231 -18.2886 -18.1695 -18.1679 -18.1154 -18.1151 -18.1058 -18.1040
   -17.9993 -17.9982 -17.9670 -17.9552 -17.9136 -17.9076 -17.8723 -17.8714
   -17.7933 -17.7577 -17.7560 -17.7035 -17.6985 -17.6902 -17.6876 -17.6576
   -17.6450 -17.6275 -17.5786 -17.5444 -17.5129 -17.5045 -17.5018 -17.3436
   -17.3267 -17.3258 -17.3134 -17.2931 -17.2918 -17.2596 -17.2505 -17.2261
   -17.1814 -17.1813 -17.1442 -17.1226 -17.1028 -17.0986 -17.0771 -16.9802
   -13.0571 -13.0515 -13.0340 -13.0297 -13.0209 -13.0140 -13.0062 -12.9922
   -12.9872 -12.9795 -12.9786 -12.9694 -12.9661 -12.9651 -12.9586 -12.9568
   -12.9547 -12.9397 -12.9363 -12.9320 -12.9286 -12.9169 -12.9092 -12.9083
   -12.9009 -12.8981 -12.8971 -12.8857 -12.8832 -12.8823 -12.8820 -12.8702
   -12.8694 -12.8643 -12.8620 -12.8587 -12.8505 -12.8421 -12.8272 -12.8099
   -12.8073 -12.8004 -12.7982 -12.7906 -12.7832 -12.7778 -12.7767 -12.7730
   -12.7724 -12.7696 -12.7634 -12.7547 -12.7511 -12.7509 -12.7425 -12.7393
   -12.7344 -12.7297 -12.7232 -12.7228 -12.7155 -12.7131 -12.7075 -12.7017
   -12.7016 -12.7004 -12.6903 -12.6889 -12.6854 -12.6831 -12.6824 -12.6773
   -12.6746 -12.6706 -12.6670 -12.6662 -12.6582 -12.6574 -12.6501 -12.6473
   -12.6433 -12.6432 -12.6388 -12.6293 -12.6271 -12.6244 -12.6201 -12.6188
   -12.6140 -12.6109 -12.6057 -12.6042 -12.5984 -12.5969 -12.5905 -12.5871
   -12.5829 -12.5705 -12.5539 -12.5506 -12.5116 -12.5114 -12.4698 -12.4501
   -12.3981 -12.3683 -12.3217 -12.2579 -12.2452 -12.2275 -12.1623 -12.1604
   -12.1150 -12.0723 -12.0109 -12.0030 -11.9611 -11.9023 -11.8766 -11.8186
    -6.6291  -6.4695  -6.4604  -6.4113  -6.3781  -6.3689  -6.3238  -6.2449
    -6.1631  -6.1470  -6.0340  -6.0103  -5.9676  -5.8900  -5.8693  -5.7790
    -5.7242  -5.6024  -5.5778  -5.4791  -5.4712  -5.4531  -5.4348  -5.3598
    -5.2660  -5.0927  -5.0584  -5.0307  -4.9609  -4.9432  -4.8959  -4.7818
    -4.7476  -4.5120  -4.3195  -4.2902  -4.2024  -4.1103  -4.1067  -3.9926
    -3.9483  -3.8422  -3.8179  -3.7983  -3.7763  -3.7565  -3.7546  -3.7315
    -3.6520  -3.4820  -3.4198  -3.3782  -3.3129  -3.3118  -3.2859  -3.2166
    -3.2033  -3.1656  -3.0912  -3.0656  -3.0173  -2.9203  -2.8378  -2.8063
    -2.7882  -2.5852  -2.5445  -2.5414  -2.5123  -2.4794  -2.4367  -2.4105
    -2.3839  -2.3818  -2.3395  -2.3224  -2.2797  -2.2576  -2.2091  -2.2052
    -2.1917  -2.1632  -2.0763  -2.0613  -2.0331  -2.0249  -2.0135  -1.9602
    -1.9539  -1.8865  -1.8603  -1.7797  -1.7329  -1.7194  -1.7159  -1.6723
    -1.6243  -1.6103  -1.5925  -1.5306  -1.5236  -1.4633  -1.3899  -1.3553
    -1.3385  -1.2662  -1.2285  -1.2073  -1.2042  -1.1689  -1.1507  -1.1188
    -1.0856  -1.0658  -1.0470  -1.0375  -1.0114  -0.9994  -0.9806  -0.9511
    -0.9227  -0.8714  -0.8635  -0.8604  -0.8243  -0.8240  -0.7727  -0.7540
    -0.6481  -0.5912  -0.5759  -0.5689  -0.4514  -0.4387  -0.3714  -0.3692
    -0.2948  -0.2946  -0.1496  -0.1463  -0.1369  -0.1337  -0.0682  -0.0663
     1.0235   2.5429   3.2283   3.2315   3.3865   3.7430   3.7441   3.9850
     3.9852   3.9944   4.3150   4.3723   4.4553   4.5516   4.5718   4.6230

          k = 0.1044 0.1044 0.0000 (180075 PWs)   bands (ev):

   -18.3210 -18.2870 -18.1724 -18.1709 -18.1161 -18.1159 -18.1054 -18.1041
   -17.9974 -17.9963 -17.9677 -17.9561 -17.9127 -17.9066 -17.8721 -17.8713
   -17.7920 -17.7581 -17.7558 -17.7061 -17.7002 -17.6900 -17.6870 -17.6581
   -17.6457 -17.6289 -17.5844 -17.5447 -17.5094 -17.5031 -17.4937 -17.3434
   -17.3262 -17.3253 -17.3152 -17.2925 -17.2908 -17.2593 -17.2515 -17.2258
   -17.1826 -17.1824 -17.1482 -17.1263 -17.1022 -17.0948 -17.0744 -16.9812
   -13.0565 -13.0505 -13.0346 -13.0300 -13.0192 -13.0138 -13.0069 -12.9951
   -12.9867 -12.9810 -12.9794 -12.9693 -12.9657 -12.9642 -12.9599 -12.9553
   -12.9546 -12.9382 -12.9368 -12.9328 -12.9297 -12.9166 -12.9100 -12.9098
   -12.9003 -12.8987 -12.8953 -12.8853 -12.8825 -12.8823 -12.8806 -12.8696
   -12.8690 -12.8637 -12.8612 -12.8578 -12.8493 -12.8419 -12.8263 -12.8102
   -12.8078 -12.8017 -12.7975 -12.7912 -12.7829 -12.7780 -12.7761 -12.7734
   -12.7729 -12.7707 -12.7619 -12.7554 -12.7534 -12.7509 -12.7427 -12.7409
   -12.7339 -12.7293 -12.7250 -12.7243 -12.7170 -12.7145 -12.7084 -12.7017
   -12.7015 -12.6996 -12.6915 -12.6888 -12.6846 -12.6831 -12.6821 -12.6763
   -12.6735 -12.6692 -12.6673 -12.6660 -12.6591 -12.6557 -12.6494 -12.6472
   -12.6439 -12.6428 -12.6373 -12.6296 -12.6275 -12.6252 -12.6201 -12.6190
   -12.6140 -12.6106 -12.6061 -12.6041 -12.5981 -12.5976 -12.5904 -12.5875
   -12.5851 -12.5696 -12.5546 -12.5532 -12.5079 -12.5073 -12.4673 -12.4511
   -12.4042 -12.3728 -12.3158 -12.2513 -12.2471 -12.2290 -12.1602 -12.1601
   -12.1139 -12.0774 -12.0123 -12.0035 -11.9576 -11.9021 -11.8767 -11.8209
    -6.6275  -6.4693  -6.4647  -6.4179  -6.3776  -6.3637  -6.3136  -6.2432
    -6.1682  -6.1580  -6.0263  -6.0089  -5.9610  -5.8944  -5.8715  -5.7721
    -5.7199  -5.6029  -5.5796  -5.4835  -5.4755  -5.4546  -5.4380  -5.3651
    -5.2649  -5.1056  -5.0599  -5.0326  -4.9478  -4.9284  -4.8927  -4.7809
    -4.7438  -4.5159  -4.3393  -4.2974  -4.2091  -4.1362  -4.0984  -3.9925
    -3.9459  -3.8445  -3.8170  -3.7969  -3.7765  -3.7484  -3.7373  -3.7231
    -3.6372  -3.4788  -3.4088  -3.3778  -3.3253  -3.3104  -3.2853  -3.2119
    -3.1965  -3.1456  -3.0868  -3.0640  -3.0103  -2.9181  -2.8419  -2.8160
    -2.7867  -2.6057  -2.5586  -2.5453  -2.5236  -2.4871  -2.4321  -2.4264
    -2.3916  -2.3830  -2.3414  -2.3270  -2.2830  -2.2555  -2.2151  -2.2025
    -2.1982  -2.1608  -2.0806  -2.0497  -2.0230  -2.0140  -2.0102  -1.9570
    -1.9484  -1.8888  -1.8559  -1.7791  -1.7256  -1.7217  -1.7087  -1.6636
    -1.6286  -1.6035  -1.5941  -1.5272  -1.5112  -1.4577  -1.3969  -1.3624
    -1.3309  -1.2644  -1.2355  -1.2092  -1.2082  -1.1811  -1.1568  -1.1136
    -1.0866  -1.0669  -1.0417  -1.0379  -1.0100  -1.0085  -0.9693  -0.9570
    -0.9214  -0.8755  -0.8684  -0.8592  -0.8241  -0.8233  -0.7764  -0.7581
    -0.6475  -0.5953  -0.5796  -0.5721  -0.4573  -0.4444  -0.3713  -0.3693
    -0.2900  -0.2890  -0.1550  -0.1528  -0.1386  -0.1352  -0.0646  -0.0624
     1.0598   2.5595   3.1821   3.1853   3.3968   3.7901   3.7934   3.9586
     3.9617   3.9937   4.3799   4.4436   4.4511   4.4592   4.5333   4.5379

          k = 0.1218 0.1218 0.0000 (180051 PWs)   bands (ev):

   -18.3187 -18.2852 -18.1756 -18.1741 -18.1175 -18.1169 -18.1048 -18.1040
   -17.9952 -17.9940 -17.9684 -17.9571 -17.9116 -17.9055 -17.8719 -17.8711
   -17.7905 -17.7585 -17.7556 -17.7088 -17.7020 -17.6898 -17.6863 -17.6587
   -17.6466 -17.6303 -17.5898 -17.5455 -17.5062 -17.5005 -17.4857 -17.3432
   -17.3256 -17.3248 -17.3170 -17.2919 -17.2897 -17.2588 -17.2527 -17.2254
   -17.1840 -17.1836 -17.1523 -17.1301 -17.1014 -17.0910 -17.0716 -16.9823
   -13.0559 -13.0493 -13.0351 -13.0303 -13.0174 -13.0139 -13.0075 -12.9980
   -12.9861 -12.9826 -12.9805 -12.9694 -12.9652 -12.9634 -12.9608 -12.9544
   -12.9539 -12.9375 -12.9369 -12.9336 -12.9305 -12.9163 -12.9117 -12.9104
   -12.9008 -12.8980 -12.8935 -12.8859 -12.8819 -12.8813 -12.8789 -12.8698
   -12.8676 -12.8632 -12.8602 -12.8569 -12.8479 -12.8416 -12.8253 -12.8105
   -12.8088 -12.8027 -12.7967 -12.7919 -12.7822 -12.7784 -12.7756 -12.7740
   -12.7737 -12.7715 -12.7605 -12.7568 -12.7557 -12.7506 -12.7429 -12.7426
   -12.7336 -12.7287 -12.7273 -12.7253 -12.7185 -12.7159 -12.7090 -12.7019
   -12.7009 -12.6986 -12.6926 -12.6886 -12.6839 -12.6832 -12.6818 -12.6758
   -12.6727 -12.6682 -12.6678 -12.6650 -12.6594 -12.6541 -12.6486 -12.6473
   -12.6442 -12.6421 -12.6358 -12.6299 -12.6279 -12.6259 -12.6200 -12.6194
   -12.6138 -12.6104 -12.6066 -12.6041 -12.5992 -12.5973 -12.5903 -12.5879
   -12.5862 -12.5686 -12.5557 -12.5552 -12.5046 -12.5034 -12.4653 -12.4517
   -12.4098 -12.3770 -12.3107 -12.2499 -12.2447 -12.2298 -12.1596 -12.1576
   -12.1124 -12.0830 -12.0137 -12.0036 -11.9544 -11.9019 -11.8770 -11.8236
    -6.6256  -6.4691  -6.4691  -6.4241  -6.3770  -6.3584  -6.3032  -6.2414
    -6.1733  -6.1691  -6.0193  -6.0071  -5.9552  -5.8985  -5.8713  -5.7656
    -5.7158  -5.6041  -5.5809  -5.4884  -5.4802  -5.4566  -5.4417  -5.3710
    -5.2636  -5.1180  -5.0612  -5.0344  -4.9344  -4.9139  -4.8887  -4.7800
    -4.7389  -4.5205  -4.3583  -4.3050  -4.2169  -4.1658  -4.0896  -3.9927
    -3.9451  -3.8465  -3.8149  -3.7942  -3.7755  -3.7417  -3.7302  -3.7033
    -3.6211  -3.4735  -3.3976  -3.3759  -3.3372  -3.3087  -3.2844  -3.2071
    -3.1898  -3.1243  -3.0826  -3.0606  -3.0038  -2.9151  -2.8466  -2.8275
    -2.7859  -2.6269  -2.5754  -2.5481  -2.5369  -2.4958  -2.4415  -2.4268
    -2.4010  -2.3820  -2.3447  -2.3321  -2.2871  -2.2550  -2.2200  -2.2042
    -2.2016  -2.1549  -2.0856  -2.0392  -2.0184  -2.0114  -1.9984  -1.9532
    -1.9378  -1.8887  -1.8521  -1.7822  -1.7236  -1.7178  -1.6970  -1.6549
    -1.6331  -1.5968  -1.5958  -1.5234  -1.4974  -1.4514  -1.4067  -1.3704
    -1.3234  -1.2619  -1.2418  -1.2128  -1.2094  -1.1926  -1.1636  -1.1088
    -1.0867  -1.0704  -1.0391  -1.0365  -1.0176  -1.0075  -0.9632  -0.9603
    -0.9210  -0.8809  -0.8724  -0.8580  -0.8236  -0.8226  -0.7802  -0.7622
    -0.6465  -0.5997  -0.5837  -0.5756  -0.4641  -0.4509  -0.3705  -0.3684
    -0.2875  -0.2845  -0.1612  -0.1598  -0.1387  -0.1358  -0.0608  -0.0585
     1.1014   2.5789   3.1373   3.1404   3.4089   3.8207   3.8339   3.9401
     3.9478   4.0032   4.2386   4.3766   4.4648   4.5416   4.5625   4.5904

          k = 0.1392 0.1392 0.0000 (180013 PWs)   bands (ev):

   -18.3160 -18.2831 -18.1790 -18.1775 -18.1193 -18.1184 -18.1044 -18.1039
   -17.9928 -17.9915 -17.9690 -17.9580 -17.9104 -17.9043 -17.8717 -17.8711
   -17.7887 -17.7589 -17.7553 -17.7117 -17.7041 -17.6898 -17.6857 -17.6594
   -17.6476 -17.6316 -17.5948 -17.5468 -17.5036 -17.4964 -17.4777 -17.3431
   -17.3249 -17.3242 -17.3190 -17.2912 -17.2887 -17.2582 -17.2541 -17.2251
   -17.1855 -17.1851 -17.1563 -17.1339 -17.1006 -17.0873 -17.0689 -16.9835
   -13.0553 -13.0478 -13.0355 -13.0306 -13.0156 -13.0144 -13.0078 -13.0009
   -12.9855 -12.9843 -12.9817 -12.9696 -12.9647 -12.9632 -12.9610 -12.9542
   -12.9527 -12.9383 -12.9360 -12.9342 -12.9308 -12.9164 -12.9130 -12.9109
   -12.9017 -12.8969 -12.8920 -12.8870 -12.8805 -12.8803 -12.8772 -12.8701
   -12.8661 -12.8626 -12.8592 -12.8561 -12.8464 -12.8411 -12.8241 -12.8109
   -12.8103 -12.8032 -12.7959 -12.7926 -12.7812 -12.7789 -12.7753 -12.7749
   -12.7748 -12.7717 -12.7599 -12.7583 -12.7575 -12.7503 -12.7443 -12.7433
   -12.7337 -12.7298 -12.7280 -12.7263 -12.7200 -12.7172 -12.7093 -12.7020
   -12.6999 -12.6980 -12.6930 -12.6885 -12.6836 -12.6832 -12.6814 -12.6761
   -12.6722 -12.6688 -12.6664 -12.6640 -12.6592 -12.6526 -12.6478 -12.6476
   -12.6441 -12.6412 -12.6346 -12.6304 -12.6284 -12.6264 -12.6198 -12.6198
   -12.6136 -12.6102 -12.6070 -12.6039 -12.6006 -12.5975 -12.5902 -12.5884
   -12.5861 -12.5677 -12.5580 -12.5560 -12.5016 -12.4996 -12.4644 -12.4514
   -12.4150 -12.3807 -12.3067 -12.2536 -12.2383 -12.2299 -12.1591 -12.1545
   -12.1104 -12.0889 -12.0151 -12.0032 -11.9514 -11.9019 -11.8773 -11.8267
    -6.6233  -6.4734  -6.4691  -6.4298  -6.3763  -6.3533  -6.2930  -6.2398
    -6.1799  -6.1779  -6.0133  -6.0052  -5.9505  -5.9019  -5.8682  -5.7596
    -5.7123  -5.6062  -5.5811  -5.4938  -5.4853  -5.4593  -5.4457  -5.3774
    -5.2623  -5.1300  -5.0625  -5.0364  -4.9208  -4.8996  -4.8838  -4.7790
    -4.7328  -4.5256  -4.3764  -4.3128  -4.2256  -4.1949  -4.0841  -3.9947
    -3.9447  -3.8482  -3.8115  -3.7902  -3.7729  -3.7347  -3.7258  -3.6817
    -3.6037  -3.4663  -3.3865  -3.3726  -3.3478  -3.3069  -3.2828  -3.2023
    -3.1833  -3.1023  -3.0786  -3.0555  -2.9978  -2.9111  -2.8523  -2.8407
    -2.7859  -2.6486  -2.5928  -2.5526  -2.5516  -2.5053  -2.4543  -2.4222
    -2.4085  -2.3812  -2.3496  -2.3370  -2.2915  -2.2557  -2.2250  -2.2092
    -2.2026  -2.1459  -2.0906  -2.0320  -2.0294  -1.9991  -1.9795  -1.9497
    -1.9284  -1.8844  -1.8493  -1.7880  -1.7250  -1.7096  -1.6818  -1.6474
    -1.6364  -1.6000  -1.5875  -1.5196  -1.4832  -1.4442  -1.4199  -1.3778
    -1.3168  -1.2579  -1.2475  -1.2194  -1.2077  -1.2016  -1.1706  -1.1054
    -1.0856  -1.0754  -1.0410  -1.0347  -1.0245  -1.0038  -0.9693  -0.9552
    -0.9217  -0.8876  -0.8746  -0.8571  -0.8227  -0.8218  -0.7838  -0.7662
    -0.6451  -0.6039  -0.5881  -0.5791  -0.4715  -0.4580  -0.3689  -0.3665
    -0.2876  -0.2821  -0.1682  -0.1672  -0.1369  -0.1352  -0.0570  -0.0547
     1.1478   2.6010   3.0939   3.0970   3.4227   3.8218   3.8431   3.9511
     3.9670   4.0167   4.1858   4.3584   4.4332   4.5504   4.5800   4.5903

          k = 0.1566 0.1566 0.0000 (180035 PWs)   bands (ev):

   -18.3129 -18.2808 -18.1824 -18.1810 -18.1214 -18.1202 -18.1042 -18.1039
   -17.9903 -17.9889 -17.9694 -17.9587 -17.9091 -17.9031 -17.8716 -17.8711
   -17.7869 -17.7593 -17.7549 -17.7148 -17.7063 -17.6899 -17.6851 -17.6603
   -17.6487 -17.6326 -17.5993 -17.5486 -17.5012 -17.4913 -17.4697 -17.3430
   -17.3244 -17.3234 -17.3210 -17.2906 -17.2875 -17.2575 -17.2557 -17.2249
   -17.1873 -17.1867 -17.1602 -17.1378 -17.0996 -17.0837 -17.0663 -16.9850
   -13.0548 -13.0461 -13.0358 -13.0310 -13.0152 -13.0140 -13.0079 -13.0036
   -12.9860 -12.9853 -12.9825 -12.9699 -12.9640 -12.9635 -12.9603 -12.9541
   -12.9516 -12.9391 -12.9357 -12.9348 -12.9306 -12.9171 -12.9135 -12.9116
   -12.9026 -12.8958 -12.8909 -12.8883 -12.8793 -12.8786 -12.8756 -12.8705
   -12.8645 -12.8622 -12.8582 -12.8554 -12.8449 -12.8405 -12.8228 -12.8121
   -12.8114 -12.8036 -12.7951 -12.7933 -12.7799 -12.7795 -12.7765 -12.7759
   -12.7750 -12.7716 -12.7617 -12.7597 -12.7570 -12.7503 -12.7457 -12.7438
   -12.7341 -12.7324 -12.7272 -12.7271 -12.7215 -12.7184 -12.7093 -12.7019
   -12.6986 -12.6983 -12.6926 -12.6884 -12.6839 -12.6827 -12.6811 -12.6775
   -12.6720 -12.6687 -12.6651 -12.6630 -12.6586 -12.6514 -12.6481 -12.6469
   -12.6436 -12.6403 -12.6336 -12.6311 -12.6287 -12.6264 -12.6203 -12.6197
   -12.6134 -12.6100 -12.6073 -12.6038 -12.6019 -12.5978 -12.5903 -12.5890
   -12.5847 -12.5669 -12.5602 -12.5567 -12.4990 -12.4960 -12.4652 -12.4499
   -12.4198 -12.3839 -12.3040 -12.2582 -12.2324 -12.2290 -12.1585 -12.1509
   -12.1078 -12.0949 -12.0163 -12.0025 -11.9488 -11.9021 -11.8777 -11.8301
    -6.6208  -6.4776  -6.4692  -6.4350  -6.3755  -6.3485  -6.2832  -6.2387
    -6.1900  -6.1815  -6.0086  -6.0037  -5.9467  -5.9042  -5.8621  -5.7542
    -5.7097  -5.6090  -5.5805  -5.4994  -5.4907  -5.4626  -5.4500  -5.3840
    -5.2608  -5.1415  -5.0640  -5.0386  -4.9073  -4.8859  -4.8776  -4.7779
    -4.7256  -4.5315  -4.3933  -4.3207  -4.2351  -4.2234  -4.0820  -3.9998
    -3.9429  -3.8496  -3.8072  -3.7856  -3.7686  -3.7274  -3.7208  -3.6619
    -3.5854  -3.4574  -3.3768  -3.3679  -3.3555  -3.3050  -3.2804  -3.1975
    -3.1772  -3.0805  -3.0746  -3.0489  -2.9921  -2.9059  -2.8592  -2.8555
    -2.7861  -2.6704  -2.6105  -2.5707  -2.5559  -2.5151  -2.4641  -2.4234
    -2.4095  -2.3822  -2.3554  -2.3408  -2.2957  -2.2565  -2.2314  -2.2125
    -2.2047  -2.1352  -2.0952  -2.0469  -2.0198  -1.9863  -1.9595  -1.9503
    -1.9193  -1.8764  -1.8479  -1.7953  -1.7260  -1.7017  -1.6647  -1.6464
    -1.6331  -1.6031  -1.5790  -1.5159  -1.4697  -1.4357  -1.4354  -1.3840
    -1.3117  -1.2530  -1.2522  -1.2290  -1.2071  -1.2047  -1.1775  -1.1042
    -1.0828  -1.0817  -1.0435  -1.0404  -1.0251  -0.9990  -0.9749  -0.9547
    -0.9234  -0.8954  -0.8750  -0.8563  -0.8212  -0.8209  -0.7870  -0.7700
    -0.6431  -0.6078  -0.5925  -0.5823  -0.4793  -0.4654  -0.3667  -0.3641
    -0.2902  -0.2819  -0.1757  -0.1751  -0.1332  -0.1330  -0.0533  -0.0509
     1.1985   2.6257   3.0521   3.0552   3.4382   3.8020   3.8230   3.9924
     4.0045   4.0327   4.1322   4.3415   4.4368   4.5709   4.5953   4.6155

          k = 0.1740 0.1740 0.0000 (180063 PWs)   bands (ev):

   -18.3096 -18.2782 -18.1858 -18.1845 -18.1235 -18.1223 -18.1042 -18.1042
   -17.9876 -17.9861 -17.9697 -17.9593 -17.9078 -17.9018 -17.8715 -17.8712
   -17.7848 -17.7597 -17.7543 -17.7180 -17.7088 -17.6901 -17.6845 -17.6613
   -17.6498 -17.6334 -17.6034 -17.5510 -17.4985 -17.4858 -17.4619 -17.3429
   -17.3239 -17.3230 -17.3223 -17.2900 -17.2864 -17.2574 -17.2566 -17.2247
   -17.1892 -17.1885 -17.1641 -17.1416 -17.0984 -17.0802 -17.0637 -16.9865
   -13.0542 -13.0441 -13.0359 -13.0314 -13.0164 -13.0128 -13.0078 -13.0058
   -12.9877 -12.9864 -12.9822 -12.9702 -12.9640 -12.9634 -12.9593 -12.9540
   -12.9506 -12.9399 -12.9358 -12.9354 -12.9299 -12.9184 -12.9133 -12.9123
   -12.9034 -12.8948 -12.8906 -12.8895 -12.8784 -12.8766 -12.8740 -12.8709
   -12.8628 -12.8618 -12.8571 -12.8548 -12.8434 -12.8396 -12.8214 -12.8140
   -12.8119 -12.8040 -12.7945 -12.7938 -12.7802 -12.7784 -12.7781 -12.7771
   -12.7750 -12.7712 -12.7642 -12.7608 -12.7559 -12.7508 -12.7469 -12.7443
   -12.7349 -12.7347 -12.7278 -12.7266 -12.7228 -12.7194 -12.7090 -12.7017
   -12.6991 -12.6970 -12.6915 -12.6883 -12.6843 -12.6822 -12.6810 -12.6792
   -12.6720 -12.6682 -12.6640 -12.6620 -12.6577 -12.6507 -12.6486 -12.6457
   -12.6429 -12.6394 -12.6332 -12.6319 -12.6290 -12.6260 -12.6208 -12.6195
   -12.6133 -12.6101 -12.6075 -12.6035 -12.6029 -12.5983 -12.5905 -12.5896
   -12.5826 -12.5662 -12.5621 -12.5575 -12.4967 -12.4928 -12.4672 -12.4480
   -12.4239 -12.3863 -12.3026 -12.2635 -12.2275 -12.2271 -12.1579 -12.1470
   -12.1045 -12.1007 -12.0173 -12.0014 -11.9466 -11.9024 -11.8784 -11.8340
    -6.6180  -6.4816  -6.4697  -6.4395  -6.3745  -6.3440  -6.2745  -6.2386
    -6.1987  -6.1834  -6.0052  -6.0029  -5.9435  -5.9052  -5.8534  -5.7496
    -5.7082  -5.6123  -5.5790  -5.5051  -5.4964  -5.4664  -5.4545  -5.3909
    -5.2592  -5.1524  -5.0661  -5.0409  -4.8940  -4.8741  -4.8690  -4.7765
    -4.7172  -4.5382  -4.4089  -4.3285  -4.2510  -4.2454  -4.0831  -4.0089
    -3.9385  -3.8505  -3.8023  -3.7813  -3.7623  -3.7197  -3.7142  -3.6451
    -3.5662  -3.4470  -3.3738  -3.3622  -3.3547  -3.3028  -3.2771  -3.1928
    -3.1715  -3.0702  -3.0595  -3.0412  -2.9868  -2.8997  -2.8717  -2.8676
    -2.7857  -2.6921  -2.6282  -2.5909  -2.5611  -2.5247  -2.4709  -2.4295
    -2.4057  -2.3876  -2.3595  -2.3432  -2.2996  -2.2567  -2.2392  -2.2141
    -2.2067  -2.1241  -2.0991  -2.0614  -2.0106  -1.9733  -1.9543  -1.9411
    -1.9087  -1.8672  -1.8472  -1.8032  -1.7267  -1.6950  -1.6496  -1.6469
    -1.6255  -1.6056  -1.5706  -1.5128  -1.4585  -1.4507  -1.4254  -1.3892
    -1.3082  -1.2583  -1.2468  -1.2379  -1.2101  -1.2008  -1.1842  -1.1052
    -1.0894  -1.0784  -1.0483  -1.0464  -1.0248  -0.9932  -0.9797  -0.9585
    -0.9259  -0.9038  -0.8747  -0.8560  -0.8208  -0.8181  -0.7896  -0.7735
    -0.6407  -0.6111  -0.5967  -0.5852  -0.4874  -0.4732  -0.3641  -0.3612
    -0.2954  -0.2843  -0.1838  -0.1833  -0.1291  -0.1278  -0.0496  -0.0473
     1.2531   2.6528   3.0119   3.0150   3.4553   3.7751   3.7948   4.0172
     4.0426   4.0664   4.1057   4.3169   4.4818   4.5390   4.5808   4.6171

     Writing all to output data dir ./tmp/slab.save/ :
     XML data file, pseudopotentials, collected wavefunctions

     init_run     :      7.69s CPU      8.04s WALL (       1 calls)
     electrons    :  49374.50s CPU  50064.93s WALL (       1 calls)

     Called by init_run:
     wfcinit      :      0.00s CPU      0.00s WALL (       1 calls)
     wfcinit:atom :      0.52s CPU      0.71s WALL (       6 calls)
     wfcinit:wfcr :    152.60s CPU    156.30s WALL (       6 calls)
     potinit      :      2.89s CPU      3.03s WALL (       1 calls)
     hinit0       :      1.68s CPU      1.72s WALL (       1 calls)

     Called by electrons:
     c_bands      :  49374.45s CPU  50064.87s WALL (       1 calls)
     v_of_rho     :      0.89s CPU      0.96s WALL (       1 calls)
     v_h          :      0.05s CPU      0.06s WALL (       1 calls)
     v_xc         :      0.84s CPU      0.90s WALL (       1 calls)
     newd         :      1.31s CPU      1.44s WALL (       1 calls)
     PAW_pot      :      1.62s CPU      1.63s WALL (       1 calls)

     Called by c_bands:
     init_us_2    :      0.93s CPU      1.08s WALL (       6 calls)
     ccgdiagg     :  46716.74s CPU  47367.99s WALL (      36 calls)
     wfcrot       :    773.36s CPU    792.32s WALL (      36 calls)

     Called by sum_band:

     Called by *cgdiagg:
     h_psi        :  18958.99s CPU  19305.27s WALL (  139829 calls)
     s_psi        :   9259.76s CPU   9370.66s WALL (  279622 calls)

     Called by h_psi:
     h_psi:calbec :   7181.99s CPU   7264.89s WALL (  139829 calls)
     vloc_psi     :   3706.98s CPU   3875.35s WALL (  139829 calls)
                                        0.00s GPU  (  139829 calls)
     add_vuspsi   :   8055.34s CPU   8150.79s WALL (  139829 calls)
     hs_1psi      :  23048.89s CPU  23435.01s WALL (  139793 calls)
     s_1psi       :  11505.35s CPU  11640.59s WALL (  139793 calls)

     General routines
     calbec       :  14090.01s CPU  14254.25s WALL (  279622 calls)
     fft          :      1.17s CPU      1.24s WALL (      13 calls)
     ffts         :      0.26s CPU      0.26s WALL (       1 calls)
     fftw         :   3379.79s CPU   3540.79s WALL (  304450 calls)
     interpolate  :      0.31s CPU      0.32s WALL (       1 calls)
     davcio       :      0.00s CPU      1.31s WALL (      12 calls)

     Parallel routines

     PAW routines
     PAW_pot      :      1.62s CPU      1.63s WALL (       1 calls)

     PWSCF        :     13h43m CPU     13h54m WALL


   This run was terminated on:   1:58:14  28Sep2026            

=------------------------------------------------------------------------------=
   JOB DONE.
=------------------------------------------------------------------------------=
Note: The following floating-point exceptions are signalling: IEEE_UNDERFLOW_FLAG IEEE_DENORMAL
Note: The following floating-point exceptions are signalling: IEEE_UNDERFLOW_FLAG IEEE_DENORMAL
Note: The following floating-point exceptions are signalling: IEEE_UNDERFLOW_FLAG IEEE_DENORMAL
Note: The following floating-point exceptions are signalling: IEEE_UNDERFLOW_FLAG IEEE_DENORMAL
Note: The following floating-point exceptions are signalling: IEEE_UNDERFLOW_FLAG IEEE_DENORMAL
Note: The following floating-point exceptions are signalling: IEEE_UNDERFLOW_FLAG IEEE_DENORMAL
Note: The following floating-point exceptions are signalling: IEEE_UNDERFLOW_FLAG IEEE_DENORMAL
Note: The following floating-point exceptions are signalling: IEEE_UNDERFLOW_FLAG IEEE_DENORMAL
Note: The following floating-point exceptions are signalling: IEEE_UNDERFLOW_FLAG IEEE_DENORMAL
Note: The following floating-point exceptions are signalling: IEEE_UNDERFLOW_FLAG IEEE_DENORMAL
Note: The following floating-point exceptions are signalling: IEEE_UNDERFLOW_FLAG IEEE_DENORMAL
Note: The following floating-point exceptions are signalling: IEEE_DENORMAL
Note: The following floating-point exceptions are signalling: IEEE_UNDERFLOW_FLAG IEEE_DENORMAL
Note: The following floating-point exceptions are signalling: IEEE_UNDERFLOW_FLAG IEEE_DENORMAL
Note: The following floating-point exceptions are signalling: IEEE_UNDERFLOW_FLAG IEEE_DENORMAL
Note: The following floating-point exceptions are signalling: IEEE_UNDERFLOW_FLAG IEEE_DENORMAL
