[b9p12p6840][[47141,1],4][btl_tcp_proc.c:266:mca_btl_tcp_proc_create_interface_graph] Unable to find reachable pairing between local and remote interfaces
[b9p12p6840][[47141,1],4][btl_tcp_proc.c:266:mca_btl_tcp_proc_create_interface_graph] Unable to find reachable pairing between local and remote interfaces
[b9p12p6840][[47141,1],4][btl_tcp_proc.c:266:mca_btl_tcp_proc_create_interface_graph] Unable to find reachable pairing between local and remote interfaces
[b9p12p6840][[47141,1],4][btl_tcp_proc.c:266:mca_btl_tcp_proc_create_interface_graph] Unable to find reachable pairing between local and remote interfaces
[b9p12p6840][[47141,1],4][btl_tcp_proc.c:266:mca_btl_tcp_proc_create_interface_graph] Unable to find reachable pairing between local and remote interfaces
[b9p12p6840][[47141,1],4][btl_tcp_proc.c:266:mca_btl_tcp_proc_create_interface_graph] Unable to find reachable pairing between local and remote interfaces
[b9p12p6840][[47141,1],4][btl_tcp_proc.c:266:mca_btl_tcp_proc_create_interface_graph] Unable to find reachable pairing between local and remote interfaces
[b9p12p6840][[47141,1],4][btl_tcp_proc.c:266:mca_btl_tcp_proc_create_interface_graph] Unable to find reachable pairing between local and remote interfaces
[b9p12p6840][[47141,1],4][btl_tcp_proc.c:266:mca_btl_tcp_proc_create_interface_graph] Unable to find reachable pairing between local and remote interfaces
[b9p12p6840][[47141,1],4][btl_tcp_proc.c:266:mca_btl_tcp_proc_create_interface_graph] Unable to find reachable pairing between local and remote interfaces
[b9p12p6840][[47141,1],4][btl_tcp_proc.c:266:mca_btl_tcp_proc_create_interface_graph] Unable to find reachable pairing between local and remote interfaces
[b9p12p6840][[47141,1],3][btl_tcp_proc.c:266:mca_btl_tcp_proc_create_interface_graph] Unable to find reachable pairing between local and remote interfaces
[b9p12p6840][[47141,1],4][btl_tcp_proc.c:266:mca_btl_tcp_proc_create_interface_graph] Unable to find reachable pairing between local and remote interfaces
[b9p12p6840][[47141,1],4][btl_tcp_proc.c:266:mca_btl_tcp_proc_create_interface_graph] Unable to find reachable pairing between local and remote interfaces
[b9p12p6840][[47141,1],3][btl_tcp_proc.c:266:mca_btl_tcp_proc_create_interface_graph] Unable to find reachable pairing between local and remote interfaces
[b9p12p6840][[47141,1],4][btl_tcp_proc.c:266:mca_btl_tcp_proc_create_interface_graph] Unable to find reachable pairing between local and remote interfaces
[b9p12p6840][[47141,1],3][btl_tcp_proc.c:266:mca_btl_tcp_proc_create_interface_graph] Unable to find reachable pairing between local and remote interfaces
[b9p12p6840][[47141,1],1][btl_tcp_proc.c:266:mca_btl_tcp_proc_create_interface_graph] Unable to find reachable pairing between local and remote interfaces
[b9p12p6840][[47141,1],4][btl_tcp_proc.c:266:mca_btl_tcp_proc_create_interface_graph] Unable to find reachable pairing between local and remote interfaces
[b9p12p6840][[47141,1],14][btl_tcp_proc.c:266:mca_btl_tcp_proc_create_interface_graph] Unable to find reachable pairing between local and remote interfaces
[b9p12p6840][[47141,1],3][btl_tcp_proc.c:266:mca_btl_tcp_proc_create_interface_graph] Unable to find reachable pairing between local and remote interfaces
[b9p12p6840][[47141,1],1][btl_tcp_proc.c:266:mca_btl_tcp_proc_create_interface_graph] Unable to find reachable pairing between local and remote interfaces
[b9p12p6840][[47141,1],14][btl_tcp_proc.c:266:mca_btl_tcp_proc_create_interface_graph] Unable to find reachable pairing between local and remote interfaces
[b9p12p6840][[47141,1],1][btl_tcp_proc.c:266:mca_btl_tcp_proc_create_interface_graph] Unable to find reachable pairing between local and remote interfaces
[b9p12p6840][[47141,1],3][btl_tcp_proc.c:266:mca_btl_tcp_proc_create_interface_graph] Unable to find reachable pairing between local and remote interfaces
[b9p12p6840][[47141,1],14][btl_tcp_proc.c:266:mca_btl_tcp_proc_create_interface_graph] Unable to find reachable pairing between local and remote interfaces
[b9p12p6840][[47141,1],3][btl_tcp_proc.c:266:mca_btl_tcp_proc_create_interface_graph] Unable to find reachable pairing between local and remote interfaces
[b9p12p6840][[47141,1],1][btl_tcp_proc.c:266:mca_btl_tcp_proc_create_interface_graph] Unable to find reachable pairing between local and remote interfaces
[b9p12p6840][[47141,1],14][btl_tcp_proc.c:266:mca_btl_tcp_proc_create_interface_graph] Unable to find reachable pairing between local and remote interfaces
[b9p12p6840][[47141,1],1][btl_tcp_proc.c:266:mca_btl_tcp_proc_create_interface_graph] Unable to find reachable pairing between local and remote interfaces
[b9p12p6840][[47141,1],3][btl_tcp_proc.c:266:mca_btl_tcp_proc_create_interface_graph] Unable to find reachable pairing between local and remote interfaces
[b9p12p6840][[47141,1],14][btl_tcp_proc.c:266:mca_btl_tcp_proc_create_interface_graph] Unable to find reachable pairing between local and remote interfaces
[b9p12p6840][[47141,1],3][btl_tcp_proc.c:266:mca_btl_tcp_proc_create_interface_graph] Unable to find reachable pairing between local and remote interfaces
[b9p12p6840][[47141,1],1][btl_tcp_proc.c:266:mca_btl_tcp_proc_create_interface_graph] Unable to find reachable pairing between local and remote interfaces
[b9p12p6840][[47141,1],8][btl_tcp_proc.c:266:mca_btl_tcp_proc_create_interface_graph] Unable to find reachable pairing between local and remote interfaces
[b9p12p6840][[47141,1],14][btl_tcp_proc.c:266:mca_btl_tcp_proc_create_interface_graph] Unable to find reachable pairing between local and remote interfaces
[b9p12p6840][[47141,1],3][btl_tcp_proc.c:266:mca_btl_tcp_proc_create_interface_graph] Unable to find reachable pairing between local and remote interfaces
[b9p12p6840][[47141,1],1][btl_tcp_proc.c:266:mca_btl_tcp_proc_create_interface_graph] Unable to find reachable pairing between local and remote interfaces
[b9p12p6840][[47141,1],8][btl_tcp_proc.c:266:mca_btl_tcp_proc_create_interface_graph] Unable to find reachable pairing between local and remote interfaces
[b9p12p6840][[47141,1],1][btl_tcp_proc.c:266:mca_btl_tcp_proc_create_interface_graph] Unable to find reachable pairing between local and remote interfaces
[b9p12p6840][[47141,1],3][btl_tcp_proc.c:266:mca_btl_tcp_proc_create_interface_graph] Unable to find reachable pairing between local and remote interfaces
[b9p12p6840][[47141,1],7][btl_tcp_proc.c:266:mca_btl_tcp_proc_create_interface_graph] Unable to find reachable pairing between local and remote interfaces
[b9p12p6840][[47141,1],14][btl_tcp_proc.c:266:mca_btl_tcp_proc_create_interface_graph] Unable to find reachable pairing between local and remote interfaces
[b9p12p6840][[47141,1],8][btl_tcp_proc.c:266:mca_btl_tcp_proc_create_interface_graph] Unable to find reachable pairing between local and remote interfaces
[b9p12p6840][[47141,1],3][btl_tcp_proc.c:266:mca_btl_tcp_proc_create_interface_graph] Unable to find reachable pairing between local and remote interfaces
[b9p12p6840][[47141,1],1][btl_tcp_proc.c:266:mca_btl_tcp_proc_create_interface_graph] Unable to find reachable pairing between local and remote interfaces
[b9p12p6840][[47141,1],10][btl_tcp_proc.c:266:mca_btl_tcp_proc_create_interface_graph] Unable to find reachable pairing between local and remote interfaces
[b9p12p6840][[47141,1],8][btl_tcp_proc.c:266:mca_btl_tcp_proc_create_interface_graph] Unable to find reachable pairing between local and remote interfaces
[b9p12p6840][[47141,1],7][btl_tcp_proc.c:266:mca_btl_tcp_proc_create_interface_graph] Unable to find reachable pairing between local and remote interfaces
[b9p12p6840][[47141,1],14][btl_tcp_proc.c:266:mca_btl_tcp_proc_create_interface_graph] Unable to find reachable pairing between local and remote interfaces
[b9p12p6840][[47141,1],3][btl_tcp_proc.c:266:mca_btl_tcp_proc_create_interface_graph] Unable to find reachable pairing between local and remote interfaces
[b9p12p6840][[47141,1],1][btl_tcp_proc.c:266:mca_btl_tcp_proc_create_interface_graph] Unable to find reachable pairing between local and remote interfaces
[b9p12p6840][[47141,1],10][btl_tcp_proc.c:266:mca_btl_tcp_proc_create_interface_graph] Unable to find reachable pairing between local and remote interfaces
[b9p12p6840][[47141,1],8][btl_tcp_proc.c:266:mca_btl_tcp_proc_create_interface_graph] Unable to find reachable pairing between local and remote interfaces
[b9p12p6840][[47141,1],7][btl_tcp_proc.c:266:mca_btl_tcp_proc_create_interface_graph] Unable to find reachable pairing between local and remote interfaces
[b9p12p6840][[47141,1],14][btl_tcp_proc.c:266:mca_btl_tcp_proc_create_interface_graph] Unable to find reachable pairing between local and remote interfaces
[b9p12p6840][[47141,1],8][btl_tcp_proc.c:266:mca_btl_tcp_proc_create_interface_graph] Unable to find reachable pairing between local and remote interfaces
[b9p12p6840][[47141,1],1][btl_tcp_proc.c:266:mca_btl_tcp_proc_create_interface_graph] Unable to find reachable pairing between local and remote interfaces
[b9p12p6840][[47141,1],3][btl_tcp_proc.c:266:mca_btl_tcp_proc_create_interface_graph] Unable to find reachable pairing between local and remote interfaces
[b9p12p6840][[47141,1],10][btl_tcp_proc.c:266:mca_btl_tcp_proc_create_interface_graph] Unable to find reachable pairing between local and remote interfaces
[b9p12p6840][[47141,1],7][btl_tcp_proc.c:266:mca_btl_tcp_proc_create_interface_graph] Unable to find reachable pairing between local and remote interfaces
[b9p12p6840][[47141,1],14][btl_tcp_proc.c:266:mca_btl_tcp_proc_create_interface_graph] Unable to find reachable pairing between local and remote interfaces
[b9p12p6840][[47141,1],8][btl_tcp_proc.c:266:mca_btl_tcp_proc_create_interface_graph] Unable to find reachable pairing between local and remote interfaces
[b9p12p6840][[47141,1],0][btl_tcp_proc.c:266:mca_btl_tcp_proc_create_interface_graph] Unable to find reachable pairing between local and remote interfaces
[b9p12p6840][[47141,1],2][btl_tcp_proc.c:266:mca_btl_tcp_proc_create_interface_graph] Unable to find reachable pairing between local and remote interfaces
[b9p12p6840][[47141,1],3][btl_tcp_proc.c:266:mca_btl_tcp_proc_create_interface_graph] Unable to find reachable pairing between local and remote interfaces
[b9p12p6840][[47141,1],1][btl_tcp_proc.c:266:mca_btl_tcp_proc_create_interface_graph] Unable to find reachable pairing between local and remote interfaces
[b9p12p6840][[47141,1],10][btl_tcp_proc.c:266:mca_btl_tcp_proc_create_interface_graph] Unable to find reachable pairing between local and remote interfaces
[b9p12p6840][[47141,1],7][btl_tcp_proc.c:266:mca_btl_tcp_proc_create_interface_graph] Unable to find reachable pairing between local and remote interfaces
[b9p12p6840][[47141,1],8][btl_tcp_proc.c:266:mca_btl_tcp_proc_create_interface_graph] Unable to find reachable pairing between local and remote interfaces
[b9p12p6840][[47141,1],14][btl_tcp_proc.c:266:mca_btl_tcp_proc_create_interface_graph] Unable to find reachable pairing between local and remote interfaces
[b9p12p6840][[47141,1],3][btl_tcp_proc.c:266:mca_btl_tcp_proc_create_interface_graph] Unable to find reachable pairing between local and remote interfaces
[b9p12p6840][[47141,1],1][btl_tcp_proc.c:266:mca_btl_tcp_proc_create_interface_graph] Unable to find reachable pairing between local and remote interfaces
[b9p12p6840][[47141,1],0][btl_tcp_proc.c:266:mca_btl_tcp_proc_create_interface_graph] Unable to find reachable pairing between local and remote interfaces
[b9p12p6840][[47141,1],10][btl_tcp_proc.c:266:mca_btl_tcp_proc_create_interface_graph] Unable to find reachable pairing between local and remote interfaces
[b9p12p6840][[47141,1],2][btl_tcp_proc.c:266:mca_btl_tcp_proc_create_interface_graph] Unable to find reachable pairing between local and remote interfaces
[b9p12p6840][[47141,1],8][btl_tcp_proc.c:266:mca_btl_tcp_proc_create_interface_graph] Unable to find reachable pairing between local and remote interfaces
[b9p12p6840][[47141,1],7][btl_tcp_proc.c:266:mca_btl_tcp_proc_create_interface_graph] Unable to find reachable pairing between local and remote interfaces
[b9p12p6840][[47141,1],14][btl_tcp_proc.c:266:mca_btl_tcp_proc_create_interface_graph] Unable to find reachable pairing between local and remote interfaces
[b9p12p6840][[47141,1],1][btl_tcp_proc.c:266:mca_btl_tcp_proc_create_interface_graph] Unable to find reachable pairing between local and remote interfaces
[b9p12p6840][[47141,1],8][btl_tcp_proc.c:266:mca_btl_tcp_proc_create_interface_graph] Unable to find reachable pairing between local and remote interfaces
[b9p12p6840][[47141,1],10][btl_tcp_proc.c:266:mca_btl_tcp_proc_create_interface_graph] Unable to find reachable pairing between local and remote interfaces
[b9p12p6840][[47141,1],0][btl_tcp_proc.c:266:mca_btl_tcp_proc_create_interface_graph] Unable to find reachable pairing between local and remote interfaces
[b9p12p6840][[47141,1],2][btl_tcp_proc.c:266:mca_btl_tcp_proc_create_interface_graph] Unable to find reachable pairing between local and remote interfaces
[b9p12p6840][[47141,1],7][btl_tcp_proc.c:266:mca_btl_tcp_proc_create_interface_graph] Unable to find reachable pairing between local and remote interfaces
[b9p12p6840][[47141,1],8][btl_tcp_proc.c:266:mca_btl_tcp_proc_create_interface_graph] Unable to find reachable pairing between local and remote interfaces
[b9p12p6840][[47141,1],1][btl_tcp_proc.c:266:mca_btl_tcp_proc_create_interface_graph] Unable to find reachable pairing between local and remote interfaces
[b9p12p6840][[47141,1],14][btl_tcp_proc.c:266:mca_btl_tcp_proc_create_interface_graph] Unable to find reachable pairing between local and remote interfaces
[b9p12p6840][[47141,1],9][btl_tcp_proc.c:266:mca_btl_tcp_proc_create_interface_graph] Unable to find reachable pairing between local and remote interfaces
[b9p12p6840][[47141,1],6][btl_tcp_proc.c:266:mca_btl_tcp_proc_create_interface_graph] Unable to find reachable pairing between local and remote interfaces
[b9p12p6840][[47141,1],10][btl_tcp_proc.c:266:mca_btl_tcp_proc_create_interface_graph] Unable to find reachable pairing between local and remote interfaces
[b9p12p6840][[47141,1],0][btl_tcp_proc.c:266:mca_btl_tcp_proc_create_interface_graph] Unable to find reachable pairing between local and remote interfaces
[b9p12p6840][[47141,1],2][btl_tcp_proc.c:266:mca_btl_tcp_proc_create_interface_graph] Unable to find reachable pairing between local and remote interfaces
[b9p12p6840][[47141,1],7][btl_tcp_proc.c:266:mca_btl_tcp_proc_create_interface_graph] Unable to find reachable pairing between local and remote interfaces
[b9p12p6840][[47141,1],8][btl_tcp_proc.c:266:mca_btl_tcp_proc_create_interface_graph] Unable to find reachable pairing between local and remote interfaces
[b9p12p6840][[47141,1],14][btl_tcp_proc.c:266:mca_btl_tcp_proc_create_interface_graph] Unable to find reachable pairing between local and remote interfaces
[b9p12p6840][[47141,1],10][btl_tcp_proc.c:266:mca_btl_tcp_proc_create_interface_graph] Unable to find reachable pairing between local and remote interfaces
[b9p12p6840][[47141,1],9][btl_tcp_proc.c:266:mca_btl_tcp_proc_create_interface_graph] Unable to find reachable pairing between local and remote interfaces
[b9p12p6840][[47141,1],8][btl_tcp_proc.c:266:mca_btl_tcp_proc_create_interface_graph] Unable to find reachable pairing between local and remote interfaces
[b9p12p6840][[47141,1],2][btl_tcp_proc.c:266:mca_btl_tcp_proc_create_interface_graph] Unable to find reachable pairing between local and remote interfaces
[b9p12p6840][[47141,1],6][btl_tcp_proc.c:266:mca_btl_tcp_proc_create_interface_graph] Unable to find reachable pairing between local and remote interfaces
[b9p12p6840][[47141,1],0][btl_tcp_proc.c:266:mca_btl_tcp_proc_create_interface_graph] Unable to find reachable pairing between local and remote interfaces
[b9p12p6840][[47141,1],7][btl_tcp_proc.c:266:mca_btl_tcp_proc_create_interface_graph] Unable to find reachable pairing between local and remote interfaces
[b9p12p6840][[47141,1],14][btl_tcp_proc.c:266:mca_btl_tcp_proc_create_interface_graph] Unable to find reachable pairing between local and remote interfaces
[b9p12p6840][[47141,1],12][btl_tcp_proc.c:266:mca_btl_tcp_proc_create_interface_graph] Unable to find reachable pairing between local and remote interfaces
[b9p12p6840][[47141,1],8][btl_tcp_proc.c:266:mca_btl_tcp_proc_create_interface_graph] Unable to find reachable pairing between local and remote interfaces
[b9p12p6840][[47141,1],15][btl_tcp_proc.c:266:mca_btl_tcp_proc_create_interface_graph] Unable to find reachable pairing between local and remote interfaces
[b9p12p6840][[47141,1],10][btl_tcp_proc.c:266:mca_btl_tcp_proc_create_interface_graph] Unable to find reachable pairing between local and remote interfaces
[b9p12p6840][[47141,1],2][btl_tcp_proc.c:266:mca_btl_tcp_proc_create_interface_graph] Unable to find reachable pairing between local and remote interfaces
[b9p12p6840][[47141,1],9][btl_tcp_proc.c:266:mca_btl_tcp_proc_create_interface_graph] Unable to find reachable pairing between local and remote interfaces
[b9p12p6840][[47141,1],7][btl_tcp_proc.c:266:mca_btl_tcp_proc_create_interface_graph] Unable to find reachable pairing between local and remote interfaces
[b9p12p6840][[47141,1],0][btl_tcp_proc.c:266:mca_btl_tcp_proc_create_interface_graph] Unable to find reachable pairing between local and remote interfaces
[b9p12p6840][[47141,1],8][btl_tcp_proc.c:266:mca_btl_tcp_proc_create_interface_graph] Unable to find reachable pairing between local and remote interfaces
[b9p12p6840][[47141,1],6][btl_tcp_proc.c:266:mca_btl_tcp_proc_create_interface_graph] Unable to find reachable pairing between local and remote interfaces
[b9p12p6840][[47141,1],10][btl_tcp_proc.c:266:mca_btl_tcp_proc_create_interface_graph] Unable to find reachable pairing between local and remote interfaces
[b9p12p6840][[47141,1],12][btl_tcp_proc.c:266:mca_btl_tcp_proc_create_interface_graph] Unable to find reachable pairing between local and remote interfaces
[b9p12p6840][[47141,1],15][btl_tcp_proc.c:266:mca_btl_tcp_proc_create_interface_graph] Unable to find reachable pairing between local and remote interfaces
[b9p12p6840][[47141,1],2][btl_tcp_proc.c:266:mca_btl_tcp_proc_create_interface_graph] Unable to find reachable pairing between local and remote interfaces
[b9p12p6840][[47141,1],7][btl_tcp_proc.c:266:mca_btl_tcp_proc_create_interface_graph] Unable to find reachable pairing between local and remote interfaces
[b9p12p6840][[47141,1],9][btl_tcp_proc.c:266:mca_btl_tcp_proc_create_interface_graph] Unable to find reachable pairing between local and remote interfaces
[b9p12p6840][[47141,1],0][btl_tcp_proc.c:266:mca_btl_tcp_proc_create_interface_graph] Unable to find reachable pairing between local and remote interfaces
[b9p12p6840][[47141,1],6][btl_tcp_proc.c:266:mca_btl_tcp_proc_create_interface_graph] Unable to find reachable pairing between local and remote interfaces
[b9p12p6840][[47141,1],11][btl_tcp_proc.c:266:mca_btl_tcp_proc_create_interface_graph] Unable to find reachable pairing between local and remote interfaces
[b9p12p6840][[47141,1],10][btl_tcp_proc.c:266:mca_btl_tcp_proc_create_interface_graph] Unable to find reachable pairing between local and remote interfaces
[b9p12p6840][[47141,1],7][btl_tcp_proc.c:266:mca_btl_tcp_proc_create_interface_graph] Unable to find reachable pairing between local and remote interfaces
[b9p12p6840][[47141,1],15][btl_tcp_proc.c:266:mca_btl_tcp_proc_create_interface_graph] Unable to find reachable pairing between local and remote interfaces
[b9p12p6840][[47141,1],2][btl_tcp_proc.c:266:mca_btl_tcp_proc_create_interface_graph] Unable to find reachable pairing between local and remote interfaces
[b9p12p6840][[47141,1],12][btl_tcp_proc.c:266:mca_btl_tcp_proc_create_interface_graph] Unable to find reachable pairing between local and remote interfaces
[b9p12p6840][[47141,1],9][btl_tcp_proc.c:266:mca_btl_tcp_proc_create_interface_graph] Unable to find reachable pairing between local and remote interfaces
[b9p12p6840][[47141,1],5][btl_tcp_proc.c:266:mca_btl_tcp_proc_create_interface_graph] Unable to find reachable pairing between local and remote interfaces
[b9p12p6840][[47141,1],0][btl_tcp_proc.c:266:mca_btl_tcp_proc_create_interface_graph] Unable to find reachable pairing between local and remote interfaces
[b9p12p6840][[47141,1],6][btl_tcp_proc.c:266:mca_btl_tcp_proc_create_interface_graph] Unable to find reachable pairing between local and remote interfaces
[b9p12p6840][[47141,1],7][btl_tcp_proc.c:266:mca_btl_tcp_proc_create_interface_graph] Unable to find reachable pairing between local and remote interfaces
[b9p12p6840][[47141,1],10][btl_tcp_proc.c:266:mca_btl_tcp_proc_create_interface_graph] Unable to find reachable pairing between local and remote interfaces
[b9p12p6840][[47141,1],2][btl_tcp_proc.c:266:mca_btl_tcp_proc_create_interface_graph] Unable to find reachable pairing between local and remote interfaces
[b9p12p6840][[47141,1],15][btl_tcp_proc.c:266:mca_btl_tcp_proc_create_interface_graph] Unable to find reachable pairing between local and remote interfaces
[b9p12p6840][[47141,1],11][btl_tcp_proc.c:266:mca_btl_tcp_proc_create_interface_graph] Unable to find reachable pairing between local and remote interfaces
[b9p12p6840][[47141,1],9][btl_tcp_proc.c:266:mca_btl_tcp_proc_create_interface_graph] Unable to find reachable pairing between local and remote interfaces
[b9p12p6840][[47141,1],12][btl_tcp_proc.c:266:mca_btl_tcp_proc_create_interface_graph] Unable to find reachable pairing between local and remote interfaces
[b9p12p6840][[47141,1],0][btl_tcp_proc.c:266:mca_btl_tcp_proc_create_interface_graph] Unable to find reachable pairing between local and remote interfaces
[b9p12p6840][[47141,1],5][btl_tcp_proc.c:266:mca_btl_tcp_proc_create_interface_graph] Unable to find reachable pairing between local and remote interfaces
[b9p12p6840][[47141,1],7][btl_tcp_proc.c:266:mca_btl_tcp_proc_create_interface_graph] Unable to find reachable pairing between local and remote interfaces
[b9p12p6840][[47141,1],10][btl_tcp_proc.c:266:mca_btl_tcp_proc_create_interface_graph] Unable to find reachable pairing between local and remote interfaces
[b9p12p6840][[47141,1],6][btl_tcp_proc.c:266:mca_btl_tcp_proc_create_interface_graph] Unable to find reachable pairing between local and remote interfaces
[b9p12p6840][[47141,1],2][btl_tcp_proc.c:266:mca_btl_tcp_proc_create_interface_graph] Unable to find reachable pairing between local and remote interfaces
[b9p12p6840][[47141,1],15][btl_tcp_proc.c:266:mca_btl_tcp_proc_create_interface_graph] Unable to find reachable pairing between local and remote interfaces
[b9p12p6840][[47141,1],9][btl_tcp_proc.c:266:mca_btl_tcp_proc_create_interface_graph] Unable to find reachable pairing between local and remote interfaces
[b9p12p6840][[47141,1],11][btl_tcp_proc.c:266:mca_btl_tcp_proc_create_interface_graph] Unable to find reachable pairing between local and remote interfaces
[b9p12p6840][[47141,1],12][btl_tcp_proc.c:266:mca_btl_tcp_proc_create_interface_graph] Unable to find reachable pairing between local and remote interfaces
[b9p12p6840][[47141,1],0][btl_tcp_proc.c:266:mca_btl_tcp_proc_create_interface_graph] Unable to find reachable pairing between local and remote interfaces
[b9p12p6840][[47141,1],7][btl_tcp_proc.c:266:mca_btl_tcp_proc_create_interface_graph] Unable to find reachable pairing between local and remote interfaces
[b9p12p6840][[47141,1],10][btl_tcp_proc.c:266:mca_btl_tcp_proc_create_interface_graph] Unable to find reachable pairing between local and remote interfaces
[b9p12p6840][[47141,1],2][btl_tcp_proc.c:266:mca_btl_tcp_proc_create_interface_graph] Unable to find reachable pairing between local and remote interfaces
[b9p12p6840][[47141,1],5][btl_tcp_proc.c:266:mca_btl_tcp_proc_create_interface_graph] Unable to find reachable pairing between local and remote interfaces
[b9p12p6840][[47141,1],6][btl_tcp_proc.c:266:mca_btl_tcp_proc_create_interface_graph] Unable to find reachable pairing between local and remote interfaces
[b9p12p6840][[47141,1],15][btl_tcp_proc.c:266:mca_btl_tcp_proc_create_interface_graph] Unable to find reachable pairing between local and remote interfaces
[b9p12p6840][[47141,1],13][btl_tcp_proc.c:266:mca_btl_tcp_proc_create_interface_graph] Unable to find reachable pairing between local and remote interfaces
[b9p12p6840][[47141,1],9][btl_tcp_proc.c:266:mca_btl_tcp_proc_create_interface_graph] Unable to find reachable pairing between local and remote interfaces
[b9p12p6840][[47141,1],12][btl_tcp_proc.c:266:mca_btl_tcp_proc_create_interface_graph] Unable to find reachable pairing between local and remote interfaces
[b9p12p6840][[47141,1],11][btl_tcp_proc.c:266:mca_btl_tcp_proc_create_interface_graph] Unable to find reachable pairing between local and remote interfaces
[b9p12p6840][[47141,1],0][btl_tcp_proc.c:266:mca_btl_tcp_proc_create_interface_graph] Unable to find reachable pairing between local and remote interfaces
[b9p12p6840][[47141,1],10][btl_tcp_proc.c:266:mca_btl_tcp_proc_create_interface_graph] Unable to find reachable pairing between local and remote interfaces
[b9p12p6840][[47141,1],2][btl_tcp_proc.c:266:mca_btl_tcp_proc_create_interface_graph] Unable to find reachable pairing between local and remote interfaces
[b9p12p6840][[47141,1],5][btl_tcp_proc.c:266:mca_btl_tcp_proc_create_interface_graph] Unable to find reachable pairing between local and remote interfaces
[b9p12p6840][[47141,1],15][btl_tcp_proc.c:266:mca_btl_tcp_proc_create_interface_graph] Unable to find reachable pairing between local and remote interfaces
[b9p12p6840][[47141,1],9][btl_tcp_proc.c:266:mca_btl_tcp_proc_create_interface_graph] Unable to find reachable pairing between local and remote interfaces
[b9p12p6840][[47141,1],6][btl_tcp_proc.c:266:mca_btl_tcp_proc_create_interface_graph] Unable to find reachable pairing between local and remote interfaces
[b9p12p6840][[47141,1],13][btl_tcp_proc.c:266:mca_btl_tcp_proc_create_interface_graph] Unable to find reachable pairing between local and remote interfaces
[b9p12p6840][[47141,1],0][btl_tcp_proc.c:266:mca_btl_tcp_proc_create_interface_graph] Unable to find reachable pairing between local and remote interfaces
[b9p12p6840][[47141,1],12][btl_tcp_proc.c:266:mca_btl_tcp_proc_create_interface_graph] Unable to find reachable pairing between local and remote interfaces
[b9p12p6840][[47141,1],11][btl_tcp_proc.c:266:mca_btl_tcp_proc_create_interface_graph] Unable to find reachable pairing between local and remote interfaces
[b9p12p6840][[47141,1],2][btl_tcp_proc.c:266:mca_btl_tcp_proc_create_interface_graph] Unable to find reachable pairing between local and remote interfaces
[b9p12p6840][[47141,1],15][btl_tcp_proc.c:266:mca_btl_tcp_proc_create_interface_graph] Unable to find reachable pairing between local and remote interfaces
[b9p12p6840][[47141,1],9][btl_tcp_proc.c:266:mca_btl_tcp_proc_create_interface_graph] Unable to find reachable pairing between local and remote interfaces
[b9p12p6840][[47141,1],5][btl_tcp_proc.c:266:mca_btl_tcp_proc_create_interface_graph] Unable to find reachable pairing between local and remote interfaces
[b9p12p6840][[47141,1],13][btl_tcp_proc.c:266:mca_btl_tcp_proc_create_interface_graph] Unable to find reachable pairing between local and remote interfaces
[b9p12p6840][[47141,1],0][btl_tcp_proc.c:266:mca_btl_tcp_proc_create_interface_graph] Unable to find reachable pairing between local and remote interfaces
[b9p12p6840][[47141,1],6][btl_tcp_proc.c:266:mca_btl_tcp_proc_create_interface_graph] Unable to find reachable pairing between local and remote interfaces
[b9p12p6840][[47141,1],2][btl_tcp_proc.c:266:mca_btl_tcp_proc_create_interface_graph] Unable to find reachable pairing between local and remote interfaces
[b9p12p6840][[47141,1],12][btl_tcp_proc.c:266:mca_btl_tcp_proc_create_interface_graph] Unable to find reachable pairing between local and remote interfaces
[b9p12p6840][[47141,1],11][btl_tcp_proc.c:266:mca_btl_tcp_proc_create_interface_graph] Unable to find reachable pairing between local and remote interfaces
[b9p12p6840][[47141,1],15][btl_tcp_proc.c:266:mca_btl_tcp_proc_create_interface_graph] Unable to find reachable pairing between local and remote interfaces
[b9p12p6840][[47141,1],0][btl_tcp_proc.c:266:mca_btl_tcp_proc_create_interface_graph] Unable to find reachable pairing between local and remote interfaces
[b9p12p6840][[47141,1],9][btl_tcp_proc.c:266:mca_btl_tcp_proc_create_interface_graph] Unable to find reachable pairing between local and remote interfaces
[b9p12p6840][[47141,1],13][btl_tcp_proc.c:266:mca_btl_tcp_proc_create_interface_graph] Unable to find reachable pairing between local and remote interfaces
[b9p12p6840][[47141,1],6][btl_tcp_proc.c:266:mca_btl_tcp_proc_create_interface_graph] Unable to find reachable pairing between local and remote interfaces
[b9p12p6840][[47141,1],5][btl_tcp_proc.c:266:mca_btl_tcp_proc_create_interface_graph] Unable to find reachable pairing between local and remote interfaces
[b9p12p6840][[47141,1],2][btl_tcp_proc.c:266:mca_btl_tcp_proc_create_interface_graph] Unable to find reachable pairing between local and remote interfaces
[b9p12p6840][[47141,1],12][btl_tcp_proc.c:266:mca_btl_tcp_proc_create_interface_graph] Unable to find reachable pairing between local and remote interfaces
[b9p12p6840][[47141,1],11][btl_tcp_proc.c:266:mca_btl_tcp_proc_create_interface_graph] Unable to find reachable pairing between local and remote interfaces
[b9p12p6840][[47141,1],15][btl_tcp_proc.c:266:mca_btl_tcp_proc_create_interface_graph] Unable to find reachable pairing between local and remote interfaces
[b9p12p6840][[47141,1],0][btl_tcp_proc.c:266:mca_btl_tcp_proc_create_interface_graph] Unable to find reachable pairing between local and remote interfaces
[b9p12p6840][[47141,1],9][btl_tcp_proc.c:266:mca_btl_tcp_proc_create_interface_graph] Unable to find reachable pairing between local and remote interfaces
[b9p12p6840][[47141,1],13][btl_tcp_proc.c:266:mca_btl_tcp_proc_create_interface_graph] Unable to find reachable pairing between local and remote interfaces
[b9p12p6840][[47141,1],6][btl_tcp_proc.c:266:mca_btl_tcp_proc_create_interface_graph] Unable to find reachable pairing between local and remote interfaces
[b9p12p6840][[47141,1],5][btl_tcp_proc.c:266:mca_btl_tcp_proc_create_interface_graph] Unable to find reachable pairing between local and remote interfaces
[b9p12p6840][[47141,1],11][btl_tcp_proc.c:266:mca_btl_tcp_proc_create_interface_graph] Unable to find reachable pairing between local and remote interfaces
[b9p12p6840][[47141,1],12][btl_tcp_proc.c:266:mca_btl_tcp_proc_create_interface_graph] Unable to find reachable pairing between local and remote interfaces
[b9p12p6840][[47141,1],15][btl_tcp_proc.c:266:mca_btl_tcp_proc_create_interface_graph] Unable to find reachable pairing between local and remote interfaces
[b9p12p6840][[47141,1],9][btl_tcp_proc.c:266:mca_btl_tcp_proc_create_interface_graph] Unable to find reachable pairing between local and remote interfaces
[b9p12p6840][[47141,1],6][btl_tcp_proc.c:266:mca_btl_tcp_proc_create_interface_graph] Unable to find reachable pairing between local and remote interfaces
[b9p12p6840][[47141,1],13][btl_tcp_proc.c:266:mca_btl_tcp_proc_create_interface_graph] Unable to find reachable pairing between local and remote interfaces
[b9p12p6840][[47141,1],5][btl_tcp_proc.c:266:mca_btl_tcp_proc_create_interface_graph] Unable to find reachable pairing between local and remote interfaces
[b9p12p6840][[47141,1],11][btl_tcp_proc.c:266:mca_btl_tcp_proc_create_interface_graph] Unable to find reachable pairing between local and remote interfaces
[b9p12p6840][[47141,1],15][btl_tcp_proc.c:266:mca_btl_tcp_proc_create_interface_graph] Unable to find reachable pairing between local and remote interfaces
[b9p12p6840][[47141,1],12][btl_tcp_proc.c:266:mca_btl_tcp_proc_create_interface_graph] Unable to find reachable pairing between local and remote interfaces
[b9p12p6840][[47141,1],9][btl_tcp_proc.c:266:mca_btl_tcp_proc_create_interface_graph] Unable to find reachable pairing between local and remote interfaces
[b9p12p6840][[47141,1],13][btl_tcp_proc.c:266:mca_btl_tcp_proc_create_interface_graph] Unable to find reachable pairing between local and remote interfaces
[b9p12p6840][[47141,1],5][btl_tcp_proc.c:266:mca_btl_tcp_proc_create_interface_graph] Unable to find reachable pairing between local and remote interfaces
[b9p12p6840][[47141,1],11][btl_tcp_proc.c:266:mca_btl_tcp_proc_create_interface_graph] Unable to find reachable pairing between local and remote interfaces
[b9p12p6840][[47141,1],6][btl_tcp_proc.c:266:mca_btl_tcp_proc_create_interface_graph] Unable to find reachable pairing between local and remote interfaces
[b9p12p6840][[47141,1],15][btl_tcp_proc.c:266:mca_btl_tcp_proc_create_interface_graph] Unable to find reachable pairing between local and remote interfaces
[b9p12p6840][[47141,1],9][btl_tcp_proc.c:266:mca_btl_tcp_proc_create_interface_graph] Unable to find reachable pairing between local and remote interfaces
[b9p12p6840][[47141,1],12][btl_tcp_proc.c:266:mca_btl_tcp_proc_create_interface_graph] Unable to find reachable pairing between local and remote interfaces
[b9p12p6840][[47141,1],13][btl_tcp_proc.c:266:mca_btl_tcp_proc_create_interface_graph] Unable to find reachable pairing between local and remote interfaces
[b9p12p6840][[47141,1],5][btl_tcp_proc.c:266:mca_btl_tcp_proc_create_interface_graph] Unable to find reachable pairing between local and remote interfaces
[b9p12p6840][[47141,1],15][btl_tcp_proc.c:266:mca_btl_tcp_proc_create_interface_graph] Unable to find reachable pairing between local and remote interfaces
[b9p12p6840][[47141,1],11][btl_tcp_proc.c:266:mca_btl_tcp_proc_create_interface_graph] Unable to find reachable pairing between local and remote interfaces
[b9p12p6840][[47141,1],6][btl_tcp_proc.c:266:mca_btl_tcp_proc_create_interface_graph] Unable to find reachable pairing between local and remote interfaces
[b9p12p6840][[47141,1],12][btl_tcp_proc.c:266:mca_btl_tcp_proc_create_interface_graph] Unable to find reachable pairing between local and remote interfaces
[b9p12p6840][[47141,1],13][btl_tcp_proc.c:266:mca_btl_tcp_proc_create_interface_graph] Unable to find reachable pairing between local and remote interfaces
[b9p12p6840][[47141,1],5][btl_tcp_proc.c:266:mca_btl_tcp_proc_create_interface_graph] Unable to find reachable pairing between local and remote interfaces
[b9p12p6840][[47141,1],15][btl_tcp_proc.c:266:mca_btl_tcp_proc_create_interface_graph] Unable to find reachable pairing between local and remote interfaces
[b9p12p6840][[47141,1],11][btl_tcp_proc.c:266:mca_btl_tcp_proc_create_interface_graph] Unable to find reachable pairing between local and remote interfaces
[b9p12p6840][[47141,1],6][btl_tcp_proc.c:266:mca_btl_tcp_proc_create_interface_graph] Unable to find reachable pairing between local and remote interfaces
[b9p12p6840][[47141,1],12][btl_tcp_proc.c:266:mca_btl_tcp_proc_create_interface_graph] Unable to find reachable pairing between local and remote interfaces
[b9p12p6840][[47141,1],13][btl_tcp_proc.c:266:mca_btl_tcp_proc_create_interface_graph] Unable to find reachable pairing between local and remote interfaces
[b9p12p6840][[47141,1],5][btl_tcp_proc.c:266:mca_btl_tcp_proc_create_interface_graph] Unable to find reachable pairing between local and remote interfaces
[b9p12p6840][[47141,1],11][btl_tcp_proc.c:266:mca_btl_tcp_proc_create_interface_graph] Unable to find reachable pairing between local and remote interfaces
[b9p12p6840][[47141,1],12][btl_tcp_proc.c:266:mca_btl_tcp_proc_create_interface_graph] Unable to find reachable pairing between local and remote interfaces
[b9p12p6840][[47141,1],13][btl_tcp_proc.c:266:mca_btl_tcp_proc_create_interface_graph] Unable to find reachable pairing between local and remote interfaces
[b9p12p6840][[47141,1],5][btl_tcp_proc.c:266:mca_btl_tcp_proc_create_interface_graph] Unable to find reachable pairing between local and remote interfaces
[b9p12p6840][[47141,1],11][btl_tcp_proc.c:266:mca_btl_tcp_proc_create_interface_graph] Unable to find reachable pairing between local and remote interfaces
[b9p12p6840][[47141,1],13][btl_tcp_proc.c:266:mca_btl_tcp_proc_create_interface_graph] Unable to find reachable pairing between local and remote interfaces
[b9p12p6840][[47141,1],5][btl_tcp_proc.c:266:mca_btl_tcp_proc_create_interface_graph] Unable to find reachable pairing between local and remote interfaces
[b9p12p6840][[47141,1],11][btl_tcp_proc.c:266:mca_btl_tcp_proc_create_interface_graph] Unable to find reachable pairing between local and remote interfaces
[b9p12p6840][[47141,1],13][btl_tcp_proc.c:266:mca_btl_tcp_proc_create_interface_graph] Unable to find reachable pairing between local and remote interfaces
[b9p12p6840][[47141,1],5][btl_tcp_proc.c:266:mca_btl_tcp_proc_create_interface_graph] Unable to find reachable pairing between local and remote interfaces
[b9p12p6840][[47141,1],13][btl_tcp_proc.c:266:mca_btl_tcp_proc_create_interface_graph] Unable to find reachable pairing between local and remote interfaces
[b9p12p6840][[47141,1],13][btl_tcp_proc.c:266:mca_btl_tcp_proc_create_interface_graph] Unable to find reachable pairing between local and remote interfaces

     Program PWSCF v.7.5 starts on 27Sep2026 at 10:47: 8 

     This program is part of the open-source Quantum ESPRESSO suite
     for quantum simulation of materials; please cite
         "P. Giannozzi et al., J. Phys.:Condens. Matter 21 395502 (2009);
         "P. Giannozzi et al., J. Phys.:Condens. Matter 29 465901 (2017);
         "P. Giannozzi et al., J. Chem. Phys. 152 154105 (2020);
          URL http://www.quantum-espresso.org", 
     in publications or presentations arising from this work. More details at
     http://www.quantum-espresso.org/quote

     Parallel version (MPI & OpenMP), running on      16 processor cores
     Number of MPI processes:                16
     Threads/MPI process:                     1

     MPI processes distributed on     1 nodes
     187138 MiB available memory on the printing compute node when the environment starts

     Reading input from scf.in

     Current dimensions of program PWSCF are:
     Max number of different atomic species (ntypx) = 10
     Max number of k-points (npk) =  40000
     Max angular momentum in pseudopotentials (lmaxx) =  4
     file In.pbe-dn-kjpaw_psl.1.0.0.UPF: wavefunction(s)  5S 5P 4D renormalized
     file O.pbe-n-kjpaw_psl.1.0.0.UPF: wavefunction(s)  2S 2P renormalized
     file H.pbe-kjpaw_psl.1.0.0.UPF: wavefunction(s)  1S renormalized
     Message from routine setup:
     using ibrav=0 with symmetry is DISCOURAGED, use correct ibrav instead

     K-points division:     npool     =       4
     R & G space division:  proc/nbgrp/npool/nimage =       4
     Subspace diagonalization in iterative solution of the eigenvalue problem:
     one sub-group per band group will be used
     ELPA distributed-memory algorithm (size of sub-group:  2*  2 procs)


     Parallelization info
     --------------------
     sticks:   dense  smooth     PW     G-vecs:    dense   smooth      PW
     Min        4285    2144    556              1018899   360290   47548
     Max        4286    2145    557              1018910   360299   47552
     Sum       17141    8577   2225              4075609  1441173  190201

     Using Slab Decomposition



     bravais-lattice index     =            0
     lattice parameter (alat)  =      19.4757  a.u.
     unit-cell volume          =   17829.5146 (a.u.)^3
     number of atoms/cell      =           96
     number of atomic types    =            3
     number of electrons       =       624.00
     number of Kohn-Sham states=          328
     kinetic-energy cutoff     =      71.0000  Ry
     charge density cutoff     =     568.0000  Ry
     scf convergence threshold =      1.0E-09
     mixing beta               =       0.2000
     number of iterations used =            8  local-TF  mixing
     Exchange-correlation= SLA  PW   PBX  PBC
                           (   1   4   3   4   0   0   0)

     celldm(1)=  19.475688  celldm(2)=   0.000000  celldm(3)=   0.000000
     celldm(4)=   0.000000  celldm(5)=   0.000000  celldm(6)=   0.000000

     crystal axes: (cart. coord. in units of alat)
               a(1) = (   1.000000   0.000000   0.000000 )  
               a(2) = (   0.000000   1.000000   0.000000 )  
               a(3) = (   0.000000   0.000000   2.413577 )  

     reciprocal axes: (cart. coord. in units 2 pi/alat)
               b(1) = (  1.000000  0.000000  0.000000 )  
               b(2) = (  0.000000  1.000000  0.000000 )  
               b(3) = (  0.000000  0.000000  0.414323 )  


     PseudoPot. # 1 for In read from file:
     ./In.pbe-dn-kjpaw_psl.1.0.0.UPF
     MD5 check sum: 235b15e6a7fdfd96486e0ecdcb5b12c6
     Pseudo is Projector augmented-wave + core cor, Zval = 13.0
     Generated using &quot;atomic&quot; code by A. Dal Corso  v.6.3
     Shape of augmentation charge: PSQ
     Using radial grid of 1241 points,  6 beta functions with: 
                l(1) =   0
                l(2) =   0
                l(3) =   1
                l(4) =   1
                l(5) =   2
                l(6) =   2
     Q(r) pseudized with 0 coefficients 


     PseudoPot. # 2 for O  read from file:
     ./O.pbe-n-kjpaw_psl.1.0.0.UPF
     MD5 check sum: e99d9cef9b487d1ca56f5b95ecd0fd7a
     Pseudo is Projector augmented-wave + core cor, Zval =  6.0
     Generated using &quot;atomic&quot; code by A. Dal Corso  v.6.3
     Shape of augmentation charge: PSQ
     Using radial grid of 1095 points,  4 beta functions with: 
                l(1) =   0
                l(2) =   0
                l(3) =   1
                l(4) =   1
     Q(r) pseudized with 0 coefficients 


     PseudoPot. # 3 for H  read from file:
     ./H.pbe-kjpaw_psl.1.0.0.UPF
     MD5 check sum: d81a744832360e4a8af0b0b5b123bc2a
     Pseudo is Projector augmented-wave, Zval =  1.0
     Generated using &quot;atomic&quot; code by A. Dal Corso  v.6.3MaX
     Shape of augmentation charge: PSQ
     Using radial grid of  929 points,  2 beta functions with: 
                l(1) =   0
                l(2) =   0
     Q(r) pseudized with 0 coefficients 


     atomic species   valence    mass     pseudopotential
     In               13.00   114.81800     In( 1.00)
     O                 6.00    15.99900     O ( 1.00)
     H                 1.00     1.00800     H ( 1.00)

      8 Sym. Ops., with inversion, found ( 6 have fractional translation)


                                    s                        frac. trans.

      isym =  1     identity                                     

 cryst.   s( 1) = (     1          0          0      )
                  (     0          1          0      )
                  (     0          0          1      )

 cart.    s( 1) = (  1.0000000  0.0000000  0.0000000 )
                  (  0.0000000  1.0000000  0.0000000 )
                  (  0.0000000  0.0000000  1.0000000 )


      isym =  2     180 deg rotation - cart. axis [0,0,1]        

 cryst.   s( 2) = (    -1          0          0      )    f =(  0.0000000 )
                  (     0         -1          0      )       (  0.5000000 )
                  (     0          0          1      )       (  0.0000000 )

 cart.    s( 2) = ( -1.0000000  0.0000000  0.0000000 )    f =(  0.0000000 )
                  (  0.0000000 -1.0000000  0.0000000 )       (  0.5000000 )
                  (  0.0000000  0.0000000  1.0000000 )       (  0.0000000 )


      isym =  3     180 deg rotation - cart. axis [0,1,0]        

 cryst.   s( 3) = (    -1          0          0      )    f =(  0.5000000 )
                  (     0          1          0      )       (  0.0000000 )
                  (     0          0         -1      )       ( -0.0000000 )

 cart.    s( 3) = ( -1.0000000  0.0000000  0.0000000 )    f =(  0.5000000 )
                  (  0.0000000  1.0000000  0.0000000 )       (  0.0000000 )
                  (  0.0000000  0.0000000 -1.0000000 )       ( -0.0000000 )


      isym =  4     180 deg rotation - cart. axis [1,0,0]        

 cryst.   s( 4) = (     1          0          0      )    f =( -0.5000000 )
                  (     0         -1          0      )       (  0.5000000 )
                  (     0          0         -1      )       ( -0.0000000 )

 cart.    s( 4) = (  1.0000000  0.0000000  0.0000000 )    f =( -0.5000000 )
                  (  0.0000000 -1.0000000  0.0000000 )       (  0.5000000 )
                  (  0.0000000  0.0000000 -1.0000000 )       ( -0.0000000 )


      isym =  5     inversion                                    

 cryst.   s( 5) = (    -1          0          0      )
                  (     0         -1          0      )
                  (     0          0         -1      )

 cart.    s( 5) = ( -1.0000000  0.0000000  0.0000000 )
                  (  0.0000000 -1.0000000  0.0000000 )
                  (  0.0000000  0.0000000 -1.0000000 )


      isym =  6     inv. 180 deg rotation - cart. axis [0,0,1]   

 cryst.   s( 6) = (     1          0          0      )    f =(  0.0000000 )
                  (     0          1          0      )       ( -0.5000000 )
                  (     0          0         -1      )       ( -0.0000000 )

 cart.    s( 6) = (  1.0000000  0.0000000  0.0000000 )    f =(  0.0000000 )
                  (  0.0000000  1.0000000  0.0000000 )       ( -0.5000000 )
                  (  0.0000000  0.0000000 -1.0000000 )       ( -0.0000000 )


      isym =  7     inv. 180 deg rotation - cart. axis [0,1,0]   

 cryst.   s( 7) = (     1          0          0      )    f =( -0.5000000 )
                  (     0         -1          0      )       (  0.0000000 )
                  (     0          0          1      )       (  0.0000000 )

 cart.    s( 7) = (  1.0000000  0.0000000  0.0000000 )    f =( -0.5000000 )
                  (  0.0000000 -1.0000000  0.0000000 )       (  0.0000000 )
                  (  0.0000000  0.0000000  1.0000000 )       (  0.0000000 )


      isym =  8     inv. 180 deg rotation - cart. axis [1,0,0]   

 cryst.   s( 8) = (    -1          0          0      )    f =(  0.5000000 )
                  (     0          1          0      )       ( -0.5000000 )
                  (     0          0          1      )       (  0.0000000 )

 cart.    s( 8) = ( -1.0000000  0.0000000  0.0000000 )    f =(  0.5000000 )
                  (  0.0000000  1.0000000  0.0000000 )       ( -0.5000000 )
                  (  0.0000000  0.0000000  1.0000000 )       (  0.0000000 )


   Cartesian axes

     site n.     atom                  positions (alat units)
         1        In     tau(   1) = (   0.2500000   0.2500000   0.9567883  )
         2        In     tau(   2) = (   0.7500000   0.2500000   0.9567883  )
         3        In     tau(   3) = (   0.2500000   0.2500000   1.4567883  )
         4        In     tau(   4) = (   0.2500000   0.7500000   0.9567883  )
         5        In     tau(   5) = (   0.4661938   0.5000000   1.4567883  )
         6        In     tau(   6) = (   0.0338062   0.5000000   0.9567883  )
         7        In     tau(   7) = (   0.7500000   0.4661938   1.2067883  )
         8        In     tau(   8) = (   0.2500000   0.0338062   1.2067883  )
         9        In     tau(   9) = (   0.5000000   0.7500000   1.1729821  )
        10        In     tau(  10) = (   0.0338062   0.0000000   1.4567883  )
        11        In     tau(  11) = (   0.4661938   0.0000000   0.9567883  )
        12        In     tau(  12) = (   0.0000000   0.2500000   1.1729821  )
        13        O      tau(  13) = (   0.3897318   0.1544729   1.0891653  )
        14        O      tau(  14) = (   0.6102682   0.3455271   1.0891653  )
        15        O      tau(  15) = (   0.1102682   0.1544729   1.3244114  )
        16        O      tau(  16) = (   0.8897318   0.3455271   1.3244114  )
        17        O      tau(  17) = (   0.3823770   0.3897318   0.8612613  )
        18        O      tau(  18) = (   0.3823770   0.6102682   1.0523154  )
        19        O      tau(  19) = (   0.6176230   0.1102682   0.8612613  )
        20        O      tau(  20) = (   0.6176230   0.8897318   1.0523154  )
        21        O      tau(  21) = (   0.1544729   0.3823770   1.0965202  )
        22        O      tau(  22) = (   0.3455271   0.3823770   1.3170565  )
        23        O      tau(  23) = (   0.1544729   0.6176230   0.8170565  )
        24        O      tau(  24) = (   0.3455271   0.6176230   1.5965202  )
        25        O      tau(  25) = (   0.1102682   0.3455271   0.8244114  )
        26        O      tau(  26) = (   0.8897318   0.1544729   0.8244114  )
        27        O      tau(  27) = (   0.3897318   0.3455271   1.5891653  )
        28        O      tau(  28) = (   0.6102682   0.1544729   1.5891653  )
        29        O      tau(  29) = (   0.1176230   0.1102682   1.0523154  )
        30        O      tau(  30) = (   0.1176230   0.8897318   0.8612613  )
        31        O      tau(  31) = (   0.8823770   0.3897318   1.0523154  )
        32        O      tau(  32) = (   0.8823770   0.6102682   0.8612613  )
        33        O      tau(  33) = (   0.3455271   0.1176230   0.8170565  )
        34        O      tau(  34) = (   0.1544729   0.1176230   1.5965202  )
        35        O      tau(  35) = (   0.3455271   0.8823770   1.0965202  )
        36        O      tau(  36) = (   0.1544729   0.8823770   1.3170565  )
        37        In     tau(  37) = (   0.7500000   0.7500000   1.4567883  )
        38        In     tau(  38) = (   0.2500000   0.7500000   1.4567883  )
        39        In     tau(  39) = (   0.7500000   0.7500000   0.9567883  )
        40        In     tau(  40) = (   0.7500000   0.2500000   1.4567883  )
        41        In     tau(  41) = (   0.9661938   0.0000000   0.9567883  )
        42        In     tau(  42) = (   0.5338062   0.0000000   1.4567883  )
        43        In     tau(  43) = (   0.0000000   0.7500000   1.2405945  )
        44        In     tau(  44) = (   0.5338062   0.5000000   0.9567883  )
        45        In     tau(  45) = (   0.9661938   0.5000000   1.4567883  )
        46        In     tau(  46) = (   0.2500000   0.5338062   1.2067883  )
        47        In     tau(  47) = (   0.7500000   0.9661938   1.2067883  )
        48        In     tau(  48) = (   0.5000000   0.2500000   1.2405945  )
        49        O      tau(  49) = (   0.8897318   0.6544729   1.5891653  )
        50        O      tau(  50) = (   0.1102682   0.8455271   1.5891653  )
        51        O      tau(  51) = (   0.6102682   0.6544729   0.8244114  )
        52        O      tau(  52) = (   0.3897318   0.8455271   0.8244114  )
        53        O      tau(  53) = (   0.8823770   0.8897318   1.3612613  )
        54        O      tau(  54) = (   0.8823770   0.1102682   1.5523154  )
        55        O      tau(  55) = (   0.1176230   0.6102682   1.3612613  )
        56        O      tau(  56) = (   0.1176230   0.3897318   1.5523154  )
        57        O      tau(  57) = (   0.6544729   0.8823770   1.5965202  )
        58        O      tau(  58) = (   0.8455271   0.8823770   0.8170565  )
        59        O      tau(  59) = (   0.6544729   0.1176230   1.3170565  )
        60        O      tau(  60) = (   0.8455271   0.1176230   1.0965202  )
        61        O      tau(  61) = (   0.6102682   0.8455271   1.3244114  )
        62        O      tau(  62) = (   0.3897318   0.6544729   1.3244114  )
        63        O      tau(  63) = (   0.8897318   0.8455271   1.0891653  )
        64        O      tau(  64) = (   0.1102682   0.6544729   1.0891653  )
        65        O      tau(  65) = (   0.6176230   0.6102682   1.5523154  )
        66        O      tau(  66) = (   0.6176230   0.3897318   1.3612613  )
        67        O      tau(  67) = (   0.3823770   0.8897318   1.5523154  )
        68        O      tau(  68) = (   0.3823770   0.1102682   1.3612613  )
        69        O      tau(  69) = (   0.8455271   0.6176230   1.3170565  )
        70        O      tau(  70) = (   0.6544729   0.6176230   1.0965202  )
        71        O      tau(  71) = (   0.8455271   0.3823770   1.5965202  )
        72        O      tau(  72) = (   0.6544729   0.3823770   0.8170565  )
        73        H      tau(  73) = (   0.3774651   0.3686679   0.7696611  )
        74        H      tau(  74) = (   0.6225349   0.1313321   0.7696611  )
        75        H      tau(  75) = (   0.1262733   0.6085085   0.7277250  )
        76        H      tau(  76) = (   0.3737267   0.6085085   1.6858516  )
        77        H      tau(  77) = (   0.1204699   0.3542316   0.7312526  )
        78        H      tau(  78) = (   0.8795301   0.1457684   0.7312526  )
        79        H      tau(  79) = (   0.3795301   0.3542316   1.6823241  )
        80        H      tau(  80) = (   0.6204699   0.1457684   1.6823241  )
        81        H      tau(  81) = (   0.1225349   0.8686679   0.7696611  )
        82        H      tau(  82) = (   0.8774651   0.6313321   0.7696611  )
        83        H      tau(  83) = (   0.3737267   0.1085085   0.7277250  )
        84        H      tau(  84) = (   0.1262733   0.1085085   1.6858516  )
        85        H      tau(  85) = (   0.8795301   0.6457684   1.6823241  )
        86        H      tau(  86) = (   0.1204699   0.8542316   1.6823241  )
        87        H      tau(  87) = (   0.6204699   0.6457684   0.7312526  )
        88        H      tau(  88) = (   0.3795301   0.8542316   0.7312526  )
        89        H      tau(  89) = (   0.8774651   0.1313321   1.6439156  )
        90        H      tau(  90) = (   0.1225349   0.3686679   1.6439156  )
        91        H      tau(  91) = (   0.6262733   0.8914915   1.6858516  )
        92        H      tau(  92) = (   0.8737267   0.8914915   0.7277250  )
        93        H      tau(  93) = (   0.6225349   0.6313321   1.6439156  )
        94        H      tau(  94) = (   0.3774651   0.8686679   1.6439156  )
        95        H      tau(  95) = (   0.8737267   0.3914915   1.6858516  )
        96        H      tau(  96) = (   0.6262733   0.3914915   0.7277250  )

   Crystallographic axes

     site n.     atom                  positions (cryst. coord.)
         1        In     tau(   1) = (  0.2500000  0.2500000  0.3964193  )
         2        In     tau(   2) = (  0.7500000  0.2500000  0.3964193  )
         3        In     tau(   3) = (  0.2500000  0.2500000  0.6035807  )
         4        In     tau(   4) = (  0.2500000  0.7500000  0.3964193  )
         5        In     tau(   5) = (  0.4661938  0.5000000  0.6035807  )
         6        In     tau(   6) = (  0.0338062  0.5000000  0.3964193  )
         7        In     tau(   7) = (  0.7500000  0.4661938  0.5000000  )
         8        In     tau(   8) = (  0.2500000  0.0338062  0.5000000  )
         9        In     tau(   9) = (  0.5000000  0.7500000  0.4859933  )
        10        In     tau(  10) = (  0.0338062  0.0000000  0.6035807  )
        11        In     tau(  11) = (  0.4661938  0.0000000  0.3964193  )
        12        In     tau(  12) = (  0.0000000  0.2500000  0.4859933  )
        13        O      tau(  13) = (  0.3897318  0.1544729  0.4512661  )
        14        O      tau(  14) = (  0.6102682  0.3455271  0.4512661  )
        15        O      tau(  15) = (  0.1102682  0.1544729  0.5487339  )
        16        O      tau(  16) = (  0.8897318  0.3455271  0.5487339  )
        17        O      tau(  17) = (  0.3823770  0.3897318  0.3568402  )
        18        O      tau(  18) = (  0.3823770  0.6102682  0.4359983  )
        19        O      tau(  19) = (  0.6176230  0.1102682  0.3568402  )
        20        O      tau(  20) = (  0.6176230  0.8897318  0.4359983  )
        21        O      tau(  21) = (  0.1544729  0.3823770  0.4543134  )
        22        O      tau(  22) = (  0.3455271  0.3823770  0.5456866  )
        23        O      tau(  23) = (  0.1544729  0.6176230  0.3385252  )
        24        O      tau(  24) = (  0.3455271  0.6176230  0.6614748  )
        25        O      tau(  25) = (  0.1102682  0.3455271  0.3415725  )
        26        O      tau(  26) = (  0.8897318  0.1544729  0.3415725  )
        27        O      tau(  27) = (  0.3897318  0.3455271  0.6584275  )
        28        O      tau(  28) = (  0.6102682  0.1544729  0.6584275  )
        29        O      tau(  29) = (  0.1176230  0.1102682  0.4359983  )
        30        O      tau(  30) = (  0.1176230  0.8897318  0.3568402  )
        31        O      tau(  31) = (  0.8823770  0.3897318  0.4359983  )
        32        O      tau(  32) = (  0.8823770  0.6102682  0.3568402  )
        33        O      tau(  33) = (  0.3455271  0.1176230  0.3385252  )
        34        O      tau(  34) = (  0.1544729  0.1176230  0.6614748  )
        35        O      tau(  35) = (  0.3455271  0.8823770  0.4543134  )
        36        O      tau(  36) = (  0.1544729  0.8823770  0.5456866  )
        37        In     tau(  37) = (  0.7500000  0.7500000  0.6035807  )
        38        In     tau(  38) = (  0.2500000  0.7500000  0.6035807  )
        39        In     tau(  39) = (  0.7500000  0.7500000  0.3964193  )
        40        In     tau(  40) = (  0.7500000  0.2500000  0.6035807  )
        41        In     tau(  41) = (  0.9661938  0.0000000  0.3964193  )
        42        In     tau(  42) = (  0.5338062  0.0000000  0.6035807  )
        43        In     tau(  43) = (  0.0000000  0.7500000  0.5140067  )
        44        In     tau(  44) = (  0.5338062  0.5000000  0.3964193  )
        45        In     tau(  45) = (  0.9661938  0.5000000  0.6035807  )
        46        In     tau(  46) = (  0.2500000  0.5338062  0.5000000  )
        47        In     tau(  47) = (  0.7500000  0.9661938  0.5000000  )
        48        In     tau(  48) = (  0.5000000  0.2500000  0.5140067  )
        49        O      tau(  49) = (  0.8897318  0.6544729  0.6584275  )
        50        O      tau(  50) = (  0.1102682  0.8455271  0.6584275  )
        51        O      tau(  51) = (  0.6102682  0.6544729  0.3415725  )
        52        O      tau(  52) = (  0.3897318  0.8455271  0.3415725  )
        53        O      tau(  53) = (  0.8823770  0.8897318  0.5640017  )
        54        O      tau(  54) = (  0.8823770  0.1102682  0.6431598  )
        55        O      tau(  55) = (  0.1176230  0.6102682  0.5640017  )
        56        O      tau(  56) = (  0.1176230  0.3897318  0.6431598  )
        57        O      tau(  57) = (  0.6544729  0.8823770  0.6614748  )
        58        O      tau(  58) = (  0.8455271  0.8823770  0.3385252  )
        59        O      tau(  59) = (  0.6544729  0.1176230  0.5456866  )
        60        O      tau(  60) = (  0.8455271  0.1176230  0.4543134  )
        61        O      tau(  61) = (  0.6102682  0.8455271  0.5487339  )
        62        O      tau(  62) = (  0.3897318  0.6544729  0.5487339  )
        63        O      tau(  63) = (  0.8897318  0.8455271  0.4512661  )
        64        O      tau(  64) = (  0.1102682  0.6544729  0.4512661  )
        65        O      tau(  65) = (  0.6176230  0.6102682  0.6431598  )
        66        O      tau(  66) = (  0.6176230  0.3897318  0.5640017  )
        67        O      tau(  67) = (  0.3823770  0.8897318  0.6431598  )
        68        O      tau(  68) = (  0.3823770  0.1102682  0.5640017  )
        69        O      tau(  69) = (  0.8455271  0.6176230  0.5456866  )
        70        O      tau(  70) = (  0.6544729  0.6176230  0.4543134  )
        71        O      tau(  71) = (  0.8455271  0.3823770  0.6614748  )
        72        O      tau(  72) = (  0.6544729  0.3823770  0.3385252  )
        73        H      tau(  73) = (  0.3774651  0.3686679  0.3188882  )
        74        H      tau(  74) = (  0.6225349  0.1313321  0.3188882  )
        75        H      tau(  75) = (  0.1262733  0.6085085  0.3015131  )
        76        H      tau(  76) = (  0.3737267  0.6085085  0.6984869  )
        77        H      tau(  77) = (  0.1204699  0.3542316  0.3029747  )
        78        H      tau(  78) = (  0.8795301  0.1457684  0.3029747  )
        79        H      tau(  79) = (  0.3795301  0.3542316  0.6970253  )
        80        H      tau(  80) = (  0.6204699  0.1457684  0.6970253  )
        81        H      tau(  81) = (  0.1225349  0.8686679  0.3188882  )
        82        H      tau(  82) = (  0.8774651  0.6313321  0.3188882  )
        83        H      tau(  83) = (  0.3737267  0.1085085  0.3015131  )
        84        H      tau(  84) = (  0.1262733  0.1085085  0.6984869  )
        85        H      tau(  85) = (  0.8795301  0.6457684  0.6970253  )
        86        H      tau(  86) = (  0.1204699  0.8542316  0.6970253  )
        87        H      tau(  87) = (  0.6204699  0.6457684  0.3029747  )
        88        H      tau(  88) = (  0.3795301  0.8542316  0.3029747  )
        89        H      tau(  89) = (  0.8774651  0.1313321  0.6811118  )
        90        H      tau(  90) = (  0.1225349  0.3686679  0.6811118  )
        91        H      tau(  91) = (  0.6262733  0.8914915  0.6984869  )
        92        H      tau(  92) = (  0.8737267  0.8914915  0.3015131  )
        93        H      tau(  93) = (  0.6225349  0.6313321  0.6811118  )
        94        H      tau(  94) = (  0.3774651  0.8686679  0.6811118  )
        95        H      tau(  95) = (  0.8737267  0.3914915  0.6984869  )
        96        H      tau(  96) = (  0.6262733  0.3914915  0.3015131  )

     number of k points=     4
                       cart. coord. in units 2pi/alat
        k(    1) = (   0.0000000   0.0000000   0.0000000), wk =   0.2222222
        k(    2) = (   0.0000000   0.3333333   0.0000000), wk =   0.4444444
        k(    3) = (   0.3333333   0.3333333   0.0000000), wk =   0.8888889
        k(    4) = (   0.3333333   0.0000000   0.0000000), wk =   0.4444444

                       cryst. coord.
        k(    1) = (   0.0000000   0.0000000   0.0000000), wk =   0.2222222
        k(    2) = (   0.0000000   0.3333333   0.0000000), wk =   0.4444444
        k(    3) = (   0.3333333   0.3333333   0.0000000), wk =   0.8888889
        k(    4) = (   0.3333333   0.0000000   0.0000000), wk =   0.4444444

     Dense  grid:  4075609 G-vectors     FFT dimensions: ( 150, 150, 360)

     Smooth grid:  1441173 G-vectors     FFT dimensions: ( 108, 108, 256)

     Dynamical RAM for                 wfc:     225.37 MB

     Dynamical RAM for     wfc (w. buffer):     225.37 MB

     Dynamical RAM for           str. fact:      46.64 MB

     Dynamical RAM for           local pot:       0.00 MB

     Dynamical RAM for          nlocal pot:     593.67 MB

     Dynamical RAM for                qrad:       5.74 MB

     Dynamical RAM for          rho,v,vnew:      92.99 MB

     Dynamical RAM for               rhoin:      31.00 MB

     Dynamical RAM for            rho*nmix:     248.75 MB

     Dynamical RAM for           G-vectors:      61.05 MB

     Dynamical RAM for          h,s,v(r/c):       4.92 MB

     Dynamical RAM for          <psi|beta>:       4.32 MB

     Dynamical RAM for                 psi:     450.75 MB

     Dynamical RAM for                hpsi:     450.75 MB

     Dynamical RAM for                spsi:     450.75 MB

     Dynamical RAM for      wfcinit/wfcrot:     453.21 MB

     Dynamical RAM for           addusdens:     921.17 MB

     Dynamical RAM for          addusforce:    1282.83 MB

     Dynamical RAM for         addusstress:     787.07 MB

     Estimated static dynamical RAM per process >       1.17 GB

     Estimated max dynamical RAM per process >       2.74 GB

     Estimated total dynamical RAM >      40.93 GB

     Initial potential from superposition of free atoms

     starting charge     623.9105, renormalised to     624.0000

     negative rho (up, down):  7.233E-04 0.000E+00
     Starting wfcs are  432 randomized atomic wfcs
     Checking if some PAW data can be deallocated... 
       PAW data deallocated on   12 nodes for type:  1
       PAW data deallocated on    8 nodes for type:  2
       PAW data deallocated on   12 nodes for type:  3

     total cpu time spent up to now is       34.0 secs

     per-process dynamical memory:  1283.3 Mb

     Self-consistent Calculation

     iteration #  1     ecut=    71.00 Ry     beta= 0.20
     Davidson diagonalization with overlap

---- Real-time Memory Report at c_bands before calling an iterative solver
          1792 MiB given to the printing process from OS
          1253 MiB allocation reported by mallinfo(arena+hblkhd)
        168526 MiB available memory on the node where the printing process lives
------------------
     ethr =  1.00E-02,  avg # of iterations =  2.0

     negative rho (up, down):  2.567E-08 0.000E+00

     total cpu time spent up to now is      102.5 secs

     total energy              =  -11890.46159286 Ry
     estimated scf accuracy    <      24.74407478 Ry

     iteration #  2     ecut=    71.00 Ry     beta= 0.20
     Davidson diagonalization with overlap

---- Real-time Memory Report at c_bands before calling an iterative solver
          2615 MiB given to the printing process from OS
          1417 MiB allocation reported by mallinfo(arena+hblkhd)
        165916 MiB available memory on the node where the printing process lives
------------------
     ethr =  3.97E-03,  avg # of iterations =  1.0

     total cpu time spent up to now is      162.7 secs

     total energy              =  -11882.87901067 Ry
     estimated scf accuracy    <      16.24270270 Ry

     iteration #  3     ecut=    71.00 Ry     beta= 0.20
     Davidson diagonalization with overlap

---- Real-time Memory Report at c_bands before calling an iterative solver
          2727 MiB given to the printing process from OS
          1429 MiB allocation reported by mallinfo(arena+hblkhd)
        162137 MiB available memory on the node where the printing process lives
------------------
     ethr =  2.60E-03,  avg # of iterations =  6.2

     total cpu time spent up to now is      248.1 secs

     total energy              =  -11886.61590491 Ry
     estimated scf accuracy    <       1.09944983 Ry

     iteration #  4     ecut=    71.00 Ry     beta= 0.20
     Davidson diagonalization with overlap

---- Real-time Memory Report at c_bands before calling an iterative solver
          2839 MiB given to the printing process from OS
          1440 MiB allocation reported by mallinfo(arena+hblkhd)
        160367 MiB available memory on the node where the printing process lives
------------------
     ethr =  1.76E-04,  avg # of iterations =  8.8

     total cpu time spent up to now is      426.4 secs

     total energy              =  -11887.67930757 Ry
     estimated scf accuracy    <       5.08695772 Ry

     iteration #  5     ecut=    71.00 Ry     beta= 0.20
     Davidson diagonalization with overlap

---- Real-time Memory Report at c_bands before calling an iterative solver
          2861 MiB given to the printing process from OS
          1457 MiB allocation reported by mallinfo(arena+hblkhd)
        155896 MiB available memory on the node where the printing process lives
------------------
     ethr =  1.76E-04,  avg # of iterations =  6.0

     total cpu time spent up to now is      558.3 secs

     total energy              =  -11888.41685649 Ry
     estimated scf accuracy    <       0.63738907 Ry

     iteration #  6     ecut=    71.00 Ry     beta= 0.20
     Davidson diagonalization with overlap

---- Real-time Memory Report at c_bands before calling an iterative solver
          2873 MiB given to the printing process from OS
          1468 MiB allocation reported by mallinfo(arena+hblkhd)
        158468 MiB available memory on the node where the printing process lives
------------------
     ethr =  1.02E-04,  avg # of iterations =  6.0

     total cpu time spent up to now is      684.6 secs

     total energy              =  -11888.51582593 Ry
     estimated scf accuracy    <       1.66043735 Ry

     iteration #  7     ecut=    71.00 Ry     beta= 0.20
     Davidson diagonalization with overlap

---- Real-time Memory Report at c_bands before calling an iterative solver
          2878 MiB given to the printing process from OS
          1479 MiB allocation reported by mallinfo(arena+hblkhd)
        154587 MiB available memory on the node where the printing process lives
------------------
     ethr =  1.02E-04,  avg # of iterations =  1.2

     total cpu time spent up to now is      752.3 secs

     total energy              =  -11888.42710545 Ry
     estimated scf accuracy    <       1.08219758 Ry

     iteration #  8     ecut=    71.00 Ry     beta= 0.20
     Davidson diagonalization with overlap

---- Real-time Memory Report at c_bands before calling an iterative solver
          2878 MiB given to the printing process from OS
          1490 MiB allocation reported by mallinfo(arena+hblkhd)
        155251 MiB available memory on the node where the printing process lives
------------------
     ethr =  1.02E-04,  avg # of iterations =  2.0

     total cpu time spent up to now is      828.9 secs

     total energy              =  -11888.66639288 Ry
     estimated scf accuracy    <       0.65883121 Ry

     iteration #  9     ecut=    71.00 Ry     beta= 0.20
     Davidson diagonalization with overlap

---- Real-time Memory Report at c_bands before calling an iterative solver
          2878 MiB given to the printing process from OS
          1502 MiB allocation reported by mallinfo(arena+hblkhd)
        153468 MiB available memory on the node where the printing process lives
------------------
     ethr =  1.02E-04,  avg # of iterations =  2.0

     negative rho (up, down):  3.133E-04 0.000E+00

     total cpu time spent up to now is      897.6 secs

     total energy              =  -11888.75219928 Ry
     estimated scf accuracy    <       1.13964954 Ry

     iteration # 10     ecut=    71.00 Ry     beta= 0.20
     Davidson diagonalization with overlap

---- Real-time Memory Report at c_bands before calling an iterative solver
          2878 MiB given to the printing process from OS
          1513 MiB allocation reported by mallinfo(arena+hblkhd)
        154101 MiB available memory on the node where the printing process lives
------------------
     ethr =  1.02E-04,  avg # of iterations =  1.5

     negative rho (up, down):  1.690E-02 0.000E+00

     total cpu time spent up to now is      970.1 secs

     total energy              =  -11888.28982405 Ry
     estimated scf accuracy    <       1.55084292 Ry

     iteration # 11     ecut=    71.00 Ry     beta= 0.20
     Davidson diagonalization with overlap

---- Real-time Memory Report at c_bands before calling an iterative solver
          2878 MiB given to the printing process from OS
          1513 MiB allocation reported by mallinfo(arena+hblkhd)
        151289 MiB available memory on the node where the printing process lives
------------------
     ethr =  1.02E-04,  avg # of iterations =  2.0

     negative rho (up, down):  3.207E-02 0.000E+00

     total cpu time spent up to now is     1049.9 secs

     total energy              =  -11888.20575365 Ry
     estimated scf accuracy    <       0.57106617 Ry

     iteration # 12     ecut=    71.00 Ry     beta= 0.20
     Davidson diagonalization with overlap

---- Real-time Memory Report at c_bands before calling an iterative solver
          2878 MiB given to the printing process from OS
          1513 MiB allocation reported by mallinfo(arena+hblkhd)
        152842 MiB available memory on the node where the printing process lives
------------------
     ethr =  9.15E-05,  avg # of iterations =  2.0

     negative rho (up, down):  7.476E-02 0.000E+00

     total cpu time spent up to now is     1129.9 secs

     total energy              =  -11888.22598012 Ry
     estimated scf accuracy    <       0.23616205 Ry

     iteration # 13     ecut=    71.00 Ry     beta= 0.20
     Davidson diagonalization with overlap

---- Real-time Memory Report at c_bands before calling an iterative solver
          2878 MiB given to the printing process from OS
          1513 MiB allocation reported by mallinfo(arena+hblkhd)
        154121 MiB available memory on the node where the printing process lives
------------------
     ethr =  3.78E-05,  avg # of iterations = 14.2

     negative rho (up, down):  2.241E-03 0.000E+00

     total cpu time spent up to now is     1231.3 secs

     total energy              =  -11888.34641437 Ry
     estimated scf accuracy    <       0.08235786 Ry

     iteration # 14     ecut=    71.00 Ry     beta= 0.20
     Davidson diagonalization with overlap

---- Real-time Memory Report at c_bands before calling an iterative solver
          2907 MiB given to the printing process from OS
          1513 MiB allocation reported by mallinfo(arena+hblkhd)
        150379 MiB available memory on the node where the printing process lives
------------------
     ethr =  1.32E-05,  avg # of iterations = 12.8

     negative rho (up, down):  8.162E-02 0.000E+00

     total cpu time spent up to now is     1345.0 secs

     total energy              =  -11888.24325391 Ry
     estimated scf accuracy    <       0.29148195 Ry

     iteration # 15     ecut=    71.00 Ry     beta= 0.20
     Davidson diagonalization with overlap

---- Real-time Memory Report at c_bands before calling an iterative solver
          2922 MiB given to the printing process from OS
          1513 MiB allocation reported by mallinfo(arena+hblkhd)
        143862 MiB available memory on the node where the printing process lives
------------------
     c_bands:  2 eigenvalues not converged
     ethr =  1.32E-05,  avg # of iterations = 20.0

     negative rho (up, down):  1.511E-01 0.000E+00

     total cpu time spent up to now is     1487.0 secs

     total energy              =  -11888.29529285 Ry
     estimated scf accuracy    <       0.03261110 Ry

     iteration # 16     ecut=    71.00 Ry     beta= 0.20
     Davidson diagonalization with overlap

---- Real-time Memory Report at c_bands before calling an iterative solver
          2928 MiB given to the printing process from OS
          1513 MiB allocation reported by mallinfo(arena+hblkhd)
        141089 MiB available memory on the node where the printing process lives
------------------
     c_bands:  1 eigenvalues not converged
     ethr =  5.23E-06,  avg # of iterations = 20.0

     negative rho (up, down):  1.123E-01 0.000E+00

     total cpu time spent up to now is     1568.8 secs

     total energy              =  -11888.29807763 Ry
     estimated scf accuracy    <       0.01856468 Ry

     iteration # 17     ecut=    71.00 Ry     beta= 0.20
     Davidson diagonalization with overlap

---- Real-time Memory Report at c_bands before calling an iterative solver
          2928 MiB given to the printing process from OS
          1513 MiB allocation reported by mallinfo(arena+hblkhd)
        140170 MiB available memory on the node where the printing process lives
------------------
     ethr =  2.98E-06,  avg # of iterations = 18.2

     negative rho (up, down):  1.185E-01 0.000E+00

     total cpu time spent up to now is     1706.2 secs

     total energy              =  -11888.30102645 Ry
     estimated scf accuracy    <       0.06592481 Ry

     iteration # 18     ecut=    71.00 Ry     beta= 0.20
     Davidson diagonalization with overlap

---- Real-time Memory Report at c_bands before calling an iterative solver
          2928 MiB given to the printing process from OS
          1513 MiB allocation reported by mallinfo(arena+hblkhd)
        140903 MiB available memory on the node where the printing process lives
------------------
     ethr =  2.98E-06,  avg # of iterations =  2.0

     negative rho (up, down):  8.853E-02 0.000E+00

     total cpu time spent up to now is     1779.3 secs

     total energy              =  -11888.26964168 Ry
     estimated scf accuracy    <       0.04415734 Ry

     iteration # 19     ecut=    71.00 Ry     beta= 0.20
     Davidson diagonalization with overlap

---- Real-time Memory Report at c_bands before calling an iterative solver
          2928 MiB given to the printing process from OS
          1513 MiB allocation reported by mallinfo(arena+hblkhd)
        136760 MiB available memory on the node where the printing process lives
------------------
     ethr =  2.98E-06,  avg # of iterations = 17.8

     negative rho (up, down):  3.880E-02 0.000E+00

     total cpu time spent up to now is     1950.1 secs

     total energy              =  -11888.29419141 Ry
     estimated scf accuracy    <       0.06917088 Ry

     iteration # 20     ecut=    71.00 Ry     beta= 0.20
     Davidson diagonalization with overlap

---- Real-time Memory Report at c_bands before calling an iterative solver
          2928 MiB given to the printing process from OS
          1513 MiB allocation reported by mallinfo(arena+hblkhd)
        134793 MiB available memory on the node where the printing process lives
------------------
     ethr =  2.98E-06,  avg # of iterations = 11.2

     negative rho (up, down):  3.027E-02 0.000E+00

     total cpu time spent up to now is     2032.1 secs

     total energy              =  -11888.28464709 Ry
     estimated scf accuracy    <       0.03167278 Ry

     iteration # 21     ecut=    71.00 Ry     beta= 0.20
     Davidson diagonalization with overlap

---- Real-time Memory Report at c_bands before calling an iterative solver
          2928 MiB given to the printing process from OS
          1513 MiB allocation reported by mallinfo(arena+hblkhd)
        134085 MiB available memory on the node where the printing process lives
------------------
     ethr =  2.98E-06,  avg # of iterations = 11.5

     negative rho (up, down):  2.761E-02 0.000E+00

     total cpu time spent up to now is     2144.1 secs

     total energy              =  -11888.29235029 Ry
     estimated scf accuracy    <       0.00073834 Ry

     iteration # 22     ecut=    71.00 Ry     beta= 0.20
     Davidson diagonalization with overlap

---- Real-time Memory Report at c_bands before calling an iterative solver
          2928 MiB given to the printing process from OS
          1513 MiB allocation reported by mallinfo(arena+hblkhd)
        138359 MiB available memory on the node where the printing process lives
------------------
     ethr =  1.18E-07,  avg # of iterations = 14.2

     negative rho (up, down):  1.842E-02 0.000E+00

     total cpu time spent up to now is     2279.4 secs

     total energy              =  -11888.29279120 Ry
     estimated scf accuracy    <       0.00017323 Ry

     iteration # 23     ecut=    71.00 Ry     beta= 0.20
     Davidson diagonalization with overlap

---- Real-time Memory Report at c_bands before calling an iterative solver
          2928 MiB given to the printing process from OS
          1513 MiB allocation reported by mallinfo(arena+hblkhd)
        140870 MiB available memory on the node where the printing process lives
------------------
     c_bands:  1 eigenvalues not converged
     ethr =  2.78E-08,  avg # of iterations = 16.0

     negative rho (up, down):  3.994E-03 0.000E+00

     total cpu time spent up to now is     2367.8 secs

     total energy              =  -11888.29267021 Ry
     estimated scf accuracy    <       0.00012582 Ry

     iteration # 24     ecut=    71.00 Ry     beta= 0.20
     Davidson diagonalization with overlap

---- Real-time Memory Report at c_bands before calling an iterative solver
          2928 MiB given to the printing process from OS
          1513 MiB allocation reported by mallinfo(arena+hblkhd)
        134791 MiB available memory on the node where the printing process lives
------------------
     ethr =  2.02E-08,  avg # of iterations = 12.5

     negative rho (up, down):  4.139E-03 0.000E+00

     total cpu time spent up to now is     2472.0 secs

     total energy              =  -11888.29269652 Ry
     estimated scf accuracy    <       0.00007407 Ry

     iteration # 25     ecut=    71.00 Ry     beta= 0.20
     Davidson diagonalization with overlap

---- Real-time Memory Report at c_bands before calling an iterative solver
          2928 MiB given to the printing process from OS
          1513 MiB allocation reported by mallinfo(arena+hblkhd)
        142029 MiB available memory on the node where the printing process lives
------------------
     ethr =  1.19E-08,  avg # of iterations =  2.8

     negative rho (up, down):  3.528E-03 0.000E+00

     total cpu time spent up to now is     2540.4 secs

     total energy              =  -11888.29268566 Ry
     estimated scf accuracy    <       0.00004268 Ry

     iteration # 26     ecut=    71.00 Ry     beta= 0.20
     Davidson diagonalization with overlap

---- Real-time Memory Report at c_bands before calling an iterative solver
          2928 MiB given to the printing process from OS
          1513 MiB allocation reported by mallinfo(arena+hblkhd)
        130019 MiB available memory on the node where the printing process lives
------------------
     ethr =  6.84E-09,  avg # of iterations =  2.0

     negative rho (up, down):  2.225E-03 0.000E+00

     total cpu time spent up to now is     2616.5 secs

     total energy              =  -11888.29268853 Ry
     estimated scf accuracy    <       0.00001682 Ry

     iteration # 27     ecut=    71.00 Ry     beta= 0.20
     Davidson diagonalization with overlap

---- Real-time Memory Report at c_bands before calling an iterative solver
          2928 MiB given to the printing process from OS
          1513 MiB allocation reported by mallinfo(arena+hblkhd)
        131231 MiB available memory on the node where the printing process lives
------------------
     ethr =  2.70E-09,  avg # of iterations =  3.8

     negative rho (up, down):  1.027E-03 0.000E+00

     total cpu time spent up to now is     2695.2 secs

     total energy              =  -11888.29270511 Ry
     estimated scf accuracy    <       0.00001147 Ry

     iteration # 28     ecut=    71.00 Ry     beta= 0.20
     Davidson diagonalization with overlap

---- Real-time Memory Report at c_bands before calling an iterative solver
          2928 MiB given to the printing process from OS
          1513 MiB allocation reported by mallinfo(arena+hblkhd)
        141067 MiB available memory on the node where the printing process lives
------------------
     ethr =  1.84E-09,  avg # of iterations = 11.0

     negative rho (up, down):  1.024E-03 0.000E+00

     total cpu time spent up to now is     2775.1 secs

     total energy              =  -11888.29270444 Ry
     estimated scf accuracy    <       0.00001033 Ry

     iteration # 29     ecut=    71.00 Ry     beta= 0.20
     Davidson diagonalization with overlap

---- Real-time Memory Report at c_bands before calling an iterative solver
          2928 MiB given to the printing process from OS
          1513 MiB allocation reported by mallinfo(arena+hblkhd)
        137688 MiB available memory on the node where the printing process lives
------------------
     ethr =  1.66E-09,  avg # of iterations =  2.0

     negative rho (up, down):  1.045E-03 0.000E+00

     total cpu time spent up to now is     2853.0 secs

     total energy              =  -11888.29270681 Ry
     estimated scf accuracy    <       0.00000898 Ry

     iteration # 30     ecut=    71.00 Ry     beta= 0.20
     Davidson diagonalization with overlap

---- Real-time Memory Report at c_bands before calling an iterative solver
          2928 MiB given to the printing process from OS
          1513 MiB allocation reported by mallinfo(arena+hblkhd)
        123348 MiB available memory on the node where the printing process lives
------------------
     ethr =  1.44E-09,  avg # of iterations =  2.0

     negative rho (up, down):  1.482E-03 0.000E+00

     total cpu time spent up to now is     2921.0 secs

     total energy              =  -11888.29270849 Ry
     estimated scf accuracy    <       0.00000738 Ry

     iteration # 31     ecut=    71.00 Ry     beta= 0.20
     Davidson diagonalization with overlap

---- Real-time Memory Report at c_bands before calling an iterative solver
          2928 MiB given to the printing process from OS
          1513 MiB allocation reported by mallinfo(arena+hblkhd)
        123002 MiB available memory on the node where the printing process lives
------------------
     ethr =  1.18E-09,  avg # of iterations =  7.5

     negative rho (up, down):  1.778E-03 0.000E+00

     total cpu time spent up to now is     3015.5 secs

     total energy              =  -11888.29271158 Ry
     estimated scf accuracy    <       0.00000233 Ry

     iteration # 32     ecut=    71.00 Ry     beta= 0.20
     Davidson diagonalization with overlap

---- Real-time Memory Report at c_bands before calling an iterative solver
          2928 MiB given to the printing process from OS
          1513 MiB allocation reported by mallinfo(arena+hblkhd)
        120541 MiB available memory on the node where the printing process lives
------------------
     ethr =  3.73E-10,  avg # of iterations =  5.0

     negative rho (up, down):  1.713E-03 0.000E+00

     total cpu time spent up to now is     3128.2 secs

     total energy              =  -11888.29271160 Ry
     estimated scf accuracy    <       0.00000228 Ry

     iteration # 33     ecut=    71.00 Ry     beta= 0.20
     Davidson diagonalization with overlap

---- Real-time Memory Report at c_bands before calling an iterative solver
          2928 MiB given to the printing process from OS
          1513 MiB allocation reported by mallinfo(arena+hblkhd)
        119562 MiB available memory on the node where the printing process lives
------------------
     ethr =  3.65E-10,  avg # of iterations =  2.0

     negative rho (up, down):  1.621E-03 0.000E+00

     total cpu time spent up to now is     3195.8 secs

     total energy              =  -11888.29271145 Ry
     estimated scf accuracy    <       0.00000095 Ry

     iteration # 34     ecut=    71.00 Ry     beta= 0.20
     Davidson diagonalization with overlap

---- Real-time Memory Report at c_bands before calling an iterative solver
          2928 MiB given to the printing process from OS
          1513 MiB allocation reported by mallinfo(arena+hblkhd)
        125895 MiB available memory on the node where the printing process lives
------------------
     ethr =  1.52E-10,  avg # of iterations =  4.8

     negative rho (up, down):  1.421E-03 0.000E+00

     total cpu time spent up to now is     3299.8 secs

     total energy              =  -11888.29271149 Ry
     estimated scf accuracy    <       0.00000073 Ry

     iteration # 35     ecut=    71.00 Ry     beta= 0.20
     Davidson diagonalization with overlap

---- Real-time Memory Report at c_bands before calling an iterative solver
          2928 MiB given to the printing process from OS
          1513 MiB allocation reported by mallinfo(arena+hblkhd)
        133452 MiB available memory on the node where the printing process lives
------------------
     ethr =  1.17E-10,  avg # of iterations =  5.5

     negative rho (up, down):  9.377E-04 0.000E+00

     total cpu time spent up to now is     3423.3 secs

     total energy              =  -11888.29271124 Ry
     estimated scf accuracy    <       0.00000124 Ry

     iteration # 36     ecut=    71.00 Ry     beta= 0.20
     Davidson diagonalization with overlap

---- Real-time Memory Report at c_bands before calling an iterative solver
          2928 MiB given to the printing process from OS
          1513 MiB allocation reported by mallinfo(arena+hblkhd)
        129437 MiB available memory on the node where the printing process lives
------------------
     ethr =  1.17E-10,  avg # of iterations =  5.2

     negative rho (up, down):  9.005E-04 0.000E+00

     total cpu time spent up to now is     3550.2 secs

     total energy              =  -11888.29271152 Ry
     estimated scf accuracy    <       0.00000044 Ry

     iteration # 37     ecut=    71.00 Ry     beta= 0.20
     Davidson diagonalization with overlap

---- Real-time Memory Report at c_bands before calling an iterative solver
          2928 MiB given to the printing process from OS
          1513 MiB allocation reported by mallinfo(arena+hblkhd)
        125976 MiB available memory on the node where the printing process lives
------------------
     ethr =  7.10E-11,  avg # of iterations =  2.0

     negative rho (up, down):  8.616E-04 0.000E+00

     total cpu time spent up to now is     3621.2 secs

     total energy              =  -11888.29271148 Ry
     estimated scf accuracy    <       0.00000016 Ry

     iteration # 38     ecut=    71.00 Ry     beta= 0.20
     Davidson diagonalization with overlap

---- Real-time Memory Report at c_bands before calling an iterative solver
          2928 MiB given to the printing process from OS
          1513 MiB allocation reported by mallinfo(arena+hblkhd)
        131152 MiB available memory on the node where the printing process lives
------------------
     ethr =  2.50E-11,  avg # of iterations =  5.0

     negative rho (up, down):  9.196E-04 0.000E+00

     total cpu time spent up to now is     3732.9 secs

     total energy              =  -11888.29271154 Ry
     estimated scf accuracy    <       0.00000022 Ry

     iteration # 39     ecut=    71.00 Ry     beta= 0.20
     Davidson diagonalization with overlap

---- Real-time Memory Report at c_bands before calling an iterative solver
          2928 MiB given to the printing process from OS
          1513 MiB allocation reported by mallinfo(arena+hblkhd)
        121046 MiB available memory on the node where the printing process lives
------------------
     ethr =  2.50E-11,  avg # of iterations =  6.0

     negative rho (up, down):  9.307E-04 0.000E+00

     total cpu time spent up to now is     3831.0 secs

     total energy              =  -11888.29271161 Ry
     estimated scf accuracy    <       0.00000004 Ry

     iteration # 40     ecut=    71.00 Ry     beta= 0.20
     Davidson diagonalization with overlap

---- Real-time Memory Report at c_bands before calling an iterative solver
          2928 MiB given to the printing process from OS
          1513 MiB allocation reported by mallinfo(arena+hblkhd)
        125176 MiB available memory on the node where the printing process lives
------------------
     ethr =  6.87E-12,  avg # of iterations =  5.5

     negative rho (up, down):  9.566E-04 0.000E+00

     total cpu time spent up to now is     3942.0 secs

     total energy              =  -11888.29271157 Ry
     estimated scf accuracy    <       0.00000014 Ry

     iteration # 41     ecut=    71.00 Ry     beta= 0.20
     Davidson diagonalization with overlap

---- Real-time Memory Report at c_bands before calling an iterative solver
          2928 MiB given to the printing process from OS
          1513 MiB allocation reported by mallinfo(arena+hblkhd)
        128044 MiB available memory on the node where the printing process lives
------------------
     ethr =  6.87E-12,  avg # of iterations =  2.0

     negative rho (up, down):  9.937E-04 0.000E+00

     total cpu time spent up to now is     4017.8 secs

     total energy              =  -11888.29271152 Ry
     estimated scf accuracy    <       0.00000007 Ry

     iteration # 42     ecut=    71.00 Ry     beta= 0.20
     Davidson diagonalization with overlap

---- Real-time Memory Report at c_bands before calling an iterative solver
          2928 MiB given to the printing process from OS
          1513 MiB allocation reported by mallinfo(arena+hblkhd)
        125728 MiB available memory on the node where the printing process lives
------------------
     ethr =  6.87E-12,  avg # of iterations =  4.0

     negative rho (up, down):  1.004E-03 0.000E+00

     total cpu time spent up to now is     4102.7 secs

     total energy              =  -11888.29271152 Ry
     estimated scf accuracy    <       0.00000002 Ry

     iteration # 43     ecut=    71.00 Ry     beta= 0.20
     Davidson diagonalization with overlap

---- Real-time Memory Report at c_bands before calling an iterative solver
          2928 MiB given to the printing process from OS
          1513 MiB allocation reported by mallinfo(arena+hblkhd)
        118088 MiB available memory on the node where the printing process lives
------------------
     ethr =  3.90E-12,  avg # of iterations =  4.5

     negative rho (up, down):  1.002E-03 0.000E+00

     total cpu time spent up to now is     4181.6 secs

     total energy              =  -11888.29271152 Ry
     estimated scf accuracy    <       0.00000002 Ry

     iteration # 44     ecut=    71.00 Ry     beta= 0.20
     Davidson diagonalization with overlap

---- Real-time Memory Report at c_bands before calling an iterative solver
          2928 MiB given to the printing process from OS
          1513 MiB allocation reported by mallinfo(arena+hblkhd)
        128449 MiB available memory on the node where the printing process lives
------------------
     ethr =  2.55E-12,  avg # of iterations =  5.0

     negative rho (up, down):  9.811E-04 0.000E+00

     total cpu time spent up to now is     4285.0 secs

     total energy              =  -11888.29271153 Ry
     estimated scf accuracy    <          3.0E-09 Ry

     iteration # 45     ecut=    71.00 Ry     beta= 0.20
     Davidson diagonalization with overlap

---- Real-time Memory Report at c_bands before calling an iterative solver
          2928 MiB given to the printing process from OS
          1513 MiB allocation reported by mallinfo(arena+hblkhd)
        127192 MiB available memory on the node where the printing process lives
------------------
     ethr =  4.83E-13,  avg # of iterations =  5.5

     negative rho (up, down):  9.743E-04 0.000E+00

     total cpu time spent up to now is     4383.5 secs

     total energy              =  -11888.29271154 Ry
     estimated scf accuracy    <          1.8E-09 Ry

     iteration # 46     ecut=    71.00 Ry     beta= 0.20
     Davidson diagonalization with overlap

---- Real-time Memory Report at c_bands before calling an iterative solver
          2928 MiB given to the printing process from OS
          1513 MiB allocation reported by mallinfo(arena+hblkhd)
        117446 MiB available memory on the node where the printing process lives
------------------
     ethr =  2.89E-13,  avg # of iterations =  2.5

     negative rho (up, down):  9.706E-04 0.000E+00

     total cpu time spent up to now is     4460.6 secs

     End of self-consistent calculation

          k = 0.0000 0.0000 0.0000 (179927 PWs)   bands (ev):

   -18.3276 -18.2921 -18.1612 -18.1595 -18.1167 -18.1152 -18.1055 -18.1025
   -18.0039 -18.0030 -17.9647 -17.9524 -17.9160 -17.9101 -17.8729 -17.8719
   -17.7963 -17.7567 -17.7561 -17.6946 -17.6938 -17.6936 -17.6900 -17.6569
   -17.6431 -17.6226 -17.5517 -17.5458 -17.5336 -17.5219 -17.5056 -17.3439
   -17.3275 -17.3271 -17.3086 -17.2948 -17.2945 -17.2601 -17.2480 -17.2272
   -17.1788 -17.1786 -17.1289 -17.1132 -17.1085 -17.1067 -17.0862 -16.9780
   -13.0587 -13.0533 -13.0298 -13.0285 -13.0281 -13.0149 -13.0040 -12.9892
   -12.9801 -12.9789 -12.9752 -12.9700 -12.9677 -12.9669 -12.9621 -12.9553
   -12.9517 -12.9466 -12.9354 -12.9292 -12.9229 -12.9194 -12.9067 -12.9058
   -12.9057 -12.8984 -12.8951 -12.8896 -12.8866 -12.8858 -12.8793 -12.8731
   -12.8680 -12.8678 -12.8634 -12.8611 -12.8535 -12.8424 -12.8293 -12.8096
   -12.8072 -12.7997 -12.7967 -12.7867 -12.7825 -12.7804 -12.7776 -12.7714
   -12.7712 -12.7684 -12.7651 -12.7572 -12.7474 -12.7440 -12.7411 -12.7392
   -12.7354 -12.7301 -12.7199 -12.7168 -12.7120 -12.7073 -12.7063 -12.7036
   -12.6992 -12.6984 -12.6904 -12.6863 -12.6849 -12.6847 -12.6834 -12.6819
   -12.6804 -12.6748 -12.6697 -12.6634 -12.6625 -12.6520 -12.6511 -12.6509
   -12.6448 -12.6431 -12.6405 -12.6287 -12.6266 -12.6218 -12.6199 -12.6185
   -12.6132 -12.6113 -12.6045 -12.6045 -12.6009 -12.5948 -12.5904 -12.5863
   -12.5732 -12.5712 -12.5508 -12.5389 -12.5272 -12.5268 -12.4764 -12.4467
   -12.3701 -12.3526 -12.3505 -12.2788 -12.2423 -12.2214 -12.1671 -12.1611
   -12.1170 -12.0594 -12.0069 -11.9970 -11.9745 -11.9031 -11.8762 -11.8133
    -6.6327  -6.4700  -6.4467  -6.3850  -6.3822  -6.3725  -6.3680  -6.2490
    -6.1484  -6.1066  -6.0668  -6.0101  -5.9921  -5.8759  -5.8512  -5.8049
    -5.7377  -5.6032  -5.5710  -5.4683  -5.4588  -5.4521  -5.4267  -5.3460
    -5.2685  -5.0507  -5.0349  -5.0161  -5.0091  -5.0055  -4.9024  -4.7846
    -4.7547  -4.5029  -4.2709  -4.2336  -4.1927  -4.1755  -3.9987  -3.9824
    -3.9733  -3.8603  -3.8326  -3.8132  -3.7830  -3.7801  -3.7646  -3.7444
    -3.6926  -3.4731  -3.4612  -3.3708  -3.3078  -3.2946  -3.2654  -3.2351
    -3.2331  -3.2145  -3.1039  -3.0568  -3.0471  -2.9238  -2.8271  -2.7967
    -2.7846  -2.5418  -2.5199  -2.5003  -2.4850  -2.4578  -2.4458  -2.3870
    -2.3603  -2.3493  -2.3383  -2.3321  -2.2781  -2.2628  -2.2222  -2.1856
    -2.1529  -2.1270  -2.1208  -2.0992  -2.0517  -2.0470  -2.0265  -2.0235
    -1.9170  -1.8761  -1.8698  -1.7981  -1.7538  -1.7156  -1.7087  -1.6971
    -1.6286  -1.6115  -1.5996  -1.5473  -1.5395  -1.4767  -1.3753  -1.3598
    -1.3458  -1.2699  -1.2010  -1.1927  -1.1913  -1.1384  -1.1352  -1.1092
    -1.1066  -1.0678  -1.0512  -1.0486  -1.0232  -1.0093  -0.9708  -0.9385
    -0.9297  -0.8647  -0.8618  -0.8499  -0.8250  -0.8246  -0.7624  -0.7421
    -0.6487  -0.5797  -0.5665  -0.5600  -0.4381  -0.4253  -0.3629  -0.3571
    -0.3213  -0.3206  -0.1367  -0.1292  -0.1261  -0.1258  -0.0796  -0.0786
     0.9367   2.5046   3.3628   3.4698   3.4701   3.4842   3.4922   3.9614
     4.1543   4.1838   4.1981   4.2017   4.3499   4.5659   4.5670   4.6490

     occupation numbers 
     1.0000   1.0000   1.0000   1.0000   1.0000   1.0000   1.0000   1.0000
     1.0000   1.0000   1.0000   1.0000   1.0000   1.0000   1.0000   1.0000
     1.0000   1.0000   1.0000   1.0000   1.0000   1.0000   1.0000   1.0000
     1.0000   1.0000   1.0000   1.0000   1.0000   1.0000   1.0000   1.0000
     1.0000   1.0000   1.0000   1.0000   1.0000   1.0000   1.0000   1.0000
     1.0000   1.0000   1.0000   1.0000   1.0000   1.0000   1.0000   1.0000
     1.0000   1.0000   1.0000   1.0000   1.0000   1.0000   1.0000   1.0000
     1.0000   1.0000   1.0000   1.0000   1.0000   1.0000   1.0000   1.0000
     1.0000   1.0000   1.0000   1.0000   1.0000   1.0000   1.0000   1.0000
     1.0000   1.0000   1.0000   1.0000   1.0000   1.0000   1.0000   1.0000
     1.0000   1.0000   1.0000   1.0000   1.0000   1.0000   1.0000   1.0000
     1.0000   1.0000   1.0000   1.0000   1.0000   1.0000   1.0000   1.0000
     1.0000   1.0000   1.0000   1.0000   1.0000   1.0000   1.0000   1.0000
     1.0000   1.0000   1.0000   1.0000   1.0000   1.0000   1.0000   1.0000
     1.0000   1.0000   1.0000   1.0000   1.0000   1.0000   1.0000   1.0000
     1.0000   1.0000   1.0000   1.0000   1.0000   1.0000   1.0000   1.0000
     1.0000   1.0000   1.0000   1.0000   1.0000   1.0000   1.0000   1.0000
     1.0000   1.0000   1.0000   1.0000   1.0000   1.0000   1.0000   1.0000
     1.0000   1.0000   1.0000   1.0000   1.0000   1.0000   1.0000   1.0000
     1.0000   1.0000   1.0000   1.0000   1.0000   1.0000   1.0000   1.0000
     1.0000   1.0000   1.0000   1.0000   1.0000   1.0000   1.0000   1.0000
     1.0000   1.0000   1.0000   1.0000   1.0000   1.0000   1.0000   1.0000
     1.0000   1.0000   1.0000   1.0000   1.0000   1.0000   1.0000   1.0000
     1.0000   1.0000   1.0000   1.0000   1.0000   1.0000   1.0000   1.0000
     1.0000   1.0000   1.0000   1.0000   1.0000   1.0000   1.0000   1.0000
     1.0000   1.0000   1.0000   1.0000   1.0000   1.0000   1.0000   1.0000
     1.0000   1.0000   1.0000   1.0000   1.0000   1.0000   1.0000   1.0000
     1.0000   1.0000   1.0000   1.0000   1.0000   1.0000   1.0000   1.0000
     1.0000   1.0000   1.0000   1.0000   1.0000   1.0000   1.0000   1.0000
     1.0000   1.0000   1.0000   1.0000   1.0000   1.0000   1.0000   1.0000
     1.0000   1.0000   1.0000   1.0000   1.0000   1.0000   1.0000   1.0000
     1.0000   1.0000   1.0000   1.0000   1.0000   1.0000   1.0000   1.0000
     1.0000   1.0000   1.0000   1.0000   1.0000   1.0000   1.0000   1.0000
     1.0000   1.0000   1.0000   1.0000   1.0000   1.0000   1.0000   1.0000
     1.0000   1.0000   1.0000   1.0000   1.0000   1.0000   1.0000   1.0000
     1.0000   1.0000   1.0000   1.0000   1.0000   1.0000   1.0000   1.0000
     1.0000   1.0000   1.0000   1.0000   1.0000   1.0000   1.0000   1.0000
     1.0000   1.0000   1.0000   1.0000   1.0000   1.0000   1.0000   1.0000
     1.0000   1.0000   1.0000   1.0000   1.0000   1.0000   1.0000   1.0000
     0.0000   0.0000   0.0000   0.0000   0.0000   0.0000   0.0000   0.0000
     0.0000   0.0000   0.0000   0.0000   0.0000   0.0000   0.0000   0.0000

          k = 0.0000 0.3333 0.0000 (180138 PWs)   bands (ev):

   -18.2953 -18.2672 -18.2184 -18.2066 -18.1004 -18.0988 -18.0986 -18.0984
   -18.0083 -18.0040 -17.9905 -17.9810 -17.8823 -17.8786 -17.8577 -17.8575
   -17.7791 -17.7647 -17.7591 -17.7236 -17.7232 -17.7232 -17.6771 -17.6599
   -17.6551 -17.6521 -17.5353 -17.5243 -17.5193 -17.5128 -17.4295 -17.3381
   -17.3290 -17.3280 -17.3207 -17.3127 -17.2878 -17.2606 -17.2530 -17.2492
   -17.1796 -17.1793 -17.1426 -17.1362 -17.1119 -17.1087 -17.0356 -16.9935
   -13.0454 -13.0449 -13.0393 -13.0255 -13.0252 -13.0227 -13.0071 -12.9968
   -12.9918 -12.9829 -12.9784 -12.9737 -12.9699 -12.9644 -12.9625 -12.9574
   -12.9456 -12.9408 -12.9318 -12.9257 -12.9251 -12.9235 -12.9165 -12.9152
   -12.8996 -12.8918 -12.8908 -12.8838 -12.8741 -12.8734 -12.8711 -12.8703
   -12.8676 -12.8637 -12.8588 -12.8550 -12.8399 -12.8330 -12.8162 -12.8104
   -12.8075 -12.8025 -12.8004 -12.7981 -12.7871 -12.7862 -12.7829 -12.7717
   -12.7674 -12.7662 -12.7649 -12.7646 -12.7627 -12.7515 -12.7507 -12.7436
   -12.7401 -12.7386 -12.7347 -12.7300 -12.7193 -12.7181 -12.7172 -12.7122
   -12.7039 -12.6997 -12.6958 -12.6920 -12.6840 -12.6783 -12.6749 -12.6693
   -12.6666 -12.6606 -12.6602 -12.6588 -12.6561 -12.6529 -12.6474 -12.6467
   -12.6453 -12.6377 -12.6370 -12.6335 -12.6252 -12.6252 -12.6228 -12.6210
   -12.6131 -12.6111 -12.6066 -12.6028 -12.6011 -12.5987 -12.5956 -12.5938
   -12.5903 -12.5718 -12.5621 -12.5278 -12.5167 -12.4866 -12.4797 -12.4722
   -12.4068 -12.3139 -12.2933 -12.2499 -12.2427 -12.2061 -12.1879 -12.1447
   -12.1102 -12.0835 -12.0692 -12.0629 -11.8966 -11.8885 -11.8779 -11.8350
    -6.6009  -6.5080  -6.4479  -6.4062  -6.4057  -6.3609  -6.2879  -6.2808
    -6.2017  -6.1644  -6.0365  -6.0156  -5.8800  -5.8756  -5.8497  -5.7302
    -5.6805  -5.6652  -5.5971  -5.5050  -5.4878  -5.4760  -5.4440  -5.4138
    -5.2054  -5.1071  -4.9942  -4.9898  -4.9730  -4.9618  -4.8446  -4.7185
    -4.7040  -4.5488  -4.5221  -4.4952  -4.2208  -4.1415  -4.1197  -4.0108
    -3.9602  -3.8800  -3.8054  -3.8053  -3.7761  -3.7668  -3.6373  -3.5692
    -3.4991  -3.4730  -3.4717  -3.3333  -3.2955  -3.2913  -3.2607  -3.0971
    -3.0749  -3.0477  -2.9965  -2.9707  -2.9581  -2.9218  -2.9128  -2.8849
    -2.8168  -2.7814  -2.6246  -2.5942  -2.5841  -2.5823  -2.5069  -2.4809
    -2.4749  -2.4229  -2.4190  -2.4123  -2.2777  -2.2500  -2.2362  -2.2012
    -2.1749  -2.1592  -2.1196  -2.0689  -2.0093  -1.9803  -1.9308  -1.9287
    -1.8961  -1.8666  -1.8596  -1.7667  -1.7313  -1.7060  -1.6819  -1.6676
    -1.5923  -1.5054  -1.4313  -1.4225  -1.3774  -1.3701  -1.3669  -1.3593
    -1.3051  -1.2991  -1.2453  -1.2332  -1.2327  -1.2191  -1.1381  -1.1209
    -1.0986  -1.0801  -1.0754  -1.0585  -1.0566  -1.0162  -1.0119  -1.0027
    -0.9695  -0.9055  -0.8999  -0.8949  -0.8500  -0.8495  -0.8366  -0.8003
    -0.6485  -0.6481  -0.6092  -0.5996  -0.4256  -0.4255  -0.4115  -0.3965
    -0.2381  -0.2356  -0.2162  -0.2139  -0.1181  -0.1067  -0.0723  -0.0647
     1.4648   2.4498   2.7703   3.3891   3.5276   3.6811   3.6859   3.9570
     4.0737   4.1369   4.1558   4.3022   4.4092   4.4934   4.5079   4.5304

     occupation numbers 
     1.0000   1.0000   1.0000   1.0000   1.0000   1.0000   1.0000   1.0000
     1.0000   1.0000   1.0000   1.0000   1.0000   1.0000   1.0000   1.0000
     1.0000   1.0000   1.0000   1.0000   1.0000   1.0000   1.0000   1.0000
     1.0000   1.0000   1.0000   1.0000   1.0000   1.0000   1.0000   1.0000
     1.0000   1.0000   1.0000   1.0000   1.0000   1.0000   1.0000   1.0000
     1.0000   1.0000   1.0000   1.0000   1.0000   1.0000   1.0000   1.0000
     1.0000   1.0000   1.0000   1.0000   1.0000   1.0000   1.0000   1.0000
     1.0000   1.0000   1.0000   1.0000   1.0000   1.0000   1.0000   1.0000
     1.0000   1.0000   1.0000   1.0000   1.0000   1.0000   1.0000   1.0000
     1.0000   1.0000   1.0000   1.0000   1.0000   1.0000   1.0000   1.0000
     1.0000   1.0000   1.0000   1.0000   1.0000   1.0000   1.0000   1.0000
     1.0000   1.0000   1.0000   1.0000   1.0000   1.0000   1.0000   1.0000
     1.0000   1.0000   1.0000   1.0000   1.0000   1.0000   1.0000   1.0000
     1.0000   1.0000   1.0000   1.0000   1.0000   1.0000   1.0000   1.0000
     1.0000   1.0000   1.0000   1.0000   1.0000   1.0000   1.0000   1.0000
     1.0000   1.0000   1.0000   1.0000   1.0000   1.0000   1.0000   1.0000
     1.0000   1.0000   1.0000   1.0000   1.0000   1.0000   1.0000   1.0000
     1.0000   1.0000   1.0000   1.0000   1.0000   1.0000   1.0000   1.0000
     1.0000   1.0000   1.0000   1.0000   1.0000   1.0000   1.0000   1.0000
     1.0000   1.0000   1.0000   1.0000   1.0000   1.0000   1.0000   1.0000
     1.0000   1.0000   1.0000   1.0000   1.0000   1.0000   1.0000   1.0000
     1.0000   1.0000   1.0000   1.0000   1.0000   1.0000   1.0000   1.0000
     1.0000   1.0000   1.0000   1.0000   1.0000   1.0000   1.0000   1.0000
     1.0000   1.0000   1.0000   1.0000   1.0000   1.0000   1.0000   1.0000
     1.0000   1.0000   1.0000   1.0000   1.0000   1.0000   1.0000   1.0000
     1.0000   1.0000   1.0000   1.0000   1.0000   1.0000   1.0000   1.0000
     1.0000   1.0000   1.0000   1.0000   1.0000   1.0000   1.0000   1.0000
     1.0000   1.0000   1.0000   1.0000   1.0000   1.0000   1.0000   1.0000
     1.0000   1.0000   1.0000   1.0000   1.0000   1.0000   1.0000   1.0000
     1.0000   1.0000   1.0000   1.0000   1.0000   1.0000   1.0000   1.0000
     1.0000   1.0000   1.0000   1.0000   1.0000   1.0000   1.0000   1.0000
     1.0000   1.0000   1.0000   1.0000   1.0000   1.0000   1.0000   1.0000
     1.0000   1.0000   1.0000   1.0000   1.0000   1.0000   1.0000   1.0000
     1.0000   1.0000   1.0000   1.0000   1.0000   1.0000   1.0000   1.0000
     1.0000   1.0000   1.0000   1.0000   1.0000   1.0000   1.0000   1.0000
     1.0000   1.0000   1.0000   1.0000   1.0000   1.0000   1.0000   1.0000
     1.0000   1.0000   1.0000   1.0000   1.0000   1.0000   1.0000   1.0000
     1.0000   1.0000   1.0000   1.0000   1.0000   1.0000   1.0000   1.0000
     1.0000   1.0000   1.0000   1.0000   1.0000   1.0000   1.0000   1.0000
     0.0000   0.0000   0.0000   0.0000   0.0000   0.0000   0.0000   0.0000
     0.0000   0.0000   0.0000   0.0000   0.0000   0.0000   0.0000   0.0000

          k = 0.3333 0.3333 0.0000 (180171 PWs)   bands (ev):

   -18.2671 -18.2460 -18.2134 -18.2127 -18.1436 -18.1426 -18.1249 -18.1234
   -17.9616 -17.9612 -17.9597 -17.9547 -17.8943 -17.8901 -17.8771 -17.8765
   -17.7671 -17.7613 -17.7470 -17.7449 -17.7291 -17.6958 -17.6875 -17.6736
   -17.6521 -17.6341 -17.6236 -17.5883 -17.4581 -17.4334 -17.4055 -17.3550
   -17.3312 -17.3211 -17.3079 -17.2841 -17.2826 -17.2741 -17.2391 -17.2219
   -17.2146 -17.2130 -17.1916 -17.1752 -17.0777 -17.0544 -17.0466 -17.0085
   -13.0482 -13.0378 -13.0347 -13.0323 -13.0229 -13.0166 -13.0075 -13.0050
   -13.0049 -12.9932 -12.9730 -12.9706 -12.9644 -12.9579 -12.9534 -12.9520
   -12.9469 -12.9431 -12.9395 -12.9377 -12.9276 -12.9195 -12.9133 -12.9094
   -12.9039 -12.9017 -12.8940 -12.8935 -12.8815 -12.8782 -12.8780 -12.8677
   -12.8607 -12.8547 -12.8483 -12.8477 -12.8341 -12.8269 -12.8236 -12.8180
   -12.8136 -12.8107 -12.7996 -12.7925 -12.7871 -12.7842 -12.7831 -12.7759
   -12.7689 -12.7678 -12.7631 -12.7594 -12.7575 -12.7524 -12.7509 -12.7496
   -12.7472 -12.7421 -12.7330 -12.7323 -12.7315 -12.7130 -12.7098 -12.7062
   -12.6951 -12.6899 -12.6866 -12.6846 -12.6834 -12.6801 -12.6753 -12.6744
   -12.6701 -12.6626 -12.6611 -12.6581 -12.6559 -12.6481 -12.6452 -12.6394
   -12.6362 -12.6360 -12.6338 -12.6304 -12.6274 -12.6251 -12.6168 -12.6165
   -12.6130 -12.6093 -12.6041 -12.6040 -12.5985 -12.5961 -12.5935 -12.5923
   -12.5746 -12.5661 -12.5647 -12.5510 -12.5056 -12.4848 -12.4805 -12.4468
   -12.4343 -12.3890 -12.3367 -12.3289 -12.2053 -12.2012 -12.1627 -12.1588
   -12.0656 -12.0401 -12.0078 -11.9805 -11.9451 -11.9165 -11.8966 -11.8850
    -6.5773  -6.5071  -6.4914  -6.4573  -6.3607  -6.3260  -6.3181  -6.2862
    -6.1290  -6.1196  -6.0259  -6.0227  -5.8875  -5.8660  -5.7754  -5.7687
    -5.6993  -5.6198  -5.5538  -5.5454  -5.5424  -5.5226  -5.4971  -5.4586
    -5.2444  -5.2136  -5.1237  -5.0857  -4.7991  -4.7841  -4.7530  -4.7422
    -4.6284  -4.5931  -4.4871  -4.4402  -4.3802  -4.3406  -4.1995  -4.1874
    -3.8207  -3.8164  -3.7588  -3.7513  -3.6775  -3.6486  -3.6278  -3.6158
    -3.4199  -3.3872  -3.3163  -3.2859  -3.2568  -3.2498  -3.2149  -3.1636
    -3.1324  -3.0774  -3.0463  -2.9825  -2.9709  -2.9328  -2.9157  -2.8592
    -2.8316  -2.7567  -2.7487  -2.6664  -2.6036  -2.6001  -2.5639  -2.4711
    -2.4572  -2.4274  -2.3909  -2.3738  -2.3266  -2.3045  -2.2277  -2.1966
    -2.1330  -2.1193  -2.0944  -2.0521  -2.0485  -2.0067  -1.9565  -1.8980
    -1.8593  -1.8233  -1.7879  -1.7454  -1.7215  -1.7150  -1.7089  -1.6003
    -1.5680  -1.5167  -1.5144  -1.4904  -1.4877  -1.4288  -1.4044  -1.3249
    -1.3068  -1.2816  -1.2621  -1.2397  -1.2367  -1.2029  -1.1821  -1.1764
    -1.1538  -1.0985  -1.0969  -1.0721  -1.0223  -1.0182  -0.9908  -0.9647
    -0.9641  -0.9515  -0.8676  -0.8603  -0.8287  -0.8168  -0.7977  -0.7810
    -0.6286  -0.6200  -0.5654  -0.5645  -0.5457  -0.5435  -0.4067  -0.3872
    -0.3316  -0.3296  -0.2674  -0.2654  -0.0553  -0.0509  -0.0234  -0.0219
     1.8730   2.7292   2.7295   2.9967   3.3849   3.5567   3.5592   3.6744
     4.0442   4.1668   4.1780   4.2638   4.5139   4.5867   4.5899   4.6668

     occupation numbers 
     1.0000   1.0000   1.0000   1.0000   1.0000   1.0000   1.0000   1.0000
     1.0000   1.0000   1.0000   1.0000   1.0000   1.0000   1.0000   1.0000
     1.0000   1.0000   1.0000   1.0000   1.0000   1.0000   1.0000   1.0000
     1.0000   1.0000   1.0000   1.0000   1.0000   1.0000   1.0000   1.0000
     1.0000   1.0000   1.0000   1.0000   1.0000   1.0000   1.0000   1.0000
     1.0000   1.0000   1.0000   1.0000   1.0000   1.0000   1.0000   1.0000
     1.0000   1.0000   1.0000   1.0000   1.0000   1.0000   1.0000   1.0000
     1.0000   1.0000   1.0000   1.0000   1.0000   1.0000   1.0000   1.0000
     1.0000   1.0000   1.0000   1.0000   1.0000   1.0000   1.0000   1.0000
     1.0000   1.0000   1.0000   1.0000   1.0000   1.0000   1.0000   1.0000
     1.0000   1.0000   1.0000   1.0000   1.0000   1.0000   1.0000   1.0000
     1.0000   1.0000   1.0000   1.0000   1.0000   1.0000   1.0000   1.0000
     1.0000   1.0000   1.0000   1.0000   1.0000   1.0000   1.0000   1.0000
     1.0000   1.0000   1.0000   1.0000   1.0000   1.0000   1.0000   1.0000
     1.0000   1.0000   1.0000   1.0000   1.0000   1.0000   1.0000   1.0000
     1.0000   1.0000   1.0000   1.0000   1.0000   1.0000   1.0000   1.0000
     1.0000   1.0000   1.0000   1.0000   1.0000   1.0000   1.0000   1.0000
     1.0000   1.0000   1.0000   1.0000   1.0000   1.0000   1.0000   1.0000
     1.0000   1.0000   1.0000   1.0000   1.0000   1.0000   1.0000   1.0000
     1.0000   1.0000   1.0000   1.0000   1.0000   1.0000   1.0000   1.0000
     1.0000   1.0000   1.0000   1.0000   1.0000   1.0000   1.0000   1.0000
     1.0000   1.0000   1.0000   1.0000   1.0000   1.0000   1.0000   1.0000
     1.0000   1.0000   1.0000   1.0000   1.0000   1.0000   1.0000   1.0000
     1.0000   1.0000   1.0000   1.0000   1.0000   1.0000   1.0000   1.0000
     1.0000   1.0000   1.0000   1.0000   1.0000   1.0000   1.0000   1.0000
     1.0000   1.0000   1.0000   1.0000   1.0000   1.0000   1.0000   1.0000
     1.0000   1.0000   1.0000   1.0000   1.0000   1.0000   1.0000   1.0000
     1.0000   1.0000   1.0000   1.0000   1.0000   1.0000   1.0000   1.0000
     1.0000   1.0000   1.0000   1.0000   1.0000   1.0000   1.0000   1.0000
     1.0000   1.0000   1.0000   1.0000   1.0000   1.0000   1.0000   1.0000
     1.0000   1.0000   1.0000   1.0000   1.0000   1.0000   1.0000   1.0000
     1.0000   1.0000   1.0000   1.0000   1.0000   1.0000   1.0000   1.0000
     1.0000   1.0000   1.0000   1.0000   1.0000   1.0000   1.0000   1.0000
     1.0000   1.0000   1.0000   1.0000   1.0000   1.0000   1.0000   1.0000
     1.0000   1.0000   1.0000   1.0000   1.0000   1.0000   1.0000   1.0000
     1.0000   1.0000   1.0000   1.0000   1.0000   1.0000   1.0000   1.0000
     1.0000   1.0000   1.0000   1.0000   1.0000   1.0000   1.0000   1.0000
     1.0000   1.0000   1.0000   1.0000   1.0000   1.0000   1.0000   1.0000
     1.0000   1.0000   1.0000   1.0000   1.0000   1.0000   1.0000   1.0000
     0.0000   0.0000   0.0000   0.0000   0.0000   0.0000   0.0000   0.0000
     0.0000   0.0000   0.0000   0.0000   0.0000   0.0000   0.0000   0.0000

          k = 0.3333 0.0000 0.0000 (180138 PWs)   bands (ev):

   -18.2944 -18.2662 -18.2135 -18.2019 -18.1169 -18.1160 -18.1157 -18.1155
   -17.9573 -17.9522 -17.9485 -17.9435 -17.9316 -17.9237 -17.8918 -17.8914
   -17.7687 -17.7506 -17.7413 -17.7253 -17.7146 -17.6949 -17.6767 -17.6636
   -17.6542 -17.6507 -17.5997 -17.5652 -17.5147 -17.5037 -17.3938 -17.3429
   -17.3275 -17.3209 -17.3196 -17.2783 -17.2703 -17.2603 -17.2484 -17.2118
   -17.2099 -17.2018 -17.1996 -17.1516 -17.0863 -17.0839 -17.0439 -16.9938
   -13.0451 -13.0382 -13.0369 -13.0263 -13.0123 -13.0118 -13.0061 -13.0043
   -13.0013 -12.9992 -12.9916 -12.9781 -12.9693 -12.9593 -12.9554 -12.9533
   -12.9474 -12.9470 -12.9455 -12.9407 -12.9362 -12.9098 -12.9083 -12.9056
   -12.9039 -12.9033 -12.8873 -12.8777 -12.8770 -12.8724 -12.8557 -12.8527
   -12.8524 -12.8501 -12.8499 -12.8441 -12.8435 -12.8351 -12.8244 -12.8149
   -12.8141 -12.8127 -12.8083 -12.7921 -12.7908 -12.7862 -12.7857 -12.7829
   -12.7763 -12.7739 -12.7686 -12.7604 -12.7571 -12.7562 -12.7543 -12.7496
   -12.7339 -12.7311 -12.7267 -12.7236 -12.7213 -12.7166 -12.7117 -12.7027
   -12.6998 -12.6990 -12.6938 -12.6919 -12.6831 -12.6793 -12.6790 -12.6707
   -12.6699 -12.6696 -12.6666 -12.6653 -12.6648 -12.6527 -12.6489 -12.6416
   -12.6383 -12.6377 -12.6320 -12.6319 -12.6275 -12.6271 -12.6209 -12.6206
   -12.6191 -12.6142 -12.6079 -12.6032 -12.6020 -12.5978 -12.5959 -12.5911
   -12.5792 -12.5741 -12.5723 -12.5441 -12.4860 -12.4807 -12.4656 -12.4420
   -12.4339 -12.3734 -12.3418 -12.2731 -12.2153 -12.1927 -12.1709 -12.1432
   -12.1009 -12.0731 -12.0185 -12.0072 -11.9318 -11.9064 -11.8841 -11.8612
    -6.6105  -6.5405  -6.4709  -6.4393  -6.3014  -6.2855  -6.2653  -6.2269
    -6.1688  -6.1593  -6.1376  -6.1114  -5.8377  -5.8374  -5.7942  -5.7523
    -5.7510  -5.5826  -5.5681  -5.5603  -5.5374  -5.5030  -5.4986  -5.4306
    -5.2831  -5.2608  -5.0271  -4.9892  -4.8304  -4.8258  -4.7843  -4.7601
    -4.6970  -4.5759  -4.5684  -4.4798  -4.1367  -4.1062  -4.0699  -4.0504
    -3.8566  -3.8369  -3.8139  -3.8071  -3.7945  -3.7580  -3.7052  -3.6670
    -3.4739  -3.4428  -3.3789  -3.3675  -3.2847  -3.2737  -3.2686  -3.2255
    -3.1516  -3.1259  -3.0364  -3.0165  -2.9990  -2.8775  -2.8745  -2.8740
    -2.7400  -2.7163  -2.7022  -2.6790  -2.5363  -2.5207  -2.5100  -2.4820
    -2.3988  -2.3886  -2.3684  -2.3277  -2.2777  -2.2450  -2.1920  -2.1285
    -2.1252  -2.1228  -2.1061  -2.0783  -2.0410  -2.0259  -2.0173  -1.9644
    -1.9189  -1.9168  -1.8246  -1.8224  -1.7436  -1.7080  -1.6669  -1.6177
    -1.5845  -1.5754  -1.5335  -1.5236  -1.4721  -1.4466  -1.4311  -1.3687
    -1.3158  -1.3138  -1.2669  -1.2581  -1.2411  -1.2097  -1.1510  -1.1249
    -1.0900  -1.0537  -1.0428  -1.0288  -1.0218  -1.0110  -0.9289  -0.9190
    -0.9097  -0.8953  -0.8859  -0.8601  -0.8246  -0.7966  -0.7897  -0.7888
    -0.6202  -0.6082  -0.6027  -0.5962  -0.5214  -0.5168  -0.4250  -0.4126
    -0.2280  -0.2267  -0.2020  -0.1984  -0.1139  -0.1115  -0.0712  -0.0664
     1.4645   2.4493   2.7650   3.3731   3.5274   3.6854   3.6967   3.9514
     4.0919   4.1593   4.1696   4.3031   4.3619   4.4544   4.5104   4.5369

     occupation numbers 
     1.0000   1.0000   1.0000   1.0000   1.0000   1.0000   1.0000   1.0000
     1.0000   1.0000   1.0000   1.0000   1.0000   1.0000   1.0000   1.0000
     1.0000   1.0000   1.0000   1.0000   1.0000   1.0000   1.0000   1.0000
     1.0000   1.0000   1.0000   1.0000   1.0000   1.0000   1.0000   1.0000
     1.0000   1.0000   1.0000   1.0000   1.0000   1.0000   1.0000   1.0000
     1.0000   1.0000   1.0000   1.0000   1.0000   1.0000   1.0000   1.0000
     1.0000   1.0000   1.0000   1.0000   1.0000   1.0000   1.0000   1.0000
     1.0000   1.0000   1.0000   1.0000   1.0000   1.0000   1.0000   1.0000
     1.0000   1.0000   1.0000   1.0000   1.0000   1.0000   1.0000   1.0000
     1.0000   1.0000   1.0000   1.0000   1.0000   1.0000   1.0000   1.0000
     1.0000   1.0000   1.0000   1.0000   1.0000   1.0000   1.0000   1.0000
     1.0000   1.0000   1.0000   1.0000   1.0000   1.0000   1.0000   1.0000
     1.0000   1.0000   1.0000   1.0000   1.0000   1.0000   1.0000   1.0000
     1.0000   1.0000   1.0000   1.0000   1.0000   1.0000   1.0000   1.0000
     1.0000   1.0000   1.0000   1.0000   1.0000   1.0000   1.0000   1.0000
     1.0000   1.0000   1.0000   1.0000   1.0000   1.0000   1.0000   1.0000
     1.0000   1.0000   1.0000   1.0000   1.0000   1.0000   1.0000   1.0000
     1.0000   1.0000   1.0000   1.0000   1.0000   1.0000   1.0000   1.0000
     1.0000   1.0000   1.0000   1.0000   1.0000   1.0000   1.0000   1.0000
     1.0000   1.0000   1.0000   1.0000   1.0000   1.0000   1.0000   1.0000
     1.0000   1.0000   1.0000   1.0000   1.0000   1.0000   1.0000   1.0000
     1.0000   1.0000   1.0000   1.0000   1.0000   1.0000   1.0000   1.0000
     1.0000   1.0000   1.0000   1.0000   1.0000   1.0000   1.0000   1.0000
     1.0000   1.0000   1.0000   1.0000   1.0000   1.0000   1.0000   1.0000
     1.0000   1.0000   1.0000   1.0000   1.0000   1.0000   1.0000   1.0000
     1.0000   1.0000   1.0000   1.0000   1.0000   1.0000   1.0000   1.0000
     1.0000   1.0000   1.0000   1.0000   1.0000   1.0000   1.0000   1.0000
     1.0000   1.0000   1.0000   1.0000   1.0000   1.0000   1.0000   1.0000
     1.0000   1.0000   1.0000   1.0000   1.0000   1.0000   1.0000   1.0000
     1.0000   1.0000   1.0000   1.0000   1.0000   1.0000   1.0000   1.0000
     1.0000   1.0000   1.0000   1.0000   1.0000   1.0000   1.0000   1.0000
     1.0000   1.0000   1.0000   1.0000   1.0000   1.0000   1.0000   1.0000
     1.0000   1.0000   1.0000   1.0000   1.0000   1.0000   1.0000   1.0000
     1.0000   1.0000   1.0000   1.0000   1.0000   1.0000   1.0000   1.0000
     1.0000   1.0000   1.0000   1.0000   1.0000   1.0000   1.0000   1.0000
     1.0000   1.0000   1.0000   1.0000   1.0000   1.0000   1.0000   1.0000
     1.0000   1.0000   1.0000   1.0000   1.0000   1.0000   1.0000   1.0000
     1.0000   1.0000   1.0000   1.0000   1.0000   1.0000   1.0000   1.0000
     1.0000   1.0000   1.0000   1.0000   1.0000   1.0000   1.0000   1.0000
     0.0000   0.0000   0.0000   0.0000   0.0000   0.0000   0.0000   0.0000
     0.0000   0.0000   0.0000   0.0000   0.0000   0.0000   0.0000   0.0000

     highest occupied, lowest unoccupied level (ev):    -0.0219    0.9367

!    total energy              =  -11888.29271155 Ry
     total all-electron energy =   -289577.544635 Ry
     estimated scf accuracy    <          6.3E-10 Ry

     The total energy is the sum of the following terms:
     one-electron contribution =  -41586.62057690 Ry
     hartree contribution      =   21147.14640284 Ry
     xc contribution           =   -1487.76946405 Ry
     ewald contribution        =   17042.38348439 Ry
     one-center paw contrib.   =   -7003.43255782 Ry
      -> PAW hartree energy AE =     566.81991655 Ry
      -> PAW hartree energy PS =    -564.33400708 Ry
      -> PAW xc energy AE      =   -1911.77294872 Ry
      -> PAW xc energy PS      =     273.48579964 Ry
      -> total E_H with PAW    =   21149.63231231 Ry
      -> total E_XC with PAW   =   -3126.05661313 Ry

     convergence has been achieved in  46 iterations

     negative rho (up, down):  9.706E-04 0.000E+00

     Forces acting on atoms (cartesian axes, Ry/au):

     atom    1 type  1   force =     0.01272239    0.00797301   -0.04544874
     atom    2 type  1   force =    -0.01272239   -0.00797301   -0.04544874
     atom    3 type  1   force =    -0.01272239    0.00797301    0.04544874
     atom    4 type  1   force =    -0.01272239    0.00797301   -0.04544874
     atom    5 type  1   force =    -0.00950623    0.01121787    0.04920680
     atom    6 type  1   force =     0.00950623    0.01121787   -0.04920680
     atom    7 type  1   force =     0.00000000   -0.00299155    0.00000000
     atom    8 type  1   force =    -0.00000000    0.00299155    0.00000000
     atom    9 type  1   force =     0.00000000    0.00000000    0.00018428
     atom   10 type  1   force =     0.00950623    0.01121787    0.04920680
     atom   11 type  1   force =    -0.00950623    0.01121787   -0.04920680
     atom   12 type  1   force =     0.00000000    0.00000000    0.00018428
     atom   13 type  2   force =    -0.00474052   -0.00325224   -0.00474859
     atom   14 type  2   force =     0.00474052    0.00325224   -0.00474859
     atom   15 type  2   force =     0.00474052   -0.00325224    0.00474859
     atom   16 type  2   force =    -0.00474052    0.00325224    0.00474859
     atom   17 type  2   force =    -0.01389494    0.00946489    0.03225036
     atom   18 type  2   force =     0.00053310   -0.00125546   -0.00012306
     atom   19 type  2   force =     0.01389494   -0.00946489    0.03225036
     atom   20 type  2   force =    -0.00053310    0.00125546   -0.00012306
     atom   21 type  2   force =    -0.00172541   -0.00320189   -0.00539237
     atom   22 type  2   force =     0.00172541   -0.00320189    0.00539237
     atom   23 type  2   force =     0.01354749   -0.01108151    0.02161557
     atom   24 type  2   force =    -0.01354749   -0.01108151   -0.02161557
     atom   25 type  2   force =    -0.01657752   -0.01348557    0.02776193
     atom   26 type  2   force =     0.01657752    0.01348557    0.02776193
     atom   27 type  2   force =     0.01657752   -0.01348557   -0.02776193
     atom   28 type  2   force =    -0.01657752    0.01348557   -0.02776193
     atom   29 type  2   force =    -0.00053310   -0.00125546   -0.00012306
     atom   30 type  2   force =     0.01389494    0.00946489    0.03225036
     atom   31 type  2   force =     0.00053310    0.00125546   -0.00012306
     atom   32 type  2   force =    -0.01389494   -0.00946489    0.03225036
     atom   33 type  2   force =    -0.01354749   -0.01108151    0.02161557
     atom   34 type  2   force =     0.01354749   -0.01108151   -0.02161557
     atom   35 type  2   force =     0.00172541   -0.00320189   -0.00539237
     atom   36 type  2   force =    -0.00172541   -0.00320189    0.00539237
     atom   37 type  1   force =    -0.01272239   -0.00797301    0.04544874
     atom   38 type  1   force =     0.01272239    0.00797301    0.04544874
     atom   39 type  1   force =     0.01272239   -0.00797301   -0.04544874
     atom   40 type  1   force =     0.01272239   -0.00797301    0.04544874
     atom   41 type  1   force =    -0.00950623   -0.01121787   -0.04920680
     atom   42 type  1   force =     0.00950623   -0.01121787    0.04920680
     atom   43 type  1   force =     0.00000000    0.00000000   -0.00018428
     atom   44 type  1   force =     0.00950623   -0.01121787   -0.04920680
     atom   45 type  1   force =    -0.00950623   -0.01121787    0.04920680
     atom   46 type  1   force =     0.00000000    0.00299155    0.00000000
     atom   47 type  1   force =    -0.00000000   -0.00299155   -0.00000000
     atom   48 type  1   force =     0.00000000    0.00000000   -0.00018428
     atom   49 type  2   force =     0.01657752    0.01348557   -0.02776193
     atom   50 type  2   force =    -0.01657752   -0.01348557   -0.02776193
     atom   51 type  2   force =    -0.01657752    0.01348557    0.02776193
     atom   52 type  2   force =     0.01657752   -0.01348557    0.02776193
     atom   53 type  2   force =     0.00053310    0.00125546    0.00012306
     atom   54 type  2   force =    -0.01389494   -0.00946489   -0.03225036
     atom   55 type  2   force =    -0.00053310   -0.00125546    0.00012306
     atom   56 type  2   force =     0.01389494    0.00946489   -0.03225036
     atom   57 type  2   force =     0.01354749    0.01108151   -0.02161557
     atom   58 type  2   force =    -0.01354749    0.01108151    0.02161557
     atom   59 type  2   force =    -0.00172541    0.00320189    0.00539237
     atom   60 type  2   force =     0.00172541    0.00320189   -0.00539237
     atom   61 type  2   force =     0.00474052    0.00325224    0.00474859
     atom   62 type  2   force =    -0.00474052   -0.00325224    0.00474859
     atom   63 type  2   force =    -0.00474052    0.00325224   -0.00474859
     atom   64 type  2   force =     0.00474052   -0.00325224   -0.00474859
     atom   65 type  2   force =     0.01389494   -0.00946489   -0.03225036
     atom   66 type  2   force =    -0.00053310    0.00125546    0.00012306
     atom   67 type  2   force =    -0.01389494    0.00946489   -0.03225036
     atom   68 type  2   force =     0.00053310   -0.00125546    0.00012306
     atom   69 type  2   force =     0.00172541    0.00320189    0.00539237
     atom   70 type  2   force =    -0.00172541    0.00320189   -0.00539237
     atom   71 type  2   force =    -0.01354749    0.01108151   -0.02161557
     atom   72 type  2   force =     0.01354749    0.01108151    0.02161557
     atom   73 type  3   force =     0.01085949    0.00200159    0.00703447
     atom   74 type  3   force =    -0.01085949   -0.00200159    0.00703447
     atom   75 type  3   force =     0.00811325    0.00918816    0.00707447
     atom   76 type  3   force =    -0.00811325    0.00918816   -0.00707447
     atom   77 type  3   force =     0.00341689    0.00210546    0.00936683
     atom   78 type  3   force =    -0.00341689   -0.00210546    0.00936683
     atom   79 type  3   force =    -0.00341689    0.00210546   -0.00936683
     atom   80 type  3   force =     0.00341689   -0.00210546   -0.00936683
     atom   81 type  3   force =    -0.01085949    0.00200159    0.00703447
     atom   82 type  3   force =     0.01085949   -0.00200159    0.00703447
     atom   83 type  3   force =    -0.00811325    0.00918816    0.00707447
     atom   84 type  3   force =     0.00811325    0.00918816   -0.00707447
     atom   85 type  3   force =    -0.00341689   -0.00210546   -0.00936683
     atom   86 type  3   force =     0.00341689    0.00210546   -0.00936683
     atom   87 type  3   force =     0.00341689   -0.00210546    0.00936683
     atom   88 type  3   force =    -0.00341689    0.00210546    0.00936683
     atom   89 type  3   force =     0.01085949   -0.00200159   -0.00703447
     atom   90 type  3   force =    -0.01085949    0.00200159   -0.00703447
     atom   91 type  3   force =     0.00811325   -0.00918816   -0.00707447
     atom   92 type  3   force =    -0.00811325   -0.00918816    0.00707447
     atom   93 type  3   force =    -0.01085949   -0.00200159   -0.00703447
     atom   94 type  3   force =     0.01085949    0.00200159   -0.00703447
     atom   95 type  3   force =    -0.00811325   -0.00918816   -0.00707447
     atom   96 type  3   force =     0.00811325   -0.00918816    0.00707447
     The non-local contrib.  to forces
     atom    1 type  1   force =    -0.00734145   -0.04147676    0.00694903
     atom    2 type  1   force =     0.00734145    0.04147676    0.00694903
     atom    3 type  1   force =     0.00734145   -0.04147676   -0.00694903
     atom    4 type  1   force =     0.00734145   -0.04147676    0.00694903
     atom    5 type  1   force =    -0.00278115   -0.00519636   -0.03342802
     atom    6 type  1   force =     0.00278115   -0.00519636    0.03342802
     atom    7 type  1   force =     0.00000000   -0.01357460   -0.00000000
     atom    8 type  1   force =     0.00000000    0.01357460   -0.00000000
     atom    9 type  1   force =     0.00000000    0.00000000   -0.01961975
     atom   10 type  1   force =     0.00278115   -0.00519636   -0.03342802
     atom   11 type  1   force =    -0.00278115   -0.00519636    0.03342802
     atom   12 type  1   force =     0.00000000    0.00000000   -0.01961975
     atom   13 type  2   force =    -0.10345138   -0.05512593    0.03847246
     atom   14 type  2   force =     0.10345138    0.05512593    0.03847246
     atom   15 type  2   force =     0.10345138   -0.05512593   -0.03847246
     atom   16 type  2   force =    -0.10345138    0.05512593   -0.03847246
     atom   17 type  2   force =     0.09040554   -0.40674240   -1.26326538
     atom   18 type  2   force =     0.07085841    0.07183023    0.04730774
     atom   19 type  2   force =    -0.09040554    0.40674240   -1.26326538
     atom   20 type  2   force =    -0.07085841   -0.07183023    0.04730774
     atom   21 type  2   force =    -0.04829699    0.05083154   -0.11622813
     atom   22 type  2   force =     0.04829699    0.05083154    0.11622813
     atom   23 type  2   force =    -0.53017213   -0.02670644   -1.22711866
     atom   24 type  2   force =     0.53017213   -0.02670644    1.22711866
     atom   25 type  2   force =     0.40479379    0.31346523   -1.27500219
     atom   26 type  2   force =    -0.40479379   -0.31346523   -1.27500219
     atom   27 type  2   force =    -0.40479379    0.31346523    1.27500219
     atom   28 type  2   force =     0.40479379   -0.31346523    1.27500219
     atom   29 type  2   force =    -0.07085841    0.07183023    0.04730774
     atom   30 type  2   force =    -0.09040554   -0.40674240   -1.26326538
     atom   31 type  2   force =     0.07085841   -0.07183023    0.04730774
     atom   32 type  2   force =     0.09040554    0.40674240   -1.26326538
     atom   33 type  2   force =     0.53017213   -0.02670644   -1.22711866
     atom   34 type  2   force =    -0.53017213   -0.02670644    1.22711866
     atom   35 type  2   force =     0.04829699    0.05083154   -0.11622813
     atom   36 type  2   force =    -0.04829699    0.05083154    0.11622813
     atom   37 type  1   force =     0.00734145    0.04147676   -0.00694903
     atom   38 type  1   force =    -0.00734145   -0.04147676   -0.00694903
     atom   39 type  1   force =    -0.00734145    0.04147676    0.00694903
     atom   40 type  1   force =    -0.00734145    0.04147676   -0.00694903
     atom   41 type  1   force =    -0.00278115    0.00519636    0.03342802
     atom   42 type  1   force =     0.00278115    0.00519636   -0.03342802
     atom   43 type  1   force =     0.00000000    0.00000000    0.01961975
     atom   44 type  1   force =     0.00278115    0.00519636    0.03342802
     atom   45 type  1   force =    -0.00278115    0.00519636   -0.03342802
     atom   46 type  1   force =     0.00000000    0.01357460    0.00000000
     atom   47 type  1   force =     0.00000000   -0.01357460    0.00000000
     atom   48 type  1   force =     0.00000000    0.00000000    0.01961975
     atom   49 type  2   force =    -0.40479379   -0.31346523    1.27500219
     atom   50 type  2   force =     0.40479379    0.31346523    1.27500219
     atom   51 type  2   force =     0.40479379   -0.31346523   -1.27500219
     atom   52 type  2   force =    -0.40479379    0.31346523   -1.27500219
     atom   53 type  2   force =     0.07085841   -0.07183023   -0.04730774
     atom   54 type  2   force =     0.09040554    0.40674240    1.26326538
     atom   55 type  2   force =    -0.07085841    0.07183023   -0.04730774
     atom   56 type  2   force =    -0.09040554   -0.40674240    1.26326538
     atom   57 type  2   force =    -0.53017213    0.02670644    1.22711866
     atom   58 type  2   force =     0.53017213    0.02670644   -1.22711866
     atom   59 type  2   force =    -0.04829699   -0.05083154    0.11622813
     atom   60 type  2   force =     0.04829699   -0.05083154   -0.11622813
     atom   61 type  2   force =     0.10345138    0.05512593   -0.03847246
     atom   62 type  2   force =    -0.10345138   -0.05512593   -0.03847246
     atom   63 type  2   force =    -0.10345138    0.05512593    0.03847246
     atom   64 type  2   force =     0.10345138   -0.05512593    0.03847246
     atom   65 type  2   force =    -0.09040554    0.40674240    1.26326538
     atom   66 type  2   force =    -0.07085841   -0.07183023   -0.04730774
     atom   67 type  2   force =     0.09040554   -0.40674240    1.26326538
     atom   68 type  2   force =     0.07085841    0.07183023   -0.04730774
     atom   69 type  2   force =     0.04829699   -0.05083154    0.11622813
     atom   70 type  2   force =    -0.04829699   -0.05083154   -0.11622813
     atom   71 type  2   force =     0.53017213    0.02670644    1.22711866
     atom   72 type  2   force =    -0.53017213    0.02670644   -1.22711866
     atom   73 type  3   force =     0.00668494    0.02378814    0.10269734
     atom   74 type  3   force =    -0.00668494   -0.02378814    0.10269734
     atom   75 type  3   force =     0.03107582    0.01099346    0.09886004
     atom   76 type  3   force =    -0.03107582    0.01099346   -0.09886004
     atom   77 type  3   force =    -0.01039013   -0.00888698    0.10414433
     atom   78 type  3   force =     0.01039013    0.00888698    0.10414433
     atom   79 type  3   force =     0.01039013   -0.00888698   -0.10414433
     atom   80 type  3   force =    -0.01039013    0.00888698   -0.10414433
     atom   81 type  3   force =    -0.00668494    0.02378814    0.10269734
     atom   82 type  3   force =     0.00668494   -0.02378814    0.10269734
     atom   83 type  3   force =    -0.03107582    0.01099346    0.09886004
     atom   84 type  3   force =     0.03107582    0.01099346   -0.09886004
     atom   85 type  3   force =     0.01039013    0.00888698   -0.10414433
     atom   86 type  3   force =    -0.01039013   -0.00888698   -0.10414433
     atom   87 type  3   force =    -0.01039013    0.00888698    0.10414433
     atom   88 type  3   force =     0.01039013   -0.00888698    0.10414433
     atom   89 type  3   force =     0.00668494   -0.02378814   -0.10269734
     atom   90 type  3   force =    -0.00668494    0.02378814   -0.10269734
     atom   91 type  3   force =     0.03107582   -0.01099346   -0.09886004
     atom   92 type  3   force =    -0.03107582   -0.01099346    0.09886004
     atom   93 type  3   force =    -0.00668494   -0.02378814   -0.10269734
     atom   94 type  3   force =     0.00668494    0.02378814   -0.10269734
     atom   95 type  3   force =    -0.03107582   -0.01099346   -0.09886004
     atom   96 type  3   force =     0.03107582   -0.01099346    0.09886004
     The ionic contribution  to forces
     atom    1 type  1   force =     1.28257976    0.67843471  -94.40747095
     atom    2 type  1   force =    -1.28257978   -0.67843472  -94.40747094
     atom    3 type  1   force =    -1.28257969    0.67843473   94.40747101
     atom    4 type  1   force =    -1.28257979    0.67843476  -94.40747096
     atom    5 type  1   force =     3.73836474    1.09839868   93.98510493
     atom    6 type  1   force =    -3.73836479    1.09839878  -93.98510488
     atom    7 type  1   force =     0.00000002    3.96182739    0.00000003
     atom    8 type  1   force =    -0.00000004   -3.96182741    0.00000005
     atom    9 type  1   force =    -0.00000005   -0.00000001   -8.55711890
     atom   10 type  1   force =    -3.73836476    1.09839870   93.98510493
     atom   11 type  1   force =     3.73836478    1.09839880  -93.98510488
     atom   12 type  1   force =     0.00000001   -0.00000002   -8.55711889
     atom   13 type  2   force =     2.76615381    1.89466359  -21.09339340
     atom   14 type  2   force =    -2.76615382   -1.89466360  -21.09339340
     atom   15 type  2   force =    -2.76615386    1.89466364   21.09339342
     atom   16 type  2   force =     2.76615388   -1.89466367   21.09339340
     atom   17 type  2   force =    -0.37668381    1.89302446  -57.09848865
     atom   18 type  2   force =    -0.17690351   -2.72953673  -28.84198114
     atom   19 type  2   force =     0.37668383   -1.89302446  -57.09848864
     atom   20 type  2   force =     0.17690347    2.72953674  -28.84198116
     atom   21 type  2   force =     1.85393726    0.00154415  -16.83913474
     atom   22 type  2   force =    -1.85393724    0.00154411   16.83913473
     atom   23 type  2   force =     2.14585666   -0.16531691  -63.82965467
     atom   24 type  2   force =    -2.14585671   -0.16531691   63.82965460
     atom   25 type  2   force =    -2.61146390   -2.12201618  -63.22281559
     atom   26 type  2   force =     2.61146392    2.12201620  -63.22281562
     atom   27 type  2   force =     2.61146389   -2.12201618   63.22281557
     atom   28 type  2   force =    -2.61146391    2.12201618   63.22281557
     atom   29 type  2   force =     0.17690348   -2.72953677  -28.84198118
     atom   30 type  2   force =     0.37668381    1.89302451  -57.09848861
     atom   31 type  2   force =    -0.17690350    2.72953672  -28.84198114
     atom   32 type  2   force =    -0.37668379   -1.89302447  -57.09848865
     atom   33 type  2   force =    -2.14585667   -0.16531692  -63.82965467
     atom   34 type  2   force =     2.14585670   -0.16531690   63.82965460
     atom   35 type  2   force =    -1.85393727    0.00154417  -16.83913475
     atom   36 type  2   force =     1.85393723    0.00154412   16.83913472
     atom   37 type  1   force =    -1.28257968   -0.67843469   94.40747105
     atom   38 type  1   force =     1.28257966    0.67843469   94.40747101
     atom   39 type  1   force =     1.28257976   -0.67843477  -94.40747099
     atom   40 type  1   force =     1.28257966   -0.67843475   94.40747099
     atom   41 type  1   force =     3.73836496   -1.09839876  -93.98510488
     atom   42 type  1   force =    -3.73836477   -1.09839867   93.98510493
     atom   43 type  1   force =     0.00000006   -0.00000001    8.55711886
     atom   44 type  1   force =    -3.73836482   -1.09839880  -93.98510489
     atom   45 type  1   force =     3.73836493   -1.09839869   93.98510494
     atom   46 type  1   force =     0.00000001   -3.96182743    0.00000008
     atom   47 type  1   force =    -0.00000003    3.96182759    0.00000009
     atom   48 type  1   force =     0.00000000   -0.00000002    8.55711886
     atom   49 type  2   force =     2.61146392    2.12201621   63.22281560
     atom   50 type  2   force =    -2.61146390   -2.12201615   63.22281556
     atom   51 type  2   force =    -2.61146390    2.12201617  -63.22281560
     atom   52 type  2   force =     2.61146389   -2.12201614  -63.22281558
     atom   53 type  2   force =    -0.17690342    2.72953672   28.84198112
     atom   54 type  2   force =    -0.37668381   -1.89302445   57.09848862
     atom   55 type  2   force =     0.17690343   -2.72953674   28.84198113
     atom   56 type  2   force =     0.37668383    1.89302449   57.09848858
     atom   57 type  2   force =     2.14585670    0.16531694   63.82965460
     atom   58 type  2   force =    -2.14585663    0.16531692  -63.82965467
     atom   59 type  2   force =     1.85393726   -0.00154414   16.83913468
     atom   60 type  2   force =    -1.85393730   -0.00154415  -16.83913467
     atom   61 type  2   force =    -2.76615391   -1.89466363   21.09339346
     atom   62 type  2   force =     2.76615385    1.89466363   21.09339343
     atom   63 type  2   force =     2.76615388   -1.89466362  -21.09339341
     atom   64 type  2   force =    -2.76615381    1.89466360  -21.09339340
     atom   65 type  2   force =     0.37668384   -1.89302445   57.09848863
     atom   66 type  2   force =     0.17690344    2.72953668   28.84198108
     atom   67 type  2   force =    -0.37668382    1.89302445   57.09848863
     atom   68 type  2   force =    -0.17690345   -2.72953669   28.84198109
     atom   69 type  2   force =    -1.85393722   -0.00154410   16.83913469
     atom   70 type  2   force =     1.85393725   -0.00154417  -16.83913475
     atom   71 type  2   force =    -2.14585667    0.16531690   63.82965460
     atom   72 type  2   force =     2.14585666    0.16531695  -63.82965466
     atom   73 type  3   force =    -0.08240317   -0.44884661  -14.23190441
     atom   74 type  3   force =     0.08240314    0.44884661  -14.23190441
     atom   75 type  3   force =    -0.84293756   -0.24154874  -14.35855550
     atom   76 type  3   force =     0.84293760   -0.24154875   14.35855558
     atom   77 type  3   force =     0.18069914    0.13122638  -14.45851383
     atom   78 type  3   force =    -0.18069914   -0.13122638  -14.45851383
     atom   79 type  3   force =    -0.18069914    0.13122638   14.45851382
     atom   80 type  3   force =     0.18069914   -0.13122638   14.45851383
     atom   81 type  3   force =     0.08240314   -0.44884661  -14.23190441
     atom   82 type  3   force =    -0.08240317    0.44884661  -14.23190441
     atom   83 type  3   force =     0.84293756   -0.24154874  -14.35855550
     atom   84 type  3   force =    -0.84293760   -0.24154875   14.35855558
     atom   85 type  3   force =    -0.18069914   -0.13122638   14.45851383
     atom   86 type  3   force =     0.18069914    0.13122635   14.45851383
     atom   87 type  3   force =     0.18069914   -0.13122638  -14.45851383
     atom   88 type  3   force =    -0.18069914    0.13122635  -14.45851384
     atom   89 type  3   force =    -0.08240317    0.44884658   14.23190434
     atom   90 type  3   force =     0.08240314   -0.44884659   14.23190434
     atom   91 type  3   force =    -0.84293760    0.24154873   14.35855559
     atom   92 type  3   force =     0.84293754    0.24154872  -14.35855554
     atom   93 type  3   force =     0.08240314    0.44884659   14.23190434
     atom   94 type  3   force =    -0.08240317   -0.44884658   14.23190434
     atom   95 type  3   force =     0.84293758    0.24154873   14.35855562
     atom   96 type  3   force =    -0.84293757    0.24154872  -14.35855551
     The local contribution  to forces
     atom    1 type  1   force =    -1.26178288   -0.63050355   94.35155448
     atom    2 type  1   force =     1.26178281    0.63050356   94.35155444
     atom    3 type  1   force =     1.26178287   -0.63050358  -94.35155490
     atom    4 type  1   force =     1.26178294   -0.63050356   94.35155449
     atom    5 type  1   force =    -3.74637804   -1.08128906  -93.90022609
     atom    6 type  1   force =     3.74637813   -1.08128908   93.90022570
     atom    7 type  1   force =    -0.00000000   -3.95251816   -0.00000024
     atom    8 type  1   force =    -0.00000002    3.95251812   -0.00000018
     atom    9 type  1   force =    -0.00000004   -0.00000006    8.57562583
     atom   10 type  1   force =     3.74637809   -1.08128907  -93.90022609
     atom   11 type  1   force =    -3.74637799   -1.08128907   93.90022570
     atom   12 type  1   force =     0.00000001   -0.00000002    8.57562584
     atom   13 type  2   force =    -2.66812072   -1.84306242   21.05036367
     atom   14 type  2   force =     2.66812064    1.84306244   21.05036369
     atom   15 type  2   force =     2.66812065   -1.84306240  -21.05036387
     atom   16 type  2   force =    -2.66812072    1.84306248  -21.05036392
     atom   17 type  2   force =     0.27334095   -1.47992832   58.38399994
     atom   18 type  2   force =     0.10718002    2.65679413   28.79469629
     atom   19 type  2   force =    -0.27334104    1.47992834   58.38399990
     atom   20 type  2   force =    -0.10718010   -2.65679411   28.79469627
     atom   21 type  2   force =    -1.80757513   -0.05517998   16.94910656
     atom   22 type  2   force =     1.80757509   -0.05517996  -16.94910587
     atom   23 type  2   force =    -1.60618306    0.18093543   65.06826246
     atom   24 type  2   force =     1.60618302    0.18093542  -65.06826289
     atom   25 type  2   force =     2.19339005    1.79759909   64.51518815
     atom   26 type  2   force =    -2.19339014   -1.79759906   64.51518815
     atom   27 type  2   force =    -2.19339013    1.79759911  -64.51518832
     atom   28 type  2   force =     2.19339006   -1.79759904  -64.51518837
     atom   29 type  2   force =    -0.10718010    2.65679412   28.79469631
     atom   30 type  2   force =    -0.27334102   -1.47992833   58.38399991
     atom   31 type  2   force =     0.10718000   -2.65679411   28.79469627
     atom   32 type  2   force =     0.27334096    1.47992834   58.38399989
     atom   33 type  2   force =     1.60618302    0.18093540   65.06826248
     atom   34 type  2   force =    -1.60618305    0.18093540  -65.06826284
     atom   35 type  2   force =     1.80757509   -0.05517995   16.94910652
     atom   36 type  2   force =    -1.80757513   -0.05517993  -16.94910590
     atom   37 type  1   force =     1.26178285    0.63050351  -94.35155484
     atom   38 type  1   force =    -1.26178293   -0.63050350  -94.35155488
     atom   39 type  1   force =    -1.26178286    0.63050347   94.35155442
     atom   40 type  1   force =    -1.26178280    0.63050350  -94.35155483
     atom   41 type  1   force =    -3.74637680    1.08128910   93.90022571
     atom   42 type  1   force =     3.74637813    1.08128910  -93.90022609
     atom   43 type  1   force =     0.00000001   -0.00000002   -8.57562453
     atom   44 type  1   force =     3.74637809    1.08128911   93.90022570
     atom   45 type  1   force =    -3.74637675    1.08128909  -93.90022609
     atom   46 type  1   force =    -0.00000000    3.95251813   -0.00000024
     atom   47 type  1   force =    -0.00000002   -3.95251694   -0.00000018
     atom   48 type  1   force =    -0.00000004   -0.00000006   -8.57562454
     atom   49 type  2   force =    -2.19339012   -1.79759908  -64.51518838
     atom   50 type  2   force =     2.19339004    1.79759911  -64.51518837
     atom   51 type  2   force =     2.19339005   -1.79759906   64.51518820
     atom   52 type  2   force =    -2.19339011    1.79759913   64.51518816
     atom   53 type  2   force =     0.10718001   -2.65679411  -28.79469561
     atom   54 type  2   force =     0.27334096    1.47992834  -58.38399927
     atom   55 type  2   force =    -0.10718011    2.65679413  -28.79469565
     atom   56 type  2   force =    -0.27334103   -1.47992833  -58.38399929
     atom   57 type  2   force =    -1.60618306   -0.18093538  -65.06826282
     atom   58 type  2   force =     1.60618302   -0.18093538   65.06826247
     atom   59 type  2   force =    -1.80757513    0.05518000  -16.94910585
     atom   60 type  2   force =     1.80757509    0.05518001   16.94910648
     atom   61 type  2   force =     2.66812066    1.84306241  -21.05036391
     atom   62 type  2   force =    -2.66812074   -1.84306239  -21.05036389
     atom   63 type  2   force =    -2.66812073    1.84306243   21.05036371
     atom   64 type  2   force =     2.66812066   -1.84306235   21.05036366
     atom   65 type  2   force =    -0.27334103    1.47992835  -58.38399924
     atom   66 type  2   force =    -0.10718009   -2.65679410  -28.79469563
     atom   67 type  2   force =     0.27334094   -1.47992833  -58.38399928
     atom   68 type  2   force =     0.10718001    2.65679412  -28.79469565
     atom   69 type  2   force =     1.80757510    0.05517997  -16.94910581
     atom   70 type  2   force =    -1.80757513    0.05517999   16.94910650
     atom   71 type  2   force =     1.60618301   -0.18093535  -65.06826285
     atom   72 type  2   force =    -1.60618305   -0.18093536   65.06826242
     atom   73 type  3   force =     0.08657812    0.42706001   14.13624079
     atom   74 type  3   force =    -0.08657806   -0.42706001   14.13624081
     atom   75 type  3   force =     0.81997454    0.23974374   14.26676823
     atom   76 type  3   force =    -0.81997455    0.23974374  -14.26676824
     atom   77 type  3   force =    -0.16689182   -0.12023370   14.36373509
     atom   78 type  3   force =     0.16689182    0.12023370   14.36373508
     atom   79 type  3   force =     0.16689182   -0.12023370  -14.36373508
     atom   80 type  3   force =    -0.16689182    0.12023370  -14.36373508
     atom   81 type  3   force =    -0.08657806    0.42706001   14.13624080
     atom   82 type  3   force =     0.08657812   -0.42706000   14.13624080
     atom   83 type  3   force =    -0.81997454    0.23974374   14.26676823
     atom   84 type  3   force =     0.81997455    0.23974374  -14.26676824
     atom   85 type  3   force =     0.16689182    0.12023369  -14.36373508
     atom   86 type  3   force =    -0.16689181   -0.12023363  -14.36373509
     atom   87 type  3   force =    -0.16689182    0.12023370   14.36373508
     atom   88 type  3   force =     0.16689182   -0.12023363   14.36373509
     atom   89 type  3   force =     0.08657812   -0.42706000  -14.13624080
     atom   90 type  3   force =    -0.08657806    0.42706001  -14.13624080
     atom   91 type  3   force =     0.81997456   -0.23974369  -14.26676825
     atom   92 type  3   force =    -0.81997448   -0.23974369   14.26676826
     atom   93 type  3   force =    -0.08657806   -0.42706000  -14.13624080
     atom   94 type  3   force =     0.08657812    0.42706000  -14.13624079
     atom   95 type  3   force =    -0.81997449   -0.23974369  -14.26676827
     atom   96 type  3   force =     0.81997454   -0.23974368   14.26676824
     The core correction contribution to forces
     atom    1 type  1   force =    -0.00072456    0.00151875    0.00353255
     atom    2 type  1   force =     0.00072455   -0.00151875    0.00353255
     atom    3 type  1   force =     0.00072456    0.00151875   -0.00353259
     atom    4 type  1   force =     0.00072456    0.00151875    0.00353255
     atom    5 type  1   force =     0.00129228   -0.00068661   -0.00225822
     atom    6 type  1   force =    -0.00129227   -0.00068661    0.00225818
     atom    7 type  1   force =    -0.00000000    0.00127174   -0.00000002
     atom    8 type  1   force =    -0.00000000   -0.00127174   -0.00000002
     atom    9 type  1   force =    -0.00000001   -0.00000000    0.00130519
     atom   10 type  1   force =    -0.00129227   -0.00068661   -0.00225822
     atom   11 type  1   force =     0.00129228   -0.00068661    0.00225818
     atom   12 type  1   force =    -0.00000000    0.00000000    0.00130520
     atom   13 type  2   force =     0.00067924    0.00027331   -0.00018796
     atom   14 type  2   force =    -0.00067924   -0.00027331   -0.00018796
     atom   15 type  2   force =    -0.00067924    0.00027331    0.00018796
     atom   16 type  2   force =     0.00067924   -0.00027331    0.00018796
     atom   17 type  2   force =    -0.00095489    0.00311033    0.01000071
     atom   18 type  2   force =    -0.00060263   -0.00034469   -0.00013821
     atom   19 type  2   force =     0.00095489   -0.00311033    0.01000071
     atom   20 type  2   force =     0.00060263    0.00034469   -0.00013821
     atom   21 type  2   force =     0.00020984   -0.00039666    0.00087042
     atom   22 type  2   force =    -0.00020984   -0.00039666   -0.00087042
     atom   23 type  2   force =     0.00404364    0.00000871    0.01011831
     atom   24 type  2   force =    -0.00404364    0.00000871   -0.01011831
     atom   25 type  2   force =    -0.00329516   -0.00253142    0.01038584
     atom   26 type  2   force =     0.00329516    0.00253142    0.01038584
     atom   27 type  2   force =     0.00329516   -0.00253142   -0.01038584
     atom   28 type  2   force =    -0.00329516    0.00253142   -0.01038584
     atom   29 type  2   force =     0.00060263   -0.00034469   -0.00013821
     atom   30 type  2   force =     0.00095489    0.00311033    0.01000071
     atom   31 type  2   force =    -0.00060263    0.00034469   -0.00013821
     atom   32 type  2   force =    -0.00095489   -0.00311033    0.01000071
     atom   33 type  2   force =    -0.00404364    0.00000871    0.01011831
     atom   34 type  2   force =     0.00404364    0.00000871   -0.01011831
     atom   35 type  2   force =    -0.00020984   -0.00039666    0.00087042
     atom   36 type  2   force =     0.00020984   -0.00039666   -0.00087042
     atom   37 type  1   force =     0.00072455   -0.00151875   -0.00353259
     atom   38 type  1   force =    -0.00072456    0.00151875   -0.00353259
     atom   39 type  1   force =    -0.00072455   -0.00151875    0.00353255
     atom   40 type  1   force =    -0.00072455   -0.00151875   -0.00353259
     atom   41 type  1   force =     0.00129239    0.00068661    0.00225819
     atom   42 type  1   force =    -0.00129227    0.00068661   -0.00225822
     atom   43 type  1   force =    -0.00000000    0.00000000   -0.00130511
     atom   44 type  1   force =    -0.00129227    0.00068661    0.00225819
     atom   45 type  1   force =     0.00129239    0.00068661   -0.00225822
     atom   46 type  1   force =    -0.00000000   -0.00127174   -0.00000002
     atom   47 type  1   force =    -0.00000000    0.00127185   -0.00000002
     atom   48 type  1   force =    -0.00000001   -0.00000000   -0.00130511
     atom   49 type  2   force =     0.00329516    0.00253142   -0.01038584
     atom   50 type  2   force =    -0.00329516   -0.00253142   -0.01038584
     atom   51 type  2   force =    -0.00329516    0.00253142    0.01038584
     atom   52 type  2   force =     0.00329516   -0.00253142    0.01038584
     atom   53 type  2   force =    -0.00060263    0.00034469    0.00013820
     atom   54 type  2   force =    -0.00095489   -0.00311033   -0.01000071
     atom   55 type  2   force =     0.00060263   -0.00034469    0.00013820
     atom   56 type  2   force =     0.00095489    0.00311033   -0.01000071
     atom   57 type  2   force =     0.00404364   -0.00000871   -0.01011831
     atom   58 type  2   force =    -0.00404364   -0.00000871    0.01011831
     atom   59 type  2   force =     0.00020984    0.00039666   -0.00087042
     atom   60 type  2   force =    -0.00020984    0.00039666    0.00087042
     atom   61 type  2   force =    -0.00067924   -0.00027331    0.00018796
     atom   62 type  2   force =     0.00067924    0.00027331    0.00018796
     atom   63 type  2   force =     0.00067924   -0.00027331   -0.00018796
     atom   64 type  2   force =    -0.00067924    0.00027331   -0.00018796
     atom   65 type  2   force =     0.00095489   -0.00311033   -0.01000071
     atom   66 type  2   force =     0.00060263    0.00034469    0.00013820
     atom   67 type  2   force =    -0.00095489    0.00311033   -0.01000071
     atom   68 type  2   force =    -0.00060263   -0.00034469    0.00013820
     atom   69 type  2   force =    -0.00020984    0.00039666   -0.00087042
     atom   70 type  2   force =     0.00020984    0.00039666    0.00087042
     atom   71 type  2   force =    -0.00404364   -0.00000871   -0.01011831
     atom   72 type  2   force =     0.00404364   -0.00000871    0.01011831
     atom   73 type  3   force =     0.00000000    0.00000000    0.00000000
     atom   74 type  3   force =     0.00000000    0.00000000    0.00000000
     atom   75 type  3   force =     0.00000000    0.00000000    0.00000000
     atom   76 type  3   force =     0.00000000    0.00000000    0.00000000
     atom   77 type  3   force =     0.00000000    0.00000000    0.00000000
     atom   78 type  3   force =     0.00000000    0.00000000    0.00000000
     atom   79 type  3   force =     0.00000000    0.00000000    0.00000000
     atom   80 type  3   force =     0.00000000    0.00000000    0.00000000
     atom   81 type  3   force =     0.00000000    0.00000000    0.00000000
     atom   82 type  3   force =     0.00000000    0.00000000    0.00000000
     atom   83 type  3   force =     0.00000000    0.00000000    0.00000000
     atom   84 type  3   force =     0.00000000    0.00000000    0.00000000
     atom   85 type  3   force =     0.00000000    0.00000000    0.00000000
     atom   86 type  3   force =     0.00000000    0.00000000    0.00000000
     atom   87 type  3   force =     0.00000000    0.00000000    0.00000000
     atom   88 type  3   force =     0.00000000    0.00000000    0.00000000
     atom   89 type  3   force =     0.00000000    0.00000000    0.00000000
     atom   90 type  3   force =     0.00000000    0.00000000    0.00000000
     atom   91 type  3   force =     0.00000000    0.00000000    0.00000000
     atom   92 type  3   force =     0.00000000    0.00000000    0.00000000
     atom   93 type  3   force =     0.00000000    0.00000000    0.00000000
     atom   94 type  3   force =     0.00000000    0.00000000    0.00000000
     atom   95 type  3   force =     0.00000000    0.00000000    0.00000000
     atom   96 type  3   force =     0.00000000    0.00000000    0.00000000
     The Hubbard contrib.    to forces
     atom    1 type  1   force =     0.00000000    0.00000000    0.00000000
     atom    2 type  1   force =     0.00000000    0.00000000    0.00000000
     atom    3 type  1   force =     0.00000000    0.00000000    0.00000000
     atom    4 type  1   force =     0.00000000    0.00000000    0.00000000
     atom    5 type  1   force =     0.00000000    0.00000000    0.00000000
     atom    6 type  1   force =     0.00000000    0.00000000    0.00000000
     atom    7 type  1   force =     0.00000000    0.00000000    0.00000000
     atom    8 type  1   force =     0.00000000    0.00000000    0.00000000
     atom    9 type  1   force =     0.00000000    0.00000000    0.00000000
     atom   10 type  1   force =     0.00000000    0.00000000    0.00000000
     atom   11 type  1   force =     0.00000000    0.00000000    0.00000000
     atom   12 type  1   force =     0.00000000    0.00000000    0.00000000
     atom   13 type  2   force =     0.00000000    0.00000000    0.00000000
     atom   14 type  2   force =     0.00000000    0.00000000    0.00000000
     atom   15 type  2   force =     0.00000000    0.00000000    0.00000000
     atom   16 type  2   force =     0.00000000    0.00000000    0.00000000
     atom   17 type  2   force =     0.00000000    0.00000000    0.00000000
     atom   18 type  2   force =     0.00000000    0.00000000    0.00000000
     atom   19 type  2   force =     0.00000000    0.00000000    0.00000000
     atom   20 type  2   force =     0.00000000    0.00000000    0.00000000
     atom   21 type  2   force =     0.00000000    0.00000000    0.00000000
     atom   22 type  2   force =     0.00000000    0.00000000    0.00000000
     atom   23 type  2   force =     0.00000000    0.00000000    0.00000000
     atom   24 type  2   force =     0.00000000    0.00000000    0.00000000
     atom   25 type  2   force =     0.00000000    0.00000000    0.00000000
     atom   26 type  2   force =     0.00000000    0.00000000    0.00000000
     atom   27 type  2   force =     0.00000000    0.00000000    0.00000000
     atom   28 type  2   force =     0.00000000    0.00000000    0.00000000
     atom   29 type  2   force =     0.00000000    0.00000000    0.00000000
     atom   30 type  2   force =     0.00000000    0.00000000    0.00000000
     atom   31 type  2   force =     0.00000000    0.00000000    0.00000000
     atom   32 type  2   force =     0.00000000    0.00000000    0.00000000
     atom   33 type  2   force =     0.00000000    0.00000000    0.00000000
     atom   34 type  2   force =     0.00000000    0.00000000    0.00000000
     atom   35 type  2   force =     0.00000000    0.00000000    0.00000000
     atom   36 type  2   force =     0.00000000    0.00000000    0.00000000
     atom   37 type  1   force =     0.00000000    0.00000000    0.00000000
     atom   38 type  1   force =     0.00000000    0.00000000    0.00000000
     atom   39 type  1   force =     0.00000000    0.00000000    0.00000000
     atom   40 type  1   force =     0.00000000    0.00000000    0.00000000
     atom   41 type  1   force =     0.00000000    0.00000000    0.00000000
     atom   42 type  1   force =     0.00000000    0.00000000    0.00000000
     atom   43 type  1   force =     0.00000000    0.00000000    0.00000000
     atom   44 type  1   force =     0.00000000    0.00000000    0.00000000
     atom   45 type  1   force =     0.00000000    0.00000000    0.00000000
     atom   46 type  1   force =     0.00000000    0.00000000    0.00000000
     atom   47 type  1   force =     0.00000000    0.00000000    0.00000000
     atom   48 type  1   force =     0.00000000    0.00000000    0.00000000
     atom   49 type  2   force =     0.00000000    0.00000000    0.00000000
     atom   50 type  2   force =     0.00000000    0.00000000    0.00000000
     atom   51 type  2   force =     0.00000000    0.00000000    0.00000000
     atom   52 type  2   force =     0.00000000    0.00000000    0.00000000
     atom   53 type  2   force =     0.00000000    0.00000000    0.00000000
     atom   54 type  2   force =     0.00000000    0.00000000    0.00000000
     atom   55 type  2   force =     0.00000000    0.00000000    0.00000000
     atom   56 type  2   force =     0.00000000    0.00000000    0.00000000
     atom   57 type  2   force =     0.00000000    0.00000000    0.00000000
     atom   58 type  2   force =     0.00000000    0.00000000    0.00000000
     atom   59 type  2   force =     0.00000000    0.00000000    0.00000000
     atom   60 type  2   force =     0.00000000    0.00000000    0.00000000
     atom   61 type  2   force =     0.00000000    0.00000000    0.00000000
     atom   62 type  2   force =     0.00000000    0.00000000    0.00000000
     atom   63 type  2   force =     0.00000000    0.00000000    0.00000000
     atom   64 type  2   force =     0.00000000    0.00000000    0.00000000
     atom   65 type  2   force =     0.00000000    0.00000000    0.00000000
     atom   66 type  2   force =     0.00000000    0.00000000    0.00000000
     atom   67 type  2   force =     0.00000000    0.00000000    0.00000000
     atom   68 type  2   force =     0.00000000    0.00000000    0.00000000
     atom   69 type  2   force =     0.00000000    0.00000000    0.00000000
     atom   70 type  2   force =     0.00000000    0.00000000    0.00000000
     atom   71 type  2   force =     0.00000000    0.00000000    0.00000000
     atom   72 type  2   force =     0.00000000    0.00000000    0.00000000
     atom   73 type  3   force =     0.00000000    0.00000000    0.00000000
     atom   74 type  3   force =     0.00000000    0.00000000    0.00000000
     atom   75 type  3   force =     0.00000000    0.00000000    0.00000000
     atom   76 type  3   force =     0.00000000    0.00000000    0.00000000
     atom   77 type  3   force =     0.00000000    0.00000000    0.00000000
     atom   78 type  3   force =     0.00000000    0.00000000    0.00000000
     atom   79 type  3   force =     0.00000000    0.00000000    0.00000000
     atom   80 type  3   force =     0.00000000    0.00000000    0.00000000
     atom   81 type  3   force =     0.00000000    0.00000000    0.00000000
     atom   82 type  3   force =     0.00000000    0.00000000    0.00000000
     atom   83 type  3   force =     0.00000000    0.00000000    0.00000000
     atom   84 type  3   force =     0.00000000    0.00000000    0.00000000
     atom   85 type  3   force =     0.00000000    0.00000000    0.00000000
     atom   86 type  3   force =     0.00000000    0.00000000    0.00000000
     atom   87 type  3   force =     0.00000000    0.00000000    0.00000000
     atom   88 type  3   force =     0.00000000    0.00000000    0.00000000
     atom   89 type  3   force =     0.00000000    0.00000000    0.00000000
     atom   90 type  3   force =     0.00000000    0.00000000    0.00000000
     atom   91 type  3   force =     0.00000000    0.00000000    0.00000000
     atom   92 type  3   force =     0.00000000    0.00000000    0.00000000
     atom   93 type  3   force =     0.00000000    0.00000000    0.00000000
     atom   94 type  3   force =     0.00000000    0.00000000    0.00000000
     atom   95 type  3   force =     0.00000000    0.00000000    0.00000000
     atom   96 type  3   force =     0.00000000    0.00000000    0.00000000
     The SCF correction term to forces
     atom    1 type  1   force =    -0.00000846   -0.00000018   -0.00001403
     atom    2 type  1   force =     0.00000846    0.00000018   -0.00001403
     atom    3 type  1   force =     0.00000846   -0.00000018    0.00001400
     atom    4 type  1   force =     0.00000846   -0.00000018   -0.00001403
     atom    5 type  1   force =    -0.00000444   -0.00000880    0.00001399
     atom    6 type  1   force =     0.00000444   -0.00000880   -0.00001403
     atom    7 type  1   force =    -0.00000000    0.00000166   -0.00000003
     atom    8 type  1   force =     0.00000000   -0.00000166   -0.00000003
     atom    9 type  1   force =    -0.00000000   -0.00000000   -0.00000746
     atom   10 type  1   force =     0.00000444   -0.00000880    0.00001399
     atom   11 type  1   force =    -0.00000444   -0.00000880   -0.00001403
     atom   12 type  1   force =    -0.00000000   -0.00000000   -0.00000746
     atom   13 type  2   force =    -0.00000154   -0.00000082   -0.00000347
     atom   14 type  2   force =     0.00000154    0.00000082   -0.00000347
     atom   15 type  2   force =     0.00000154   -0.00000082    0.00000345
     atom   16 type  2   force =    -0.00000154    0.00000082    0.00000345
     atom   17 type  2   force =    -0.00000276    0.00000083    0.00000406
     atom   18 type  2   force =     0.00000072    0.00000161   -0.00000744
     atom   19 type  2   force =     0.00000276   -0.00000083    0.00000406
     atom   20 type  2   force =    -0.00000072   -0.00000161   -0.00000744
     atom   21 type  2   force =    -0.00000041   -0.00000093   -0.00000614
     atom   22 type  2   force =     0.00000041   -0.00000093    0.00000611
     atom   23 type  2   force =     0.00000235   -0.00000225    0.00000789
     atom   24 type  2   force =    -0.00000235   -0.00000225   -0.00000789
     atom   25 type  2   force =    -0.00000233   -0.00000228    0.00000561
     atom   26 type  2   force =     0.00000233    0.00000228    0.00000561
     atom   27 type  2   force =     0.00000233   -0.00000228   -0.00000561
     atom   28 type  2   force =    -0.00000233    0.00000228   -0.00000561
     atom   29 type  2   force =    -0.00000072    0.00000161   -0.00000744
     atom   30 type  2   force =     0.00000276    0.00000083    0.00000406
     atom   31 type  2   force =     0.00000072   -0.00000161   -0.00000744
     atom   32 type  2   force =    -0.00000276   -0.00000083    0.00000406
     atom   33 type  2   force =    -0.00000235   -0.00000225    0.00000789
     atom   34 type  2   force =     0.00000235   -0.00000225   -0.00000789
     atom   35 type  2   force =     0.00000041   -0.00000093   -0.00000614
     atom   36 type  2   force =    -0.00000041   -0.00000093    0.00000611
     atom   37 type  1   force =     0.00000846    0.00000018    0.00001400
     atom   38 type  1   force =    -0.00000846   -0.00000018    0.00001400
     atom   39 type  1   force =    -0.00000846    0.00000018   -0.00001403
     atom   40 type  1   force =    -0.00000846    0.00000018    0.00001400
     atom   41 type  1   force =    -0.00000444    0.00000880   -0.00001403
     atom   42 type  1   force =     0.00000444    0.00000880    0.00001399
     atom   43 type  1   force =     0.00000000    0.00000000    0.00000740
     atom   44 type  1   force =     0.00000444    0.00000880   -0.00001403
     atom   45 type  1   force =    -0.00000444    0.00000880    0.00001399
     atom   46 type  1   force =    -0.00000000   -0.00000166   -0.00000003
     atom   47 type  1   force =     0.00000000    0.00000166   -0.00000003
     atom   48 type  1   force =     0.00000000   -0.00000000    0.00000740
     atom   49 type  2   force =     0.00000233    0.00000228   -0.00000561
     atom   50 type  2   force =    -0.00000233   -0.00000228   -0.00000561
     atom   51 type  2   force =    -0.00000233    0.00000228    0.00000561
     atom   52 type  2   force =     0.00000233   -0.00000228    0.00000561
     atom   53 type  2   force =     0.00000072   -0.00000161    0.00000742
     atom   54 type  2   force =    -0.00000276   -0.00000083   -0.00000407
     atom   55 type  2   force =    -0.00000072    0.00000161    0.00000742
     atom   56 type  2   force =     0.00000276    0.00000083   -0.00000407
     atom   57 type  2   force =     0.00000235    0.00000225   -0.00000789
     atom   58 type  2   force =    -0.00000235    0.00000225    0.00000789
     atom   59 type  2   force =    -0.00000041    0.00000093    0.00000611
     atom   60 type  2   force =     0.00000041    0.00000093   -0.00000614
     atom   61 type  2   force =     0.00000154    0.00000082    0.00000345
     atom   62 type  2   force =    -0.00000154   -0.00000082    0.00000345
     atom   63 type  2   force =    -0.00000154    0.00000082   -0.00000347
     atom   64 type  2   force =     0.00000154   -0.00000082   -0.00000347
     atom   65 type  2   force =     0.00000276   -0.00000083   -0.00000407
     atom   66 type  2   force =    -0.00000072   -0.00000161    0.00000742
     atom   67 type  2   force =    -0.00000276    0.00000083   -0.00000407
     atom   68 type  2   force =     0.00000072    0.00000161    0.00000742
     atom   69 type  2   force =     0.00000041    0.00000093    0.00000611
     atom   70 type  2   force =    -0.00000041    0.00000093   -0.00000614
     atom   71 type  2   force =    -0.00000235    0.00000225   -0.00000789
     atom   72 type  2   force =     0.00000234    0.00000225    0.00000789
     atom   73 type  3   force =    -0.00000039    0.00000004    0.00000071
     atom   74 type  3   force =     0.00000039   -0.00000004    0.00000071
     atom   75 type  3   force =     0.00000048   -0.00000028    0.00000174
     atom   76 type  3   force =    -0.00000048   -0.00000028   -0.00000174
     atom   77 type  3   force =    -0.00000031   -0.00000024    0.00000124
     atom   78 type  3   force =     0.00000031    0.00000024    0.00000124
     atom   79 type  3   force =     0.00000031   -0.00000024   -0.00000124
     atom   80 type  3   force =    -0.00000031    0.00000024   -0.00000124
     atom   81 type  3   force =     0.00000039    0.00000004    0.00000071
     atom   82 type  3   force =    -0.00000039   -0.00000004    0.00000071
     atom   83 type  3   force =    -0.00000048   -0.00000028    0.00000174
     atom   84 type  3   force =     0.00000048   -0.00000028   -0.00000174
     atom   85 type  3   force =     0.00000031    0.00000024   -0.00000124
     atom   86 type  3   force =    -0.00000031   -0.00000024   -0.00000124
     atom   87 type  3   force =    -0.00000031    0.00000024    0.00000124
     atom   88 type  3   force =     0.00000031   -0.00000024    0.00000124
     atom   89 type  3   force =    -0.00000039   -0.00000004   -0.00000071
     atom   90 type  3   force =     0.00000039    0.00000004   -0.00000071
     atom   91 type  3   force =     0.00000048    0.00000028   -0.00000174
     atom   92 type  3   force =    -0.00000048    0.00000028    0.00000174
     atom   93 type  3   force =     0.00000039   -0.00000004   -0.00000071
     atom   94 type  3   force =    -0.00000039    0.00000004   -0.00000071
     atom   95 type  3   force =    -0.00000048    0.00000028   -0.00000174
     atom   96 type  3   force =     0.00000048    0.00000028    0.00000174

     Total force =     0.265813     Total SCF correction =     0.000082


     Computing stress (Cartesian axis) and pressure


     negative rho (up, down):  9.706E-04 0.000E+00
          total   stress  (Ry/bohr**3)                   (kbar)     P=       -4.35
   0.00003269   0.00000000   0.00000000            4.81        0.00        0.00
   0.00000000   0.00002667   0.00000000            0.00        3.92        0.00
   0.00000000   0.00000000  -0.00014800            0.00        0.00      -21.77

     kinetic stress (kbar)  10768.44      0.00      0.00
                                0.00  10766.99      0.00
                                0.00      0.00  10374.25

     local   stress (kbar)-332537.85     -0.00     -0.00
                               -0.00-333101.22     -0.00
                               -0.00     -0.00 328558.10

     nonloc. stress (kbar)   -745.88      0.00      0.00
                                0.00   -745.44      0.00
                                0.00      0.00   -761.25

     hartree stress (kbar) 167526.97     -0.00      0.00
                               -0.00 167766.85      0.00
                                0.00      0.00-160816.12

     exc-cor stress (kbar)   3467.22      0.00      0.00
                                0.00   3467.41     -0.00
                                0.00     -0.00   3471.95

     corecor stress (kbar)  -6028.57     -0.00     -0.00
                               -0.00  -6028.55     -0.00
                               -0.00     -0.00  -6027.07

     ewald   stress (kbar) 157554.48      0.00      0.00
                                0.00 157877.89     -0.00
                                0.00     -0.00-174821.63

     hubbard stress (kbar)      0.00      0.00      0.00
                                0.00      0.00      0.00
                                0.00      0.00      0.00

     DFT-D   stress (kbar)      0.00      0.00      0.00
                                0.00      0.00      0.00
                                0.00      0.00      0.00

     XDM     stress (kbar)      0.00      0.00      0.00
                                0.00      0.00      0.00
                                0.00      0.00      0.00

     dft-nl  stress (kbar)      0.00      0.00      0.00
                                0.00      0.00      0.00
                                0.00      0.00      0.00

     TS-vdW  stress (kbar)      0.00      0.00      0.00
                                0.00      0.00      0.00
                                0.00      0.00      0.00

     MDB     stress (kbar)      0.00      0.00      0.00
                                0.00      0.00      0.00
                                0.00      0.00      0.00

     3D-RISM stress (kbar)      0.00      0.00      0.00
                                0.00      0.00      0.00
                                0.00      0.00      0.00


     Writing all to output data dir ./tmp/slab.save/ :
     XML data file, charge density, pseudopotentials, collected wavefunctions

     init_run     :     32.63s CPU     33.67s WALL (       1 calls)
     electrons    :   4314.25s CPU   4426.73s WALL (       1 calls)
     forces       :     33.15s CPU     33.76s WALL (       1 calls)
     stress       :     64.55s CPU     65.45s WALL (       1 calls)

     Called by init_run:
     wfcinit      :     21.90s CPU     22.55s WALL (       1 calls)
     wfcinit:atom :      0.06s CPU      0.09s WALL (       1 calls)
     wfcinit:wfcr :     20.96s CPU     21.51s WALL (       1 calls)
     potinit      :      3.08s CPU      3.20s WALL (       1 calls)
     hinit0       :      1.37s CPU      1.41s WALL (       1 calls)

     Called by electrons:
     c_bands      :   3614.70s CPU   3687.61s WALL (      46 calls)
     sum_band     :    392.86s CPU    410.14s WALL (      46 calls)
     v_of_rho     :     50.43s CPU     54.29s WALL (      47 calls)
     v_h          :      2.61s CPU      3.16s WALL (      47 calls)
     v_xc         :     49.89s CPU     53.35s WALL (      49 calls)
     newd         :     66.76s CPU     73.10s WALL (      47 calls)
     PAW_pot      :     67.34s CPU     67.97s WALL (      47 calls)
     mix_rho      :    120.47s CPU    131.68s WALL (      46 calls)

     Called by c_bands:
     init_us_2    :     15.87s CPU     16.16s WALL (      94 calls)
     cegterg      :   3308.44s CPU   3378.90s WALL (      46 calls)

     Called by sum_band:
     sum_band:wei :      0.07s CPU      0.07s WALL (      46 calls)
     sum_band:loo :    290.67s CPU    299.33s WALL (      46 calls)
     sum_band:buf :      0.00s CPU      0.00s WALL (      46 calls)
     sum_band:ini :      7.85s CPU      7.98s WALL (      46 calls)
     sum_band:cal :    137.74s CPU    139.13s WALL (      46 calls)
     sum_band:bec :      0.07s CPU      0.07s WALL (      46 calls)
     addusdens    :     59.49s CPU     66.70s WALL (      46 calls)
                                        0.00s GPU  (      46 calls)
     addusd:skk   :      3.72s CPU      5.55s WALL (     138 calls)
                                        0.00s GPU  (     138 calls)

     Called by *egterg:
     cdiaghg      :     37.37s CPU     39.11s WALL (     328 calls)
     cegterg:over :    436.16s CPU    439.97s WALL (     282 calls)
     cegterg:upda :    231.27s CPU    235.75s WALL (     282 calls)
     cegterg:last :    564.40s CPU    569.55s WALL (     119 calls)
     cdiaghg:chol :      2.60s CPU      2.64s WALL (     328 calls)
     cdiaghg:inve :      0.71s CPU      0.72s WALL (     328 calls)
     cdiaghg:para :     10.55s CPU     11.44s WALL (     656 calls)
     h_psi        :   1554.72s CPU   1602.45s WALL (     329 calls)
     s_psi        :    348.92s CPU    352.40s WALL (     329 calls)
     g_psi        :      8.33s CPU      8.43s WALL (     282 calls)

     Called by h_psi:
     h_psi:calbec :    410.50s CPU    414.55s WALL (     329 calls)
     vloc_psi     :    786.99s CPU    825.09s WALL (     329 calls)
                                        0.00s GPU  (     329 calls)
     add_vuspsi   :    354.78s CPU    358.31s WALL (     329 calls)

     General routines
     calbec       :    601.54s CPU    607.46s WALL (     392 calls)
     fft          :     39.34s CPU     42.29s WALL (     634 calls)
     ffts         :     63.90s CPU     73.42s WALL (    5392 calls)
     fftw         :    850.21s CPU    894.15s WALL (  101060 calls)
     interpolate  :      3.82s CPU      4.11s WALL (      47 calls)

     Parallel routines

     PAW routines
     PAW_pot      :     67.34s CPU     67.97s WALL (      47 calls)
     PAW_symme    :      0.16s CPU      0.18s WALL (      93 calls)

     PWSCF        :      1h14m CPU      1h16m WALL


   This run was terminated on:  12: 3: 9  27Sep2026            

=------------------------------------------------------------------------------=
   JOB DONE.
=------------------------------------------------------------------------------=
Note: The following floating-point exceptions are signalling: IEEE_UNDERFLOW_FLAG IEEE_DENORMAL
Note: The following floating-point exceptions are signalling: IEEE_UNDERFLOW_FLAG IEEE_DENORMAL
Note: The following floating-point exceptions are signalling: IEEE_UNDERFLOW_FLAG IEEE_DENORMAL
Note: The following floating-point exceptions are signalling: IEEE_DENORMAL
Note: The following floating-point exceptions are signalling: IEEE_UNDERFLOW_FLAG IEEE_DENORMAL
Note: The following floating-point exceptions are signalling: IEEE_UNDERFLOW_FLAG IEEE_DENORMAL
Note: The following floating-point exceptions are signalling: IEEE_UNDERFLOW_FLAG IEEE_DENORMAL
Note: The following floating-point exceptions are signalling: IEEE_UNDERFLOW_FLAG IEEE_DENORMAL
Note: The following floating-point exceptions are signalling: IEEE_UNDERFLOW_FLAG IEEE_DENORMAL
Note: The following floating-point exceptions are signalling: IEEE_UNDERFLOW_FLAG IEEE_DENORMAL
Note: The following floating-point exceptions are signalling: IEEE_UNDERFLOW_FLAG IEEE_DENORMAL
Note: The following floating-point exceptions are signalling: IEEE_UNDERFLOW_FLAG IEEE_DENORMAL
Note: The following floating-point exceptions are signalling: IEEE_DENORMAL
Note: The following floating-point exceptions are signalling: IEEE_DENORMAL
