    0.000000000    0.321176883    0.321176951
    0.015668689    0.321176889    0.321176951
    0.031337377    0.321176905    0.321176951
    0.047006066    0.321176929    0.321176952
    0.062674755    0.321176958    0.321176952
    0.078343443    0.321176988    0.321176952
    0.094012132    0.321177016    0.321176953
    0.109680821    0.321177037    0.321176953
    0.125349509    0.321177049    0.321176953
    0.141018198    0.321177050    0.321176953
    0.156686887    0.321177040    0.321176953
    0.172355575    0.321177020    0.321176952
    0.188024264    0.321176993    0.321176952
    0.203692953    0.321176962    0.321176952
    0.219361642    0.321176932    0.321176951
    0.235030330    0.321176907    0.321176951
    0.250699019    0.321176889    0.321176950
    0.266367708    0.321176881    0.321176950
    0.282036396    0.321176885    0.321176950
    0.297705085    0.321176899    0.321176950
    0.313373774    0.321176922    0.321176950
    0.329042462    0.321176951    0.321176950
    0.344711151    0.321176982    0.321176951
    0.360379840    0.321177011    0.321176951
    0.376048528    0.321177034    0.321176951
    0.391717217    0.321177048    0.321176951
    0.407385906    0.321177050    0.321176951
    0.423054594    0.321177042    0.321176951
    0.438723283    0.321177023    0.321176951
    0.454391972    0.321176996    0.321176950
    0.470060660    0.321176965    0.321176949
    0.485729349    0.321176934    0.321176949
    0.501398038    0.321176907    0.321176948
    0.517066726    0.321176887    0.321176948
    0.532735415    0.321176877    0.321176947
    0.548404104    0.321176879    0.321176947
    0.564072793    0.321176892    0.321176947
    0.579741481    0.321176915    0.321176947
    0.595410170    0.321176944    0.321176948
    0.611078859    0.321176976    0.321176948
    0.626747547    0.321177006    0.321176948
    0.642416236    0.321177031    0.321176948
    0.658084925    0.321177046    0.321176948
    0.673753613    0.321177051    0.321176948
    0.689422302    0.321177044    0.321176948
    0.705090991    0.321177026    0.321176948
    0.720759679    0.321176999    0.321176947
    0.736428368    0.321176967    0.321176946
    0.752097057    0.321176934    0.321176946
    0.767765745    0.321176905    0.321176945
    0.783434434    0.321176882    0.321176944
    0.799103123    0.321176871    0.321176944
    0.814771811    0.321176871    0.321176944
    0.830440500    0.321176883    0.321176943
    0.846109189    0.321176905    0.321176943
    0.861777877    0.321176935    0.321176944
    0.877446566    0.321176968    0.321176944
    0.893115255    0.321177001    0.321176944
    0.908783944    0.321177028    0.321176944
    0.924452632    0.321177045    0.321176944
    0.940121321    0.321177052    0.321176944
    0.955790010    0.321177046    0.321176944
    0.971458698    0.321177028    0.321176943
    0.987127387    0.321177000    0.321176943
    1.002796076    0.321176967    0.321176942
    1.018464764    0.321176932    0.321176941
    1.034133453    0.321176900    0.321176940
    1.049802142    0.321176876    0.321176939
    1.065470830    0.321176862    0.321176939
    1.081139519    0.321176861    0.321176938
    1.096808208    0.321176872    0.321176938
    1.112476896    0.321176895    0.321176938
    1.128145585    0.321176926    0.321176938
    1.143814274    0.321176961    0.321176939
    1.159482962    0.321176995    0.321176939
    1.175151651    0.321177025    0.321176939
    1.190820340    0.321177045    0.321176939
    1.206489028    0.321177052    0.321176939
    1.222157717    0.321177047    0.321176938
    1.237826406    0.321177029    0.321176938
    1.253495095    0.321177000    0.321176937
    1.269163783    0.321176965    0.321176936
    1.284832472    0.321176928    0.321176935
    1.300501161    0.321176894    0.321176934
    1.316169849    0.321176867    0.321176933
    1.331838538    0.321176851    0.321176933
    1.347507227    0.321176849    0.321176932
    1.363175915    0.321176860    0.321176932
    1.378844604    0.321176883    0.321176932
    1.394513293    0.321176916    0.321176932
    1.410181981    0.321176953    0.321176932
    1.425850670    0.321176990    0.321176932
    1.441519359    0.321177022    0.321176932
    1.457188047    0.321177044    0.321176932
    1.472856736    0.321177053    0.321176932
    1.488525425    0.321177048    0.321176932
    1.504194113    0.321177029    0.321176931
    1.519862802    0.321176999    0.321176930
    1.535531491    0.321176962    0.321176929
    1.551200179    0.321176922    0.321176928
    1.566868868    0.321176885    0.321176927
    1.582537557    0.321176855    0.321176926
    1.598206246    0.321176838    0.321176925
    1.613874934    0.321176835    0.321176924
    1.629543623    0.321176846    0.321176924
    1.645212312    0.321176871    0.321176924
    1.660881000    0.321176905    0.321176924
    1.676549689    0.321176945    0.321176924
    1.692218378    0.321176985    0.321176924
    1.707887066    0.321177020    0.321176924
    1.723555755    0.321177043    0.321176924
    1.739224444    0.321177054    0.321176924
    1.754893132    0.321177049    0.321176923
    1.770561821    0.321177029    0.321176922
    1.786230510    0.321176996    0.321176921
    1.801899198    0.321176956    0.321176920
    1.817567887    0.321176913    0.321176919
    1.833236576    0.321176873    0.321176918
    1.848905264    0.321176841    0.321176917
    1.864573953    0.321176822    0.321176916
    1.880242642    0.321176819    0.321176915
    1.895911330    0.321176831    0.321176914
    1.911580019    0.321176857    0.321176914
    1.927248708    0.321176895    0.321176914
    1.942917397    0.321176938    0.321176914
    1.958586085    0.321176980    0.321176914
    1.974254774    0.321177017    0.321176914
    1.989923463    0.321177043    0.321176914
    2.005592151    0.321177054    0.321176914
    2.021260840    0.321177048    0.321176913
    2.036929529    0.321177027    0.321176912
    2.052598217    0.321176992    0.321176911
    2.068266906    0.321176948    0.321176910
    2.083935595    0.321176902    0.321176908
    2.099604283    0.321176859    0.321176907
    2.115272972    0.321176825    0.321176906
    2.130941661    0.321176804    0.321176904
    2.146610349    0.321176801    0.321176904
    2.162279038    0.321176814    0.321176903
    2.177947727    0.321176843    0.321176903
    2.193616415    0.321176883    0.321176902
    2.209285104    0.321176930    0.321176902
    2.224953793    0.321176976    0.321176903
    2.240622481    0.321177015    0.321176903
    2.256291170    0.321177043    0.321176902
    2.271959859    0.321177054    0.321176902
    2.287628548    0.321177047    0.321176901
    2.303297236    0.321177023    0.321176900
    2.318965925    0.321176985    0.321176899
    2.334634614    0.321176938    0.321176897
    2.350303302    0.321176888    0.321176895
    2.365971991    0.321176842    0.321176894
    2.381640680    0.321176806    0.321176892
    2.397309368    0.321176784    0.321176891
    2.412978057    0.321176781    0.321176890
    2.428646746    0.321176796    0.321176889
    2.444315434    0.321176828    0.321176889
    2.459984123    0.321176871    0.321176889
    2.475652812    0.321176922    0.321176888
    2.491321500    0.321176971    0.321176888
    2.506990189    0.321177013    0.321176888
    2.522658878    0.321177042    0.321176888
    2.538327566    0.321177053    0.321176887
    2.553996255    0.321177045    0.321176886
    2.569664944    0.321177018    0.321176885
    2.585333632    0.321176977    0.321176884
    2.601002321    0.321176926    0.321176882
    2.616671010    0.321176872    0.321176880
    2.632339699    0.321176822    0.321176878
    2.648008387    0.321176784    0.321176876
    2.663677076    0.321176762    0.321176875
    2.679345765    0.321176759    0.321176874
    2.695014453    0.321176777    0.321176873
    2.710683142    0.321176811    0.321176872
    2.726351831    0.321176859    0.321176872
    2.742020519    0.321176913    0.321176872
    2.757689208    0.321176966    0.321176872
    2.773357897    0.321177011    0.321176871
    2.789026585    0.321177041    0.321176871
    2.804695274    0.321177051    0.321176870
    2.820363963    0.321177041    0.321176869
    2.836032651    0.321177011    0.321176867
    2.851701340    0.321176966    0.321176865
    2.867370029    0.321176910    0.321176863
    2.883038717    0.321176852    0.321176861
    2.898707406    0.321176799    0.321176859
    2.914376095    0.321176759    0.321176857
    2.930044783    0.321176737    0.321176855
    2.945713472    0.321176735    0.321176854
    2.961382161    0.321176756    0.321176853
    2.977050850    0.321176794    0.321176852
    2.992719538    0.321176847    0.321176851
    3.008388227    0.321176905    0.321176851
    3.024056916    0.321176961    0.321176851
    3.039725604    0.321177008    0.321176850
    3.055394293    0.321177039    0.321176850
    3.071062982    0.321177048    0.321176849
    3.086731670    0.321177035    0.321176847
    3.102400359    0.321177002    0.321176845
    3.118069048    0.321176951    0.321176843
    3.133737736    0.321176891    0.321176841
    3.149406425    0.321176829    0.321176838
    3.165075114    0.321176773    0.321176835
    3.180743802    0.321176731    0.321176833
    3.196412491    0.321176709    0.321176831
    3.212081180    0.321176710    0.321176829
    3.227749868    0.321176733    0.321176828
    3.243418557    0.321176776    0.321176827
    3.259087246    0.321176833    0.321176826
    3.274755934    0.321176896    0.321176826
    3.290424623    0.321176956    0.321176825
    3.306093312    0.321177005    0.321176825
    3.321762001    0.321177036    0.321176823
    3.337430689    0.321177044    0.321176822
    3.353099378    0.321177028    0.321176820
    3.368768067    0.321176989    0.321176818
    3.384436755    0.321176934    0.321176815
    3.400105444    0.321176868    0.321176812
    3.415774133    0.321176802    0.321176809
    3.431442821    0.321176743    0.321176806
    3.447111510    0.321176700    0.321176803
    3.462780199    0.321176678    0.321176801
    3.478448887    0.321176682    0.321176799
    3.494117576    0.321176709    0.321176797
    3.509786265    0.321176757    0.321176796
    3.525454953    0.321176819    0.321176795
    3.541123642    0.321176887    0.321176794
    3.556792331    0.321176950    0.321176793
    3.572461019    0.321177001    0.321176792
    3.588129708    0.321177031    0.321176791
    3.603798397    0.321177037    0.321176789
    3.619467085    0.321177017    0.321176786
    3.635135774    0.321176974    0.321176783
    3.650804463    0.321176912    0.321176780
    3.666473152    0.321176841    0.321176776
    3.682141840    0.321176770    0.321176773
    3.697810529    0.321176709    0.321176769
    3.713479218    0.321176664    0.321176766
    3.729147906    0.321176644    0.321176763
    3.744816595    0.321176651    0.321176760
    3.760485284    0.321176683    0.321176758
    3.776153972    0.321176736    0.321176756
    3.791822661    0.321176804    0.321176755
    3.807491350    0.321176876    0.321176754
    3.823160038    0.321176943    0.321176752
    3.838828727    0.321176995    0.321176750
    3.854497416    0.321177024    0.321176748
    3.870166104    0.321177027    0.321176746
    3.885834793    0.321177003    0.321176743
    3.901503482    0.321176954    0.321176739
    3.917172170    0.321176886    0.321176735
    3.932840859    0.321176810    0.321176730
    3.948509548    0.321176734    0.321176726
    3.964178236    0.321176669    0.321176721
    3.979846925    0.321176625    0.321176717
    3.995515614    0.321176606    0.321176714
    4.011184303    0.321176616    0.321176710
    4.026852991    0.321176654    0.321176708
    4.042521680    0.321176713    0.321176705
    4.058190369    0.321176786    0.321176703
    4.073859057    0.321176863    0.321176701
    4.089527746    0.321176933    0.321176699
    4.105196435    0.321176986    0.321176696
    4.120865123    0.321177014    0.321176693
    4.136533812    0.321177014    0.321176690
    4.152202501    0.321176984    0.321176685
    4.167871189    0.321176928    0.321176681
    4.183539878    0.321176854    0.321176675
    4.199208567    0.321176771    0.321176670
    4.214877255    0.321176691    0.321176664
    4.230545944    0.321176624    0.321176659
    4.246214633    0.321176580    0.321176654
    4.261883321    0.321176563    0.321176649
    4.277552010    0.321176578    0.321176645
    4.293220699    0.321176621    0.321176641
    4.308889387    0.321176687    0.321176637
    4.324558076    0.321176766    0.321176634
    4.340226765    0.321176847    0.321176631
    4.355895454    0.321176920    0.321176628
    4.371564142    0.321176973    0.321176624
    4.387232831    0.321176999    0.321176620
    4.402901520    0.321176994    0.321176615
    4.418570208    0.321176958    0.321176609
    4.434238897    0.321176895    0.321176603
    4.449907586    0.321176814    0.321176596
    4.465576274    0.321176725    0.321176589
    4.481244963    0.321176640    0.321176582
    4.496913652    0.321176571    0.321176575
    4.512582340    0.321176527    0.321176568
    4.528251029    0.321176513    0.321176562
    4.543919718    0.321176533    0.321176557
    4.559588406    0.321176582    0.321176551
    4.575257095    0.321176655    0.321176546
    4.590925784    0.321176740    0.321176542
    4.606594472    0.321176826    0.321176537
    4.622263161    0.321176901    0.321176532
    4.637931850    0.321176954    0.321176527
    4.653600538    0.321176978    0.321176520
    4.669269227    0.321176967    0.321176514
    4.684937916    0.321176924    0.321176506
    4.700606605    0.321176853    0.321176498
    4.716275293    0.321176764    0.321176489
    4.731943982    0.321176669    0.321176480
    4.747612671    0.321176579    0.321176470
    4.763281359    0.321176508    0.321176461
    4.778950048    0.321176465    0.321176452
    4.794618737    0.321176455    0.321176444
    4.810287425    0.321176480    0.321176436
    4.825956114    0.321176536    0.321176429
    4.841624803    0.321176616    0.321176422
    4.857293491    0.321176708    0.321176415
    4.872962180    0.321176798    0.321176408
    4.888630869    0.321176875    0.321176401
    4.904299557    0.321176927    0.321176393
    4.919968246    0.321176947    0.321176384
    4.935636935    0.321176930    0.321176374
    4.951305623    0.321176879    0.321176364
    4.966974312    0.321176799    0.321176353
    4.982643001    0.321176702    0.321176341
    4.998311689    0.321176600    0.321176329
    5.013980378    0.321176506    0.321176316
    5.029649067    0.321176433    0.321176304
    5.045317756    0.321176391    0.321176292
    5.060986444    0.321176386    0.321176281
    5.076655133    0.321176417    0.321176270
    5.092323822    0.321176480    0.321176259
    5.107992510    0.321176567    0.321176249
    5.123661199    0.321176665    0.321176239
    5.139329888    0.321176760    0.321176228
    5.154998576    0.321176838    0.321176217
    5.170667265    0.321176888    0.321176206
    5.186335954    0.321176902    0.321176193
    5.202004642    0.321176878    0.321176180
    5.217673331    0.321176818    0.321176165
    5.233342020    0.321176729    0.321176150
    5.249010708    0.321176623    0.321176134
    5.264679397    0.321176514    0.321176117
    5.280348086    0.321176415    0.321176100
    5.296016774    0.321176341    0.321176084
    5.311685463    0.321176301    0.321176067
    5.327354152    0.321176300    0.321176051
    5.343022840    0.321176338    0.321176036
    5.358691529    0.321176409    0.321176021
    5.374360218    0.321176504    0.321176006
    5.390028907    0.321176608    0.321175991
    5.405697595    0.321176706    0.321175975
    5.421366284    0.321176785    0.321175959
    5.437034973    0.321176832    0.321175942
    5.452703661    0.321176840    0.321175924
    5.468372350    0.321176807    0.321175905
    5.484041039    0.321176737    0.321175884
    5.499709727    0.321176637    0.321175863
    5.515378416    0.321176522    0.321175840
    5.531047105    0.321176405    0.321175817
    5.546715793    0.321176302    0.321175794
    5.562384482    0.321176227    0.321175771
    5.578053171    0.321176189    0.321175748
    5.593721859    0.321176193    0.321175726
    5.609390548    0.321176238    0.321175703
    5.625059237    0.321176318    0.321175681
    5.640727925    0.321176419    0.321175659
    5.656396614    0.321176529    0.321175637
    5.672065303    0.321176630    0.321175614
    5.687733991    0.321176708    0.321175590
    5.703402680    0.321176751    0.321175565
    5.719071369    0.321176751    0.321175539
    5.734740058    0.321176709    0.321175511
    5.750408746    0.321176626    0.321175482
    5.766077435    0.321176515    0.321175452
    5.781746124    0.321176389    0.321175420
    5.797414812    0.321176264    0.321175388
    5.813083501    0.321176157    0.321175356
    5.828752190    0.321176081    0.321175323
    5.844420878    0.321176046    0.321175290
    5.860089567    0.321176055    0.321175258
    5.875758256    0.321176108    0.321175226
    5.891426944    0.321176195    0.321175194
    5.907095633    0.321176304    0.321175161
    5.922764322    0.321176418    0.321175128
    5.938433010    0.321176521    0.321175094
    5.954101699    0.321176597    0.321175059
    5.969770388    0.321176634    0.321175022
    5.985439076    0.321176626    0.321174984
    6.001107765    0.321176571    0.321174944
    6.016776454    0.321176476    0.321174902
    6.032445142    0.321176352    0.321174858
    6.048113831    0.321176214    0.321174814
    6.063782520    0.321176081    0.321174768
    6.079451209    0.321175968    0.321174722
    6.095119897    0.321175891    0.321174675
    6.110788586    0.321175858    0.321174628
    6.126457275    0.321175873    0.321174581
    6.142125963    0.321175933    0.321174534
    6.157794652    0.321176028    0.321174486
    6.173463341    0.321176143    0.321174438
    6.189132029    0.321176262    0.321174389
    6.204800718    0.321176365    0.321174339
    6.220469407    0.321176437    0.321174287
    6.236138095    0.321176466    0.321174233
    6.251806784    0.321176446    0.321174176
    6.267475473    0.321176377    0.321174118
    6.283144161    0.321176267    0.321174057
    6.298812850    0.321176128    0.321173994
    6.314481539    0.321175977    0.321173929
    6.330150227    0.321175834    0.321173863
    6.345818916    0.321175716    0.321173796
    6.361487605    0.321175637    0.321173728
    6.377156293    0.321175607    0.321173660
    6.392824982    0.321175627    0.321173591
    6.408493671    0.321175694    0.321173521
    6.424162360    0.321175796    0.321173451
    6.439831048    0.321175916    0.321173379
    6.455499737    0.321176037    0.321173306
    6.471168426    0.321176139    0.321173231
    6.486837114    0.321176205    0.321173153
    6.502505803    0.321176223    0.321173073
    6.518174492    0.321176189    0.321172990
    6.533843180    0.321176103    0.321172903
    6.549511869    0.321175974    0.321172814
    6.565180558    0.321175818    0.321172722
    6.580849246    0.321175653    0.321172628
    6.596517935    0.321175498    0.321172532
    6.612186624    0.321175373    0.321172434
    6.627855312    0.321175292    0.321172334
    6.643524001    0.321175263    0.321172234
    6.659192690    0.321175288    0.321172132
    6.674861378    0.321175361    0.321172029
    6.690530067    0.321175468    0.321171924
    6.706198756    0.321175592    0.321171817
    6.721867444    0.321175713    0.321171708
    6.737536133    0.321175810    0.321171595
    6.753204822    0.321175867    0.321171479
    6.768873510    0.321175871    0.321171360
    6.784542199    0.321175819    0.321171236
    6.800210888    0.321175712    0.321171109
    6.815879577    0.321175563    0.321170978
    6.831548265    0.321175386    0.321170842
    6.847216954    0.321175203    0.321170704
    6.862885643    0.321175035    0.321170562
    6.878554331    0.321174901    0.321170418
    6.894223020    0.321174816    0.321170272
    6.909891709    0.321174787    0.321170123
    6.925560397    0.321174814    0.321169971
    6.941229086    0.321174891    0.321169818
    6.956897775    0.321175001    0.321169661
    6.972566463    0.321175126    0.321169501
    6.988235152    0.321175243    0.321169337
    7.003903841    0.321175332    0.321169169
    7.019572529    0.321175375    0.321168996
    7.035241218    0.321175360    0.321168817
    7.050909907    0.321175284    0.321168633
    7.066578595    0.321175153    0.321168444
    7.082247284    0.321174977    0.321168249
    7.097915973    0.321174776    0.321168049
    7.113584661    0.321174571    0.321167844
    7.129253350    0.321174386    0.321167634
    7.144922039    0.321174239    0.321167420
    7.160590728    0.321174146    0.321167202
    7.176259416    0.321174114    0.321166980
    7.191928105    0.321174141    0.321166754
    7.207596794    0.321174218    0.321166524
    7.223265482    0.321174328    0.321166289
    7.238934171    0.321174449    0.321166049
    7.254602860    0.321174558    0.321165803
    7.270271548    0.321174632    0.321165550
    7.285940237    0.321174655    0.321165291
    7.301608926    0.321174614    0.321165023
    7.317277614    0.321174509    0.321164748
    7.332946303    0.321174345    0.321164465
    7.348614992    0.321174137    0.321164174
    7.364283680    0.321173905    0.321163876
    7.379952369    0.321173673    0.321163570
    7.395621058    0.321173465    0.321163257
    7.411289746    0.321173301    0.321162938
    7.426958435    0.321173196    0.321162612
    7.442627124    0.321173155    0.321162280
    7.458295812    0.321173177    0.321161941
    7.473964501    0.321173249    0.321161595
    7.489633190    0.321173351    0.321161241
    7.505301879    0.321173462    0.321160879
    7.520970567    0.321173554    0.321160508
    7.536639256    0.321173606    0.321160128
    7.552307945    0.321173600    0.321159736
    7.567976633    0.321173525    0.321159334
    7.583645322    0.321173380    0.321158920
    7.599314011    0.321173174    0.321158495
    7.614982699    0.321172924    0.321158059
    7.630651388    0.321172652    0.321157611
    7.646320077    0.321172384    0.321157153
    7.661988765    0.321172145    0.321156684
    7.677657454    0.321171956    0.321156204
    7.693326143    0.321171831    0.321155714
    7.708994831    0.321171774    0.321155214
    7.724663520    0.321171781    0.321154703
    7.740332209    0.321171839    0.321154180
    7.756000897    0.321171925    0.321153645
    7.771669586    0.321172014    0.321153098
    7.787338275    0.321172079    0.321152536
    7.803006963    0.321172096    0.321151960
    7.818675652    0.321172048    0.321151368
    7.834344341    0.321171925    0.321150760
    7.850013030    0.321171727    0.321150135
    7.865681718    0.321171466    0.321149494
    7.881350407    0.321171160    0.321148835
    7.897019096    0.321170834    0.321148160
    7.912687784    0.321170517    0.321147469
    7.928356473    0.321170234    0.321146761
    7.944025162    0.321170007    0.321146036
    7.959693850    0.321169848    0.321145295
    7.975362539    0.321169763    0.321144538
    7.991031228    0.321169743    0.321143763
    8.006699916    0.321169772    0.321142970
    8.022368605    0.321169827    0.321142158
    8.038037294    0.321169879    0.321141326
    8.053705982    0.321169899    0.321140473
    8.069374671    0.321169864    0.321139598
    8.085043360    0.321169755    0.321138699
    8.100712048    0.321169564    0.321137776
    8.116380737    0.321169294    0.321136828
    8.132049426    0.321168957    0.321135855
    8.147718114    0.321168576    0.321134857
    8.163386803    0.321168178    0.321133833
    8.179055492    0.321167792    0.321132784
    8.194724181    0.321167446    0.321131710
    8.210392869    0.321167161    0.321130610
    8.226061558    0.321166951    0.321129484
    8.241730247    0.321166817    0.321128332
    8.257398935    0.321166749    0.321127152
    8.273067624    0.321166729    0.321125944
    8.288736313    0.321166730    0.321124706
    8.304405001    0.321166721    0.321123438
    8.320073690    0.321166672    0.321122136
    8.335742379    0.321166557    0.321120801
    8.351411067    0.321166360    0.321119430
    8.367079756    0.321166073    0.321118022
    8.382748445    0.321165701    0.321116577
    8.398417133    0.321165259    0.321115094
    8.414085822    0.321164773    0.321113573
    8.429754511    0.321164271    0.321112012
    8.445423199    0.321163787    0.321110413
    8.461091888    0.321163348    0.321108774
    8.476760577    0.321162976    0.321107095
    8.492429265    0.321162683    0.321105375
    8.508097954    0.321162469    0.321103614
    8.523766643    0.321162321    0.321101810
    8.539435332    0.321162218    0.321099961
    8.555104020    0.321162129    0.321098066
    8.570772709    0.321162021    0.321096123
    8.586441398    0.321161862    0.321094129
    8.602110086    0.321161627    0.321092083
    8.617778775    0.321161298    0.321089983
    8.633447464    0.321160869    0.321087826
    8.649116152    0.321160347    0.321085613
    8.664784841    0.321159752    0.321083342
    8.680453530    0.321159111    0.321081011
    8.696122218    0.321158457    0.321078621
    8.711790907    0.321157824    0.321076170
    8.727459596    0.321157241    0.321073657
    8.743128284    0.321156732    0.321071082
    8.758796973    0.321156305    0.321068444
    8.774465662    0.321155959    0.321065739
    8.790134350    0.321155678    0.321062968
    8.805803039    0.321155437    0.321060126
    8.821471728    0.321155203    0.321057212
    8.837140416    0.321154941    0.321054222
    8.852809105    0.321154615    0.321051155
    8.868477794    0.321154200    0.321048006
    8.884146483    0.321153679    0.321044775
    8.899815171    0.321153047    0.321041457
    8.915483860    0.321152316    0.321038052
    8.931152549    0.321151505    0.321034557
    8.946821237    0.321150648    0.321030970
    8.962489926    0.321149778    0.321027291
    8.978158615    0.321148933    0.321023517
    8.993827303    0.321148143    0.321019647
    9.009495992    0.321147430    0.321015679
    9.025164681    0.321146801    0.321011610
    9.040833369    0.321146254    0.321007438
    9.056502058    0.321145768    0.321003160
    9.072170747    0.321145314    0.320998773
    9.087839435    0.321144857    0.320994271
    9.103508124    0.321144356    0.320989653
    9.119176813    0.321143777    0.320984912
    9.134845501    0.321143093    0.320980046
    9.150514190    0.321142286    0.320975050
    9.166182879    0.321141356    0.320969922
    9.181851567    0.321140315    0.320964657
    9.197520256    0.321139189    0.320959253
    9.213188945    0.321138011    0.320953706
    9.228857634    0.321136822    0.320948014
    9.244526322    0.321135658    0.320942174
    9.260195011    0.321134552    0.320936184
    9.275863700    0.321133525    0.320930039
    9.291532388    0.321132583    0.320923735
    9.307201077    0.321131719    0.320917269
    9.322869766    0.321130909    0.320910635
    9.338538454    0.321130120    0.320903829
    9.354207143    0.321129313    0.320896844
    9.369875832    0.321128444    0.320889675
    9.385544520    0.321127477    0.320882315
    9.401213209    0.321126383    0.320874758
    9.416881898    0.321125148    0.320867000
    9.432550586    0.321123772    0.320859034
    9.448219275    0.321122271    0.320850855
    9.463887964    0.321120674    0.320842457
    9.479556652    0.321119020    0.320833837
    9.495225341    0.321117351    0.320824989
    9.510894030    0.321115707    0.320815909
    9.526562718    0.321114120    0.320806590
    9.542231407    0.321112611    0.320797027
    9.557900096    0.321111184    0.320787214
    9.573568785    0.321109826    0.320777143
    9.589237473    0.321108512    0.320766808
    9.604906162    0.321107202    0.320756200
    9.620574851    0.321105852    0.320745310
    9.636243539    0.321104417    0.320734129
    9.651912228    0.321102857    0.320722648
    9.667580917    0.321101143    0.320710858
    9.683249605    0.321099261    0.320698751
    9.698918294    0.321097216    0.320686317
    9.714586983    0.321095026    0.320673547
    9.730255671    0.321092725    0.320660434
    9.745924360    0.321090355    0.320646970
    9.761593049    0.321087963    0.320633145
    9.777261737    0.321085589    0.320618953
    9.792930426    0.321083267    0.320604382
    9.808599115    0.321081016    0.320589425
    9.824267803    0.321078836    0.320574070
    9.839936492    0.321076712    0.320558306
    9.855605181    0.321074611    0.320542122
    9.871273869    0.321072490    0.320525504
    9.886942558    0.321070299    0.320508438
    9.902611247    0.321067989    0.320490912
    9.918279936    0.321065517    0.320472911
    9.933948624    0.321062855    0.320454420
    9.949617313    0.321059989    0.320435425
    9.965286002    0.321056928    0.320415914
    9.980954690    0.321053693    0.320395871
    9.996623379    0.321050323    0.320375284
   10.012292068    0.321046864    0.320354139
   10.027960756    0.321043367    0.320332421
   10.043629445    0.321039874    0.320310117
   10.059298134    0.321036418    0.320287212
   10.074966822    0.321033017    0.320263689
   10.090635511    0.321029668    0.320239532
   10.106304200    0.321026349    0.320214723
   10.121972888    0.321023023    0.320189242
   10.137641577    0.321019638    0.320163068
   10.153310266    0.321016140    0.320136181
   10.168978954    0.321012475    0.320108559
   10.184647643    0.321008598    0.320080180
   10.200316332    0.321004480    0.320051021
   10.215985020    0.321000109    0.320021059
   10.231653709    0.320995496    0.319990273
   10.247322398    0.320990667    0.319958639
   10.262991087    0.320985666    0.319926137
   10.278659775    0.320980544    0.319892742
   10.294328464    0.320975353    0.319858433
   10.309997153    0.320970140    0.319823185
   10.325665841    0.320964936    0.319786974
   10.341334530    0.320959756    0.319749772
   10.357003219    0.320954593    0.319711553
   10.372671907    0.320949418    0.319672287
   10.388340596    0.320944186    0.319631942
   10.404009285    0.320938839    0.319590486
   10.419677973    0.320933315    0.319547884
   10.435346662    0.320927555    0.319504103
   10.451015351    0.320921510    0.319459106
   10.466684039    0.320915152    0.319412857
   10.482352728    0.320908468    0.319365321
   10.498021417    0.320901474    0.319316460
   10.513690105    0.320894200    0.319266238
   10.529358794    0.320886695    0.319214619
   10.545027483    0.320879014    0.319161566
   10.560696171    0.320871214    0.319107040
   10.576364860    0.320863341    0.319051002
   10.592033549    0.320855427    0.318993410
   10.607702238    0.320847481    0.318934222
   10.623370926    0.320839490    0.318873391
   10.639039615    0.320831418    0.318810870
   10.654708304    0.320823210    0.318746607
   10.670376992    0.320814800    0.318680550
   10.686045681    0.320806117    0.318612642
   10.701714370    0.320797096    0.318542829
   10.717383058    0.320787684    0.318471051
   10.733051747    0.320777849    0.318397250
   10.748720436    0.320767583    0.318321369
   10.764389124    0.320756902    0.318243347
   10.780057813    0.320745842    0.318163126
   10.795726502    0.320734458    0.318080646
   10.811395190    0.320722810    0.317995846
   10.827063879    0.320710956    0.317908664
   10.842732568    0.320698943    0.317819035
   10.858401256    0.320686801    0.317726892
   10.874069945    0.320674534    0.317632162
   10.889738634    0.320662121    0.317534771
   10.905407322    0.320649515    0.317434637
   10.921076011    0.320636650    0.317331678
   10.936744700    0.320623449    0.317225805
   10.952413389    0.320609830    0.317116928
   10.968082077    0.320595719    0.317004954
   10.983750766    0.320581059    0.316889789
   10.999419455    0.320565815    0.316771342
   11.015088143    0.320549979    0.316649520
   11.030756832    0.320533571    0.316524234
   11.046425521    0.320516633    0.316395397
   11.062094209    0.320499221    0.316262924
   11.077762898    0.320481401    0.316126730
   11.093431587    0.320463234    0.315986728
   11.109100275    0.320444765    0.315842831
   11.124768964    0.320426020    0.315694943
   11.140437653    0.320406996    0.315542958
   11.156106341    0.320387659    0.315386759
   11.171775030    0.320367950    0.315226213
   11.187443719    0.320347788    0.315061170
   11.203112407    0.320327080    0.314891458
   11.218781096    0.320305730    0.314716885
   11.234449785    0.320283655    0.314537240
   11.250118473    0.320260788    0.314352291
   11.265787162    0.320237091    0.314161793
   11.281455851    0.320212554    0.313965488
   11.297124540    0.320187199    0.313763109
   11.312793228    0.320161072    0.313554394
   11.328461917    0.320134233    0.313339084
   11.344130606    0.320106752    0.313116934
   11.359799294    0.320078688    0.312887721
   11.375467983    0.320050086    0.312651250
   11.391136672    0.320020964    0.312407359
   11.406805360    0.319991305    0.312155926
   11.422474049    0.319961062    0.311896874
   11.438142738    0.319930157    0.311630171
   11.453811426    0.319898489    0.311355835
   11.469480115    0.319865944    0.311073933
   11.485148804    0.319832409    0.310784580
   11.500817492    0.319797784    0.310487938
   11.516486181    0.319761992    0.310184214
   11.532154870    0.319724986    0.309873656
   11.547823558    0.319686756    0.309556545
   11.563492247    0.319647321    0.309233200
   11.579160936    0.319606730    0.308903962
   11.594829624    0.319565048    0.308569199
   11.610498313    0.319522343    0.308229297
   11.626167002    0.319478674    0.307884658
   11.641835691    0.319434080    0.307535696
   11.657504379    0.319388565    0.307182832
   11.673173068    0.319342097    0.306826494
   11.688841757    0.319294606    0.306467117
   11.704510445    0.319245989    0.306105134
   11.720179134    0.319196115    0.305740983
   11.735847823    0.319144845    0.305375099
   11.751516511    0.319092039    0.305007919
   11.767185200    0.319037574    0.304639877
   11.782853889    0.318981355    0.304271405
   11.798522577    0.318923323    0.303902931
   11.814191266    0.318863460    0.303534880
   11.829859955    0.318801783    0.303167671
   11.845528643    0.318738339    0.302801716
   11.861197332    0.318673192    0.302437418
   11.876866021    0.318606407    0.302075170
   11.892534709    0.318538037    0.301715348
   11.908203398    0.318468107    0.301358312
   11.923872087    0.318396602    0.301004404
   11.939540775    0.318323463    0.300653939
   11.955209464    0.318248587    0.300307204
   11.970878153    0.318171833    0.299964453
   11.986546842    0.318093030    0.299625907
   12.002215530    0.318011996    0.299291742
   12.017884219    0.317928553    0.298962093
   12.033552908    0.317842544    0.298637046
   12.049221596    0.317753846    0.298316636
   12.064890285    0.317662379    0.298000847
   12.080558974    0.317568109    0.297689607
   12.096227662    0.317471042    0.297382793
   12.111896351    0.317371219    0.297080226
   12.127565040    0.317268696    0.296781675
   12.143233728    0.317163531    0.296486859
   12.158902417    0.317055760    0.296195454
   12.174571106    0.316945385    0.295907093
   12.190239794    0.316832359    0.295621375
   12.205908483    0.316716584    0.295337866
   12.221577172    0.316597904    0.295056114
   12.237245860    0.316476121    0.294775649
   12.252914549    0.316351004    0.294495989
   12.268583238    0.316222311    0.294216654
   12.284251926    0.316089804    0.293937164
   12.299920615    0.315953274    0.293657048
   12.315589304    0.315812553    0.293375848
   12.331257993    0.315667525    0.293093121
   12.346926681    0.315518129    0.292808443
   12.362595370    0.315364351    0.292521408
   12.378264059    0.315206216    0.292231631
   12.393932747    0.315043764    0.291938739
   12.409601436    0.314877032    0.291642380
   12.425270125    0.314706029    0.291342210
   12.440938813    0.314530717    0.291037895
   12.456607502    0.314350997    0.290729104
   12.472276191    0.314166704    0.290415509
   12.487944879    0.313977604    0.290096775
   12.503613568    0.313783409    0.289772564
   12.519282257    0.313583794    0.289442525
   12.534950945    0.313378419    0.289106299
   12.550619634    0.313166954    0.288763510
   12.566288323    0.312949105    0.288413770
   12.581957011    0.312724630    0.288056673
   12.597625700    0.312493352    0.287691803
   12.613294389    0.312255161    0.287318728
   12.628963077    0.312010007    0.286937006
   12.644631766    0.311757880    0.286546184
   12.660300455    0.311498787    0.286145799
   12.675969144    0.311232728    0.285735384
   12.691637832    0.310959660    0.285314465
   12.707306521    0.310679477    0.284882564
   12.722975210    0.310391993    0.284439202
   12.738643898    0.310096929    0.283983896
   12.754312587    0.309793924    0.283516163
   12.769981276    0.309482541    0.283035517
   12.785649964    0.309162300    0.282541471
   12.801318653    0.308832700    0.282033537
   12.816987342    0.308493261    0.281511223
   12.832656030    0.308143546    0.280974035
   12.848324719    0.307783192    0.280421476
   12.863993408    0.307411923    0.279853045
   12.879662096    0.307029549    0.279268238
   12.895330785    0.306635959    0.278666549
   12.910999474    0.306231090    0.278047469
   12.926668162    0.305814903    0.277410490
   12.942336851    0.305387334    0.276755104
   12.958005540    0.304948261    0.276080809
   12.973674228    0.304497469    0.275387110
   12.989342917    0.304034623    0.274673524
   13.005011606    0.303559259    0.273939583
   13.020680295    0.303070794    0.273184840
   13.036348983    0.302568539    0.272408874
   13.052017672    0.302051745    0.271611293
   13.067686361    0.301519638    0.270791741
   13.083355049    0.300971476    0.269949903
   13.099023738    0.300406589    0.269085508
   13.114692427    0.299824419    0.268198333
   13.130361115    0.299224540    0.267288208
   13.146029804    0.298606657    0.266355016
   13.161698493    0.297970594    0.265398693
   13.177367181    0.297316247    0.264419234
   13.193035870    0.296643537    0.263416687
   13.208704559    0.295952342    0.262391154
   13.224373247    0.295242432    0.261342789
   13.240041936    0.294513413    0.260271795
   13.255710625    0.293764687    0.259178422
   13.271379313    0.292995432    0.258062962
   13.287048002    0.292204615    0.256925748
   13.302716691    0.291391031    0.255767148
   13.318385379    0.290553375    0.254587567
   13.334054068    0.289690327    0.253387439
   13.349722757    0.288800657    0.252167226
   13.365391446    0.287883324    0.250927420
   13.381060134    0.286937565    0.249668537
   13.396728823    0.285962955    0.248391118
   13.412397512    0.284959431    0.247095727
   13.428066200    0.283927264    0.245782952
   13.443734889    0.282866992    0.244453400
   13.459403578    0.281779289    0.243107700
   13.475072266    0.280664805    0.241746499
   13.490740955    0.279523968    0.240370462
   13.506409644    0.278356777    0.238980269
   13.522078332    0.277162598    0.237576613
   13.537747021    0.275939991    0.236160199
   13.553415710    0.274686578    0.234731740
   13.569084398    0.273398981    0.233291957
   13.584753087    0.272072839    0.231841572
   13.600421776    0.270702904    0.230381310
   13.616090464    0.269283236    0.228911896
   13.631759153    0.267807460    0.227434051
   13.647427842    0.266269111    0.225948490
   13.663096530    0.264662011    0.224455926
   13.678765219    0.262980673    0.222957059
   13.694433908    0.261220716    0.221452582
   13.710102596    0.259379230    0.219943179
   13.725771285    0.257455108    0.218429521
   13.741439974    0.255449293    0.216912265
   13.757108663    0.253364930    0.215392056
   13.772777351    0.251207431    0.213869523
   13.788446040    0.248984421    0.212345279
   13.804114729    0.246705592    0.210819917
   13.819783417    0.244382467    0.209294014
   13.835452106    0.242028087    0.207768122
   13.851120795    0.239656648    0.206242777
   13.866789483    0.237283101    0.204718487
   13.882458172    0.234922749    0.203195738
   13.898126861    0.232590848    0.201674993
   13.913795549    0.230302247    0.200156687
   13.929464238    0.228071067    0.198641230
   13.945132927    0.225910450    0.197129008
   13.960801615    0.223832356    0.195620379
   13.976470304    0.221847440    0.194115676
   13.992138993    0.219964985    0.192615207
   14.007807681    0.218192900    0.191119251
   14.023476370    0.216537765    0.189628066
   14.039145059    0.215004910    0.188141881
   14.054813747    0.213598538    0.186660901
   14.070482436    0.212321853    0.185185307
   14.086151125    0.211177201    0.183715253
   14.101819814    0.210166211    0.182250869
   14.117488502    0.209289922    0.180792260
   14.133157191    0.208548904    0.179339506
   14.148825880    0.207943347    0.177892663
   14.164494568    0.207473133    0.176451762
   14.180163257    0.207137883    0.175016813
   14.195831946    0.206936971    0.173587802
   14.211500634    0.206869520    0.172164691
   14.227169323    0.206934359    0.170747423
   14.242838012    0.207129973    0.169335921
   14.258506700    0.207454415    0.167930087
   14.274175389    0.207905207    0.166529803
   14.289844078    0.208479233    0.165134936
   14.305512766    0.209172609    0.163745333
   14.321181455    0.209980567    0.162360824
   14.336850144    0.210897330    0.160981225
   14.352518832    0.211916006    0.159606332
   14.368187521    0.213028500    0.158235929
   14.383856210    0.214225449    0.156869782
   14.399524898    0.215496197    0.155507642
   14.415193587    0.216828802    0.154149246
   14.430862276    0.218210091    0.152794315
   14.446530965    0.219625764    0.151442556
   14.462199653    0.221060540    0.150093663
   14.477868342    0.222498355    0.148747316
   14.493537031    0.223922601    0.147403182
   14.509205719    0.225316403    0.146060916
   14.524874408    0.226662923    0.144720161
   14.540543097    0.227945683    0.143380551
   14.556211785    0.229148898    0.142041706
   14.571880474    0.230257795    0.140703237
   14.587549163    0.231258920    0.139364745
   14.603217851    0.232140407    0.138025821
   14.618886540    0.232892203    0.136686044
   14.634555229    0.233506227    0.135344984
   14.650223917    0.233976478    0.134002198
   14.665892606    0.234299055    0.132657232
   14.681561295    0.234472112    0.131309621
   14.697229983    0.234495728    0.129958887
   14.712898672    0.234371720    0.128604538
   14.728567361    0.234103380    0.127246071
   14.744236049    0.233695172    0.125882969
   14.759904738    0.233152387    0.124514704
   14.775573427    0.232480783    0.123140736
   14.791242116    0.231686220    0.121760515
   14.806910804    0.230774315    0.120373482
   14.822579493    0.229750124    0.118979068
   14.838248182    0.228617884    0.117576699
   14.853916870    0.227380802    0.116165798
   14.869585559    0.226040920    0.114745783
   14.885254248    0.224599051    0.113316069
   14.900922936    0.223054788    0.111876075
   14.916591625    0.221406576    0.110425216
   14.932260314    0.219651848    0.108962914
   14.947929002    0.217787200    0.107488589
   14.963597691    0.215808605    0.106001669
   14.979266380    0.213711638    0.104501583
   14.994935068    0.211491703    0.102987765
   15.010603757    0.209144248    0.101459651
   15.026272446    0.206664949    0.099916685
   15.041941134    0.204049862    0.098358312
   15.057609823    0.201295530    0.096783982
   15.073278512    0.198399039    0.095193154
   15.088947200    0.195358040    0.093585287
   15.104615889    0.192170720    0.091959850
   15.120284578    0.188835739    0.090316320
   15.135953267    0.185352148    0.088654183
   15.151621955    0.181719281    0.086972934
   15.167290644    0.177936643    0.085272083
   15.182959333    0.174003811    0.083551152
   15.198628021    0.169920333    0.081809679
   15.214296710    0.165685659    0.080047221
   15.229965399    0.161299093    0.078263352
   15.245634087    0.156759775    0.076457668
   15.261302776    0.152066703    0.074629785
   15.276971465    0.147218778    0.072779340
   15.292640153    0.142214888    0.070905998
   15.308308842    0.137054024    0.069009443
   15.323977531    0.131735413    0.067089387
   15.339646219    0.126258680    0.065145564
   15.355314908    0.120624019    0.063177738
   15.370983597    0.114832380    0.061185696
   15.386652285    0.108885642    0.059169255
   15.402320974    0.102786791    0.057128259
   15.417989663    0.096540075    0.055062581
   15.433658351    0.090151133    0.052972124
   15.449327040    0.083627091    0.050856822
   15.464995729    0.076976621    0.048716639
   15.480664418    0.070209941    0.046551571
   15.496333106    0.063338780    0.044361647
   15.512001795    0.056376275    0.042146928
   15.527670484    0.049336829    0.039907505
   15.543339172    0.042235917    0.037643503
   15.559007861    0.035089847    0.035355076
   15.574676550    0.027915506    0.033042410
   15.590345238    0.020730076    0.030705721
   15.606013927    0.013550756    0.028345252
   15.621682616    0.006394491    0.025961278
   15.637351304   -0.000722269    0.023554101
   15.653019993   -0.007783776    0.021124053
   15.668688682   -0.014775143    0.018671493
   15.684357370   -0.021682447    0.016196810
   15.700026059   -0.028492780    0.013700421
   15.715694748   -0.035194248    0.011182776
   15.731363436   -0.041775918    0.008644351
   15.747032125   -0.048227738    0.006085655
   15.762700814   -0.054540424    0.003507223
   15.778369502   -0.060705336    0.000909623
   15.794038191   -0.066714364   -0.001706551
   15.809706880   -0.072559822   -0.004340679
   15.825375569   -0.078234369   -0.006992114
   15.841044257   -0.083730959   -0.009660186
   15.856712946   -0.089042830   -0.012344204
   15.872381635   -0.094163527   -0.015043457
   15.888050323   -0.099086947   -0.017757216
   15.903719012   -0.103807418   -0.020484732
   15.919387701   -0.108319778   -0.023225242
   15.935056389   -0.112619467   -0.025977963
   15.950725078   -0.116702605   -0.028742096
   15.966393767   -0.120566056   -0.031516819
   15.982062455   -0.124207469   -0.034301292
   15.997731144   -0.127625290   -0.037094649
   16.013399833   -0.130818749   -0.039895996
   16.029068521   -0.133787823   -0.042704413
   16.044737210   -0.136533176   -0.045518949
   16.060405899   -0.139056092   -0.048338621
   16.076074587   -0.141358397   -0.051162415
   16.091743276   -0.143442394   -0.053989287
   16.107411965   -0.145310797   -0.056818167
   16.123080653   -0.146966690   -0.059647960
   16.138749342   -0.148413502   -0.062477555
   16.154418031   -0.149654996   -0.065305827
   16.170086720   -0.150695282   -0.068131647
   16.185755408   -0.151538834   -0.070953892
   16.201424097   -0.152190520   -0.073771447
   16.217092786   -0.152655622   -0.076583221
   16.232761474   -0.152939859   -0.079388149
   16.248430163   -0.153049388   -0.082185201
   16.264098852   -0.152990798   -0.084973390
   16.279767540   -0.152771073   -0.087751776
   16.295436229   -0.152397556   -0.090519469
   16.311104918   -0.151877880   -0.093275636
   16.326773606   -0.151219907   -0.096019495
   16.342442295   -0.150431648   -0.098750324
   16.358110984   -0.149521202   -0.101467454
   16.373779672   -0.148496689   -0.104170268
   16.389448361   -0.147366203   -0.106858201
   16.405117050   -0.146137783   -0.109530737
   16.420785738   -0.144819394   -0.112187402
   16.436454427   -0.143418928   -0.114827765
   16.452123116   -0.141944215   -0.117451432
   16.467791804   -0.140403044   -0.120058042
   16.483460493   -0.138803178   -0.122647269
   16.499129182   -0.137152379   -0.125218812
   16.514797871   -0.135458410   -0.127772400
   16.530466559   -0.133729037   -0.130307784
   16.546135248   -0.131972007   -0.132824742
   16.561803937   -0.130195028   -0.135323072
   16.577472625   -0.128405718   -0.137802595
   16.593141314   -0.126611567   -0.140263151
   16.608810003   -0.124819884   -0.142704605
   16.624478691   -0.123037750   -0.145126839
   16.640147380   -0.121271984   -0.147529760
   16.655816069   -0.119529121   -0.149913291
   16.671484757   -0.117815396   -0.152277379
   16.687153446   -0.116136761   -0.154621989
   16.702822135   -0.114498902   -0.156947105
   16.718490823   -0.112907276   -0.159252728
   16.734159512   -0.111367156   -0.161538875
   16.749828201   -0.109883676   -0.163805578
   16.765496889   -0.108461871   -0.166052876
   16.781165578   -0.107106713   -0.168280819
   16.796834267   -0.105823135   -0.170489460
   16.812502955   -0.104616031   -0.172678853
   16.828171644   -0.103490252   -0.174849047
   16.843840333   -0.102450584   -0.177000084
   16.859509022   -0.101501712   -0.179131997
   16.875177710   -0.100648187   -0.181244800
   16.890846399   -0.099894387   -0.183338492
   16.906515088   -0.099244485   -0.185413049
   16.922183776   -0.098702436   -0.187468424
   16.937852465   -0.098271968   -0.189504549
   16.953521154   -0.097956602   -0.191521327
   16.969189842   -0.097759685   -0.193518642
   16.984858531   -0.097684435   -0.195496353
   17.000527220   -0.097734008   -0.197454301
   17.016195908   -0.097911557   -0.199392311
   17.031864597   -0.098220302   -0.201310197
   17.047533286   -0.098663583   -0.203207765
   17.063201974   -0.099244906   -0.205084823
   17.078870663   -0.099967964   -0.206941181
   17.094539352   -0.100836634   -0.208776663
   17.110208040   -0.101854954   -0.210591107
   17.125876729   -0.103027074   -0.212384376
   17.141545418   -0.104357187   -0.214156359
   17.157214106   -0.105849445   -0.215906977
   17.172882795   -0.107507867   -0.217636187
   17.188551484   -0.109336244   -0.219343982
   17.204220173   -0.111338059   -0.221030396
   17.219888861   -0.113516403   -0.222695497
   17.235557550   -0.115873928   -0.224339394
   17.251226239   -0.118412806   -0.225962227
   17.266894927   -0.121134721   -0.227564169
   17.282563616   -0.124040880   -0.229145417
   17.298232305   -0.127132042   -0.230706192
   17.313900993   -0.130408565   -0.232246728
   17.329569682   -0.133870463   -0.233767270
   17.345238371   -0.137517470   -0.235268069
   17.360907059   -0.141349096   -0.236749376
   17.376575748   -0.145364685   -0.238211438
   17.392244437   -0.149563455   -0.239654494
   17.407913125   -0.153944530   -0.241078775
   17.423581814   -0.158506953   -0.242484500
   17.439250503   -0.163249678   -0.243871877
   17.454919191   -0.168171564   -0.245241101
   17.470587880   -0.173271332   -0.246592358
   17.486256569   -0.178547537   -0.247925825
   17.501925257   -0.183998516   -0.249241669
   17.517593946   -0.189622343   -0.250540053
   17.533262635   -0.195416783   -0.251821133
   17.548931324   -0.201379250   -0.253085062
   17.564600012   -0.207506768   -0.254331988
   17.580268701   -0.213795947   -0.255562056
   17.595937390   -0.220242964   -0.256775406
   17.611606078   -0.226843550   -0.257972172
   17.627274767   -0.233592995   -0.259152479
   17.642943456   -0.240486148   -0.260316444
   17.658612144   -0.247517436   -0.261464172
   17.674280833   -0.254680881   -0.262595754
   17.689949522   -0.261970119   -0.263711266
   17.705618210   -0.269378432   -0.264810767
   17.721286899   -0.276898770   -0.265894300
   17.736955588   -0.284523777   -0.266961887
   17.752624276   -0.292245823   -0.268013537
   17.768292965   -0.300057024   -0.269049241
   17.783961654   -0.307949272   -0.270068976
   17.799630342   -0.315914256   -0.271072709
   17.815299031   -0.323943486   -0.272060399
   17.830967720   -0.332028313   -0.273032001
   17.846636408   -0.340159954   -0.273987470
   17.862305097   -0.348329509   -0.274926766
   17.877973786   -0.356527984   -0.275849859
   17.893642475   -0.364746306   -0.276756733
   17.909311163   -0.372975348   -0.277647390
   17.924979852   -0.381205946   -0.278521858
   17.940648541   -0.389428918   -0.279380189
   17.956317229   -0.397635083   -0.280222472
   17.971985918   -0.405815279   -0.281048826
   17.987654607   -0.413960379   -0.281859410
   18.003323295   -0.422061309   -0.282654422
   18.018991984   -0.430109056   -0.283434103
   18.034660673   -0.438094689   -0.284198730
   18.050329361   -0.446009360   -0.284948627
   18.065998050   -0.453844316   -0.285684153
   18.081666739   -0.461590906   -0.286405706
   18.097335427   -0.469240586   -0.287113719
   18.113004116   -0.476784922   -0.287808658
   18.128672805   -0.484215592   -0.288491014
   18.144341493   -0.491524398   -0.289161307
   18.160010182   -0.498703264   -0.289820074
   18.175678871   -0.505744247   -0.290467872
   18.191347559   -0.512639544   -0.291105271
   18.207016248   -0.519381505   -0.291732853
   18.222684937   -0.525962642   -0.292351207
   18.238353626   -0.532375646   -0.292960930
   18.254022314   -0.538613397   -0.293562621
   18.269691003   -0.544668980   -0.294156884
   18.285359692   -0.550535696   -0.294744323
   18.301028380   -0.556207078   -0.295325542
   18.316697069   -0.561676891   -0.295901144
   18.332365758   -0.566939149   -0.296471729
   18.348034446   -0.571988113   -0.297037890
   18.363703135   -0.576818295   -0.297600216
   18.379371824   -0.581424462   -0.298159285
   18.395040512   -0.585801634   -0.298715663
   18.410709201   -0.589945086   -0.299269902
   18.426377890   -0.593850351   -0.299822536
   18.442046578   -0.597513221   -0.300374076
   18.457715267   -0.600929756   -0.300925013
   18.473383956   -0.604096290   -0.301475809
   18.489052644   -0.607009443   -0.302026898
   18.504721333   -0.609666128   -0.302578685
   18.520390022   -0.612063568   -0.303131539
   18.536058710   -0.614199305   -0.303685801
   18.551727399   -0.616071208   -0.304241773
   18.567396088   -0.617677483   -0.304799727
   18.583064777   -0.619016680   -0.305359895
   18.598733465   -0.620087688   -0.305922478
   18.614402154   -0.620889740   -0.306487640
   18.630070843   -0.621422404   -0.307055510
   18.645739531   -0.621685579   -0.307626180
   18.661408220   -0.621679486   -0.308199706
   18.677076909   -0.621404662   -0.308776111
   18.692745597   -0.620861954   -0.309355377
   18.708414286   -0.620052510   -0.309937451
   18.724082975   -0.618977786   -0.310522244
   18.739751663   -0.617639538   -0.311109631
   18.755420352   -0.616039832   -0.311699447
   18.771089041   -0.614181042   -0.312291498
   18.786757729   -0.612065860   -0.312885552
   18.802426418   -0.609697299   -0.313481346
   18.818095107   -0.607078695   -0.314078589
   18.833763795   -0.604213707   -0.314676960
   18.849432484   -0.601106313   -0.315276113
   18.865101173   -0.597760802   -0.315875682
   18.880769861   -0.594181763   -0.316475279
   18.896438550   -0.590374072   -0.317074499
   18.912107239   -0.586342873   -0.317672921
   18.927775928   -0.582093564   -0.318270112
   18.943444616   -0.577631783   -0.318865629
   18.959113305   -0.572963387   -0.319459019
   18.974781994   -0.568094452   -0.320049820
   18.990450682   -0.563031257   -0.320637568
   19.006119371   -0.557780287   -0.321221792
   19.021788060   -0.552348228   -0.321802022
   19.037456748   -0.546741974   -0.322377788
   19.053125437   -0.540968626   -0.322948619
   19.068794126   -0.535035494   -0.323514054
   19.084462814   -0.528950099   -0.324073636
   19.100131503   -0.522720169   -0.324626920
   19.115800192   -0.516353626   -0.325173472
   19.131468880   -0.509858580   -0.325712876
   19.147137569   -0.503243310   -0.326244733
   19.162806258   -0.496516243   -0.326768663
   19.178474946   -0.489685936   -0.327284313
   19.194143635   -0.482761052   -0.327791351
   19.209812324   -0.475750343   -0.328289474
   19.225481012   -0.468662634   -0.328778404
   19.241149701   -0.461506809   -0.329257894
   19.256818390   -0.454291808   -0.329727726
   19.272487079   -0.447026620   -0.330187712
   19.288155767   -0.439720287   -0.330637695
   19.303824456   -0.432381906   -0.331077546
   19.319493145   -0.425020631   -0.331507171
   19.335161833   -0.417645676   -0.331926503
   19.350830522   -0.410266307   -0.332335509
   19.366499211   -0.402891838   -0.332734185
   19.382167899   -0.395531613   -0.333122556
   19.397836588   -0.388194983   -0.333500678
   19.413505277   -0.380891279   -0.333868634
   19.429173965   -0.373629782   -0.334226535
   19.444842654   -0.366419680   -0.334574517
   19.460511343   -0.359270038   -0.334912739
   19.476180031   -0.352189759   -0.335241383
   19.491848720   -0.345187556   -0.335560647
   19.507517409   -0.338271923   -0.335870746
   19.523186097   -0.331451114   -0.336171910
   19.538854786   -0.324733124   -0.336464377
   19.554523475   -0.318125684   -0.336748395
   19.570192163   -0.311636241   -0.337024214
   19.585860852   -0.305271958   -0.337292090
   19.601529541   -0.299039693   -0.337552278
   19.617198230   -0.292945994   -0.337805030
   19.632866918   -0.286997072   -0.338050598
   19.648535607   -0.281198782   -0.338289226
   19.664204296   -0.275556596   -0.338521155
   19.679872984   -0.270075575   -0.338746615
   19.695541673   -0.264760343   -0.338965829
   19.711210362   -0.259615066   -0.339179011
   19.726879050   -0.254643443   -0.339386363
   19.742547739   -0.249848701   -0.339588075
   19.758216428   -0.245233612   -0.339784322
   19.773885116   -0.240800521   -0.339975266
   19.789553805   -0.236551388   -0.340161053
   19.805222494   -0.232487843   -0.340341811
   19.820891182   -0.228611248   -0.340517650
   19.836559871   -0.224922760   -0.340688662
   19.852228560   -0.221423396   -0.340854920
   19.867897248   -0.218114079   -0.341016478
   19.883565937   -0.214995677   -0.341173369
   19.899234626   -0.212069020   -0.341325608
   19.914903314   -0.209334889   -0.341473191
   19.930572003   -0.206793991   -0.341616097
   19.946240692   -0.204446905   -0.341754287
   19.961909381   -0.202294020   -0.341887707
   19.977578069   -0.200335453   -0.342016288
   19.993246758   -0.198570970   -0.342139948
   20.008915447   -0.196999915   -0.342258592
   20.024584135   -0.195621144   -0.342372115
   20.040252824   -0.194432988   -0.342480402
   20.055921513   -0.193433235   -0.342583330
   20.071590201   -0.192619141   -0.342680769
   20.087258890   -0.191987475   -0.342772582
   20.102927579   -0.191534581   -0.342858630
   20.118596267   -0.191256464   -0.342938770
   20.134264956   -0.191148890   -0.343012859
   20.149933645   -0.191207487   -0.343080752
   20.165602333   -0.191427844   -0.343142307
   20.181271022   -0.191805599   -0.343197384
   20.196939711   -0.192336505   -0.343245848
   20.212608399   -0.193016477   -0.343287569
   20.228277088   -0.193841610   -0.343322422
   20.243945777   -0.194808174   -0.343350290
   20.259614465   -0.195912588   -0.343371064
   20.275283154   -0.197151375   -0.343384643
   20.290951843   -0.198521110   -0.343390933
   20.306620531   -0.200018361   -0.343389849
   20.322289220   -0.201639638   -0.343381316
   20.337957909   -0.203381347   -0.343365264
   20.353626598   -0.205239757   -0.343341634
   20.369295286   -0.207210991   -0.343310374
   20.384963975   -0.209291021   -0.343271441
   20.400632664   -0.211475681   -0.343224798
   20.416301352   -0.213760699   -0.343170420
   20.431970041   -0.216141715   -0.343108287
   20.447638730   -0.218614322   -0.343038389
   20.463307418   -0.221174082   -0.342960725
   20.478976107   -0.223816545   -0.342875303
   20.494644796   -0.226537254   -0.342782140
   20.510313484   -0.229331736   -0.342681263
   20.525982173   -0.232195481   -0.342572711
   20.541650862   -0.235123913   -0.342456530
   20.557319550   -0.238112354   -0.342332779
   20.572988239   -0.241155986   -0.342201526
   20.588656928   -0.244249817   -0.342062851
   20.604325616   -0.247388655   -0.341916842
   20.619994305   -0.250567082   -0.341763601
   20.635662994   -0.253779454   -0.341603238
   20.651331682   -0.257019900   -0.341435873
   20.667000371   -0.260282336   -0.341261638
   20.682669060   -0.263560488   -0.341080674
   20.698337749   -0.266847916   -0.340893133
   20.714006437   -0.270138039   -0.340699176
   20.729675126   -0.273424159   -0.340498975
   20.745343815   -0.276699479   -0.340292710
   20.761012503   -0.279957108   -0.340080573
   20.776681192   -0.283190068   -0.339862762
   20.792349881   -0.286391287   -0.339639486
   20.808018569   -0.289553587   -0.339410962
   20.823687258   -0.292669674   -0.339177415
   20.839355947   -0.295732130   -0.338939077
   20.855024635   -0.298733404   -0.338696189
   20.870693324   -0.301665823   -0.338448996
   20.886362013   -0.304521600   -0.338197752
   20.902030701   -0.307292866   -0.337942715
   20.917699390   -0.309971706   -0.337684149
   20.933368079   -0.312550205   -0.337422323
   20.949036767   -0.315020503   -0.337157509
   20.964705456   -0.317374847   -0.336889986
   20.980374145   -0.319605653   -0.336620033
   20.996042833   -0.321705549   -0.336347935
   21.011711522   -0.323667423   -0.336073976
   21.027380211   -0.325484454   -0.335798446
   21.043048900   -0.327150135   -0.335521632
   21.058717588   -0.328658291   -0.335243825
   21.074386277   -0.330003082   -0.334965315
   21.090054966   -0.331179014   -0.334686389
   21.105723654   -0.332180936   -0.334407337
   21.121392343   -0.333004055   -0.334128444
   21.137061032   -0.333643942   -0.333849994
   21.152729720   -0.334096560   -0.333572268
   21.168398409   -0.334358293   -0.333295543
   21.184067098   -0.334425986   -0.333020092
   21.199735786   -0.334296991   -0.332746184
   21.215404475   -0.333969218   -0.332474085
   21.231073164   -0.333441186   -0.332204053
   21.246741852   -0.332712067   -0.331936341
   21.262410541   -0.331781724   -0.331671197
   21.278079230   -0.330650737   -0.331408861
   21.293747918   -0.329320414   -0.331149566
   21.309416607   -0.327792793   -0.330893537
   21.325085296   -0.326070620   -0.330640992
   21.340753984   -0.324157326   -0.330392137
   21.356422673   -0.322056988   -0.330147171
   21.372091362   -0.319774291   -0.329906284
   21.387760051   -0.317314488   -0.329669654
   21.403428739   -0.314683362   -0.329437449
   21.419097428   -0.311887197   -0.329209827
   21.434766117   -0.308932766   -0.328986934
   21.450434805   -0.305827315   -0.328768906
   21.466103494   -0.302578574   -0.328555869
   21.481772183   -0.299194766   -0.328347935
   21.497440871   -0.295684624   -0.328145206
   21.513109560   -0.292057417   -0.327947775
   21.528778249   -0.288322961   -0.327755719
   21.544446937   -0.284491638   -0.327569107
   21.560115626   -0.280574400   -0.327387994
   21.575784315   -0.276582753   -0.327212425
   21.591453003   -0.272528744   -0.327042431
   21.607121692   -0.268424919   -0.326878032
   21.622790381   -0.264284272   -0.326719236
   21.638459069   -0.260120190   -0.326566038
   21.654127758   -0.255946374   -0.326418423
   21.669796447   -0.251776769   -0.326276364
   21.685465135   -0.247625478   -0.326139821
   21.701133824   -0.243506684   -0.326008746
   21.716802513   -0.239434565   -0.325883079
   21.732471202   -0.235423223   -0.325762752
   21.748139890   -0.231486609   -0.325647686
   21.763808579   -0.227638457   -0.325537792
   21.779477268   -0.223892221   -0.325432975
   21.795145956   -0.220261019   -0.325333129
   21.810814645   -0.216757583   -0.325238141
   21.826483334   -0.213394211   -0.325147887
   21.842152022   -0.210182720   -0.325062237
   21.857820711   -0.207134412   -0.324981051
   21.873489400   -0.204260034   -0.324904180
   21.889158088   -0.201569745   -0.324831466
   21.904826777   -0.199073088   -0.324762743
   21.920495466   -0.196778966   -0.324697838
   21.936164154   -0.194695613   -0.324636569
   21.951832843   -0.192830580   -0.324578746
   21.967501532   -0.191190709   -0.324524175
   21.983170220   -0.189782123   -0.324472657
   21.998838909   -0.188610199   -0.324423987
   22.014507598   -0.187679556   -0.324377959
   22.030176286   -0.186994032   -0.324334365
   22.045844975   -0.186556663   -0.324292998
   22.061513664   -0.186369666   -0.324253652
   22.077182353   -0.186434419   -0.324216122
   22.092851041   -0.186751445   -0.324180212
   22.108519730   -0.187320406   -0.324145728
   22.124188419   -0.188140104   -0.324112483
   22.139857107   -0.189208489   -0.324080302
   22.155525796   -0.190522692   -0.324049018
   22.171194485   -0.192079061   -0.324018474
   22.186863173   -0.193873217   -0.323988529
   22.202531862   -0.195900129   -0.323959054
   22.218200551   -0.198154193   -0.323929936
   22.233869239   -0.200629323   -0.323901078
   22.249537928   -0.203319049   -0.323872403
   22.265206617   -0.206216615   -0.323843850
   22.280875305   -0.209315061   -0.323815378
   22.296543994   -0.212607313   -0.323786966
   22.312212683   -0.216086242   -0.323758614
   22.327881371   -0.219744719   -0.323730342
   22.343550060   -0.223575646   -0.323702187
   22.359218749   -0.227571972   -0.323674211
   22.374887437   -0.231726695   -0.323646491
   22.390556126   -0.236032850   -0.323619124
   22.406224815   -0.240483495   -0.323592225
   22.421893504   -0.245071684   -0.323565927
   22.437562192   -0.249790455   -0.323540379
   22.453230881   -0.254632811   -0.323515746
   22.468899570   -0.259591716   -0.323492208
   22.484568258   -0.264660099   -0.323469959
   22.500236947   -0.269830872   -0.323449206
   22.515905636   -0.275096946   -0.323430170
   22.531574324   -0.280451261   -0.323413080
   22.547243013   -0.285886821   -0.323398176
   22.562911702   -0.291396714   -0.323385705
   22.578580390   -0.296974139   -0.323375920
   22.594249079   -0.302612424   -0.323369077
   22.609917768   -0.308305019   -0.323365430
   22.625586456   -0.314045498   -0.323365235
   22.641255145   -0.319827533   -0.323368741
   22.656923834   -0.325644870   -0.323376186
   22.672592522   -0.331491292   -0.323387803
   22.688261211   -0.337360584   -0.323403806
   22.703929900   -0.343246497   -0.323424396
   22.719598588   -0.349142723   -0.323449754
   22.735267277   -0.355042873   -0.323480040
   22.750935966   -0.360940470   -0.323515393
   22.766604655   -0.366828956   -0.323555927
   22.782273343   -0.372701706   -0.323601729
   22.797942032   -0.378552057   -0.323652862
   22.813610721   -0.384373345   -0.323709360
   22.829279409   -0.390158942   -0.323771228
   22.844948098   -0.395902295   -0.323838443
   22.860616787   -0.401596970   -0.323910952
   22.876285475   -0.407236674   -0.323988670
   22.891954164   -0.412815286   -0.324071482
   22.907622853   -0.418326867   -0.324159243
   22.923291541   -0.423765665   -0.324251774
   22.938960230   -0.429126115   -0.324348867
   22.954628919   -0.434402827   -0.324450281
   22.970297607   -0.439590575   -0.324555749
   22.985966296   -0.444684281   -0.324664970
   23.001634985   -0.449679009   -0.324777620
   23.017303673   -0.454569948   -0.324893348
   23.032972362   -0.459352415   -0.325011780
   23.048641051   -0.464021854   -0.325132520
   23.064309739   -0.468573838   -0.325255155
   23.079978428   -0.473004085   -0.325379256
   23.095647117   -0.477308462   -0.325504380
   23.111315806   -0.481482999   -0.325630074
   23.126984494   -0.485523897   -0.325755877
   23.142653183   -0.489427535   -0.325881319
   23.158321872   -0.493190468   -0.326005928
   23.173990560   -0.496809426   -0.326129229
   23.189659249   -0.500281305   -0.326250747
   23.205327938   -0.503603158   -0.326370008
   23.220996626   -0.506772184   -0.326486540
   23.236665315   -0.509785714   -0.326599877
   23.252334004   -0.512641203   -0.326709562
   23.268002692   -0.515336224   -0.326815145
   23.283671381   -0.517868465   -0.326916190
   23.299340070   -0.520235729   -0.327012274
   23.315008758   -0.522435944   -0.327102991
   23.330677447   -0.524467171   -0.327187958
   23.346346136   -0.526327612   -0.327266810
   23.362014824   -0.528015626   -0.327339211
   23.377683513   -0.529529733   -0.327404849
   23.393352202   -0.530868624   -0.327463442
   23.409020890   -0.532031167   -0.327514738
   23.424689579   -0.533016398   -0.327558518
   23.440358268   -0.533823527   -0.327594594
   23.456026957   -0.534451923   -0.327622814
   23.471695645   -0.534901109   -0.327643056
   23.487364334   -0.535170751   -0.327655236
   23.503033023   -0.535260653   -0.327659301
   23.518701711   -0.535170751   -0.327655236
   23.534370400   -0.534901108   -0.327643056
   23.550039089   -0.534451923   -0.327622813
   23.565707777   -0.533823527   -0.327594593
   23.581376466   -0.533016398   -0.327558516
   23.597045155   -0.532031166   -0.327514736
   23.612713843   -0.530868624   -0.327463440
   23.628382532   -0.529529732   -0.327404847
   23.644051221   -0.528015625   -0.327339209
   23.659719909   -0.526327611   -0.327266808
   23.675388598   -0.524467170   -0.327187955
   23.691057287   -0.522435943   -0.327102988
   23.706725975   -0.520235727   -0.327012270
   23.722394664   -0.517868463   -0.326916186
   23.738063353   -0.515336223   -0.326815141
   23.753732041   -0.512641201   -0.326709558
   23.769400730   -0.509785712   -0.326599873
   23.785069419   -0.506772182   -0.326486535
   23.800738108   -0.503603156   -0.326370002
   23.816406796   -0.500281302   -0.326250742
   23.832075485   -0.496809423   -0.326129223
   23.847744174   -0.493190466   -0.326005922
   23.863412862   -0.489427533   -0.325881312
   23.879081551   -0.485523895   -0.325755870
   23.894750240   -0.481482996   -0.325630067
   23.910418928   -0.477308459   -0.325504373
   23.926087617   -0.473004082   -0.325379248
   23.941756306   -0.468573835   -0.325255147
   23.957424994   -0.464021850   -0.325132511
   23.973093683   -0.459352411   -0.325011771
   23.988762372   -0.454569944   -0.324893339
   24.004431060   -0.449679005   -0.324777611
   24.020099749   -0.444684277   -0.324664961
   24.035768438   -0.439590571   -0.324555739
   24.051437126   -0.434402823   -0.324450271
   24.067105815   -0.429126111   -0.324348856
   24.082774504   -0.423765660   -0.324251763
   24.098443192   -0.418326862   -0.324159232
   24.114111881   -0.412815281   -0.324071471
   24.129780570   -0.407236669   -0.323988658
   24.145449259   -0.401596964   -0.323910940
   24.161117947   -0.395902290   -0.323838431
   24.176786636   -0.390158936   -0.323771216
   24.192455325   -0.384373339   -0.323709347
   24.208124013   -0.378552051   -0.323652849
   24.223792702   -0.372701699   -0.323601716
   24.239461391   -0.366828949   -0.323555913
   24.255130079   -0.360940463   -0.323515380
   24.270798768   -0.355042866   -0.323480026
   24.286467457   -0.349142716   -0.323449739
   24.302136145   -0.343246489   -0.323424381
   24.317804834   -0.337360576   -0.323403791
   24.333473523   -0.331491284   -0.323387787
   24.349142211   -0.325644862   -0.323376171
   24.364810900   -0.319827524   -0.323368725
   24.380479589   -0.314045488   -0.323365219
   24.396148277   -0.308305009   -0.323365414
   24.411816966   -0.302612414   -0.323369060
   24.427485655   -0.296974130   -0.323375903
   24.443154343   -0.291396703   -0.323385688
   24.458823032   -0.285886810   -0.323398158
   24.474491721   -0.280451251   -0.323413062
   24.490160410   -0.275096934   -0.323430151
   24.505829098   -0.269830861   -0.323449187
   24.521497787   -0.264660088   -0.323469940
   24.537166476   -0.259591703   -0.323492188
   24.552835164   -0.254632799   -0.323515726
   24.568503853   -0.249790443   -0.323540359
   24.584172542   -0.245071671   -0.323565907
   24.599841230   -0.240483481   -0.323592204
   24.615509919   -0.236032836   -0.323619103
   24.631178608   -0.231726680   -0.323646470
   24.646847296   -0.227571957   -0.323674190
   24.662515985   -0.223575631   -0.323702166
   24.678184674   -0.219744704   -0.323730320
   24.693853362   -0.216086226   -0.323758592
   24.709522051   -0.212607297   -0.323786943
   24.725190740   -0.209315045   -0.323815355
   24.740859428   -0.206216598   -0.323843826
   24.756528117   -0.203319032   -0.323872379
   24.772196806   -0.200629305   -0.323901055
   24.787865494   -0.198154175   -0.323929912
   24.803534183   -0.195900111   -0.323959030
   24.819202872   -0.193873198   -0.323988504
   24.834871561   -0.192079042   -0.324018449
   24.850540249   -0.190522672   -0.324048993
   24.866208938   -0.189208469   -0.324080277
   24.881877627   -0.188140083   -0.324112457
   24.897546315   -0.187320385   -0.324145701
   24.913215004   -0.186751423   -0.324180186
   24.928883693   -0.186434397   -0.324216096
   24.944552381   -0.186369644   -0.324253624
   24.960221070   -0.186556640   -0.324292971
   24.975889759   -0.186994008   -0.324334338
   24.991558447   -0.187679532   -0.324377931
   25.007227136   -0.188610175   -0.324423959
   25.022895825   -0.189782098   -0.324472628
   25.038564513   -0.191190684   -0.324524147
   25.054233202   -0.192830554   -0.324578717
   25.069901891   -0.194695587   -0.324636539
   25.085570579   -0.196778940   -0.324697808
   25.101239268   -0.199073061   -0.324762713
   25.116907957   -0.201569717   -0.324831435
   25.132576645   -0.204260006   -0.324904149
   25.148245334   -0.207134384   -0.324981020
   25.163914023   -0.210182691   -0.325062206
   25.179582712   -0.213394182   -0.325147856
   25.195251400   -0.216757554   -0.325238109
   25.210920089   -0.220260989   -0.325333097
   25.226588778   -0.223892190   -0.325432943
   25.242257466   -0.227638426   -0.325537759
   25.257926155   -0.231486578   -0.325647653
   25.273594844   -0.235423191   -0.325762719
   25.289263532   -0.239434533   -0.325883046
   25.304932221   -0.243506651   -0.326008712
   25.320600910   -0.247625446   -0.326139787
   25.336269598   -0.251776736   -0.326276330
   25.351938287   -0.255946340   -0.326418389
   25.367606976   -0.260120156   -0.326566003
   25.383275664   -0.264284238   -0.326719201
   25.398944353   -0.268424884   -0.326877996
   25.414613042   -0.272528709   -0.327042395
   25.430281730   -0.276582718   -0.327212389
   25.445950419   -0.280574364   -0.327387958
   25.461619108   -0.284491602   -0.327569070
   25.477287796   -0.288322924   -0.327755682
   25.492956485   -0.292057380   -0.327947738
   25.508625174   -0.295684588   -0.328145169
   25.524293863   -0.299194729   -0.328347897
   25.539962551   -0.302578537   -0.328555831
   25.555631240   -0.305827277   -0.328768868
   25.571299929   -0.308932728   -0.328986896
   25.586968617   -0.311887159   -0.329209788
   25.602637306   -0.314683323   -0.329437410
   25.618305995   -0.317314450   -0.329669615
   25.633974683   -0.319774253   -0.329906245
   25.649643372   -0.322056949   -0.330147132
   25.665312061   -0.324157287   -0.330392097
   25.680980749   -0.326070581   -0.330640952
   25.696649438   -0.327792754   -0.330893497
   25.712318127   -0.329320375   -0.331149526
   25.727986815   -0.330650697   -0.331408821
   25.743655504   -0.331781684   -0.331671157
   25.759324193   -0.332712027   -0.331936300
   25.774992881   -0.333441145   -0.332204012
   25.790661570   -0.333969177   -0.332474044
   25.806330259   -0.334296949   -0.332746143
   25.821998947   -0.334425944   -0.333020050
   25.837667636   -0.334358251   -0.333295500
   25.853336325   -0.334096518   -0.333572226
   25.869005014   -0.333643900   -0.333849952
   25.884673702   -0.333004012   -0.334128402
   25.900342391   -0.332180894   -0.334407294
   25.916011080   -0.331178971   -0.334686346
   25.931679768   -0.330003039   -0.334965271
   25.947348457   -0.328658247   -0.335243782
   25.963017146   -0.327150092   -0.335521588
   25.978685834   -0.325484410   -0.335798402
   25.994354523   -0.323667379   -0.336073932
   26.010023212   -0.321705504   -0.336347890
   26.025691900   -0.319605608   -0.336619988
   26.041360589   -0.317374802   -0.336889941
   26.057029278   -0.315020457   -0.337157464
   26.072697966   -0.312550159   -0.337422277
   26.088366655   -0.309971660   -0.337684104
   26.104035344   -0.307292820   -0.337942669
   26.119704032   -0.304521553   -0.338197706
   26.135372721   -0.301665775   -0.338448950
   26.151041410   -0.298733357   -0.338696142
   26.166710098   -0.295732082   -0.338939031
   26.182378787   -0.292669626   -0.339177368
   26.198047476   -0.289553538   -0.339410915
   26.213716165   -0.286391238   -0.339639439
   26.229384853   -0.283190018   -0.339862714
   26.245053542   -0.279957058   -0.340080525
   26.260722231   -0.276699428   -0.340292663
   26.276390919   -0.273424108   -0.340498927
   26.292059608   -0.270137987   -0.340699128
   26.307728297   -0.266847864   -0.340893085
   26.323396985   -0.263560435   -0.341080626
   26.339065674   -0.260282283   -0.341261589
   26.354734363   -0.257019846   -0.341435824
   26.370403051   -0.253779400   -0.341603189
   26.386071740   -0.250567028   -0.341763552
   26.401740429   -0.247388600   -0.341916793
   26.417409117   -0.244249762   -0.342062801
   26.433077806   -0.241155930   -0.342201476
   26.448746495   -0.238112297   -0.342332729
   26.464415183   -0.235123856   -0.342456480
   26.480083872   -0.232195424   -0.342572661
   26.495752561   -0.229331678   -0.342681213
   26.511421249   -0.226537196   -0.342782089
   26.527089938   -0.223816486   -0.342875252
   26.542758627   -0.221174022   -0.342960674
   26.558427316   -0.218614262   -0.343038338
   26.574096004   -0.216141655   -0.343108236
   26.589764693   -0.213760637   -0.343170369
   26.605433382   -0.211475620   -0.343224747
   26.621102070   -0.209290958   -0.343271389
   26.636770759   -0.207210929   -0.343310322
   26.652439448   -0.205239694   -0.343341582
   26.668108136   -0.203381283   -0.343365212
   26.683776825   -0.201639574   -0.343381263
   26.699445514   -0.200018296   -0.343389797
   26.715114202   -0.198521044   -0.343390881
   26.730782891   -0.197151309   -0.343384591
   26.746451580   -0.195912522   -0.343371012
   26.762120268   -0.194808107   -0.343350237
   26.777788957   -0.193841543   -0.343322369
   26.793457646   -0.193016409   -0.343287515
   26.809126334   -0.192336437   -0.343245795
   26.824795023   -0.191805530   -0.343197331
   26.840463712   -0.191427775   -0.343142253
   26.856132400   -0.191207417   -0.343080698
   26.871801089   -0.191148820   -0.343012805
   26.887469778   -0.191256393   -0.342938716
   26.903138466   -0.191534509   -0.342858576
   26.918807155   -0.191987403   -0.342772527
   26.934475844   -0.192619069   -0.342680714
   26.950144533   -0.193433162   -0.342583275
   26.965813221   -0.194432916   -0.342480347
   26.981481910   -0.195621071   -0.342372060
   26.997150599   -0.196999841   -0.342258537
   27.012819287   -0.198570896   -0.342139893
   27.028487976   -0.200335378   -0.342016232
   27.044156665   -0.202293945   -0.341887651
   27.059825353   -0.204446830   -0.341754231
   27.075494042   -0.206793916   -0.341616041
   27.091162731   -0.209334814   -0.341473135
   27.106831419   -0.212068944   -0.341325552
   27.122500108   -0.214995601   -0.341173313
   27.138168797   -0.218114002   -0.341016422
   27.153837485   -0.221423319   -0.340854864
   27.169506174   -0.224922683   -0.340688606
   27.185174863   -0.228611170   -0.340517593
   27.200843551   -0.232487766   -0.340341754
   27.216512240   -0.236551311   -0.340160996
   27.232180929   -0.240800443   -0.339975209
   27.247849617   -0.245233534   -0.339784265
   27.263518306   -0.249848623   -0.339588018
   27.279186995   -0.254643365   -0.339386306
   27.294855684   -0.259614988   -0.339178954
   27.310524372   -0.264760264   -0.338965771
   27.326193061   -0.270075496   -0.338746557
   27.341861750   -0.275556517   -0.338521097
   27.357530438   -0.281198702   -0.338289168
   27.373199127   -0.286996992   -0.338050540
   27.388867816   -0.292945914   -0.337804972
   27.404536504   -0.299039614   -0.337552219
   27.420205193   -0.305271878   -0.337292032
   27.435873882   -0.311636162   -0.337024156
   27.451542570   -0.318125604   -0.336748336
   27.467211259   -0.324733044   -0.336464318
   27.482879948   -0.331451034   -0.336171851
   27.498548636   -0.338271843   -0.335870687
   27.514217325   -0.345187476   -0.335560587
   27.529886014   -0.352189679   -0.335241323
   27.545554702   -0.359269957   -0.334912680
   27.561223391   -0.366419600   -0.334574457
   27.576892080   -0.373629702   -0.334226475
   27.592560768   -0.380891199   -0.333868574
   27.608229457   -0.388194903   -0.333500618
   27.623898146   -0.395531533   -0.333122496
   27.639566835   -0.402891758   -0.332734124
   27.655235523   -0.410266227   -0.332335449
   27.670904212   -0.417645596   -0.331926443
   27.686572901   -0.425020552   -0.331507110
   27.702241589   -0.432381826   -0.331077485
   27.717910278   -0.439720207   -0.330637634
   27.733578967   -0.447026540   -0.330187651
   27.749247655   -0.454291728   -0.329727665
   27.764916344   -0.461506730   -0.329257833
   27.780585033   -0.468662555   -0.328778342
   27.796253721   -0.475750264   -0.328289412
   27.811922410   -0.482760973   -0.327791290
   27.827591099   -0.489685858   -0.327284251
   27.843259787   -0.496516165   -0.326768601
   27.858928476   -0.503243232   -0.326244671
   27.874597165   -0.509858502   -0.325712814
   27.890265853   -0.516353548   -0.325173410
   27.905934542   -0.522720091   -0.324626858
   27.921603231   -0.528950022   -0.324073574
   27.937271919   -0.535035417   -0.323513992
   27.952940608   -0.540968549   -0.322948557
   27.968609297   -0.546741898   -0.322377725
   27.984277986   -0.552348152   -0.321801959
   27.999946674   -0.557780211   -0.321221729
   28.015615363   -0.563031182   -0.320637504
   28.031284052   -0.568094377   -0.320049756
   28.046952740   -0.572963313   -0.319458955
   28.062621429   -0.577631708   -0.318865566
   28.078290118   -0.582093490   -0.318270048
   28.093958806   -0.586342799   -0.317672857
   28.109627495   -0.590373998   -0.317074435
   28.125296184   -0.594181690   -0.316475215
   28.140964872   -0.597760729   -0.315875618
   28.156633561   -0.601106241   -0.315276049
   28.172302250   -0.604213635   -0.314676895
   28.187970938   -0.607078623   -0.314078524
   28.203639627   -0.609697228   -0.313481281
   28.219308316   -0.612065789   -0.312885487
   28.234977004   -0.614180971   -0.312291433
   28.250645693   -0.616039762   -0.311699382
   28.266314382   -0.617639469   -0.311109565
   28.281983070   -0.618977717   -0.310522179
   28.297651759   -0.620052441   -0.309937385
   28.313320448   -0.620861885   -0.309355311
   28.328989137   -0.621404594   -0.308776045
   28.344657825   -0.621679418   -0.308199640
   28.360326514   -0.621685512   -0.307626113
   28.375995203   -0.621422337   -0.307055444
   28.391663891   -0.620889673   -0.306487574
   28.407332580   -0.620087622   -0.305922412
   28.423001269   -0.619016614   -0.305359828
   28.438669957   -0.617677418   -0.304799660
   28.454338646   -0.616071143   -0.304241706
   28.470007335   -0.614199240   -0.303685734
   28.485676023   -0.612063504   -0.303131472
   28.501344712   -0.609666064   -0.302578617
   28.517013401   -0.607009379   -0.302026831
   28.532682089   -0.604096227   -0.301475742
   28.548350778   -0.600929693   -0.300924946
   28.564019467   -0.597513159   -0.300374009
   28.579688155   -0.593850289   -0.299822468
   28.595356844   -0.589945025   -0.299269834
   28.611025533   -0.585801573   -0.298715595
   28.626694221   -0.581424401   -0.298159217
   28.642362910   -0.576818235   -0.297600148
   28.658031599   -0.571988053   -0.297037821
   28.673700288   -0.566939089   -0.296471660
   28.689368976   -0.561676832   -0.295901076
   28.705037665   -0.556207019   -0.295325474
   28.720706354   -0.550535638   -0.294744255
   28.736375042   -0.544668921   -0.294156816
   28.752043731   -0.538613339   -0.293562553
   28.767712420   -0.532375588   -0.292960861
   28.783381108   -0.525962585   -0.292351138
   28.799049797   -0.519381447   -0.291732784
   28.814718486   -0.512639487   -0.291105202
   28.830387174   -0.505744190   -0.290467803
   28.846055863   -0.498703208   -0.289820005
   28.861724552   -0.491524342   -0.289161237
   28.877393240   -0.484215536   -0.288490945
   28.893061929   -0.476784866   -0.287808588
   28.908730618   -0.469240531   -0.287113650
   28.924399306   -0.461590851   -0.286405637
   28.940067995   -0.453844261   -0.285684083
   28.955736684   -0.446009305   -0.284948558
   28.971405372   -0.438094634   -0.284198661
   28.987074061   -0.430109002   -0.283434033
   29.002742750   -0.422061254   -0.282654353
   29.018411439   -0.413960325   -0.281859341
   29.034080127   -0.405815225   -0.281048756
   29.049748816   -0.397635029   -0.280222402
   29.065417505   -0.389428864   -0.279380120
   29.081086193   -0.381205892   -0.278521788
   29.096754882   -0.372975294   -0.277647321
   29.112423571   -0.364746252   -0.276756663
   29.128092259   -0.356527930   -0.275849790
   29.143760948   -0.348329456   -0.274926696
   29.159429637   -0.340159900   -0.273987400
   29.175098325   -0.332028259   -0.273031931
   29.190767014   -0.323943432   -0.272060329
   29.206435703   -0.315914203   -0.271072639
   29.222104391   -0.307949219   -0.270068906
   29.237773080   -0.300056971   -0.269049171
   29.253441769   -0.292245769   -0.268013468
   29.269110457   -0.284523724   -0.266961818
   29.284779146   -0.276898716   -0.265894230
   29.300447835   -0.269378378   -0.264810698
   29.316116523   -0.261970065   -0.263711197
   29.331785212   -0.254680827   -0.262595685
   29.347453901   -0.247517383   -0.261464102
   29.363122590   -0.240486094   -0.260316374
   29.378791278   -0.233592941   -0.259152409
   29.394459967   -0.226843496   -0.257972102
   29.410128656   -0.220242909   -0.256775337
   29.425797344   -0.213795892   -0.255561987
   29.441466033   -0.207506713   -0.254331919
   29.457134722   -0.201379195   -0.253084992
   29.472803410   -0.195416728   -0.251821063
   29.488472099   -0.189622288   -0.250539983
   29.504140788   -0.183998460   -0.249241600
   29.519809476   -0.178547481   -0.247925755
   29.535478165   -0.173271276   -0.246592289
   29.551146854   -0.168171508   -0.245241031
   29.566815542   -0.163249622   -0.243871807
   29.582484231   -0.158506896   -0.242484431
   29.598152920   -0.153944474   -0.241078706
   29.613821608   -0.149563398   -0.239654425
   29.629490297   -0.145364627   -0.238211369
   29.645158986   -0.141349038   -0.236749307
   29.660827674   -0.137517412   -0.235268000
   29.676496363   -0.133870405   -0.233767201
   29.692165052   -0.130408506   -0.232246659
   29.707833741   -0.127131983   -0.230706123
   29.723502429   -0.124040821   -0.229145349
   29.739171118   -0.121134661   -0.227564100
   29.754839807   -0.118412746   -0.225962158
   29.770508495   -0.115873868   -0.224339325
   29.786177184   -0.113516343   -0.222695428
   29.801845873   -0.111337998   -0.221030327
   29.817514561   -0.109336183   -0.219343914
   29.833183250   -0.107507805   -0.217636118
   29.848851939   -0.105849383   -0.215906908
   29.864520627   -0.104357124   -0.214156290
   29.880189316   -0.103027011   -0.212384307
   29.895858005   -0.101854890   -0.210591039
   29.911526693   -0.100836569   -0.208776594
   29.927195382   -0.099967899   -0.206941113
   29.942864071   -0.099244841   -0.205084755
   29.958532759   -0.098663517   -0.203207697
   29.974201448   -0.098220235   -0.201310129
   29.989870137   -0.097911491   -0.199392243
   30.005538825   -0.097733941   -0.197454233
   30.021207514   -0.097684368   -0.195496285
   30.036876203   -0.097759617   -0.193518574
   30.052544892   -0.097956533   -0.191521259
   30.068213580   -0.098271898   -0.189504481
   30.083882269   -0.098702366   -0.187468356
   30.099550958   -0.099244415   -0.185412981
   30.115219646   -0.099894316   -0.183338424
   30.130888335   -0.100648116   -0.181244732
   30.146557024   -0.101501641   -0.179131929
   30.162225712   -0.102450512   -0.177000016
   30.177894401   -0.103490179   -0.174848979
   30.193563090   -0.104615958   -0.172678785
   30.209231778   -0.105823061   -0.170489392
   30.224900467   -0.107106639   -0.168280751
   30.240569156   -0.108461796   -0.166052808
   30.256237844   -0.109883600   -0.163805510
   30.271906533   -0.111367080   -0.161538808
   30.287575222   -0.112907200   -0.159252660
   30.303243910   -0.114498825   -0.156947037
   30.318912599   -0.116136684   -0.154621921
   30.334581288   -0.117815319   -0.152277311
   30.350249976   -0.119529043   -0.149913223
   30.365918665   -0.121271906   -0.147529692
   30.381587354   -0.123037671   -0.145126772
   30.397256043   -0.124819805   -0.142704537
   30.412924731   -0.126611488   -0.140263084
   30.428593420   -0.128405638   -0.137802527
   30.444262109   -0.130194948   -0.135323005
   30.459930797   -0.131971927   -0.132824675
   30.475599486   -0.133728956   -0.130307717
   30.491268175   -0.135458329   -0.127772332
   30.506936863   -0.137152298   -0.125218744
   30.522605552   -0.138803097   -0.122647201
   30.538274241   -0.140402962   -0.120057975
   30.553942929   -0.141944134   -0.117451364
   30.569611618   -0.143418846   -0.114827698
   30.585280307   -0.144819312   -0.112187335
   30.600948995   -0.146137701   -0.109530670
   30.616617684   -0.147366121   -0.106858134
   30.632286373   -0.148496607   -0.104170200
   30.647955061   -0.149521120   -0.101467386
   30.663623750   -0.150431566   -0.098750257
   30.679292439   -0.151219824   -0.096019428
   30.694961127   -0.151877798   -0.093275568
   30.710629816   -0.152397474   -0.090519402
   30.726298505   -0.152770991   -0.087751708
   30.741967194   -0.152990716   -0.084973323
   30.757635882   -0.153049306   -0.082185134
   30.773304571   -0.152939777   -0.079388082
   30.788973260   -0.152655540   -0.076583154
   30.804641948   -0.152190439   -0.073771380
   30.820310637   -0.151538753   -0.070953825
   30.835979326   -0.150695201   -0.068131580
   30.851648014   -0.149654916   -0.065305759
   30.867316703   -0.148413422   -0.062477488
   30.882985392   -0.146966611   -0.059647893
   30.898654080   -0.145310718   -0.056818100
   30.914322769   -0.143442315   -0.053989220
   30.929991458   -0.141358319   -0.051162347
   30.945660146   -0.139056013   -0.048338554
   30.961328835   -0.136533098   -0.045518882
   30.976997524   -0.133787746   -0.042704346
   30.992666212   -0.130818672   -0.039895929
   31.008334901   -0.127625214   -0.037094581
   31.024003590   -0.124207393   -0.034301225
   31.039672278   -0.120565980   -0.031516752
   31.055340967   -0.116702529   -0.028742028
   31.071009656   -0.112619392   -0.025977896
   31.086678345   -0.108319703   -0.023225174
   31.102347033   -0.103807344   -0.020484665
   31.118015722   -0.099086874   -0.017757148
   31.133684411   -0.094163454   -0.015043390
   31.149353099   -0.089042757   -0.012344136
   31.165021788   -0.083730886   -0.009660118
   31.180690477   -0.078234297   -0.006992046
   31.196359165   -0.072559751   -0.004340611
   31.212027854   -0.066714293   -0.001706483
   31.227696543   -0.060705265    0.000909691
   31.243365231   -0.054540353    0.003507291
   31.259033920   -0.048227669    0.006085723
   31.274702609   -0.041775849    0.008644419
   31.290371297   -0.035194178    0.011182844
   31.306039986   -0.028492711    0.013700489
   31.321708675   -0.021682378    0.016196877
   31.337377363   -0.014775075    0.018671561
   31.353046052   -0.007783708    0.021124121
   31.368714741   -0.000722201    0.023554169
   31.384383429    0.006394559    0.025961346
   31.400052118    0.013550823    0.028345320
   31.415720807    0.020730143    0.030705789
   31.431389496    0.027915573    0.033042479
   31.447058184    0.035089914    0.035355145
   31.462726873    0.042235983    0.037643571
   31.478395562    0.049336896    0.039907574
   31.494064250    0.056376341    0.042146996
   31.509732939    0.063338846    0.044361716
   31.525401628    0.070210008    0.046551639
   31.541070316    0.076976687    0.048716707
   31.556739005    0.083627158    0.050856890
   31.572407694    0.090151199    0.052972193
   31.588076382    0.096540141    0.055062650
   31.603745071    0.102786857    0.057128328
   31.619413760    0.108885708    0.059169324
   31.635082448    0.114832447    0.061185765
   31.650751137    0.120624086    0.063177807
   31.666419826    0.126258746    0.065145633
   31.682088514    0.131735480    0.067089455
   31.697757203    0.137054091    0.069009512
   31.713425892    0.142214955    0.070906067
   31.729094580    0.147218845    0.072779409
   31.744763269    0.152066770    0.074629853
   31.760431958    0.156759842    0.076457737
   31.776100647    0.161299160    0.078263421
   31.791769335    0.165685726    0.080047290
   31.807438024    0.169920400    0.081809748
   31.823106713    0.174003878    0.083551221
   31.838775401    0.177936711    0.085272152
   31.854444090    0.181719348    0.086973003
   31.870112779    0.185352216    0.088654252
   31.885781467    0.188835807    0.090316390
   31.901450156    0.192170788    0.091959919
   31.917118845    0.195358108    0.093585356
   31.932787533    0.198399107    0.095193223
   31.948456222    0.201295598    0.096784052
   31.964124911    0.204049931    0.098358381
   31.979793599    0.206665017    0.099916754
   31.995462288    0.209144316    0.101459721
   32.011130977    0.211491772    0.102987834
   32.026799665    0.213711707    0.104501653
   32.042468354    0.215808674    0.106001739
   32.058137043    0.217787269    0.107488659
   32.073805731    0.219651917    0.108962983
   32.089474420    0.221406645    0.110425286
   32.105143109    0.223054857    0.111876144
   32.120811798    0.224599120    0.113316139
   32.136480486    0.226040989    0.114745852
   32.152149175    0.227380871    0.116165868
   32.167817864    0.228617954    0.117576769
   32.183486552    0.229750193    0.118979137
   32.199155241    0.230774384    0.120373551
   32.214823930    0.231686289    0.121760585
   32.230492618    0.232480852    0.123140806
   32.246161307    0.233152456    0.124514774
   32.261829996    0.233695241    0.125883038
   32.277498684    0.234103449    0.127246140
   32.293167373    0.234371789    0.128604608
   32.308836062    0.234495798    0.129958957
   32.324504750    0.234472181    0.131309691
   32.340173439    0.234299125    0.132657302
   32.355842128    0.233976548    0.134002267
   32.371510816    0.233506297    0.135345053
   32.387179505    0.232892273    0.136686114
   32.402848194    0.232140478    0.138025890
   32.418516882    0.231258990    0.139364815
   32.434185571    0.230257865    0.140703306
   32.449854260    0.229148968    0.142041775
   32.465522949    0.227945754    0.143380620
   32.481191637    0.226662994    0.144720231
   32.496860326    0.225316474    0.146060985
   32.512529015    0.223922671    0.147403251
   32.528197703    0.222498425    0.148747385
   32.543866392    0.221060610    0.150093732
   32.559535081    0.219625834    0.151442625
   32.575203769    0.218210162    0.152794384
   32.590872458    0.216828872    0.154149315
   32.606541147    0.215496268    0.155507712
   32.622209835    0.214225520    0.156869851
   32.637878524    0.213028570    0.158235998
   32.653547213    0.211916076    0.159606401
   32.669215901    0.210897400    0.160981294
   32.684884590    0.209980637    0.162360893
   32.700553279    0.209172679    0.163745402
   32.716221967    0.208479302    0.165135005
   32.731890656    0.207905277    0.166529872
   32.747559345    0.207454484    0.167930156
   32.763228033    0.207130043    0.169335990
   32.778896722    0.206934429    0.170747492
   32.794565411    0.206869589    0.172164760
   32.810234100    0.206937041    0.173587870
   32.825902788    0.207137952    0.175016882
   32.841571477    0.207473202    0.176451831
   32.857240166    0.207943416    0.177892731
   32.872908854    0.208548973    0.179339574
   32.888577543    0.209289991    0.180792328
   32.904246232    0.210166279    0.182250938
   32.919914920    0.211177270    0.183715322
   32.935583609    0.212321922    0.185185375
   32.951252298    0.213598607    0.186660969
   32.966920986    0.215004978    0.188141949
   32.982589675    0.216537833    0.189628134
   32.998258364    0.218192969    0.191119319
   33.013927052    0.219965053    0.192615274
   33.029595741    0.221847508    0.194115744
   33.045264430    0.223832424    0.195620447
   33.060933118    0.225910518    0.197129075
   33.076601807    0.228071135    0.198641297
   33.092270496    0.230302314    0.200156754
   33.107939184    0.232590916    0.201675060
   33.123607873    0.234922817    0.203195806
   33.139276562    0.237283169    0.204718554
   33.154945251    0.239656715    0.206242844
   33.170613939    0.242028154    0.207768189
   33.186282628    0.244382534    0.209294080
   33.201951317    0.246705660    0.210819984
   33.217620005    0.248984489    0.212345346
   33.233288694    0.251207499    0.213869590
   33.248957383    0.253364998    0.215392123
   33.264626071    0.255449360    0.216912331
   33.280294760    0.257455176    0.218429587
   33.295963449    0.259379297    0.219943246
   33.311632137    0.261220783    0.221452648
   33.327300826    0.262980741    0.222957125
   33.342969515    0.264662078    0.224455992
   33.358638203    0.266269179    0.225948557
   33.374306892    0.267807528    0.227434117
   33.389975581    0.269283303    0.228911962
   33.405644269    0.270702972    0.230381376
   33.421312958    0.272072906    0.231841637
   33.436981647    0.273399049    0.233292022
   33.452650335    0.274686646    0.234731806
   33.468319024    0.275940059    0.236160264
   33.483987713    0.277162666    0.237576678
   33.499656402    0.278356844    0.238980334
   33.515325090    0.279524035    0.240370527
   33.530993779    0.280664872    0.241746565
   33.546662468    0.281779356    0.243107765
   33.562331156    0.282867059    0.244453465
   33.577999845    0.283927331    0.245783017
   33.593668534    0.284959498    0.247095792
   33.609337222    0.285963022    0.248391183
   33.625005911    0.286937632    0.249668602
   33.640674600    0.287883391    0.250927485
   33.656343288    0.288800724    0.252167291
   33.672011977    0.289690394    0.253387504
   33.687680666    0.290553442    0.254587632
   33.703349354    0.291391098    0.255767213
   33.719018043    0.292204681    0.256925812
   33.734686732    0.292995499    0.258063027
   33.750355420    0.293764754    0.259178486
   33.766024109    0.294513480    0.260271859
   33.781692798    0.295242498    0.261342853
   33.797361486    0.295952408    0.262391218
   33.813030175    0.296643604    0.263416751
   33.828698864    0.297316313    0.264419299
   33.844367552    0.297970660    0.265398757
   33.860036241    0.298606723    0.266355080
   33.875704930    0.299224606    0.267288273
   33.891373619    0.299824485    0.268198397
   33.907042307    0.300406655    0.269085572
   33.922710996    0.300971542    0.269949967
   33.938379685    0.301519704    0.270791805
   33.954048373    0.302051811    0.271611357
   33.969717062    0.302568605    0.272408938
   33.985385751    0.303070859    0.273184904
   34.001054439    0.303559325    0.273939647
   34.016723128    0.304034688    0.274673588
   34.032391817    0.304497534    0.275387174
   34.048060505    0.304948327    0.276080873
   34.063729194    0.305387399    0.276755168
   34.079397883    0.305814968    0.277410554
   34.095066571    0.306231155    0.278047533
   34.110735260    0.306636024    0.278666613
   34.126403949    0.307029614    0.279268302
   34.142072637    0.307411988    0.279853108
   34.157741326    0.307783257    0.280421539
   34.173410015    0.308143611    0.280974099
   34.189078703    0.308493326    0.281511286
   34.204747392    0.308832765    0.282033600
   34.220416081    0.309162364    0.282541535
   34.236084770    0.309482606    0.283035580
   34.251753458    0.309793988    0.283516226
   34.267422147    0.310096994    0.283983960
   34.283090836    0.310392057    0.284439265
   34.298759524    0.310679542    0.284882627
   34.314428213    0.310959724    0.285314528
   34.330096902    0.311232792    0.285735447
   34.345765590    0.311498851    0.286145862
   34.361434279    0.311757944    0.286546247
   34.377102968    0.312010071    0.286937069
   34.392771656    0.312255225    0.287318791
   34.408440345    0.312493416    0.287691866
   34.424109034    0.312724694    0.288056736
   34.439777722    0.312949169    0.288413832
   34.455446411    0.313167018    0.288763573
   34.471115100    0.313378482    0.289106362
   34.486783788    0.313583858    0.289442588
   34.502452477    0.313783472    0.289772626
   34.518121166    0.313977667    0.290096837
   34.533789854    0.314166767    0.290415571
   34.549458543    0.314351061    0.290729167
   34.565127232    0.314530780    0.291037957
   34.580795921    0.314706092    0.291342273
   34.596464609    0.314877095    0.291642442
   34.612133298    0.315043827    0.291938801
   34.627801987    0.315206279    0.292231692
   34.643470675    0.315364414    0.292521470
   34.659139364    0.315518192    0.292808505
   34.674808053    0.315667588    0.293093183
   34.690476741    0.315812616    0.293375910
   34.706145430    0.315953337    0.293657110
   34.721814119    0.316089867    0.293937226
   34.737482807    0.316222373    0.294216716
   34.753151496    0.316351067    0.294496051
   34.768820185    0.316476183    0.294775710
   34.784488873    0.316597966    0.295056176
   34.800157562    0.316716646    0.295337928
   34.815826251    0.316832421    0.295621436
   34.831494939    0.316945446    0.295907155
   34.847163628    0.317055821    0.296195515
   34.862832317    0.317163592    0.296486920
   34.878501005    0.317268758    0.296781736
   34.894169694    0.317371280    0.297080287
   34.909838383    0.317471103    0.297382854
   34.925507072    0.317568170    0.297689668
   34.941175760    0.317662441    0.298000907
   34.956844449    0.317753908    0.298316696
   34.972513138    0.317842605    0.298637106
   34.988181826    0.317928614    0.298962154
   35.003850515    0.318012057    0.299291803
   35.019519204    0.318093091    0.299625967
   35.035187892    0.318171894    0.299964514
   35.050856581    0.318248648    0.300307264
   35.066525270    0.318323524    0.300653999
   35.082193958    0.318396662    0.301004464
   35.097862647    0.318468167    0.301358372
   35.113531336    0.318538098    0.301715408
   35.129200024    0.318606467    0.302075230
   35.144868713    0.318673252    0.302437478
   35.160537402    0.318738399    0.302801776
   35.176206090    0.318801843    0.303167730
   35.191874779    0.318863520    0.303534939
   35.207543468    0.318923383    0.303902990
   35.223212156    0.318981414    0.304271464
   35.238880845    0.319037633    0.304639936
   35.254549534    0.319092099    0.305007979
   35.270218223    0.319144905    0.305375158
   35.285886911    0.319196175    0.305741042
   35.301555600    0.319246048    0.306105193
   35.317224289    0.319294666    0.306467176
   35.332892977    0.319342156    0.306826553
   35.348561666    0.319388624    0.307182890
   35.364230355    0.319434139    0.307535755
   35.379899043    0.319478734    0.307884717
   35.395567732    0.319522402    0.308229356
   35.411236421    0.319565107    0.308569257
   35.426905109    0.319606789    0.308904020
   35.442573798    0.319647380    0.309233258
   35.458242487    0.319686814    0.309556604
   35.473911175    0.319725045    0.309873714
   35.489579864    0.319762050    0.310184273
   35.505248553    0.319797843    0.310487996
   35.520917241    0.319832467    0.310784638
   35.536585930    0.319866002    0.311073991
   35.552254619    0.319898547    0.311355893
   35.567923307    0.319930216    0.311630229
   35.583591996    0.319961120    0.311896932
   35.599260685    0.319991363    0.312155984
   35.614929374    0.320021022    0.312407416
   35.630598062    0.320050144    0.312651307
   35.646266751    0.320078746    0.312887778
   35.661935440    0.320106809    0.313116991
   35.677604128    0.320134291    0.313339141
   35.693272817    0.320161129    0.313554451
   35.708941506    0.320187257    0.313763167
   35.724610194    0.320212611    0.313965545
   35.740278883    0.320237148    0.314161851
   35.755947572    0.320260845    0.314352348
   35.771616260    0.320283712    0.314537297
   35.787284949    0.320305788    0.314716942
   35.802953638    0.320327137    0.314891514
   35.818622326    0.320347845    0.315061227
   35.834291015    0.320368007    0.315226270
   35.849959704    0.320387716    0.315386815
   35.865628392    0.320407053    0.315543014
   35.881297081    0.320426077    0.315694999
   35.896965770    0.320444822    0.315842888
   35.912634458    0.320463290    0.315986785
   35.928303147    0.320481457    0.316126786
   35.943971836    0.320499277    0.316262980
   35.959640525    0.320516689    0.316395453
   35.975309213    0.320533628    0.316524290
   35.990977902    0.320550036    0.316649576
   36.006646591    0.320565871    0.316771398
   36.022315279    0.320581114    0.316889845
   36.037983968    0.320595774    0.317005009
   36.053652657    0.320609885    0.317116984
   36.069321345    0.320623505    0.317225861
   36.084990034    0.320636706    0.317331734
   36.100658723    0.320649570    0.317434693
   36.116327411    0.320662176    0.317534826
   36.131996100    0.320674589    0.317632217
   36.147664789    0.320686856    0.317726947
   36.163333477    0.320698998    0.317819090
   36.179002166    0.320711011    0.317908719
   36.194670855    0.320722865    0.317995901
   36.210339543    0.320734513    0.318080701
   36.226008232    0.320745897    0.318163181
   36.241676921    0.320756956    0.318243402
   36.257345609    0.320767637    0.318321423
   36.273014298    0.320777903    0.318397305
   36.288682987    0.320787738    0.318471105
   36.304351676    0.320797150    0.318542883
   36.320020364    0.320806172    0.318612697
   36.335689053    0.320814855    0.318680604
   36.351357742    0.320823265    0.318746661
   36.367026430    0.320831472    0.318810924
   36.382695119    0.320839544    0.318873445
   36.398363808    0.320847535    0.318934276
   36.414032496    0.320855480    0.318993464
   36.429701185    0.320863395    0.319051055
   36.445369874    0.320871268    0.319107093
   36.461038562    0.320879068    0.319161619
   36.476707251    0.320886748    0.319214673
   36.492375940    0.320894253    0.319266292
   36.508044628    0.320901527    0.319316513
   36.523713317    0.320908522    0.319365374
   36.539382006    0.320915205    0.319412911
   36.555050694    0.320921564    0.319459159
   36.570719383    0.320927608    0.319504156
   36.586388072    0.320933368    0.319547937
   36.602056760    0.320938892    0.319590538
   36.617725449    0.320944239    0.319631994
   36.633394138    0.320949471    0.319672339
   36.649062827    0.320954646    0.319711606
   36.664731515    0.320959809    0.319749825
   36.680400204    0.320964989    0.319787026
   36.696068893    0.320970193    0.319823238
   36.711737581    0.320975406    0.319858486
   36.727406270    0.320980596    0.319892795
   36.743074959    0.320985718    0.319926189
   36.758743647    0.320990719    0.319958692
   36.774412336    0.320995548    0.319990325
   36.790081025    0.321000161    0.320021111
   36.805749713    0.321004532    0.320051072
   36.821418402    0.321008650    0.320080232
   36.837087091    0.321012527    0.320108611
   36.852755779    0.321016192    0.320136233
   36.868424468    0.321019690    0.320163120
   36.884093157    0.321023074    0.320189293
   36.899761845    0.321026401    0.320214774
   36.915430534    0.321029719    0.320239584
   36.931099223    0.321033068    0.320263741
   36.946767911    0.321036469    0.320287263
   36.962436600    0.321039925    0.320310168
   36.978105289    0.321043418    0.320332472
   36.993773978    0.321046915    0.320354190
   37.009442666    0.321050373    0.320375335
   37.025111355    0.321053743    0.320395922
   37.040780044    0.321056978    0.320415965
   37.056448732    0.321060040    0.320435476
   37.072117421    0.321062905    0.320454470
   37.087786110    0.321065567    0.320472961
   37.103454798    0.321068039    0.320490962
   37.119123487    0.321070350    0.320508489
   37.134792176    0.321072541    0.320525554
   37.150460864    0.321074661    0.320542172
   37.166129553    0.321076762    0.320558357
   37.181798242    0.321078886    0.320574120
   37.197466930    0.321081065    0.320589475
   37.213135619    0.321083317    0.320604432
   37.228804308    0.321085639    0.320619002
   37.244472996    0.321088012    0.320633195
   37.260141685    0.321090405    0.320647019
   37.275810374    0.321092775    0.320660484
   37.291479062    0.321095075    0.320673596
   37.307147751    0.321097265    0.320686366
   37.322816440    0.321099311    0.320698800
   37.338485129    0.321101192    0.320710908
   37.354153817    0.321102906    0.320722697
   37.369822506    0.321104466    0.320734178
   37.385491195    0.321105901    0.320745359
   37.401159883    0.321107251    0.320756249
   37.416828572    0.321108560    0.320766857
   37.432497261    0.321109875    0.320777192
   37.448165949    0.321111232    0.320787262
   37.463834638    0.321112660    0.320797075
   37.479503327    0.321114169    0.320806638
   37.495172015    0.321115755    0.320815957
   37.510840704    0.321117399    0.320825038
   37.526509393    0.321119068    0.320833885
   37.542178081    0.321120722    0.320842506
   37.557846770    0.321122319    0.320850903
   37.573515459    0.321123820    0.320859082
   37.589184147    0.321125196    0.320867048
   37.604852836    0.321126431    0.320874806
   37.620521525    0.321127525    0.320882362
   37.636190213    0.321128492    0.320889722
   37.651858902    0.321129361    0.320896892
   37.667527591    0.321130168    0.320903876
   37.683196280    0.321130956    0.320910683
   37.698864968    0.321131766    0.320917316
   37.714533657    0.321132630    0.320923782
   37.730202346    0.321133572    0.320930086
   37.745871034    0.321134599    0.320936231
   37.761539723    0.321135705    0.320942221
   37.777208412    0.321136869    0.320948061
   37.792877100    0.321138058    0.320953753
   37.808545789    0.321139235    0.320959299
   37.824214478    0.321140362    0.320964704
   37.839883166    0.321141403    0.320969969
   37.855551855    0.321142333    0.320975097
   37.871220544    0.321143139    0.320980093
   37.886889232    0.321143824    0.320984959
   37.902557921    0.321144403    0.320989699
   37.918226610    0.321144903    0.320994318
   37.933895298    0.321145360    0.320998819
   37.949563987    0.321145814    0.321003206
   37.965232676    0.321146300    0.321007484
   37.980901364    0.321146847    0.321011656
   37.996570053    0.321147475    0.321015724
   38.012238742    0.321148189    0.321019692
   38.027907431    0.321148979    0.321023562
   38.043576119    0.321149824    0.321027336
   38.059244808    0.321150693    0.321031016
   38.074913497    0.321151551    0.321034602
   38.090582185    0.321152361    0.321038097
   38.106250874    0.321153093    0.321041502
   38.121919563    0.321153724    0.321044820
   38.137588251    0.321154245    0.321048052
   38.153256940    0.321154660    0.321051200
   38.168925629    0.321154986    0.321054267
   38.184594317    0.321155248    0.321057257
   38.200263006    0.321155482    0.321060171
   38.215931695    0.321155723    0.321063012
   38.231600383    0.321156003    0.321065784
   38.247269072    0.321156349    0.321068488
   38.262937761    0.321156776    0.321071127
   38.278606449    0.321157286    0.321073702
   38.294275138    0.321157868    0.321076214
   38.309943827    0.321158501    0.321078665
   38.325612515    0.321159155    0.321081056
   38.341281204    0.321159796    0.321083386
   38.356949893    0.321160391    0.321085657
   38.372618582    0.321160912    0.321087870
   38.388287270    0.321161341    0.321090026
   38.403955959    0.321161671    0.321092127
   38.419624648    0.321161906    0.321094173
   38.435293336    0.321162065    0.321096166
   38.450962025    0.321162172    0.321098110
   38.466630714    0.321162261    0.321100005
   38.482299402    0.321162365    0.321101853
   38.497968091    0.321162512    0.321103658
   38.513636780    0.321162727    0.321105419
   38.529305468    0.321163019    0.321107138
   38.544974157    0.321163391    0.321108817
   38.560642846    0.321163830    0.321110456
   38.576311534    0.321164314    0.321112055
   38.591980223    0.321164815    0.321113616
   38.607648912    0.321165302    0.321115137
   38.623317600    0.321165743    0.321116620
   38.638986289    0.321166116    0.321118065
   38.654654978    0.321166403    0.321119472
   38.670323666    0.321166600    0.321120843
   38.685992355    0.321166714    0.321122179
   38.701661044    0.321166763    0.321123480
   38.717329733    0.321166772    0.321124749
   38.732998421    0.321166771    0.321125986
   38.748667110    0.321166791    0.321127194
   38.764335799    0.321166858    0.321128373
   38.780004487    0.321166993    0.321129526
   38.795673176    0.321167203    0.321130651
   38.811341865    0.321167487    0.321131751
   38.827010553    0.321167833    0.321132826
   38.842679242    0.321168219    0.321133875
   38.858347931    0.321168617    0.321134898
   38.874016619    0.321168999    0.321135897
   38.889685308    0.321169335    0.321136869
   38.905353997    0.321169606    0.321137817
   38.921022685    0.321169796    0.321138740
   38.936691374    0.321169905    0.321139639
   38.952360063    0.321169940    0.321140514
   38.968028751    0.321169920    0.321141367
   38.983697440    0.321169868    0.321142199
   38.999366129    0.321169813    0.321143011
   39.015034817    0.321169784    0.321143804
   39.030703506    0.321169803    0.321144578
   39.046372195    0.321169889    0.321145336
   39.062040884    0.321170047    0.321146077
   39.077709572    0.321170274    0.321146801
   39.093378261    0.321170557    0.321147509
   39.109046950    0.321170874    0.321148200
   39.124715638    0.321171200    0.321148876
   39.140384327    0.321171506    0.321149534
   39.156053016    0.321171767    0.321150175
   39.171721704    0.321171964    0.321150800
   39.187390393    0.321172088    0.321151408
   39.203059082    0.321172136    0.321151999
   39.218727770    0.321172119    0.321152576
   39.234396459    0.321172053    0.321153137
   39.250065148    0.321171964    0.321153685
   39.265733836    0.321171878    0.321154219
   39.281402525    0.321171821    0.321154742
   39.297071214    0.321171813    0.321155253
   39.312739902    0.321171870    0.321155753
   39.328408591    0.321171995    0.321156243
   39.344077280    0.321172184    0.321156723
   39.359745968    0.321172423    0.321157192
   39.375414657    0.321172691    0.321157650
   39.391083346    0.321172963    0.321158098
   39.406752035    0.321173213    0.321158534
   39.422420723    0.321173419    0.321158959
   39.438089412    0.321173563    0.321159372
   39.453758101    0.321173638    0.321159775
   39.469426789    0.321173645    0.321160166
   39.485095478    0.321173592    0.321160547
   39.500764167    0.321173500    0.321160918
   39.516432855    0.321173389    0.321161280
   39.532101544    0.321173287    0.321161633
   39.547770233    0.321173215    0.321161979
   39.563438921    0.321173193    0.321162318
   39.579107610    0.321173233    0.321162650
   39.594776299    0.321173338    0.321162976
   39.610444987    0.321173502    0.321163295
   39.626113676    0.321173710    0.321163608
   39.641782365    0.321173942    0.321163913
   39.657451053    0.321174174    0.321164212
   39.673119742    0.321174382    0.321164502
   39.688788431    0.321174546    0.321164785
   39.704457119    0.321174651    0.321165060
   39.720125808    0.321174692    0.321165328
   39.735794497    0.321174669    0.321165587
   39.751463186    0.321174594    0.321165840
   39.767131874    0.321174486    0.321166086
   39.782800563    0.321174365    0.321166326
   39.798469252    0.321174255    0.321166561
   39.814137940    0.321174178    0.321166791
   39.829806629    0.321174151    0.321167017
   39.845475318    0.321174183    0.321167239
   39.861144006    0.321174276    0.321167456
   39.876812695    0.321174422    0.321167670
   39.892481384    0.321174607    0.321167880
   39.908150072    0.321174812    0.321168085
   39.923818761    0.321175013    0.321168285
   39.939487450    0.321175189    0.321168480
   39.955156138    0.321175320    0.321168669
   39.970824827    0.321175396    0.321168853
   39.986493516    0.321175411    0.321169031
   40.002162204    0.321175368    0.321169204
   40.017830893    0.321175279    0.321169373
   40.033499582    0.321175161    0.321169536
   40.049168270    0.321175036    0.321169696
   40.064836959    0.321174926    0.321169853
   40.080505648    0.321174849    0.321170007
   40.096174337    0.321174822    0.321170158
   40.111843025    0.321174851    0.321170307
   40.127511714    0.321174936    0.321170453
   40.143180403    0.321175070    0.321170597
   40.158849091    0.321175238    0.321170739
   40.174517780    0.321175421    0.321170877
   40.190186469    0.321175597    0.321171012
   40.205855157    0.321175747    0.321171144
   40.221523846    0.321175853    0.321171271
   40.237192535    0.321175906    0.321171394
   40.252861223    0.321175901    0.321171514
   40.268529912    0.321175845    0.321171630
   40.284198601    0.321175747    0.321171742
   40.299867289    0.321175626    0.321171851
   40.315535978    0.321175502    0.321171958
   40.331204667    0.321175395    0.321172063
   40.346873355    0.321175322    0.321172166
   40.362542044    0.321175297    0.321172268
   40.378210733    0.321175326    0.321172368
   40.393879421    0.321175407    0.321172467
   40.409548110    0.321175532    0.321172565
   40.425216799    0.321175686    0.321172661
   40.440885487    0.321175852    0.321172756
   40.456554176    0.321176008    0.321172847
   40.472222865    0.321176136    0.321172937
   40.487891554    0.321176222    0.321173023
   40.503560242    0.321176256    0.321173106
   40.519228931    0.321176238    0.321173186
   40.534897620    0.321176172    0.321173264
   40.550566308    0.321176070    0.321173339
   40.566234997    0.321175949    0.321173412
   40.581903686    0.321175828    0.321173484
   40.597572374    0.321175726    0.321173554
   40.613241063    0.321175660    0.321173623
   40.628909752    0.321175639    0.321173692
   40.644578440    0.321175669    0.321173761
   40.660247129    0.321175748    0.321173829
   40.675915818    0.321175866    0.321173895
   40.691584506    0.321176009    0.321173961
   40.707253195    0.321176160    0.321174026
   40.722921884    0.321176299    0.321174089
   40.738590572    0.321176409    0.321174150
   40.754259261    0.321176478    0.321174208
   40.769927950    0.321176498    0.321174264
   40.785596638    0.321176469    0.321174318
   40.801265327    0.321176397    0.321174371
   40.816934016    0.321176293    0.321174421
   40.832602705    0.321176175    0.321174470
   40.848271393    0.321176059    0.321174518
   40.863940082    0.321175964    0.321174565
   40.879608771    0.321175905    0.321174612
   40.895277459    0.321175889    0.321174659
   40.910946148    0.321175922    0.321174706
   40.926614837    0.321175999    0.321174753
   40.942283525    0.321176111    0.321174799
   40.957952214    0.321176245    0.321174844
   40.973620903    0.321176382    0.321174889
   40.989289591    0.321176506    0.321174933
   41.004958280    0.321176601    0.321174974
   41.020626969    0.321176656    0.321175014
   41.036295657    0.321176665    0.321175053
   41.051964346    0.321176628    0.321175089
   41.067633035    0.321176552    0.321175124
   41.083301723    0.321176448    0.321175158
   41.098970412    0.321176334    0.321175191
   41.114639101    0.321176225    0.321175224
   41.130307789    0.321176138    0.321175256
   41.145976478    0.321176085    0.321175288
   41.161645167    0.321176075    0.321175320
   41.177313856    0.321176111    0.321175353
   41.192982544    0.321176187    0.321175385
   41.208651233    0.321176294    0.321175418
   41.224319922    0.321176419    0.321175450
   41.239988610    0.321176545    0.321175481
   41.255657299    0.321176656    0.321175511
   41.271325988    0.321176738    0.321175540
   41.286994676    0.321176781    0.321175568
   41.302663365    0.321176780    0.321175594
   41.318332054    0.321176737    0.321175619
   41.334000742    0.321176659    0.321175643
   41.349669431    0.321176557    0.321175666
   41.365338120    0.321176448    0.321175688
   41.381006808    0.321176346    0.321175710
   41.396675497    0.321176267    0.321175732
   41.412344186    0.321176222    0.321175754
   41.428012874    0.321176217    0.321175777
   41.443681563    0.321176255    0.321175799
   41.459350252    0.321176330    0.321175822
   41.475018940    0.321176433    0.321175845
   41.490687629    0.321176550    0.321175868
   41.506356318    0.321176665    0.321175891
   41.522025007    0.321176765    0.321175912
   41.537693695    0.321176835    0.321175932
   41.553362384    0.321176868    0.321175952
   41.569031073    0.321176859    0.321175970
   41.584699761    0.321176812    0.321175987
   41.600368450    0.321176733    0.321176003
   41.616037139    0.321176635    0.321176018
   41.631705827    0.321176531    0.321176033
   41.647374516    0.321176437    0.321176048
   41.663043205    0.321176365    0.321176063
   41.678711893    0.321176327    0.321176078
   41.694380582    0.321176328    0.321176094
   41.710049271    0.321176368    0.321176111
   41.725717959    0.321176442    0.321176127
   41.741386648    0.321176540    0.321176144
   41.757055337    0.321176650    0.321176160
   41.772724025    0.321176756    0.321176176
   41.788392714    0.321176845    0.321176192
   41.804061403    0.321176905    0.321176206
   41.819730091    0.321176929    0.321176220
   41.835398780    0.321176914    0.321176232
   41.851067469    0.321176864    0.321176244
   41.866736158    0.321176786    0.321176254
   41.882404846    0.321176691    0.321176265
   41.898073535    0.321176593    0.321176275
   41.913742224    0.321176506    0.321176285
   41.929410912    0.321176443    0.321176296
   41.945079601    0.321176411    0.321176306
   41.960748290    0.321176417    0.321176318
   41.976416978    0.321176459    0.321176330
   41.992085667    0.321176531    0.321176342
   42.007754356    0.321176625    0.321176354
   42.023423044    0.321176727    0.321176366
   42.039091733    0.321176824    0.321176378
   42.054760422    0.321176904    0.321176389
   42.070429110    0.321176955    0.321176399
   42.086097799    0.321176972    0.321176409
   42.101766488    0.321176952    0.321176417
   42.117435176    0.321176900    0.321176425
   42.133103865    0.321176823    0.321176433
   42.148772554    0.321176732    0.321176440
   42.164441242    0.321176641    0.321176446
   42.180109931    0.321176561    0.321176453
   42.195778620    0.321176505    0.321176461
   42.211447309    0.321176480    0.321176469
   42.227115997    0.321176489    0.321176477
   42.242784686    0.321176533    0.321176486
   42.258453375    0.321176604    0.321176495
   42.274122063    0.321176693    0.321176504
   42.289790752    0.321176788    0.321176513
   42.305459441    0.321176877    0.321176522
   42.321128129    0.321176948    0.321176530
   42.336796818    0.321176991    0.321176537
   42.352465507    0.321177001    0.321176544
   42.368134195    0.321176978    0.321176550
   42.383802884    0.321176925    0.321176556
   42.399471573    0.321176850    0.321176560
   42.415140261    0.321176763    0.321176565
   42.430808950    0.321176678    0.321176570
   42.446477639    0.321176605    0.321176574
   42.462146327    0.321176556    0.321176580
   42.477815016    0.321176537    0.321176585
   42.493483705    0.321176550    0.321176591
   42.509152393    0.321176594    0.321176598
   42.524821082    0.321176663    0.321176605
   42.540489771    0.321176748    0.321176612
   42.556158460    0.321176837    0.321176619
   42.571827148    0.321176918    0.321176626
   42.587495837    0.321176980    0.321176632
   42.603164526    0.321177017    0.321176637
   42.618833214    0.321177022    0.321176642
   42.634501903    0.321176996    0.321176646
   42.650170592    0.321176942    0.321176650
   42.665839280    0.321176870    0.321176653
   42.681507969    0.321176788    0.321176656
   42.697176658    0.321176709    0.321176659
   42.712845346    0.321176643    0.321176663
   42.728514035    0.321176600    0.321176666
   42.744182724    0.321176585    0.321176671
   42.759851412    0.321176601    0.321176675
   42.775520101    0.321176646    0.321176680
   42.791188790    0.321176713    0.321176686
   42.806857478    0.321176793    0.321176691
   42.822526167    0.321176875    0.321176697
   42.838194856    0.321176949    0.321176702
   42.853863544    0.321177005    0.321176707
   42.869532233    0.321177035    0.321176711
   42.885200922    0.321177035    0.321176714
   42.900869611    0.321177007    0.321176717
   42.916538299    0.321176954    0.321176719
   42.932206988    0.321176884    0.321176722
   42.947875677    0.321176807    0.321176724
   42.963544365    0.321176734    0.321176726
   42.979213054    0.321176674    0.321176728
   42.994881743    0.321176637    0.321176731
   43.010550431    0.321176627    0.321176734
   43.026219120    0.321176645    0.321176738
   43.041887809    0.321176690    0.321176742
   43.057556497    0.321176754    0.321176746
   43.073225186    0.321176830    0.321176750
   43.088893875    0.321176906    0.321176755
   43.104562563    0.321176973    0.321176759
   43.120231252    0.321177022    0.321176762
   43.135899941    0.321177047    0.321176765
   43.151568629    0.321177044    0.321176768
   43.167237318    0.321177014    0.321176770
   43.182906007    0.321176962    0.321176772
   43.198574695    0.321176895    0.321176773
   43.214243384    0.321176823    0.321176774
   43.229912073    0.321176756    0.321176776
   43.245580762    0.321176702    0.321176777
   43.261249450    0.321176670    0.321176779
   43.276918139    0.321176663    0.321176782
   43.292586828    0.321176683    0.321176785
   43.308255516    0.321176727    0.321176788
   43.323924205    0.321176789    0.321176791
   43.339592894    0.321176860    0.321176795
   43.355261582    0.321176931    0.321176799
   43.370930271    0.321176992    0.321176802
   43.386598960    0.321177035    0.321176805
   43.402267648    0.321177055    0.321176807
   43.417936337    0.321177049    0.321176809
   43.433605026    0.321177019    0.321176810
   43.449273714    0.321176968    0.321176811
   43.464942403    0.321176905    0.321176812
   43.480611092    0.321176837    0.321176813
   43.496279780    0.321176775    0.321176814
   43.511948469    0.321176727    0.321176815
   43.527617158    0.321176699    0.321176816
   43.543285846    0.321176696    0.321176818
   43.558954535    0.321176717    0.321176821
   43.574623224    0.321176760    0.321176824
   43.590291913    0.321176819    0.321176827
   43.605960601    0.321176886    0.321176829
   43.621629290    0.321176951    0.321176832
   43.637297979    0.321177007    0.321176835
   43.652966667    0.321177045    0.321176837
   43.668635356    0.321177061    0.321176839
   43.684304045    0.321177053    0.321176840
   43.699972733    0.321177022    0.321176841
   43.715641422    0.321176973    0.321176842
   43.731310111    0.321176913    0.321176842
   43.746978799    0.321176850    0.321176843
   43.762647488    0.321176793    0.321176843
   43.778316177    0.321176750    0.321176844
   43.793984865    0.321176726    0.321176846
   43.809653554    0.321176725    0.321176847
   43.825322243    0.321176747    0.321176849
   43.840990931    0.321176789    0.321176851
   43.856659620    0.321176845    0.321176854
   43.872328309    0.321176907    0.321176856
   43.887996997    0.321176967    0.321176859
   43.903665686    0.321177018    0.321176861
   43.919334375    0.321177051    0.321176863
   43.935003064    0.321177064    0.321176864
   43.950671752    0.321177054    0.321176865
   43.966340441    0.321177024    0.321176866
   43.982009130    0.321176977    0.321176866
   43.997677818    0.321176920    0.321176866
   44.013346507    0.321176862    0.321176867
   44.029015196    0.321176810    0.321176867
   44.044683884    0.321176771    0.321176868
   44.060352573    0.321176750    0.321176869
   44.076021262    0.321176752    0.321176870
   44.091689950    0.321176774    0.321176872
   44.107358639    0.321176814    0.321176874
   44.123027328    0.321176867    0.321176876
   44.138696016    0.321176925    0.321176878
   44.154364705    0.321176980    0.321176880
   44.170033394    0.321177026    0.321176882
   44.185702082    0.321177055    0.321176883
   44.201370771    0.321177065    0.321176884
   44.217039460    0.321177055    0.321176885
   44.232708148    0.321177025    0.321176885
   44.248376837    0.321176980    0.321176886
   44.264045526    0.321176927    0.321176886
   44.279714215    0.321176873    0.321176886
   44.295382903    0.321176825    0.321176886
   44.311051592    0.321176790    0.321176886
   44.326720281    0.321176773    0.321176887
   44.342388969    0.321176775    0.321176888
   44.358057658    0.321176797    0.321176890
   44.373726347    0.321176835    0.321176891
   44.389395035    0.321176885    0.321176893
   44.405063724    0.321176939    0.321176895
   44.420732413    0.321176990    0.321176897
   44.436401101    0.321177031    0.321176898
   44.452069790    0.321177058    0.321176899
   44.467738479    0.321177066    0.321176900
   44.483407167    0.321177055    0.321176901
   44.499075856    0.321177026    0.321176901
   44.514744545    0.321176984    0.321176901
   44.530413233    0.321176934    0.321176901
   44.546081922    0.321176884    0.321176901
   44.561750611    0.321176840    0.321176901
   44.577419299    0.321176808    0.321176902
   44.593087988    0.321176793    0.321176902
   44.608756677    0.321176796    0.321176903
   44.624425366    0.321176818    0.321176904
   44.640094054    0.321176854    0.321176906
   44.655762743    0.321176900    0.321176907
   44.671431432    0.321176950    0.321176909
   44.687100120    0.321176997    0.321176910
   44.702768809    0.321177035    0.321176912
   44.718437498    0.321177059    0.321176913
   44.734106186    0.321177065    0.321176913
   44.749774875    0.321177054    0.321176914
   44.765443564    0.321177027    0.321176914
   44.781112252    0.321176987    0.321176914
   44.796780941    0.321176941    0.321176914
   44.812449630    0.321176894    0.321176914
   44.828118318    0.321176854    0.321176914
   44.843787007    0.321176825    0.321176914
   44.859455696    0.321176812    0.321176914
   44.875124384    0.321176815    0.321176915
   44.890793073    0.321176835    0.321176916
   44.906461762    0.321176869    0.321176918
   44.922130450    0.321176913    0.321176919
   44.937799139    0.321176959    0.321176920
   44.953467828    0.321177002    0.321176922
   44.969136517    0.321177037    0.321176923
   44.984805205    0.321177059    0.321176923
   45.000473894    0.321177064    0.321176924
   45.016142583    0.321177053    0.321176924
   45.031811271    0.321177027    0.321176924
   45.047479960    0.321176990    0.321176924
   45.063148649    0.321176947    0.321176924
   45.078817337    0.321176904    0.321176924
   45.094486026    0.321176867    0.321176924
   45.110154715    0.321176840    0.321176924
   45.125823403    0.321176828    0.321176924
   45.141492092    0.321176832    0.321176925
   45.157160781    0.321176851    0.321176926
   45.172829469    0.321176882    0.321176927
   45.188498158    0.321176922    0.321176928
   45.204166847    0.321176965    0.321176929
   45.219835535    0.321177006    0.321176931
   45.235504224    0.321177038    0.321176931
   45.251172913    0.321177057    0.321176932
   45.266841601    0.321177063    0.321176933
   45.282510290    0.321177052    0.321176933
   45.298178979    0.321177028    0.321176933
   45.313847668    0.321176994    0.321176933
   45.329516356    0.321176954    0.321176932
   45.345185045    0.321176914    0.321176932
   45.360853734    0.321176879    0.321176932
   45.376522422    0.321176854    0.321176932
   45.392191111    0.321176843    0.321176933
   45.407859800    0.321176846    0.321176933
   45.423528488    0.321176863    0.321176934
   45.439197177    0.321176892    0.321176935
   45.454865866    0.321176930    0.321176936
   45.470534554    0.321176969    0.321176937
   45.486203243    0.321177007    0.321176938
   45.501871932    0.321177037    0.321176939
   45.517540620    0.321177056    0.321176939
   45.533209309    0.321177061    0.321176939
   45.548877998    0.321177051    0.321176940
   45.564546686    0.321177029    0.321176940
   45.580215375    0.321176998    0.321176939
   45.595884064    0.321176960    0.321176939
   45.611552752    0.321176923    0.321176939
   45.627221441    0.321176890    0.321176939
   45.642890130    0.321176867    0.321176939
   45.658558819    0.321176855    0.321176939
   45.674227507    0.321176858    0.321176939
   45.689896196    0.321176873    0.321176940
   45.705564885    0.321176900    0.321176941
   45.721233573    0.321176934    0.321176942
   45.736902262    0.321176972    0.321176943
   45.752570951    0.321177007    0.321176943
   45.768239639    0.321177035    0.321176944
   45.783908328    0.321177053    0.321176945
   45.799577017    0.321177059    0.321176945
   45.815245705    0.321177051    0.321176945
   45.830914394    0.321177031    0.321176945
   45.846583083    0.321177001    0.321176945
   45.862251771    0.321176967    0.321176944
   45.877920460    0.321176932    0.321176944
   45.893589149    0.321176901    0.321176944
   45.909257837    0.321176878    0.321176944
   45.924926526    0.321176866    0.321176944
   45.940595215    0.321176867    0.321176944
   45.956263903    0.321176881    0.321176945
   45.971932592    0.321176905    0.321176945
   45.987601281    0.321176937    0.321176946
   46.003269970    0.321176972    0.321176947
   46.018938658    0.321177005    0.321176948
   46.034607347    0.321177033    0.321176948
   46.050276036    0.321177050    0.321176949
   46.065944724    0.321177056    0.321176949
   46.081613413    0.321177050    0.321176949
   46.097282102    0.321177032    0.321176949
   46.112950790    0.321177005    0.321176949
   46.128619479    0.321176973    0.321176948
   46.144288168    0.321176940    0.321176948
   46.159956856    0.321176910    0.321176948
   46.175625545    0.321176887    0.321176948
   46.191294234    0.321176875    0.321176948
   46.206962922    0.321176875    0.321176948
   46.222631611    0.321176886    0.321176948
   46.238300300    0.321176908    0.321176949
   46.253968988    0.321176938    0.321176949
   46.269637677    0.321176971    0.321176950
   46.285306366    0.321177002    0.321176951
   46.300975054    0.321177029    0.321176951
   46.316643743    0.321177047    0.321176952
   46.332312432    0.321177054    0.321176952
   46.347981121    0.321177050    0.321176952
   46.363649809    0.321177034    0.321176952
   46.379318498    0.321177009    0.321176951
   46.394987187    0.321176979    0.321176951
   46.410655875    0.321176947    0.321176951
   46.426324564    0.321176917    0.321176950
   46.441993253    0.321176895    0.321176950
   46.457661941    0.321176882    0.321176950
   46.473330630    0.321176880    0.321176950
   46.488999319    0.321176889    0.321176950
   46.504668007    0.321176909    0.321176951
   46.520336696    0.321176937    0.321176951
   46.536005385    0.321176968    0.321176952
   46.551674073    0.321176999    0.321176952
   46.567342762    0.321177025    0.321176953
   46.583011451    0.321177044    0.321176953
   46.598680139    0.321177052    0.321176953
   46.614348828    0.321177050    0.321176953
   46.630017517    0.321177036    0.321176953
   46.645686205    0.321177013    0.321176953
   46.661354894    0.321176984    0.321176952
   46.677023583    0.321176953    0.321176952
   46.692692272    0.321176924    0.321176952
   46.708360960    0.321176901    0.321176951
   46.724029649    0.321176886    0.321176951
   46.739698338    0.321176883    0.321176951
   46.755367026    0.321176890    0.321176951
   46.771035715    0.321176908    0.321176952
   46.786704404    0.321176933    0.321176952
   46.802373092    0.321176963    0.321176953
   46.818041781    0.321176994    0.321176953
   46.833710470    0.321177021    0.321176953
   46.849379158    0.321177041    0.321176954
   46.865047847    0.321177051    0.321176954
   46.880716536    0.321177050    0.321176954
   46.896385224    0.321177038    0.321176954
   46.912053913    0.321177017    0.321176953
   46.927722602    0.321176989    0.321176953
   46.943391290    0.321176958    0.321176952
   46.959059979    0.321176929    0.321176952
   46.974728668    0.321176905    0.321176952
   46.990397356    0.321176889    0.321176951
