
*** this is deckbuild version 5.0.10.R ***

go atlas


                                   A T L A S

            Version:  atlas 5.28.1.R (Wed Jun  5 11:14:46 PDT 2019)

                           Copyright (c) 1984 - 2019
                        Silvaco Inc. All rights reserved

    We acknowledge the contribution of the following collaborative partners:

                              Stanford University



               ======================================================

                  ATLAS                           : enabled

                  S-PISCES                        : enabled

                  BLAZE                           : enabled

                  GIGA                            : enabled

                  LUMINOUS                        : enabled

                  LED                             : enabled

                  TFT                             : enabled

                  ORGANIC DISPLAY                 : enabled

                  ORGANIC SOLAR                   : enabled

                  MIXEDMODE                       : enabled

                  LASER                           : enabled

                  VCSEL                           : enabled

                  FERRO                           : enabled

                  QUANTUM                         : enabled

                  NOISE                           : enabled

                  REM                             : enabled

                  MAGNETIC                        : enabled

                  DEVICE3D                        : enabled

                  THERMAL3D                       : enabled

                  GIGA3D                          : enabled

                  MIXEDMODE3D                     : enabled

                  TFT3D                           : enabled

                  QUANTUM3D                       : enabled

                  LUMINOUS3D                      : enabled

                  REM3D                           : enabled

                  MAGNETIC3D                      : enabled

                  LED3D                           : enabled

                  LASER3D                         : enabled

                  MIXEDMODE XL                    : enabled

                  S-PISCES BUNDLE                 : not licensed

                  BLAZE BUNDLE                    : not licensed

                  TFT BUNDLE                      : not licensed

                  ORGANIC BUNDLE                  : not licensed

                  DEVICE3D BUNDLE                 : not licensed

                  TFT3D BUNDLE                    : not licensed

               ======================================================

                           Sat Sep 12 16:07:18 2026

                            Executing on host: dell
                     Current SFLM Server: 127.0.0.1:3162/



ATLAS> title IWO 2 nm - independent rebuild - uncalibrated
*********************************************
IWO 2 nm - independent rebuild - uncalibrated
*********************************************
ATLAS> # Units: um. Geometry fixed by the target; electronic parameters are hypotheses.
ATLAS> # n+Si support is screened by ideal TiN and excluded from this electrical domain.
ATLAS> # Physical stack: n+Si / TiN50 / HfO2 15 / Al2O3 2 / IWO / Pd70 nm.
ATLAS> # Air above the exposed channel; no artificial SiO2 overlayer.
ATLAS> # Width-one currents are A/um. Physical device total current is 290 times that.
ATLAS> 
ATLAS> # 1. Direct rectangular mesh; no imported process mesh.
ATLAS> mesh width=1
	####################################################
	######                                        ######
	######           Running on 1 CPU             ######
	######           20 CPUs available            ######
	######                                        ######
	####################################################
ATLAS> x.mesh loc=0 spac=0.5
ATLAS> x.mesh loc=1.8 spac=0.1
ATLAS> x.mesh loc=2 spac=0.05
ATLAS> x.mesh loc=2.2 spac=0.1
ATLAS> x.mesh loc=12 spac=0.5
ATLAS> x.mesh loc=21.8 spac=0.1
ATLAS> x.mesh loc=22 spac=0.05
ATLAS> x.mesh loc=22.2 spac=0.1
ATLAS> x.mesh loc=24 spac=0.5
ATLAS> y.mesh loc=-0.072 spac=0.015
ATLAS> y.mesh loc=-0.022 spac=0.005
ATLAS> y.mesh loc=-0.004 spac=0.001
ATLAS> y.mesh loc=-0.002 spac=0.000125
ATLAS> y.mesh loc=-0.001875 spac=0.000125
ATLAS> y.mesh loc=-0.00175 spac=0.000125
ATLAS> y.mesh loc=-0.001625 spac=0.000125
ATLAS> y.mesh loc=-0.0015 spac=0.000125
ATLAS> y.mesh loc=-0.001375 spac=0.000125
ATLAS> y.mesh loc=-0.00125 spac=0.000125
ATLAS> y.mesh loc=-0.001125 spac=0.000125
ATLAS> y.mesh loc=-0.001 spac=0.000125
ATLAS> y.mesh loc=-0.000875 spac=0.000125
ATLAS> y.mesh loc=-0.00075 spac=0.000125
ATLAS> y.mesh loc=-0.000625 spac=0.000125
ATLAS> y.mesh loc=-0.0005 spac=0.000125
ATLAS> y.mesh loc=-0.000375 spac=0.000125
ATLAS> y.mesh loc=-0.00025 spac=0.000125
ATLAS> y.mesh loc=-0.000125 spac=0.000125
ATLAS> y.mesh loc=0 spac=0.000125
ATLAS> y.mesh loc=0.00025 spac=0.00025
ATLAS> y.mesh loc=0.0005 spac=0.00025
ATLAS> y.mesh loc=0.00075 spac=0.00025
ATLAS> y.mesh loc=0.001 spac=0.00025
ATLAS> y.mesh loc=0.00125 spac=0.00025
ATLAS> y.mesh loc=0.0015 spac=0.00025
ATLAS> y.mesh loc=0.00175 spac=0.00025
ATLAS> y.mesh loc=0.002 spac=0.00025
ATLAS> y.mesh loc=0.00275 spac=0.00075
ATLAS> y.mesh loc=0.0035 spac=0.00075
ATLAS> y.mesh loc=0.00425 spac=0.00075
ATLAS> y.mesh loc=0.005 spac=0.00075
ATLAS> y.mesh loc=0.00575 spac=0.00075
ATLAS> y.mesh loc=0.0065 spac=0.00075
ATLAS> y.mesh loc=0.00725 spac=0.00075
ATLAS> y.mesh loc=0.008 spac=0.00075
ATLAS> y.mesh loc=0.00875 spac=0.00075
ATLAS> y.mesh loc=0.0095 spac=0.00075
ATLAS> y.mesh loc=0.01025 spac=0.00075
ATLAS> y.mesh loc=0.011 spac=0.00075
ATLAS> y.mesh loc=0.01175 spac=0.00075
ATLAS> y.mesh loc=0.0125 spac=0.00075
ATLAS> y.mesh loc=0.01325 spac=0.00075
ATLAS> y.mesh loc=0.014 spac=0.00075
ATLAS> y.mesh loc=0.01475 spac=0.00075
ATLAS> y.mesh loc=0.0155 spac=0.00075
ATLAS> y.mesh loc=0.01625 spac=0.00075
ATLAS> y.mesh loc=0.017 spac=0.00075
ATLAS> y.mesh loc=0.067 spac=0.01
ATLAS> 
ATLAS> # 2. Active stack and physical metal volumes.
ATLAS> region num=1 material=Air y.min=-0.072 y.max=-0.002
ATLAS> region num=2 user.material=IWO y.min=-0.002 y.max=0
ATLAS> region num=3 material=Al2O3 y.min=0 y.max=0.002
ATLAS> region num=4 material=HfO2 y.min=0.002 y.max=0.017
ATLAS> region num=5 material=Conductor y.min=0.017 y.max=0.067
ATLAS> electrode num=1 name=gate material=Conductor x.min=0 x.max=24 y.min=0.017 y.max=0.067
 
Electrode #1
Name: gate                
 Number of boundary nodes: 1470
 Dimensions in microns: 
       min         max
 x 0.000e+000  2.400e+001 
 y 1.700e-002  6.700e-002 

ATLAS> electrode num=2 name=source material=Palladium x.min=0 x.max=2 y.min=-0.072 y.max=-0.002
 
Electrode #2
Name: source              
 Number of boundary nodes: 187
 Dimensions in microns: 
       min         max
 x 0.000e+000  2.000e+000 
 y -7.200e-002  -2.000e-003 

ATLAS> electrode num=3 name=drain material=Palladium x.min=22 x.max=24 y.min=-0.072 y.max=-0.002
 
Electrode #3
Name: drain               
 Number of boundary nodes: 187
 Dimensions in microns: 
       min         max
 x 2.200e+001  2.400e+001 
 y -7.200e-002  -2.000e-003 

ATLAS> 
ATLAS> # 3. Custom IWO; unlisted inherited constants remain a limitation.
ATLAS> material material=IWO user.group=semiconductor user.default=silicon  eg300=3.05 affinity=4.3 permittivity=9.3  nc300=5e+18 nv300=1e+19  mun=13.3 mup=0.01  taun0=1e-06 taup0=1e-06

Mesh
 Type:               non-cylindrical
 Width:              1
 Total grid points:  8085
 Total triangles  :  15808
 Obtuse triangles :  0  (0 %)
ATLAS> material material=Al2O3 permittivity=9
ATLAS> material material=HfO2 permittivity=19.57
ATLAS> material material=Air permittivity=1
ATLAS> doping uniform n.type conc=2e+17 region=2
  
 Warning: Statement out of order. Structure 
 creation statements (MESH, X.MESH, Y.MESH, REGION,
 ELECTRODE and DOPING) preceed all output, contact,
 material, models or solution control statements.
  
ATLAS> 
ATLAS> # 4. Native electrical boundary conditions.
ATLAS> contact name=gate workfunction=4.765
ATLAS> contact name=source workfunction=4.45 surf.rec
ATLAS> contact name=drain workfunction=4.45 surf.rec
ATLAS> models srh fermi temp=300 print
ATLAS> 
ATLAS> # 5. Native bulk DOS: peak cm^-3/eV; donor center referenced to Ev.
ATLAS> defects region=2 continuous numa=384 numd=192  nta=5.5e+20 wta=0.04 ntd=0 wtd=0.1  nga=0 ega=0.3 wga=0.15  ngd=0 egd=2.85 wgd=0.1  sigtae=1e-15 sigtah=1e-15 sigtde=1e-15 sigtdh=1e-15  siggae=1e-15 siggah=1e-15 siggde=1e-15 siggdh=1e-15  afile=bulk_acceptor.dat dfile=bulk_donor.dat
ATLAS> 
ATLAS> # 7. Numerical controls and independent interior-point diagnostics.
ATLAS> method newton carriers=1 electrons trap maxtrap=10 itlimit=60 climit=1e-6 cr.toler=1e-20 ir.tol=1e-20 cx.toler=1e-6

Continuous trap energy used for DEFECTS statement 1


CONSTANTS:
 Boltzmann's constant  = 1.38066e-023 J/K
 Elementary charge     = 1.60219e-019 C
 Permitivity in vacuum = 8.85419e-014 F/cm
 Temperature           = 300 K
 Thermal voltage       = 0.025852 V

REGIONAL MATERIAL PARAMETERS:
 Region       :        1         2         3         4         5         6         7         8   
 Material     :        Air       IWO     Al2O3      HfO2 Conductor Conductor Palladium Palladium 
 Type         :    insulator semicond. insulator insulator   metal     metal     metal     metal  

 Average Composition Fraction 
 X-composition:         0         0         0         0         0         0         0         0 
 Y-composition:         0         0         0         0         0         0         0         0 

 Band Parameters
 Epsilon      :         1       9.3         9      19.6                                         
 Eg (eV)      :         9      3.05         9       5.7                                         
 Chi (eV)     :       0.9       4.3       0.9         0                                         
 Nc (per cc)  :              5e+018                                                             
 Nv (per cc)  :              1e+019                                                             
 ni (per cc)  :            1.7e-007                                                             

 Bandgap narrowing parameters 
 bgn.e (eV)   :               0.009                                                             
 bgn.n (/cc)  :              1e+017                                                             
 bgn.c        :                 0.5                                                             
 ubgn.b       :            3.1e+012                                                             
 ubgn.c       :            3.9e-005                                                             
 bgn.shnk.me  :               0.321                                                             
 bgn.shnk.mh  :               0.346                                                             
 bgn.shnk.eps :                11.7                                                             
 bgn.shnk.ge  :                  12                                                             
 bgn.shnk.gh  :                   4                                                             
 bgn.lind.anc :             0.00974                                                             
 bgn.lind.bnc :             0.00139                                                             
 bgn.lind.anv :              0.0127                                                             
 bgn.lind.bnv :              0.0014                                                             
 bgn.lind.apc :              0.0114                                                             
 bgn.lind.bpc :             0.00205                                                             
 bgn.lind.apv :              0.0111                                                             
 bgn.lind.bpv :             0.00206                                                             
 bgn.lind.cpv :                   0                                                             
 bgn.lind.nd  :              1e+018                                                             
 bgn.lind.na  :              1e+018                                                             

 Effective Richardson Constants
 An*          :                 110                                                             
 Ap*          :                  30                                                             

 Recombination Parameters
 taun0        :              1e-006                                                             
 taup0        :              1e-006                                                             
 etrap        :                   0                                                             
 lt.taun      :                   0                                                             
 lt.taup      :                   0                                                             
 nsrhn        :              5e+016                                                             
 nsrhp        :              5e+016                                                             
 ksrhtn       :              0.0025                                                             
 ksrhtp       :              0.0025                                                             
 ksrhcn       :              3e-013                                                             
 ksrhcp       :           1.18e-012                                                             
 ksrhgn       :                1.77                                                             
 ksrhgp       :                0.57                                                             
 nsrhn        :              5e+016                                                             
 nsrhp        :              5e+016                                                             
 augn         :            2.8e-031                                                             
 augp         :            9.9e-032                                                             
 augkn        :                   0                                                             
 augkp        :                   0                                                             
 kaugcn       :           1.83e-031                                                             
 kaugcp       :           2.78e-031                                                             
 kaugdn       :                1.18                                                             
 kaugdp       :                0.72                                                             
 aug.cnl      :            2.2e-031                                                             
 aug.cpl      :            9.2e-032                                                             
 aug.chi      :           1.66e-030                                                             
 hns.ae       :            6.7e-032                                                             
 hns.ah       :            7.2e-032                                                             
 hns.be       :           2.45e-031                                                             
 hns.bh       :            4.5e-033                                                             
 hns.ce       :           -2.2e-032                                                             
 hns.ch       :           2.63e-032                                                             
 hns.he       :                3.47                                                             
 hns.hh       :                8.26                                                             
 hns.n0e      :              1e+018                                                             
 hns.p0e      :              1e+018                                                             
 copt         :                   0                                                             

 Band-to-band tunneling Parameters
 mass.tunnel  :                0.25                                                             
 me.tunnel    :               0.322                                                             
 mh.tunnel    :               0.549                                                             

 Thermal Velocities
 vn (cm/s)    :           1.08e+007                                                             
 vp (cm/s)    :            1.3e+007                                                             

 Saturation Velocities
 vsatn (cm/s) :           1.03e+007                                                             
 vsatp (cm/s) :           1.03e+007                                                             

 Piezoelectric Parameters
 e33 (C/m^2)  :                   0                                                             
 e31 (C/m^2)  :                   0                                                             
 Psp (C/m^2)  :                   0                                                             
 Alattice (Å) :         0      5.43         0         0                                         

REGIONAL MODEL FLAGS:
 Region:          1    2    3    4    5    6    7    8 
 SRH                   T                                
 consrh                F                                
 klasrh                F                                
 Auger                 F                                
 klaaug                F                                
 picaug                F                                
 hnsaug                F                                
 auggen                F                                
 kerraug               F                                
 richteraug            F                                
 optr                  F                                
 optr.gb               F                                
 bgn(std/kla)          F                                
 ubgn                  F                                
 bgn.alamo             F                                
 bgn.bennett           F                                
 bgn.schenk            F                                
 bgn.lind              F                                
 bgn.persson           F                                
 incomplete            F                                
 inc.two_level         F                                
 inc.ion               F                                
 ioniz                 F                                
 inc.cryo              F                                
 bbt                   F                                
 bbtauto               F                                
 bbthurkx              F                                
 bbtkane               F                                
 bbtschenk             F                                
 bbtheigl              F                                
 bbtnonlocal           F                                
 tat(local)            F                                
 tatnonlocal           F                                
 tat(coulombic)        F                                
 impact                F                                
 Boltzmann             F                                
 Fermi-Dirac           T                                

Gain and Rsp scaling
  Gain scale factor  :         1         1         1         1 
  Rsp scale factor   :         1         1         1         1 


REGIONAL MOBILITY MODEL SUMMARY:

  Region #2:

    Model for Electrons:

      Concentration Independent Mobility
      @ Temperature =     300 Kelvin 
        mu  = 13.3
        tmu = 1.5



    Model for Holes:

      Concentration Independent Mobility
      @ Temperature =     300 Kelvin 
        mu  = 0.01
        tmu = 1.5




Contacts:
Name         Num  Work fn    Resist.    Capacit.   Induct.
                   (eV)      (Ohms)     (Farads)   (Henries)
gate          1     4.765   0.000E+00  0.000E+00  0.000E+00
source        2     4.450   0.000E+00  0.000E+00  0.000E+00
drain         3     4.450   0.000E+00  0.000E+00  0.000E+00
  
ATLAS> output con.band val.band e.mobility traps traps.ft int.charge charge
ATLAS> probe name=channel_mobility x=12.037 y=-0.00094 n.mob dir=0
ATLAS> probe name=channel_electrons x=12.037 y=-0.00094 n.conc
ATLAS> probe name=bulk_free_electrons region=2 average n.conc x.min=2 x.max=22 y.min=-0.002 y.max=0
ATLAS> probe name=bulk_ionized_acceptors region=2 average concacc.ctrap x.min=2 x.max=22 y.min=-0.002 y.max=0
ATLAS> probe name=bulk_ionized_donors region=2 average concdon.ctrap x.min=2 x.max=22 y.min=-0.002 y.max=0
ATLAS> save outf=geometry.str

Starting module:   BLAZE                          


Starting module:   TFT                            


MASTER format file written to geometry.str at Sat Sep 12 16:07:24 2026

ATLAS> solve init

Obtaining static solution:


init           psi    psi 
direct          x     rhs 
   i    j  m  -5.00* -26.0*
---------------------------
   1    1  G   0.000 -13.27
   1    2  G  -0.301 -13.37
   1    3  G  -0.477 -13.51
   1    4  G  -0.602 -13.58
   1    5  G  -0.856 -13.73
   1    6  G  -9.58* -25.48
  
ATLAS> save outf=equilibrium.str

MASTER format file written to equilibrium.str at Sat Sep 12 16:07:26 2026

ATLAS> solve vsource=0

Obtaining static solution:


prev           psi     n     psi     n  
direct          x      x     rhs    rhs 
   i    j  m  -5.00* -6.00* -26.0* -20.0*
-----------------------------------------
   1       N  -11.9* -11.9* -28.3* -18.39

Electrode       Va(V)        In(A)       Ic(A)       It(A)
=============================================================
gate           0.000e+000  0.000e+000  0.000e+000  0.000e+000
source         0.000e+000  0.000e+000  0.000e+000  0.000e+000
drain          0.000e+000  0.000e+000  0.000e+000  0.000e+000
Total                                              0.000e+000

Time for bias point:   0.90 sec. 
Total time:            9.02 sec. 
  
ATLAS> solve vgate=-0.1

Obtaining static solution:

 V(   gate  ) = -0.1        


prev           psi     n     psi     n  
direct          x      x     rhs    rhs 
   i    j  m  -5.00* -6.00* -26.0* -20.0*
-----------------------------------------
   1       N   0.587 -0.154 -18.73 -6.009
   2       N  -2.695 -0.019 -19.57 -9.780
   3       N  -3.722 -1.989 -26.3* -13.50
   4       N  -9.29* -6.62* -28.1* -18.41

Electrode       Va(V)        In(A)       Ic(A)       It(A)
=============================================================
gate          -1.000e-001  0.000e+000  0.000e+000  0.000e+000
source         0.000e+000  0.000e+000  0.000e+000  0.000e+000
drain          0.000e+000  0.000e+000  0.000e+000  0.000e+000
Total                                              0.000e+000

Time for bias point:   2.66 sec. 
Total time:           11.91 sec. 
  
ATLAS> solve vgate=-0.2

Obtaining static solution:

 V(   gate  ) = -0.2        


proj           psi     n     psi     n  
direct          x      x     rhs    rhs 
   i    j  m  -5.00* -6.00* -26.0* -20.0*
-----------------------------------------
   1       N  -2.524 -2.520 -23.75 -10.83
   2       N  -7.49* -5.346 -28.0* -18.34
   3       N  -11.7* -11.7* -28.0* -18.16

Electrode       Va(V)        In(A)       Ic(A)       It(A)
=============================================================
gate          -2.000e-001  0.000e+000  0.000e+000  0.000e+000
source         0.000e+000  0.000e+000  0.000e+000  0.000e+000
drain          0.000e+000  0.000e+000  0.000e+000  0.000e+000
Total                                              0.000e+000

Time for bias point:   2.19 sec. 
Total time:           14.21 sec. 
  
ATLAS> solve vgate=-0.3

Obtaining static solution:

 V(   gate  ) = -0.3        


proj           psi     n     psi     n  
direct          x      x     rhs    rhs 
   i    j  m  -5.00* -6.00* -26.0* -20.0*
-----------------------------------------
   1       N  -2.657 -2.654 -24.10 -11.10
   2       N  -7.86* -5.611 -28.1* -18.34
   3       N  -11.6* -11.6* -28.1* -18.34

Electrode       Va(V)        In(A)       Ic(A)       It(A)
=============================================================
gate          -3.000e-001  0.000e+000  0.000e+000  0.000e+000
source         0.000e+000  0.000e+000  0.000e+000  0.000e+000
drain          0.000e+000  0.000e+000  0.000e+000  0.000e+000
Total                                              0.000e+000

Time for bias point:   2.91 sec. 
Total time:           17.21 sec. 
  
ATLAS> solve vgate=-0.4

Obtaining static solution:

 V(   gate  ) = -0.4        


proj           psi     n     psi     n  
direct          x      x     rhs    rhs 
   i    j  m  -5.00* -6.00* -26.0* -20.0*
-----------------------------------------
   1       N  -2.789 -2.786 -24.43 -11.36
   2       N  -8.22* -5.874 -28.0* -18.52
   3       N  -11.7* -11.7* -27.9* -18.41

Electrode       Va(V)        In(A)       Ic(A)       It(A)
=============================================================
gate          -4.000e-001  0.000e+000  0.000e+000  0.000e+000
source         0.000e+000  0.000e+000  0.000e+000  0.000e+000
drain          0.000e+000  0.000e+000  0.000e+000  0.000e+000
Total                                              0.000e+000

Time for bias point:   2.80 sec. 
Total time:           20.18 sec. 
  
ATLAS> solve vgate=-0.5

Obtaining static solution:

 V(   gate  ) = -0.5        


proj           psi     n     psi     n  
direct          x      x     rhs    rhs 
   i    j  m  -5.00* -6.00* -26.0* -20.0*
-----------------------------------------
   1       N  -2.916 -2.914 -24.75 -11.62
   2       N  -8.57* -6.13* -27.9* -18.43

Electrode       Va(V)        In(A)       Ic(A)       It(A)
=============================================================
gate          -5.000e-001  0.000e+000  0.000e+000  0.000e+000
source         0.000e+000  0.000e+000  0.000e+000  0.000e+000
drain          0.000e+000  0.000e+000  0.000e+000  0.000e+000
Total                                              0.000e+000

Time for bias point:   1.72 sec. 
Total time:           21.95 sec. 
  
ATLAS> solve vgate=-0.6

Obtaining static solution:

 V(   gate  ) = -0.6        


proj           psi     n     psi     n  
direct          x      x     rhs    rhs 
   i    j  m  -5.00* -6.00* -26.0* -20.0*
-----------------------------------------
   1       N  -3.041 -3.039 -25.05 -11.88
   2       N  -8.91* -6.38* -27.8* -18.47

Electrode       Va(V)        In(A)       Ic(A)       It(A)
=============================================================
gate          -6.000e-001  0.000e+000  0.000e+000  0.000e+000
source         0.000e+000  0.000e+000  0.000e+000  0.000e+000
drain          0.000e+000  0.000e+000  0.000e+000  0.000e+000
Total                                              0.000e+000

Time for bias point:   2.05 sec. 
Total time:           24.19 sec. 
  
ATLAS> solve vgate=-0.7

Obtaining static solution:

 V(   gate  ) = -0.7        


proj           psi     n     psi     n  
direct          x      x     rhs    rhs 
   i    j  m  -5.00* -6.00* -26.0* -20.0*
-----------------------------------------
   1       N  -3.163 -3.162 -25.34 -12.10
   2       N  -9.25* -6.62* -27.8* -18.53

Electrode       Va(V)        In(A)       Ic(A)       It(A)
=============================================================
gate          -7.000e-001  0.000e+000  0.000e+000  0.000e+000
source         0.000e+000  0.000e+000  0.000e+000  0.000e+000
drain          0.000e+000  0.000e+000  0.000e+000  0.000e+000
Total                                              0.000e+000

Time for bias point:   1.96 sec. 
Total time:           26.28 sec. 
  
ATLAS> solve vgate=-0.8

Obtaining static solution:

 V(   gate  ) = -0.8        


proj           psi     n     psi     n  
direct          x      x     rhs    rhs 
   i    j  m  -5.00* -6.00* -26.0* -20.0*
-----------------------------------------
   1       N  -3.282 -3.282 -25.61 -12.31
   2       N  -9.57* -6.86* -27.7* -18.44

Electrode       Va(V)        In(A)       Ic(A)       It(A)
=============================================================
gate          -8.000e-001  0.000e+000  0.000e+000  0.000e+000
source         0.000e+000  0.000e+000  0.000e+000  0.000e+000
drain          0.000e+000  0.000e+000  0.000e+000  0.000e+000
Total                                              0.000e+000

Time for bias point:   1.87 sec. 
Total time:           28.29 sec. 
  
ATLAS> solve vgate=-0.9

Obtaining static solution:

 V(   gate  ) = -0.9        


proj           psi     n     psi     n  
direct          x      x     rhs    rhs 
   i    j  m  -5.00* -6.00* -26.0* -20.0*
-----------------------------------------
   1       N  -3.399 -3.399 -25.87 -12.51
   2       N  -9.88* -7.09* -27.7* -18.38

Electrode       Va(V)        In(A)       Ic(A)       It(A)
=============================================================
gate          -9.000e-001  0.000e+000  0.000e+000  0.000e+000
source         0.000e+000  0.000e+000  0.000e+000  0.000e+000
drain          0.000e+000  0.000e+000  0.000e+000  0.000e+000
Total                                              0.000e+000

Time for bias point:   2.07 sec. 
Total time:           30.45 sec. 
  
ATLAS> solve vgate=-1

Obtaining static solution:

 V(   gate  ) = -1          


proj           psi     n     psi     n  
direct          x      x     rhs    rhs 
   i    j  m  -5.00* -6.00* -26.0* -20.0*
-----------------------------------------
   1       N  -3.512 -3.512 -26.1* -12.70
   2       N  -10.2* -7.32* -27.6* -18.24

Electrode       Va(V)        In(A)       Ic(A)       It(A)
=============================================================
gate          -1.000e+000  0.000e+000  0.000e+000  0.000e+000
source         0.000e+000  0.000e+000  0.000e+000  0.000e+000
drain          0.000e+000  0.000e+000  0.000e+000  0.000e+000
Total                                              0.000e+000

Time for bias point:   2.33 sec. 
Total time:           32.93 sec. 
  
ATLAS> solve vgate=-1.1

Obtaining static solution:

 V(   gate  ) = -1.1        


proj           psi     n     psi     n  
direct          x      x     rhs    rhs 
   i    j  m  -5.00* -6.00* -26.0* -20.0*
-----------------------------------------
   1       N  -3.621 -3.621 -26.4* -12.88
   2       N  -10.5* -7.54* -27.7* -18.60

Electrode       Va(V)        In(A)       Ic(A)       It(A)
=============================================================
gate          -1.100e+000  0.000e+000  0.000e+000  0.000e+000
source         0.000e+000  0.000e+000  0.000e+000  0.000e+000
drain          0.000e+000  0.000e+000  0.000e+000  0.000e+000
Total                                              0.000e+000

Time for bias point:   2.11 sec. 
Total time:           35.19 sec. 
  
ATLAS> solve vgate=-1.2

Obtaining static solution:

 V(   gate  ) = -1.2        


proj           psi     n     psi     n  
direct          x      x     rhs    rhs 
   i    j  m  -5.00* -6.00* -26.0* -20.0*
-----------------------------------------
   1       N  -3.727 -3.726 -26.6* -13.06
   2       N  -10.7* -7.75* -27.7* -18.54

Electrode       Va(V)        In(A)       Ic(A)       It(A)
=============================================================
gate          -1.200e+000  0.000e+000  0.000e+000  0.000e+000
source         0.000e+000  0.000e+000  0.000e+000  0.000e+000
drain          0.000e+000  0.000e+000  0.000e+000  0.000e+000
Total                                              0.000e+000

Time for bias point:   2.35 sec. 
Total time:           37.64 sec. 
  
ATLAS> solve vgate=-1.3

Obtaining static solution:

 V(   gate  ) = -1.3        


proj           psi     n     psi     n  
direct          x      x     rhs    rhs 
   i    j  m  -5.00* -6.00* -26.0* -20.0*
-----------------------------------------
   1       N  -3.828 -3.828 -26.8* -13.23
   2       N  -11.0* -7.95* -27.5* -18.48

Electrode       Va(V)        In(A)       Ic(A)       It(A)
=============================================================
gate          -1.300e+000  0.000e+000  0.000e+000  0.000e+000
source         0.000e+000  0.000e+000  0.000e+000  0.000e+000
drain          0.000e+000  0.000e+000  0.000e+000  0.000e+000
Total                                              0.000e+000

Time for bias point:   1.95 sec. 
Total time:           39.73 sec. 
  
ATLAS> solve vgate=-1.4

Obtaining static solution:

 V(   gate  ) = -1.4        


proj           psi     n     psi     n  
direct          x      x     rhs    rhs 
   i    j  m  -5.00* -6.00* -26.0* -20.0*
-----------------------------------------
   1       N  -3.926 -3.926 -27.0* -13.39
   2       N  -11.2* -8.14* -27.6* -18.53

Electrode       Va(V)        In(A)       Ic(A)       It(A)
=============================================================
gate          -1.400e+000  0.000e+000  0.000e+000  0.000e+000
source         0.000e+000  0.000e+000  0.000e+000  0.000e+000
drain          0.000e+000  0.000e+000  0.000e+000  0.000e+000
Total                                              0.000e+000

Time for bias point:   2.17 sec. 
Total time:           42.05 sec. 
  
ATLAS> solve vgate=-1.5

Obtaining static solution:

 V(   gate  ) = -1.5        


proj           psi     n     psi     n  
direct          x      x     rhs    rhs 
   i    j  m  -5.00* -6.00* -26.0* -20.0*
-----------------------------------------
   1       N  -4.020 -4.020 -27.2* -13.54
   2       N  -11.4* -8.33* -27.6* -18.71

Electrode       Va(V)        In(A)       Ic(A)       It(A)
=============================================================
gate          -1.500e+000  0.000e+000  0.000e+000  0.000e+000
source         0.000e+000  0.000e+000  0.000e+000  0.000e+000
drain          0.000e+000  0.000e+000  0.000e+000  0.000e+000
Total                                              0.000e+000

Time for bias point:   4.55 sec. 
Total time:           46.72 sec. 
  
ATLAS> solve vgate=-1.6

Obtaining static solution:

 V(   gate  ) = -1.6        


proj           psi     n     psi     n  
direct          x      x     rhs    rhs 
   i    j  m  -5.00* -6.00* -26.0* -20.0*
-----------------------------------------
   1       N  -4.110 -4.110 -27.3* -13.69
   2       N  -11.3* -8.51* -27.5* -18.61

Electrode       Va(V)        In(A)       Ic(A)       It(A)
=============================================================
gate          -1.600e+000  0.000e+000  0.000e+000  0.000e+000
source         0.000e+000  0.000e+000  0.000e+000  0.000e+000
drain          0.000e+000  0.000e+000  0.000e+000  0.000e+000
Total                                              0.000e+000

Time for bias point:   1.89 sec. 
Total time:           48.71 sec. 
  
ATLAS> solve vgate=-1.7

Obtaining static solution:

 V(   gate  ) = -1.7        


proj           psi     n     psi     n  
direct          x      x     rhs    rhs 
   i    j  m  -5.00* -6.00* -26.0* -20.0*
-----------------------------------------
   1       N  -4.196 -4.196 -27.5* -13.83
   2       N  -11.2* -8.68* -27.4* -18.61

Electrode       Va(V)        In(A)       Ic(A)       It(A)
=============================================================
gate          -1.700e+000  0.000e+000  0.000e+000  0.000e+000
source         0.000e+000  0.000e+000  0.000e+000  0.000e+000
drain          0.000e+000  0.000e+000  0.000e+000  0.000e+000
Total                                              0.000e+000

Time for bias point:   1.80 sec. 
Total time:           50.64 sec. 
  
ATLAS> solve vgate=-1.8

Obtaining static solution:

 V(   gate  ) = -1.8        


proj           psi     n     psi     n  
direct          x      x     rhs    rhs 
   i    j  m  -5.00* -6.00* -26.0* -20.0*
-----------------------------------------
   1       N  -4.279 -4.279 -27.5* -13.96
   2       N  -11.0* -8.85* -27.4* -18.61

Electrode       Va(V)        In(A)       Ic(A)       It(A)
=============================================================
gate          -1.800e+000  0.000e+000  0.000e+000  0.000e+000
source         0.000e+000  0.000e+000  0.000e+000  0.000e+000
drain          0.000e+000  0.000e+000  0.000e+000  0.000e+000
Total                                              0.000e+000

Time for bias point:   2.14 sec. 
Total time:           52.87 sec. 
  
ATLAS> solve vgate=-1.9

Obtaining static solution:

 V(   gate  ) = -1.9        


proj           psi     n     psi     n  
direct          x      x     rhs    rhs 
   i    j  m  -5.00* -6.00* -26.0* -20.0*
-----------------------------------------
   1       N  -4.359 -4.358 -27.5* -14.10
   2       N  -11.3* -9.00* -27.4* -18.49

Electrode       Va(V)        In(A)       Ic(A)       It(A)
=============================================================
gate          -1.900e+000  0.000e+000  0.000e+000  0.000e+000
source         0.000e+000  0.000e+000  0.000e+000  0.000e+000
drain          0.000e+000  0.000e+000  0.000e+000  0.000e+000
Total                                              0.000e+000

Time for bias point:   2.03 sec. 
Total time:           55.00 sec. 
  
ATLAS> solve vgate=-2

Obtaining static solution:

 V(   gate  ) = -2          


proj           psi     n     psi     n  
direct          x      x     rhs    rhs 
   i    j  m  -5.00* -6.00* -26.0* -20.0*
-----------------------------------------
   1       N  -4.435 -4.435 -27.4* -14.22
   2       N  -11.1* -9.16* -27.5* -18.71

Electrode       Va(V)        In(A)       Ic(A)       It(A)
=============================================================
gate          -2.000e+000  0.000e+000  0.000e+000  0.000e+000
source         0.000e+000  0.000e+000  0.000e+000  0.000e+000
drain          0.000e+000  0.000e+000  0.000e+000  0.000e+000
Total                                              0.000e+000

Time for bias point:   2.15 sec. 
Total time:           57.31 sec. 
  
ATLAS> solve vgate=-2.1

Obtaining static solution:

 V(   gate  ) = -2.1        


proj           psi     n     psi     n  
direct          x      x     rhs    rhs 
   i    j  m  -5.00* -6.00* -26.0* -20.0*
-----------------------------------------
   1       N  -4.509 -4.508 -27.4* -14.34
   2       N  -11.1* -9.30* -27.4* -18.56

Electrode       Va(V)        In(A)       Ic(A)       It(A)
=============================================================
gate          -2.100e+000  0.000e+000  0.000e+000  0.000e+000
source         0.000e+000  0.000e+000  0.000e+000  0.000e+000
drain          0.000e+000  0.000e+000  0.000e+000  0.000e+000
Total                                              0.000e+000

Time for bias point:   1.51 sec. 
Total time:           59.01 sec. 
  
ATLAS> solve vgate=-2.2

Obtaining static solution:

 V(   gate  ) = -2.2        


proj           psi     n     psi     n  
direct          x      x     rhs    rhs 
   i    j  m  -5.00* -6.00* -26.0* -20.0*
-----------------------------------------
   1       N  -4.579 -4.579 -27.5* -14.46
   2       N  -10.9* -9.44* -27.4* -18.70

Electrode       Va(V)        In(A)       Ic(A)       It(A)
=============================================================
gate          -2.200e+000  0.000e+000  0.000e+000  0.000e+000
source         0.000e+000  0.000e+000  0.000e+000  0.000e+000
drain          0.000e+000  0.000e+000  0.000e+000  0.000e+000
Total                                              0.000e+000

Time for bias point:   2.18 sec. 
Total time:            1.02 min. 
  
ATLAS> solve vgate=-2.3

Obtaining static solution:

 V(   gate  ) = -2.3        


proj           psi     n     psi     n  
direct          x      x     rhs    rhs 
   i    j  m  -5.00* -6.00* -26.0* -20.0*
-----------------------------------------
   1       N  -3.749 -4.647 -27.4* -14.57
   2       N  -11.1* -9.58* -27.4* -18.66

Electrode       Va(V)        In(A)       Ic(A)       It(A)
=============================================================
gate          -2.300e+000  0.000e+000  0.000e+000  0.000e+000
source         0.000e+000  0.000e+000  0.000e+000  0.000e+000
drain          0.000e+000  0.000e+000  0.000e+000  0.000e+000
Total                                              0.000e+000

Time for bias point:   2.06 sec. 
Total time:            1.06 min. 
  
ATLAS> solve vgate=-2.4

Obtaining static solution:

 V(   gate  ) = -2.4        


proj           psi     n     psi     n  
direct          x      x     rhs    rhs 
   i    j  m  -5.00* -6.00* -26.0* -20.0*
-----------------------------------------
   1       N  -2.073 -4.713 -23.69 -14.68
   2       N  -6.53* -9.71* -27.5* -18.73

Electrode       Va(V)        In(A)       Ic(A)       It(A)
=============================================================
gate          -2.400e+000  0.000e+000  0.000e+000  0.000e+000
source         0.000e+000  0.000e+000  0.000e+000  0.000e+000
drain          0.000e+000  0.000e+000  0.000e+000  0.000e+000
Total                                              0.000e+000

Time for bias point:   2.30 sec. 
Total time:            1.10 min. 
  
ATLAS> solve vgate=-2.5

Obtaining static solution:

 V(   gate  ) = -2.5        


proj           psi     n     psi     n  
direct          x      x     rhs    rhs 
   i    j  m  -5.00* -6.00* -26.0* -20.0*
-----------------------------------------
   1       N  -0.547 -4.228 -19.02 -14.78
   2       N  -1.969 -5.940 -21.94 -18.79
   3       N  -4.893 -9.35* -27.3* -18.61

Electrode       Va(V)        In(A)       Ic(A)       It(A)
=============================================================
gate          -2.500e+000  0.000e+000  0.000e+000  0.000e+000
source         0.000e+000  0.000e+000  0.000e+000  0.000e+000
drain          0.000e+000  0.000e+000  0.000e+000  0.000e+000
Total                                              0.000e+000

Time for bias point:   2.75 sec. 
Total time:            1.14 min. 
  
ATLAS> solve vgate=-2.6

Obtaining static solution:

 V(   gate  ) = -2.6        


proj           psi     n     psi     n  
direct          x      x     rhs    rhs 
   i    j  m  -5.00* -6.00* -26.0* -20.0*
-----------------------------------------
   1       N   0.007 -3.100 -16.83 -13.72
   2       N  -0.302 -3.909 -17.69 -15.30
   3       N  -1.022 -4.715 -19.25 -16.91
   4       N  -2.555 -6.39* -22.34 -18.78
   5       N  -5.64* -9.76* -27.4* -18.99

Electrode       Va(V)        In(A)       Ic(A)       It(A)
=============================================================
gate          -2.600e+000  0.000e+000  0.000e+000  0.000e+000
source         0.000e+000  0.000e+000  0.000e+000  0.000e+000
drain          0.000e+000  0.000e+000  0.000e+000  0.000e+000
Total                                              0.000e+000

Time for bias point:   4.28 sec. 
Total time:            1.22 min. 
  
ATLAS> solve vgate=-2.7

Obtaining static solution:

 V(   gate  ) = -2.7        


proj           psi     n     psi     n  
direct          x      x     rhs    rhs 
   i    j  m  -5.00* -6.00* -26.0* -20.0*
-----------------------------------------
   1       N  -0.051 -2.281 -16.93 -12.04
   2       N  -0.487 -2.828 -18.03 -13.13
   3       N  -1.426 -4.067 -20.13 -15.62
   4       N  -3.353 -6.52* -24.33 -18.91
   5       N  -7.21* -10.9* -27.4* -18.91

Electrode       Va(V)        In(A)       Ic(A)       It(A)
=============================================================
gate          -2.700e+000  0.000e+000  0.000e+000  0.000e+000
source         0.000e+000  0.000e+000  0.000e+000  0.000e+000
drain          0.000e+000  0.000e+000  0.000e+000  0.000e+000
Total                                              0.000e+000

Time for bias point:   3.96 sec. 
Total time:            1.28 min. 
  
ATLAS> solve vgate=-2.8

Obtaining static solution:

 V(   gate  ) = -2.8        


proj           psi     n     psi     n  
direct          x      x     rhs    rhs 
   i    j  m  -5.00* -6.00* -26.0* -20.0*
-----------------------------------------
   1       N  -0.016 -2.154 -17.69 -11.80
   2       N  -0.391 -2.551 -18.69 -12.59
   3       N  -1.225 -3.383 -20.41 -14.25
   4       N  -2.958 -5.112 -23.88 -17.71
   5       N  -6.43* -8.58* -27.5* -18.69

Electrode       Va(V)        In(A)       Ic(A)       It(A)
=============================================================
gate          -2.800e+000  0.000e+000  0.000e+000  0.000e+000
source         0.000e+000  0.000e+000  0.000e+000  0.000e+000
drain          0.000e+000  0.000e+000  0.000e+000  0.000e+000
Total                                              0.000e+000

Time for bias point:   3.92 sec. 
Total time:            1.35 min. 
  
ATLAS> solve vgate=-2.9

Obtaining static solution:

 V(   gate  ) = -2.9        


proj           psi     n     psi     n  
direct          x      x     rhs    rhs 
   i    j  m  -5.00* -6.00* -26.0* -20.0*
-----------------------------------------
   1       N  -0.322 -2.453 -18.31 -12.41
   2       N  -1.085 -3.246 -19.98 -13.99
   3       N  -2.687 -4.852 -23.19 -17.20
   4       N  -5.90* -8.07* -27.5* -18.85

Electrode       Va(V)        In(A)       Ic(A)       It(A)
=============================================================
gate          -2.900e+000  0.000e+000  0.000e+000  0.000e+000
source         0.000e+000  0.000e+000  0.000e+000  0.000e+000
drain          0.000e+000  0.000e+000  0.000e+000  0.000e+000
Total                                              0.000e+000

Time for bias point:   3.61 sec. 
Total time:            1.41 min. 
  
ATLAS> solve vgate=-3

Obtaining static solution:

 V(   gate  ) = -3          


proj           psi     n     psi     n  
direct          x      x     rhs    rhs 
   i    j  m  -5.00* -6.00* -26.0* -20.0*
-----------------------------------------
   1       N  -0.696 -2.818 -18.80 -13.16
   2       N  -1.903 -4.067 -21.56 -15.65
   3       N  -4.366 -6.54* -26.5* -18.60

Electrode       Va(V)        In(A)       Ic(A)       It(A)
=============================================================
gate          -3.000e+000  0.000e+000  0.000e+000  0.000e+000
source         0.000e+000  0.000e+000  0.000e+000  0.000e+000
drain          0.000e+000  0.000e+000  0.000e+000  0.000e+000
Total                                              0.000e+000

Time for bias point:   2.89 sec. 
Total time:            1.46 min. 
  
ATLAS> solve vdrain=0.1
  
 Warning: Projection cannot be done with
 current bias step.  Using previous solution
 for initial guess.
  

Obtaining static solution:

 V(  drain  ) = 0.1         


prev           psi     n     psi     n  
direct          x      x     rhs    rhs 
   i    j  m  -5.00* -6.00* -26.0* -20.0*
-----------------------------------------
   1       N   0.583 -0.052 -19.63 -4.645
   2       N  -3.810  0.527 -19.77 -8.922
   3       N  -5.16* -5.252 -27.5* -15.10
   4       N  -12.0* -10.7* -27.5* -18.63

Electrode       Va(V)        In(A)       Ic(A)       It(A)
=============================================================
gate          -3.000e+000  0.000e+000  0.000e+000  0.000e+000
source         0.000e+000  0.000e+000  0.000e+000  0.000e+000
drain          1.000e-001  0.000e+000  0.000e+000  0.000e+000
Total                                              0.000e+000

Time for bias point:   3.33 sec. 
Total time:            1.52 min. 
  
ATLAS> solve vdrain=0.2

Obtaining static solution:

 V(  drain  ) = 0.2         


proj           psi     n     psi     n  
direct          x      x     rhs    rhs 
   i    j  m  -5.00* -6.00* -26.0* -20.0*
-----------------------------------------
   1       N  -3.531 -5.164 -24.83 -15.44
   2       N  -7.63* -9.79* -27.4* -18.68

Electrode       Va(V)        In(A)       Ic(A)       It(A)
=============================================================
gate          -3.000e+000  0.000e+000  0.000e+000  0.000e+000
source         0.000e+000  0.000e+000  0.000e+000  0.000e+000
drain          2.000e-001  0.000e+000  0.000e+000  0.000e+000
Total                                              0.000e+000

Time for bias point:   2.16 sec. 
Total time:            1.56 min. 
  
ATLAS> solve vdrain=0.3

Obtaining static solution:

 V(  drain  ) = 0.3         


proj           psi     n     psi     n  
direct          x      x     rhs    rhs 
   i    j  m  -5.00* -6.00* -26.0* -20.0*
-----------------------------------------
   1       N  -3.518 -5.213 -24.80 -15.52
   2       N  -7.60* -9.77* -27.5* -18.93

Electrode       Va(V)        In(A)       Ic(A)       It(A)
=============================================================
gate          -3.000e+000  0.000e+000  0.000e+000  0.000e+000
source         0.000e+000  0.000e+000  0.000e+000  0.000e+000
drain          3.000e-001  0.000e+000  0.000e+000  0.000e+000
Total                                              0.000e+000

Time for bias point:   2.40 sec. 
Total time:            1.60 min. 
  
ATLAS> solve vdrain=0.4

Obtaining static solution:

 V(  drain  ) = 0.4         


proj           psi     n     psi     n  
direct          x      x     rhs    rhs 
   i    j  m  -5.00* -6.00* -26.0* -20.0*
-----------------------------------------
   1       N  -3.505 -5.261 -24.78 -15.60
   2       N  -7.57* -9.74* -27.5* -18.76

Electrode       Va(V)        In(A)       Ic(A)       It(A)
=============================================================
gate          -3.000e+000  0.000e+000  0.000e+000  0.000e+000
source         0.000e+000  0.000e+000  0.000e+000  0.000e+000
drain          4.000e-001  0.000e+000  0.000e+000  0.000e+000
Total                                              0.000e+000

Time for bias point:   2.56 sec. 
Total time:            1.64 min. 
  
ATLAS> solve vdrain=0.5

Obtaining static solution:

 V(  drain  ) = 0.5         


proj           psi     n     psi     n  
direct          x      x     rhs    rhs 
   i    j  m  -5.00* -6.00* -26.0* -20.0*
-----------------------------------------
   1       N  -3.492 -5.308 -24.75 -15.68
   2       N  -7.55* -9.72* -27.4* -18.99

Electrode       Va(V)        In(A)       Ic(A)       It(A)
=============================================================
gate          -3.000e+000  0.000e+000  0.000e+000  0.000e+000
source         0.000e+000  0.000e+000  0.000e+000  0.000e+000
drain          5.000e-001  0.000e+000  0.000e+000  0.000e+000
Total                                              0.000e+000

Time for bias point:   2.27 sec. 
Total time:            1.68 min. 
  
ATLAS> solve vdrain=0.6

Obtaining static solution:

 V(  drain  ) = 0.6         


proj           psi     n     psi     n  
direct          x      x     rhs    rhs 
   i    j  m  -5.00* -6.00* -26.0* -20.0*
-----------------------------------------
   1       N  -3.479 -5.353 -24.73 -15.76
   2       N  -7.52* -9.69* -27.4* -18.52

Electrode       Va(V)        In(A)       Ic(A)       It(A)
=============================================================
gate          -3.000e+000  0.000e+000  0.000e+000  0.000e+000
source         0.000e+000  0.000e+000  0.000e+000  0.000e+000
drain          6.000e-001  0.000e+000  0.000e+000  0.000e+000
Total                                              0.000e+000

Time for bias point:   2.29 sec. 
Total time:            1.72 min. 
  
ATLAS> solve vdrain=0.7

Obtaining static solution:

 V(  drain  ) = 0.7         


proj           psi     n     psi     n  
direct          x      x     rhs    rhs 
   i    j  m  -5.00* -6.00* -26.0* -20.0*
-----------------------------------------
   1       N  -3.466 -5.397 -24.70 -15.84
   2       N  -7.49* -9.67* -27.4* -18.87

Electrode       Va(V)        In(A)       Ic(A)       It(A)
=============================================================
gate          -3.000e+000  0.000e+000  0.000e+000  0.000e+000
source         0.000e+000  0.000e+000  0.000e+000  0.000e+000
drain          7.000e-001  0.000e+000  0.000e+000  0.000e+000
Total                                              0.000e+000

Time for bias point:   2.06 sec. 
Total time:            1.76 min. 
  
ATLAS> save outf=off.str

MASTER format file written to off.str at Sat Sep 12 16:09:06 2026

ATLAS> 
ATLAS> # 8. Every original gate point; fresh signed terminal exports.
ATLAS> log outf=transfer.log
ATLAS> solve vgate=-3

Obtaining static solution:


prev           psi     n     psi     n  
direct          x      x     rhs    rhs 
   i    j  m  -5.00* -6.00* -26.0* -20.0*
-----------------------------------------
   1       N  -12.0* -12.7* -27.5* -18.66

Electrode       Va(V)        In(A)       Ic(A)       It(A)
=============================================================
gate          -3.000e+000  0.000e+000  0.000e+000  0.000e+000
source         0.000e+000  0.000e+000  0.000e+000  0.000e+000
drain          7.000e-001  0.000e+000  0.000e+000  0.000e+000
Total                                              0.000e+000

Time for bias point:   1.47 sec. 
Total time:            1.82 min. 
  
ATLAS> solve vgate=-2.95

Obtaining static solution:

 V(   gate  ) = -2.95       


prev           psi     n     psi     n  
direct          x      x     rhs    rhs 
   i    j  m  -5.00* -6.00* -26.0* -20.0*
-----------------------------------------
   1       N   0.272 -0.462 -17.94 -7.513
   2       N  -1.753 -1.301 -20.95 -14.08
   3       N  -4.012 -5.563 -25.80 -18.73
   4       N  -8.55* -10.7* -27.5* -18.76

Electrode       Va(V)        In(A)       Ic(A)       It(A)
=============================================================
gate          -2.950e+000  0.000e+000  0.000e+000  0.000e+000
source         0.000e+000  0.000e+000  0.000e+000  0.000e+000
drain          7.000e-001  0.000e+000  0.000e+000  0.000e+000
Total                                              0.000e+000

Time for bias point:   3.06 sec. 
Total time:            1.90 min. 
  
ATLAS> solve vgate=-2.9

Obtaining static solution:

 V(   gate  ) = -2.9        


proj           psi     n     psi     n  
direct          x      x     rhs    rhs 
   i    j  m  -5.00* -6.00* -26.0* -20.0*
-----------------------------------------
   1       N  -1.351 -3.472 -20.23 -14.54
   2       N  -3.186 -5.335 -24.20 -18.25
   3       N  -6.88* -9.04* -27.5* -18.90

Electrode       Va(V)        In(A)       Ic(A)       It(A)
=============================================================
gate          -2.900e+000  0.000e+000  0.000e+000  0.000e+000
source         0.000e+000  0.000e+000  0.000e+000  0.000e+000
drain          7.000e-001  0.000e+000  0.000e+000  0.000e+000
Total                                              0.000e+000

Time for bias point:   2.67 sec. 
Total time:            1.99 min. 
  
ATLAS> solve vgate=-2.85

Obtaining static solution:

 V(   gate  ) = -2.85       


proj           psi     n     psi     n  
direct          x      x     rhs    rhs 
   i    j  m  -5.00* -6.00* -26.0* -20.0*
-----------------------------------------
   1       N  -1.179 -3.304 -20.05 -14.19
   2       N  -2.831 -4.979 -23.57 -17.54
   3       N  -6.17* -8.32* -27.4* -19.03

Electrode       Va(V)        In(A)       Ic(A)       It(A)
=============================================================
gate          -2.850e+000  0.000e+000  0.000e+000  0.000e+000
source         0.000e+000  0.000e+000  0.000e+000  0.000e+000
drain          7.000e-001  0.000e+000  0.000e+000  0.000e+000
Total                                              0.000e+000

Time for bias point:   2.46 sec. 
Total time:            2.07 min. 
  
ATLAS> solve vgate=-2.8

Obtaining static solution:

 V(   gate  ) = -2.8        


proj           psi     n     psi     n  
direct          x      x     rhs    rhs 
   i    j  m  -5.00* -6.00* -26.0* -20.0*
-----------------------------------------
   1       N  -0.975 -3.106 -19.85 -13.79
   2       N  -2.435 -4.582 -22.92 -16.74
   3       N  -5.40* -7.55* -27.4* -18.47

Electrode       Va(V)        In(A)       Ic(A)       It(A)
=============================================================
gate          -2.800e+000  0.000e+000  0.000e+000  0.000e+000
source         0.000e+000  0.000e+000  0.000e+000  0.000e+000
drain          7.000e-001  0.000e+000  0.000e+000  0.000e+000
Total                                              0.000e+000

Time for bias point:   2.35 sec. 
Total time:            2.15 min. 
  
ATLAS> solve vgate=-2.75

Obtaining static solution:

 V(   gate  ) = -2.75       


proj           psi     n     psi     n  
direct          x      x     rhs    rhs 
   i    j  m  -5.00* -6.00* -26.0* -20.0*
-----------------------------------------
   1       N  -0.739 -2.878 -19.63 -13.32
   2       N  -2.018 -4.165 -22.32 -15.90
   3       N  -4.634 -6.78* -27.4* -18.61

Electrode       Va(V)        In(A)       Ic(A)       It(A)
=============================================================
gate          -2.750e+000  0.000e+000  0.000e+000  0.000e+000
source         0.000e+000  0.000e+000  0.000e+000  0.000e+000
drain          7.000e-001  0.000e+000  0.000e+000  0.000e+000
Total                                              0.000e+000

Time for bias point:   2.94 sec. 
Total time:            2.23 min. 
  
ATLAS> solve vgate=-2.7

Obtaining static solution:

 V(   gate  ) = -2.7        


proj           psi     n     psi     n  
direct          x      x     rhs    rhs 
   i    j  m  -5.00* -6.00* -26.0* -20.0*
-----------------------------------------
   1       N  -0.497 -2.642 -19.40 -12.84
   2       N  -1.706 -3.849 -22.09 -15.27
   3       N  -4.216 -6.36* -27.1* -18.81

Electrode       Va(V)        In(A)       Ic(A)       It(A)
=============================================================
gate          -2.700e+000  0.000e+000  0.000e+000  0.000e+000
source         0.000e+000  0.000e+000  0.000e+000  0.000e+000
drain          7.000e-001  0.000e+000  0.000e+000  0.000e+000
Total                                              0.000e+000

Time for bias point:   2.92 sec. 
Total time:            2.33 min. 
  
ATLAS> solve vgate=-2.65

Obtaining static solution:

 V(   gate  ) = -2.65       


proj           psi     n     psi     n  
direct          x      x     rhs    rhs 
   i    j  m  -5.00* -6.00* -26.0* -20.0*
-----------------------------------------
   1       N  -0.363 -2.511 -19.16 -12.57
   2       N  -1.678 -3.821 -22.21 -15.12
   3       N  -4.266 -6.41* -27.4* -18.59

Electrode       Va(V)        In(A)       Ic(A)       It(A)
=============================================================
gate          -2.650e+000  0.000e+000  0.000e+000  0.000e+000
source         0.000e+000  0.000e+000  0.000e+000  0.000e+000
drain          7.000e-001  0.000e+000  0.000e+000  0.000e+000
Total                                              0.000e+000

Time for bias point:   2.40 sec. 
Total time:            2.40 min. 
  
ATLAS> solve vgate=-2.6

Obtaining static solution:

 V(   gate  ) = -2.6        


proj           psi     n     psi     n  
direct          x      x     rhs    rhs 
   i    j  m  -5.00* -6.00* -26.0* -20.0*
-----------------------------------------
   1       N  -0.373 -2.522 -18.90 -12.50
   2       N  -2.077 -4.195 -21.68 -15.91
   3       N  -4.728 -7.63* -27.0* -18.87

Electrode       Va(V)        In(A)       Ic(A)       It(A)
=============================================================
gate          -2.600e+000  0.000e+000  0.000e+000  0.000e+000
source         0.000e+000  0.000e+000  0.000e+000  0.000e+000
drain          7.000e-001  0.000e+000  0.000e+000  0.000e+000
Total                                              0.000e+000

Time for bias point:   2.80 sec. 
Total time:            2.49 min. 
  
ATLAS> solve vgate=-2.55

Obtaining static solution:

 V(   gate  ) = -2.55       


proj           psi     n     psi     n  
direct          x      x     rhs    rhs 
   i    j  m  -5.00* -6.00* -26.0* -20.0*
-----------------------------------------
   1       N  -0.535 -2.797 -18.67 -13.05
   2       N  -1.689 -5.024 -21.09 -17.63
   3       N  -4.082 -7.63* -25.94 -18.83
   4       N  -8.87* -12.3* -27.5* -18.74

Electrode       Va(V)        In(A)       Ic(A)       It(A)
=============================================================
gate          -2.550e+000  0.000e+000  0.000e+000  0.000e+000
source         0.000e+000  0.000e+000  0.000e+000  0.000e+000
drain          7.000e-001  0.000e+000  0.000e+000  0.000e+000
Total                                              0.000e+000

Time for bias point:   3.49 sec. 
Total time:            2.58 min. 
  
ATLAS> solve vgate=-2.5

Obtaining static solution:

 V(   gate  ) = -2.5        


proj           psi     n     psi     n  
direct          x      x     rhs    rhs 
   i    j  m  -5.00* -6.00* -26.0* -20.0*
-----------------------------------------
   1       N  -0.328 -3.296 -18.62 -14.06
   2       N  -1.570 -5.145 -21.14 -17.77
   3       N  -4.090 -7.84* -26.2* -18.75

Electrode       Va(V)        In(A)       Ic(A)       It(A)
=============================================================
gate          -2.500e+000  0.000e+000  0.000e+000  0.000e+000
source         0.000e+000  0.000e+000  0.000e+000  0.000e+000
drain          7.000e-001  0.000e+000  0.000e+000  0.000e+000
Total                                              0.000e+000

Time for bias point:   3.15 sec. 
Total time:            2.66 min. 
  
ATLAS> solve vgate=-2.45

Obtaining static solution:

 V(   gate  ) = -2.45       


proj           psi     n     psi     n  
direct          x      x     rhs    rhs 
   i    j  m  -5.00* -6.00* -26.0* -20.0*
-----------------------------------------
   1       N  -0.328 -3.732 -19.24 -14.97
   2       N  -2.107 -5.931 -22.94 -18.79
   3       N  -5.80* -10.1* -27.5* -18.53

Electrode       Va(V)        In(A)       Ic(A)       It(A)
=============================================================
gate          -2.450e+000  0.000e+000  0.000e+000  0.000e+000
source         0.000e+000  0.000e+000  0.000e+000  0.000e+000
drain          7.000e-001  0.000e+000  0.000e+000  0.000e+000
Total                                              0.000e+000

Time for bias point:   2.96 sec. 
Total time:            2.75 min. 
  
ATLAS> solve vgate=-2.4

Obtaining static solution:

 V(   gate  ) = -2.4        


proj           psi     n     psi     n  
direct          x      x     rhs    rhs 
   i    j  m  -5.00* -6.00* -26.0* -20.0*
-----------------------------------------
   1       N  -0.689 -4.298 -20.86 -16.02
   2       N  -3.706 -7.69* -26.9* -18.67

Electrode       Va(V)        In(A)       Ic(A)       It(A)
=============================================================
gate          -2.400e+000  0.000e+000  0.000e+000  0.000e+000
source         0.000e+000  0.000e+000  0.000e+000  0.000e+000
drain          7.000e-001  0.000e+000  0.000e+000  0.000e+000
Total                                              0.000e+000

Time for bias point:   2.25 sec. 
Total time:            2.84 min. 
  
ATLAS> solve vgate=-2.35

Obtaining static solution:

 V(   gate  ) = -2.35       


proj           psi     n     psi     n  
direct          x      x     rhs    rhs 
   i    j  m  -5.00* -6.00* -26.0* -20.0*
-----------------------------------------
   1       N  -1.380 -5.207 -23.13 -15.97
   2       N  -5.97* -9.96* -27.4* -18.63

Electrode       Va(V)        In(A)       Ic(A)       It(A)
=============================================================
gate          -2.350e+000  0.000e+000  0.000e+000  0.000e+000
source         0.000e+000  0.000e+000  0.000e+000  0.000e+000
drain          7.000e-001  0.000e+000  0.000e+000  0.000e+000
Total                                              0.000e+000

Time for bias point:   1.63 sec. 
Total time:            2.91 min. 
  
ATLAS> solve vgate=-2.3

Obtaining static solution:

 V(   gate  ) = -2.3        


proj           psi     n     psi     n  
direct          x      x     rhs    rhs 
   i    j  m  -5.00* -6.00* -26.0* -20.0*
-----------------------------------------
   1       N  -2.192 -5.347 -25.60 -15.92
   2       N  -8.44* -11.0* -27.5* -18.71

Electrode       Va(V)        In(A)       Ic(A)       It(A)
=============================================================
gate          -2.300e+000  0.000e+000  0.000e+000  0.000e+000
source         0.000e+000  0.000e+000  0.000e+000  0.000e+000
drain          7.000e-001  0.000e+000  0.000e+000  0.000e+000
Total                                              0.000e+000

Time for bias point:   2.06 sec. 
Total time:            2.98 min. 
  
ATLAS> solve vgate=-2.25

Obtaining static solution:

 V(   gate  ) = -2.25       


proj           psi     n     psi     n  
direct          x      x     rhs    rhs 
   i    j  m  -5.00* -6.00* -26.0* -20.0*
-----------------------------------------
   1       N  -3.027 -5.315 -27.4* -15.86
   2       N  -10.7* -10.9* -27.5* -18.39

Electrode       Va(V)        In(A)       Ic(A)       It(A)
=============================================================
gate          -2.250e+000  0.000e+000  0.000e+000  0.000e+000
source         0.000e+000  0.000e+000  0.000e+000  0.000e+000
drain          7.000e-001  0.000e+000  0.000e+000  0.000e+000
Total                                              0.000e+000

Time for bias point:   2.44 sec. 
Total time:            3.06 min. 
  
ATLAS> solve vgate=-2.2

Obtaining static solution:

 V(   gate  ) = -2.2        


proj           psi     n     psi     n  
direct          x      x     rhs    rhs 
   i    j  m  -5.00* -6.00* -26.0* -20.0*
-----------------------------------------
   1       N  -3.867 -5.283 -27.4* -15.81
   2       N  -11.2* -10.8* -27.5* -18.61

Electrode       Va(V)        In(A)       Ic(A)       It(A)
=============================================================
gate          -2.200e+000  0.000e+000  0.000e+000  0.000e+000
source         0.000e+000  0.000e+000  0.000e+000  0.000e+000
drain          7.000e-001  0.000e+000  0.000e+000  0.000e+000
Total                                              0.000e+000

Time for bias point:   1.88 sec. 
Total time:            3.14 min. 
  
ATLAS> solve vgate=-2.15

Obtaining static solution:

 V(   gate  ) = -2.15       


proj           psi     n     psi     n  
direct          x      x     rhs    rhs 
   i    j  m  -5.00* -6.00* -26.0* -20.0*
-----------------------------------------
   1       N  -4.706 -5.250 -27.5* -15.76
   2       N  -11.0* -10.8* -27.4* -18.62

Electrode       Va(V)        In(A)       Ic(A)       It(A)
=============================================================
gate          -2.150e+000  0.000e+000  0.000e+000  0.000e+000
source         0.000e+000  0.000e+000  0.000e+000  0.000e+000
drain          7.000e-001  0.000e+000  0.000e+000  0.000e+000
Total                                              0.000e+000

Time for bias point:   2.29 sec. 
Total time:            3.22 min. 
  
ATLAS> solve vgate=-2.1

Obtaining static solution:

 V(   gate  ) = -2.1        


proj           psi     n     psi     n  
direct          x      x     rhs    rhs 
   i    j  m  -5.00* -6.00* -26.0* -20.0*
-----------------------------------------
   1       N  -5.22* -5.216 -27.4* -15.70
   2       N  -11.1* -10.7* -27.4* -18.31

Electrode       Va(V)        In(A)       Ic(A)       It(A)
=============================================================
gate          -2.100e+000  0.000e+000  0.000e+000  0.000e+000
source         0.000e+000  0.000e+000  0.000e+000  0.000e+000
drain          7.000e-001  0.000e+000  0.000e+000  0.000e+000
Total                                              0.000e+000

Time for bias point:   2.22 sec. 
Total time:            3.30 min. 
  
ATLAS> solve vgate=-2.05

Obtaining static solution:

 V(   gate  ) = -2.05       


proj           psi     n     psi     n  
direct          x      x     rhs    rhs 
   i    j  m  -5.00* -6.00* -26.0* -20.0*
-----------------------------------------
   1       N  -5.18* -5.182 -27.5* -15.64
   2       N  -11.0* -10.6* -27.5* -18.72

Electrode       Va(V)        In(A)       Ic(A)       It(A)
=============================================================
gate          -2.050e+000  0.000e+000  0.000e+000  0.000e+000
source         0.000e+000  0.000e+000  0.000e+000  0.000e+000
drain          7.000e-001  0.000e+000  0.000e+000  0.000e+000
Total                                              0.000e+000

Time for bias point:   2.32 sec. 
Total time:            3.38 min. 
  
ATLAS> solve vgate=-2

Obtaining static solution:

 V(   gate  ) = -2          


proj           psi     n     psi     n  
direct          x      x     rhs    rhs 
   i    j  m  -5.00* -6.00* -26.0* -20.0*
-----------------------------------------
   1       N  -5.15* -5.147 -27.4* -15.59
   2       N  -11.1* -10.6* -27.4* -18.64

Electrode       Va(V)        In(A)       Ic(A)       It(A)
=============================================================
gate          -2.000e+000  0.000e+000  0.000e+000  0.000e+000
source         0.000e+000  0.000e+000  0.000e+000  0.000e+000
drain          7.000e-001  0.000e+000  0.000e+000  0.000e+000
Total                                              0.000e+000

Time for bias point:   2.15 sec. 
Total time:            3.45 min. 
  
ATLAS> solve vgate=-1.95

Obtaining static solution:

 V(   gate  ) = -1.95       


proj           psi     n     psi     n  
direct          x      x     rhs    rhs 
   i    j  m  -5.00* -6.00* -26.0* -20.0*
-----------------------------------------
   1       N  -5.11* -5.111 -27.5* -15.53
   2       N  -11.2* -10.5* -27.4* -18.72

Electrode       Va(V)        In(A)       Ic(A)       It(A)
=============================================================
gate          -1.950e+000  0.000e+000  0.000e+000  0.000e+000
source         0.000e+000  0.000e+000  0.000e+000  0.000e+000
drain          7.000e-001  0.000e+000  0.000e+000  0.000e+000
Total                                              0.000e+000

Time for bias point:   2.10 sec. 
Total time:            3.52 min. 
  
ATLAS> solve vgate=-1.9

Obtaining static solution:

 V(   gate  ) = -1.9        


proj           psi     n     psi     n  
direct          x      x     rhs    rhs 
   i    j  m  -5.00* -6.00* -26.0* -20.0*
-----------------------------------------
   1       N  -5.08* -5.075 -27.5* -15.47
   2       N  -11.1* -10.4* -27.5* -18.39

Electrode       Va(V)        In(A)       Ic(A)       It(A)
=============================================================
gate          -1.900e+000  0.000e+000  0.000e+000  0.000e+000
source         0.000e+000  0.000e+000  0.000e+000  0.000e+000
drain          7.000e-001  0.000e+000  0.000e+000  0.000e+000
Total                                              0.000e+000

Time for bias point:   2.11 sec. 
Total time:            3.59 min. 
  
ATLAS> solve vgate=-1.85

Obtaining static solution:

 V(   gate  ) = -1.85       


proj           psi     n     psi     n  
direct          x      x     rhs    rhs 
   i    j  m  -5.00* -6.00* -26.0* -20.0*
-----------------------------------------
   1       N  -5.04* -5.038 -27.5* -15.41
   2       N  -11.1* -10.4* -27.4* -18.53

Electrode       Va(V)        In(A)       Ic(A)       It(A)
=============================================================
gate          -1.850e+000  0.000e+000  0.000e+000  0.000e+000
source         0.000e+000  0.000e+000  0.000e+000  0.000e+000
drain          7.000e-001  0.000e+000  0.000e+000  0.000e+000
Total                                              0.000e+000

Time for bias point:   1.90 sec. 
Total time:            3.67 min. 
  
ATLAS> solve vgate=-1.8

Obtaining static solution:

 V(   gate  ) = -1.8        


proj           psi     n     psi     n  
direct          x      x     rhs    rhs 
   i    j  m  -5.00* -6.00* -26.0* -20.0*
-----------------------------------------
   1       N  -5.00* -5.000 -27.5* -15.35
   2       N  -11.2* -10.3* -27.4* -18.40

Electrode       Va(V)        In(A)       Ic(A)       It(A)
=============================================================
gate          -1.800e+000  0.000e+000  0.000e+000  0.000e+000
source         0.000e+000  0.000e+000  0.000e+000  0.000e+000
drain          7.000e-001  0.000e+000  0.000e+000  0.000e+000
Total                                              0.000e+000

Time for bias point:   2.16 sec. 
Total time:            3.75 min. 
  
ATLAS> solve vgate=-1.75

Obtaining static solution:

 V(   gate  ) = -1.75       


proj           psi     n     psi     n  
direct          x      x     rhs    rhs 
   i    j  m  -5.00* -6.00* -26.0* -20.0*
-----------------------------------------
   1       N  -4.962 -4.962 -27.4* -15.28
   2       N  -11.2* -10.2* -27.5* -18.55

Electrode       Va(V)        In(A)       Ic(A)       It(A)
=============================================================
gate          -1.750e+000  0.000e+000  0.000e+000  0.000e+000
source         0.000e+000  0.000e+000  0.000e+000  0.000e+000
drain          7.000e-001  0.000e+000  0.000e+000  0.000e+000
Total                                              0.000e+000

Time for bias point:   2.41 sec. 
Total time:            3.83 min. 
  
ATLAS> solve vgate=-1.7

Obtaining static solution:

 V(   gate  ) = -1.7        


proj           psi     n     psi     n  
direct          x      x     rhs    rhs 
   i    j  m  -5.00* -6.00* -26.0* -20.0*
-----------------------------------------
   1       N  -4.923 -4.922 -27.5* -15.22
   2       N  -11.2* -10.1* -27.5* -18.64

Electrode       Va(V)        In(A)       Ic(A)       It(A)
=============================================================
gate          -1.700e+000  0.000e+000  0.000e+000  0.000e+000
source         0.000e+000  0.000e+000  0.000e+000  0.000e+000
drain          7.000e-001  0.000e+000  0.000e+000  0.000e+000
Total                                              0.000e+000

Time for bias point:   1.67 sec. 
Total time:            3.90 min. 
  
ATLAS> solve vgate=-1.65

Obtaining static solution:

 V(   gate  ) = -1.65       


proj           psi     n     psi     n  
direct          x      x     rhs    rhs 
   i    j  m  -5.00* -6.00* -26.0* -20.0*
-----------------------------------------
   1       N  -4.882 -4.882 -27.5* -15.15
   2       N  -11.3* -10.1* -27.4* -18.51

Electrode       Va(V)        In(A)       Ic(A)       It(A)
=============================================================
gate          -1.650e+000  0.000e+000  0.000e+000  0.000e+000
source         0.000e+000  0.000e+000  0.000e+000  0.000e+000
drain          7.000e-001  0.000e+000  0.000e+000  0.000e+000
Total                                              0.000e+000

Time for bias point:   1.88 sec. 
Total time:            3.96 min. 
  
ATLAS> solve vgate=-1.6

Obtaining static solution:

 V(   gate  ) = -1.6        


proj           psi     n     psi     n  
direct          x      x     rhs    rhs 
   i    j  m  -5.00* -6.00* -26.0* -20.0*
-----------------------------------------
   1       N  -4.841 -4.841 -27.5* -15.09
   2       N  -11.3* -9.97* -27.4* -18.53

Electrode       Va(V)        In(A)       Ic(A)       It(A)
=============================================================
gate          -1.600e+000  0.000e+000  0.000e+000  0.000e+000
source         0.000e+000  0.000e+000  0.000e+000  0.000e+000
drain          7.000e-001  0.000e+000  0.000e+000  0.000e+000
Total                                              0.000e+000

Time for bias point:   1.76 sec. 
Total time:            4.03 min. 
  
ATLAS> solve vgate=-1.55

Obtaining static solution:

 V(   gate  ) = -1.55       


proj           psi     n     psi     n  
direct          x      x     rhs    rhs 
   i    j  m  -5.00* -6.00* -26.0* -20.0*
-----------------------------------------
   1       N  -4.799 -4.799 -27.6* -15.02
   2       N  -11.1* -9.89* -27.6* -18.38

Electrode       Va(V)        In(A)       Ic(A)       It(A)
=============================================================
gate          -1.550e+000  0.000e+000  0.000e+000  0.000e+000
source         0.000e+000  0.000e+000  0.000e+000  0.000e+000
drain          7.000e-001  0.000e+000  0.000e+000  0.000e+000
Total                                              0.000e+000

Time for bias point:   2.34 sec. 
Total time:            4.11 min. 
  
ATLAS> solve vgate=-1.5

Obtaining static solution:

 V(   gate  ) = -1.5        


proj           psi     n     psi     n  
direct          x      x     rhs    rhs 
   i    j  m  -5.00* -6.00* -26.0* -20.0*
-----------------------------------------
   1       N  -4.757 -4.756 -27.6* -14.95
   2       N  -11.3* -9.80* -27.6* -18.84

Electrode       Va(V)        In(A)       Ic(A)       It(A)
=============================================================
gate          -1.500e+000  0.000e+000  0.000e+000  0.000e+000
source         0.000e+000  0.000e+000  0.000e+000  0.000e+000
drain          7.000e-001  0.000e+000  0.000e+000  0.000e+000
Total                                              0.000e+000

Time for bias point:   2.13 sec. 
Total time:            4.18 min. 
  
ATLAS> solve vgate=-1.45

Obtaining static solution:

 V(   gate  ) = -1.45       


proj           psi     n     psi     n  
direct          x      x     rhs    rhs 
   i    j  m  -5.00* -6.00* -26.0* -20.0*
-----------------------------------------
   1       N  -4.713 -4.713 -27.5* -14.88
   2       N  -11.3* -9.72* -27.6* -18.55

Electrode       Va(V)        In(A)       Ic(A)       It(A)
=============================================================
gate          -1.450e+000  0.000e+000  0.000e+000  0.000e+000
source         0.000e+000  0.000e+000  0.000e+000  0.000e+000
drain          7.000e-001  0.000e+000  0.000e+000  0.000e+000
Total                                              0.000e+000

Time for bias point:   1.78 sec. 
Total time:            4.25 min. 
  
ATLAS> solve vgate=-1.4

Obtaining static solution:

 V(   gate  ) = -1.4        


proj           psi     n     psi     n  
direct          x      x     rhs    rhs 
   i    j  m  -5.00* -6.00* -26.0* -20.0*
-----------------------------------------
   1       N  -4.669 -4.669 -27.6* -14.80
   2       N  -11.4* -9.63* -27.6* -18.25

Electrode       Va(V)        In(A)       Ic(A)       It(A)
=============================================================
gate          -1.400e+000  0.000e+000  0.000e+000  0.000e+000
source         0.000e+000  0.000e+000  0.000e+000  0.000e+000
drain          7.000e-001  0.000e+000  0.000e+000  0.000e+000
Total                                              0.000e+000

Time for bias point:   1.68 sec. 
Total time:            4.31 min. 
  
ATLAS> solve vgate=-1.35

Obtaining static solution:

 V(   gate  ) = -1.35       


proj           psi     n     psi     n  
direct          x      x     rhs    rhs 
   i    j  m  -5.00* -6.00* -26.0* -20.0*
-----------------------------------------
   1       N  -4.623 -4.623 -27.5* -14.73
   2       N  -11.3* -9.54* -27.6* -18.26

Electrode       Va(V)        In(A)       Ic(A)       It(A)
=============================================================
gate          -1.350e+000  0.000e+000  0.000e+000  0.000e+000
source         0.000e+000  0.000e+000  0.000e+000  0.000e+000
drain          7.000e-001  0.000e+000  0.000e+000  0.000e+000
Total                                              0.000e+000

Time for bias point:   2.24 sec. 
Total time:            4.38 min. 
  
ATLAS> solve vgate=-1.3

Obtaining static solution:

 V(   gate  ) = -1.3        


proj           psi     n     psi     n  
direct          x      x     rhs    rhs 
   i    j  m  -5.00* -6.00* -26.0* -20.0*
-----------------------------------------
   1       N  -4.577 -4.577 -27.6* -14.65
   2       N  -11.3* -9.44* -27.7* -18.68

Electrode       Va(V)        In(A)       Ic(A)       It(A)
=============================================================
gate          -1.300e+000  0.000e+000  0.000e+000  0.000e+000
source         0.000e+000  0.000e+000  0.000e+000  0.000e+000
drain          7.000e-001  0.000e+000  0.000e+000  0.000e+000
Total                                              0.000e+000

Time for bias point:   2.05 sec. 
Total time:            4.46 min. 
  
ATLAS> solve vgate=-1.25

Obtaining static solution:

 V(   gate  ) = -1.25       


proj           psi     n     psi     n  
direct          x      x     rhs    rhs 
   i    j  m  -5.00* -6.00* -26.0* -20.0*
-----------------------------------------
   1       N  -4.529 -4.529 -27.6* -14.58
   2       N  -11.3* -9.35* -27.7* -18.57

Electrode       Va(V)        In(A)       Ic(A)       It(A)
=============================================================
gate          -1.250e+000  0.000e+000  0.000e+000  0.000e+000
source         0.000e+000  0.000e+000  0.000e+000  0.000e+000
drain          7.000e-001  0.000e+000  0.000e+000  0.000e+000
Total                                              0.000e+000

Time for bias point:   1.29 sec. 
Total time:            4.52 min. 
  
ATLAS> solve vgate=-1.2

Obtaining static solution:

 V(   gate  ) = -1.2        


proj           psi     n     psi     n  
direct          x      x     rhs    rhs 
   i    j  m  -5.00* -6.00* -26.0* -20.0*
-----------------------------------------
   1       N  -4.481 -4.481 -27.6* -14.50
   2       N  -11.3* -9.25* -27.6* -18.42

Electrode       Va(V)        In(A)       Ic(A)       It(A)
=============================================================
gate          -1.200e+000  0.000e+000  0.000e+000  0.000e+000
source         0.000e+000  0.000e+000  0.000e+000  0.000e+000
drain          7.000e-001  0.000e+000  0.000e+000  0.000e+000
Total                                              0.000e+000

Time for bias point:   1.49 sec. 
Total time:            4.57 min. 
  
ATLAS> solve vgate=-1.15

Obtaining static solution:

 V(   gate  ) = -1.15       


proj           psi     n     psi     n  
direct          x      x     rhs    rhs 
   i    j  m  -5.00* -6.00* -26.0* -20.0*
-----------------------------------------
   1       N  -4.432 -4.432 -27.7* -14.42
   2       N  -11.4* -9.16* -27.7* -18.61

Electrode       Va(V)        In(A)       Ic(A)       It(A)
=============================================================
gate          -1.150e+000  0.000e+000  0.000e+000  0.000e+000
source         0.000e+000  0.000e+000  0.000e+000  0.000e+000
drain          7.000e-001  0.000e+000  0.000e+000  0.000e+000
Total                                              0.000e+000

Time for bias point:   1.98 sec. 
Total time:            4.63 min. 
  
ATLAS> solve vgate=-1.1

Obtaining static solution:

 V(   gate  ) = -1.1        


proj           psi     n     psi     n  
direct          x      x     rhs    rhs 
   i    j  m  -5.00* -6.00* -26.0* -20.0*
-----------------------------------------
   1       N  -4.382 -4.382 -27.8* -14.33
   2       N  -11.3* -9.06* -27.8* -18.40

Electrode       Va(V)        In(A)       Ic(A)       It(A)
=============================================================
gate          -1.100e+000  0.000e+000  0.000e+000  0.000e+000
source         0.000e+000  0.000e+000  0.000e+000  0.000e+000
drain          7.000e-001  0.000e+000  0.000e+000  0.000e+000
Total                                              0.000e+000

Time for bias point:   2.23 sec. 
Total time:            4.71 min. 
  
ATLAS> solve vgate=-1.05

Obtaining static solution:

 V(   gate  ) = -1.05       


proj           psi     n     psi     n  
direct          x      x     rhs    rhs 
   i    j  m  -5.00* -6.00* -26.0* -20.0*
-----------------------------------------
   1       N  -4.331 -4.330 -27.7* -14.25
   2       N  -11.4* -8.95* -27.8* -18.48

Electrode       Va(V)        In(A)       Ic(A)       It(A)
=============================================================
gate          -1.050e+000  0.000e+000  0.000e+000  0.000e+000
source         0.000e+000  0.000e+000  0.000e+000  0.000e+000
drain          7.000e-001  0.000e+000  0.000e+000  0.000e+000
Total                                              0.000e+000

Time for bias point:   2.20 sec. 
Total time:            4.78 min. 
  
ATLAS> solve vgate=-1

Obtaining static solution:

 V(   gate  ) = -1          


proj           psi     n     psi     n  
direct          x      x     rhs    rhs 
   i    j  m  -5.00* -6.00* -26.0* -20.0*
-----------------------------------------
   1       N  -4.278 -4.278 -27.6* -14.16
   2       N  -11.4* -8.85* -27.8* -18.52

Electrode       Va(V)        In(A)       Ic(A)       It(A)
=============================================================
gate          -1.000e+000  0.000e+000  0.000e+000  0.000e+000
source         0.000e+000  0.000e+000  0.000e+000  0.000e+000
drain          7.000e-001  0.000e+000  0.000e+000  0.000e+000
Total                                              0.000e+000

Time for bias point:   1.89 sec. 
Total time:            4.86 min. 
  
ATLAS> solve vgate=-0.95

Obtaining static solution:

 V(   gate  ) = -0.95       


proj           psi     n     psi     n  
direct          x      x     rhs    rhs 
   i    j  m  -5.00* -6.00* -26.0* -20.0*
-----------------------------------------
   1       N  -4.225 -4.225 -27.5* -14.07
   2       N  -11.4* -8.74* -27.8* -18.47

Electrode       Va(V)        In(A)       Ic(A)       It(A)
=============================================================
gate          -9.500e-001  0.000e+000  0.000e+000  0.000e+000
source         0.000e+000  0.000e+000  0.000e+000  0.000e+000
drain          7.000e-001  0.000e+000  0.000e+000  0.000e+000
Total                                              0.000e+000

Time for bias point:   2.37 sec. 
Total time:            4.93 min. 
  
ATLAS> solve vgate=-0.9

Obtaining static solution:

 V(   gate  ) = -0.9        


proj           psi     n     psi     n  
direct          x      x     rhs    rhs 
   i    j  m  -5.00* -6.00* -26.0* -20.0*
-----------------------------------------
   1       N  -4.171 -4.171 -27.4* -13.98
   2       N  -11.3* -8.64* -27.8* -18.40

Electrode       Va(V)        In(A)       Ic(A)       It(A)
=============================================================
gate          -9.000e-001  0.000e+000  0.000e+000  0.000e+000
source         0.000e+000  0.000e+000  0.000e+000  0.000e+000
drain          7.000e-001  0.000e+000  0.000e+000  0.000e+000
Total                                              0.000e+000

Time for bias point:   1.99 sec. 
Total time:            5.01 min. 
  
ATLAS> solve vgate=-0.85

Obtaining static solution:

 V(   gate  ) = -0.85       


proj           psi     n     psi     n  
direct          x      x     rhs    rhs 
   i    j  m  -5.00* -6.00* -26.0* -20.0*
-----------------------------------------
   1       N  -4.116 -4.116 -27.2* -13.89
   2       N  -11.2* -8.53* -27.6* -18.31

Electrode       Va(V)        In(A)       Ic(A)       It(A)
=============================================================
gate          -8.500e-001  0.000e+000  0.000e+000  0.000e+000
source         0.000e+000  0.000e+000  0.000e+000  0.000e+000
drain          7.000e-001  0.000e+000  0.000e+000  0.000e+000
Total                                              0.000e+000

Time for bias point:   2.33 sec. 
Total time:            5.09 min. 
  
ATLAS> solve vgate=-0.8

Obtaining static solution:

 V(   gate  ) = -0.8        


proj           psi     n     psi     n  
direct          x      x     rhs    rhs 
   i    j  m  -5.00* -6.00* -26.0* -20.0*
-----------------------------------------
   1       N  -4.060 -4.060 -27.1* -13.79
   2       N  -11.1* -8.42* -27.8* -18.42

Electrode       Va(V)        In(A)       Ic(A)       It(A)
=============================================================
gate          -8.000e-001  0.000e+000  0.000e+000  0.000e+000
source         0.000e+000  0.000e+000  0.000e+000  0.000e+000
drain          7.000e-001  0.000e+000  0.000e+000  0.000e+000
Total                                              0.000e+000

Time for bias point:   2.26 sec. 
Total time:            5.18 min. 
  
ATLAS> solve vgate=-0.75

Obtaining static solution:

 V(   gate  ) = -0.75       


proj           psi     n     psi     n  
direct          x      x     rhs    rhs 
   i    j  m  -5.00* -6.00* -26.0* -20.0*
-----------------------------------------
   1       N  -4.003 -4.003 -27.0* -13.70
   2       N  -10.9* -8.30* -27.7* -18.48

Electrode       Va(V)        In(A)       Ic(A)       It(A)
=============================================================
gate          -7.500e-001  0.000e+000  0.000e+000  0.000e+000
source         0.000e+000  0.000e+000  0.000e+000  0.000e+000
drain          7.000e-001  0.000e+000  0.000e+000  0.000e+000
Total                                              0.000e+000

Time for bias point:   2.33 sec. 
Total time:            5.26 min. 
  
ATLAS> solve vgate=-0.7

Obtaining static solution:

 V(   gate  ) = -0.7        


proj           psi     n     psi     n  
direct          x      x     rhs    rhs 
   i    j  m  -5.00* -6.00* -26.0* -20.0*
-----------------------------------------
   1       N  -3.945 -3.945 -26.9* -13.60
   2       N  -10.8* -8.19* -27.7* -18.58

Electrode       Va(V)        In(A)       Ic(A)       It(A)
=============================================================
gate          -7.000e-001  0.000e+000  0.000e+000  0.000e+000
source         0.000e+000  0.000e+000  0.000e+000  0.000e+000
drain          7.000e-001  0.000e+000  0.000e+000  0.000e+000
Total                                              0.000e+000

Time for bias point:   2.22 sec. 
Total time:            5.33 min. 
  
ATLAS> solve vgate=-0.65

Obtaining static solution:

 V(   gate  ) = -0.65       


proj           psi     n     psi     n  
direct          x      x     rhs    rhs 
   i    j  m  -5.00* -6.00* -26.0* -20.0*
-----------------------------------------
   1       N  -3.887 -3.886 -26.7* -13.50
   2       N  -10.6* -8.07* -27.8* -18.39

Electrode       Va(V)        In(A)       Ic(A)       It(A)
=============================================================
gate          -6.500e-001  0.000e+000  0.000e+000  0.000e+000
source         0.000e+000  0.000e+000  0.000e+000  0.000e+000
drain          7.000e-001  0.000e+000  0.000e+000  0.000e+000
Total                                              0.000e+000

Time for bias point:   2.16 sec. 
Total time:            5.41 min. 
  
ATLAS> solve vgate=-0.6

Obtaining static solution:

 V(   gate  ) = -0.6        


proj           psi     n     psi     n  
direct          x      x     rhs    rhs 
   i    j  m  -5.00* -6.00* -26.0* -20.0*
-----------------------------------------
   1       N  -3.827 -3.826 -26.6* -13.39
   2       N  -10.5* -7.95* -27.8* -18.08

Electrode       Va(V)        In(A)       Ic(A)       It(A)
=============================================================
gate          -6.000e-001  0.000e+000  0.000e+000  0.000e+000
source         0.000e+000  0.000e+000  0.000e+000  0.000e+000
drain          7.000e-001  0.000e+000  0.000e+000  0.000e+000
Total                                              0.000e+000

Time for bias point:   1.81 sec. 
Total time:            5.48 min. 
  
ATLAS> solve vgate=-0.55

Obtaining static solution:

 V(   gate  ) = -0.55       


proj           psi     n     psi     n  
direct          x      x     rhs    rhs 
   i    j  m  -5.00* -6.00* -26.0* -20.0*
-----------------------------------------
   1       N  -3.767 -3.766 -26.4* -13.27
   2       N  -10.3* -7.83* -27.9* -18.23

Electrode       Va(V)        In(A)       Ic(A)       It(A)
=============================================================
gate          -5.500e-001  0.000e+000  0.000e+000  0.000e+000
source         0.000e+000  0.000e+000  0.000e+000  0.000e+000
drain          7.000e-001  0.000e+000  0.000e+000  0.000e+000
Total                                              0.000e+000

Time for bias point:   1.77 sec. 
Total time:            5.55 min. 
  
ATLAS> solve vgate=-0.5

Obtaining static solution:

 V(   gate  ) = -0.5        


proj           psi     n     psi     n  
direct          x      x     rhs    rhs 
   i    j  m  -5.00* -6.00* -26.0* -20.0*
-----------------------------------------
   1       N  -3.706 -3.705 -26.3* -13.14
   2       N  -10.1* -7.71* -28.0* -18.25

Electrode       Va(V)        In(A)       Ic(A)       It(A)
=============================================================
gate          -5.000e-001  0.000e+000  0.000e+000  0.000e+000
source         0.000e+000  0.000e+000  0.000e+000  0.000e+000
drain          7.000e-001  0.000e+000  0.000e+000  0.000e+000
Total                                              0.000e+000

Time for bias point:   1.50 sec. 
Total time:            5.61 min. 
  
ATLAS> solve vgate=-0.45

Obtaining static solution:

 V(   gate  ) = -0.45       


proj           psi     n     psi     n  
direct          x      x     rhs    rhs 
   i    j  m  -5.00* -6.00* -26.0* -20.0*
-----------------------------------------
   1       N  -3.645 -3.644 -26.1* -13.02
   2       N  -9.96* -7.59* -27.9* -18.26

Electrode       Va(V)        In(A)       Ic(A)       It(A)
=============================================================
gate          -4.500e-001  0.000e+000  0.000e+000  0.000e+000
source         0.000e+000  0.000e+000  0.000e+000  0.000e+000
drain          7.000e-001  0.000e+000  0.000e+000  0.000e+000
Total                                              0.000e+000

Time for bias point:   1.66 sec. 
Total time:            5.66 min. 
  
ATLAS> solve vgate=-0.4

Obtaining static solution:

 V(   gate  ) = -0.4        


proj           psi     n     psi     n  
direct          x      x     rhs    rhs 
   i    j  m  -5.00* -6.00* -26.0* -20.0*
-----------------------------------------
   1       N  -3.583 -3.581 -25.98 -12.89
   2       N  -9.78* -7.46* -27.9* -18.26

Electrode       Va(V)        In(A)       Ic(A)       It(A)
=============================================================
gate          -4.000e-001  0.000e+000  0.000e+000  0.000e+000
source         0.000e+000  0.000e+000  0.000e+000  0.000e+000
drain          7.000e-001  0.000e+000  0.000e+000  0.000e+000
Total                                              0.000e+000

Time for bias point:   1.59 sec. 
Total time:            5.72 min. 
  
ATLAS> solve vgate=-0.35

Obtaining static solution:

 V(   gate  ) = -0.35       


proj           psi     n     psi     n  
direct          x      x     rhs    rhs 
   i    j  m  -5.00* -6.00* -26.0* -20.0*
-----------------------------------------
   1       N  -3.520 -3.519 -25.82 -12.76
   2       N  -9.61* -7.34* -28.0* -18.10

Electrode       Va(V)        In(A)       Ic(A)       It(A)
=============================================================
gate          -3.500e-001  0.000e+000  0.000e+000  0.000e+000
source         0.000e+000  0.000e+000  0.000e+000  0.000e+000
drain          7.000e-001  0.000e+000  0.000e+000  0.000e+000
Total                                              0.000e+000

Time for bias point:   1.61 sec. 
Total time:            5.78 min. 
  
ATLAS> solve vgate=-0.3

Obtaining static solution:

 V(   gate  ) = -0.3        


proj           psi     n     psi     n  
direct          x      x     rhs    rhs 
   i    j  m  -5.00* -6.00* -26.0* -20.0*
-----------------------------------------
   1       N  -3.457 -3.455 -25.66 -12.63
   2       N  -9.43* -7.21* -28.1* -18.37

Electrode       Va(V)        In(A)       Ic(A)       It(A)
=============================================================
gate          -3.000e-001  0.000e+000  0.000e+000  0.000e+000
source         0.000e+000 -1.032e-021 -1.032e-021 -1.032e-021
drain          7.000e-001  1.032e-021  1.032e-021  1.032e-021
Total                                             -4.646e-035

Time for bias point:   1.80 sec. 
Total time:            5.85 min. 
  
ATLAS> solve vgate=-0.25

Obtaining static solution:

 V(   gate  ) = -0.25       


proj           psi     n     psi     n  
direct          x      x     rhs    rhs 
   i    j  m  -5.00* -6.00* -26.0* -20.0*
-----------------------------------------
   1       N  -3.393 -3.300 -25.49 -12.50
   2       N  -9.25* -7.08* -28.1* -18.39

Electrode       Va(V)        In(A)       Ic(A)       It(A)
=============================================================
gate          -2.500e-001  0.000e+000  0.000e+000  0.000e+000
source         0.000e+000 -4.129e-021 -4.129e-021 -4.129e-021
drain          7.000e-001  4.129e-021  4.129e-021  4.129e-021
Total                                             -1.858e-034

Time for bias point:   1.66 sec. 
Total time:            5.91 min. 
  
ATLAS> solve vgate=-0.2

Obtaining static solution:

 V(   gate  ) = -0.2        


proj           psi     n     psi     n  
direct          x      x     rhs    rhs 
   i    j  m  -5.00* -6.00* -26.0* -20.0*
-----------------------------------------
   1       N  -3.327 -2.810 -25.32 -12.37
   2       N  -9.07* -6.95* -28.0* -18.37

Electrode       Va(V)        In(A)       Ic(A)       It(A)
=============================================================
gate          -2.000e-001  0.000e+000  0.000e+000  0.000e+000
source         0.000e+000 -2.478e-020 -2.478e-020 -2.478e-020
drain          7.000e-001  2.478e-020  2.478e-020  2.478e-020
Total                                             -1.116e-033

Time for bias point:   2.06 sec. 
Total time:            5.98 min. 
  
ATLAS> solve vgate=-0.15

Obtaining static solution:

 V(   gate  ) = -0.15       


proj           psi     n     psi     n  
direct          x      x     rhs    rhs 
   i    j  m  -5.00* -6.00* -26.0* -20.0*
-----------------------------------------
   1       N  -3.261 -2.769 -25.14 -12.24
   2       N  -8.88* -6.82* -28.1* -18.39

Electrode       Va(V)        In(A)       Ic(A)       It(A)
=============================================================
gate          -1.500e-001  0.000e+000  0.000e+000  0.000e+000
source         0.000e+000 -1.745e-019 -1.745e-019 -1.745e-019
drain          7.000e-001  1.745e-019  1.745e-019  1.745e-019
Total                                             -7.896e-033

Time for bias point:   1.87 sec. 
Total time:            6.05 min. 
  
ATLAS> solve vgate=-0.1

Obtaining static solution:

 V(   gate  ) = -0.1        


proj           psi     n     psi     n  
direct          x      x     rhs    rhs 
   i    j  m  -5.00* -6.00* -26.0* -20.0*
-----------------------------------------
   1       N  -3.195 -2.735 -24.96 -12.11
   2       N  -8.70* -6.69* -28.2* -18.38

Electrode       Va(V)        In(A)       Ic(A)       It(A)
=============================================================
gate          -1.000e-001  0.000e+000  0.000e+000  0.000e+000
source         0.000e+000 -1.204e-018 -1.204e-018 -1.204e-018
drain          7.000e-001  1.205e-018  1.205e-018  1.205e-018
Total                                              1.032e-021

Time for bias point:   1.74 sec. 
Total time:            6.11 min. 
  
ATLAS> solve vgate=-0.05

Obtaining static solution:

 V(   gate  ) = -0.05       


proj           psi     n     psi     n  
direct          x      x     rhs    rhs 
   i    j  m  -5.00* -6.00* -26.0* -20.0*
-----------------------------------------
   1       N  -3.129 -2.708 -24.77 -11.98
   2       N  -8.52* -6.56* -28.1* -18.03

Electrode       Va(V)        In(A)       Ic(A)       It(A)
=============================================================
gate          -5.000e-002  0.000e+000  0.000e+000  0.000e+000
source         0.000e+000 -8.330e-018 -8.330e-018 -8.330e-018
drain          7.000e-001  8.330e-018  8.330e-018  8.330e-018
Total                                              5.162e-022

Time for bias point:   1.81 sec. 
Total time:            6.17 min. 
  
ATLAS> solve vgate=0

Obtaining static solution:

 V(   gate  ) = 0           


proj           psi     n     psi     n  
direct          x      x     rhs    rhs 
   i    j  m  -5.00* -6.00* -26.0* -20.0*
-----------------------------------------
   1       N  -3.062 -2.703 -24.58 -11.85
   2       N  -8.32* -6.42* -28.2* -18.24

Electrode       Va(V)        In(A)       Ic(A)       It(A)
=============================================================
gate           0.000e+000  0.000e+000  0.000e+000  0.000e+000
source         0.000e+000 -5.759e-017 -5.759e-017 -5.759e-017
drain          7.000e-001  5.759e-017  5.759e-017  5.759e-017
Total                                             -1.548e-021

Time for bias point:   1.61 sec. 
Total time:            6.23 min. 
  
ATLAS> solve vgate=0.05

Obtaining static solution:

 V(   gate  ) = 0.05        


proj           psi     n     psi     n  
direct          x      x     rhs    rhs 
   i    j  m  -5.00* -6.00* -26.0* -20.0*
-----------------------------------------
   1       N  -2.743 -2.741 -24.39 -11.72
   2       N  -8.13* -5.785 -28.3* -18.26

Electrode       Va(V)        In(A)       Ic(A)       It(A)
=============================================================
gate           5.000e-002  0.000e+000  0.000e+000  0.000e+000
source         0.000e+000 -3.978e-016 -3.978e-016 -3.978e-016
drain          7.000e-001  3.978e-016  3.978e-016  3.978e-016
Total                                             -2.065e-021

Time for bias point:   1.65 sec. 
Total time:            6.29 min. 
  
ATLAS> solve vgate=0.1

Obtaining static solution:

 V(   gate  ) = 0.1         


proj           psi     n     psi     n  
direct          x      x     rhs    rhs 
   i    j  m  -5.00* -6.00* -26.0* -20.0*
-----------------------------------------
   1       N  -2.237 -2.235 -24.19 -11.59
   2       N  -7.11* -4.773 -28.3* -17.99

Electrode       Va(V)        In(A)       Ic(A)       It(A)
=============================================================
gate           1.000e-001  0.000e+000  0.000e+000  0.000e+000
source         0.000e+000 -2.740e-015 -2.740e-015 -2.740e-015
drain          7.000e-001  2.740e-015  2.740e-015  2.740e-015
Total                                             -1.548e-021

Time for bias point:   1.64 sec. 
Total time:            6.35 min. 
  
ATLAS> solve vgate=0.15

Obtaining static solution:

 V(   gate  ) = 0.15        


proj           psi     n     psi     n  
direct          x      x     rhs    rhs 
   i    j  m  -5.00* -6.00* -26.0* -20.0*
-----------------------------------------
   1       N  -1.737 -1.736 -23.43 -11.46
   2       N  -5.61* -3.775 -27.7* -18.03

Electrode       Va(V)        In(A)       Ic(A)       It(A)
=============================================================
gate           1.500e-001  0.000e+000  0.000e+000  0.000e+000
source         0.000e+000 -1.868e-014 -1.868e-014 -1.868e-014
drain          7.000e-001  1.868e-014  1.868e-014  1.868e-014
Total                                              1.290e-021

Time for bias point:   1.85 sec. 
Total time:            6.41 min. 
  
ATLAS> solve vgate=0.2

Obtaining static solution:

 V(   gate  ) = 0.2         


proj           psi     n     psi     n  
direct          x      x     rhs    rhs 
   i    j  m  -5.00* -6.00* -26.0* -20.0*
-----------------------------------------
   1       N  -1.265 -1.264 -21.88 -10.25
   2       N  -4.194 -2.832 -25.16 -14.94
   3       N  -7.58* -7.55* -28.3* -18.24

Electrode       Va(V)        In(A)       Ic(A)       It(A)
=============================================================
gate           2.000e-001  0.000e+000  0.000e+000  0.000e+000
source         0.000e+000 -1.232e-013 -1.232e-013 -1.232e-013
drain          7.000e-001  1.232e-013  1.232e-013  1.232e-013
Total                                             -5.554e-027

Time for bias point:   2.76 sec. 
Total time:            6.49 min. 
  
ATLAS> solve vgate=0.25

Obtaining static solution:

 V(   gate  ) = 0.25        


proj           psi     n     psi     n  
direct          x      x     rhs    rhs 
   i    j  m  -5.00* -6.00* -26.0* -20.0*
-----------------------------------------
   1       N  -0.846 -0.844 -20.48 -8.598
   2       N  -2.952 -1.988 -22.95 -12.04
   3       N  -5.44* -5.681 -28.3* -18.15

Electrode       Va(V)        In(A)       Ic(A)       It(A)
=============================================================
gate           2.500e-001  0.000e+000  0.000e+000  0.000e+000
source         0.000e+000 -7.417e-013 -7.417e-013 -7.417e-013
drain          7.000e-001  7.417e-013  7.417e-013  7.417e-013
Total                                              1.807e-021

Time for bias point:   2.47 sec. 
Total time:            6.57 min. 
  
ATLAS> solve vgate=0.3

Obtaining static solution:

 V(   gate  ) = 0.3         


proj           psi     n     psi     n  
direct          x      x     rhs    rhs 
   i    j  m  -5.00* -6.00* -26.0* -20.0*
-----------------------------------------
   1       N  -0.574 -0.572 -19.42 -7.324
   2       N  -2.102 -1.437 -21.38 -9.964
   3       N  -3.948 -4.482 -27.9* -15.18

Electrode       Va(V)        In(A)       Ic(A)       It(A)
=============================================================
gate           3.000e-001  0.000e+000  0.000e+000  0.000e+000
source         0.000e+000 -3.684e-012 -3.684e-012 -3.684e-012
drain          7.000e-001  3.684e-012  3.684e-012  3.684e-012
Total                                              1.032e-021

Time for bias point:   2.57 sec. 
Total time:            6.65 min. 
  
ATLAS> solve vgate=0.35

Obtaining static solution:

 V(   gate  ) = 0.35        


proj           psi     n     psi     n  
direct          x      x     rhs    rhs 
   i    j  m  -5.00* -6.00* -26.0* -20.0*
-----------------------------------------
   1       N  -0.497 -0.495 -18.86 -6.588
   2       N  -1.781 -1.298 -20.70 -8.938
   3       N  -3.398 -4.049 -26.6* -13.46

Electrode       Va(V)        In(A)       Ic(A)       It(A)
=============================================================
gate           3.500e-001  0.000e+000  0.000e+000  0.000e+000
source         0.000e+000 -1.399e-011 -1.399e-011 -1.399e-011
drain          7.000e-001  1.399e-011  1.399e-011  1.399e-011
Total                                              1.419e-021

Time for bias point:   2.72 sec. 
Total time:            6.73 min. 
  
ATLAS> solve vgate=0.4

Obtaining static solution:

 V(   gate  ) = 0.4         


proj           psi     n     psi     n  
direct          x      x     rhs    rhs 
   i    j  m  -5.00* -6.00* -26.0* -20.0*
-----------------------------------------
   1       N  -0.572 -0.553 -18.77 -6.322
   2       N  -1.872 -1.495 -20.80 -8.780
   3       N  -3.609 -4.263 -26.6* -13.33

Electrode       Va(V)        In(A)       Ic(A)       It(A)
=============================================================
gate           4.000e-001  0.000e+000  0.000e+000  0.000e+000
source         0.000e+000 -4.085e-011 -4.085e-011 -4.085e-011
drain          7.000e-001  4.085e-011  4.085e-011  4.085e-011
Total                                             -3.097e-021

Time for bias point:   2.28 sec. 
Total time:            6.80 min. 
  
ATLAS> solve vgate=0.45

Obtaining static solution:

 V(   gate  ) = 0.45        


proj           psi     n     psi     n  
direct          x      x     rhs    rhs 
   i    j  m  -5.00* -6.00* -26.0* -20.0*
-----------------------------------------
   1       N  -0.723 -0.668 -18.91 -6.313
   2       N  -2.161 -1.813 -21.29 -9.081
   3       N  -4.180 -4.814 -27.4* -14.07

Electrode       Va(V)        In(A)       Ic(A)       It(A)
=============================================================
gate           4.500e-001  0.000e+000  0.000e+000  0.000e+000
source         0.000e+000 -9.692e-011 -9.692e-011 -9.692e-011
drain          7.000e-001  9.692e-011  9.692e-011  9.692e-011
Total                                              3.873e-021

Time for bias point:   2.58 sec. 
Total time:            6.88 min. 
  
ATLAS> solve vgate=0.5

Obtaining static solution:

 V(   gate  ) = 0.5         


proj           psi     n     psi     n  
direct          x      x     rhs    rhs 
   i    j  m  -5.00* -6.00* -26.0* -20.0*
-----------------------------------------
   1       N  -0.894 -0.803 -19.10 -6.395
   2       N  -2.508 -2.151 -21.89 -9.521
   3       N  -4.836 -5.446 -28.4* -15.05

Electrode       Va(V)        In(A)       Ic(A)       It(A)
=============================================================
gate           5.000e-001  0.000e+000  0.000e+000  0.000e+000
source         0.000e+000 -1.974e-010 -1.974e-010 -1.974e-010
drain          7.000e-001  1.974e-010  1.974e-010  1.974e-010
Total                                             -3.344e-021

Time for bias point:   2.54 sec. 
Total time:            6.96 min. 
  
ATLAS> solve vgate=0.55

Obtaining static solution:

 V(   gate  ) = 0.55        


proj           psi     n     psi     n  
direct          x      x     rhs    rhs 
   i    j  m  -5.00* -6.00* -26.0* -20.0*
-----------------------------------------
   1       N  -1.034 -0.417 -19.03 -6.478
   2       N  -2.352 -2.501 -22.80 -9.841
   3       N  -5.60* -5.425 -28.3* -16.01

Electrode       Va(V)        In(A)       Ic(A)       It(A)
=============================================================
gate           5.500e-001  0.000e+000  0.000e+000  0.000e+000
source         0.000e+000 -3.598e-010 -3.598e-010 -3.598e-010
drain          7.000e-001  3.598e-010  3.598e-010  3.598e-010
Total                                              2.108e-021

Time for bias point:   2.70 sec. 
Total time:            7.04 min. 
  
ATLAS> solve vgate=0.6

Obtaining static solution:

 V(   gate  ) = 0.6         


proj           psi     n     psi     n  
direct          x      x     rhs    rhs 
   i    j  m  -5.00* -6.00* -26.0* -20.0*
-----------------------------------------
   1       N  -1.150 -0.236 -18.55 -5.831
   2       N  -1.981 -2.195 -22.14 -8.929
   3       N  -5.01* -4.775 -27.3* -14.78

Electrode       Va(V)        In(A)       Ic(A)       It(A)
=============================================================
gate           6.000e-001  0.000e+000  0.000e+000  0.000e+000
source         0.000e+000 -6.040e-010 -6.040e-010 -6.040e-010
drain          7.000e-001  6.040e-010  6.040e-010  6.040e-010
Total                                              1.302e-021

Time for bias point:   2.80 sec. 
Total time:            7.13 min. 
  
ATLAS> solve vgate=0.65

Obtaining static solution:

 V(   gate  ) = 0.65        


proj           psi     n     psi     n  
direct          x      x     rhs    rhs 
   i    j  m  -5.00* -6.00* -26.0* -20.0*
-----------------------------------------
   1       N  -1.295 -0.291 -18.60 -5.377
   2       N  -2.144 -2.316 -22.29 -9.018
   3       N  -5.38* -5.015 -27.7* -15.27

Electrode       Va(V)        In(A)       Ic(A)       It(A)
=============================================================
gate           6.500e-001  0.000e+000  0.000e+000  0.000e+000
source         0.000e+000 -9.529e-010 -9.529e-010 -9.529e-010
drain          7.000e-001  9.529e-010  9.529e-010  9.529e-010
Total                                             -9.554e-023

Time for bias point:   2.72 sec. 
Total time:            7.21 min. 
  
ATLAS> solve vgate=0.7

Obtaining static solution:

 V(   gate  ) = 0.7         


proj           psi     n     psi     n  
direct          x      x     rhs    rhs 
   i    j  m  -5.00* -6.00* -26.0* -20.0*
-----------------------------------------
   1       N  -1.398 -0.338 -18.60 -5.031
   2       N  -2.270 -2.418 -22.41 -8.945
   3       N  -5.73* -5.227 -28.0* -14.93

Electrode       Va(V)        In(A)       Ic(A)       It(A)
=============================================================
gate           7.000e-001  0.000e+000  0.000e+000  0.000e+000
source         0.000e+000 -1.433e-009 -1.433e-009 -1.433e-009
drain          7.000e-001  1.433e-009  1.433e-009  1.433e-009
Total                                             -8.708e-021

Time for bias point:   2.40 sec. 
Total time:            7.28 min. 
  
ATLAS> solve vgate=0.75

Obtaining static solution:

 V(   gate  ) = 0.75        


proj           psi     n     psi     n  
direct          x      x     rhs    rhs 
   i    j  m  -5.00* -6.00* -26.0* -20.0*
-----------------------------------------
   1       N  -1.452 -0.380 -18.61 -4.737
   2       N  -2.369 -2.518 -22.52 -8.794
   3       N  -6.08* -5.422 -28.3* -14.95

Electrode       Va(V)        In(A)       Ic(A)       It(A)
=============================================================
gate           7.500e-001  0.000e+000  0.000e+000  0.000e+000
source         0.000e+000 -2.074e-009 -2.074e-009 -2.074e-009
drain          7.000e-001  2.074e-009  2.074e-009  2.074e-009
Total                                             -3.951e-021

Time for bias point:   2.18 sec. 
Total time:            7.35 min. 
  
ATLAS> solve vgate=0.8

Obtaining static solution:

 V(   gate  ) = 0.8         


proj           psi     n     psi     n  
direct          x      x     rhs    rhs 
   i    j  m  -5.00* -6.00* -26.0* -20.0*
-----------------------------------------
   1       N  -1.487 -0.418 -18.63 -4.479
   2       N  -2.456 -2.594 -22.63 -8.353
   3       N  -6.20* -5.606 -28.3* -15.05

Electrode       Va(V)        In(A)       Ic(A)       It(A)
=============================================================
gate           8.000e-001  0.000e+000  0.000e+000  0.000e+000
source         0.000e+000 -2.912e-009 -2.912e-009 -2.912e-009
drain          7.000e-001  2.912e-009  2.912e-009  2.912e-009
Total                                              3.463e-021

Time for bias point:   2.51 sec. 
Total time:            7.43 min. 
  
ATLAS> solve vgate=0.85

Obtaining static solution:

 V(   gate  ) = 0.85        


proj           psi     n     psi     n  
direct          x      x     rhs    rhs 
   i    j  m  -5.00* -6.00* -26.0* -20.0*
-----------------------------------------
   1       N  -1.319 -0.454 -18.66 -4.251
   2       N  -2.526 -2.484 -22.63 -7.921
   3       N  -6.23* -5.748 -28.3* -14.65

Electrode       Va(V)        In(A)       Ic(A)       It(A)
=============================================================
gate           8.500e-001  0.000e+000  0.000e+000  0.000e+000
source         0.000e+000 -3.986e-009 -3.986e-009 -3.986e-009
drain          7.000e-001  3.986e-009  3.986e-009  3.986e-009
Total                                             -3.283e-021

Time for bias point:   2.14 sec. 
Total time:            7.49 min. 
  
ATLAS> solve vgate=0.9

Obtaining static solution:

 V(   gate  ) = 0.9         


proj           psi     n     psi     n  
direct          x      x     rhs    rhs 
   i    j  m  -5.00* -6.00* -26.0* -20.0*
-----------------------------------------
   1       N  -1.096 -0.489 -18.70 -4.051
   2       N  -2.595 -2.372 -22.39 -7.522
   3       N  -6.02* -5.878 -28.2* -14.61

Electrode       Va(V)        In(A)       Ic(A)       It(A)
=============================================================
gate           9.000e-001  0.000e+000  0.000e+000  0.000e+000
source         0.000e+000 -5.342e-009 -5.342e-009 -5.342e-009
drain          7.000e-001  5.342e-009  5.342e-009  5.342e-009
Total                                             -1.415e-021

Time for bias point:   2.55 sec. 
Total time:            7.57 min. 
  
ATLAS> solve vgate=0.95

Obtaining static solution:

 V(   gate  ) = 0.95        


proj           psi     n     psi     n  
direct          x      x     rhs    rhs 
   i    j  m  -5.00* -6.00* -26.0* -20.0*
-----------------------------------------
   1       N  -0.867 -0.526 -18.76 -3.877
   2       N  -2.661 -2.303 -22.25 -7.194
   3       N  -5.89* -5.708 -28.3* -14.16

Electrode       Va(V)        In(A)       Ic(A)       It(A)
=============================================================
gate           9.500e-001  0.000e+000  0.000e+000  0.000e+000
source         0.000e+000 -7.030e-009 -7.030e-009 -7.030e-009
drain          7.000e-001  7.030e-009  7.030e-009  7.030e-009
Total                                              9.810e-022

Time for bias point:   2.40 sec. 
Total time:            7.64 min. 
  
ATLAS> solve vgate=1

Obtaining static solution:

 V(   gate  ) = 1           


proj           psi     n     psi     n  
direct          x      x     rhs    rhs 
   i    j  m  -5.00* -6.00* -26.0* -20.0*
-----------------------------------------
   1       N  -0.687 -0.563 -18.83 -3.729
   2       N  -2.722 -2.267 -22.19 -6.934
   3       N  -5.82* -5.478 -28.2* -13.41

Electrode       Va(V)        In(A)       Ic(A)       It(A)
=============================================================
gate           1.000e+000  0.000e+000  0.000e+000  0.000e+000
source         0.000e+000 -9.101e-009 -9.101e-009 -9.101e-009
drain          7.000e-001  9.101e-009  9.101e-009  9.101e-009
Total                                             -2.970e-021

Time for bias point:   2.81 sec. 
Total time:            7.73 min. 
  
ATLAS> solve vgate=1.05

Obtaining static solution:

 V(   gate  ) = 1.05        


proj           psi     n     psi     n  
direct          x      x     rhs    rhs 
   i    j  m  -5.00* -6.00* -26.0* -20.0*
-----------------------------------------
   1       N  -0.616 -0.602 -18.92 -3.608
   2       N  -2.773 -2.256 -22.19 -6.734
   3       N  -5.77* -5.361 -28.3* -12.99

Electrode       Va(V)        In(A)       Ic(A)       It(A)
=============================================================
gate           1.050e+000  0.000e+000  0.000e+000  0.000e+000
source         0.000e+000 -1.161e-008 -1.161e-008 -1.161e-008
drain          7.000e-001  1.161e-008  1.161e-008  1.161e-008
Total                                              6.154e-022

Time for bias point:   2.69 sec. 
Total time:            7.81 min. 
  
ATLAS> solve vgate=1.1

Obtaining static solution:

 V(   gate  ) = 1.1         


proj           psi     n     psi     n  
direct          x      x     rhs    rhs 
   i    j  m  -5.00* -6.00* -26.0* -20.0*
-----------------------------------------
   1       N  -0.658 -0.642 -19.01 -3.513
   2       N  -2.493 -2.265 -22.23 -6.586
   3       N  -5.24* -5.309 -28.4* -12.71

Electrode       Va(V)        In(A)       Ic(A)       It(A)
=============================================================
gate           1.100e+000  0.000e+000  0.000e+000  0.000e+000
source         0.000e+000 -1.460e-008 -1.460e-008 -1.460e-008
drain          7.000e-001  1.460e-008  1.460e-008  1.460e-008
Total                                             -8.537e-022

Time for bias point:   2.03 sec. 
Total time:            7.87 min. 
  
ATLAS> solve vgate=1.15

Obtaining static solution:

 V(   gate  ) = 1.15        


proj           psi     n     psi     n  
direct          x      x     rhs    rhs 
   i    j  m  -5.00* -6.00* -26.0* -20.0*
-----------------------------------------
   1       N  -0.720 -0.683 -19.12 -3.439
   2       N  -2.415 -2.290 -22.31 -6.478
   3       N  -5.15* -5.304 -28.3* -12.55

Electrode       Va(V)        In(A)       Ic(A)       It(A)
=============================================================
gate           1.150e+000  0.000e+000  0.000e+000  0.000e+000
source         0.000e+000 -1.813e-008 -1.813e-008 -1.813e-008
drain          7.000e-001  1.813e-008  1.813e-008  1.813e-008
Total                                              6.058e-021

Time for bias point:   2.46 sec. 
Total time:            7.94 min. 
  
ATLAS> solve vgate=1.2

Obtaining static solution:

 V(   gate  ) = 1.2         


proj           psi     n     psi     n  
direct          x      x     rhs    rhs 
   i    j  m  -5.00* -6.00* -26.0* -20.0*
-----------------------------------------
   1       N  -0.828 -0.724 -19.22 -3.371
   2       N  -2.509 -2.316 -22.39 -6.393
   3       N  -5.39* -5.314 -28.3* -12.43

Electrode       Va(V)        In(A)       Ic(A)       It(A)
=============================================================
gate           1.200e+000  0.000e+000  0.000e+000  0.000e+000
source         0.000e+000 -2.224e-008 -2.224e-008 -2.224e-008
drain          7.000e-001  2.224e-008  2.224e-008  2.224e-008
Total                                              2.250e-022

Time for bias point:   2.34 sec. 
Total time:            8.02 min. 
  
ATLAS> solve vgate=1.25

Obtaining static solution:

 V(   gate  ) = 1.25        


proj           psi     n     psi     n  
direct          x      x     rhs    rhs 
   i    j  m  -5.00* -6.00* -26.0* -20.0*
-----------------------------------------
   1       N  -0.943 -0.765 -19.33 -3.315
   2       N  -2.718 -2.351 -22.50 -6.336
   3       N  -5.75* -5.348 -28.2* -12.37

Electrode       Va(V)        In(A)       Ic(A)       It(A)
=============================================================
gate           1.250e+000  0.000e+000  0.000e+000  0.000e+000
source         0.000e+000 -2.697e-008 -2.697e-008 -2.697e-008
drain          7.000e-001  2.697e-008  2.697e-008  2.697e-008
Total                                              5.119e-021

Time for bias point:   2.53 sec. 
Total time:            8.10 min. 
  
ATLAS> solve vgate=1.3

Obtaining static solution:

 V(   gate  ) = 1.3         


proj           psi     n     psi     n  
direct          x      x     rhs    rhs 
   i    j  m  -5.00* -6.00* -26.0* -20.0*
-----------------------------------------
   1       N  -1.061 -0.805 -19.44 -3.269
   2       N  -2.916 -2.391 -22.61 -6.301
   3       N  -5.82* -5.400 -28.3* -12.36

Electrode       Va(V)        In(A)       Ic(A)       It(A)
=============================================================
gate           1.300e+000  0.000e+000  0.000e+000  0.000e+000
source         0.000e+000 -3.235e-008 -3.235e-008 -3.235e-008
drain          7.000e-001  3.235e-008  3.235e-008  3.235e-008
Total                                              4.301e-021

Time for bias point:   2.44 sec. 
Total time:            8.18 min. 
  
ATLAS> solve vgate=1.35

Obtaining static solution:

 V(   gate  ) = 1.35        


proj           psi     n     psi     n  
direct          x      x     rhs    rhs 
   i    j  m  -5.00* -6.00* -26.0* -20.0*
-----------------------------------------
   1       N  -1.179 -0.844 -19.55 -3.233
   2       N  -2.942 -2.436 -22.73 -6.285
   3       N  -5.87* -5.465 -28.3* -12.39

Electrode       Va(V)        In(A)       Ic(A)       It(A)
=============================================================
gate           1.350e+000  0.000e+000  0.000e+000  0.000e+000
source         0.000e+000 -3.843e-008 -3.843e-008 -3.843e-008
drain          7.000e-001  3.843e-008  3.843e-008  3.843e-008
Total                                             -6.412e-021

Time for bias point:   2.41 sec. 
Total time:            8.26 min. 
  
ATLAS> solve vgate=1.4

Obtaining static solution:

 V(   gate  ) = 1.4         


proj           psi     n     psi     n  
direct          x      x     rhs    rhs 
   i    j  m  -5.00* -6.00* -26.0* -20.0*
-----------------------------------------
   1       N  -1.295 -0.882 -19.66 -3.203
   2       N  -2.969 -2.482 -22.86 -6.282
   3       N  -5.92* -5.538 -28.2* -12.44

Electrode       Va(V)        In(A)       Ic(A)       It(A)
=============================================================
gate           1.400e+000  0.000e+000  0.000e+000  0.000e+000
source         0.000e+000 -4.521e-008 -4.521e-008 -4.521e-008
drain          7.000e-001  4.521e-008  4.521e-008  4.521e-008
Total                                             -1.489e-021

Time for bias point:   2.56 sec. 
Total time:            8.34 min. 
  
ATLAS> solve vgate=1.45

Obtaining static solution:

 V(   gate  ) = 1.45        


proj           psi     n     psi     n  
direct          x      x     rhs    rhs 
   i    j  m  -5.00* -6.00* -26.0* -20.0*
-----------------------------------------
   1       N  -1.401 -0.919 -19.76 -3.179
   2       N  -2.997 -2.530 -22.99 -6.289
   3       N  -5.98* -5.617 -28.2* -12.51

Electrode       Va(V)        In(A)       Ic(A)       It(A)
=============================================================
gate           1.450e+000  0.000e+000  0.000e+000  0.000e+000
source         0.000e+000 -5.272e-008 -5.272e-008 -5.272e-008
drain          7.000e-001  5.272e-008  5.272e-008  5.272e-008
Total                                             -2.329e-021

Time for bias point:   2.61 sec. 
Total time:            8.41 min. 
  
ATLAS> solve vgate=1.5

Obtaining static solution:

 V(   gate  ) = 1.5         


proj           psi     n     psi     n  
direct          x      x     rhs    rhs 
   i    j  m  -5.00* -6.00* -26.0* -20.0*
-----------------------------------------
   1       N  -1.491 -0.953 -19.86 -3.159
   2       N  -3.024 -2.578 -23.12 -6.304
   3       N  -6.04* -5.699 -28.3* -12.59

Electrode       Va(V)        In(A)       Ic(A)       It(A)
=============================================================
gate           1.500e+000  0.000e+000  0.000e+000  0.000e+000
source         0.000e+000 -6.096e-008 -6.096e-008 -6.096e-008
drain          7.000e-001  6.096e-008  6.096e-008  6.096e-008
Total                                             -2.250e-022

Time for bias point:   2.47 sec. 
Total time:            8.49 min. 
  
ATLAS> solve vgate=1.55

Obtaining static solution:

 V(   gate  ) = 1.55        


proj           psi     n     psi     n  
direct          x      x     rhs    rhs 
   i    j  m  -5.00* -6.00* -26.0* -20.0*
-----------------------------------------
   1       N  -1.560 -0.987 -19.96 -3.143
   2       N  -3.052 -2.626 -23.25 -6.325
   3       N  -6.10* -5.782 -28.2* -12.68

Electrode       Va(V)        In(A)       Ic(A)       It(A)
=============================================================
gate           1.550e+000  0.000e+000  0.000e+000  0.000e+000
source         0.000e+000 -6.992e-008 -6.992e-008 -6.992e-008
drain          7.000e-001  6.992e-008  6.992e-008  6.992e-008
Total                                             -1.032e-021

Time for bias point:   2.26 sec. 
Total time:            8.56 min. 
  
ATLAS> solve vgate=1.6

Obtaining static solution:

 V(   gate  ) = 1.6         


proj           psi     n     psi     n  
direct          x      x     rhs    rhs 
   i    j  m  -5.00* -6.00* -26.0* -20.0*
-----------------------------------------
   1       N  -1.603 -1.019 -20.05 -3.130
   2       N  -3.080 -2.673 -23.37 -6.349
   3       N  -6.17* -5.866 -28.2* -12.78

Electrode       Va(V)        In(A)       Ic(A)       It(A)
=============================================================
gate           1.600e+000  0.000e+000  0.000e+000  0.000e+000
source         0.000e+000 -7.960e-008 -7.960e-008 -7.960e-008
drain          7.000e-001  7.960e-008  7.960e-008  7.960e-008
Total                                              1.218e-020

Time for bias point:   2.73 sec. 
Total time:            8.64 min. 
  
ATLAS> solve vgate=1.65

Obtaining static solution:

 V(   gate  ) = 1.65        


proj           psi     n     psi     n  
direct          x      x     rhs    rhs 
   i    j  m  -5.00* -6.00* -26.0* -20.0*
-----------------------------------------
   1       N  -1.623 -1.049 -20.14 -3.120
   2       N  -3.107 -2.719 -23.49 -6.376
   3       N  -6.23* -5.949 -28.1* -12.88

Electrode       Va(V)        In(A)       Ic(A)       It(A)
=============================================================
gate           1.650e+000  0.000e+000  0.000e+000  0.000e+000
source         0.000e+000 -8.997e-008 -8.997e-008 -8.997e-008
drain          7.000e-001  8.997e-008  8.997e-008  8.997e-008
Total                                              2.144e-021

Time for bias point:   2.68 sec. 
Total time:            8.73 min. 
  
ATLAS> solve vgate=1.7

Obtaining static solution:

 V(   gate  ) = 1.7         


proj           psi     n     psi     n  
direct          x      x     rhs    rhs 
   i    j  m  -5.00* -6.00* -26.0* -20.0*
-----------------------------------------
   1       N  -1.627 -1.078 -20.22 -3.111
   2       N  -3.134 -2.764 -23.61 -6.405
   3       N  -6.30* -6.03* -28.1* -12.98

Electrode       Va(V)        In(A)       Ic(A)       It(A)
=============================================================
gate           1.700e+000  0.000e+000  0.000e+000  0.000e+000
source         0.000e+000 -1.010e-007 -1.010e-007 -1.010e-007
drain          7.000e-001  1.010e-007  1.010e-007  1.010e-007
Total                                              3.441e-022

Time for bias point:   2.67 sec. 
Total time:            8.80 min. 
  
ATLAS> solve vgate=1.75

Obtaining static solution:

 V(   gate  ) = 1.75        


proj           psi     n     psi     n  
direct          x      x     rhs    rhs 
   i    j  m  -5.00* -6.00* -26.0* -20.0*
-----------------------------------------
   1       N  -1.625 -1.106 -20.30 -3.104
   2       N  -3.161 -2.808 -23.72 -6.435
   3       N  -6.36* -6.11* -28.0* -13.08

Electrode       Va(V)        In(A)       Ic(A)       It(A)
=============================================================
gate           1.750e+000  0.000e+000  0.000e+000  0.000e+000
source         0.000e+000 -1.127e-007 -1.127e-007 -1.127e-007
drain          7.000e-001  1.127e-007  1.127e-007  1.127e-007
Total                                             -7.544e-022

Time for bias point:   2.34 sec. 
Total time:            8.87 min. 
  
ATLAS> solve vgate=1.8

Obtaining static solution:

 V(   gate  ) = 1.8         


proj           psi     n     psi     n  
direct          x      x     rhs    rhs 
   i    j  m  -5.00* -6.00* -26.0* -20.0*
-----------------------------------------
   1       N  -1.623 -1.132 -20.38 -3.098
   2       N  -3.187 -2.850 -23.83 -6.465
   3       N  -6.42* -6.19* -28.2* -13.18

Electrode       Va(V)        In(A)       Ic(A)       It(A)
=============================================================
gate           1.800e+000  0.000e+000  0.000e+000  0.000e+000
source         0.000e+000 -1.250e-007 -1.250e-007 -1.250e-007
drain          7.000e-001  1.250e-007  1.250e-007  1.250e-007
Total                                             -1.411e-020

Time for bias point:   2.60 sec. 
Total time:            8.95 min. 
  
ATLAS> solve vgate=1.85

Obtaining static solution:

 V(   gate  ) = 1.85        


proj           psi     n     psi     n  
direct          x      x     rhs    rhs 
   i    j  m  -5.00* -6.00* -26.0* -20.0*
-----------------------------------------
   1       N  -1.624 -1.157 -20.45 -3.093
   2       N  -3.212 -2.890 -23.94 -6.496
   3       N  -6.49* -6.26* -28.3* -13.28

Electrode       Va(V)        In(A)       Ic(A)       It(A)
=============================================================
gate           1.850e+000  0.000e+000  0.000e+000  0.000e+000
source         0.000e+000 -1.378e-007 -1.378e-007 -1.378e-007
drain          7.000e-001  1.378e-007  1.378e-007  1.378e-007
Total                                              1.323e-022

Time for bias point:   2.67 sec. 
Total time:            9.08 min. 
  
ATLAS> solve vgate=1.9

Obtaining static solution:

 V(   gate  ) = 1.9         


proj           psi     n     psi     n  
direct          x      x     rhs    rhs 
   i    j  m  -5.00* -6.00* -26.0* -20.0*
-----------------------------------------
   1       N  -1.632 -1.181 -20.52 -3.089
   2       N  -3.237 -2.930 -24.04 -6.526
   3       N  -6.55* -6.34* -28.2* -13.37

Electrode       Va(V)        In(A)       Ic(A)       It(A)
=============================================================
gate           1.900e+000  0.000e+000  0.000e+000  0.000e+000
source         0.000e+000 -1.511e-007 -1.511e-007 -1.511e-007
drain          7.000e-001  1.511e-007  1.511e-007  1.511e-007
Total                                              4.235e-021

Time for bias point:   2.47 sec. 
Total time:            9.16 min. 
  
ATLAS> solve vgate=1.95

Obtaining static solution:

 V(   gate  ) = 1.95        


proj           psi     n     psi     n  
direct          x      x     rhs    rhs 
   i    j  m  -5.00* -6.00* -26.0* -20.0*
-----------------------------------------
   1       N  -1.644 -1.204 -20.59 -3.085
   2       N  -3.262 -2.967 -24.14 -6.556
   3       N  -6.61* -6.41* -28.0* -13.47

Electrode       Va(V)        In(A)       Ic(A)       It(A)
=============================================================
gate           1.950e+000  0.000e+000  0.000e+000  0.000e+000
source         0.000e+000 -1.649e-007 -1.649e-007 -1.649e-007
drain          7.000e-001  1.649e-007  1.649e-007  1.649e-007
Total                                              3.282e-021

Time for bias point:   2.44 sec. 
Total time:            9.24 min. 
  
ATLAS> solve vgate=2

Obtaining static solution:

 V(   gate  ) = 2           


proj           psi     n     psi     n  
direct          x      x     rhs    rhs 
   i    j  m  -5.00* -6.00* -26.0* -20.0*
-----------------------------------------
   1       N  -1.662 -1.225 -20.65 -3.082
   2       N  -3.286 -3.004 -24.23 -6.585
   3       N  -6.67* -6.47* -28.2* -13.56

Electrode       Va(V)        In(A)       Ic(A)       It(A)
=============================================================
gate           2.000e+000  0.000e+000  0.000e+000  0.000e+000
source         0.000e+000 -1.792e-007 -1.792e-007 -1.792e-007
drain          7.000e-001  1.792e-007  1.792e-007  1.792e-007
Total                                              1.588e-021

Time for bias point:   2.65 sec. 
Total time:            9.32 min. 
  
ATLAS> solve vgate=2.05

Obtaining static solution:

 V(   gate  ) = 2.05        


proj           psi     n     psi     n  
direct          x      x     rhs    rhs 
   i    j  m  -5.00* -6.00* -26.0* -20.0*
-----------------------------------------
   1       N  -1.685 -1.246 -20.71 -3.080
   2       N  -3.309 -3.039 -24.33 -6.614
   3       N  -6.72* -6.54* -28.0* -13.65

Electrode       Va(V)        In(A)       Ic(A)       It(A)
=============================================================
gate           2.050e+000  0.000e+000  0.000e+000  0.000e+000
source         0.000e+000 -1.938e-007 -1.938e-007 -1.938e-007
drain          7.000e-001  1.938e-007  1.938e-007  1.938e-007
Total                                             -4.209e-021

Time for bias point:   2.42 sec. 
Total time:            9.40 min. 
  
ATLAS> solve vgate=2.1

Obtaining static solution:

 V(   gate  ) = 2.1         


proj           psi     n     psi     n  
direct          x      x     rhs    rhs 
   i    j  m  -5.00* -6.00* -26.0* -20.0*
-----------------------------------------
   1       N  -1.711 -1.266 -20.77 -3.077
   2       N  -3.332 -3.073 -24.41 -6.642
   3       N  -6.78* -6.60* -28.2* -13.73

Electrode       Va(V)        In(A)       Ic(A)       It(A)
=============================================================
gate           2.100e+000  0.000e+000  0.000e+000  0.000e+000
source         0.000e+000 -2.088e-007 -2.088e-007 -2.088e-007
drain          7.000e-001  2.088e-007  2.088e-007  2.088e-007
Total                                              6.856e-021

Time for bias point:   2.37 sec. 
Total time:            9.48 min. 
  
ATLAS> solve vgate=2.15

Obtaining static solution:

 V(   gate  ) = 2.15        


proj           psi     n     psi     n  
direct          x      x     rhs    rhs 
   i    j  m  -5.00* -6.00* -26.0* -20.0*
-----------------------------------------
   1       N  -1.740 -1.286 -20.82 -3.075
   2       N  -3.354 -3.106 -24.50 -6.670
   3       N  -6.83* -6.67* -28.0* -13.81

Electrode       Va(V)        In(A)       Ic(A)       It(A)
=============================================================
gate           2.150e+000  0.000e+000  0.000e+000  0.000e+000
source         0.000e+000 -2.241e-007 -2.241e-007 -2.241e-007
drain          7.000e-001  2.241e-007  2.241e-007  2.241e-007
Total                                              2.647e-022

Time for bias point:   2.42 sec. 
Total time:            9.55 min. 
  
ATLAS> solve vgate=2.2

Obtaining static solution:

 V(   gate  ) = 2.2         


proj           psi     n     psi     n  
direct          x      x     rhs    rhs 
   i    j  m  -5.00* -6.00* -26.0* -20.0*
-----------------------------------------
   1       N  -1.771 -1.304 -20.81 -3.073
   2       N  -3.375 -3.137 -24.58 -6.696
   3       N  -6.88* -6.72* -28.1* -13.91

Electrode       Va(V)        In(A)       Ic(A)       It(A)
=============================================================
gate           2.200e+000  0.000e+000  0.000e+000  0.000e+000
source         0.000e+000 -2.397e-007 -2.397e-007 -2.397e-007
drain          7.000e-001  2.397e-007  2.397e-007  2.397e-007
Total                                              1.906e-021

Time for bias point:   2.68 sec. 
Total time:            9.63 min. 
  
ATLAS> solve vgate=2.25

Obtaining static solution:

 V(   gate  ) = 2.25        


proj           psi     n     psi     n  
direct          x      x     rhs    rhs 
   i    j  m  -5.00* -6.00* -26.0* -20.0*
-----------------------------------------
   1       N  -1.804 -1.322 -20.81 -3.071
   2       N  -3.396 -3.167 -24.66 -6.722
   3       N  -6.93* -6.78* -27.9* -13.98

Electrode       Va(V)        In(A)       Ic(A)       It(A)
=============================================================
gate           2.250e+000  0.000e+000  0.000e+000  0.000e+000
source         0.000e+000 -2.555e-007 -2.555e-007 -2.555e-007
drain          7.000e-001  2.555e-007  2.555e-007  2.555e-007
Total                                              5.876e-021

Time for bias point:   2.30 sec. 
Total time:            9.71 min. 
  
ATLAS> solve vgate=2.3

Obtaining static solution:

 V(   gate  ) = 2.3         


proj           psi     n     psi     n  
direct          x      x     rhs    rhs 
   i    j  m  -5.00* -6.00* -26.0* -20.0*
-----------------------------------------
   1       N  -1.839 -1.339 -20.83 -3.069
   2       N  -3.417 -3.197 -24.74 -6.747
   3       N  -6.98* -6.84* -28.0* -14.05

Electrode       Va(V)        In(A)       Ic(A)       It(A)
=============================================================
gate           2.300e+000  0.000e+000  0.000e+000  0.000e+000
source         0.000e+000 -2.716e-007 -2.716e-007 -2.716e-007
drain          7.000e-001  2.716e-007  2.716e-007  2.716e-007
Total                                              5.029e-021

Time for bias point:   2.59 sec. 
Total time:            9.78 min. 
  
ATLAS> solve vgate=2.35

Obtaining static solution:

 V(   gate  ) = 2.35        


proj           psi     n     psi     n  
direct          x      x     rhs    rhs 
   i    j  m  -5.00* -6.00* -26.0* -20.0*
-----------------------------------------
   1       N  -1.874 -1.355 -20.86 -3.068
   2       N  -3.437 -3.225 -24.81 -6.771
   3       N  -7.03* -6.89* -27.9* -14.12

Electrode       Va(V)        In(A)       Ic(A)       It(A)
=============================================================
gate           2.350e+000  0.000e+000  0.000e+000  0.000e+000
source         0.000e+000 -2.879e-007 -2.879e-007 -2.879e-007
drain          7.000e-001  2.879e-007  2.879e-007  2.879e-007
Total                                              6.723e-021

Time for bias point:   2.22 sec. 
Total time:            9.85 min. 
  
ATLAS> solve vgate=2.4

Obtaining static solution:

 V(   gate  ) = 2.4         


proj           psi     n     psi     n  
direct          x      x     rhs    rhs 
   i    j  m  -5.00* -6.00* -26.0* -20.0*
-----------------------------------------
   1       N  -1.910 -1.371 -20.91 -3.066
   2       N  -3.456 -3.253 -24.88 -6.794
   3       N  -7.07* -6.94* -28.0* -14.20

Electrode       Va(V)        In(A)       Ic(A)       It(A)
=============================================================
gate           2.400e+000  0.000e+000  0.000e+000  0.000e+000
source         0.000e+000 -3.044e-007 -3.044e-007 -3.044e-007
drain          7.000e-001  3.044e-007  3.044e-007  3.044e-007
Total                                              9.370e-021

Time for bias point:   2.38 sec. 
Total time:            9.92 min. 
  
ATLAS> solve vgate=2.45

Obtaining static solution:

 V(   gate  ) = 2.45        


proj           psi     n     psi     n  
direct          x      x     rhs    rhs 
   i    j  m  -5.00* -6.00* -26.0* -20.0*
-----------------------------------------
   1       N  -1.947 -1.387 -20.96 -3.065
   2       N  -3.474 -3.279 -24.95 -6.817
   3       N  -7.12* -6.99* -28.0* -14.29

Electrode       Va(V)        In(A)       Ic(A)       It(A)
=============================================================
gate           2.450e+000  0.000e+000  0.000e+000  0.000e+000
source         0.000e+000 -3.210e-007 -3.210e-007 -3.210e-007
drain          7.000e-001  3.210e-007  3.210e-007  3.210e-007
Total                                             -1.948e-020

Time for bias point:   2.49 sec. 
Total time:           10.00 min. 
  
ATLAS> solve vgate=2.5

Obtaining static solution:

 V(   gate  ) = 2.5         


proj           psi     n     psi     n  
direct          x      x     rhs    rhs 
   i    j  m  -5.00* -6.00* -26.0* -20.0*
-----------------------------------------
   1       N  -1.984 -1.401 -21.03 -3.063
   2       N  -3.493 -3.305 -25.02 -6.838
   3       N  -7.16* -7.04* -28.0* -14.09

Electrode       Va(V)        In(A)       Ic(A)       It(A)
=============================================================
gate           2.500e+000  0.000e+000  0.000e+000  0.000e+000
source         0.000e+000 -3.378e-007 -3.378e-007 -3.378e-007
drain          7.000e-001  3.378e-007  3.378e-007  3.378e-007
Total                                              8.259e-021

Time for bias point:   2.46 sec. 
Total time:           10.08 min. 
  
ATLAS> solve vgate=2.55

Obtaining static solution:

 V(   gate  ) = 2.55        


proj           psi     n     psi     n  
direct          x      x     rhs    rhs 
   i    j  m  -5.00* -6.00* -26.0* -20.0*
-----------------------------------------
   1       N  -2.020 -1.416 -21.09 -3.062
   2       N  -3.510 -3.330 -25.09 -6.859
   3       N  -7.20* -7.09* -27.9* -14.22

Electrode       Va(V)        In(A)       Ic(A)       It(A)
=============================================================
gate           2.550e+000  0.000e+000  0.000e+000  0.000e+000
source         0.000e+000 -3.548e-007 -3.548e-007 -3.548e-007
drain          7.000e-001  3.548e-007  3.548e-007  3.548e-007
Total                                              9.317e-021

Time for bias point:   2.82 sec. 
Total time:           10.16 min. 
  
ATLAS> solve vgate=2.6

Obtaining static solution:

 V(   gate  ) = 2.6         


proj           psi     n     psi     n  
direct          x      x     rhs    rhs 
   i    j  m  -5.00* -6.00* -26.0* -20.0*
-----------------------------------------
   1       N  -2.056 -1.430 -21.15 -3.060
   2       N  -3.527 -3.354 -25.15 -6.880
   3       N  -7.24* -7.13* -27.9* -14.11

Electrode       Va(V)        In(A)       Ic(A)       It(A)
=============================================================
gate           2.600e+000  0.000e+000  0.000e+000  0.000e+000
source         0.000e+000 -3.718e-007 -3.718e-007 -3.718e-007
drain          7.000e-001  3.718e-007  3.718e-007  3.718e-007
Total                                             -1.053e-020

Time for bias point:   2.98 sec. 
Total time:           10.31 min. 
  
ATLAS> solve vgate=2.65

Obtaining static solution:

 V(   gate  ) = 2.65        


proj           psi     n     psi     n  
direct          x      x     rhs    rhs 
   i    j  m  -5.00* -6.00* -26.0* -20.0*
-----------------------------------------
   1       N  -2.092 -1.443 -21.21 -3.059
   2       N  -3.544 -3.377 -25.21 -6.899
   3       N  -7.28* -7.18* -28.0* -14.14

Electrode       Va(V)        In(A)       Ic(A)       It(A)
=============================================================
gate           2.650e+000  0.000e+000  0.000e+000  0.000e+000
source         0.000e+000 -3.890e-007 -3.890e-007 -3.890e-007
drain          7.000e-001  3.890e-007  3.890e-007  3.890e-007
Total                                             -3.282e-021

Time for bias point:   2.47 sec. 
Total time:           10.39 min. 
  
ATLAS> solve vgate=2.7

Obtaining static solution:

 V(   gate  ) = 2.7         


proj           psi     n     psi     n  
direct          x      x     rhs    rhs 
   i    j  m  -5.00* -6.00* -26.0* -20.0*
-----------------------------------------
   1       N  -2.128 -1.456 -21.28 -3.057
   2       N  -3.560 -3.400 -25.27 -6.918
   3       N  -7.31* -7.22* -27.9* -14.08

Electrode       Va(V)        In(A)       Ic(A)       It(A)
=============================================================
gate           2.700e+000  0.000e+000  0.000e+000  0.000e+000
source         0.000e+000 -4.063e-007 -4.063e-007 -4.063e-007
drain          7.000e-001  4.063e-007  4.063e-007  4.063e-007
Total                                              8.153e-021

Time for bias point:   2.71 sec. 
Total time:           10.47 min. 
  
ATLAS> solve vgate=2.75

Obtaining static solution:

 V(   gate  ) = 2.75        


proj           psi     n     psi     n  
direct          x      x     rhs    rhs 
   i    j  m  -5.00* -6.00* -26.0* -20.0*
-----------------------------------------
   1       N  -2.162 -1.469 -21.33 -3.056
   2       N  -3.576 -3.422 -25.33 -6.937
   3       N  -7.35* -7.26* -27.9* -14.13

Electrode       Va(V)        In(A)       Ic(A)       It(A)
=============================================================
gate           2.750e+000  0.000e+000  0.000e+000  0.000e+000
source         0.000e+000 -4.237e-007 -4.237e-007 -4.237e-007
drain          7.000e-001  4.237e-007  4.237e-007  4.237e-007
Total                                             -6.829e-021

Time for bias point:   2.41 sec. 
Total time:           10.55 min. 
  
ATLAS> solve vgate=2.8

Obtaining static solution:

 V(   gate  ) = 2.8         


proj           psi     n     psi     n  
direct          x      x     rhs    rhs 
   i    j  m  -5.00* -6.00* -26.0* -20.0*
-----------------------------------------
   1       N  -2.197 -1.481 -21.38 -3.054
   2       N  -3.591 -3.443 -25.39 -6.955
   3       N  -7.39* -7.30* -28.0* -14.13

Electrode       Va(V)        In(A)       Ic(A)       It(A)
=============================================================
gate           2.800e+000  0.000e+000  0.000e+000  0.000e+000
source         0.000e+000 -4.412e-007 -4.412e-007 -4.412e-007
drain          7.000e-001  4.412e-007  4.412e-007  4.412e-007
Total                                             -4.023e-021

Time for bias point:   2.60 sec. 
Total time:           10.62 min. 
  
ATLAS> solve vgate=2.85

Obtaining static solution:

 V(   gate  ) = 2.85        


proj           psi     n     psi     n  
direct          x      x     rhs    rhs 
   i    j  m  -5.00* -6.00* -26.0* -20.0*
-----------------------------------------
   1       N  -2.230 -1.493 -21.44 -3.053
   2       N  -3.606 -3.464 -25.44 -6.972
   3       N  -7.42* -7.34* -28.0* -14.06

Electrode       Va(V)        In(A)       Ic(A)       It(A)
=============================================================
gate           2.850e+000  0.000e+000  0.000e+000  0.000e+000
source         0.000e+000 -4.588e-007 -4.588e-007 -4.588e-007
drain          7.000e-001  4.588e-007  4.588e-007  4.588e-007
Total                                             -7.941e-021

Time for bias point:   2.69 sec. 
Total time:           10.70 min. 
  
ATLAS> solve vgate=2.9

Obtaining static solution:

 V(   gate  ) = 2.9         


proj           psi     n     psi     n  
direct          x      x     rhs    rhs 
   i    j  m  -5.00* -6.00* -26.0* -20.0*
-----------------------------------------
   1       N  -2.263 -1.505 -21.50 -3.051
   2       N  -3.620 -3.485 -25.49 -6.988
   3       N  -7.45* -7.38* -27.9* -14.16

Electrode       Va(V)        In(A)       Ic(A)       It(A)
=============================================================
gate           2.900e+000  0.000e+000  0.000e+000  0.000e+000
source         0.000e+000 -4.764e-007 -4.764e-007 -4.764e-007
drain          7.000e-001  4.764e-007  4.764e-007  4.764e-007
Total                                              4.076e-021

Time for bias point:   2.70 sec. 
Total time:           10.78 min. 
  
ATLAS> solve vgate=2.95

Obtaining static solution:

 V(   gate  ) = 2.95        


proj           psi     n     psi     n  
direct          x      x     rhs    rhs 
   i    j  m  -5.00* -6.00* -26.0* -20.0*
-----------------------------------------
   1       N  -2.295 -1.516 -21.53 -3.050
   2       N  -3.634 -3.504 -25.55 -7.005
   3       N  -7.49* -7.42* -28.0* -14.01

Electrode       Va(V)        In(A)       Ic(A)       It(A)
=============================================================
gate           2.950e+000  0.000e+000  0.000e+000  0.000e+000
source         0.000e+000 -4.941e-007 -4.941e-007 -4.941e-007
drain          7.000e-001  4.941e-007  4.941e-007  4.941e-007
Total                                              1.154e-020

Time for bias point:   2.99 sec. 
Total time:           10.88 min. 
  
ATLAS> solve vgate=3

Obtaining static solution:

 V(   gate  ) = 3           


proj           psi     n     psi     n  
direct          x      x     rhs    rhs 
   i    j  m  -5.00* -6.00* -26.0* -20.0*
-----------------------------------------
   1       N  -2.326 -1.527 -21.57 -3.049
   2       N  -3.648 -3.524 -25.60 -7.020

Electrode       Va(V)        In(A)       Ic(A)       It(A)
=============================================================
gate           3.000e+000  0.000e+000  0.000e+000  0.000e+000
source         0.000e+000 -5.118e-007 -5.118e-007 -5.118e-007
drain          7.000e-001  5.118e-007  5.118e-007  5.118e-007
Total                                              3.088e-019

Time for bias point:   2.27 sec. 
Total time:           11.00 min. 
  
ATLAS> log off
ATLAS> save outf=final.str

MASTER format file written to final.str at Sat Sep 12 16:18:22 2026

ATLAS> EXTRACT> init infile="transfer.log"
EXTRACT> extract name="idvg" curve(v."gate",i."drain") outfile="idvg.dat"
EXTRACT> extract name="isvg" curve(v."gate",i."source") outfile="isvg.dat"
EXTRACT> extract name="igvg" curve(v."gate",i."gate") outfile="igvg.dat"
EXTRACT> extract name="vdvg" curve(v."gate",v."drain") outfile="vdvg.dat"
EXTRACT> extract name="vsvg" curve(v."gate",v."source") outfile="vsvg.dat"
EXTRACT> extract name="mobility_vg" curve(v."gate",probe."channel_mobility") outfile="mobility_vg.dat"
EXTRACT> extract name="electrons_vg" curve(v."gate",probe."channel_electrons") outfile="electrons_vg.dat"
EXTRACT> extract name="bulk_free_electrons_vg" curve(v."gate",probe."bulk_free_electrons") outfile="bulk_free_electrons_vg.dat"
EXTRACT> extract name="bulk_ionized_acceptors_vg" curve(v."gate",probe."bulk_ionized_acceptors") outfile="bulk_ionized_acceptors_vg.dat"
EXTRACT> extract name="bulk_ionized_donors_vg" curve(v."gate",probe."bulk_ionized_donors") outfile="bulk_ionized_donors_vg.dat"
EXTRACT> quit
quit

ATLAS version 5.28.1.R finished at Sat Sep 12 16:18:23 2026
