    0.000000000    0.430524168    0.430523777
    0.028459671    0.430524082    0.430523775
    0.056919342    0.430523862    0.430523772
    0.085379014    0.430523605    0.430523767
    0.113838685    0.430523425    0.430523764
    0.142298356    0.430523402    0.430523764
    0.170758027    0.430523545    0.430523766
    0.199217698    0.430523791    0.430523771
    0.227677369    0.430524033    0.430523775
    0.256137041    0.430524162    0.430523777
    0.284596712    0.430524122    0.430523777
    0.313056383    0.430523931    0.430523773
    0.341516054    0.430523673    0.430523769
    0.369975725    0.430523462    0.430523765
    0.398435397    0.430523391    0.430523764
    0.426895068    0.430523492    0.430523766
    0.455354739    0.430523720    0.430523770
    0.483814410    0.430523974    0.430523774
    0.512274081    0.430524143    0.430523777
    0.540733752    0.430524150    0.430523777
    0.569193424    0.430523994    0.430523774
    0.597653095    0.430523743    0.430523770
    0.626112766    0.430523508    0.430523766
    0.654572437    0.430523393    0.430523764
    0.683032108    0.430523448    0.430523764
    0.711491780    0.430523650    0.430523768
    0.739951451    0.430523909    0.430523772
    0.768411122    0.430524110    0.430523776
    0.796870793    0.430524165    0.430523777
    0.825330464    0.430524049    0.430523775
    0.853790135    0.430523814    0.430523770
    0.882249807    0.430523563    0.430523766
    0.910709478    0.430523407    0.430523763
    0.939169149    0.430523415    0.430523763
    0.967628820    0.430523584    0.430523766
    0.996088491    0.430523838    0.430523770
    1.024548162    0.430524066    0.430523774
    1.053007834    0.430524167    0.430523775
    1.081467505    0.430524095    0.430523774
    1.109927176    0.430523883    0.430523770
    1.138386847    0.430523624    0.430523765
    1.166846518    0.430523433    0.430523762
    1.195306190    0.430523393    0.430523761
    1.223765861    0.430523523    0.430523763
    1.252225532    0.430523765    0.430523767
    1.280685203    0.430524012    0.430523771
    1.309144874    0.430524154    0.430523773
    1.337604545    0.430524130    0.430523773
    1.366064217    0.430523948    0.430523769
    1.394523888    0.430523690    0.430523765
    1.422983559    0.430523470    0.430523761
    1.451443230    0.430523384    0.430523759
    1.479902901    0.430523471    0.430523760
    1.508362573    0.430523691    0.430523764
    1.536822244    0.430523949    0.430523768
    1.565281915    0.430524129    0.430523771
    1.593741586    0.430524152    0.430523771
    1.622201257    0.430524007    0.430523768
    1.650660928    0.430523759    0.430523763
    1.679120600    0.430523517    0.430523759
    1.707580271    0.430523387    0.430523756
    1.736039942    0.430523428    0.430523756
    1.764499613    0.430523620    0.430523760
    1.792959284    0.430523879    0.430523764
    1.821418956    0.430524090    0.430523767
    1.849878627    0.430524160    0.430523768
    1.878338298    0.430524058    0.430523766
    1.906797969    0.430523828    0.430523761
    1.935257640    0.430523572    0.430523756
    1.963717311    0.430523403    0.430523753
    1.992176983    0.430523396    0.430523753
    2.020636654    0.430523553    0.430523755
    2.049096325    0.430523805    0.430523759
    2.077555996    0.430524040    0.430523763
    2.106015667    0.430524155    0.430523764
    2.134475339    0.430524098    0.430523763
    2.162935010    0.430523894    0.430523759
    2.191394681    0.430523633    0.430523754
    2.219854352    0.430523430    0.430523750
    2.248314023    0.430523375    0.430523748
    2.276773694    0.430523492    0.430523750
    2.305233366    0.430523729    0.430523754
    2.333693037    0.430523981    0.430523757
    2.362152708    0.430524136    0.430523760
    2.390612379    0.430524127    0.430523759
    2.419072050    0.430523956    0.430523756
    2.447531721    0.430523698    0.430523751
    2.475991393    0.430523469    0.430523746
    2.504451064    0.430523367    0.430523744
    2.532910735    0.430523440    0.430523744
    2.561370406    0.430523653    0.430523748
    2.589830077    0.430523913    0.430523752
    2.618289749    0.430524104    0.430523754
    2.646749420    0.430524143    0.430523754
    2.675209091    0.430524010    0.430523752
    2.703668762    0.430523766    0.430523747
    2.732128433    0.430523516    0.430523742
    2.760588104    0.430523372    0.430523739
    2.789047776    0.430523397    0.430523738
    2.817507447    0.430523580    0.430523741
    2.845967118    0.430523839    0.430523745
    2.874426789    0.430524060    0.430523748
    2.902886460    0.430524145    0.430523749
    2.931346132    0.430524056    0.430523747
    2.959805803    0.430523832    0.430523742
    2.988265474    0.430523572    0.430523737
    3.016725145    0.430523390    0.430523733
    3.045184816    0.430523366    0.430523732
    3.073644487    0.430523511    0.430523734
    3.102104159    0.430523761    0.430523738
    3.130563830    0.430524004    0.430523741
    3.159023501    0.430524133    0.430523743
    3.187483172    0.430524091    0.430523741
    3.215942843    0.430523895    0.430523737
    3.244402515    0.430523632    0.430523732
    3.272862186    0.430523418    0.430523728
    3.301321857    0.430523347    0.430523726
    3.329781528    0.430523450    0.430523727
    3.358241199    0.430523682    0.430523730
    3.386700870    0.430523939    0.430523734
    3.415160542    0.430524108    0.430523736
    3.443620213    0.430524114    0.430523735
    3.472079884    0.430523953    0.430523732
    3.500539555    0.430523697    0.430523726
    3.528999226    0.430523458    0.430523721
    3.557458898    0.430523341    0.430523718
    3.585918569    0.430523398    0.430523719
    3.614378240    0.430523604    0.430523721
    3.642837911    0.430523866    0.430523725
    3.671297582    0.430524070    0.430523728
    3.699757253    0.430524124    0.430523728
    3.728216925    0.430524004    0.430523725
    3.756676596    0.430523762    0.430523720
    3.785136267    0.430523506    0.430523715
    3.813595938    0.430523347    0.430523711
    3.842055609    0.430523357    0.430523710
    3.870515280    0.430523529    0.430523712
    3.898974952    0.430523788    0.430523716
    3.927434623    0.430524019    0.430523719
    3.955894294    0.430524120    0.430523720
    3.984353965    0.430524044    0.430523718
    4.012813636    0.430523826    0.430523713
    4.041273308    0.430523561    0.430523708
    4.069732979    0.430523366    0.430523703
    4.098192650    0.430523327    0.430523702
    4.126652321    0.430523460    0.430523703
    4.155111992    0.430523707    0.430523706
    4.183571663    0.430523958    0.430523710
    4.212031335    0.430524102    0.430523711
    4.240491006    0.430524074    0.430523710
    4.268950677    0.430523887    0.430523706
    4.297410348    0.430523622    0.430523700
    4.325870019    0.430523396    0.430523695
    4.354329691    0.430523309    0.430523693
    4.382789362    0.430523398    0.430523693
    4.411249033    0.430523624    0.430523696
    4.439708704    0.430523887    0.430523700
    4.468168375    0.430524070    0.430523702
    4.496628046    0.430524091    0.430523701
    4.525087718    0.430523941    0.430523697
    4.553547389    0.430523685    0.430523692
    4.582007060    0.430523437    0.430523686
    4.610466731    0.430523304    0.430523683
    4.638926402    0.430523346    0.430523683
    4.667386074    0.430523544    0.430523685
    4.695845745    0.430523809    0.430523689
    4.724305416    0.430524025    0.430523691
    4.752765087    0.430524094    0.430523691
    4.781224758    0.430523987    0.430523688
    4.809684429    0.430523749    0.430523683
    4.838144101    0.430523486    0.430523677
    4.866603772    0.430523313    0.430523673
    4.895063443    0.430523306    0.430523672
    4.923523114    0.430523468    0.430523674
    4.951982785    0.430523727    0.430523677
    4.980442457    0.430523968    0.430523680
    5.008902128    0.430524084    0.430523681
    5.037361799    0.430524023    0.430523679
    5.065821470    0.430523811    0.430523674
    5.094281141    0.430523542    0.430523668
    5.122740812    0.430523333    0.430523663
    5.151200484    0.430523277    0.430523661
    5.179660155    0.430523397    0.430523662
    5.208119826    0.430523641    0.430523665
    5.236579497    0.430523900    0.430523668
    5.265039168    0.430524059    0.430523669
    5.293498839    0.430524047    0.430523668
    5.321958511    0.430523868    0.430523664
    5.350418182    0.430523602    0.430523658
    5.378877853    0.430523364    0.430523652
    5.407337524    0.430523261    0.430523649
    5.435797195    0.430523336    0.430523649
    5.464256867    0.430523556    0.430523652
    5.492716538    0.430523824    0.430523655
    5.521176209    0.430524020    0.430523657
    5.549635880    0.430524058    0.430523656
    5.578095551    0.430523919    0.430523653
    5.606555222    0.430523664    0.430523647
    5.635014894    0.430523406    0.430523641
    5.663474565    0.430523258    0.430523637
    5.691934236    0.430523284    0.430523636
    5.720393907    0.430523473    0.430523638
    5.748853578    0.430523741    0.430523641
    5.777313250    0.430523969    0.430523644
    5.805772921    0.430524055    0.430523644
    5.834232592    0.430523960    0.430523641
    5.862692263    0.430523727    0.430523636
    5.891151934    0.430523456    0.430523629
    5.919611605    0.430523267    0.430523625
    5.948071277    0.430523244    0.430523623
    5.976530948    0.430523395    0.430523624
    6.004990619    0.430523654    0.430523627
    6.033450290    0.430523905    0.430523630
    6.061909961    0.430524038    0.430523631
    6.090369633    0.430523991    0.430523629
    6.118829304    0.430523786    0.430523624
    6.147288975    0.430523512    0.430523617
    6.175748646    0.430523289    0.430523612
    6.204208317    0.430523216    0.430523609
    6.232667988    0.430523324    0.430523609
    6.261127660    0.430523565    0.430523612
    6.289587331    0.430523832    0.430523615
    6.318047002    0.430524006    0.430523617
    6.346506673    0.430524010    0.430523615
    6.374966344    0.430523840    0.430523611
    6.403426016    0.430523572    0.430523605
    6.431885687    0.430523322    0.430523599
    6.460345358    0.430523201    0.430523595
    6.488805029    0.430523262    0.430523594
    6.517264700    0.430523476    0.430523596
    6.545724371    0.430523750    0.430523600
    6.574184043    0.430523960    0.430523602
    6.602643714    0.430524014    0.430523601
    6.631103385    0.430523887    0.430523597
    6.659563056    0.430523633    0.430523591
    6.688022727    0.430523365    0.430523585
    6.716482398    0.430523200    0.430523580
    6.744942070    0.430523210    0.430523579
    6.773401741    0.430523391    0.430523580
    6.801861412    0.430523661    0.430523583
    6.830321083    0.430523902    0.430523586
    6.858780754    0.430524005    0.430523586
    6.887240426    0.430523924    0.430523583
    6.915700097    0.430523694    0.430523577
    6.944159768    0.430523416    0.430523571
    6.972619439    0.430523211    0.430523565
    7.001079110    0.430523171    0.430523563
    7.029538781    0.430523311    0.430523563
    7.057998453    0.430523569    0.430523566
    7.086458124    0.430523832    0.430523569
    7.114917795    0.430523980    0.430523570
    7.143377466    0.430523949    0.430523568
    7.171837137    0.430523751    0.430523562
    7.200296809    0.430523472    0.430523556
    7.228756480    0.430523235    0.430523550
    7.257216151    0.430523144    0.430523546
    7.285675822    0.430523239    0.430523546
    7.314135493    0.430523476    0.430523549
    7.342595164    0.430523751    0.430523552
    7.371054836    0.430523942    0.430523553
    7.399514507    0.430523962    0.430523552
    7.427974178    0.430523802    0.430523547
    7.456433849    0.430523532    0.430523540
    7.484893520    0.430523270    0.430523534
    7.513353192    0.430523131    0.430523530
    7.541812863    0.430523176    0.430523528
    7.570272534    0.430523384    0.430523530
    7.598732205    0.430523663    0.430523533
    7.627191876    0.430523889    0.430523535
    7.655651547    0.430523960    0.430523535
    7.684111219    0.430523845    0.430523531
    7.712570890    0.430523592    0.430523524
    7.741030561    0.430523314    0.430523517
    7.769490232    0.430523131    0.430523512
    7.797949903    0.430523124    0.430523510
    7.826409575    0.430523296    0.430523511
    7.854869246    0.430523570    0.430523514
    7.883328917    0.430523823    0.430523516
    7.911788588    0.430523944    0.430523517
    7.940248259    0.430523877    0.430523513
    7.968707930    0.430523651    0.430523507
    7.997167602    0.430523365    0.430523500
    8.025627273    0.430523144    0.430523494
    8.054086944    0.430523086    0.430523491
    8.082546615    0.430523214    0.430523491
    8.111006286    0.430523473    0.430523494
    8.139465957    0.430523746    0.430523497
    8.167925629    0.430523912    0.430523498
    8.196385300    0.430523897    0.430523495
    8.224844971    0.430523706    0.430523490
    8.253304642    0.430523422    0.430523483
    8.281764313    0.430523170    0.430523476
    8.310223985    0.430523060    0.430523472
    8.338683656    0.430523141    0.430523471
    8.367143327    0.430523375    0.430523473
    8.395602998    0.430523659    0.430523476
    8.424062669    0.430523866    0.430523478
    8.452522340    0.430523903    0.430523476
    8.480982012    0.430523754    0.430523471
    8.509441683    0.430523481    0.430523464
    8.537901354    0.430523206    0.430523457
    8.566361025    0.430523049    0.430523452
    8.594820696    0.430523077    0.430523451
    8.623280368    0.430523279    0.430523452
    8.651740039    0.430523564    0.430523455
    8.680199710    0.430523805    0.430523457
    8.708659381    0.430523895    0.430523456
    8.737119052    0.430523792    0.430523452
    8.765578723    0.430523541    0.430523445
    8.794038395    0.430523252    0.430523438
    8.822498066    0.430523051    0.430523432
    8.850957737    0.430523026    0.430523429
    8.879417408    0.430523188    0.430523430
    8.907877079    0.430523465    0.430523432
    8.936336751    0.430523732    0.430523435
    8.964796422    0.430523871    0.430523435
    8.993256093    0.430523819    0.430523432
    9.021715764    0.430523598    0.430523425
    9.050175435    0.430523304    0.430523418
    9.078635106    0.430523066    0.430523411
    9.107094778    0.430522988    0.430523407
    9.135554449    0.430523104    0.430523407
    9.164014120    0.430523362    0.430523409
    9.192473791    0.430523647    0.430523412
    9.220933462    0.430523832    0.430523412
    9.249393134    0.430523834    0.430523410
    9.277852805    0.430523650    0.430523404
    9.306312476    0.430523361    0.430523397
    9.334772147    0.430523093    0.430523390
    9.363231818    0.430522964    0.430523385
    9.391691489    0.430523029    0.430523383
    9.420151161    0.430523260    0.430523385
    9.448610832    0.430523553    0.430523388
    9.477070503    0.430523778    0.430523389
    9.505530174    0.430523834    0.430523388
    9.533989845    0.430523694    0.430523383
    9.562449516    0.430523420    0.430523375
    9.590909188    0.430523131    0.430523368
    9.619368859    0.430522953    0.430523362
    9.647828530    0.430522965    0.430523359
    9.676288201    0.430523160    0.430523360
    9.704747872    0.430523452    0.430523363
    9.733207544    0.430523709    0.430523365
    9.761667215    0.430523818    0.430523364
    9.790126886    0.430523729    0.430523360
    9.818586557    0.430523479    0.430523353
    9.847046228    0.430523178    0.430523345
    9.875505899    0.430522957    0.430523338
    9.903965571    0.430522914    0.430523334
    9.932425242    0.430523066    0.430523334
    9.960884913    0.430523345    0.430523337
    9.989344584    0.430523628    0.430523339
   10.017804255    0.430523787    0.430523339
   10.046263927    0.430523751    0.430523336
   10.074723598    0.430523534    0.430523329
   10.103183269    0.430523231    0.430523321
   10.131642940    0.430522974    0.430523313
   10.160102611    0.430522876    0.430523309
   10.188562282    0.430522979    0.430523308
   10.217021954    0.430523237    0.430523309
   10.245481625    0.430523535    0.430523312
   10.273941296    0.430523739    0.430523313
   10.302400967    0.430523759    0.430523310
   10.330860638    0.430523583    0.430523304
   10.359320310    0.430523288    0.430523296
   10.387779981    0.430523003    0.430523288
   10.416239652    0.430522853    0.430523282
   10.444699323    0.430522902    0.430523280
   10.473158994    0.430523129    0.430523281
   10.501618665    0.430523432    0.430523283
   10.530078337    0.430523676    0.430523285
   10.558538008    0.430523752    0.430523283
   10.586997679    0.430523624    0.430523278
   10.615457350    0.430523347    0.430523270
   10.643917021    0.430523043    0.430523262
   10.672376693    0.430522844    0.430523255
   10.700836364    0.430522837    0.430523252
   10.729296035    0.430523025    0.430523252
   10.757755706    0.430523323    0.430523254
   10.786215377    0.430523598    0.430523255
   10.814675048    0.430523728    0.430523255
   10.843134720    0.430523653    0.430523250
   10.871594391    0.430523404    0.430523243
   10.900054062    0.430523090    0.430523234
   10.928513733    0.430522849    0.430523226
   10.956973404    0.430522785    0.430523222
   10.985433076    0.430522926    0.430523221
   11.013892747    0.430523209    0.430523222
   11.042352418    0.430523507    0.430523224
   11.070812089    0.430523688    0.430523224
   11.099271760    0.430523669    0.430523221
   11.127731431    0.430523457    0.430523214
   11.156191103    0.430523144    0.430523205
   11.184650774    0.430522867    0.430523196
   11.213110445    0.430522747    0.430523190
   11.241570116    0.430522836    0.430523188
   11.270029787    0.430523094    0.430523189
   11.298489458    0.430523405    0.430523191
   11.326949130    0.430523631    0.430523192
   11.355408801    0.430523670    0.430523189
   11.383868472    0.430523503    0.430523183
   11.412328143    0.430523201    0.430523174
   11.440787814    0.430522897    0.430523164
   11.469247486    0.430522724    0.430523158
   11.497707157    0.430522756    0.430523154
   11.526166828    0.430522979    0.430523154
   11.554626499    0.430523293    0.430523156
   11.583086170    0.430523558    0.430523157
   11.611545841    0.430523654    0.430523155
   11.640005513    0.430523538    0.430523149
   11.668465184    0.430523259    0.430523140
   11.696924855    0.430522938    0.430523131
   11.725384526    0.430522715    0.430523123
   11.753844197    0.430522688    0.430523118
   11.782303869    0.430522868    0.430523117
   11.810763540    0.430523174    0.430523118
   11.839223211    0.430523469    0.430523119
   11.867682882    0.430523621    0.430523118
   11.896142553    0.430523561    0.430523113
   11.924602224    0.430523314    0.430523104
   11.953061896    0.430522986    0.430523094
   11.981521567    0.430522720    0.430523085
   12.009981238    0.430522634    0.430523079
   12.038440909    0.430522763    0.430523077
   12.066900580    0.430523050    0.430523077
   12.095360252    0.430523366    0.430523079
   12.123819923    0.430523570    0.430523078
   12.152279594    0.430523569    0.430523073
   12.180739265    0.430523363    0.430523065
   12.209198936    0.430523038    0.430523054
   12.237658607    0.430522739    0.430523044
   12.266118279    0.430522594    0.430523037
   12.294577950    0.430522667    0.430523033
   12.323037621    0.430522925    0.430523033
   12.351497292    0.430523251    0.430523033
   12.379956963    0.430523501    0.430523033
   12.408416635    0.430523561    0.430523029
   12.436876306    0.430523402    0.430523021
   12.465335977    0.430523093    0.430523010
   12.493795648    0.430522768    0.430522999
   12.522255319    0.430522569    0.430522990
   12.550714990    0.430522582    0.430522985
   12.579174662    0.430522800    0.430522983
   12.607634333    0.430523126    0.430522983
   12.636094004    0.430523413    0.430522983
   12.664553675    0.430523533    0.430522979
   12.693013346    0.430523430    0.430522971
   12.721473017    0.430523147    0.430522961
   12.749932689    0.430522806    0.430522948
   12.778392360    0.430522557    0.430522938
   12.806852031    0.430522508    0.430522931
   12.835311702    0.430522678    0.430522927
   12.863771373    0.430522992    0.430522926
   12.892231045    0.430523309    0.430522926
   12.920690716    0.430523486    0.430522922
   12.949150387    0.430523443    0.430522915
   12.977610058    0.430523195    0.430522904
   13.006069729    0.430522851    0.430522891
   13.034529400    0.430522559    0.430522878
   13.062989072    0.430522447    0.430522869
   13.091448743    0.430522562    0.430522864
   13.119908414    0.430522853    0.430522861
   13.148368085    0.430523188    0.430522860
   13.176827756    0.430523418    0.430522856
   13.205287428    0.430523437    0.430522849
   13.233747099    0.430523235    0.430522837
   13.262206770    0.430522897    0.430522823
   13.290666441    0.430522571    0.430522809
   13.319126112    0.430522399    0.430522797
   13.347585783    0.430522454    0.430522790
   13.376045455    0.430522710    0.430522785
   13.404505126    0.430523053    0.430522782
   13.432964797    0.430523328    0.430522778
   13.461424468    0.430523411    0.430522771
   13.489884139    0.430523262    0.430522759
   13.518343811    0.430522943    0.430522743
   13.546803482    0.430522593    0.430522727
   13.575263153    0.430522363    0.430522713
   13.603722824    0.430522353    0.430522702
   13.632182495    0.430522566    0.430522695
   13.660642166    0.430522904    0.430522690
   13.689101838    0.430523217    0.430522685
   13.717561509    0.430523362    0.430522676
   13.746021180    0.430523272    0.430522663
   13.774480851    0.430522983    0.430522646
   13.802940522    0.430522619    0.430522628
   13.831400194    0.430522338    0.430522610
   13.859859865    0.430522262    0.430522596
   13.888319536    0.430522421    0.430522586
   13.916779207    0.430522744    0.430522578
   13.945238878    0.430523083    0.430522570
   13.973698549    0.430523287    0.430522560
   14.002158221    0.430523261    0.430522546
   14.030617892    0.430523012    0.430522527
   14.059077563    0.430522646    0.430522505
   14.087537234    0.430522322    0.430522484
   14.115996905    0.430522179    0.430522465
   14.144456576    0.430522278    0.430522450
   14.172916248    0.430522572    0.430522439
   14.201375919    0.430522927    0.430522428
   14.229835590    0.430523184    0.430522415
   14.258295261    0.430523223    0.430522398
   14.286754932    0.430523024    0.430522376
   14.315214604    0.430522668    0.430522351
   14.343674275    0.430522310    0.430522325
   14.372133946    0.430522102    0.430522301
   14.400593617    0.430522134    0.430522280
   14.429053288    0.430522388    0.430522264
   14.457512959    0.430522747    0.430522248
   14.485972631    0.430523049    0.430522231
   14.514432302    0.430523155    0.430522210
   14.542891973    0.430523013    0.430522184
   14.571351644    0.430522679    0.430522154
   14.599811315    0.430522297    0.430522121
   14.628270987    0.430522029    0.430522090
   14.656730658    0.430521990    0.430522063
   14.685190329    0.430522193    0.430522039
   14.713650000    0.430522543    0.430522017
   14.742109671    0.430522881    0.430521994
   14.770569342    0.430523051    0.430521967
   14.799029014    0.430522972    0.430521934
   14.827488685    0.430522672    0.430521897
   14.855948356    0.430522277    0.430521857
   14.884408027    0.430521955    0.430521817
   14.912867698    0.430521843    0.430521780
   14.941327370    0.430521985    0.430521746
   14.969787041    0.430522312    0.430521714
   14.998246712    0.430522674    0.430521682
   15.026706383    0.430522904    0.430521647
   15.055166054    0.430522892    0.430521606
   15.083625725    0.430522636    0.430521559
   15.112085397    0.430522240    0.430521508
   15.140545068    0.430521872    0.430521456
   15.169004739    0.430521687    0.430521405
   15.197464410    0.430521760    0.430521358
   15.225924081    0.430522051    0.430521314
   15.254383753    0.430522424    0.430521269
   15.282843424    0.430522706    0.430521221
   15.311303095    0.430522763    0.430521167
   15.339762766    0.430522560    0.430521107
   15.368222437    0.430522175    0.430521041
   15.396682108    0.430521770    0.430520973
   15.425141780    0.430521514    0.430520905
   15.453601451    0.430521511    0.430520839
   15.482061122    0.430521753    0.430520776
   15.510520793    0.430522123    0.430520713
   15.538980464    0.430522448    0.430520647
   15.567440135    0.430522572    0.430520575
   15.595899807    0.430522428    0.430520495
   15.624359478    0.430522067    0.430520408
   15.652819149    0.430521636    0.430520317
   15.681278820    0.430521312    0.430520225
   15.709738491    0.430521227    0.430520134
   15.738198163    0.430521406    0.430520045
   15.766657834    0.430521758    0.430519955
   15.795117505    0.430522114    0.430519863
   15.823577176    0.430522301    0.430519764
   15.852036847    0.430522222    0.430519656
   15.880496518    0.430521894    0.430519540
   15.908956190    0.430521447    0.430519417
   15.937415861    0.430521061    0.430519291
   15.965875532    0.430520891    0.430519164
   15.994335203    0.430520996    0.430519038
   16.022794874    0.430521313    0.430518911
   16.051254546    0.430521685    0.430518780
   16.079714217    0.430521928    0.430518642
   16.108173888    0.430521916    0.430518494
   16.136633559    0.430521631    0.430518336
   16.165093230    0.430521179    0.430518168
   16.193552901    0.430520737    0.430517994
   16.222012573    0.430520480    0.430517817
   16.250472244    0.430520499    0.430517639
   16.278931915    0.430520765    0.430517458
   16.307391586    0.430521136    0.430517273
   16.335851257    0.430521425    0.430517079
   16.364310929    0.430521477    0.430516873
   16.392770600    0.430521242    0.430516654
   16.421230271    0.430520795    0.430516422
   16.449689942    0.430520305    0.430516181
   16.478149613    0.430519959    0.430515933
   16.506609284    0.430519882    0.430515680
   16.535068956    0.430520078    0.430515423
   16.563528627    0.430520429    0.430515158
   16.591988298    0.430520748    0.430514883
   16.620447969    0.430520860    0.430514593
   16.648907640    0.430520678    0.430514286
   16.677367312    0.430520244    0.430513962
   16.705826983    0.430519712    0.430513623
   16.734286654    0.430519278    0.430513272
   16.762746325    0.430519094    0.430512913
   16.791205996    0.430519201    0.430512545
   16.819665667    0.430519510    0.430512165
   16.848125339    0.430519841    0.430511772
   16.876585010    0.430520002    0.430511359
   16.905044681    0.430519871    0.430510924
   16.933504352    0.430519457    0.430510466
   16.961964023    0.430518889    0.430509986
   16.990423694    0.430518366    0.430509488
   17.018883366    0.430518064    0.430508973
   17.047343037    0.430518062    0.430508444
   17.075802708    0.430518304    0.430507898
   17.104262379    0.430518623    0.430507330
   17.132722050    0.430518816    0.430506738
   17.161181722    0.430518731    0.430506115
   17.189641393    0.430518337    0.430505461
   17.218101064    0.430517736    0.430504775
   17.246560735    0.430517122    0.430504061
   17.275020406    0.430516690    0.430503321
   17.303480077    0.430516555    0.430502555
   17.331939749    0.430516699    0.430501763
   17.360399420    0.430516976    0.430500941
   17.388859091    0.430517177    0.430500083
   17.417318762    0.430517123    0.430499184
   17.445778433    0.430516744    0.430498241
   17.474238105    0.430516108    0.430497252
   17.502697776    0.430515396    0.430496221
   17.531157447    0.430514818    0.430495148
   17.559617118    0.430514524    0.430494035
   17.588076789    0.430514535    0.430492881
   17.616536460    0.430514731    0.430491681
   17.644996132    0.430514908    0.430490430
   17.673455803    0.430514861    0.430489122
   17.701915474    0.430514482    0.430487750
   17.730375145    0.430513801    0.430486313
   17.758834816    0.430512979    0.430484811
   17.787294488    0.430512235    0.430483246
   17.815754159    0.430511748    0.430481618
   17.844213830    0.430511581    0.430479926
   17.872673501    0.430511648    0.430478165
   17.901133172    0.430511753    0.430476329
   17.929592843    0.430511675    0.430474409
   17.958052515    0.430511266    0.430472398
   17.986512186    0.430510515    0.430470293
   18.014971857    0.430509555    0.430468090
   18.043431528    0.430508605    0.430465790
   18.071891199    0.430507873    0.430463393
   18.100350871    0.430507462    0.430460897
   18.128810542    0.430507326    0.430458296
   18.157270213    0.430507288    0.430455583
   18.185729884    0.430507116    0.430452746
   18.214189555    0.430506627    0.430449777
   18.242649226    0.430505766    0.430446667
   18.271108898    0.430504633    0.430443413
   18.299568569    0.430503437    0.430440011
   18.328028240    0.430502405    0.430436459
   18.356487911    0.430501684    0.430432754
   18.384947582    0.430501268    0.430428890
   18.413407253    0.430501006    0.430424854
   18.441866925    0.430500663    0.430420635
   18.470326596    0.430500023    0.430416219
   18.498786267    0.430498988    0.430411594
   18.527245938    0.430497616    0.430406751
   18.555705609    0.430496100    0.430401684
   18.584165281    0.430494682    0.430396387
   18.612624952    0.430493545    0.430390854
   18.641084623    0.430492731    0.430385075
   18.669544294    0.430492120    0.430379036
   18.698003965    0.430491483    0.430372719
   18.726463636    0.430490578    0.430366106
   18.754923308    0.430489259    0.430359178
   18.783382979    0.430487540    0.430351921
   18.811842650    0.430485588    0.430344323
   18.840302321    0.430483653    0.430336371
   18.868761992    0.430481950    0.430328055
   18.897221664    0.430480570    0.430319359
   18.925681335    0.430479434    0.430310263
   18.954141006    0.430478323    0.430300744
   18.982600677    0.430476976    0.430290774
   19.011060348    0.430475205    0.430280328
   19.039520019    0.430472972    0.430269380
   19.067979691    0.430470410    0.430257909
   19.096439362    0.430467763    0.430245894
   19.124899033    0.430465280    0.430233315
   19.153358704    0.430463097    0.430220147
   19.181818375    0.430461181    0.430206362
   19.210278047    0.430459336    0.430191925
   19.238737718    0.430457289    0.430176798
   19.267197389    0.430454807    0.430160941
   19.295657060    0.430451799    0.430144313
   19.324116731    0.430448356    0.430126880
   19.352576402    0.430444709    0.430108604
   19.381036074    0.430441125    0.430089451
   19.409495745    0.430437791    0.430069383
   19.437955416    0.430434722    0.430048356
   19.466415087    0.430431754    0.430026317
   19.494874758    0.430428611    0.430003211
   19.523334430    0.430425020    0.429978975
   19.551794101    0.430420833    0.429953548
   19.580253772    0.430416089    0.429926870
   19.608713443    0.430410994    0.429898882
   19.637173114    0.430405830    0.429869525
   19.665632785    0.430400826    0.429838737
   19.694092457    0.430396053    0.429806447
   19.722552128    0.430391386    0.429772579
   19.751011799    0.430386552    0.429737044
   19.779471470    0.430381247    0.429699750
   19.807931141    0.430375265    0.429660598
   19.836390812    0.430368581    0.429619492
   19.864850484    0.430361365    0.429576334
   19.893310155    0.430353902    0.429531025
   19.921769826    0.430346459    0.429483464
   19.950229497    0.430339162    0.429433541
   19.978689168    0.430331934    0.429381132
   20.007148840    0.430324517    0.429326103
   20.035608511    0.430316579    0.429268309
   20.064068182    0.430307853    0.429207593
   20.092527853    0.430298244    0.429143800
   20.120987524    0.430287874    0.429076767
   20.149447195    0.430277012    0.429006334
   20.177906867    0.430265957    0.428932334
   20.206366538    0.430254891    0.428854587
   20.234826209    0.430243791    0.428772900
   20.263285880    0.430232423    0.428687060
   20.291745551    0.430220434    0.428596836
   20.320205223    0.430207496    0.428501981
   20.348664894    0.430193437    0.428402239
   20.377124565    0.430178311    0.428297349
   20.405584236    0.430162361    0.428187042
   20.434043907    0.430145903    0.428071045
   20.462503578    0.430129173    0.427949068
   20.490963250    0.430112206    0.427820801
   20.519422921    0.430094801    0.427685903
   20.547882592    0.430076593    0.427544003
   20.576342263    0.430057191    0.427394706
   20.604801934    0.430036336    0.427237591
   20.633261606    0.430013997    0.427072230
   20.661721277    0.429990369    0.426898181
   20.690180948    0.429965770    0.426714997
   20.718640619    0.429940480    0.426522210
   20.747100290    0.429914593    0.426319318
   20.775559961    0.429887950    0.426105775
   20.804019633    0.429860177    0.425880981
   20.832479304    0.429830821    0.425644285
   20.860938975    0.429799524    0.425394995
   20.889398646    0.429766147    0.425132405
   20.917858317    0.429730811    0.424855814
   20.946317989    0.429693812    0.424564538
   20.974777660    0.429655462    0.424257905
   21.003237331    0.429615913    0.423935224
   21.031697002    0.429575049    0.423595727
   21.060156673    0.429532495    0.423238509
   21.088616344    0.429487734    0.422862456
   21.117076016    0.429440290    0.422466210
   21.145535687    0.429389894    0.422048157
   21.173995358    0.429336557    0.421606480
   21.202455029    0.429280525    0.421139249
   21.230914700    0.429222116    0.420644559
   21.259374372    0.429161531    0.420120683
   21.287834043    0.429098699    0.419566224
   21.316293714    0.429033242    0.418980238
   21.344753385    0.428964573    0.418362304
   21.373213056    0.428892076    0.417712546
   21.401672727    0.428815312    0.417031600
   21.430132399    0.428734138    0.416320543
   21.458592070    0.428648696    0.415580796
   21.487051741    0.428559278    0.414814030
   21.515511412    0.428466110    0.414022081
   21.543971083    0.428369153    0.413206886
   21.572430754    0.428268022    0.412370431
   21.600890426    0.428162038    0.411514725
   21.629350097    0.428050414    0.410641766
   21.657809768    0.427932486    0.409753517
   21.686269439    0.427807885    0.408851865
   21.714729110    0.427676588    0.407938592
   21.743188782    0.427538801    0.407015326
   21.771648453    0.427394732    0.406083516
   21.800108124    0.427244355    0.405144397
   21.828567795    0.427087256    0.404198961
   21.857027466    0.426922639    0.403247932
   21.885487137    0.426749491    0.402291711
   21.913946809    0.426566842    0.401330318
   21.942406480    0.426374005    0.400363297
   21.970866151    0.426170680    0.399389628
   21.999325822    0.425956897    0.398407619
   22.027785493    0.425732781    0.397414840
   22.056245165    0.425498267    0.396408086
   22.084704836    0.425252868    0.395383405
   22.113164507    0.424995615    0.394336184
   22.141624178    0.424725178    0.393261282
   22.170083849    0.424440154    0.392153202
   22.198543520    0.424139372    0.391006267
   22.227003192    0.423822090    0.389814778
   22.255462863    0.423488003    0.388573134
   22.283922534    0.423137030    0.387275908
   22.312382205    0.422768974    0.385917880
   22.340841876    0.422383198    0.384494033
   22.369301548    0.421978455    0.382999544
   22.397761219    0.421552954    0.381429768
   22.426220890    0.421104648    0.379780239
   22.454680561    0.420631623    0.378046685
   22.483140232    0.420132422    0.376225054
   22.511599903    0.419606153    0.374311544
   22.540059575    0.419052331    0.372302634
   22.568519246    0.418470481    0.370195097
   22.596978917    0.417859693    0.367986021
   22.625438588    0.417218290    0.365672816
   22.653898259    0.416543780    0.363253243
   22.682357931    0.415833126    0.360725447
   22.710817602    0.415083237    0.358088019
   22.739277273    0.414291465    0.355340073
   22.767736944    0.413455911    0.352481325
   22.796196615    0.412575358    0.349512170
   22.824656286    0.411648843    0.346433741
   22.853115958    0.410675017    0.343247931
   22.881575629    0.409651550    0.339957387
   22.910035300    0.408574853    0.336565474
   22.938494971    0.407440269    0.333076208
   22.966954642    0.406242698    0.329494186
   22.995414313    0.404977413    0.325824510
   23.023873985    0.403640744    0.322072717
   23.052333656    0.402230269    0.318244719
   23.080793327    0.400744381    0.314346754
   23.109252998    0.399181304    0.310385334
   23.137712669    0.397537919    0.306367200
   23.166172341    0.395808905    0.302299266
   23.194632012    0.393986622    0.298188566
   23.223091683    0.392061986    0.294042190
   23.251551354    0.390026143    0.289867232
   23.280011025    0.387872419    0.285670729
   23.308470696    0.385597765    0.281459609
   23.336930368    0.383202916    0.277240643
   23.365390039    0.380690827    0.273020387
   23.393849710    0.378063453    0.268805128
   23.422309381    0.375317561    0.264600813
   23.450769052    0.372440773    0.260412970
   23.479228724    0.369409190    0.256246637
   23.507688395    0.366187765    0.252106281
   23.536148066    0.362733978    0.247995753
   23.564607737    0.359004512    0.243918250
   23.593067408    0.354963811    0.239876326
   23.621527079    0.350592747    0.235871921
   23.649986751    0.345895459    0.231906426
   23.678446422    0.340902768    0.227980755
   23.706906093    0.335671274    0.224095415
   23.735365764    0.330278309    0.220250569
   23.763825435    0.324813800    0.216446071
   23.792285107    0.319370801    0.212681478
   23.820744778    0.314036624    0.208956039
   23.849204449    0.308886179    0.205268678
   23.877664120    0.303978432    0.201617968
   23.906123791    0.299356016    0.198002117
   23.934583462    0.295047245    0.194418971
   23.963043134    0.291069329    0.190866027
   23.991502805    0.287431527    0.187340462
   24.019962476    0.284137319    0.183839171
   24.048422147    0.281185247    0.180358795
   24.076881818    0.278568654    0.176895757
   24.105341490    0.276274942    0.173446282
   24.133801161    0.274285024    0.170006421
   24.162260832    0.272573403    0.166572071
   24.190720503    0.271108848    0.163139001
   24.219180174    0.269855216    0.159702886
   24.247639845    0.268771683    0.156259346
   24.276099517    0.267811781    0.152803984
   24.304559188    0.266921005    0.149332425
   24.333018859    0.266033409    0.145840342
   24.361478530    0.265068180    0.142323472
   24.389938201    0.263927549    0.138777629
   24.418397872    0.262497321    0.135198696
   24.446857544    0.260650805    0.131582632
   24.475317215    0.258256064    0.127925474
   24.503776886    0.255185501    0.124223355
   24.532236557    0.251326025    0.120472525
   24.560696228    0.246587786    0.116669382
   24.589155900    0.240909686    0.112810507
   24.617615571    0.234260637    0.108892692
   24.646075242    0.226636558    0.104912964
   24.674534913    0.218054130    0.100868609
   24.702994584    0.208543026    0.096757182
   24.731454255    0.198138525    0.092576520
   24.759913927    0.186876103    0.088324756
   24.788373598    0.174788825    0.084000336
   24.816833269    0.161907461    0.079602027
   24.845292940    0.148262494    0.075128939
   24.873752611    0.133886776    0.070580529
   24.902212283    0.118817638    0.065956604
   24.930671954    0.103097730    0.061257319
   24.959131625    0.086774536    0.056483169
   24.987591296    0.069899112    0.051634977
   25.016050967    0.052524979    0.046713889
   25.044510638    0.034708013    0.041721371
   25.072970310    0.016507846    0.036659207
   25.101429981   -0.002009396    0.031529498
   25.129889652   -0.020767717    0.026334664
   25.158349323   -0.039678357    0.021077434
   25.186808994   -0.058638451    0.015760832
   25.215268666   -0.077531977    0.010388164
   25.243728337   -0.096233074    0.004962990
   25.272188008   -0.114611194   -0.000510886
   25.300647679   -0.132537024   -0.006029433
   25.329107350   -0.149887983   -0.011588403
   25.357567021   -0.166552267   -0.017183333
   25.386026693   -0.182430931   -0.022809556
   25.414486364   -0.197438043   -0.028462208
   25.442946035   -0.211499492   -0.034136254
   25.471405706   -0.224551268   -0.039826511
   25.499865377   -0.236538016   -0.045527675
   25.528325049   -0.247412371   -0.051234354
   25.556784720   -0.257135166   -0.056941087
   25.585244391   -0.265676223   -0.062642354
   25.613704062   -0.273015232   -0.068332586
   25.642163733   -0.279142252   -0.074006164
   25.670623404   -0.284057599   -0.079657435
   25.699083076   -0.287771228   -0.085280724
   25.727542747   -0.290301969   -0.090870377
   25.756002418   -0.291677142   -0.096420799
   25.784462089   -0.291932906   -0.101926500
   25.812921760   -0.291115423   -0.107382132
   25.841381431   -0.289282518   -0.112782501
   25.869841103   -0.286505164   -0.118122551
   25.898300774   -0.282868003   -0.123397327
   25.926760445   -0.278468237   -0.128601919
   25.955220116   -0.273412604   -0.133731413
   25.983679787   -0.267812671   -0.138780858
   26.012139459   -0.261779204   -0.143745281
   26.040599130   -0.255416682   -0.148619748
   26.069058801   -0.248819070   -0.153399474
   26.097518472   -0.242067701   -0.158079970
   26.125978143   -0.235231591   -0.162657211
   26.154437814   -0.228369923   -0.167127790
   26.182897486   -0.221535904   -0.171489043
   26.211357157   -0.214780924   -0.175739127
   26.239816828   -0.208157951   -0.179877043
   26.268276499   -0.201723415   -0.183902611
   26.296736170   -0.195537313   -0.187816400
   26.325195842   -0.189661772   -0.191619647
   26.353655513   -0.184158706   -0.195314159
   26.382115184   -0.179087350   -0.198902231
   26.410574855   -0.174502355   -0.202386576
   26.439034526   -0.170452813   -0.205770265
   26.467494197   -0.166982230   -0.209056691
   26.495953869   -0.164129115   -0.212249525
   26.524413540   -0.161927696   -0.215352681
   26.552873211   -0.160408320   -0.218370276
   26.581332882   -0.159597288   -0.221306584
   26.609792553   -0.159516166   -0.224165988
   26.638252225   -0.160180879   -0.226952927
   26.666711896   -0.161601001   -0.229671850
   26.695171567   -0.163779627   -0.232327154
   26.723631238   -0.166714001   -0.234923126
   26.752090909   -0.170396804   -0.237463861
   26.780550580   -0.174817779   -0.239953181
   26.809010252   -0.179965215   -0.242394529
   26.837469923   -0.185826873   -0.244790863
   26.865929594   -0.192390111   -0.247144557
   26.894389265   -0.199641193   -0.249457323
   26.922848936   -0.207564082   -0.251730170
   26.951308608   -0.216139081   -0.253963408
   26.979768279   -0.225341761   -0.256156710
   27.008227950   -0.235142445   -0.258309203
   27.036687621   -0.245506317   -0.260419608
   27.065147292   -0.256394042   -0.262486375
   27.093606963   -0.267762599   -0.264507812
   27.122066635   -0.279566072   -0.266482186
   27.150526306   -0.291756187   -0.268407788
   27.178985977   -0.304282560   -0.270282956
   27.207445648   -0.317092752   -0.272106069
   27.235905319   -0.330132326   -0.273875530
   27.264364990   -0.343345075   -0.275589736
   27.292824662   -0.356673504   -0.277247073
   27.321284333   -0.370059531   -0.278845910
   27.349744004   -0.383445248   -0.280384621
   27.378203675   -0.396773554   -0.281861604
   27.406663346   -0.409988532   -0.283275311
   27.435123018   -0.423035502   -0.284624266
   27.463582689   -0.435860858   -0.285907081
   27.492042360   -0.448411840   -0.287122469
   27.520502031   -0.460636428   -0.288269266
   27.548961702   -0.472483485   -0.289346456
   27.577421373   -0.483903145   -0.290353223
   27.605881045   -0.494847360   -0.291289015
   27.634340716   -0.505270427   -0.292153618
   27.662800387   -0.515129345   -0.292947226
   27.691260058   -0.524383914   -0.293670500
   27.719719729   -0.532996604   -0.294324595
   27.748179401   -0.540932320   -0.294911160
   27.776639072   -0.548158221   -0.295432300
   27.805098743   -0.554643741   -0.295890516
   27.833558414   -0.560360850   -0.296288631
   27.862018085   -0.565284494   -0.296629717
   27.890477756   -0.569393076   -0.296917028
   27.918937428   -0.572668804   -0.297153945
   27.947397099   -0.575097809   -0.297343944
   27.975856770   -0.576670004   -0.297490557
   28.004316441   -0.577378781   -0.297597354
   28.032776112   -0.577220698   -0.297667910
   28.061235784   -0.576195310   -0.297705776
   28.089695455   -0.574305225   -0.297714442
   28.118155126   -0.571556353   -0.297697305
   28.146614797   -0.567958244   -0.297657639
   28.175074468   -0.563524338   -0.297598565
   28.203534139   -0.558272005   -0.297523039
   28.231993811   -0.552222313   -0.297433826
   28.260453482   -0.545399594   -0.297333489
   28.288913153   -0.537830951   -0.297224351
   28.317372824   -0.529545879   -0.297108468
   28.345832495   -0.520576102   -0.296987586
   28.374292167   -0.510955662   -0.296863101
   28.402751838   -0.500721147   -0.296736037
   28.431211509   -0.489911903   -0.296607044
   28.459671180   -0.478570062   -0.296476419
   28.488130851   -0.466740305   -0.296344166
   28.516590522   -0.454469368   -0.296210079
   28.545050194   -0.441805455   -0.296073834
   28.573509865   -0.428797709   -0.295935087
   28.601969536   -0.415495926   -0.295793558
   28.630429207   -0.401950553   -0.295649084
   28.658888878   -0.388212905   -0.295501650
   28.687348549   -0.374335431   -0.295351390
   28.715808221   -0.360371813   -0.295198563
   28.744267892   -0.346376774   -0.295043529
   28.772727563   -0.332405541   -0.294886713
   28.801187234   -0.318513119   -0.294728582
   28.829646905   -0.304753545   -0.294569637
   28.858106577   -0.291179374   -0.294410407
   28.886566248   -0.277841510   -0.294251451
   28.915025919   -0.264789348   -0.294093359
   28.943485590   -0.252071080   -0.293936742
   28.971945261   -0.239733863   -0.293782220
   29.000404932   -0.227823647   -0.293630392
   29.028864604   -0.216384537   -0.293481810
   29.057324275   -0.205457772   -0.293336953
   29.085783946   -0.195080595   -0.293196196
   29.114243617   -0.185285379   -0.293059804
   29.142703288   -0.176099306   -0.292927923
   29.171162960   -0.167544765   -0.292800576
   29.199622631   -0.159640380   -0.292677668
   29.228082302   -0.152402333   -0.292558985
   29.256541973   -0.145845551   -0.292444186
   29.285001644   -0.139984334   -0.292332797
   29.313461315   -0.134832160   -0.292224200
   29.341920987   -0.130400700   -0.292117632
   29.370380658   -0.126698314   -0.292012177
   29.398840329   -0.123728474   -0.291906789
   29.427300000   -0.121488601   -0.291800303
   29.455759671   -0.119969644   -0.291691471
   29.484219343   -0.119156500   -0.291578990
   29.512679014   -0.119029109   -0.291461539
   29.541138685   -0.119563869   -0.291337801
   29.569598356   -0.120734945   -0.291206492
   29.598058027   -0.122515152   -0.291066374
   29.626517698   -0.124876269   -0.290916268
   29.654977370   -0.127788853   -0.290755063
   29.683437041   -0.131221820   -0.290581719
   29.711896712   -0.135142071   -0.290395282
   29.740356383   -0.139514424   -0.290194883
   29.768816054   -0.144301923   -0.289979746
   29.797275726   -0.149466444   -0.289749193
   29.825735397   -0.154969377   -0.289502647
   29.854195068   -0.160772138   -0.289239634
   29.882654739   -0.166836315   -0.288959785
   29.911114410   -0.173123425   -0.288662841
   29.939574081   -0.179594376   -0.288348655
   29.968033753   -0.186208858   -0.288017200
   29.996493424   -0.192924916   -0.287668574
   30.024953095   -0.199698853   -0.287302997
   30.053412766   -0.206485527   -0.286920819
   30.081872437   -0.213238931   -0.286522509
   30.110332108   -0.219912872   -0.286108655
   30.138791780   -0.226461519   -0.285679951
   30.167251451   -0.232839705   -0.285237195
   30.195711122   -0.239002926   -0.284781281
   30.224170793   -0.244907147   -0.284313194
   30.252630464   -0.250508598   -0.283834008
   30.281090136   -0.255763744   -0.283344882
   30.309549807   -0.260629572   -0.282847048
   30.338009478   -0.265064204   -0.282341809
   30.366469149   -0.269027757   -0.281830522
   30.394928820   -0.272483263   -0.281314585
   30.423388491   -0.275397456   -0.280795428
   30.451848163   -0.277741306   -0.280274495
   30.480307834   -0.279490239   -0.279753241
   30.508767505   -0.280624137   -0.279233125
   30.537227176   -0.281127255   -0.278715599
   30.565686847   -0.280988243   -0.278202106
   30.594146519   -0.280200387   -0.277694066
   30.622606190   -0.278762105   -0.277192869
   30.651065861   -0.276677628   -0.276699856
   30.679525532   -0.273957674   -0.276216312
   30.707985203   -0.270619936   -0.275743446
   30.736444874   -0.266689213   -0.275282392
   30.764904546   -0.262197101   -0.274834195
   30.793364217   -0.257181316   -0.274399814
   30.821823888   -0.251684792   -0.273980113
   30.850283559   -0.245754794   -0.273575864
   30.878743230   -0.239442253   -0.273187736
   30.907202902   -0.232801465   -0.272816291
   30.935662573   -0.225890157   -0.272461975
   30.964122244   -0.218769807   -0.272125116
   30.992581915   -0.211505983   -0.271805916
   31.021041586   -0.204168446   -0.271504457
   31.049501257   -0.196830818   -0.271220708
   31.077960929   -0.189569713   -0.270954527
   31.106420600   -0.182463389   -0.270705672
   31.134880271   -0.175590118   -0.270473805
   31.163339942   -0.169026519   -0.270258496
   31.191799613   -0.162846122   -0.270059223
   31.220259285   -0.157118328   -0.269875370
   31.248718956   -0.151907775   -0.269706227
   31.277178627   -0.147274029   -0.269550995
   31.305638298   -0.143271364   -0.269408787
   31.334097969   -0.139948430   -0.269278634
   31.362557640   -0.137347653   -0.269159497
   31.391017312   -0.135504355   -0.269050272
   31.419476983   -0.134445731   -0.268949801
   31.447936654   -0.134189927   -0.268856885
   31.476396325   -0.134745501   -0.268770296
   31.504855996   -0.136111476   -0.268688798
   31.533315668   -0.138278052   -0.268611172
   31.561775339   -0.141227877   -0.268536242
   31.590235010   -0.144937632   -0.268462910
   31.618694681   -0.149379601   -0.268390184
   31.647154352   -0.154522958   -0.268317207
   31.675614023   -0.160334568   -0.268243270
   31.704073695   -0.166779328   -0.268167829
   31.732533366   -0.173820160   -0.268090506
   31.760993037   -0.181417913   -0.268011089
   31.789452708   -0.189531388   -0.267929528
   31.817912379   -0.198117661   -0.267845939
   31.846372050   -0.207132699   -0.267760599
   31.874831722   -0.216532155   -0.267673949
   31.903291393   -0.226272145   -0.267586595
   31.931751064   -0.236309795   -0.267499298
   31.960210735   -0.246603406   -0.267412961
   31.988670406   -0.257112250   -0.267328607
   32.017130078   -0.267796065   -0.267247347
   32.045589749   -0.278614484   -0.267170345
   32.074049420   -0.289526570   -0.267098780
   32.102509091   -0.300490630   -0.267033811
   32.130968762   -0.311464352   -0.266976539
   32.159428433   -0.322405223   -0.266927983
   32.187888105   -0.333271091   -0.266889048
   32.216347776   -0.344020718   -0.266860502
   32.244807447   -0.354614214   -0.266842951
   32.273267118   -0.365013283   -0.266836822
   32.301726789   -0.375181307   -0.266842338
   32.330186461   -0.385083333   -0.266859515
   32.358646132   -0.394686037   -0.266888149
   32.387105803   -0.403957715   -0.266927828
   32.415565474   -0.412868330   -0.266977939
   32.444025145   -0.421389571   -0.267037692
   32.472484816   -0.429494890   -0.267106140
   32.500944488   -0.437159485   -0.267182203
   32.529404159   -0.444360222   -0.267264691
   32.557863830   -0.451075533   -0.267352320
   32.586323501   -0.457285329   -0.267443737
   32.614783172   -0.462970982   -0.267537534
   32.643242844   -0.468115375   -0.267632277
   32.671702515   -0.472703022   -0.267726525
   32.700162186   -0.476720184   -0.267818870
   32.728621857   -0.480154950   -0.267907963
   32.757081528   -0.482997233   -0.267992554
   32.785541199   -0.485238702   -0.268071516
   32.814000871   -0.486872671   -0.268143876
   32.842460542   -0.487894026   -0.268208831
   32.870920213   -0.488299223   -0.268265764
   32.899379884   -0.488086380   -0.268314251
   32.927839555   -0.487255439   -0.268354067
   32.956299227   -0.485808316   -0.268385193
   32.984758898   -0.483748990   -0.268407818
   33.013218569   -0.481083461   -0.268422343
   33.041678240   -0.477819591   -0.268429375
   33.070137911   -0.473966861   -0.268429720
   33.098597582   -0.469536152   -0.268424368
   33.127057254   -0.464539616   -0.268414472
   33.155516925   -0.458990693   -0.268401316
   33.183976596   -0.452904259   -0.268386291
   33.212436267   -0.446296850   -0.268370855
   33.240895938   -0.439186842   -0.268356510
   33.269355609   -0.431594524   -0.268344772
   33.297815281   -0.423541995   -0.268337151
   33.326274952   -0.415052942   -0.268335129
   33.354734623   -0.406152368   -0.268340138
   33.383194294   -0.396866395   -0.268353540
   33.411653965   -0.387222235   -0.268376601
   33.440113637   -0.377248362   -0.268410463
   33.468573308   -0.366974820   -0.268456116
   33.497032979   -0.356433562   -0.268514373
   33.525492650   -0.345658648   -0.268585846
   33.553952321   -0.334686196   -0.268670932
   33.582411992   -0.323554026   -0.268769802
   33.610871664   -0.312301062   -0.268882406
   33.639331335   -0.300966618   -0.269008476
   33.667791006   -0.289589763   -0.269147544
   33.696250677   -0.278208912   -0.269298956
   33.724710348   -0.266861738   -0.269461895
   33.753170020   -0.255585386   -0.269635407
   33.781629691   -0.244416874   -0.269818432
   33.810089362   -0.233393535   -0.270009829
   33.838549033   -0.222553335   -0.270208421
   33.867008704   -0.211934983   -0.270413021
   33.895468375   -0.201577838   -0.270622473
   33.923928047   -0.191521678   -0.270835687
   33.952387718   -0.181806488   -0.271051659
   33.980847389   -0.172472352   -0.271269505
   34.009307060   -0.163559538   -0.271488468
   34.037766731   -0.155108718   -0.271707936
   34.066226403   -0.147161218   -0.271927452
   34.094686074   -0.139759143   -0.272146718
   34.123145745   -0.132945195   -0.272365606
   34.151605416   -0.126762121   -0.272584165
   34.180065087   -0.121251767   -0.272802625
   34.208524758   -0.116453839   -0.273021396
   34.236984430   -0.112404543   -0.273241065
   34.265444101   -0.109135276   -0.273462381
   34.293903772   -0.106671536   -0.273686236
   34.322363443   -0.105032131   -0.273913636
   34.350823114   -0.104228701   -0.274145670
   34.379282786   -0.104265496   -0.274383481
   34.407742457   -0.105139304   -0.274628233
   34.436202128   -0.106839451   -0.274881087
   34.464661799   -0.109347795   -0.275143176
   34.493121470   -0.112638708   -0.275415589
   34.521581141   -0.116679081   -0.275699357
   34.550040813   -0.121428406   -0.275995442
   34.578500484   -0.126839015   -0.276304731
   34.606960155   -0.132856520   -0.276628024
   34.635419826   -0.139420485   -0.276966035
   34.663879497   -0.146465299   -0.277319383
   34.692339168   -0.153921218   -0.277688590
   34.720798840   -0.161715491   -0.278074081
   34.749258511   -0.169773508   -0.278476175
   34.777718182   -0.178019880   -0.278895081
   34.806177853   -0.186379401   -0.279330897
   34.834637524   -0.194777863   -0.279783603
   34.863097196   -0.203142701   -0.280253055
   34.891556867   -0.211403490   -0.280738986
   34.920016538   -0.219492349   -0.281241007
   34.948476209   -0.227344272   -0.281758608
   34.976935880   -0.234897476   -0.282291168
   35.005395551   -0.242093787   -0.282837957
   35.033855223   -0.248879094   -0.283398146
   35.062314894   -0.255203854   -0.283970808
   35.090774565   -0.261023620   -0.284554925
   35.119234236   -0.266299533   -0.285149392
   35.147693907   -0.270998713   -0.285753020
   35.176153579   -0.275094529   -0.286364544
   35.204613250   -0.278566713   -0.286982632
   35.233072921   -0.281401334   -0.287605899
   35.261532592   -0.283590674   -0.288232916
   35.289992263   -0.285133030   -0.288862225
   35.318451934   -0.286032499   -0.289492346
   35.346911606   -0.286298730   -0.290121790
   35.375371277   -0.285946668   -0.290749061
   35.403830948   -0.284996248   -0.291372665
   35.432290619   -0.283472039   -0.291991115
   35.460750290   -0.281402815   -0.292602942
   35.489209962   -0.278821061   -0.293206709
   35.517669633   -0.275762461   -0.293801018
   35.546129304   -0.272265382   -0.294384528
   35.574588975   -0.268370396   -0.294955963
   35.603048646   -0.264119859   -0.295514123
   35.631508317   -0.259557538   -0.296057886
   35.659967989   -0.254728270   -0.296586210
   35.688427660   -0.249677642   -0.297098140
   35.716887331   -0.244451668   -0.297592807
   35.745347002   -0.239096477   -0.298069436
   35.773806673   -0.233658031   -0.298527351
   35.802266345   -0.228181913   -0.298965982
   35.830726016   -0.222713182   -0.299384869
   35.859185687   -0.217296305   -0.299783665
   35.887645358   -0.211975120   -0.300162131
   35.916105029   -0.206792781   -0.300520128
   35.944564700   -0.201791637   -0.300857613
   35.973024372   -0.197013014   -0.301174623
   36.001484043   -0.192496925   -0.301471279
   36.029943714   -0.188281785   -0.301747770
   36.058403385   -0.184404203   -0.302004364
   36.086863056   -0.180898953   -0.302241399
   36.115322727   -0.177799144   -0.302459285
   36.143782399   -0.175136555   -0.302658502
   36.172242070   -0.172942003   -0.302839593
   36.200701741   -0.171245599   -0.303003156
   36.229161412   -0.170076703   -0.303149837
   36.257621083   -0.169463516   -0.303280323
   36.286080755   -0.169432290   -0.303395337
   36.314540426   -0.170006320   -0.303495632
   36.343000097   -0.171204947   -0.303581986
   36.371459768   -0.173042823   -0.303655189
   36.399919439   -0.175529662   -0.303716034
   36.428379110   -0.178670549   -0.303765290
   36.456838782   -0.182466743   -0.303803684
   36.485298453   -0.186916754   -0.303831876
   36.513758124   -0.192017384   -0.303850438
   36.542217795   -0.197764443   -0.303859839
   36.570677466   -0.204152953   -0.303860444
   36.599137138   -0.211176770   -0.303852513
   36.627596809   -0.218827768   -0.303836204
   36.656056480   -0.227094806   -0.303811586
   36.684516151   -0.235962768   -0.303778638
   36.712975822   -0.245411881   -0.303737254
   36.741435493   -0.255417449   -0.303687242
   36.769895165   -0.265949966   -0.303628322
   36.798354836   -0.276975491   -0.303560131
   36.826814507   -0.288456101   -0.303482235
   36.855274178   -0.300350292   -0.303394145
   36.883733849   -0.312613253   -0.303295348
   36.912193521   -0.325197059   -0.303185339
   36.940653192   -0.338050864   -0.303063655
   36.969112863   -0.351121236   -0.302929914
   36.997572534   -0.364352683   -0.302783843
   37.026032205   -0.377688372   -0.302625303
   37.054491876   -0.391070933   -0.302454313
   37.082951548   -0.404443204   -0.302271071
   37.111411219   -0.417748774   -0.302075968
   37.139870890   -0.430932245   -0.301869604
   37.168330561   -0.443939247   -0.301652802
   37.196790232   -0.456716295   -0.301426608
   37.225249904   -0.469210666   -0.301192298
   37.253709575   -0.481370416   -0.300951358
   37.282169246   -0.493144620   -0.300705473
   37.310628917   -0.504483793   -0.300456497
   37.339088588   -0.515340400   -0.300206430
   37.367548259   -0.525669286   -0.299957386
   37.396007931   -0.535427933   -0.299711565
   37.424467602   -0.544576480   -0.299471233
   37.452927273   -0.553077575   -0.299238694
   37.481386944   -0.560896182   -0.299016268
   37.509846615   -0.567999470   -0.298806262
   37.538306286   -0.574356906   -0.298610939
   37.566765958   -0.579940556   -0.298432483
   37.595225629   -0.584725516   -0.298272959
   37.623685300   -0.588690343   -0.298134278
   37.652144971   -0.591817332   -0.298018160
   37.680604642   -0.594092573   -0.297926106
   37.709064314   -0.595505778   -0.297859369
   37.737523985   -0.596049990   -0.297818942
   37.765983656   -0.595721311   -0.297805536
   37.794443327   -0.594518792   -0.297819573
   37.822902998   -0.592444524   -0.297861180
   37.851362669   -0.589503912   -0.297930181
   37.879822341   -0.585705997   -0.298026096
   37.908282012   -0.581063674   -0.298148152
   37.936741683   -0.575593684   -0.298295286
   37.965201354   -0.569316346   -0.298466166
   37.993661025   -0.562255115   -0.298659214
   38.022120697   -0.554436085   -0.298872629
   38.050580368   -0.545887634   -0.299104416
   38.079040039   -0.536640295   -0.299352422
   38.107499710   -0.526726855   -0.299614359
   38.135959381   -0.516182606   -0.299887845
   38.164419052   -0.505045542   -0.300170432
   38.192878724   -0.493356367   -0.300459645
   38.221338395   -0.481158214   -0.300753010
   38.249798066   -0.468496118   -0.301048091
   38.278257737   -0.455416374   -0.301342519
   38.306717408   -0.441965992   -0.301634017
   38.335177080   -0.428192387   -0.301920425
   38.363636751   -0.414143396   -0.302199718
   38.392096422   -0.399867523   -0.302470026
   38.420556093   -0.385414237   -0.302729652
   38.449015764   -0.370834105   -0.302977087
   38.477475435   -0.356178596   -0.303211031
   38.505935107   -0.341499529   -0.303430402
   38.534394778   -0.326848290   -0.303634351
   38.562854449   -0.312275056   -0.303822256
   38.591314120   -0.297828288   -0.303993721
   38.619773791   -0.283554644   -0.304148554
   38.648233463   -0.269499326   -0.304286743
   38.676693134   -0.255706681   -0.304408432
   38.705152805   -0.242220744   -0.304513886
   38.733612476   -0.229085442   -0.304603478
   38.762072147   -0.216344267   -0.304677659
   38.790531818   -0.204039454   -0.304736952
   38.818991490   -0.192210895   -0.304781939
   38.847451161   -0.180895163   -0.304813244
   38.875910832   -0.170125013   -0.304831522
   38.904370503   -0.159929575   -0.304837431
   38.932830174   -0.150335213   -0.304831609
   38.961289845   -0.141366761   -0.304814639
   38.989749517   -0.133048704   -0.304787020
   39.018209188   -0.125405819   -0.304749147
   39.046668859   -0.118462982   -0.304701290
   39.075128530   -0.112244099   -0.304643590
   39.103588201   -0.106770410   -0.304576068
   39.132047873   -0.102058628   -0.304498628
   39.160507544   -0.098119448   -0.304411083
   39.188967215   -0.094956819   -0.304313173
   39.217426886   -0.092568144   -0.304204584
   39.245886557   -0.090945276   -0.304084974
   39.274346228   -0.090075941   -0.303953992
   39.302805900   -0.089945143   -0.303811297
   39.331265571   -0.090536139   -0.303656584
   39.359725242   -0.091830808   -0.303489593
   39.388184913   -0.093809442   -0.303310130
   39.416644584   -0.096450210   -0.303118075
   39.445104256   -0.099728625   -0.302913379
   39.473563927   -0.103617296   -0.302696072
   39.502023598   -0.108086088   -0.302466248
   39.530483269   -0.113102643   -0.302224067
   39.558942940   -0.118633026   -0.301969745
   39.587402611   -0.124642256   -0.301703558
   39.615862283   -0.131094487   -0.301425847
   39.644321954   -0.137952798   -0.301137021
   39.672781625   -0.145178685   -0.300837567
   39.701241296   -0.152731472   -0.300528061
   39.729700967   -0.160567899   -0.300209163
   39.758160639   -0.168642052   -0.299881622
   39.786620310   -0.176905697   -0.299546271
   39.815079981   -0.185308886   -0.299204017
   39.843539652   -0.193800663   -0.298855836
   39.871999323   -0.202329630   -0.298502772
   39.900458994   -0.210844247   -0.298145932
   39.928918666   -0.219292840   -0.297786488
   39.957378337   -0.227623421   -0.297425674
   39.985838008   -0.235783508   -0.297064783
   40.014297679   -0.243720123   -0.296705165
   40.042757350   -0.251380084   -0.296348207
   40.071217022   -0.258710592   -0.295995332
   40.099676693   -0.265660021   -0.295647974
   40.128136364   -0.272178758   -0.295307575
   40.156596035   -0.278219944   -0.294975573
   40.185055706   -0.283740033   -0.294653394
   40.213515377   -0.288699176   -0.294342452
   40.241975049   -0.293061489   -0.294044141
   40.270434720   -0.296795322   -0.293759827
   40.298894391   -0.299873607   -0.293490842
   40.327354062   -0.302274303   -0.293238469
   40.355813733   -0.303980921   -0.293003929
   40.384273404   -0.304983016   -0.292788372
   40.412733076   -0.305276587   -0.292592864
   40.441192747   -0.304864305   -0.292418384
   40.469652418   -0.303755572   -0.292265826
   40.498112089   -0.301966452   -0.292135991
   40.526571760   -0.299519527   -0.292029590
   40.555031432   -0.296443727   -0.291947238
   40.583491103   -0.292774151   -0.291889446
   40.611950774   -0.288551838   -0.291856614
   40.640410445   -0.283823447   -0.291849022
   40.668870116   -0.278640812   -0.291866825
   40.697329787   -0.273060364   -0.291910058
   40.725789459   -0.267142479   -0.291978639
   40.754249130   -0.260950838   -0.292072378
   40.782708801   -0.254551871   -0.292190987
   40.811168472   -0.248014340   -0.292334084
   40.839628143   -0.241409016   -0.292501203
   40.868087815   -0.234808370   -0.292691787
   40.896547486   -0.228286149   -0.292905196
   40.925007157   -0.221916720   -0.293140705
   40.953466828   -0.215774134   -0.293397517
   40.981926499   -0.209930971   -0.293674777
   41.010386170   -0.204457081   -0.293971590
   41.038845842   -0.199418397   -0.294287045
   41.067305513   -0.194875979   -0.294620228
   41.095765184   -0.190885380   -0.294970231
   41.124224855   -0.187496295   -0.295336155
   41.152684526   -0.184752410   -0.295717103
   41.181144198   -0.182691283   -0.296112168
   41.209603869   -0.181344141   -0.296520431
   41.238063540   -0.180735528   -0.296940958
   41.266523211   -0.180882864   -0.297372813
   41.294982882   -0.181796045   -0.297815077
   41.323442553   -0.183477257   -0.298266868
   41.351902225   -0.185921149   -0.298727367
   41.380361896   -0.189115407   -0.299195826
   41.408821567   -0.193041670   -0.299671579
   41.437281238   -0.197676640   -0.300154033
   41.465740909   -0.202993176   -0.300642662
   41.494200581   -0.208961209   -0.301136990
   41.522660252   -0.215548396   -0.301636596
   41.551119923   -0.222720520   -0.302141106
   41.579579594   -0.230441737   -0.302650210
   41.608039265   -0.238674793   -0.303163671
   41.636498936   -0.247381324   -0.303681334
   41.664958608   -0.256522236   -0.304203135
   41.693418279   -0.266058116   -0.304729086
   41.721877950   -0.275949544   -0.305259259
   41.750337621   -0.286157185   -0.305793756
   41.778797292   -0.296641596   -0.306332675
   41.807256964   -0.307362793   -0.306876077
   41.835716635   -0.318279719   -0.307423953
   41.864176306   -0.329349800   -0.307976206
   41.892635977   -0.340528801   -0.308532623
   41.921095648   -0.351771067   -0.309092863
   41.949555319   -0.363030153   -0.309656437
   41.978014991   -0.374259712   -0.310222684
   42.006474662   -0.385414406   -0.310790761
   42.034934333   -0.396450644   -0.311359618
   42.063394004   -0.407326981   -0.311927990
   42.091853675   -0.418004145   -0.312494397
   42.120313346   -0.428444777   -0.313057148
   42.148773018   -0.438613055   -0.313614358
   42.177232689   -0.448474393   -0.314163972
   42.205692360   -0.457995342   -0.314703789
   42.234152031   -0.467143732   -0.315231490
   42.262611702   -0.475889003   -0.315744657
   42.291071374   -0.484202555   -0.316240798
   42.319531045   -0.492058009   -0.316717370
   42.347990716   -0.499431245   -0.317171801
   42.376450387   -0.506300222   -0.317601516
   42.404910058   -0.512644665   -0.318003974
   42.433369729   -0.518445733   -0.318376700
   42.461829401   -0.523685825   -0.318717322
   42.490289072   -0.528348592   -0.319023612
   42.518748743   -0.532419148   -0.319293517
   42.547208414   -0.535884405   -0.319525193
   42.575668085   -0.538733394   -0.319717031
   42.604127757   -0.540957456   -0.319867680
   42.632587428   -0.542550231   -0.319976068
   42.661047099   -0.543507481   -0.320041416
   42.689506770   -0.543826820   -0.320063251
   42.717966441   -0.543507482   -0.320041416
   42.746426112   -0.542550232   -0.319976069
   42.774885784   -0.540957458   -0.319867682
   42.803345455   -0.538733397   -0.319717033
   42.831805126   -0.535884409   -0.319525196
   42.860264797   -0.532419153   -0.319293521
   42.888724468   -0.528348598   -0.319023616
   42.917184140   -0.523685832   -0.318717327
   42.945643811   -0.518445740   -0.318376706
   42.974103482   -0.512644673   -0.318003981
   43.002563153   -0.506300231   -0.317601523
   43.031022824   -0.499431254   -0.317171809
   43.059482495   -0.492058019   -0.316717379
   43.087942167   -0.484202565   -0.316240807
   43.116401838   -0.475889014   -0.315744666
   43.144861509   -0.467143744   -0.315231500
   43.173321180   -0.457995354   -0.314703800
   43.201780851   -0.448474406   -0.314163983
   43.230240523   -0.438613068   -0.313614370
   43.258700194   -0.428444791   -0.313057160
   43.287159865   -0.418004160   -0.312494410
   43.315619536   -0.407326997   -0.311928004
   43.344079207   -0.396450660   -0.311359632
   43.372538878   -0.385414422   -0.310790776
   43.400998550   -0.374259729   -0.310222700
   43.429458221   -0.363030170   -0.309656453
   43.457917892   -0.351771084   -0.309092880
   43.486377563   -0.340528819   -0.308532640
   43.514837234   -0.329349819   -0.307976223
   43.543296905   -0.318279737   -0.307423971
   43.571756577   -0.307362812   -0.306876095
   43.600216248   -0.296641615   -0.306332695
   43.628675919   -0.286157204   -0.305793776
   43.657135590   -0.275949563   -0.305259279
   43.685595261   -0.266058135   -0.304729107
   43.714054933   -0.256522256   -0.304203157
   43.742514604   -0.247381344   -0.303681356
   43.770974275   -0.238674813   -0.303163693
   43.799433946   -0.230441757   -0.302650234
   43.827893617   -0.222720541   -0.302141130
   43.856353288   -0.215548416   -0.301636620
   43.884812960   -0.208961229   -0.301137015
   43.913272631   -0.202993196   -0.300642687
   43.941732302   -0.197676661   -0.300154059
   43.970191973   -0.193041690   -0.299671605
   43.998651644   -0.189115427   -0.299195853
   44.027111316   -0.185921170   -0.298727394
   44.055570987   -0.183477277   -0.298266896
   44.084030658   -0.181796065   -0.297815105
   44.112490329   -0.180882884   -0.297372842
   44.140950000   -0.180735548   -0.296940988
   44.169409671   -0.181344160   -0.296520461
   44.197869343   -0.182691303   -0.296112199
   44.226329014   -0.184752430   -0.295717134
   44.254788685   -0.187496315   -0.295336187
   44.283248356   -0.190885400   -0.294970263
   44.311708027   -0.194875999   -0.294620261
   44.340167699   -0.199418417   -0.294287079
   44.368627370   -0.204457102   -0.293971625
   44.397087041   -0.209930993   -0.293674812
   44.425546712   -0.215774155   -0.293397553
   44.454006383   -0.221916742   -0.293140741
   44.482466054   -0.228286172   -0.292905232
   44.510925726   -0.234808393   -0.292691824
   44.539385397   -0.241409040   -0.292501240
   44.567845068   -0.248014365   -0.292334123
   44.596304739   -0.254551898   -0.292191026
   44.624764410   -0.260950865   -0.292072418
   44.653224082   -0.267142507   -0.291978680
   44.681683753   -0.273060393   -0.291910099
   44.710143424   -0.278640843   -0.291866866
   44.738603095   -0.283823479   -0.291849064
   44.767062766   -0.288551872   -0.291856657
   44.795522437   -0.292774187   -0.291889490
   44.823982109   -0.296443764   -0.291947282
   44.852441780   -0.299519566   -0.292029635
   44.880901451   -0.301966493   -0.292136037
   44.909361122   -0.303755614   -0.292265872
   44.937820793   -0.304864349   -0.292418431
   44.966280464   -0.305276633   -0.292592911
   44.994740136   -0.304983064   -0.292788421
   45.023199807   -0.303980971   -0.293003978
   45.051659478   -0.302274355   -0.293238518
   45.080119149   -0.299873660   -0.293490892
   45.108578820   -0.296795377   -0.293759878
   45.137038492   -0.293061546   -0.294044193
   45.165498163   -0.288699235   -0.294342505
   45.193957834   -0.283740093   -0.294653448
   45.222417505   -0.278220005   -0.294975627
   45.250877176   -0.272178821   -0.295307630
   45.279336847   -0.265660085   -0.295648030
   45.307796519   -0.258710658   -0.295995388
   45.336256190   -0.251380151   -0.296348265
   45.364715861   -0.243720192   -0.296705223
   45.393175532   -0.235783578   -0.297064843
   45.421635203   -0.227623492   -0.297425734
   45.450094875   -0.219292912   -0.297786549
   45.478554546   -0.210844320   -0.298145994
   45.507014217   -0.202329703   -0.298502834
   45.535473888   -0.193800737   -0.298855899
   45.563933559   -0.185308960   -0.299204081
   45.592393230   -0.176905771   -0.299546337
   45.620852902   -0.168642127   -0.299881689
   45.649312573   -0.160567974   -0.300209230
   45.677772244   -0.152731547   -0.300528129
   45.706231915   -0.145178760   -0.300837637
   45.734691586   -0.137952873   -0.301137091
   45.763151258   -0.131094562   -0.301425918
   45.791610929   -0.124642331   -0.301703630
   45.820070600   -0.118633101   -0.301969817
   45.848530271   -0.113102718   -0.302224140
   45.876989942   -0.108086163   -0.302466323
   45.905449613   -0.103617371   -0.302696148
   45.933909285   -0.099728700   -0.302913456
   45.962368956   -0.096450285   -0.303118152
   45.990828627   -0.093809516   -0.303310209
   46.019288298   -0.091830882   -0.303489672
   46.047747969   -0.090536213   -0.303656664
   46.076207641   -0.089945217   -0.303811379
   46.104667312   -0.090076015   -0.303954075
   46.133126983   -0.090945349   -0.304085058
   46.161586654   -0.092568218   -0.304204669
   46.190046325   -0.094956893   -0.304313258
   46.218505996   -0.098119522   -0.304411170
   46.246965668   -0.102058701   -0.304498715
   46.275425339   -0.106770483   -0.304576157
   46.303885010   -0.112244173   -0.304643680
   46.332344681   -0.118463055   -0.304701381
   46.360804352   -0.125405893   -0.304749239
   46.389264023   -0.133048778   -0.304787113
   46.417723695   -0.141366835   -0.304814733
   46.446183366   -0.150335287   -0.304831704
   46.474643037   -0.159929650   -0.304837528
   46.503102708   -0.170125087   -0.304831619
   46.531562379   -0.180895237   -0.304813343
   46.560022051   -0.192210970   -0.304782038
   46.588481722   -0.204039530   -0.304737053
   46.616941393   -0.216344343   -0.304677760
   46.645401064   -0.229085519   -0.304603580
   46.673860735   -0.242220822   -0.304513990
   46.702320406   -0.255706759   -0.304408536
   46.730780078   -0.269499405   -0.304286849
   46.759239749   -0.283554723   -0.304148661
   46.787699420   -0.297828369   -0.303993829
   46.816159091   -0.312275138   -0.303822365
   46.844618762   -0.326848373   -0.303634461
   46.873078434   -0.341499613   -0.303430513
   46.901538105   -0.356178681   -0.303211143
   46.929997776   -0.370834192   -0.302977200
   46.958457447   -0.385414325   -0.302729766
   46.986917118   -0.399867613   -0.302470141
   47.015376789   -0.414143487   -0.302199834
   47.043836461   -0.428192479   -0.301920542
   47.072296132   -0.441966086   -0.301634136
   47.100755803   -0.455416470   -0.301342638
   47.129215474   -0.468496215   -0.301048211
   47.157675145   -0.481158313   -0.300753131
   47.186134817   -0.493356468   -0.300459767
   47.214594488   -0.505045646   -0.300170555
   47.243054159   -0.516182712   -0.299887969
   47.271513830   -0.526726963   -0.299614484
   47.299973501   -0.536640404   -0.299352548
   47.328433172   -0.545887746   -0.299104543
   47.356892844   -0.554436198   -0.298872756
   47.385352515   -0.562255231   -0.298659343
   47.413812186   -0.569316465   -0.298466295
   47.442271857   -0.575593804   -0.298295416
   47.470731528   -0.581063797   -0.298148283
   47.499191200   -0.585706122   -0.298026229
   47.527650871   -0.589504039   -0.297930314
   47.556110542   -0.592444653   -0.297861314
   47.584570213   -0.594518924   -0.297819708
   47.613029884   -0.595721446   -0.297805671
   47.641489555   -0.596050126   -0.297819078
   47.669949227   -0.595505917   -0.297859506
   47.698408898   -0.594092714   -0.297926244
   47.726868569   -0.591817476   -0.298018299
   47.755328240   -0.588690489   -0.298134417
   47.783787911   -0.584725664   -0.298273099
   47.812247582   -0.579940706   -0.298432624
   47.840707254   -0.574357059   -0.298611081
   47.869166925   -0.567999625   -0.298806405
   47.897626596   -0.560896340   -0.299016411
   47.926086267   -0.553077735   -0.299238838
   47.954545938   -0.544576641   -0.299471378
   47.983005610   -0.535428097   -0.299711711
   48.011465281   -0.525669452   -0.299957533
   48.039924952   -0.515340568   -0.300206578
   48.068384623   -0.504483963   -0.300456646
   48.096844294   -0.493144792   -0.300705622
   48.125303965   -0.481370590   -0.300951509
   48.153763637   -0.469210842   -0.301192449
   48.182223308   -0.456716473   -0.301426760
   48.210682979   -0.443939426   -0.301652954
   48.239142650   -0.430932426   -0.301869758
   48.267602321   -0.417748956   -0.302076122
   48.296061993   -0.404443388   -0.302271226
   48.324521664   -0.391071118   -0.302454469
   48.352981335   -0.377688558   -0.302625460
   48.381441006   -0.364352871   -0.302784001
   48.409900677   -0.351121425   -0.302930073
   48.438360348   -0.338051055   -0.303063814
   48.466820020   -0.325197250   -0.303185499
   48.495279691   -0.312613446   -0.303295509
   48.523739362   -0.300350485   -0.303394307
   48.552199033   -0.288456295   -0.303482398
   48.580658704   -0.276975686   -0.303560295
   48.609118376   -0.265950162   -0.303628486
   48.637578047   -0.255417645   -0.303687407
   48.666037718   -0.245412078   -0.303737420
   48.694497389   -0.235962966   -0.303778804
   48.722957060   -0.227095004   -0.303811753
   48.751416731   -0.218827966   -0.303836373
   48.779876403   -0.211176969   -0.303852682
   48.808336074   -0.204153152   -0.303860614
   48.836795745   -0.197764642   -0.303860010
   48.865255416   -0.192017583   -0.303850609
   48.893715087   -0.186916954   -0.303832049
   48.922174759   -0.182466943   -0.303803857
   48.950634430   -0.178670748   -0.303765464
   48.979094101   -0.175529862   -0.303716208
   49.007553772   -0.173043023   -0.303655365
   49.036013443   -0.171205147   -0.303582162
   49.064473114   -0.170006520   -0.303495809
   49.092932786   -0.169432489   -0.303395515
   49.121392457   -0.169463716   -0.303280502
   49.149852128   -0.170076903   -0.303150016
   49.178311799   -0.171245798   -0.303003336
   49.206771470   -0.172942202   -0.302839774
   49.235231141   -0.175136754   -0.302658684
   49.263690813   -0.177799343   -0.302459467
   49.292150484   -0.180899151   -0.302241582
   49.320610155   -0.184404401   -0.302004548
   49.349069826   -0.188281984   -0.301747955
   49.377529497   -0.192497124   -0.301471464
   49.405989169   -0.197013212   -0.301174810
   49.434448840   -0.201791836   -0.300857799
   49.462908511   -0.206792979   -0.300520316
   49.491368182   -0.211975318   -0.300162319
   49.519827853   -0.217296503   -0.299783854
   49.548287524   -0.222713380   -0.299385058
   49.576747196   -0.228182111   -0.298966172
   49.605206867   -0.233658229   -0.298527542
   49.633666538   -0.239096675   -0.298069627
   49.662126209   -0.244451867   -0.297592999
   49.690585880   -0.249677841   -0.297098333
   49.719045552   -0.254728469   -0.296586403
   49.747505223   -0.259557738   -0.296058080
   49.775964894   -0.264120060   -0.295514318
   49.804424565   -0.268370597   -0.294956158
   49.832884236   -0.272265583   -0.294384723
   49.861343907   -0.275762662   -0.293801213
   49.889803579   -0.278821263   -0.293206905
   49.918263250   -0.281403017   -0.292603139
   49.946722921   -0.283472243   -0.291991312
   49.975182592   -0.284996451   -0.291372862
   50.003642263   -0.285946872   -0.290749259
   50.032101935   -0.286298935   -0.290121989
   50.060561606   -0.286032705   -0.289492545
   50.089021277   -0.285133236   -0.288862424
   50.117480948   -0.283590880   -0.288233116
   50.145940619   -0.281401542   -0.287606099
   50.174400290   -0.278566921   -0.286982833
   50.202859962   -0.275094738   -0.286364745
   50.231319633   -0.270998922   -0.285753221
   50.259779304   -0.266299743   -0.285149593
   50.288238975   -0.261023831   -0.284555127
   50.316698646   -0.255204065   -0.283971009
   50.345158318   -0.248879305   -0.283398348
   50.373617989   -0.242093999   -0.282838159
   50.402077660   -0.234897688   -0.282291370
   50.430537331   -0.227344485   -0.281758811
   50.458997002   -0.219492562   -0.281241210
   50.487456673   -0.211403704   -0.280739190
   50.515916345   -0.203142914   -0.280253259
   50.544376016   -0.194778077   -0.279783807
   50.572835687   -0.186379615   -0.279331101
   50.601295358   -0.178020094   -0.278895285
   50.629755029   -0.169773723   -0.278476379
   50.658214700   -0.161715705   -0.278074285
   50.686674372   -0.153921432   -0.277688795
   50.715134043   -0.146465514   -0.277319587
   50.743593714   -0.139420700   -0.276966239
   50.772053385   -0.132856735   -0.276628228
   50.800513056   -0.126839229   -0.276304935
   50.828972728   -0.121428620   -0.275995647
   50.857432399   -0.116679295   -0.275699561
   50.885892070   -0.112638922   -0.275415794
   50.914351741   -0.109348009   -0.275143381
   50.942811412   -0.106839665   -0.274881292
   50.971271083   -0.105139518   -0.274628438
   50.999730755   -0.104265710   -0.274383685
   51.028190426   -0.104228915   -0.274145874
   51.056650097   -0.105032344   -0.273913840
   51.085109768   -0.106671749   -0.273686441
   51.113569439   -0.109135489   -0.273462586
   51.142029111   -0.112404755   -0.273241270
   51.170488782   -0.116454052   -0.273021600
   51.198948453   -0.121251979   -0.272802829
   51.227408124   -0.126762333   -0.272584370
   51.255867795   -0.132945406   -0.272365810
   51.284327466   -0.139759354   -0.272146922
   51.312787138   -0.147161430   -0.271927657
   51.341246809   -0.155108929   -0.271708141
   51.369706480   -0.163559749   -0.271488672
   51.398166151   -0.172472563   -0.271269709
   51.426625822   -0.181806698   -0.271051864
   51.455085494   -0.191521889   -0.270835891
   51.483545165   -0.201578048   -0.270622678
   51.512004836   -0.211935193   -0.270413225
   51.540464507   -0.222553545   -0.270208625
   51.568924178   -0.233393745   -0.270010034
   51.597383849   -0.244417084   -0.269818636
   51.625843521   -0.255585595   -0.269635611
   51.654303192   -0.266861947   -0.269462099
   51.682762863   -0.278209120   -0.269299160
   51.711222534   -0.289589971   -0.269147748
   51.739682205   -0.300966827   -0.269008680
   51.768141877   -0.312301271   -0.268882610
   51.796601548   -0.323554234   -0.268770006
   51.825061219   -0.334686404   -0.268671135
   51.853520890   -0.345658856   -0.268586050
   51.881980561   -0.356433769   -0.268514577
   51.910440232   -0.366975028   -0.268456319
   51.938899904   -0.377248569   -0.268410666
   51.967359575   -0.387222442   -0.268376805
   51.995819246   -0.396866602   -0.268353744
   52.024278917   -0.406152575   -0.268340342
   52.052738588   -0.415053148   -0.268335333
   52.081198260   -0.423542201   -0.268337355
   52.109657931   -0.431594730   -0.268344975
   52.138117602   -0.439187048   -0.268356713
   52.166577273   -0.446297055   -0.268371058
   52.195036944   -0.452904465   -0.268386494
   52.223496615   -0.458990898   -0.268401520
   52.251956287   -0.464539821   -0.268414675
   52.280415958   -0.469536357   -0.268424571
   52.308875629   -0.473967065   -0.268429923
   52.337335300   -0.477819795   -0.268429578
   52.365794971   -0.481083665   -0.268422546
   52.394254642   -0.483749194   -0.268408021
   52.422714314   -0.485808519   -0.268385395
   52.451173985   -0.487255642   -0.268354269
   52.479633656   -0.488086584   -0.268314453
   52.508093327   -0.488299426   -0.268265967
   52.536552998   -0.487894229   -0.268209033
   52.565012670   -0.486872873   -0.268144078
   52.593472341   -0.485238904   -0.268071717
   52.621932012   -0.482997435   -0.267992755
   52.650391683   -0.480155152   -0.267908165
   52.678851354   -0.476720386   -0.267819071
   52.707311025   -0.472703224   -0.267726726
   52.735770697   -0.468115577   -0.267632478
   52.764230368   -0.462971183   -0.267537735
   52.792690039   -0.457285530   -0.267443938
   52.821149710   -0.451075734   -0.267352521
   52.849609381   -0.444360422   -0.267264891
   52.878069053   -0.437159685   -0.267182404
   52.906528724   -0.429495090   -0.267106340
   52.934988395   -0.421389771   -0.267037892
   52.963448066   -0.412868530   -0.266978139
   52.991907737   -0.403957914   -0.266928027
   53.020367408   -0.394686236   -0.266888349
   53.048827080   -0.385083532   -0.266859714
   53.077286751   -0.375181506   -0.266842537
   53.105746422   -0.365013481   -0.266837020
   53.134206093   -0.354614413   -0.266843150
   53.162665764   -0.344020917   -0.266860700
   53.191125436   -0.333271289   -0.266889246
   53.219585107   -0.322405421   -0.266928181
   53.248044778   -0.311464549   -0.266976737
   53.276504449   -0.300490828   -0.267034008
   53.304964120   -0.289526768   -0.267098978
   53.333423791   -0.278614681   -0.267170542
   53.361883463   -0.267796262   -0.267247544
   53.390343134   -0.257112447   -0.267328804
   53.418802805   -0.246603603   -0.267413158
   53.447262476   -0.236309991   -0.267499495
   53.475722147   -0.226272341   -0.267586791
   53.504181819   -0.216532351   -0.267674145
   53.532641490   -0.207132895   -0.267760794
   53.561101161   -0.198117857   -0.267846135
   53.589560832   -0.189531583   -0.267929724
   53.618020503   -0.181418108   -0.268011284
   53.646480174   -0.173820355   -0.268090701
   53.674939846   -0.166779523   -0.268168024
   53.703399517   -0.160334763   -0.268243465
   53.731859188   -0.154523152   -0.268317401
   53.760318859   -0.149379796   -0.268390379
   53.788778530   -0.144937826   -0.268463104
   53.817238201   -0.141228071   -0.268536436
   53.845697873   -0.138278245   -0.268611365
   53.874157544   -0.136111669   -0.268688991
   53.902617215   -0.134745694   -0.268770489
   53.931076886   -0.134190120   -0.268857078
   53.959536557   -0.134445924   -0.268949994
   53.987996229   -0.135504548   -0.269050464
   54.016455900   -0.137347845   -0.269159689
   54.044915571   -0.139948622   -0.269278827
   54.073375242   -0.143271556   -0.269408979
   54.101834913   -0.147274221   -0.269551187
   54.130294584   -0.151907967   -0.269706419
   54.158754256   -0.157118519   -0.269875561
   54.187213927   -0.162846314   -0.270059414
   54.215673598   -0.169026710   -0.270258687
   54.244133269   -0.175590309   -0.270473996
   54.272592940   -0.182463580   -0.270705862
   54.301052612   -0.189569903   -0.270954718
   54.329512283   -0.196831009   -0.271220899
   54.357971954   -0.204168636   -0.271504648
   54.386431625   -0.211506172   -0.271806105
   54.414891296   -0.218769997   -0.272125305
   54.443350967   -0.225890346   -0.272462165
   54.471810639   -0.232801654   -0.272816480
   54.500270310   -0.239442442   -0.273187925
   54.528729981   -0.245754983   -0.273576053
   54.557189652   -0.251684980   -0.273980302
   54.585649323   -0.257181505   -0.274400002
   54.614108995   -0.262197290   -0.274834384
   54.642568666   -0.266689401   -0.275282580
   54.671028337   -0.270620124   -0.275743634
   54.699488008   -0.273957861   -0.276216499
   54.727947679   -0.276677816   -0.276700044
   54.756407350   -0.278762293   -0.277193056
   54.784867022   -0.280200574   -0.277694253
   54.813326693   -0.280988430   -0.278202293
   54.841786364   -0.281127442   -0.278715786
   54.870246035   -0.280624323   -0.279233312
   54.898705706   -0.279490425   -0.279753428
   54.927165378   -0.277741492   -0.280274681
   54.955625049   -0.275397642   -0.280795614
   54.984084720   -0.272483449   -0.281314771
   55.012544391   -0.269027943   -0.281830707
   55.041004062   -0.265064389   -0.282341994
   55.069463733   -0.260629757   -0.282847233
   55.097923405   -0.255763929   -0.283345066
   55.126383076   -0.250508782   -0.283834193
   55.154842747   -0.244907331   -0.284313378
   55.183302418   -0.239003110   -0.284781465
   55.211762089   -0.232839889   -0.285237379
   55.240221760   -0.226461703   -0.285680135
   55.268681432   -0.219913055   -0.286108838
   55.297141103   -0.213239115   -0.286522693
   55.325600774   -0.206485710   -0.286921002
   55.354060445   -0.199699036   -0.287303180
   55.382520116   -0.192925099   -0.287668756
   55.410979788   -0.186209041   -0.288017383
   55.439439459   -0.179594558   -0.288348837
   55.467899130   -0.173123608   -0.288663023
   55.496358801   -0.166836497   -0.288959967
   55.524818472   -0.160772320   -0.289239816
   55.553278143   -0.154969559   -0.289502829
   55.581737815   -0.149466625   -0.289749375
   55.610197486   -0.144302104   -0.289979927
   55.638657157   -0.139514605   -0.290195064
   55.667116828   -0.135142252   -0.290395463
   55.695576499   -0.131222001   -0.290581900
   55.724036171   -0.127789034   -0.290755243
   55.752495842   -0.124876449   -0.290916449
   55.780955513   -0.122515333   -0.291066554
   55.809415184   -0.120735125   -0.291206672
   55.837874855   -0.119564049   -0.291337980
   55.866334526   -0.119029289   -0.291461718
   55.894794198   -0.119156679   -0.291579170
   55.923253869   -0.119969824   -0.291691650
   55.951713540   -0.121488780   -0.291800482
   55.980173211   -0.123728653   -0.291906968
   56.008632882   -0.126698493   -0.292012356
   56.037092554   -0.130400878   -0.292117810
   56.065552225   -0.134832338   -0.292224379
   56.094011896   -0.139984512   -0.292332975
   56.122471567   -0.145845729   -0.292444364
   56.150931238   -0.152402510   -0.292559162
   56.179390909   -0.159640557   -0.292677845
   56.207850581   -0.167544942   -0.292800753
   56.236310252   -0.176099482   -0.292928100
   56.264769923   -0.185285556   -0.293059981
   56.293229594   -0.195080772   -0.293196373
   56.321689265   -0.205457948   -0.293337129
   56.350148937   -0.216384714   -0.293481987
   56.378608608   -0.227823823   -0.293630567
   56.407068279   -0.239734038   -0.293782395
   56.435527950   -0.252071255   -0.293936917
   56.463987621   -0.264789524   -0.294093534
   56.492447292   -0.277841685   -0.294251626
   56.520906964   -0.291179549   -0.294410582
   56.549366635   -0.304753720   -0.294569812
   56.577826306   -0.318513294   -0.294728756
   56.606285977   -0.332405716   -0.294886887
   56.634745648   -0.346376948   -0.295043703
   56.663205319   -0.360371987   -0.295198737
   56.691664991   -0.374335604   -0.295351563
   56.720124662   -0.388213079   -0.295501824
   56.748584333   -0.401950726   -0.295649257
   56.777044004   -0.415496099   -0.295793731
   56.805503675   -0.428797882   -0.295935260
   56.833963347   -0.441805628   -0.296074006
   56.862423018   -0.454469541   -0.296210251
   56.890882689   -0.466740477   -0.296344338
   56.919342360   -0.478570234   -0.296476591
   56.947802031   -0.489912075   -0.296607216
   56.976261702   -0.500721319   -0.296736209
   57.004721374   -0.510955834   -0.296863272
   57.033181045   -0.520576274   -0.296987757
   57.061640716   -0.529546050   -0.297108639
   57.090100387   -0.537831122   -0.297224522
   57.118560058   -0.545399764   -0.297333660
   57.147019730   -0.552222484   -0.297433997
   57.175479401   -0.558272175   -0.297523209
   57.203939072   -0.563524508   -0.297598735
   57.232398743   -0.567958413   -0.297657809
   57.260858414   -0.571556523   -0.297697475
   57.289318085   -0.574305395   -0.297714612
   57.317777757   -0.576195479   -0.297705946
   57.346237428   -0.577220867   -0.297668080
   57.374697099   -0.577378950   -0.297597524
   57.403156770   -0.576670173   -0.297490726
   57.431616441   -0.575097977   -0.297344113
   57.460076113   -0.572668972   -0.297154114
   57.488535784   -0.569393244   -0.296917196
   57.516995455   -0.565284662   -0.296629886
   57.545455126   -0.560361018   -0.296288800
   57.573914797   -0.554643909   -0.295890685
   57.602374468   -0.548158388   -0.295432469
   57.630834140   -0.540932487   -0.294911329
   57.659293811   -0.532996771   -0.294324763
   57.687753482   -0.524384081   -0.293670668
   57.716213153   -0.515129511   -0.292947394
   57.744672824   -0.505270593   -0.292153786
   57.773132496   -0.494847526   -0.291289183
   57.801592167   -0.483903311   -0.290353391
   57.830051838   -0.472483651   -0.289346623
   57.858511509   -0.460636594   -0.288269433
   57.886971180   -0.448412005   -0.287122637
   57.915430851   -0.435861023   -0.285907248
   57.943890523   -0.423035667   -0.284624434
   57.972350194   -0.409988696   -0.283275479
   58.000809865   -0.396773718   -0.281861772
   58.029269536   -0.383445412   -0.280384788
   58.057729207   -0.370059695   -0.278846077
   58.086188878   -0.356673668   -0.277247240
   58.114648550   -0.343345238   -0.275589903
   58.143108221   -0.330132490   -0.273875697
   58.171567892   -0.317092916   -0.272106237
   58.200027563   -0.304282723   -0.270283123
   58.228487234   -0.291756350   -0.268407955
   58.256946906   -0.279566234   -0.266482353
   58.285406577   -0.267762761   -0.264507979
   58.313866248   -0.256394204   -0.262486542
   58.342325919   -0.245506479   -0.260419775
   58.370785590   -0.235142607   -0.258309370
   58.399245261   -0.225341923   -0.256156876
   58.427704933   -0.216139242   -0.253963575
   58.456164604   -0.207564243   -0.251730336
   58.484624275   -0.199641354   -0.249457490
   58.513083946   -0.192390272   -0.247144724
   58.541543617   -0.185827034   -0.244791030
   58.570003289   -0.179965375   -0.242394696
   58.598462960   -0.174817940   -0.239953348
   58.626922631   -0.170396964   -0.237464027
   58.655382302   -0.166714161   -0.234923292
   58.683841973   -0.163779787   -0.232327321
   58.712301644   -0.161601160   -0.229672016
   58.740761316   -0.160181038   -0.226953093
   58.769220987   -0.159516326   -0.224166154
   58.797680658   -0.159597447   -0.221306751
   58.826140329   -0.160408479   -0.218370443
   58.854600000   -0.161927854   -0.215352847
   58.883059672   -0.164129273   -0.212249691
   58.911519343   -0.166982388   -0.209056857
   58.939979014   -0.170452971   -0.205770431
   58.968438685   -0.174502513   -0.202386741
   58.996898356   -0.179087508   -0.198902397
   59.025358027   -0.184158863   -0.195314325
   59.053817699   -0.189661929   -0.191619813
   59.082277370   -0.195537471   -0.187816566
   59.110737041   -0.201723572   -0.183902776
   59.139196712   -0.208158107   -0.179877209
   59.167656383   -0.214781081   -0.175739292
   59.196116055   -0.221536061   -0.171489208
   59.224575726   -0.228370079   -0.167127955
   59.253035397   -0.235231747   -0.162657377
   59.281495068   -0.242067857   -0.158080135
   59.309954739   -0.248819227   -0.153399639
   59.338414410   -0.255416838   -0.148619914
   59.366874082   -0.261779360   -0.143745447
   59.395333753   -0.267812827   -0.138781023
   59.423793424   -0.273412760   -0.133731578
   59.452253095   -0.278468394   -0.128602084
   59.480712766   -0.282868160   -0.123397492
   59.509172437   -0.286505321   -0.118122716
   59.537632109   -0.289282676   -0.112782666
   59.566091780   -0.291115581   -0.107382298
   59.594551451   -0.291933064   -0.101926665
   59.623011122   -0.291677301   -0.096420964
   59.651470793   -0.290302128   -0.090870542
   59.679930465   -0.287771387   -0.085280889
   59.708390136   -0.284057759   -0.079657600
   59.736849807   -0.279142412   -0.074006329
   59.765309478   -0.273015393   -0.068332751
   59.793769149   -0.265676385   -0.062642519
   59.822228820   -0.257135328   -0.056941252
   59.850688492   -0.247412534   -0.051234519
   59.879148163   -0.236538179   -0.045527839
   59.907607834   -0.224551432   -0.039826675
   59.936067505   -0.211499656   -0.034136419
   59.964527176   -0.197438208   -0.028462373
   59.992986848   -0.182431097   -0.022809720
   60.021446519   -0.166552434   -0.017183498
   60.049906190   -0.149888150   -0.011588568
   60.078365861   -0.132537192   -0.006029598
   60.106825532   -0.114611362   -0.000511050
   60.135285203   -0.096233243    0.004962826
   60.163744875   -0.077532146    0.010388000
   60.192204546   -0.058638621    0.015760668
   60.220664217   -0.039678527    0.021077270
   60.249123888   -0.020767887    0.026334500
   60.277583559   -0.002009567    0.031529334
   60.306043231    0.016507674    0.036659043
   60.334502902    0.034707841    0.041721207
   60.362962573    0.052524807    0.046713725
   60.391422244    0.069898940    0.051634813
   60.419881915    0.086774363    0.056483005
   60.448341586    0.103097558    0.061257155
   60.476801258    0.118817466    0.065956440
   60.505260929    0.133886604    0.070580365
   60.533720600    0.148262321    0.075128775
   60.562180271    0.161907288    0.079601863
   60.590639942    0.174788653    0.084000172
   60.619099614    0.186875931    0.088324593
   60.647559285    0.198138352    0.092576356
   60.676018956    0.208542853    0.096757018
   60.704478627    0.218053958    0.100868446
   60.732938298    0.226636385    0.104912801
   60.761397969    0.234260465    0.108892528
   60.789857641    0.240909514    0.112810344
   60.818317312    0.246587614    0.116669219
   60.846776983    0.251325853    0.120472362
   60.875236654    0.255185329    0.124223192
   60.903696325    0.258255893    0.127925311
   60.932155996    0.260650634    0.131582469
   60.960615668    0.262497150    0.135198533
   60.989075339    0.263927378    0.138777466
   61.017535010    0.265068010    0.142323309
   61.045994681    0.266033238    0.145840179
   61.074454352    0.266920834    0.149332262
   61.102914024    0.267811611    0.152803822
   61.131373695    0.268771513    0.156259184
   61.159833366    0.269855046    0.159702724
   61.188293037    0.271108679    0.163138838
   61.216752708    0.272573233    0.166571908
   61.245212379    0.274284855    0.170006259
   61.273672051    0.276274773    0.173446119
   61.302131722    0.278568486    0.176895594
   61.330591393    0.281185079    0.180358632
   61.359051064    0.284137151    0.183839008
   61.387510735    0.287431359    0.187340300
   61.415970407    0.291069161    0.190865864
   61.444430078    0.295047077    0.194418809
   61.472889749    0.299355849    0.198001955
   61.501349420    0.303978265    0.201617805
   61.529809091    0.308886012    0.205268516
   61.558268762    0.314036457    0.208955877
   61.586728434    0.319370634    0.212681315
   61.615188105    0.324813634    0.216445909
   61.643647776    0.330278143    0.220250407
   61.672107447    0.335671108    0.224095253
   61.700567118    0.340902602    0.227980593
   61.729026790    0.345895294    0.231906264
   61.757486461    0.350592581    0.235871759
   61.785946132    0.354963646    0.239876164
   61.814405803    0.359004347    0.243918089
   61.842865474    0.362733813    0.247995591
   61.871325145    0.366187601    0.252106120
   61.899784817    0.369409025    0.256246475
   61.928244488    0.372440609    0.260412809
   61.956704159    0.375317397    0.264600651
   61.985163830    0.378063289    0.268804967
   62.013623501    0.380690664    0.273020226
   62.042083173    0.383202753    0.277240481
   62.070542844    0.385597602    0.281459448
   62.099002515    0.387872256    0.285670568
   62.127462186    0.390025980    0.289867071
   62.155921857    0.392061823    0.294042029
   62.184381528    0.393986460    0.298188405
   62.212841200    0.395808743    0.302299105
   62.241300871    0.397537757    0.306367039
   62.269760542    0.399181142    0.310385174
   62.298220213    0.400744220    0.314346593
   62.326679884    0.402230108    0.318244558
   62.355139556    0.403640583    0.322072556
   62.383599227    0.404977252    0.325824350
   62.412058898    0.406242537    0.329494026
   62.440518569    0.407440109    0.333076048
   62.468978240    0.408574692    0.336565314
   62.497437911    0.409651390    0.339957228
   62.525897583    0.410674857    0.343247771
   62.554357254    0.411648683    0.346433582
   62.582816925    0.412575198    0.349512011
   62.611276596    0.413455751    0.352481165
   62.639736267    0.414291305    0.355339914
   62.668195938    0.415083078    0.358087860
   62.696655610    0.415832968    0.360725288
   62.725115281    0.416543621    0.363253085
   62.753574952    0.417218131    0.365672658
   62.782034623    0.417859535    0.367985863
   62.810494294    0.418470323    0.370194939
   62.838953966    0.419052173    0.372302476
   62.867413637    0.419605996    0.374311387
   62.895873308    0.420132264    0.376224896
   62.924332979    0.420631466    0.378046528
   62.952792650    0.421104491    0.379780082
   62.981252321    0.421552797    0.381429611
   63.009711993    0.421978298    0.382999387
   63.038171664    0.422383042    0.384493877
   63.066631335    0.422768818    0.385917724
   63.095091006    0.423136874    0.387275752
   63.123550677    0.423487847    0.388572978
   63.152010349    0.423821934    0.389814622
   63.180470020    0.424139216    0.391006112
   63.208929691    0.424439999    0.392153047
   63.237389362    0.424725023    0.393261127
   63.265849033    0.424995460    0.394336030
   63.294308704    0.425252714    0.395383251
   63.322768376    0.425498112    0.396407931
   63.351228047    0.425732627    0.397414686
   63.379687718    0.425956743    0.398407465
   63.408147389    0.426170526    0.399389474
   63.436607060    0.426373851    0.400363144
   63.465066732    0.426566689    0.401330164
   63.493526403    0.426749338    0.402291558
   63.521986074    0.426922486    0.403247779
   63.550445745    0.427087104    0.404198808
   63.578905416    0.427244202    0.405144244
   63.607365087    0.427394579    0.406083364
   63.635824759    0.427538648    0.407015174
   63.664284430    0.427676436    0.407938440
   63.692744101    0.427807733    0.408851714
   63.721203772    0.427932334    0.409753365
   63.749663443    0.428050263    0.410641615
   63.778123115    0.428161887    0.411514574
   63.806582786    0.428267871    0.412370280
   63.835042457    0.428369002    0.413206735
   63.863502128    0.428465959    0.414021931
   63.891961799    0.428559128    0.414813879
   63.920421470    0.428648546    0.415580645
   63.948881142    0.428733988    0.416320393
   63.977340813    0.428815163    0.417031450
   64.005800484    0.428891927    0.417712396
   64.034260155    0.428964424    0.418362154
   64.062719826    0.429033093    0.418980089
   64.091179497    0.429098550    0.419566075
   64.119639169    0.429161382    0.420120534
   64.148098840    0.429221968    0.420644410
   64.176558511    0.429280377    0.421139101
   64.205018182    0.429336409    0.421606332
   64.233477853    0.429389746    0.422048009
   64.261937525    0.429440142    0.422466062
   64.290397196    0.429487586    0.422862309
   64.318856867    0.429532347    0.423238361
   64.347316538    0.429574902    0.423595580
   64.375776209    0.429615766    0.423935077
   64.404235880    0.429655315    0.424257758
   64.432695552    0.429693666    0.424564391
   64.461155223    0.429730664    0.424855667
   64.489614894    0.429766000    0.425132259
   64.518074565    0.429799378    0.425394849
   64.546534236    0.429830675    0.425644139
   64.574993908    0.429860031    0.425880836
   64.603453579    0.429887804    0.426105630
   64.631913250    0.429914448    0.426319172
   64.660372921    0.429940334    0.426522065
   64.688832592    0.429965625    0.426714853
   64.717292263    0.429990224    0.426898037
   64.745751935    0.430013852    0.427072085
   64.774211606    0.430036191    0.427237447
   64.802671277    0.430057047    0.427394562
   64.831130948    0.430076449    0.427543860
   64.859590619    0.430094658    0.427685759
   64.888050291    0.430112063    0.427820657
   64.916509962    0.430129030    0.427948925
   64.944969633    0.430145760    0.428070902
   64.973429304    0.430162218    0.428186899
   65.001888975    0.430178168    0.428297206
   65.030348646    0.430193295    0.428402097
   65.058808318    0.430207354    0.428501839
   65.087267989    0.430220292    0.428596694
   65.115727660    0.430232281    0.428686918
   65.144187331    0.430243650    0.428772759
   65.172647002    0.430254750    0.428854446
   65.201106674    0.430265816    0.428932193
   65.229566345    0.430276871    0.429006193
   65.258026016    0.430287733    0.429076626
   65.286485687    0.430298104    0.429143659
   65.314945358    0.430307712    0.429207453
   65.343405029    0.430316439    0.429268168
   65.371864701    0.430324377    0.429325963
   65.400324372    0.430331794    0.429380992
   65.428784043    0.430339022    0.429433401
   65.457243714    0.430346319    0.429483325
   65.485703385    0.430353763    0.429530886
   65.514163056    0.430361226    0.429576195
   65.542622728    0.430368442    0.429619353
   65.571082399    0.430375126    0.429660460
   65.599542070    0.430381109    0.429699611
   65.628001741    0.430386414    0.429736906
   65.656461412    0.430391248    0.429772440
   65.684921084    0.430395915    0.429806309
   65.713380755    0.430400689    0.429838599
   65.741840426    0.430405693    0.429869388
   65.770300097    0.430410857    0.429898745
   65.798759768    0.430415952    0.429926733
   65.827219439    0.430420696    0.429953411
   65.855679111    0.430424883    0.429978838
   65.884138782    0.430428474    0.430003074
   65.912598453    0.430431618    0.430026181
   65.941058124    0.430434586    0.430048219
   65.969517795    0.430437655    0.430069247
   65.997977467    0.430440989    0.430089316
   66.026437138    0.430444573    0.430108468
   66.054896809    0.430448221    0.430126744
   66.083356480    0.430451664    0.430144178
   66.111816151    0.430454672    0.430160806
   66.140275822    0.430457154    0.430176663
   66.168735494    0.430459201    0.430191791
   66.197195165    0.430461047    0.430206228
   66.225654836    0.430462963    0.430220013
   66.254114507    0.430465146    0.430233181
   66.282574178    0.430467630    0.430245760
   66.311033850    0.430470276    0.430257776
   66.339493521    0.430472838    0.430269247
   66.367953192    0.430475072    0.430280195
   66.396412863    0.430476844    0.430290641
   66.424872534    0.430478190    0.430300611
   66.453332205    0.430479301    0.430310130
   66.481791877    0.430480438    0.430319226
   66.510251548    0.430481818    0.430327923
   66.538711219    0.430483521    0.430336239
   66.567170890    0.430485457    0.430344191
   66.595630561    0.430487408    0.430351790
   66.624090233    0.430489127    0.430359047
   66.652549904    0.430490446    0.430365974
   66.681009575    0.430491352    0.430372588
   66.709469246    0.430491990    0.430378905
   66.737928917    0.430492600    0.430384945
   66.766388588    0.430493415    0.430390724
   66.794848260    0.430494552    0.430396257
   66.823307931    0.430495970    0.430401554
   66.851767602    0.430497486    0.430406621
   66.880227273    0.430498858    0.430411464
   66.908686944    0.430499894    0.430416089
   66.937146615    0.430500534    0.430420506
   66.965606287    0.430500877    0.430424725
   66.994065958    0.430501139    0.430428761
   67.022525629    0.430501555    0.430432626
   67.050985300    0.430502277    0.430436331
   67.079444971    0.430503308    0.430439882
   67.107904643    0.430504505    0.430443285
   67.136364314    0.430505639    0.430446539
   67.164823985    0.430506500    0.430449649
   67.193283656    0.430506989    0.430452619
   67.221743327    0.430507161    0.430455456
   67.250202998    0.430507199    0.430458170
   67.278662670    0.430507335    0.430460770
   67.307122341    0.430507746    0.430463267
   67.335582012    0.430508479    0.430465664
   67.364041683    0.430509429    0.430467964
   67.392501354    0.430510389    0.430470167
   67.420961026    0.430511140    0.430472273
   67.449420697    0.430511550    0.430474283
   67.477880368    0.430511628    0.430476204
   67.506340039    0.430511523    0.430478040
   67.534799710    0.430511456    0.430479801
   67.563259381    0.430511624    0.430481493
   67.591719053    0.430512111    0.430483121
   67.620178724    0.430512855    0.430484687
   67.648638395    0.430513677    0.430486189
   67.677098066    0.430514358    0.430487626
   67.705557737    0.430514738    0.430488998
   67.734017409    0.430514784    0.430490307
   67.762477080    0.430514608    0.430491558
   67.790936751    0.430514412    0.430492758
   67.819396422    0.430514401    0.430493912
   67.847856093    0.430514695    0.430495025
   67.876315764    0.430515273    0.430496098
   67.904775436    0.430515986    0.430497130
   67.933235107    0.430516622    0.430498119
   67.961694778    0.430517001    0.430499062
   67.990154449    0.430517055    0.430499961
   68.018614120    0.430516854    0.430500820
   68.047073792    0.430516578    0.430501642
   68.075533463    0.430516434    0.430502434
   68.103993134    0.430516569    0.430503200
   68.132452805    0.430517001    0.430503940
   68.160912476    0.430517616    0.430504655
   68.189372147    0.430518217    0.430505341
   68.217831819    0.430518611    0.430505995
   68.246291490    0.430518696    0.430506618
   68.274751161    0.430518503    0.430507211
   68.303210832    0.430518184    0.430507778
   68.331670503    0.430517943    0.430508325
   68.360130174    0.430517945    0.430508854
   68.388589846    0.430518247    0.430509369
   68.417049517    0.430518771    0.430509867
   68.445509188    0.430519339    0.430510347
   68.473968859    0.430519753    0.430510806
   68.502428530    0.430519884    0.430511241
   68.530888202    0.430519723    0.430511654
   68.559347873    0.430519392    0.430512048
   68.587807544    0.430519083    0.430512427
   68.616267215    0.430518976    0.430512795
   68.644726886    0.430519161    0.430513155
   68.673186557    0.430519595    0.430513506
   68.701646229    0.430520127    0.430513845
   68.730105900    0.430520561    0.430514169
   68.758565571    0.430520744    0.430514477
   68.787025242    0.430520632    0.430514767
   68.815484913    0.430520313    0.430515042
   68.843944585    0.430519962    0.430515307
   68.872404256    0.430519766    0.430515564
   68.900863927    0.430519844    0.430515817
   68.929323598    0.430520189    0.430516066
   68.957783269    0.430520680    0.430516307
   68.986242940    0.430521127    0.430516539
   69.014702612    0.430521362    0.430516759
   69.043162283    0.430521311    0.430516965
   69.071621954    0.430521022    0.430517159
   69.100081625    0.430520651    0.430517345
   69.128541296    0.430520385    0.430517525
   69.157000968    0.430520366    0.430517704
   69.185460639    0.430520624    0.430517881
   69.213920310    0.430521066    0.430518055
   69.242379981    0.430521518    0.430518223
   69.270839652    0.430521803    0.430518382
   69.299299323    0.430521816    0.430518530
   69.327758995    0.430521573    0.430518668
   69.356218666    0.430521201    0.430518799
   69.384678337    0.430520884    0.430518926
   69.413138008    0.430520779    0.430519052
   69.441597679    0.430520949    0.430519179
   69.470057351    0.430521336    0.430519305
   69.498517022    0.430521783    0.430519428
   69.526976693    0.430522111    0.430519545
   69.555436364    0.430522190    0.430519653
   69.583896035    0.430522003    0.430519752
   69.612355706    0.430521648    0.430519845
   69.640815378    0.430521296    0.430519934
   69.669275049    0.430521117    0.430520024
   69.697734720    0.430521202    0.430520115
   69.726194391    0.430521526    0.430520208
   69.754654062    0.430521958    0.430520299
   69.783113733    0.430522319    0.430520386
   69.811573405    0.430522463    0.430520466
   69.840033076    0.430522339    0.430520538
   69.868492747    0.430522014    0.430520604
   69.896952418    0.430521644    0.430520668
   69.925412089    0.430521403    0.430520731
   69.953871761    0.430521406    0.430520797
   69.982331432    0.430521663    0.430520865
   70.010791103    0.430522068    0.430520933
   70.039250774    0.430522452    0.430520999
   70.067710445    0.430522656    0.430521060
   70.096170116    0.430522599    0.430521114
   70.124629788    0.430522318    0.430521162
   70.153089459    0.430521944    0.430521207
   70.181549130    0.430521653    0.430521252
   70.210008801    0.430521581    0.430521299
   70.238468472    0.430521766    0.430521350
   70.266928144    0.430522134    0.430521402
   70.295387815    0.430522530    0.430521453
   70.323847486    0.430522787    0.430521500
   70.352307157    0.430522799    0.430521542
   70.380766828    0.430522569    0.430521577
   70.409226499    0.430522208    0.430521609
   70.437686171    0.430521880    0.430521641
   70.466145842    0.430521739    0.430521675
   70.494605513    0.430521851    0.430521713
   70.523065184    0.430522173    0.430521753
   70.551524855    0.430522568    0.430521793
   70.579984527    0.430522868    0.430521831
   70.608444198    0.430522947    0.430521863
   70.636903869    0.430522777    0.430521890
   70.665363540    0.430522440    0.430521914
   70.693823211    0.430522090    0.430521936
   70.722282882    0.430521888    0.430521960
   70.750742554    0.430521927    0.430521988
   70.779202225    0.430522195    0.430522019
   70.807661896    0.430522577    0.430522052
   70.836121567    0.430522911    0.430522082
   70.864581238    0.430523053    0.430522109
   70.893040910    0.430522948    0.430522130
   70.921500581    0.430522646    0.430522147
   70.949960252    0.430522287    0.430522163
   70.978419923    0.430522034    0.430522180
   71.006879594    0.430522002    0.430522200
   71.035339265    0.430522209    0.430522224
   71.063798937    0.430522568    0.430522251
   71.092258608    0.430522924    0.430522276
   71.120718279    0.430523124    0.430522298
   71.149177950    0.430523084    0.430522316
   71.177637621    0.430522828    0.430522329
   71.206097292    0.430522472    0.430522340
   71.234556964    0.430522179    0.430522351
   71.263016635    0.430522080    0.430522366
   71.291476306    0.430522224    0.430522385
   71.319935977    0.430522548    0.430522407
   71.348395648    0.430522914    0.430522428
   71.376855320    0.430523163    0.430522448
   71.405314991    0.430523189    0.430522462
   71.433774662    0.430522986    0.430522473
   71.462234333    0.430522646    0.430522481
   71.490694004    0.430522324    0.430522488
   71.519153675    0.430522165    0.430522499
   71.547613347    0.430522241    0.430522513
   71.576073018    0.430522522    0.430522531
   71.604532689    0.430522886    0.430522550
   71.632992360    0.430523175    0.430522567
   71.661452031    0.430523266    0.430522580
   71.689911703    0.430523121    0.430522589
   71.718371374    0.430522809    0.430522595
   71.746831045    0.430522470    0.430522600
   71.775290716    0.430522258    0.430522607
   71.803750387    0.430522268    0.430522618
   71.832210058    0.430522498    0.430522632
   71.860669730    0.430522848    0.430522649
   71.889129401    0.430523167    0.430522664
   71.917589072    0.430523317    0.430522676
   71.946048743    0.430523234    0.430522684
   71.974508414    0.430522959    0.430522689
   72.002968086    0.430522617    0.430522692
   72.031427757    0.430522360    0.430522696
   72.059887428    0.430522305    0.430522704
   72.088347099    0.430522478    0.430522716
   72.116806770    0.430522804    0.430522730
   72.145266441    0.430523142    0.430522745
   72.173726113    0.430523345    0.430522756
   72.202185784    0.430523326    0.430522764
   72.230645455    0.430523096    0.430522768
   72.259105126    0.430522761    0.430522769
   72.287564797    0.430522471    0.430522772
   72.316024469    0.430522355    0.430522777
   72.344484140    0.430522467    0.430522787
   72.372943811    0.430522759    0.430522800
   72.401403482    0.430523104    0.430522813
   72.429863153    0.430523352    0.430522824
   72.458322824    0.430523395    0.430522832
   72.486782496    0.430523219    0.430522835
   72.515242167    0.430522902    0.430522836
   72.543701838    0.430522589    0.430522837
   72.572161509    0.430522418    0.430522841
   72.600621180    0.430522468    0.430522848
   72.629080852    0.430522717    0.430522859
   72.657540523    0.430523058    0.430522872
   72.686000194    0.430523341    0.430522883
   72.714459865    0.430523445    0.430522890
   72.742919536    0.430523325    0.430522894
   72.771379207    0.430523038    0.430522895
   72.799838879    0.430522712    0.430522895
   72.828298550    0.430522494    0.430522897
   72.856758221    0.430522481    0.430522902
   72.885217892    0.430522681    0.430522912
   72.913677563    0.430523006    0.430522923
   72.942137234    0.430523315    0.430522934
   72.970596906    0.430523474    0.430522942
   72.999056577    0.430523414    0.430522946
   73.027516248    0.430523165    0.430522947
   73.055975919    0.430522838    0.430522946
   73.084435590    0.430522581    0.430522947
   73.112895262    0.430522508    0.430522951
   73.141354933    0.430522653    0.430522959
   73.169814604    0.430522953    0.430522969
   73.198274275    0.430523277    0.430522980
   73.226733946    0.430523484    0.430522988
   73.255193617    0.430523485    0.430522993
   73.283653289    0.430523282    0.430522994
   73.312112960    0.430522966    0.430522993
   73.340572631    0.430522679    0.430522993
   73.369032302    0.430522550    0.430522995
   73.397491973    0.430522637    0.430523001
   73.425951645    0.430522902    0.430523011
   73.454411316    0.430523230    0.430523021
   73.482870987    0.430523478    0.430523030
   73.511330658    0.430523538    0.430523035
   73.539790329    0.430523386    0.430523037
   73.568250000    0.430523091    0.430523036
   73.596709672    0.430522786    0.430523035
   73.625169343    0.430522606    0.430523036
   73.653629014    0.430522633    0.430523041
   73.682088685    0.430522856    0.430523049
   73.710548356    0.430523177    0.430523059
   73.739008028    0.430523457    0.430523068
   73.767467699    0.430523573    0.430523074
   73.795927370    0.430523477    0.430523076
   73.824387041    0.430523212    0.430523075
   73.852846712    0.430522898    0.430523074
   73.881306383    0.430522675    0.430523074
   73.909766055    0.430522643    0.430523077
   73.938225726    0.430522817    0.430523084
   73.966685397    0.430523122    0.430523094
   73.995145068    0.430523423    0.430523103
   74.023604739    0.430523590    0.430523110
   74.052064411    0.430523552    0.430523113
   74.080524082    0.430523326    0.430523112
   74.108983753    0.430523015    0.430523111
   74.137443424    0.430522757    0.430523110
   74.165903095    0.430522668    0.430523112
   74.194362766    0.430522789    0.430523118
   74.222822438    0.430523066    0.430523127
   74.251282109    0.430523379    0.430523136
   74.279741780    0.430523591    0.430523143
   74.308201451    0.430523610    0.430523147
   74.336661122    0.430523430    0.430523147
   74.365120793    0.430523132    0.430523145
   74.393580465    0.430522849    0.430523144
   74.422040136    0.430522708    0.430523145
   74.450499807    0.430522772    0.430523150
   74.478959478    0.430523014    0.430523158
   74.507419149    0.430523328    0.430523167
   74.535878821    0.430523577    0.430523174
   74.564338492    0.430523652    0.430523179
   74.592798163    0.430523523    0.430523180
   74.621257834    0.430523248    0.430523178
   74.649717505    0.430522950    0.430523177
   74.678177176    0.430522762    0.430523177
   74.706636848    0.430522769    0.430523180
   74.735096519    0.430522968    0.430523187
   74.763556190    0.430523273    0.430523196
   74.792015861    0.430523550    0.430523204
   74.820475532    0.430523678    0.430523209
   74.848935204    0.430523602    0.430523211
   74.877394875    0.430523359    0.430523210
   74.905854546    0.430523056    0.430523208
   74.934314217    0.430522829    0.430523207
   74.962773888    0.430522780    0.430523209
   74.991233559    0.430522930    0.430523215
   75.019693231    0.430523216    0.430523224
   75.048152902    0.430523511    0.430523232
   75.076612573    0.430523687    0.430523238
   75.105072244    0.430523667    0.430523241
   75.133531915    0.430523463    0.430523240
   75.161991587    0.430523165    0.430523238
   75.190451258    0.430522908    0.430523236
   75.218910929    0.430522805    0.430523238
   75.247370600    0.430522903    0.430523243
   75.275830271    0.430523160    0.430523250
   75.304289942    0.430523464    0.430523258
   75.332749614    0.430523680    0.430523265
   75.361209285    0.430523717    0.430523269
   75.389668956    0.430523558    0.430523269
   75.418128627    0.430523276    0.430523267
   75.446588298    0.430522996    0.430523265
   75.475047970    0.430522844    0.430523265
   75.503507641    0.430522888    0.430523269
   75.531967312    0.430523109    0.430523276
   75.560426983    0.430523410    0.430523284
   75.588886654    0.430523660    0.430523291
   75.617346325    0.430523750    0.430523296
   75.645805997    0.430523641    0.430523296
   75.674265668    0.430523384    0.430523295
   75.702725339    0.430523092    0.430523292
   75.731185010    0.430522898    0.430523292
   75.759644681    0.430522886    0.430523294
   75.788104352    0.430523064    0.430523300
   75.816564024    0.430523353    0.430523308
   75.845023695    0.430523628    0.430523316
   75.873483366    0.430523767    0.430523321
   75.901943037    0.430523711    0.430523323
   75.930402708    0.430523487    0.430523321
   75.958862380    0.430523194    0.430523319
   75.987322051    0.430522963    0.430523318
   76.015781722    0.430522898    0.430523319
   76.044241393    0.430523028    0.430523324
   76.072701064    0.430523296    0.430523332
   76.101160735    0.430523585    0.430523340
   76.129620407    0.430523769    0.430523345
   76.158080078    0.430523768    0.430523348
   76.186539749    0.430523583    0.430523347
   76.214999420    0.430523298    0.430523345
   76.243459091    0.430523040    0.430523343
   76.271918763    0.430522924    0.430523344
   76.300378434    0.430523002    0.430523348
   76.328838105    0.430523241    0.430523354
   76.357297776    0.430523535    0.430523362
   76.385757447    0.430523756    0.430523369
   76.414217118    0.430523808    0.430523372
   76.442676790    0.430523669    0.430523372
   76.471136461    0.430523402    0.430523370
   76.499596132    0.430523126    0.430523368
   76.528055803    0.430522964    0.430523367
   76.556515474    0.430522989    0.430523370
   76.584975146    0.430523190    0.430523376
   76.613434817    0.430523480    0.430523384
   76.641894488    0.430523731    0.430523391
   76.670354159    0.430523834    0.430523395
   76.698813830    0.430523745    0.430523396
   76.727273501    0.430523504    0.430523394
   76.755733173    0.430523219    0.430523391
   76.784192844    0.430523017    0.430523390
   76.812652515    0.430522989    0.430523392
   76.841112186    0.430523146    0.430523398
   76.869571857    0.430523422    0.430523405
   76.898031529    0.430523694    0.430523412
   76.926491200    0.430523844    0.430523417
   76.954950871    0.430523807    0.430523419
   76.983410542    0.430523600    0.430523417
   77.011870213    0.430523316    0.430523415
   77.040329884    0.430523082    0.430523413
   77.068789556    0.430523002    0.430523414
   77.097249227    0.430523112    0.430523418
   77.125708898    0.430523364    0.430523425
   77.154168569    0.430523648    0.430523432
   77.182628240    0.430523840    0.430523438
   77.211087911    0.430523855    0.430523440
   77.239547583    0.430523689    0.430523440
   77.268007254    0.430523416    0.430523437
   77.296466925    0.430523158    0.430523435
   77.324926596    0.430523029    0.430523435
   77.353386267    0.430523088    0.430523438
   77.381845939    0.430523309    0.430523444
   77.410305610    0.430523595    0.430523452
   77.438765281    0.430523821    0.430523458
   77.467224952    0.430523888    0.430523461
   77.495684623    0.430523768    0.430523461
   77.524144294    0.430523515    0.430523459
   77.552603966    0.430523241    0.430523456
   77.581063637    0.430523070    0.430523456
   77.609523308    0.430523077    0.430523458
   77.637982979    0.430523260    0.430523463
   77.666442650    0.430523538    0.430523470
   77.694902322    0.430523791    0.430523477
   77.723361993    0.430523907    0.430523481
   77.751821664    0.430523835    0.430523482
   77.780281335    0.430523610    0.430523480
   77.808741006    0.430523331    0.430523477
   77.837200677    0.430523123    0.430523476
   77.865660349    0.430523078    0.430523477
   77.894120020    0.430523217    0.430523481
   77.922579691    0.430523480    0.430523488
   77.951039362    0.430523750    0.430523495
   77.979499033    0.430523910    0.430523500
   78.007958705    0.430523890    0.430523501
   78.036418376    0.430523700    0.430523500
   78.064878047    0.430523425    0.430523497
   78.093337718    0.430523188    0.430523495
   78.121797389    0.430523093    0.430523496
   78.150257060    0.430523184    0.430523499
   78.178716732    0.430523422    0.430523505
   78.207176403    0.430523701    0.430523512
   78.235636074    0.430523899    0.430523518
   78.264095745    0.430523931    0.430523520
   78.292555416    0.430523782    0.430523520
   78.321015088    0.430523520    0.430523517
   78.349474759    0.430523262    0.430523514
   78.377934430    0.430523122    0.430523514
   78.406394101    0.430523163    0.430523516
   78.434853772    0.430523367    0.430523522
   78.463313443    0.430523646    0.430523529
   78.491773115    0.430523876    0.430523535
   78.520232786    0.430523957    0.430523538
   78.548692457    0.430523854    0.430523538
   78.577152128    0.430523614    0.430523536
   78.605611799    0.430523343    0.430523533
   78.634071470    0.430523163    0.430523532
   78.662531142    0.430523153    0.430523533
   78.690990813    0.430523318    0.430523538
   78.719450484    0.430523587    0.430523545
   78.747910155    0.430523840    0.430523551
   78.776369826    0.430523968    0.430523555
   78.804829498    0.430523914    0.430523556
   78.833289169    0.430523704    0.430523554
   78.861748840    0.430523431    0.430523551
   78.890208511    0.430523216    0.430523549
   78.918668182    0.430523156    0.430523550
   78.947127853    0.430523277    0.430523554
   78.975587525    0.430523527    0.430523560
   79.004047196    0.430523796    0.430523566
   79.032506867    0.430523965    0.430523571
   79.060966538    0.430523962    0.430523573
   79.089426209    0.430523788    0.430523571
   79.117885881    0.430523521    0.430523568
   79.146345552    0.430523280    0.430523566
   79.174805223    0.430523173    0.430523566
   79.203264894    0.430523246    0.430523569
   79.231724565    0.430523469    0.430523574
   79.260184236    0.430523743    0.430523581
   79.288643908    0.430523949    0.430523586
   79.317103579    0.430523995    0.430523588
   79.345563250    0.430523863    0.430523588
   79.374022921    0.430523612    0.430523585
   79.402482592    0.430523353    0.430523582
   79.430942264    0.430523202    0.430523581
   79.459401935    0.430523226    0.430523583
   79.487861606    0.430523415    0.430523588
   79.516321277    0.430523686    0.430523595
   79.544780948    0.430523920    0.430523600
   79.573240619    0.430524014    0.430523603
   79.601700291    0.430523928    0.430523604
   79.630159962    0.430523701    0.430523601
   79.658619633    0.430523433    0.430523598
   79.687079304    0.430523244    0.430523596
   79.715538975    0.430523218    0.430523597
   79.743998647    0.430523367    0.430523602
   79.772458318    0.430523625    0.430523608
   79.800917989    0.430523880    0.430523614
   79.829377660    0.430524019    0.430523618
   79.857837331    0.430523982    0.430523618
   79.886297002    0.430523786    0.430523617
   79.914756674    0.430523518    0.430523613
   79.943216345    0.430523298    0.430523611
   79.971676016    0.430523223    0.430523611
   80.000135687    0.430523327    0.430523615
   80.028595358    0.430523564    0.430523620
   80.057055029    0.430523831    0.430523626
   80.085514701    0.430524010    0.430523631
   80.113974372    0.430524022    0.430523633
   80.142434043    0.430523864    0.430523631
   80.170893714    0.430523605    0.430523628
   80.199353385    0.430523361    0.430523625
   80.227813057    0.430523241    0.430523625
   80.256272728    0.430523297    0.430523627
   80.284732399    0.430523506    0.430523632
   80.313192070    0.430523776    0.430523638
   80.341651741    0.430523988    0.430523643
   80.370111412    0.430524049    0.430523646
   80.398571084    0.430523933    0.430523645
   80.427030755    0.430523692    0.430523642
   80.455490426    0.430523433    0.430523639
   80.483950097    0.430523271    0.430523638
   80.512409768    0.430523278    0.430523639
   80.540869440    0.430523452    0.430523644
   80.569329111    0.430523716    0.430523649
   80.597788782    0.430523954    0.430523655
   80.626248453    0.430524061    0.430523658
   80.654708124    0.430523992    0.430523658
   80.683167795    0.430523776    0.430523656
   80.711627467    0.430523511    0.430523652
   80.740087138    0.430523314    0.430523650
   80.768546809    0.430523272    0.430523651
   80.797006480    0.430523405    0.430523654
   80.825466151    0.430523654    0.430523660
   80.853925823    0.430523909    0.430523666
   80.882385494    0.430524059    0.430523670
   80.910845165    0.430524038    0.430523670
   80.939304836    0.430523856    0.430523668
   80.967764507    0.430523594    0.430523665
   80.996224178    0.430523368    0.430523662
   81.024683850    0.430523279    0.430523662
   81.053143521    0.430523366    0.430523665
   81.081603192    0.430523592    0.430523670
   81.110062863    0.430523857    0.430523676
   81.138522534    0.430524044    0.430523680
   81.166982206    0.430524072    0.430523682
   81.195441877    0.430523928    0.430523680
   81.223901548    0.430523678    0.430523677
   81.252361219    0.430523431    0.430523674
   81.280820890    0.430523298    0.430523673
   81.309280561    0.430523338    0.430523675
   81.337740233    0.430523533    0.430523679
   81.366199904    0.430523798    0.430523685
   81.394659575    0.430524017    0.430523690
   81.423119246    0.430524092    0.430523692
   81.451578917    0.430523992    0.430523692
   81.480038588    0.430523761    0.430523689
   81.508498260    0.430523502    0.430523685
   81.536957931    0.430523330    0.430523683
   81.565417602    0.430523321    0.430523684
   81.593877273    0.430523479    0.430523688
   81.622336944    0.430523736    0.430523694
   81.650796616    0.430523978    0.430523699
   81.679256287    0.430524098    0.430523702
   81.707715958    0.430524044    0.430523702
   81.736175629    0.430523841    0.430523700
   81.764635300    0.430523578    0.430523696
   81.793094971    0.430523373    0.430523694
   81.821554643    0.430523316    0.430523694
   81.850014314    0.430523433    0.430523697
   81.878473985    0.430523672    0.430523702
   81.906933656    0.430523929    0.430523707
   81.935393327    0.430524090    0.430523711
   81.963852999    0.430524084    0.430523712
   81.992312670    0.430523915    0.430523710
   82.020772341    0.430523658    0.430523706
   82.049232012    0.430523427    0.430523703
   82.077691683    0.430523324    0.430523702
   82.106151354    0.430523395    0.430523705
   82.134611026    0.430523610    0.430523709
   82.163070697    0.430523873    0.430523715
   82.191530368    0.430524069    0.430523719
   82.219990039    0.430524111    0.430523721
   82.248449710    0.430523982    0.430523719
   82.276909382    0.430523739    0.430523716
   82.305369053    0.430523490    0.430523713
   82.333828724    0.430523345    0.430523711
   82.362288395    0.430523368    0.430523712
   82.390748066    0.430523551    0.430523716
   82.419207737    0.430523811    0.430523722
   82.447667409    0.430524035    0.430523726
   82.476127080    0.430524125    0.430523729
   82.504586751    0.430524040    0.430523728
   82.533046422    0.430523819    0.430523725
   82.561506093    0.430523560    0.430523721
   82.589965765    0.430523378    0.430523719
   82.618425436    0.430523353    0.430523719
   82.646885107    0.430523497    0.430523723
   82.675344778    0.430523747    0.430523728
   82.703804449    0.430523992    0.430523733
   82.732264120    0.430524124    0.430523736
   82.760723792    0.430524086    0.430523736
   82.789183463    0.430523895    0.430523733
   82.817643134    0.430523635    0.430523730
   82.846102805    0.430523422    0.430523727
   82.874562476    0.430523350    0.430523726
   82.903022148    0.430523451    0.430523729
   82.931481819    0.430523681    0.430523733
   82.959941490    0.430523939    0.430523739
   82.988401161    0.430524110    0.430523742
   83.016860832    0.430524120    0.430523743
   83.045320503    0.430523964    0.430523741
   83.073780175    0.430523713    0.430523737
   83.102239846    0.430523476    0.430523734
   83.130699517    0.430523360    0.430523733
   83.159159188    0.430523415    0.430523734
   83.187618859    0.430523618    0.430523738
   83.216078530    0.430523879    0.430523744
   83.244538202    0.430524083    0.430523748
   83.272997873    0.430524140    0.430523749
   83.301457544    0.430524026    0.430523748
   83.329917215    0.430523791    0.430523745
   83.358376886    0.430523539    0.430523741
   83.386836558    0.430523382    0.430523739
   83.415296229    0.430523389    0.430523739
   83.443755900    0.430523558    0.430523743
   83.472215571    0.430523814    0.430523748
   83.500675242    0.430524045    0.430523753
   83.529134913    0.430524147    0.430523755
   83.557594585    0.430524078    0.430523754
   83.586054256    0.430523866    0.430523751
   83.614513927    0.430523608    0.430523747
   83.642973598    0.430523416    0.430523744
   83.671433269    0.430523375    0.430523744
   83.699892941    0.430523505    0.430523747
   83.728352612    0.430523748    0.430523752
   83.756812283    0.430523996    0.430523757
   83.785271954    0.430524140    0.430523760
   83.813731625    0.430524118    0.430523760
   83.842191296    0.430523938    0.430523757
   83.870650968    0.430523681    0.430523753
   83.899110639    0.430523460    0.430523750
   83.927570310    0.430523374    0.430523749
   83.956029981    0.430523460    0.430523751
   83.984489652    0.430523681    0.430523755
   84.012949324    0.430523939    0.430523760
   84.041408995    0.430524120    0.430523763
   84.069868666    0.430524145    0.430523764
   84.098328337    0.430524003    0.430523762
   84.126788008    0.430523756    0.430523758
   84.155247679    0.430523515    0.430523755
   84.183707351    0.430523385    0.430523753
   84.212167022    0.430523425    0.430523754
   84.240626693    0.430523616    0.430523757
   84.269086364    0.430523875    0.430523762
   84.297546035    0.430524087    0.430523766
   84.326005707    0.430524159    0.430523768
   84.354465378    0.430524059    0.430523767
   84.382925049    0.430523831    0.430523763
   84.411384720    0.430523577    0.430523759
   84.439844391    0.430523408    0.430523756
   84.468304062    0.430523400    0.430523757
   84.496763734    0.430523556    0.430523760
   84.525223405    0.430523808    0.430523764
   84.553683076    0.430524044    0.430523769
   84.582142747    0.430524160    0.430523771
   84.610602418    0.430524105    0.430523770
   84.639062089    0.430523904    0.430523767
   84.667521761    0.430523645    0.430523763
   84.695981432    0.430523443    0.430523760
   84.724441103    0.430523388    0.430523759
   84.752900774    0.430523503    0.430523761
   84.781360445    0.430523739    0.430523766
   84.809820117    0.430523990    0.430523770
   84.838279788    0.430524147    0.430523773
   84.866739459    0.430524139    0.430523773
   84.895199130    0.430523971    0.430523771
   84.923658801    0.430523717    0.430523766
   84.952118472    0.430523489    0.430523763
   84.980578144    0.430523388    0.430523761
   85.009037815    0.430523459    0.430523763
   85.037497486    0.430523670    0.430523766
   85.065957157    0.430523929    0.430523771
   85.094416828    0.430524120    0.430523775
   85.122876500    0.430524160    0.430523775
   85.151336171    0.430524031    0.430523773
   85.179795842    0.430523790    0.430523769
   85.208255513    0.430523544    0.430523765
   85.236715184    0.430523401    0.430523763
   85.265174855    0.430523425    0.430523763
   85.293634527    0.430523605    0.430523767
   85.322094198    0.430523862    0.430523771
   85.350553869    0.430524082    0.430523775
