[b9g12p0056][[37985,1],6][btl_tcp_proc.c:266:mca_btl_tcp_proc_create_interface_graph] Unable to find reachable pairing between local and remote interfaces
[b9g12p0056][[37985,1],15][btl_tcp_proc.c:266:mca_btl_tcp_proc_create_interface_graph] Unable to find reachable pairing between local and remote interfaces
[b9g12p0056][[37985,1],6][btl_tcp_proc.c:266:mca_btl_tcp_proc_create_interface_graph] Unable to find reachable pairing between local and remote interfaces
[b9g12p0056][[37985,1],15][btl_tcp_proc.c:266:mca_btl_tcp_proc_create_interface_graph] Unable to find reachable pairing between local and remote interfaces
[b9g12p0056][[37985,1],6][btl_tcp_proc.c:266:mca_btl_tcp_proc_create_interface_graph] Unable to find reachable pairing between local and remote interfaces
[b9g12p0056][[37985,1],15][btl_tcp_proc.c:266:mca_btl_tcp_proc_create_interface_graph] Unable to find reachable pairing between local and remote interfaces
[b9g12p0056][[37985,1],6][btl_tcp_proc.c:266:mca_btl_tcp_proc_create_interface_graph] Unable to find reachable pairing between local and remote interfaces
[b9g12p0056][[37985,1],6][btl_tcp_proc.c:266:mca_btl_tcp_proc_create_interface_graph] Unable to find reachable pairing between local and remote interfaces
[b9g12p0056][[37985,1],15][btl_tcp_proc.c:266:mca_btl_tcp_proc_create_interface_graph] Unable to find reachable pairing between local and remote interfaces
[b9g12p0056][[37985,1],8][btl_tcp_proc.c:266:mca_btl_tcp_proc_create_interface_graph] Unable to find reachable pairing between local and remote interfaces
[b9g12p0056][[37985,1],0][btl_tcp_proc.c:266:mca_btl_tcp_proc_create_interface_graph] Unable to find reachable pairing between local and remote interfaces
[b9g12p0056][[37985,1],4][btl_tcp_proc.c:266:mca_btl_tcp_proc_create_interface_graph] Unable to find reachable pairing between local and remote interfaces
[b9g12p0056][[37985,1],7][btl_tcp_proc.c:266:mca_btl_tcp_proc_create_interface_graph] Unable to find reachable pairing between local and remote interfaces
[b9g12p0056][[37985,1],6][btl_tcp_proc.c:266:mca_btl_tcp_proc_create_interface_graph] Unable to find reachable pairing between local and remote interfaces
[b9g12p0056][[37985,1],11][btl_tcp_proc.c:266:mca_btl_tcp_proc_create_interface_graph] Unable to find reachable pairing between local and remote interfaces
[b9g12p0056][[37985,1],15][btl_tcp_proc.c:266:mca_btl_tcp_proc_create_interface_graph] Unable to find reachable pairing between local and remote interfaces
[b9g12p0056][[37985,1],27][btl_tcp_proc.c:266:mca_btl_tcp_proc_create_interface_graph] Unable to find reachable pairing between local and remote interfaces
[b9g12p0056][[37985,1],4][btl_tcp_proc.c:266:mca_btl_tcp_proc_create_interface_graph] Unable to find reachable pairing between local and remote interfaces
[b9g12p0056][[37985,1],8][btl_tcp_proc.c:266:mca_btl_tcp_proc_create_interface_graph] Unable to find reachable pairing between local and remote interfaces
[b9g12p0056][[37985,1],31][btl_tcp_proc.c:266:mca_btl_tcp_proc_create_interface_graph] Unable to find reachable pairing between local and remote interfaces
[b9g12p0056][[37985,1],6][btl_tcp_proc.c:266:mca_btl_tcp_proc_create_interface_graph] Unable to find reachable pairing between local and remote interfaces
[b9g12p0056][[37985,1],7][btl_tcp_proc.c:266:mca_btl_tcp_proc_create_interface_graph] Unable to find reachable pairing between local and remote interfaces
[b9g12p0056][[37985,1],11][btl_tcp_proc.c:266:mca_btl_tcp_proc_create_interface_graph] Unable to find reachable pairing between local and remote interfaces
[b9g12p0056][[37985,1],15][btl_tcp_proc.c:266:mca_btl_tcp_proc_create_interface_graph] Unable to find reachable pairing between local and remote interfaces
[b9g12p0056][[37985,1],4][btl_tcp_proc.c:266:mca_btl_tcp_proc_create_interface_graph] Unable to find reachable pairing between local and remote interfaces
[b9g12p0056][[37985,1],0][btl_tcp_proc.c:266:mca_btl_tcp_proc_create_interface_graph] Unable to find reachable pairing between local and remote interfaces
[b9g12p0056][[37985,1],31][btl_tcp_proc.c:266:mca_btl_tcp_proc_create_interface_graph] Unable to find reachable pairing between local and remote interfaces
[b9g12p0056][[37985,1],8][btl_tcp_proc.c:266:mca_btl_tcp_proc_create_interface_graph] Unable to find reachable pairing between local and remote interfaces
[b9g12p0056][[37985,1],6][btl_tcp_proc.c:266:mca_btl_tcp_proc_create_interface_graph] Unable to find reachable pairing between local and remote interfaces
[b9g12p0056][[37985,1],15][btl_tcp_proc.c:266:mca_btl_tcp_proc_create_interface_graph] Unable to find reachable pairing between local and remote interfaces
[b9g12p0056][[37985,1],4][btl_tcp_proc.c:266:mca_btl_tcp_proc_create_interface_graph] Unable to find reachable pairing between local and remote interfaces
[b9g12p0056][[37985,1],7][btl_tcp_proc.c:266:mca_btl_tcp_proc_create_interface_graph] Unable to find reachable pairing between local and remote interfaces
[b9g12p0056][[37985,1],11][btl_tcp_proc.c:266:mca_btl_tcp_proc_create_interface_graph] Unable to find reachable pairing between local and remote interfaces
[b9g12p0056][[37985,1],8][btl_tcp_proc.c:266:mca_btl_tcp_proc_create_interface_graph] Unable to find reachable pairing between local and remote interfaces
[b9g12p0056][[37985,1],27][btl_tcp_proc.c:266:mca_btl_tcp_proc_create_interface_graph] Unable to find reachable pairing between local and remote interfaces
[b9g12p0056][[37985,1],31][btl_tcp_proc.c:266:mca_btl_tcp_proc_create_interface_graph] Unable to find reachable pairing between local and remote interfaces
[b9g12p0056][[37985,1],4][btl_tcp_proc.c:266:mca_btl_tcp_proc_create_interface_graph] Unable to find reachable pairing between local and remote interfaces
[b9g12p0056][[37985,1],0][btl_tcp_proc.c:266:mca_btl_tcp_proc_create_interface_graph] Unable to find reachable pairing between local and remote interfaces
[b9g12p0056][[37985,1],15][btl_tcp_proc.c:266:mca_btl_tcp_proc_create_interface_graph] Unable to find reachable pairing between local and remote interfaces
[b9g12p0056][[37985,1],6][btl_tcp_proc.c:266:mca_btl_tcp_proc_create_interface_graph] Unable to find reachable pairing between local and remote interfaces
[b9g12p0056][[37985,1],7][btl_tcp_proc.c:266:mca_btl_tcp_proc_create_interface_graph] Unable to find reachable pairing between local and remote interfaces
[b9g12p0056][[37985,1],5][btl_tcp_proc.c:266:mca_btl_tcp_proc_create_interface_graph] Unable to find reachable pairing between local and remote interfaces
[b9g12p0056][[37985,1],4][btl_tcp_proc.c:266:mca_btl_tcp_proc_create_interface_graph] Unable to find reachable pairing between local and remote interfaces
[b9g12p0056][[37985,1],11][btl_tcp_proc.c:266:mca_btl_tcp_proc_create_interface_graph] Unable to find reachable pairing between local and remote interfaces
[b9g12p0056][[37985,1],8][btl_tcp_proc.c:266:mca_btl_tcp_proc_create_interface_graph] Unable to find reachable pairing between local and remote interfaces
[b9g12p0056][[37985,1],30][btl_tcp_proc.c:266:mca_btl_tcp_proc_create_interface_graph] Unable to find reachable pairing between local and remote interfaces
[b9g12p0056][[37985,1],13][btl_tcp_proc.c:266:mca_btl_tcp_proc_create_interface_graph] Unable to find reachable pairing between local and remote interfaces
[b9g12p0056][[37985,1],0][btl_tcp_proc.c:266:mca_btl_tcp_proc_create_interface_graph] Unable to find reachable pairing between local and remote interfaces
[b9g12p0056][[37985,1],14][btl_tcp_proc.c:266:mca_btl_tcp_proc_create_interface_graph] Unable to find reachable pairing between local and remote interfaces
[b9g12p0056][[37985,1],27][btl_tcp_proc.c:266:mca_btl_tcp_proc_create_interface_graph] Unable to find reachable pairing between local and remote interfaces
[b9g12p0056][[37985,1],31][btl_tcp_proc.c:266:mca_btl_tcp_proc_create_interface_graph] Unable to find reachable pairing between local and remote interfaces
[b9g12p0056][[37985,1],28][btl_tcp_proc.c:266:mca_btl_tcp_proc_create_interface_graph] Unable to find reachable pairing between local and remote interfaces
[b9g12p0056][[37985,1],15][btl_tcp_proc.c:266:mca_btl_tcp_proc_create_interface_graph] Unable to find reachable pairing between local and remote interfaces
[b9g12p0056][[37985,1],17][btl_tcp_proc.c:266:mca_btl_tcp_proc_create_interface_graph] Unable to find reachable pairing between local and remote interfaces
[b9g12p0056][[37985,1],7][btl_tcp_proc.c:266:mca_btl_tcp_proc_create_interface_graph] Unable to find reachable pairing between local and remote interfaces
[b9g12p0056][[37985,1],6][btl_tcp_proc.c:266:mca_btl_tcp_proc_create_interface_graph] Unable to find reachable pairing between local and remote interfaces
[b9g12p0056][[37985,1],5][btl_tcp_proc.c:266:mca_btl_tcp_proc_create_interface_graph] Unable to find reachable pairing between local and remote interfaces
[b9g12p0056][[37985,1],5][btl_tcp_proc.c:266:mca_btl_tcp_proc_create_interface_graph] Unable to find reachable pairing between local and remote interfaces
[b9g12p0056][[37985,1],4][btl_tcp_proc.c:266:mca_btl_tcp_proc_create_interface_graph] Unable to find reachable pairing between local and remote interfaces
[b9g12p0056][[37985,1],4][btl_tcp_proc.c:266:mca_btl_tcp_proc_create_interface_graph] Unable to find reachable pairing between local and remote interfaces
[b9g12p0056][[37985,1],27][btl_tcp_proc.c:266:mca_btl_tcp_proc_create_interface_graph] Unable to find reachable pairing between local and remote interfaces
[b9g12p0056][[37985,1],28][btl_tcp_proc.c:266:mca_btl_tcp_proc_create_interface_graph] Unable to find reachable pairing between local and remote interfaces
[b9g12p0056][[37985,1],28][btl_tcp_proc.c:266:mca_btl_tcp_proc_create_interface_graph] Unable to find reachable pairing between local and remote interfaces
[b9g12p0056][[37985,1],11][btl_tcp_proc.c:266:mca_btl_tcp_proc_create_interface_graph] Unable to find reachable pairing between local and remote interfaces
[b9g12p0056][[37985,1],14][btl_tcp_proc.c:266:mca_btl_tcp_proc_create_interface_graph] Unable to find reachable pairing between local and remote interfaces
[b9g12p0056][[37985,1],13][btl_tcp_proc.c:266:mca_btl_tcp_proc_create_interface_graph] Unable to find reachable pairing between local and remote interfaces
[b9g12p0056][[37985,1],30][btl_tcp_proc.c:266:mca_btl_tcp_proc_create_interface_graph] Unable to find reachable pairing between local and remote interfaces
[b9g12p0056][[37985,1],31][btl_tcp_proc.c:266:mca_btl_tcp_proc_create_interface_graph] Unable to find reachable pairing between local and remote interfaces
[b9g12p0056][[37985,1],15][btl_tcp_proc.c:266:mca_btl_tcp_proc_create_interface_graph] Unable to find reachable pairing between local and remote interfaces
[b9g12p0056][[37985,1],8][btl_tcp_proc.c:266:mca_btl_tcp_proc_create_interface_graph] Unable to find reachable pairing between local and remote interfaces
[b9g12p0056][[37985,1],6][btl_tcp_proc.c:266:mca_btl_tcp_proc_create_interface_graph] Unable to find reachable pairing between local and remote interfaces
[b9g12p0056][[37985,1],0][btl_tcp_proc.c:266:mca_btl_tcp_proc_create_interface_graph] Unable to find reachable pairing between local and remote interfaces
[b9g12p0056][[37985,1],7][btl_tcp_proc.c:266:mca_btl_tcp_proc_create_interface_graph] Unable to find reachable pairing between local and remote interfaces
[b9g12p0056][[37985,1],7][btl_tcp_proc.c:266:mca_btl_tcp_proc_create_interface_graph] Unable to find reachable pairing between local and remote interfaces
[b9g12p0056][[37985,1],17][btl_tcp_proc.c:266:mca_btl_tcp_proc_create_interface_graph] Unable to find reachable pairing between local and remote interfaces
[b9g12p0056][[37985,1],27][btl_tcp_proc.c:266:mca_btl_tcp_proc_create_interface_graph] Unable to find reachable pairing between local and remote interfaces
[b9g12p0056][[37985,1],14][btl_tcp_proc.c:266:mca_btl_tcp_proc_create_interface_graph] Unable to find reachable pairing between local and remote interfaces
[b9g12p0056][[37985,1],14][btl_tcp_proc.c:266:mca_btl_tcp_proc_create_interface_graph] [b9g12p0056][[37985,1],5][btl_tcp_proc.c:266:mca_btl_tcp_proc_create_interface_graph] Unable to find reachable pairing between local and remote interfaces
[b9g12p0056][[37985,1],5][btl_tcp_proc.c:266:mca_btl_tcp_proc_create_interface_graph] Unable to find reachable pairing between local and remote interfaces
[b9g12p0056][[37985,1],4][btl_tcp_proc.c:266:mca_btl_tcp_proc_create_interface_graph] Unable to find reachable pairing between local and remote interfaces
[b9g12p0056][[37985,1],4][btl_tcp_proc.c:266:mca_btl_tcp_proc_create_interface_graph] Unable to find reachable pairing between local and remote interfaces
[b9g12p0056][[37985,1],13][btl_tcp_proc.c:266:mca_btl_tcp_proc_create_interface_graph] Unable to find reachable pairing between local and remote interfaces
[b9g12p0056][[37985,1],11][btl_tcp_proc.c:266:mca_btl_tcp_proc_create_interface_graph] Unable to find reachable pairing between local and remote interfaces
[b9g12p0056][[37985,1],11][btl_tcp_proc.c:266:mca_btl_tcp_proc_create_interface_graph] Unable to find reachable pairing between local and remote interfaces
[b9g12p0056][[37985,1],28][btl_tcp_proc.c:266:mca_btl_tcp_proc_create_interface_graph] Unable to find reachable pairing between local and remote interfaces
[b9g12p0056][[37985,1],28][btl_tcp_proc.c:266:mca_btl_tcp_proc_create_interface_graph] Unable to find reachable pairing between local and remote interfaces
[b9g12p0056][[37985,1],31][btl_tcp_proc.c:266:mca_btl_tcp_proc_create_interface_graph] Unable to find reachable pairing between local and remote interfaces
[b9g12p0056][[37985,1],31][btl_tcp_proc.c:266:mca_btl_tcp_proc_create_interface_graph] Unable to find reachable pairing between local and remote interfaces
[b9g12p0056][[37985,1],15][btl_tcp_proc.c:266:mca_btl_tcp_proc_create_interface_graph] Unable to find reachable pairing between local and remote interfaces
[b9g12p0056][[37985,1],30][btl_tcp_proc.c:266:mca_btl_tcp_proc_create_interface_graph] Unable to find reachable pairing between local and remote interfaces
[b9g12p0056][[37985,1],30][btl_tcp_proc.c:266:mca_btl_tcp_proc_create_interface_graph] Unable to find reachable pairing between local and remote interfaces
[b9g12p0056][[37985,1],6][btl_tcp_proc.c:266:mca_btl_tcp_proc_create_interface_graph] Unable to find reachable pairing between local and remote interfaces
[b9g12p0056][[37985,1],6][btl_tcp_proc.c:266:mca_btl_tcp_proc_create_interface_graph] Unable to find reachable pairing between local and remote interfaces
[b9g12p0056][[37985,1],0][btl_tcp_proc.c:266:mca_btl_tcp_proc_create_interface_graph] Unable to find reachable pairing between local and remote interfaces
[b9g12p0056][[37985,1],27][btl_tcp_proc.c:266:mca_btl_tcp_proc_create_interface_graph] Unable to find reachable pairing between local and remote interfaces
[b9g12p0056][[37985,1],17][btl_tcp_proc.c:266:mca_btl_tcp_proc_create_interface_graph] Unable to find reachable pairing between local and remote interfaces
Unable to find reachable pairing between local and remote interfaces
[b9g12p0056][[37985,1],14][btl_tcp_proc.c:266:mca_btl_tcp_proc_create_interface_graph] Unable to find reachable pairing between local and remote interfaces
[b9g12p0056][[37985,1],13][btl_tcp_proc.c:266:mca_btl_tcp_proc_create_interface_graph] Unable to find reachable pairing between local and remote interfaces
[b9g12p0056][[37985,1],8][btl_tcp_proc.c:266:mca_btl_tcp_proc_create_interface_graph] Unable to find reachable pairing between local and remote interfaces
[b9g12p0056][[37985,1],5][btl_tcp_proc.c:266:mca_btl_tcp_proc_create_interface_graph] Unable to find reachable pairing between local and remote interfaces
[b9g12p0056][[37985,1],28][btl_tcp_proc.c:266:mca_btl_tcp_proc_create_interface_graph] Unable to find reachable pairing between local and remote interfaces
[b9g12p0056][[37985,1],7][btl_tcp_proc.c:266:mca_btl_tcp_proc_create_interface_graph] Unable to find reachable pairing between local and remote interfaces
[b9g12p0056][[37985,1],4][btl_tcp_proc.c:266:mca_btl_tcp_proc_create_interface_graph] Unable to find reachable pairing between local and remote interfaces
[b9g12p0056][[37985,1],0][btl_tcp_proc.c:266:mca_btl_tcp_proc_create_interface_graph] Unable to find reachable pairing between local and remote interfaces
[b9g12p0056][[37985,1],27][btl_tcp_proc.c:266:mca_btl_tcp_proc_create_interface_graph] Unable to find reachable pairing between local and remote interfaces
[b9g12p0056][[37985,1],15][btl_tcp_proc.c:266:mca_btl_tcp_proc_create_interface_graph] Unable to find reachable pairing between local and remote interfaces
[b9g12p0056][[37985,1],13][btl_tcp_proc.c:266:mca_btl_tcp_proc_create_interface_graph] Unable to find reachable pairing between local and remote interfaces
[b9g12p0056][[37985,1],17][btl_tcp_proc.c:266:mca_btl_tcp_proc_create_interface_graph] Unable to find reachable pairing between local and remote interfaces
[b9g12p0056][[37985,1],11][btl_tcp_proc.c:266:mca_btl_tcp_proc_create_interface_graph] Unable to find reachable pairing between local and remote interfaces
[b9g12p0056][[37985,1],5][btl_tcp_proc.c:266:mca_btl_tcp_proc_create_interface_graph] Unable to find reachable pairing between local and remote interfaces
[b9g12p0056][[37985,1],31][btl_tcp_proc.c:266:mca_btl_tcp_proc_create_interface_graph] Unable to find reachable pairing between local and remote interfaces
[b9g12p0056][[37985,1],6][btl_tcp_proc.c:266:mca_btl_tcp_proc_create_interface_graph] Unable to find reachable pairing between local and remote interfaces
[b9g12p0056][[37985,1],8][btl_tcp_proc.c:266:mca_btl_tcp_proc_create_interface_graph] Unable to find reachable pairing between local and remote interfaces
[b9g12p0056][[37985,1],28][btl_tcp_proc.c:266:mca_btl_tcp_proc_create_interface_graph] Unable to find reachable pairing between local and remote interfaces
[b9g12p0056][[37985,1],14][btl_tcp_proc.c:266:mca_btl_tcp_proc_create_interface_graph] Unable to find reachable pairing between local and remote interfaces
[b9g12p0056][[37985,1],14][btl_tcp_proc.c:266:mca_btl_tcp_proc_create_interface_graph] Unable to find reachable pairing between local and remote interfaces
[b9g12p0056][[37985,1],30][btl_tcp_proc.c:266:mca_btl_tcp_proc_create_interface_graph] Unable to find reachable pairing between local and remote interfaces
[b9g12p0056][[37985,1],0][btl_tcp_proc.c:266:mca_btl_tcp_proc_create_interface_graph] Unable to find reachable pairing between local and remote interfaces
[b9g12p0056][[37985,1],7][btl_tcp_proc.c:266:mca_btl_tcp_proc_create_interface_graph] Unable to find reachable pairing between local and remote interfaces
[b9g12p0056][[37985,1],4][btl_tcp_proc.c:266:mca_btl_tcp_proc_create_interface_graph] Unable to find reachable pairing between local and remote interfaces
[b9g12p0056][[37985,1],15][btl_tcp_proc.c:266:mca_btl_tcp_proc_create_interface_graph] Unable to find reachable pairing between local and remote interfaces
[b9g12p0056][[37985,1],17][btl_tcp_proc.c:266:mca_btl_tcp_proc_create_interface_graph] Unable to find reachable pairing between local and remote interfaces
[b9g12p0056][[37985,1],27][btl_tcp_proc.c:266:mca_btl_tcp_proc_create_interface_graph] Unable to find reachable pairing between local and remote interfaces
[b9g12p0056][[37985,1],11][btl_tcp_proc.c:266:mca_btl_tcp_proc_create_interface_graph] Unable to find reachable pairing between local and remote interfaces
[b9g12p0056][[37985,1],5][btl_tcp_proc.c:266:mca_btl_tcp_proc_create_interface_graph] Unable to find reachable pairing between local and remote interfaces
[b9g12p0056][[37985,1],28][btl_tcp_proc.c:266:mca_btl_tcp_proc_create_interface_graph] Unable to find reachable pairing between local and remote interfaces
[b9g12p0056][[37985,1],13][btl_tcp_proc.c:266:mca_btl_tcp_proc_create_interface_graph] Unable to find reachable pairing between local and remote interfaces
[b9g12p0056][[37985,1],8][btl_tcp_proc.c:266:mca_btl_tcp_proc_create_interface_graph] Unable to find reachable pairing between local and remote interfaces
[b9g12p0056][[37985,1],7][btl_tcp_proc.c:266:mca_btl_tcp_proc_create_interface_graph] Unable to find reachable pairing between local and remote interfaces
[b9g12p0056][[37985,1],0][btl_tcp_proc.c:266:mca_btl_tcp_proc_create_interface_graph] Unable to find reachable pairing between local and remote interfaces
[b9g12p0056][[37985,1],30][btl_tcp_proc.c:266:mca_btl_tcp_proc_create_interface_graph] Unable to find reachable pairing between local and remote interfaces
[b9g12p0056][[37985,1],4][btl_tcp_proc.c:266:mca_btl_tcp_proc_create_interface_graph] Unable to find reachable pairing between local and remote interfaces
[b9g12p0056][[37985,1],15][btl_tcp_proc.c:266:mca_btl_tcp_proc_create_interface_graph] Unable to find reachable pairing between local and remote interfaces
[b9g12p0056][[37985,1],27][btl_tcp_proc.c:266:mca_btl_tcp_proc_create_interface_graph] Unable to find reachable pairing between local and remote interfaces
[b9g12p0056][[37985,1],31][btl_tcp_proc.c:266:mca_btl_tcp_proc_create_interface_graph] Unable to find reachable pairing between local and remote interfaces
[b9g12p0056][[37985,1],17][btl_tcp_proc.c:266:mca_btl_tcp_proc_create_interface_graph] Unable to find reachable pairing between local and remote interfaces
[b9g12p0056][[37985,1],17][btl_tcp_proc.c:266:mca_btl_tcp_proc_create_interface_graph] Unable to find reachable pairing between local and remote interfaces
[b9g12p0056][[37985,1],5][btl_tcp_proc.c:266:mca_btl_tcp_proc_create_interface_graph] Unable to find reachable pairing between local and remote interfaces
[b9g12p0056][[37985,1],6][btl_tcp_proc.c:266:mca_btl_tcp_proc_create_interface_graph] Unable to find reachable pairing between local and remote interfaces
[b9g12p0056][[37985,1],13][btl_tcp_proc.c:266:mca_btl_tcp_proc_create_interface_graph] Unable to find reachable pairing between local and remote interfaces
[b9g12p0056][[37985,1],14][btl_tcp_proc.c:266:mca_btl_tcp_proc_create_interface_graph] Unable to find reachable pairing between local and remote interfaces
[b9g12p0056][[37985,1],11][btl_tcp_proc.c:266:mca_btl_tcp_proc_create_interface_graph] Unable to find reachable pairing between local and remote interfaces
[b9g12p0056][[37985,1],28][btl_tcp_proc.c:266:mca_btl_tcp_proc_create_interface_graph] Unable to find reachable pairing between local and remote interfaces
[b9g12p0056][[37985,1],19][btl_tcp_proc.c:266:mca_btl_tcp_proc_create_interface_graph] Unable to find reachable pairing between local and remote interfaces
[b9g12p0056][[37985,1],7][btl_tcp_proc.c:266:mca_btl_tcp_proc_create_interface_graph] Unable to find reachable pairing between local and remote interfaces
[b9g12p0056][[37985,1],0][btl_tcp_proc.c:266:mca_btl_tcp_proc_create_interface_graph] Unable to find reachable pairing between local and remote interfaces
[b9g12p0056][[37985,1],8][btl_tcp_proc.c:266:mca_btl_tcp_proc_create_interface_graph] Unable to find reachable pairing between local and remote interfaces
[b9g12p0056][[37985,1],8][btl_tcp_proc.c:266:mca_btl_tcp_proc_create_interface_graph] Unable to find reachable pairing between local and remote interfaces
[b9g12p0056][[37985,1],4][btl_tcp_proc.c:266:mca_btl_tcp_proc_create_interface_graph] Unable to find reachable pairing between local and remote interfaces
[b9g12p0056][[37985,1],4][btl_tcp_proc.c:266:mca_btl_tcp_proc_create_interface_graph] Unable to find reachable pairing between local and remote interfaces
[b9g12p0056][[37985,1],15][btl_tcp_proc.c:266:mca_btl_tcp_proc_create_interface_graph] Unable to find reachable pairing between local and remote interfaces
[b9g12p0056][[37985,1],15][btl_tcp_proc.c:266:mca_btl_tcp_proc_create_interface_graph] Unable to find reachable pairing between local and remote interfaces
[b9g12p0056][[37985,1],22][btl_tcp_proc.c:266:mca_btl_tcp_proc_create_interface_graph] Unable to find reachable pairing between local and remote interfaces
[b9g12p0056][[37985,1],22][btl_tcp_proc.c:266:mca_btl_tcp_proc_create_interface_graph] Unable to find reachable pairing between local and remote interfaces
[b9g12p0056][[37985,1],27][btl_tcp_proc.c:266:mca_btl_tcp_proc_create_interface_graph] Unable to find reachable pairing between local and remote interfaces
[b9g12p0056][[37985,1],27][btl_tcp_proc.c:266:mca_btl_tcp_proc_create_interface_graph] Unable to find reachable pairing between local and remote interfaces
[b9g12p0056][[37985,1],31][btl_tcp_proc.c:266:mca_btl_tcp_proc_create_interface_graph] Unable to find reachable pairing between local and remote interfaces
[b9g12p0056][[37985,1],31][btl_tcp_proc.c:266:mca_btl_tcp_proc_create_interface_graph] Unable to find reachable pairing between local and remote interfaces
[b9g12p0056][[37985,1],5][btl_tcp_proc.c:266:mca_btl_tcp_proc_create_interface_graph] Unable to find reachable pairing between local and remote interfaces
[b9g12p0056][[37985,1],5][btl_tcp_proc.c:266:mca_btl_tcp_proc_create_interface_graph] Unable to find reachable pairing between local and remote interfaces
[b9g12p0056][[37985,1],10][btl_tcp_proc.c:266:mca_btl_tcp_proc_create_interface_graph] Unable to find reachable pairing between local and remote interfaces
[b9g12p0056][[37985,1],10][btl_tcp_proc.c:266:mca_btl_tcp_proc_create_interface_graph] Unable to find reachable pairing between local and remote interfaces
[b9g12p0056][[37985,1],14][btl_tcp_proc.c:266:mca_btl_tcp_proc_create_interface_graph] Unable to find reachable pairing between local and remote interfaces
[b9g12p0056][[37985,1],14][btl_tcp_proc.c:266:mca_btl_tcp_proc_create_interface_graph] Unable to find reachable pairing between local and remote interfaces
[b9g12p0056][[37985,1],30][btl_tcp_proc.c:266:mca_btl_tcp_proc_create_interface_graph] Unable to find reachable pairing between local and remote interfaces
[b9g12p0056][[37985,1],6][btl_tcp_proc.c:266:mca_btl_tcp_proc_create_interface_graph] Unable to find reachable pairing between local and remote interfaces
[b9g12p0056][[37985,1],6][btl_tcp_proc.c:266:mca_btl_tcp_proc_create_interface_graph] Unable to find reachable pairing between local and remote interfaces
[b9g12p0056][[37985,1],13][btl_tcp_proc.c:266:mca_btl_tcp_proc_create_interface_graph] Unable to find reachable pairing between local and remote interfaces
[b9g12p0056][[37985,1],13][btl_tcp_proc.c:266:mca_btl_tcp_proc_create_interface_graph] Unable to find reachable pairing between local and remote interfaces
[b9g12p0056][[37985,1],11][btl_tcp_proc.c:266:mca_btl_tcp_proc_create_interface_graph] Unable to find reachable pairing between local and remote interfaces
[b9g12p0056][[37985,1],11][btl_tcp_proc.c:266:mca_btl_tcp_proc_create_interface_graph] Unable to find reachable pairing between local and remote interfaces
[b9g12p0056][[37985,1],7][btl_tcp_proc.c:266:mca_btl_tcp_proc_create_interface_graph] Unable to find reachable pairing between local and remote interfaces
[b9g12p0056][[37985,1],7][btl_tcp_proc.c:266:mca_btl_tcp_proc_create_interface_graph] Unable to find reachable pairing between local and remote interfaces
[b9g12p0056][[37985,1],19][btl_tcp_proc.c:266:mca_btl_tcp_proc_create_interface_graph] Unable to find reachable pairing between local and remote interfaces
[b9g12p0056][[37985,1],19][btl_tcp_proc.c:266:mca_btl_tcp_proc_create_interface_graph] Unable to find reachable pairing between local and remote interfaces
[b9g12p0056][[37985,1],0][btl_tcp_proc.c:266:mca_btl_tcp_proc_create_interface_graph] Unable to find reachable pairing between local and remote interfaces
[b9g12p0056][[37985,1],0][btl_tcp_proc.c:266:mca_btl_tcp_proc_create_interface_graph] Unable to find reachable pairing between local and remote interfaces
[b9g12p0056][[37985,1],28][btl_tcp_proc.c:266:mca_btl_tcp_proc_create_interface_graph] Unable to find reachable pairing between local and remote interfaces
[b9g12p0056][[37985,1],28][btl_tcp_proc.c:266:mca_btl_tcp_proc_create_interface_graph] Unable to find reachable pairing between local and remote interfaces
[b9g12p0056][[37985,1],17][btl_tcp_proc.c:266:mca_btl_tcp_proc_create_interface_graph] Unable to find reachable pairing between local and remote interfaces
[b9g12p0056][[37985,1],17][btl_tcp_proc.c:266:mca_btl_tcp_proc_create_interface_graph] Unable to find reachable pairing between local and remote interfaces
[b9g12p0056][[37985,1],4][btl_tcp_proc.c:266:mca_btl_tcp_proc_create_interface_graph] Unable to find reachable pairing between local and remote interfaces
[b9g12p0056][[37985,1],4][btl_tcp_proc.c:266:mca_btl_tcp_proc_create_interface_graph] [b9g12p0056][[37985,1],5][btl_tcp_proc.c:266:mca_btl_tcp_proc_create_interface_graph] Unable to find reachable pairing between local and remote interfaces
[b9g12p0056][[37985,1],5][btl_tcp_proc.c:266:mca_btl_tcp_proc_create_interface_graph] Unable to find reachable pairing between local and remote interfaces
[b9g12p0056][[37985,1],15][btl_tcp_proc.c:266:mca_btl_tcp_proc_create_interface_graph] Unable to find reachable pairing between local and remote interfaces
[b9g12p0056][[37985,1],8][btl_tcp_proc.c:266:mca_btl_tcp_proc_create_interface_graph] Unable to find reachable pairing between local and remote interfaces
[b9g12p0056][[37985,1],10][btl_tcp_proc.c:266:mca_btl_tcp_proc_create_interface_graph] Unable to find reachable pairing between local and remote interfaces
[b9g12p0056][[37985,1],10][btl_tcp_proc.c:266:mca_btl_tcp_proc_create_interface_graph] Unable to find reachable pairing between local and remote interfaces
[b9g12p0056][[37985,1],22][btl_tcp_proc.c:266:mca_btl_tcp_proc_create_interface_graph] Unable to find reachable pairing between local and remote interfaces
[b9g12p0056][[37985,1],27][btl_tcp_proc.c:266:mca_btl_tcp_proc_create_interface_graph] Unable to find reachable pairing between local and remote interfaces
[b9g12p0056][[37985,1],14][btl_tcp_proc.c:266:mca_btl_tcp_proc_create_interface_graph] Unable to find reachable pairing between local and remote interfaces
[b9g12p0056][[37985,1],14][btl_tcp_proc.c:266:mca_btl_tcp_proc_create_interface_graph] Unable to find reachable pairing between local and remote interfaces
[b9g12p0056][[37985,1],30][btl_tcp_proc.c:266:mca_btl_tcp_proc_create_interface_graph] Unable to find reachable pairing between local and remote interfaces
[b9g12p0056][[37985,1],31][btl_tcp_proc.c:266:mca_btl_tcp_proc_create_interface_graph] Unable to find reachable pairing between local and remote interfaces
[b9g12p0056][[37985,1],13][btl_tcp_proc.c:266:mca_btl_tcp_proc_create_interface_graph] Unable to find reachable pairing between local and remote interfaces
[b9g12p0056][[37985,1],11][btl_tcp_proc.c:266:mca_btl_tcp_proc_create_interface_graph] Unable to find reachable pairing between local and remote interfaces
[b9g12p0056][[37985,1],6][btl_tcp_proc.c:266:mca_btl_tcp_proc_create_interface_graph] Unable to find reachable pairing between local and remote interfaces
[b9g12p0056][[37985,1],6][btl_tcp_proc.c:266:mca_btl_tcp_proc_create_interface_graph] Unable to find reachable pairing between local and remote interfaces
[b9g12p0056][[37985,1],4][btl_tcp_proc.c:266:mca_btl_tcp_proc_create_interface_graph] Unable to find reachable pairing between local and remote interfaces
[b9g12p0056][[37985,1],0][btl_tcp_proc.c:266:mca_btl_tcp_proc_create_interface_graph] Unable to find reachable pairing between local and remote interfaces
[b9g12p0056][[37985,1],15][btl_tcp_proc.c:266:mca_btl_tcp_proc_create_interface_graph] Unable to find reachable pairing between local and remote interfaces
[b9g12p0056][[37985,1],15][btl_tcp_proc.c:266:mca_btl_tcp_proc_create_interface_graph] [b9g12p0056][[37985,1],19][btl_tcp_proc.c:266:mca_btl_tcp_proc_create_interface_graph] Unable to find reachable pairing between local and remote interfaces
[b9g12p0056][[37985,1],7][btl_tcp_proc.c:266:mca_btl_tcp_proc_create_interface_graph] Unable to find reachable pairing between local and remote interfaces
[b9g12p0056][[37985,1],8][btl_tcp_proc.c:266:mca_btl_tcp_proc_create_interface_graph] Unable to find reachable pairing between local and remote interfaces
[b9g12p0056][[37985,1],28][btl_tcp_proc.c:266:mca_btl_tcp_proc_create_interface_graph] Unable to find reachable pairing between local and remote interfaces
[b9g12p0056][[37985,1],28][btl_tcp_proc.c:266:mca_btl_tcp_proc_create_interface_graph] Unable to find reachable pairing between local and remote interfaces
[b9g12p0056][[37985,1],27][btl_tcp_proc.c:266:mca_btl_tcp_proc_create_interface_graph] Unable to find reachable pairing between local and remote interfaces
[b9g12p0056][[37985,1],27][btl_tcp_proc.c:266:mca_btl_tcp_proc_create_interface_graph] [b9g12p0056][[37985,1],5][btl_tcp_proc.c:266:mca_btl_tcp_proc_create_interface_graph] Unable to find reachable pairing between local and remote interfaces
[b9g12p0056][[37985,1],5][btl_tcp_proc.c:266:mca_btl_tcp_proc_create_interface_graph] Unable to find reachable pairing between local and remote interfaces
[b9g12p0056][[37985,1],22][btl_tcp_proc.c:266:mca_btl_tcp_proc_create_interface_graph] Unable to find reachable pairing between local and remote interfaces
[b9g12p0056][[37985,1],22][btl_tcp_proc.c:266:mca_btl_tcp_proc_create_interface_graph] Unable to find reachable pairing between local and remote interfaces
[b9g12p0056][[37985,1],17][btl_tcp_proc.c:266:mca_btl_tcp_proc_create_interface_graph] Unable to find reachable pairing between local and remote interfaces
[b9g12p0056][[37985,1],17][btl_tcp_proc.c:266:mca_btl_tcp_proc_create_interface_graph] Unable to find reachable pairing between local and remote interfaces[b9g12p0056][[37985,1],31][btl_tcp_proc.c:266:mca_btl_tcp_proc_create_interface_graph] Unable to find reachable pairing between local and remote interfaces
[b9g12p0056][[37985,1],31][btl_tcp_proc.c:266:mca_btl_tcp_proc_create_interface_graph] Unable to find reachable pairing between local and remote interfaces
[b9g12p0056][[37985,1],30][btl_tcp_proc.c:266:mca_btl_tcp_proc_create_interface_graph] Unable to find reachable pairing between local and remote interfaces
[b9g12p0056][[37985,1],13][btl_tcp_proc.c:266:mca_btl_tcp_proc_create_interface_graph] Unable to find reachable pairing between local and remote interfaces
[b9g12p0056][[37985,1],13][btl_tcp_proc.c:266:mca_btl_tcp_proc_create_interface_graph] Unable to find reachable pairing between local and remote interfaces
[b9g12p0056][[37985,1],10][btl_tcp_proc.c:266:mca_btl_tcp_proc_create_interface_graph] Unable to find reachable pairing between local and remote interfaces
[b9g12p0056][[37985,1],10][btl_tcp_proc.c:266:mca_btl_tcp_proc_create_interface_graph] Unable to find reachable pairing between local and remote interfaces
[b9g12p0056][[37985,1],11][btl_tcp_proc.c:266:mca_btl_tcp_proc_create_interface_graph] Unable to find reachable pairing between local and remote interfaces
[b9g12p0056][[37985,1],11][btl_tcp_proc.c:266:mca_btl_tcp_proc_create_interface_graph] Unable to find reachable pairing between local and remote interfaces
[b9g12p0056][[37985,1],6][btl_tcp_proc.c:266:mca_btl_tcp_proc_create_interface_graph] Unable to find reachable pairing between local and remote interfaces
[b9g12p0056][[37985,1],14][btl_tcp_proc.c:266:mca_btl_tcp_proc_create_interface_graph] Unable to find reachable pairing between local and remote interfaces
[b9g12p0056][[37985,1],14][btl_tcp_proc.c:266:mca_btl_tcp_proc_create_interface_graph] Unable to find reachable pairing between local and remote interfaces
Unable to find reachable pairing between local and remote interfaces
[b9g12p0056][[37985,1],15][btl_tcp_proc.c:266:mca_btl_tcp_proc_create_interface_graph] Unable to find reachable pairing between local and remote interfaces
[b9g12p0056][[37985,1],4][btl_tcp_proc.c:266:mca_btl_tcp_proc_create_interface_graph] Unable to find reachable pairing between local and remote interfaces
[b9g12p0056][[37985,1],4][btl_tcp_proc.c:266:mca_btl_tcp_proc_create_interface_graph] Unable to find reachable pairing between local and remote interfaces
[b9g12p0056][[37985,1],7][btl_tcp_proc.c:266:mca_btl_tcp_proc_create_interface_graph] Unable to find reachable pairing between local and remote interfaces
[b9g12p0056][[37985,1],7][btl_tcp_proc.c:266:mca_btl_tcp_proc_create_interface_graph] Unable to find reachable pairing between local and remote interfaces
[b9g12p0056][[37985,1],0][btl_tcp_proc.c:266:mca_btl_tcp_proc_create_interface_graph] Unable to find reachable pairing between local and remote interfaces
[b9g12p0056][[37985,1],0][btl_tcp_proc.c:266:mca_btl_tcp_proc_create_interface_graph] Unable to find reachable pairing between local and remote interfaces
[b9g12p0056][[37985,1],19][btl_tcp_proc.c:266:mca_btl_tcp_proc_create_interface_graph] Unable to find reachable pairing between local and remote interfaces
[b9g12p0056][[37985,1],19][btl_tcp_proc.c:266:mca_btl_tcp_proc_create_interface_graph] Unable to find reachable pairing between local and remote interfaces
[b9g12p0056][[37985,1],8][btl_tcp_proc.c:266:mca_btl_tcp_proc_create_interface_graph] Unable to find reachable pairing between local and remote interfaces
[b9g12p0056][[37985,1],8][btl_tcp_proc.c:266:mca_btl_tcp_proc_create_interface_graph] Unable to find reachable pairing between local and remote interfaces
Unable to find reachable pairing between local and remote interfaces
[b9g12p0056][[37985,1],27][btl_tcp_proc.c:266:mca_btl_tcp_proc_create_interface_graph] Unable to find reachable pairing between local and remote interfaces
[b9g12p0056][[37985,1],5][btl_tcp_proc.c:266:mca_btl_tcp_proc_create_interface_graph] Unable to find reachable pairing between local and remote interfaces
[b9g12p0056][[37985,1],5][btl_tcp_proc.c:266:mca_btl_tcp_proc_create_interface_graph] Unable to find reachable pairing between local and remote interfaces

[b9g12p0056][[37985,1],17][btl_tcp_proc.c:266:mca_btl_tcp_proc_create_interface_graph] Unable to find reachable pairing between local and remote interfaces
[b9g12p0056][[37985,1],30][btl_tcp_proc.c:266:mca_btl_tcp_proc_create_interface_graph] Unable to find reachable pairing between local and remote interfaces
[b9g12p0056][[37985,1],30][btl_tcp_proc.c:266:mca_btl_tcp_proc_create_interface_graph] Unable to find reachable pairing between local and remote interfaces
Unable to find reachable pairing between local and remote interfaces
[b9g12p0056][[37985,1],28][btl_tcp_proc.c:266:mca_btl_tcp_proc_create_interface_graph] Unable to find reachable pairing between local and remote interfaces
[b9g12p0056][[37985,1],28][btl_tcp_proc.c:266:mca_btl_tcp_proc_create_interface_graph] Unable to find reachable pairing between local and remote interfaces
[b9g12p0056][[37985,1],10][btl_tcp_proc.c:266:mca_btl_tcp_proc_create_interface_graph] Unable to find reachable pairing between local and remote interfaces
[b9g12p0056][[37985,1],10][btl_tcp_proc.c:266:mca_btl_tcp_proc_create_interface_graph] Unable to find reachable pairing between local and remote interfaces
[b9g12p0056][[37985,1],22][btl_tcp_proc.c:266:mca_btl_tcp_proc_create_interface_graph] Unable to find reachable pairing between local and remote interfaces
[b9g12p0056][[37985,1],22][btl_tcp_proc.c:266:mca_btl_tcp_proc_create_interface_graph] Unable to find reachable pairing between local and remote interfaces
[b9g12p0056][[37985,1],14][btl_tcp_proc.c:266:mca_btl_tcp_proc_create_interface_graph] Unable to find reachable pairing between local and remote interfaces
[b9g12p0056][[37985,1],14][btl_tcp_proc.c:266:mca_btl_tcp_proc_create_interface_graph] Unable to find reachable pairing between local and remote interfaces
[b9g12p0056][[37985,1],31][btl_tcp_proc.c:266:mca_btl_tcp_proc_create_interface_graph] Unable to find reachable pairing between local and remote interfaces
[b9g12p0056][[37985,1],6][btl_tcp_proc.c:266:mca_btl_tcp_proc_create_interface_graph] Unable to find reachable pairing between local and remote interfaces
[b9g12p0056][[37985,1],4][btl_tcp_proc.c:266:mca_btl_tcp_proc_create_interface_graph] Unable to find reachable pairing between local and remote interfaces
[b9g12p0056][[37985,1],5][btl_tcp_proc.c:266:mca_btl_tcp_proc_create_interface_graph] Unable to find reachable pairing between local and remote interfaces
[b9g12p0056][[37985,1],19][btl_tcp_proc.c:266:mca_btl_tcp_proc_create_interface_graph] Unable to find reachable pairing between local and remote interfaces
[b9g12p0056][[37985,1],11][btl_tcp_proc.c:266:mca_btl_tcp_proc_create_interface_graph] Unable to find reachable pairing between local and remote interfaces
[b9g12p0056][[37985,1],7][btl_tcp_proc.c:266:mca_btl_tcp_proc_create_interface_graph] Unable to find reachable pairing between local and remote interfaces
[b9g12p0056][[37985,1],0][btl_tcp_proc.c:266:mca_btl_tcp_proc_create_interface_graph] Unable to find reachable pairing between local and remote interfaces
[b9g12p0056][[37985,1],13][btl_tcp_proc.c:266:mca_btl_tcp_proc_create_interface_graph] Unable to find reachable pairing between local and remote interfaces
[b9g12p0056][[37985,1],10][btl_tcp_proc.c:266:mca_btl_tcp_proc_create_interface_graph] Unable to find reachable pairing between local and remote interfaces
[b9g12p0056][[37985,1],10][btl_tcp_proc.c:266:mca_btl_tcp_proc_create_interface_graph] Unable to find reachable pairing between local and remote interfaces
[b9g12p0056][[37985,1],8][btl_tcp_proc.c:266:mca_btl_tcp_proc_create_interface_graph] Unable to find reachable pairing between local and remote interfaces
[b9g12p0056][[37985,1],6][btl_tcp_proc.c:266:mca_btl_tcp_proc_create_interface_graph] Unable to find reachable pairing between local and remote interfaces
[b9g12p0056][[37985,1],4][btl_tcp_proc.c:266:mca_btl_tcp_proc_create_interface_graph] Unable to find reachable pairing between local and remote interfaces
[b9g12p0056][[37985,1],4][btl_tcp_proc.c:266:mca_btl_tcp_proc_create_interface_graph] Unable to find reachable pairing between local and remote interfaces
[b9g12p0056][[37985,1],31][btl_tcp_proc.c:266:mca_btl_tcp_proc_create_interface_graph] Unable to find reachable pairing between local and remote interfaces
[b9g12p0056][[37985,1],5][btl_tcp_proc.c:266:mca_btl_tcp_proc_create_interface_graph] Unable to find reachable pairing between local and remote interfaces
[b9g12p0056][[37985,1],5][btl_tcp_proc.c:266:mca_btl_tcp_proc_create_interface_graph] Unable to find reachable pairing between local and remote interfaces
[b9g12p0056][[37985,1],28][btl_tcp_proc.c:266:mca_btl_tcp_proc_create_interface_graph] Unable to find reachable pairing between local and remote interfaces
[b9g12p0056][[37985,1],28][btl_tcp_proc.c:266:mca_btl_tcp_proc_create_interface_graph] Unable to find reachable pairing between local and remote interfaces
[b9g12p0056][[37985,1],17][btl_tcp_proc.c:266:mca_btl_tcp_proc_create_interface_graph] Unable to find reachable pairing between local and remote interfaces
[b9g12p0056][[37985,1],22][btl_tcp_proc.c:266:mca_btl_tcp_proc_create_interface_graph] Unable to find reachable pairing between local and remote interfaces
[b9g12p0056][[37985,1],22][btl_tcp_proc.c:266:mca_btl_tcp_proc_create_interface_graph] Unable to find reachable pairing between local and remote interfaces
[b9g12p0056][[37985,1],30][btl_tcp_proc.c:266:mca_btl_tcp_proc_create_interface_graph] Unable to find reachable pairing between local and remote interfaces
[b9g12p0056][[37985,1],14][btl_tcp_proc.c:266:mca_btl_tcp_proc_create_interface_graph] Unable to find reachable pairing between local and remote interfaces
[b9g12p0056][[37985,1],14][btl_tcp_proc.c:266:mca_btl_tcp_proc_create_interface_graph] Unable to find reachable pairing between local and remote interfaces
[b9g12p0056][[37985,1],27][btl_tcp_proc.c:266:mca_btl_tcp_proc_create_interface_graph] Unable to find reachable pairing between local and remote interfaces
[b9g12p0056][[37985,1],27][btl_tcp_proc.c:266:mca_btl_tcp_proc_create_interface_graph] Unable to find reachable pairing between local and remote interfaces
[b9g12p0056][[37985,1],11][btl_tcp_proc.c:266:mca_btl_tcp_proc_create_interface_graph] Unable to find reachable pairing between local and remote interfaces
[b9g12p0056][[37985,1],11][btl_tcp_proc.c:266:mca_btl_tcp_proc_create_interface_graph] Unable to find reachable pairing between local and remote interfaces
[b9g12p0056][[37985,1],7][btl_tcp_proc.c:266:mca_btl_tcp_proc_create_interface_graph] Unable to find reachable pairing between local and remote interfaces
[b9g12p0056][[37985,1],7][btl_tcp_proc.c:266:mca_btl_tcp_proc_create_interface_graph] [b9g12p0056][[37985,1],19][btl_tcp_proc.c:266:mca_btl_tcp_proc_create_interface_graph] Unable to find reachable pairing between local and remote interfaces
[b9g12p0056][[37985,1],8][btl_tcp_proc.c:266:mca_btl_tcp_proc_create_interface_graph] Unable to find reachable pairing between local and remote interfaces
[b9g12p0056][[37985,1],8][btl_tcp_proc.c:266:mca_btl_tcp_proc_create_interface_graph] Unable to find reachable pairing between local and remote interfaces
[b9g12p0056][[37985,1],31][btl_tcp_proc.c:266:mca_btl_tcp_proc_create_interface_graph] Unable to find reachable pairing between local and remote interfaces
[b9g12p0056][[37985,1],0][btl_tcp_proc.c:266:mca_btl_tcp_proc_create_interface_graph] Unable to find reachable pairing between local and remote interfaces
[b9g12p0056][[37985,1],10][btl_tcp_proc.c:266:mca_btl_tcp_proc_create_interface_graph] Unable to find reachable pairing between local and remote interfaces
[b9g12p0056][[37985,1],10][btl_tcp_proc.c:266:mca_btl_tcp_proc_create_interface_graph] Unable to find reachable pairing between local and remote interfaces
[b9g12p0056][[37985,1],17][btl_tcp_proc.c:266:mca_btl_tcp_proc_create_interface_graph] Unable to find reachable pairing between local and remote interfaces
[b9g12p0056][[37985,1],15][btl_tcp_proc.c:266:mca_btl_tcp_proc_create_interface_graph] Unable to find reachable pairing between local and remote interfaces
[b9g12p0056][[37985,1],30][btl_tcp_proc.c:266:mca_btl_tcp_proc_create_interface_graph] Unable to find reachable pairing between local and remote interfaces
[b9g12p0056][[37985,1],30][btl_tcp_proc.c:266:mca_btl_tcp_proc_create_interface_graph] Unable to find reachable pairing between local and remote interfaces
[b9g12p0056][[37985,1],5][btl_tcp_proc.c:266:mca_btl_tcp_proc_create_interface_graph] Unable to find reachable pairing between local and remote interfaces
[b9g12p0056][[37985,1],5][btl_tcp_proc.c:266:mca_btl_tcp_proc_create_interface_graph] Unable to find reachable pairing between local and remote interfaces
[b9g12p0056][[37985,1],13][btl_tcp_proc.c:266:mca_btl_tcp_proc_create_interface_graph] Unable to find reachable pairing between local and remote interfaces
[b9g12p0056][[37985,1],13][btl_tcp_proc.c:266:mca_btl_tcp_proc_create_interface_graph] Unable to find reachable pairing between local and remote interfaces
[b9g12p0056][[37985,1],4][btl_tcp_proc.c:266:mca_btl_tcp_proc_create_interface_graph] Unable to find reachable pairing between local and remote interfaces
[b9g12p0056][[37985,1],4][btl_tcp_proc.c:266:mca_btl_tcp_proc_create_interface_graph] Unable to find reachable pairing between local and remote interfaces
[b9g12p0056][[37985,1],6][btl_tcp_proc.c:266:mca_btl_tcp_proc_create_interface_graph] Unable to find reachable pairing between local and remote interfaces
[b9g12p0056][[37985,1],6][btl_tcp_proc.c:266:mca_btl_tcp_proc_create_interface_graph] Unable to find reachable pairing between local and remote interfaces
Unable to find reachable pairing between local and remote interfaces
[b9g12p0056][[37985,1],19][btl_tcp_proc.c:266:mca_btl_tcp_proc_create_interface_graph] Unable to find reachable pairing between local and remote interfaces
[b9g12p0056][[37985,1],19][btl_tcp_proc.c:266:mca_btl_tcp_proc_create_interface_graph] Unable to find reachable pairing between local and remote interfaces
[b9g12p0056][[37985,1],14][btl_tcp_proc.c:266:mca_btl_tcp_proc_create_interface_graph] Unable to find reachable pairing between local and remote interfaces
[b9g12p0056][[37985,1],14][btl_tcp_proc.c:266:mca_btl_tcp_proc_create_interface_graph] Unable to find reachable pairing between local and remote interfaces
[b9g12p0056][[37985,1],28][btl_tcp_proc.c:266:mca_btl_tcp_proc_create_interface_graph] Unable to find reachable pairing between local and remote interfaces
[b9g12p0056][[37985,1],28][btl_tcp_proc.c:266:mca_btl_tcp_proc_create_interface_graph] Unable to find reachable pairing between local and remote interfaces
[b9g12p0056][[37985,1],22][btl_tcp_proc.c:266:mca_btl_tcp_proc_create_interface_graph] Unable to find reachable pairing between local and remote interfaces
[b9g12p0056][[37985,1],22][btl_tcp_proc.c:266:mca_btl_tcp_proc_create_interface_graph] Unable to find reachable pairing between local and remote interfaces
[b9g12p0056][[37985,1],31][btl_tcp_proc.c:266:mca_btl_tcp_proc_create_interface_graph] Unable to find reachable pairing between local and remote interfaces
[b9g12p0056][[37985,1],31][btl_tcp_proc.c:266:mca_btl_tcp_proc_create_interface_graph] Unable to find reachable pairing between local and remote interfaces
[b9g12p0056][[37985,1],0][btl_tcp_proc.c:266:mca_btl_tcp_proc_create_interface_graph] Unable to find reachable pairing between local and remote interfaces
[b9g12p0056][[37985,1],0][btl_tcp_proc.c:266:mca_btl_tcp_proc_create_interface_graph] Unable to find reachable pairing between local and remote interfaces
[b9g12p0056][[37985,1],17][btl_tcp_proc.c:266:mca_btl_tcp_proc_create_interface_graph] Unable to find reachable pairing between local and remote interfaces
[b9g12p0056][[37985,1],17][btl_tcp_proc.c:266:mca_btl_tcp_proc_create_interface_graph] Unable to find reachable pairing between local and remote interfaces
[b9g12p0056][[37985,1],27][btl_tcp_proc.c:266:mca_btl_tcp_proc_create_interface_graph] Unable to find reachable pairing between local and remote interfaces
[b9g12p0056][[37985,1],27][btl_tcp_proc.c:266:mca_btl_tcp_proc_create_interface_graph] Unable to find reachable pairing between local and remote interfaces
[b9g12p0056][[37985,1],11][btl_tcp_proc.c:266:mca_btl_tcp_proc_create_interface_graph] Unable to find reachable pairing between local and remote interfaces
[b9g12p0056][[37985,1],11][btl_tcp_proc.c:266:mca_btl_tcp_proc_create_interface_graph] Unable to find reachable pairing between local and remote interfaces
[b9g12p0056][[37985,1],15][btl_tcp_proc.c:266:mca_btl_tcp_proc_create_interface_graph] Unable to find reachable pairing between local and remote interfaces
[b9g12p0056][[37985,1],15][btl_tcp_proc.c:266:mca_btl_tcp_proc_create_interface_graph] Unable to find reachable pairing between local and remote interfaces
[b9g12p0056][[37985,1],10][btl_tcp_proc.c:266:mca_btl_tcp_proc_create_interface_graph] Unable to find reachable pairing between local and remote interfaces
[b9g12p0056][[37985,1],10][btl_tcp_proc.c:266:mca_btl_tcp_proc_create_interface_graph] Unable to find reachable pairing between local and remote interfaces
[b9g12p0056][[37985,1],8][btl_tcp_proc.c:266:mca_btl_tcp_proc_create_interface_graph] Unable to find reachable pairing between local and remote interfaces
[b9g12p0056][[37985,1],8][btl_tcp_proc.c:266:mca_btl_tcp_proc_create_interface_graph] Unable to find reachable pairing between local and remote interfaces
[b9g12p0056][[37985,1],5][btl_tcp_proc.c:266:mca_btl_tcp_proc_create_interface_graph] Unable to find reachable pairing between local and remote interfaces
[b9g12p0056][[37985,1],5][btl_tcp_proc.c:266:mca_btl_tcp_proc_create_interface_graph] Unable to find reachable pairing between local and remote interfaces
[b9g12p0056][[37985,1],7][btl_tcp_proc.c:266:mca_btl_tcp_proc_create_interface_graph] Unable to find reachable pairing between local and remote interfaces
[b9g12p0056][[37985,1],7][btl_tcp_proc.c:266:mca_btl_tcp_proc_create_interface_graph] Unable to find reachable pairing between local and remote interfaces
[b9g12p0056][[37985,1],4][btl_tcp_proc.c:266:mca_btl_tcp_proc_create_interface_graph] Unable to find reachable pairing between local and remote interfaces
[b9g12p0056][[37985,1],4][btl_tcp_proc.c:266:mca_btl_tcp_proc_create_interface_graph] Unable to find reachable pairing between local and remote interfaces
[b9g12p0056][[37985,1],14][btl_tcp_proc.c:266:mca_btl_tcp_proc_create_interface_graph] Unable to find reachable pairing between local and remote interfaces
[b9g12p0056][[37985,1],14][btl_tcp_proc.c:266:mca_btl_tcp_proc_create_interface_graph] Unable to find reachable pairing between local and remote interfaces
[b9g12p0056][[37985,1],30][btl_tcp_proc.c:266:mca_btl_tcp_proc_create_interface_graph] Unable to find reachable pairing between local and remote interfaces
[b9g12p0056][[37985,1],30][btl_tcp_proc.c:266:mca_btl_tcp_proc_create_interface_graph] Unable to find reachable pairing between local and remote interfaces
[b9g12p0056][[37985,1],13][btl_tcp_proc.c:266:mca_btl_tcp_proc_create_interface_graph] Unable to find reachable pairing between local and remote interfaces
[b9g12p0056][[37985,1],13][btl_tcp_proc.c:266:mca_btl_tcp_proc_create_interface_graph] Unable to find reachable pairing between local and remote interfaces
[b9g12p0056][[37985,1],6][btl_tcp_proc.c:266:mca_btl_tcp_proc_create_interface_graph] Unable to find reachable pairing between local and remote interfaces
[b9g12p0056][[37985,1],28][btl_tcp_proc.c:266:mca_btl_tcp_proc_create_interface_graph] Unable to find reachable pairing between local and remote interfaces
[b9g12p0056][[37985,1],28][btl_tcp_proc.c:266:mca_btl_tcp_proc_create_interface_graph] Unable to find reachable pairing between local and remote interfaces
[b9g12p0056][[37985,1],19][btl_tcp_proc.c:266:mca_btl_tcp_proc_create_interface_graph] Unable to find reachable pairing between local and remote interfaces
[b9g12p0056][[37985,1],22][btl_tcp_proc.c:266:mca_btl_tcp_proc_create_interface_graph] Unable to find reachable pairing between local and remote interfaces
[b9g12p0056][[37985,1],22][btl_tcp_proc.c:266:mca_btl_tcp_proc_create_interface_graph] Unable to find reachable pairing between local and remote interfaces
[b9g12p0056][[37985,1],10][btl_tcp_proc.c:266:mca_btl_tcp_proc_create_interface_graph] Unable to find reachable pairing between local and remote interfaces
[b9g12p0056][[37985,1],10][btl_tcp_proc.c:266:mca_btl_tcp_proc_create_interface_graph] Unable to find reachable pairing between local and remote interfaces
[b9g12p0056][[37985,1],31][btl_tcp_proc.c:266:mca_btl_tcp_proc_create_interface_graph] Unable to find reachable pairing between local and remote interfaces
[b9g12p0056][[37985,1],31][btl_tcp_proc.c:266:mca_btl_tcp_proc_create_interface_graph] Unable to find reachable pairing between local and remote interfaces
[b9g12p0056][[37985,1],17][btl_tcp_proc.c:266:mca_btl_tcp_proc_create_interface_graph] Unable to find reachable pairing between local and remote interfaces
[b9g12p0056][[37985,1],17][btl_tcp_proc.c:266:mca_btl_tcp_proc_create_interface_graph] Unable to find reachable pairing between local and remote interfaces
[b9g12p0056][[37985,1],5][btl_tcp_proc.c:266:mca_btl_tcp_proc_create_interface_graph] Unable to find reachable pairing between local and remote interfaces
[b9g12p0056][[37985,1],5][btl_tcp_proc.c:266:mca_btl_tcp_proc_create_interface_graph] Unable to find reachable pairing between local and remote interfaces
[b9g12p0056][[37985,1],27][btl_tcp_proc.c:266:mca_btl_tcp_proc_create_interface_graph] Unable to find reachable pairing between local and remote interfaces
[b9g12p0056][[37985,1],27][btl_tcp_proc.c:266:mca_btl_tcp_proc_create_interface_graph] Unable to find reachable pairing between local and remote interfaces
[b9g12p0056][[37985,1],4][btl_tcp_proc.c:266:mca_btl_tcp_proc_create_interface_graph] Unable to find reachable pairing between local and remote interfaces
[b9g12p0056][[37985,1],4][btl_tcp_proc.c:266:mca_btl_tcp_proc_create_interface_graph] Unable to find reachable pairing between local and remote interfaces
[b9g12p0056][[37985,1],0][btl_tcp_proc.c:266:mca_btl_tcp_proc_create_interface_graph] Unable to find reachable pairing between local and remote interfaces
[b9g12p0056][[37985,1],14][btl_tcp_proc.c:266:mca_btl_tcp_proc_create_interface_graph] Unable to find reachable pairing between local and remote interfaces
[b9g12p0056][[37985,1],14][btl_tcp_proc.c:266:mca_btl_tcp_proc_create_interface_graph] Unable to find reachable pairing between local and remote interfaces
[b9g12p0056][[37985,1],11][btl_tcp_proc.c:266:mca_btl_tcp_proc_create_interface_graph] Unable to find reachable pairing between local and remote interfaces
[b9g12p0056][[37985,1],8][btl_tcp_proc.c:266:mca_btl_tcp_proc_create_interface_graph] Unable to find reachable pairing between local and remote interfaces
[b9g12p0056][[37985,1],6][btl_tcp_proc.c:266:mca_btl_tcp_proc_create_interface_graph] Unable to find reachable pairing between local and remote interfaces
[b9g12p0056][[37985,1],6][btl_tcp_proc.c:266:mca_btl_tcp_proc_create_interface_graph] Unable to find reachable pairing between local and remote interfaces
[b9g12p0056][[37985,1],7][btl_tcp_proc.c:266:mca_btl_tcp_proc_create_interface_graph] Unable to find reachable pairing between local and remote interfaces
[b9g12p0056][[37985,1],15][btl_tcp_proc.c:266:mca_btl_tcp_proc_create_interface_graph] Unable to find reachable pairing between local and remote interfaces
[b9g12p0056][[37985,1],15][btl_tcp_proc.c:266:mca_btl_tcp_proc_create_interface_graph] Unable to find reachable pairing between local and remote interfaces
[b9g12p0056][[37985,1],19][btl_tcp_proc.c:266:mca_btl_tcp_proc_create_interface_graph] Unable to find reachable pairing between local and remote interfaces
[b9g12p0056][[37985,1],30][btl_tcp_proc.c:266:mca_btl_tcp_proc_create_interface_graph] Unable to find reachable pairing between local and remote interfaces
[b9g12p0056][[37985,1],13][btl_tcp_proc.c:266:mca_btl_tcp_proc_create_interface_graph] Unable to find reachable pairing between local and remote interfaces
[b9g12p0056][[37985,1],28][btl_tcp_proc.c:266:mca_btl_tcp_proc_create_interface_graph] Unable to find reachable pairing between local and remote interfaces
[b9g12p0056][[37985,1],0][btl_tcp_proc.c:266:mca_btl_tcp_proc_create_interface_graph] Unable to find reachable pairing between local and remote interfaces
[b9g12p0056][[37985,1],5][btl_tcp_proc.c:266:mca_btl_tcp_proc_create_interface_graph] Unable to find reachable pairing between local and remote interfaces
[b9g12p0056][[37985,1],22][btl_tcp_proc.c:266:mca_btl_tcp_proc_create_interface_graph] Unable to find reachable pairing between local and remote interfaces
[b9g12p0056][[37985,1],11][btl_tcp_proc.c:266:mca_btl_tcp_proc_create_interface_graph] Unable to find reachable pairing between local and remote interfaces
[b9g12p0056][[37985,1],10][btl_tcp_proc.c:266:mca_btl_tcp_proc_create_interface_graph] Unable to find reachable pairing between local and remote interfaces
[b9g12p0056][[37985,1],10][btl_tcp_proc.c:266:mca_btl_tcp_proc_create_interface_graph] Unable to find reachable pairing between local and remote interfaces
[b9g12p0056][[37985,1],4][btl_tcp_proc.c:266:mca_btl_tcp_proc_create_interface_graph] Unable to find reachable pairing between local and remote interfaces
[b9g12p0056][[37985,1],4][btl_tcp_proc.c:266:mca_btl_tcp_proc_create_interface_graph] Unable to find reachable pairing between local and remote interfaces
[b9g12p0056][[37985,1],8][btl_tcp_proc.c:266:mca_btl_tcp_proc_create_interface_graph] Unable to find reachable pairing between local and remote interfaces
[b9g12p0056][[37985,1],7][btl_tcp_proc.c:266:mca_btl_tcp_proc_create_interface_graph] Unable to find reachable pairing between local and remote interfaces
[b9g12p0056][[37985,1],19][btl_tcp_proc.c:266:mca_btl_tcp_proc_create_interface_graph] Unable to find reachable pairing between local and remote interfaces
[b9g12p0056][[37985,1],19][btl_tcp_proc.c:266:mca_btl_tcp_proc_create_interface_graph] [b9g12p0056][[37985,1],31][btl_tcp_proc.c:266:mca_btl_tcp_proc_create_interface_graph] Unable to find reachable pairing between local and remote interfaces
[b9g12p0056][[37985,1],31][btl_tcp_proc.c:266:mca_btl_tcp_proc_create_interface_graph] Unable to find reachable pairing between local and remote interfaces
[b9g12p0056][[37985,1],14][btl_tcp_proc.c:266:mca_btl_tcp_proc_create_interface_graph] Unable to find reachable pairing between local and remote interfaces
[b9g12p0056][[37985,1],14][btl_tcp_proc.c:266:mca_btl_tcp_proc_create_interface_graph] Unable to find reachable pairing between local and remote interfaces
[b9g12p0056][[37985,1],17][btl_tcp_proc.c:266:mca_btl_tcp_proc_create_interface_graph] Unable to find reachable pairing between local and remote interfaces
[b9g12p0056][[37985,1],17][btl_tcp_proc.c:266:mca_btl_tcp_proc_create_interface_graph] Unable to find reachable pairing between local and remote interfaces
[b9g12p0056][[37985,1],13][btl_tcp_proc.c:266:mca_btl_tcp_proc_create_interface_graph] Unable to find reachable pairing between local and remote interfaces
[b9g12p0056][[37985,1],13][btl_tcp_proc.c:266:mca_btl_tcp_proc_create_interface_graph] Unable to find reachable pairing between local and remote interfaces
[b9g12p0056][[37985,1],30][btl_tcp_proc.c:266:mca_btl_tcp_proc_create_interface_graph] Unable to find reachable pairing between local and remote interfaces
[b9g12p0056][[37985,1],30][btl_tcp_proc.c:266:mca_btl_tcp_proc_create_interface_graph] Unable to find reachable pairing between local and remote interfaces
[b9g12p0056][[37985,1],28][btl_tcp_proc.c:266:mca_btl_tcp_proc_create_interface_graph] Unable to find reachable pairing between local and remote interfaces
[b9g12p0056][[37985,1],28][btl_tcp_proc.c:266:mca_btl_tcp_proc_create_interface_graph] Unable to find reachable pairing between local and remote interfaces
[b9g12p0056][[37985,1],0][btl_tcp_proc.c:266:mca_btl_tcp_proc_create_interface_graph] Unable to find reachable pairing between local and remote interfaces
[b9g12p0056][[37985,1],0][btl_tcp_proc.c:266:mca_btl_tcp_proc_create_interface_graph] Unable to find reachable pairing between local and remote interfaces
[b9g12p0056][[37985,1],6][btl_tcp_proc.c:266:mca_btl_tcp_proc_create_interface_graph] Unable to find reachable pairing between local and remote interfaces
[b9g12p0056][[37985,1],6][btl_tcp_proc.c:266:mca_btl_tcp_proc_create_interface_graph] Unable to find reachable pairing between local and remote interfaces
[b9g12p0056][[37985,1],11][btl_tcp_proc.c:266:mca_btl_tcp_proc_create_interface_graph] Unable to find reachable pairing between local and remote interfaces
[b9g12p0056][[37985,1],11][btl_tcp_proc.c:266:mca_btl_tcp_proc_create_interface_graph] Unable to find reachable pairing between local and remote interfaces
[b9g12p0056][[37985,1],22][btl_tcp_proc.c:266:mca_btl_tcp_proc_create_interface_graph] Unable to find reachable pairing between local and remote interfaces
[b9g12p0056][[37985,1],15][btl_tcp_proc.c:266:mca_btl_tcp_proc_create_interface_graph] Unable to find reachable pairing between local and remote interfaces
[b9g12p0056][[37985,1],15][btl_tcp_proc.c:266:mca_btl_tcp_proc_create_interface_graph] Unable to find reachable pairing between local and remote interfaces
[b9g12p0056][[37985,1],5][btl_tcp_proc.c:266:mca_btl_tcp_proc_create_interface_graph] Unable to find reachable pairing between local and remote interfaces
[b9g12p0056][[37985,1],8][btl_tcp_proc.c:266:mca_btl_tcp_proc_create_interface_graph] Unable to find reachable pairing between local and remote interfaces
[b9g12p0056][[37985,1],8][btl_tcp_proc.c:266:mca_btl_tcp_proc_create_interface_graph] Unable to find reachable pairing between local and remote interfaces
[b9g12p0056][[37985,1],27][btl_tcp_proc.c:266:mca_btl_tcp_proc_create_interface_graph] Unable to find reachable pairing between local and remote interfaces
[b9g12p0056][[37985,1],27][btl_tcp_proc.c:266:mca_btl_tcp_proc_create_interface_graph] Unable to find reachable pairing between local and remote interfaces
Unable to find reachable pairing between local and remote interfaces
[b9g12p0056][[37985,1],19][btl_tcp_proc.c:266:mca_btl_tcp_proc_create_interface_graph] Unable to find reachable pairing between local and remote interfaces
[b9g12p0056][[37985,1],10][btl_tcp_proc.c:266:mca_btl_tcp_proc_create_interface_graph] Unable to find reachable pairing between local and remote interfaces
[b9g12p0056][[37985,1],31][btl_tcp_proc.c:266:mca_btl_tcp_proc_create_interface_graph] Unable to find reachable pairing between local and remote interfaces
[b9g12p0056][[37985,1],7][btl_tcp_proc.c:266:mca_btl_tcp_proc_create_interface_graph] Unable to find reachable pairing between local and remote interfaces
[b9g12p0056][[37985,1],5][btl_tcp_proc.c:266:mca_btl_tcp_proc_create_interface_graph] Unable to find reachable pairing between local and remote interfaces
[b9g12p0056][[37985,1],13][btl_tcp_proc.c:266:mca_btl_tcp_proc_create_interface_graph] Unable to find reachable pairing between local and remote interfaces
[b9g12p0056][[37985,1],22][btl_tcp_proc.c:266:mca_btl_tcp_proc_create_interface_graph] Unable to find reachable pairing between local and remote interfaces
[b9g12p0056][[37985,1],17][btl_tcp_proc.c:266:mca_btl_tcp_proc_create_interface_graph] Unable to find reachable pairing between local and remote interfaces
[b9g12p0056][[37985,1],14][btl_tcp_proc.c:266:mca_btl_tcp_proc_create_interface_graph] Unable to find reachable pairing between local and remote interfaces
[b9g12p0056][[37985,1],10][btl_tcp_proc.c:266:mca_btl_tcp_proc_create_interface_graph] Unable to find reachable pairing between local and remote interfaces
[b9g12p0056][[37985,1],30][btl_tcp_proc.c:266:mca_btl_tcp_proc_create_interface_graph] Unable to find reachable pairing between local and remote interfaces
[b9g12p0056][[37985,1],0][btl_tcp_proc.c:266:mca_btl_tcp_proc_create_interface_graph] Unable to find reachable pairing between local and remote interfaces
[b9g12p0056][[37985,1],11][btl_tcp_proc.c:266:mca_btl_tcp_proc_create_interface_graph] Unable to find reachable pairing between local and remote interfaces
[b9g12p0056][[37985,1],28][btl_tcp_proc.c:266:mca_btl_tcp_proc_create_interface_graph] Unable to find reachable pairing between local and remote interfaces
[b9g12p0056][[37985,1],7][btl_tcp_proc.c:266:mca_btl_tcp_proc_create_interface_graph] Unable to find reachable pairing between local and remote interfaces
[b9g12p0056][[37985,1],6][btl_tcp_proc.c:266:mca_btl_tcp_proc_create_interface_graph] Unable to find reachable pairing between local and remote interfaces
[b9g12p0056][[37985,1],15][btl_tcp_proc.c:266:mca_btl_tcp_proc_create_interface_graph] Unable to find reachable pairing between local and remote interfaces
[b9g12p0056][[37985,1],31][btl_tcp_proc.c:266:mca_btl_tcp_proc_create_interface_graph] Unable to find reachable pairing between local and remote interfaces
[b9g12p0056][[37985,1],27][btl_tcp_proc.c:266:mca_btl_tcp_proc_create_interface_graph] Unable to find reachable pairing between local and remote interfaces
[b9g12p0056][[37985,1],5][btl_tcp_proc.c:266:mca_btl_tcp_proc_create_interface_graph] Unable to find reachable pairing between local and remote interfaces
[b9g12p0056][[37985,1],8][btl_tcp_proc.c:266:mca_btl_tcp_proc_create_interface_graph] Unable to find reachable pairing between local and remote interfaces
[b9g12p0056][[37985,1],19][btl_tcp_proc.c:266:mca_btl_tcp_proc_create_interface_graph] Unable to find reachable pairing between local and remote interfaces
[b9g12p0056][[37985,1],13][btl_tcp_proc.c:266:mca_btl_tcp_proc_create_interface_graph] Unable to find reachable pairing between local and remote interfaces
[b9g12p0056][[37985,1],14][btl_tcp_proc.c:266:mca_btl_tcp_proc_create_interface_graph] Unable to find reachable pairing between local and remote interfaces
[b9g12p0056][[37985,1],14][btl_tcp_proc.c:266:mca_btl_tcp_proc_create_interface_graph] Unable to find reachable pairing between local and remote interfaces
[b9g12p0056][[37985,1],30][btl_tcp_proc.c:266:mca_btl_tcp_proc_create_interface_graph] Unable to find reachable pairing between local and remote interfaces
[b9g12p0056][[37985,1],22][btl_tcp_proc.c:266:mca_btl_tcp_proc_create_interface_graph] Unable to find reachable pairing between local and remote interfaces
[b9g12p0056][[37985,1],22][btl_tcp_proc.c:266:mca_btl_tcp_proc_create_interface_graph] Unable to find reachable pairing between local and remote interfaces
[b9g12p0056][[37985,1],10][btl_tcp_proc.c:266:mca_btl_tcp_proc_create_interface_graph] Unable to find reachable pairing between local and remote interfaces
[b9g12p0056][[37985,1],28][btl_tcp_proc.c:266:mca_btl_tcp_proc_create_interface_graph] Unable to find reachable pairing between local and remote interfaces
[b9g12p0056][[37985,1],28][btl_tcp_proc.c:266:mca_btl_tcp_proc_create_interface_graph] Unable to find reachable pairing between local and remote interfaces
[b9g12p0056][[37985,1],0][btl_tcp_proc.c:266:mca_btl_tcp_proc_create_interface_graph] Unable to find reachable pairing between local and remote interfaces
[b9g12p0056][[37985,1],0][btl_tcp_proc.c:266:mca_btl_tcp_proc_create_interface_graph] [b9g12p0056][[37985,1],3][btl_tcp_proc.c:266:mca_btl_tcp_proc_create_interface_graph] Unable to find reachable pairing between local and remote interfaces
[b9g12p0056][[37985,1],3][btl_tcp_proc.c:266:mca_btl_tcp_proc_create_interface_graph] Unable to find reachable pairing between local and remote interfaces
[b9g12p0056][[37985,1],17][btl_tcp_proc.c:266:mca_btl_tcp_proc_create_interface_graph] Unable to find reachable pairing between local and remote interfaces
[b9g12p0056][[37985,1],17][btl_tcp_proc.c:266:mca_btl_tcp_proc_create_interface_graph] Unable to find reachable pairing between local and remote interfaces
[b9g12p0056][[37985,1],6][btl_tcp_proc.c:266:mca_btl_tcp_proc_create_interface_graph] Unable to find reachable pairing between local and remote interfaces
[b9g12p0056][[37985,1],11][btl_tcp_proc.c:266:mca_btl_tcp_proc_create_interface_graph] Unable to find reachable pairing between local and remote interfaces
[b9g12p0056][[37985,1],5][btl_tcp_proc.c:266:mca_btl_tcp_proc_create_interface_graph] Unable to find reachable pairing between local and remote interfaces
[b9g12p0056][[37985,1],8][btl_tcp_proc.c:266:mca_btl_tcp_proc_create_interface_graph] Unable to find reachable pairing between local and remote interfaces
[b9g12p0056][[37985,1],8][btl_tcp_proc.c:266:mca_btl_tcp_proc_create_interface_graph] Unable to find reachable pairing between local and remote interfaces
[b9g12p0056][[37985,1],7][btl_tcp_proc.c:266:mca_btl_tcp_proc_create_interface_graph] Unable to find reachable pairing between local and remote interfaces
[b9g12p0056][[37985,1],7][btl_tcp_proc.c:266:mca_btl_tcp_proc_create_interface_graph] Unable to find reachable pairing between local and remote interfaces
[b9g12p0056][[37985,1],27][btl_tcp_proc.c:266:mca_btl_tcp_proc_create_interface_graph] Unable to find reachable pairing between local and remote interfaces
[b9g12p0056][[37985,1],27][btl_tcp_proc.c:266:mca_btl_tcp_proc_create_interface_graph] Unable to find reachable pairing between local and remote interfaces
[b9g12p0056][[37985,1],15][btl_tcp_proc.c:266:mca_btl_tcp_proc_create_interface_graph] Unable to find reachable pairing between local and remote interfaces
[b9g12p0056][[37985,1],15][btl_tcp_proc.c:266:mca_btl_tcp_proc_create_interface_graph] Unable to find reachable pairing between local and remote interfaces
[b9g12p0056][[37985,1],19][btl_tcp_proc.c:266:mca_btl_tcp_proc_create_interface_graph] Unable to find reachable pairing between local and remote interfaces
[b9g12p0056][[37985,1],19][btl_tcp_proc.c:266:mca_btl_tcp_proc_create_interface_graph] Unable to find reachable pairing between local and remote interfaces
[b9g12p0056][[37985,1],13][btl_tcp_proc.c:266:mca_btl_tcp_proc_create_interface_graph] Unable to find reachable pairing between local and remote interfaces
[b9g12p0056][[37985,1],13][btl_tcp_proc.c:266:mca_btl_tcp_proc_create_interface_graph] Unable to find reachable pairing between local and remote interfaces
[b9g12p0056][[37985,1],30][btl_tcp_proc.c:266:mca_btl_tcp_proc_create_interface_graph] Unable to find reachable pairing between local and remote interfaces
[b9g12p0056][[37985,1],30][btl_tcp_proc.c:266:mca_btl_tcp_proc_create_interface_graph] Unable to find reachable pairing between local and remote interfaces
[b9g12p0056][[37985,1],10][btl_tcp_proc.c:266:mca_btl_tcp_proc_create_interface_graph] Unable to find reachable pairing between local and remote interfaces
[b9g12p0056][[37985,1],10][btl_tcp_proc.c:266:mca_btl_tcp_proc_create_interface_graph] Unable to find reachable pairing between local and remote interfaces
Unable to find reachable pairing between local and remote interfaces
[b9g12p0056][[37985,1],0][btl_tcp_proc.c:266:mca_btl_tcp_proc_create_interface_graph] Unable to find reachable pairing between local and remote interfaces
[b9g12p0056][[37985,1],31][btl_tcp_proc.c:266:mca_btl_tcp_proc_create_interface_graph] Unable to find reachable pairing between local and remote interfaces
[b9g12p0056][[37985,1],11][btl_tcp_proc.c:266:mca_btl_tcp_proc_create_interface_graph] Unable to find reachable pairing between local and remote interfaces
[b9g12p0056][[37985,1],11][btl_tcp_proc.c:266:mca_btl_tcp_proc_create_interface_graph] [b9g12p0056][[37985,1],14][btl_tcp_proc.c:266:mca_btl_tcp_proc_create_interface_graph] Unable to find reachable pairing between local and remote interfaces
[b9g12p0056][[37985,1],14][btl_tcp_proc.c:266:mca_btl_tcp_proc_create_interface_graph] Unable to find reachable pairing between local and remote interfaces
[b9g12p0056][[37985,1],22][btl_tcp_proc.c:266:mca_btl_tcp_proc_create_interface_graph] Unable to find reachable pairing between local and remote interfaces
[b9g12p0056][[37985,1],22][btl_tcp_proc.c:266:mca_btl_tcp_proc_create_interface_graph] Unable to find reachable pairing between local and remote interfaces
[b9g12p0056][[37985,1],28][btl_tcp_proc.c:266:mca_btl_tcp_proc_create_interface_graph] Unable to find reachable pairing between local and remote interfaces
[b9g12p0056][[37985,1],28][btl_tcp_proc.c:266:mca_btl_tcp_proc_create_interface_graph] Unable to find reachable pairing between local and remote interfaces
[b9g12p0056][[37985,1],3][btl_tcp_proc.c:266:mca_btl_tcp_proc_create_interface_graph] Unable to find reachable pairing between local and remote interfaces
[b9g12p0056][[37985,1],17][btl_tcp_proc.c:266:mca_btl_tcp_proc_create_interface_graph] Unable to find reachable pairing between local and remote interfaces
[b9g12p0056][[37985,1],7][btl_tcp_proc.c:266:mca_btl_tcp_proc_create_interface_graph] Unable to find reachable pairing between local and remote interfaces
[b9g12p0056][[37985,1],27][btl_tcp_proc.c:266:mca_btl_tcp_proc_create_interface_graph] Unable to find reachable pairing between local and remote interfaces
[b9g12p0056][[37985,1],15][btl_tcp_proc.c:266:mca_btl_tcp_proc_create_interface_graph] Unable to find reachable pairing between local and remote interfaces
[b9g12p0056][[37985,1],13][btl_tcp_proc.c:266:mca_btl_tcp_proc_create_interface_graph] Unable to find reachable pairing between local and remote interfaces
Unable to find reachable pairing between local and remote interfaces
[b9g12p0056][[37985,1],31][btl_tcp_proc.c:266:mca_btl_tcp_proc_create_interface_graph] Unable to find reachable pairing between local and remote interfaces
[b9g12p0056][[37985,1],8][btl_tcp_proc.c:266:mca_btl_tcp_proc_create_interface_graph] Unable to find reachable pairing between local and remote interfaces
[b9g12p0056][[37985,1],19][btl_tcp_proc.c:266:mca_btl_tcp_proc_create_interface_graph] Unable to find reachable pairing between local and remote interfaces
[b9g12p0056][[37985,1],30][btl_tcp_proc.c:266:mca_btl_tcp_proc_create_interface_graph] Unable to find reachable pairing between local and remote interfaces
[b9g12p0056][[37985,1],10][btl_tcp_proc.c:266:mca_btl_tcp_proc_create_interface_graph] Unable to find reachable pairing between local and remote interfaces
[b9g12p0056][[37985,1],3][btl_tcp_proc.c:266:mca_btl_tcp_proc_create_interface_graph] Unable to find reachable pairing between local and remote interfaces
[b9g12p0056][[37985,1],3][btl_tcp_proc.c:266:mca_btl_tcp_proc_create_interface_graph] Unable to find reachable pairing between local and remote interfaces[b9g12p0056][[37985,1],0][btl_tcp_proc.c:266:mca_btl_tcp_proc_create_interface_graph] Unable to find reachable pairing between local and remote interfaces
[b9g12p0056][[37985,1],0][btl_tcp_proc.c:266:mca_btl_tcp_proc_create_interface_graph] Unable to find reachable pairing between local and remote interfaces
[b9g12p0056][[37985,1],22][btl_tcp_proc.c:266:mca_btl_tcp_proc_create_interface_graph] Unable to find reachable pairing between local and remote interfaces
[b9g12p0056][[37985,1],22][btl_tcp_proc.c:266:mca_btl_tcp_proc_create_interface_graph] Unable to find reachable pairing between local and remote interfaces
[b9g12p0056][[37985,1],28][btl_tcp_proc.c:266:mca_btl_tcp_proc_create_interface_graph] Unable to find reachable pairing between local and remote interfaces
[b9g12p0056][[37985,1],28][btl_tcp_proc.c:266:mca_btl_tcp_proc_create_interface_graph] Unable to find reachable pairing between local and remote interfaces
[b9g12p0056][[37985,1],17][btl_tcp_proc.c:266:mca_btl_tcp_proc_create_interface_graph] Unable to find reachable pairing between local and remote interfaces
[b9g12p0056][[37985,1],7][btl_tcp_proc.c:266:mca_btl_tcp_proc_create_interface_graph] Unable to find reachable pairing between local and remote interfaces
[b9g12p0056][[37985,1],13][btl_tcp_proc.c:266:mca_btl_tcp_proc_create_interface_graph] Unable to find reachable pairing between local and remote interfaces
[b9g12p0056][[37985,1],31][btl_tcp_proc.c:266:mca_btl_tcp_proc_create_interface_graph] Unable to find reachable pairing between local and remote interfaces
[b9g12p0056][[37985,1],27][btl_tcp_proc.c:266:mca_btl_tcp_proc_create_interface_graph] Unable to find reachable pairing between local and remote interfaces
[b9g12p0056][[37985,1],11][btl_tcp_proc.c:266:mca_btl_tcp_proc_create_interface_graph] Unable to find reachable pairing between local and remote interfaces
[b9g12p0056][[37985,1],8][btl_tcp_proc.c:266:mca_btl_tcp_proc_create_interface_graph] Unable to find reachable pairing between local and remote interfaces

[b9g12p0056][[37985,1],10][btl_tcp_proc.c:266:mca_btl_tcp_proc_create_interface_graph] Unable to find reachable pairing between local and remote interfaces
[b9g12p0056][[37985,1],10][btl_tcp_proc.c:266:mca_btl_tcp_proc_create_interface_graph] Unable to find reachable pairing between local and remote interfaces
[b9g12p0056][[37985,1],30][btl_tcp_proc.c:266:mca_btl_tcp_proc_create_interface_graph] Unable to find reachable pairing between local and remote interfaces
[b9g12p0056][[37985,1],19][btl_tcp_proc.c:266:mca_btl_tcp_proc_create_interface_graph] Unable to find reachable pairing between local and remote interfaces
[b9g12p0056][[37985,1],7][btl_tcp_proc.c:266:mca_btl_tcp_proc_create_interface_graph] Unable to find reachable pairing between local and remote interfaces
[b9g12p0056][[37985,1],13][btl_tcp_proc.c:266:mca_btl_tcp_proc_create_interface_graph] Unable to find reachable pairing between local and remote interfaces
[b9g12p0056][[37985,1],27][btl_tcp_proc.c:266:mca_btl_tcp_proc_create_interface_graph] Unable to find reachable pairing between local and remote interfaces
[b9g12p0056][[37985,1],8][btl_tcp_proc.c:266:mca_btl_tcp_proc_create_interface_graph] Unable to find reachable pairing between local and remote interfaces
[b9g12p0056][[37985,1],31][btl_tcp_proc.c:266:mca_btl_tcp_proc_create_interface_graph] Unable to find reachable pairing between local and remote interfaces
[b9g12p0056][[37985,1],3][btl_tcp_proc.c:266:mca_btl_tcp_proc_create_interface_graph] Unable to find reachable pairing between local and remote interfaces
[b9g12p0056][[37985,1],22][btl_tcp_proc.c:266:mca_btl_tcp_proc_create_interface_graph] Unable to find reachable pairing between local and remote interfaces
[b9g12p0056][[37985,1],0][btl_tcp_proc.c:266:mca_btl_tcp_proc_create_interface_graph] Unable to find reachable pairing between local and remote interfaces
[b9g12p0056][[37985,1],30][btl_tcp_proc.c:266:mca_btl_tcp_proc_create_interface_graph] Unable to find reachable pairing between local and remote interfaces
[b9g12p0056][[37985,1],11][btl_tcp_proc.c:266:mca_btl_tcp_proc_create_interface_graph] Unable to find reachable pairing between local and remote interfaces
[b9g12p0056][[37985,1],17][btl_tcp_proc.c:266:mca_btl_tcp_proc_create_interface_graph] Unable to find reachable pairing between local and remote interfaces
[b9g12p0056][[37985,1],10][btl_tcp_proc.c:266:mca_btl_tcp_proc_create_interface_graph] Unable to find reachable pairing between local and remote interfaces
[b9g12p0056][[37985,1],10][btl_tcp_proc.c:266:mca_btl_tcp_proc_create_interface_graph] Unable to find reachable pairing between local and remote interfaces
[b9g12p0056][[37985,1],19][btl_tcp_proc.c:266:mca_btl_tcp_proc_create_interface_graph] Unable to find reachable pairing between local and remote interfaces
[b9g12p0056][[37985,1],7][btl_tcp_proc.c:266:mca_btl_tcp_proc_create_interface_graph] Unable to find reachable pairing between local and remote interfaces
[b9g12p0056][[37985,1],3][btl_tcp_proc.c:266:mca_btl_tcp_proc_create_interface_graph] Unable to find reachable pairing between local and remote interfaces
[b9g12p0056][[37985,1],13][btl_tcp_proc.c:266:mca_btl_tcp_proc_create_interface_graph] Unable to find reachable pairing between local and remote interfaces
[b9g12p0056][[37985,1],31][btl_tcp_proc.c:266:mca_btl_tcp_proc_create_interface_graph] Unable to find reachable pairing between local and remote interfaces
[b9g12p0056][[37985,1],8][btl_tcp_proc.c:266:mca_btl_tcp_proc_create_interface_graph] Unable to find reachable pairing between local and remote interfaces
[b9g12p0056][[37985,1],22][btl_tcp_proc.c:266:mca_btl_tcp_proc_create_interface_graph] Unable to find reachable pairing between local and remote interfaces
[b9g12p0056][[37985,1],22][btl_tcp_proc.c:266:mca_btl_tcp_proc_create_interface_graph] Unable to find reachable pairing between local and remote interfaces
[b9g12p0056][[37985,1],30][btl_tcp_proc.c:266:mca_btl_tcp_proc_create_interface_graph] Unable to find reachable pairing between local and remote interfaces
[b9g12p0056][[37985,1],0][btl_tcp_proc.c:266:mca_btl_tcp_proc_create_interface_graph] Unable to find reachable pairing between local and remote interfaces
[b9g12p0056][[37985,1],27][btl_tcp_proc.c:266:mca_btl_tcp_proc_create_interface_graph] Unable to find reachable pairing between local and remote interfaces
[b9g12p0056][[37985,1],11][btl_tcp_proc.c:266:mca_btl_tcp_proc_create_interface_graph] Unable to find reachable pairing between local and remote interfaces
[b9g12p0056][[37985,1],21][btl_tcp_proc.c:266:mca_btl_tcp_proc_create_interface_graph] Unable to find reachable pairing between local and remote interfaces
[b9g12p0056][[37985,1],17][btl_tcp_proc.c:266:mca_btl_tcp_proc_create_interface_graph] Unable to find reachable pairing between local and remote interfaces
[b9g12p0056][[37985,1],10][btl_tcp_proc.c:266:mca_btl_tcp_proc_create_interface_graph] Unable to find reachable pairing between local and remote interfaces
[b9g12p0056][[37985,1],10][btl_tcp_proc.c:266:mca_btl_tcp_proc_create_interface_graph] Unable to find reachable pairing between local and remote interfaces
[b9g12p0056][[37985,1],3][btl_tcp_proc.c:266:mca_btl_tcp_proc_create_interface_graph] Unable to find reachable pairing between local and remote interfaces
[b9g12p0056][[37985,1],3][btl_tcp_proc.c:266:mca_btl_tcp_proc_create_interface_graph] Unable to find reachable pairing between local and remote interfaces
[b9g12p0056][[37985,1],31][btl_tcp_proc.c:266:mca_btl_tcp_proc_create_interface_graph] Unable to find reachable pairing between local and remote interfaces
[b9g12p0056][[37985,1],13][btl_tcp_proc.c:266:mca_btl_tcp_proc_create_interface_graph] Unable to find reachable pairing between local and remote interfaces
[b9g12p0056][[37985,1],19][btl_tcp_proc.c:266:mca_btl_tcp_proc_create_interface_graph] Unable to find reachable pairing between local and remote interfaces
[b9g12p0056][[37985,1],19][btl_tcp_proc.c:266:mca_btl_tcp_proc_create_interface_graph] [b9g12p0056][[37985,1],30][btl_tcp_proc.c:266:mca_btl_tcp_proc_create_interface_graph] Unable to find reachable pairing between local and remote interfaces
[b9g12p0056][[37985,1],21][btl_tcp_proc.c:266:mca_btl_tcp_proc_create_interface_graph] Unable to find reachable pairing between local and remote interfaces
[b9g12p0056][[37985,1],27][btl_tcp_proc.c:266:mca_btl_tcp_proc_create_interface_graph] Unable to find reachable pairing between local and remote interfaces
[b9g12p0056][[37985,1],22][btl_tcp_proc.c:266:mca_btl_tcp_proc_create_interface_graph] Unable to find reachable pairing between local and remote interfaces
[b9g12p0056][[37985,1],10][btl_tcp_proc.c:266:mca_btl_tcp_proc_create_interface_graph] Unable to find reachable pairing between local and remote interfaces
[b9g12p0056][[37985,1],13][btl_tcp_proc.c:266:mca_btl_tcp_proc_create_interface_graph] Unable to find reachable pairing between local and remote interfaces
[b9g12p0056][[37985,1],17][btl_tcp_proc.c:266:mca_btl_tcp_proc_create_interface_graph] Unable to find reachable pairing between local and remote interfaces
Unable to find reachable pairing between local and remote interfaces
[b9g12p0056][[37985,1],30][btl_tcp_proc.c:266:mca_btl_tcp_proc_create_interface_graph] Unable to find reachable pairing between local and remote interfaces
[b9g12p0056][[37985,1],3][btl_tcp_proc.c:266:mca_btl_tcp_proc_create_interface_graph] Unable to find reachable pairing between local and remote interfaces
[b9g12p0056][[37985,1],21][btl_tcp_proc.c:266:mca_btl_tcp_proc_create_interface_graph] Unable to find reachable pairing between local and remote interfaces
[b9g12p0056][[37985,1],22][btl_tcp_proc.c:266:mca_btl_tcp_proc_create_interface_graph] Unable to find reachable pairing between local and remote interfaces
[b9g12p0056][[37985,1],13][btl_tcp_proc.c:266:mca_btl_tcp_proc_create_interface_graph] Unable to find reachable pairing between local and remote interfaces
[b9g12p0056][[37985,1],19][btl_tcp_proc.c:266:mca_btl_tcp_proc_create_interface_graph] Unable to find reachable pairing between local and remote interfaces
[b9g12p0056][[37985,1],17][btl_tcp_proc.c:266:mca_btl_tcp_proc_create_interface_graph] Unable to find reachable pairing between local and remote interfaces
[b9g12p0056][[37985,1],30][btl_tcp_proc.c:266:mca_btl_tcp_proc_create_interface_graph] Unable to find reachable pairing between local and remote interfaces
[b9g12p0056][[37985,1],3][btl_tcp_proc.c:266:mca_btl_tcp_proc_create_interface_graph] Unable to find reachable pairing between local and remote interfaces
[b9g12p0056][[37985,1],21][btl_tcp_proc.c:266:mca_btl_tcp_proc_create_interface_graph] Unable to find reachable pairing between local and remote interfaces
[b9g12p0056][[37985,1],22][btl_tcp_proc.c:266:mca_btl_tcp_proc_create_interface_graph] Unable to find reachable pairing between local and remote interfaces
[b9g12p0056][[37985,1],19][btl_tcp_proc.c:266:mca_btl_tcp_proc_create_interface_graph] Unable to find reachable pairing between local and remote interfaces
[b9g12p0056][[37985,1],17][btl_tcp_proc.c:266:mca_btl_tcp_proc_create_interface_graph] Unable to find reachable pairing between local and remote interfaces
[b9g12p0056][[37985,1],30][btl_tcp_proc.c:266:mca_btl_tcp_proc_create_interface_graph] Unable to find reachable pairing between local and remote interfaces
[b9g12p0056][[37985,1],21][btl_tcp_proc.c:266:mca_btl_tcp_proc_create_interface_graph] Unable to find reachable pairing between local and remote interfaces
[b9g12p0056][[37985,1],3][btl_tcp_proc.c:266:mca_btl_tcp_proc_create_interface_graph] Unable to find reachable pairing between local and remote interfaces
[b9g12p0056][[37985,1],22][btl_tcp_proc.c:266:mca_btl_tcp_proc_create_interface_graph] Unable to find reachable pairing between local and remote interfaces
[b9g12p0056][[37985,1],17][btl_tcp_proc.c:266:mca_btl_tcp_proc_create_interface_graph] Unable to find reachable pairing between local and remote interfaces
[b9g12p0056][[37985,1],19][btl_tcp_proc.c:266:mca_btl_tcp_proc_create_interface_graph] Unable to find reachable pairing between local and remote interfaces
[b9g12p0056][[37985,1],21][btl_tcp_proc.c:266:mca_btl_tcp_proc_create_interface_graph] Unable to find reachable pairing between local and remote interfaces
[b9g12p0056][[37985,1],3][btl_tcp_proc.c:266:mca_btl_tcp_proc_create_interface_graph] Unable to find reachable pairing between local and remote interfaces
[b9g12p0056][[37985,1],22][btl_tcp_proc.c:266:mca_btl_tcp_proc_create_interface_graph] Unable to find reachable pairing between local and remote interfaces
[b9g12p0056][[37985,1],19][btl_tcp_proc.c:266:mca_btl_tcp_proc_create_interface_graph] Unable to find reachable pairing between local and remote interfaces
[b9g12p0056][[37985,1],21][btl_tcp_proc.c:266:mca_btl_tcp_proc_create_interface_graph] Unable to find reachable pairing between local and remote interfaces
[b9g12p0056][[37985,1],3][btl_tcp_proc.c:266:mca_btl_tcp_proc_create_interface_graph] Unable to find reachable pairing between local and remote interfaces
[b9g12p0056][[37985,1],22][btl_tcp_proc.c:266:mca_btl_tcp_proc_create_interface_graph] Unable to find reachable pairing between local and remote interfaces
[b9g12p0056][[37985,1],19][btl_tcp_proc.c:266:mca_btl_tcp_proc_create_interface_graph] Unable to find reachable pairing between local and remote interfaces
[b9g12p0056][[37985,1],21][btl_tcp_proc.c:266:mca_btl_tcp_proc_create_interface_graph] Unable to find reachable pairing between local and remote interfaces
[b9g12p0056][[37985,1],23][btl_tcp_proc.c:266:mca_btl_tcp_proc_create_interface_graph] Unable to find reachable pairing between local and remote interfaces
[b9g12p0056][[37985,1],3][btl_tcp_proc.c:266:mca_btl_tcp_proc_create_interface_graph] Unable to find reachable pairing between local and remote interfaces
[b9g12p0056][[37985,1],21][btl_tcp_proc.c:266:mca_btl_tcp_proc_create_interface_graph] Unable to find reachable pairing between local and remote interfaces
[b9g12p0056][[37985,1],19][btl_tcp_proc.c:266:mca_btl_tcp_proc_create_interface_graph] Unable to find reachable pairing between local and remote interfaces
[b9g12p0056][[37985,1],3][btl_tcp_proc.c:266:mca_btl_tcp_proc_create_interface_graph] Unable to find reachable pairing between local and remote interfaces
[b9g12p0056][[37985,1],23][btl_tcp_proc.c:266:mca_btl_tcp_proc_create_interface_graph] Unable to find reachable pairing between local and remote interfaces
[b9g12p0056][[37985,1],21][btl_tcp_proc.c:266:mca_btl_tcp_proc_create_interface_graph] Unable to find reachable pairing between local and remote interfaces
[b9g12p0056][[37985,1],19][btl_tcp_proc.c:266:mca_btl_tcp_proc_create_interface_graph] Unable to find reachable pairing between local and remote interfaces
[b9g12p0056][[37985,1],3][btl_tcp_proc.c:266:mca_btl_tcp_proc_create_interface_graph] Unable to find reachable pairing between local and remote interfaces
[b9g12p0056][[37985,1],23][btl_tcp_proc.c:266:mca_btl_tcp_proc_create_interface_graph] Unable to find reachable pairing between local and remote interfaces
[b9g12p0056][[37985,1],21][btl_tcp_proc.c:266:mca_btl_tcp_proc_create_interface_graph] Unable to find reachable pairing between local and remote interfaces
[b9g12p0056][[37985,1],19][btl_tcp_proc.c:266:mca_btl_tcp_proc_create_interface_graph] Unable to find reachable pairing between local and remote interfaces
[b9g12p0056][[37985,1],3][btl_tcp_proc.c:266:mca_btl_tcp_proc_create_interface_graph] Unable to find reachable pairing between local and remote interfaces
[b9g12p0056][[37985,1],21][btl_tcp_proc.c:266:mca_btl_tcp_proc_create_interface_graph] Unable to find reachable pairing between local and remote interfaces
[b9g12p0056][[37985,1],23][btl_tcp_proc.c:266:mca_btl_tcp_proc_create_interface_graph] Unable to find reachable pairing between local and remote interfaces
[b9g12p0056][[37985,1],23][btl_tcp_proc.c:266:mca_btl_tcp_proc_create_interface_graph] Unable to find reachable pairing between local and remote interfaces
[b9g12p0056][[37985,1],21][btl_tcp_proc.c:266:mca_btl_tcp_proc_create_interface_graph] Unable to find reachable pairing between local and remote interfaces
[b9g12p0056][[37985,1],3][btl_tcp_proc.c:266:mca_btl_tcp_proc_create_interface_graph] Unable to find reachable pairing between local and remote interfaces
[b9g12p0056][[37985,1],23][btl_tcp_proc.c:266:mca_btl_tcp_proc_create_interface_graph] Unable to find reachable pairing between local and remote interfaces
[b9g12p0056][[37985,1],21][btl_tcp_proc.c:266:mca_btl_tcp_proc_create_interface_graph] Unable to find reachable pairing between local and remote interfaces
[b9g12p0056][[37985,1],16][btl_tcp_proc.c:266:mca_btl_tcp_proc_create_interface_graph] Unable to find reachable pairing between local and remote interfaces
[b9g12p0056][[37985,1],3][btl_tcp_proc.c:266:mca_btl_tcp_proc_create_interface_graph] Unable to find reachable pairing between local and remote interfaces
[b9g12p0056][[37985,1],23][btl_tcp_proc.c:266:mca_btl_tcp_proc_create_interface_graph] Unable to find reachable pairing between local and remote interfaces
[b9g12p0056][[37985,1],21][btl_tcp_proc.c:266:mca_btl_tcp_proc_create_interface_graph] Unable to find reachable pairing between local and remote interfaces
[b9g12p0056][[37985,1],16][btl_tcp_proc.c:266:mca_btl_tcp_proc_create_interface_graph] Unable to find reachable pairing between local and remote interfaces
[b9g12p0056][[37985,1],3][btl_tcp_proc.c:266:mca_btl_tcp_proc_create_interface_graph] Unable to find reachable pairing between local and remote interfaces
[b9g12p0056][[37985,1],21][btl_tcp_proc.c:266:mca_btl_tcp_proc_create_interface_graph] Unable to find reachable pairing between local and remote interfaces
[b9g12p0056][[37985,1],23][btl_tcp_proc.c:266:mca_btl_tcp_proc_create_interface_graph] Unable to find reachable pairing between local and remote interfaces
[b9g12p0056][[37985,1],16][btl_tcp_proc.c:266:mca_btl_tcp_proc_create_interface_graph] Unable to find reachable pairing between local and remote interfaces
[b9g12p0056][[37985,1],3][btl_tcp_proc.c:266:mca_btl_tcp_proc_create_interface_graph] Unable to find reachable pairing between local and remote interfaces
[b9g12p0056][[37985,1],21][btl_tcp_proc.c:266:mca_btl_tcp_proc_create_interface_graph] Unable to find reachable pairing between local and remote interfaces
[b9g12p0056][[37985,1],23][btl_tcp_proc.c:266:mca_btl_tcp_proc_create_interface_graph] Unable to find reachable pairing between local and remote interfaces
[b9g12p0056][[37985,1],16][btl_tcp_proc.c:266:mca_btl_tcp_proc_create_interface_graph] Unable to find reachable pairing between local and remote interfaces
[b9g12p0056][[37985,1],3][btl_tcp_proc.c:266:mca_btl_tcp_proc_create_interface_graph] Unable to find reachable pairing between local and remote interfaces
[b9g12p0056][[37985,1],21][btl_tcp_proc.c:266:mca_btl_tcp_proc_create_interface_graph] Unable to find reachable pairing between local and remote interfaces
[b9g12p0056][[37985,1],23][btl_tcp_proc.c:266:mca_btl_tcp_proc_create_interface_graph] Unable to find reachable pairing between local and remote interfaces
[b9g12p0056][[37985,1],16][btl_tcp_proc.c:266:mca_btl_tcp_proc_create_interface_graph] Unable to find reachable pairing between local and remote interfaces
[b9g12p0056][[37985,1],3][btl_tcp_proc.c:266:mca_btl_tcp_proc_create_interface_graph] Unable to find reachable pairing between local and remote interfaces
[b9g12p0056][[37985,1],21][btl_tcp_proc.c:266:mca_btl_tcp_proc_create_interface_graph] Unable to find reachable pairing between local and remote interfaces
[b9g12p0056][[37985,1],23][btl_tcp_proc.c:266:mca_btl_tcp_proc_create_interface_graph] Unable to find reachable pairing between local and remote interfaces
[b9g12p0056][[37985,1],16][btl_tcp_proc.c:266:mca_btl_tcp_proc_create_interface_graph] Unable to find reachable pairing between local and remote interfaces
[b9g12p0056][[37985,1],21][btl_tcp_proc.c:266:mca_btl_tcp_proc_create_interface_graph] Unable to find reachable pairing between local and remote interfaces
[b9g12p0056][[37985,1],3][btl_tcp_proc.c:266:mca_btl_tcp_proc_create_interface_graph] Unable to find reachable pairing between local and remote interfaces
[b9g12p0056][[37985,1],16][btl_tcp_proc.c:266:mca_btl_tcp_proc_create_interface_graph] Unable to find reachable pairing between local and remote interfaces
[b9g12p0056][[37985,1],23][btl_tcp_proc.c:266:mca_btl_tcp_proc_create_interface_graph] Unable to find reachable pairing between local and remote interfaces
[b9g12p0056][[37985,1],29][btl_tcp_proc.c:266:mca_btl_tcp_proc_create_interface_graph] Unable to find reachable pairing between local and remote interfaces
[b9g12p0056][[37985,1],24][btl_tcp_proc.c:266:mca_btl_tcp_proc_create_interface_graph] Unable to find reachable pairing between local and remote interfaces
[b9g12p0056][[37985,1],3][btl_tcp_proc.c:266:mca_btl_tcp_proc_create_interface_graph] Unable to find reachable pairing between local and remote interfaces
[b9g12p0056][[37985,1],16][btl_tcp_proc.c:266:mca_btl_tcp_proc_create_interface_graph] Unable to find reachable pairing between local and remote interfaces
[b9g12p0056][[37985,1],21][btl_tcp_proc.c:266:mca_btl_tcp_proc_create_interface_graph] Unable to find reachable pairing between local and remote interfaces
[b9g12p0056][[37985,1],23][btl_tcp_proc.c:266:mca_btl_tcp_proc_create_interface_graph] Unable to find reachable pairing between local and remote interfaces
[b9g12p0056][[37985,1],29][btl_tcp_proc.c:266:mca_btl_tcp_proc_create_interface_graph] Unable to find reachable pairing between local and remote interfaces
[b9g12p0056][[37985,1],24][btl_tcp_proc.c:266:mca_btl_tcp_proc_create_interface_graph] Unable to find reachable pairing between local and remote interfaces
[b9g12p0056][[37985,1],3][btl_tcp_proc.c:266:mca_btl_tcp_proc_create_interface_graph] Unable to find reachable pairing between local and remote interfaces
[b9g12p0056][[37985,1],16][btl_tcp_proc.c:266:mca_btl_tcp_proc_create_interface_graph] Unable to find reachable pairing between local and remote interfaces
[b9g12p0056][[37985,1],21][btl_tcp_proc.c:266:mca_btl_tcp_proc_create_interface_graph] Unable to find reachable pairing between local and remote interfaces
[b9g12p0056][[37985,1],26][btl_tcp_proc.c:266:mca_btl_tcp_proc_create_interface_graph] Unable to find reachable pairing between local and remote interfaces
[b9g12p0056][[37985,1],23][btl_tcp_proc.c:266:mca_btl_tcp_proc_create_interface_graph] Unable to find reachable pairing between local and remote interfaces
[b9g12p0056][[37985,1],29][btl_tcp_proc.c:266:mca_btl_tcp_proc_create_interface_graph] Unable to find reachable pairing between local and remote interfaces
[b9g12p0056][[37985,1],3][btl_tcp_proc.c:266:mca_btl_tcp_proc_create_interface_graph] Unable to find reachable pairing between local and remote interfaces
[b9g12p0056][[37985,1],1][btl_tcp_proc.c:266:mca_btl_tcp_proc_create_interface_graph] Unable to find reachable pairing between local and remote interfaces
[b9g12p0056][[37985,1],16][btl_tcp_proc.c:266:mca_btl_tcp_proc_create_interface_graph] Unable to find reachable pairing between local and remote interfaces
[b9g12p0056][[37985,1],24][btl_tcp_proc.c:266:mca_btl_tcp_proc_create_interface_graph] Unable to find reachable pairing between local and remote interfaces
[b9g12p0056][[37985,1],21][btl_tcp_proc.c:266:mca_btl_tcp_proc_create_interface_graph] Unable to find reachable pairing between local and remote interfaces
[b9g12p0056][[37985,1],26][btl_tcp_proc.c:266:mca_btl_tcp_proc_create_interface_graph] Unable to find reachable pairing between local and remote interfaces
[b9g12p0056][[37985,1],23][btl_tcp_proc.c:266:mca_btl_tcp_proc_create_interface_graph] Unable to find reachable pairing between local and remote interfaces
[b9g12p0056][[37985,1],29][btl_tcp_proc.c:266:mca_btl_tcp_proc_create_interface_graph] Unable to find reachable pairing between local and remote interfaces
[b9g12p0056][[37985,1],3][btl_tcp_proc.c:266:mca_btl_tcp_proc_create_interface_graph] Unable to find reachable pairing between local and remote interfaces
[b9g12p0056][[37985,1],16][btl_tcp_proc.c:266:mca_btl_tcp_proc_create_interface_graph] Unable to find reachable pairing between local and remote interfaces
[b9g12p0056][[37985,1],1][btl_tcp_proc.c:266:mca_btl_tcp_proc_create_interface_graph] Unable to find reachable pairing between local and remote interfaces
[b9g12p0056][[37985,1],24][btl_tcp_proc.c:266:mca_btl_tcp_proc_create_interface_graph] Unable to find reachable pairing between local and remote interfaces
[b9g12p0056][[37985,1],26][btl_tcp_proc.c:266:mca_btl_tcp_proc_create_interface_graph] Unable to find reachable pairing between local and remote interfaces
[b9g12p0056][[37985,1],21][btl_tcp_proc.c:266:mca_btl_tcp_proc_create_interface_graph] Unable to find reachable pairing between local and remote interfaces
[b9g12p0056][[37985,1],12][btl_tcp_proc.c:266:mca_btl_tcp_proc_create_interface_graph] Unable to find reachable pairing between local and remote interfaces
[b9g12p0056][[37985,1],16][btl_tcp_proc.c:266:mca_btl_tcp_proc_create_interface_graph] Unable to find reachable pairing between local and remote interfaces
[b9g12p0056][[37985,1],3][btl_tcp_proc.c:266:mca_btl_tcp_proc_create_interface_graph] Unable to find reachable pairing between local and remote interfaces
[b9g12p0056][[37985,1],23][btl_tcp_proc.c:266:mca_btl_tcp_proc_create_interface_graph] Unable to find reachable pairing between local and remote interfaces
[b9g12p0056][[37985,1],29][btl_tcp_proc.c:266:mca_btl_tcp_proc_create_interface_graph] Unable to find reachable pairing between local and remote interfaces
[b9g12p0056][[37985,1],1][btl_tcp_proc.c:266:mca_btl_tcp_proc_create_interface_graph] Unable to find reachable pairing between local and remote interfaces
[b9g12p0056][[37985,1],24][btl_tcp_proc.c:266:mca_btl_tcp_proc_create_interface_graph] Unable to find reachable pairing between local and remote interfaces
[b9g12p0056][[37985,1],26][btl_tcp_proc.c:266:mca_btl_tcp_proc_create_interface_graph] Unable to find reachable pairing between local and remote interfaces
[b9g12p0056][[37985,1],21][btl_tcp_proc.c:266:mca_btl_tcp_proc_create_interface_graph] Unable to find reachable pairing between local and remote interfaces
[b9g12p0056][[37985,1],16][btl_tcp_proc.c:266:mca_btl_tcp_proc_create_interface_graph] Unable to find reachable pairing between local and remote interfaces
[b9g12p0056][[37985,1],12][btl_tcp_proc.c:266:mca_btl_tcp_proc_create_interface_graph] Unable to find reachable pairing between local and remote interfaces
[b9g12p0056][[37985,1],3][btl_tcp_proc.c:266:mca_btl_tcp_proc_create_interface_graph] Unable to find reachable pairing between local and remote interfaces
[b9g12p0056][[37985,1],23][btl_tcp_proc.c:266:mca_btl_tcp_proc_create_interface_graph] Unable to find reachable pairing between local and remote interfaces
[b9g12p0056][[37985,1],29][btl_tcp_proc.c:266:mca_btl_tcp_proc_create_interface_graph] Unable to find reachable pairing between local and remote interfaces
[b9g12p0056][[37985,1],1][btl_tcp_proc.c:266:mca_btl_tcp_proc_create_interface_graph] Unable to find reachable pairing between local and remote interfaces
[b9g12p0056][[37985,1],24][btl_tcp_proc.c:266:mca_btl_tcp_proc_create_interface_graph] Unable to find reachable pairing between local and remote interfaces
[b9g12p0056][[37985,1],16][btl_tcp_proc.c:266:mca_btl_tcp_proc_create_interface_graph] Unable to find reachable pairing between local and remote interfaces
[b9g12p0056][[37985,1],26][btl_tcp_proc.c:266:mca_btl_tcp_proc_create_interface_graph] Unable to find reachable pairing between local and remote interfaces
[b9g12p0056][[37985,1],21][btl_tcp_proc.c:266:mca_btl_tcp_proc_create_interface_graph] Unable to find reachable pairing between local and remote interfaces
[b9g12p0056][[37985,1],12][btl_tcp_proc.c:266:mca_btl_tcp_proc_create_interface_graph] Unable to find reachable pairing between local and remote interfaces
[b9g12p0056][[37985,1],23][btl_tcp_proc.c:266:mca_btl_tcp_proc_create_interface_graph] Unable to find reachable pairing between local and remote interfaces
[b9g12p0056][[37985,1],16][btl_tcp_proc.c:266:mca_btl_tcp_proc_create_interface_graph] Unable to find reachable pairing between local and remote interfaces
[b9g12p0056][[37985,1],24][btl_tcp_proc.c:266:mca_btl_tcp_proc_create_interface_graph] Unable to find reachable pairing between local and remote interfaces
[b9g12p0056][[37985,1],1][btl_tcp_proc.c:266:mca_btl_tcp_proc_create_interface_graph] Unable to find reachable pairing between local and remote interfaces
[b9g12p0056][[37985,1],26][btl_tcp_proc.c:266:mca_btl_tcp_proc_create_interface_graph] Unable to find reachable pairing between local and remote interfaces
[b9g12p0056][[37985,1],29][btl_tcp_proc.c:266:mca_btl_tcp_proc_create_interface_graph] Unable to find reachable pairing between local and remote interfaces
[b9g12p0056][[37985,1],21][btl_tcp_proc.c:266:mca_btl_tcp_proc_create_interface_graph] Unable to find reachable pairing between local and remote interfaces
[b9g12p0056][[37985,1],23][btl_tcp_proc.c:266:mca_btl_tcp_proc_create_interface_graph] Unable to find reachable pairing between local and remote interfaces
[b9g12p0056][[37985,1],12][btl_tcp_proc.c:266:mca_btl_tcp_proc_create_interface_graph] Unable to find reachable pairing between local and remote interfaces
[b9g12p0056][[37985,1],16][btl_tcp_proc.c:266:mca_btl_tcp_proc_create_interface_graph] Unable to find reachable pairing between local and remote interfaces
[b9g12p0056][[37985,1],24][btl_tcp_proc.c:266:mca_btl_tcp_proc_create_interface_graph] Unable to find reachable pairing between local and remote interfaces
[b9g12p0056][[37985,1],1][btl_tcp_proc.c:266:mca_btl_tcp_proc_create_interface_graph] Unable to find reachable pairing between local and remote interfaces
[b9g12p0056][[37985,1],29][btl_tcp_proc.c:266:mca_btl_tcp_proc_create_interface_graph] Unable to find reachable pairing between local and remote interfaces
[b9g12p0056][[37985,1],26][btl_tcp_proc.c:266:mca_btl_tcp_proc_create_interface_graph] Unable to find reachable pairing between local and remote interfaces
[b9g12p0056][[37985,1],21][btl_tcp_proc.c:266:mca_btl_tcp_proc_create_interface_graph] Unable to find reachable pairing between local and remote interfaces
[b9g12p0056][[37985,1],23][btl_tcp_proc.c:266:mca_btl_tcp_proc_create_interface_graph] Unable to find reachable pairing between local and remote interfaces
[b9g12p0056][[37985,1],12][btl_tcp_proc.c:266:mca_btl_tcp_proc_create_interface_graph] Unable to find reachable pairing between local and remote interfaces
[b9g12p0056][[37985,1],16][btl_tcp_proc.c:266:mca_btl_tcp_proc_create_interface_graph] Unable to find reachable pairing between local and remote interfaces
[b9g12p0056][[37985,1],1][btl_tcp_proc.c:266:mca_btl_tcp_proc_create_interface_graph] Unable to find reachable pairing between local and remote interfaces
[b9g12p0056][[37985,1],24][btl_tcp_proc.c:266:mca_btl_tcp_proc_create_interface_graph] Unable to find reachable pairing between local and remote interfaces
[b9g12p0056][[37985,1],26][btl_tcp_proc.c:266:mca_btl_tcp_proc_create_interface_graph] Unable to find reachable pairing between local and remote interfaces
[b9g12p0056][[37985,1],21][btl_tcp_proc.c:266:mca_btl_tcp_proc_create_interface_graph] Unable to find reachable pairing between local and remote interfaces
[b9g12p0056][[37985,1],29][btl_tcp_proc.c:266:mca_btl_tcp_proc_create_interface_graph] Unable to find reachable pairing between local and remote interfaces
[b9g12p0056][[37985,1],16][btl_tcp_proc.c:266:mca_btl_tcp_proc_create_interface_graph] Unable to find reachable pairing between local and remote interfaces
[b9g12p0056][[37985,1],23][btl_tcp_proc.c:266:mca_btl_tcp_proc_create_interface_graph] Unable to find reachable pairing between local and remote interfaces
[b9g12p0056][[37985,1],12][btl_tcp_proc.c:266:mca_btl_tcp_proc_create_interface_graph] Unable to find reachable pairing between local and remote interfaces
[b9g12p0056][[37985,1],1][btl_tcp_proc.c:266:mca_btl_tcp_proc_create_interface_graph] Unable to find reachable pairing between local and remote interfaces
[b9g12p0056][[37985,1],29][btl_tcp_proc.c:266:mca_btl_tcp_proc_create_interface_graph] Unable to find reachable pairing between local and remote interfaces
[b9g12p0056][[37985,1],24][btl_tcp_proc.c:266:mca_btl_tcp_proc_create_interface_graph] Unable to find reachable pairing between local and remote interfaces
[b9g12p0056][[37985,1],26][btl_tcp_proc.c:266:mca_btl_tcp_proc_create_interface_graph] Unable to find reachable pairing between local and remote interfaces
[b9g12p0056][[37985,1],21][btl_tcp_proc.c:266:mca_btl_tcp_proc_create_interface_graph] Unable to find reachable pairing between local and remote interfaces
[b9g12p0056][[37985,1],16][btl_tcp_proc.c:266:mca_btl_tcp_proc_create_interface_graph] Unable to find reachable pairing between local and remote interfaces
[b9g12p0056][[37985,1],23][btl_tcp_proc.c:266:mca_btl_tcp_proc_create_interface_graph] Unable to find reachable pairing between local and remote interfaces
[b9g12p0056][[37985,1],12][btl_tcp_proc.c:266:mca_btl_tcp_proc_create_interface_graph] Unable to find reachable pairing between local and remote interfaces
[b9g12p0056][[37985,1],1][btl_tcp_proc.c:266:mca_btl_tcp_proc_create_interface_graph] Unable to find reachable pairing between local and remote interfaces
[b9g12p0056][[37985,1],24][btl_tcp_proc.c:266:mca_btl_tcp_proc_create_interface_graph] Unable to find reachable pairing between local and remote interfaces
[b9g12p0056][[37985,1],29][btl_tcp_proc.c:266:mca_btl_tcp_proc_create_interface_graph] Unable to find reachable pairing between local and remote interfaces
[b9g12p0056][[37985,1],26][btl_tcp_proc.c:266:mca_btl_tcp_proc_create_interface_graph] Unable to find reachable pairing between local and remote interfaces
[b9g12p0056][[37985,1],16][btl_tcp_proc.c:266:mca_btl_tcp_proc_create_interface_graph] Unable to find reachable pairing between local and remote interfaces
[b9g12p0056][[37985,1],21][btl_tcp_proc.c:266:mca_btl_tcp_proc_create_interface_graph] Unable to find reachable pairing between local and remote interfaces
[b9g12p0056][[37985,1],18][btl_tcp_proc.c:266:mca_btl_tcp_proc_create_interface_graph] Unable to find reachable pairing between local and remote interfaces
[b9g12p0056][[37985,1],23][btl_tcp_proc.c:266:mca_btl_tcp_proc_create_interface_graph] Unable to find reachable pairing between local and remote interfaces
[b9g12p0056][[37985,1],12][btl_tcp_proc.c:266:mca_btl_tcp_proc_create_interface_graph] Unable to find reachable pairing between local and remote interfaces
[b9g12p0056][[37985,1],1][btl_tcp_proc.c:266:mca_btl_tcp_proc_create_interface_graph] Unable to find reachable pairing between local and remote interfaces
[b9g12p0056][[37985,1],16][btl_tcp_proc.c:266:mca_btl_tcp_proc_create_interface_graph] Unable to find reachable pairing between local and remote interfaces
[b9g12p0056][[37985,1],26][btl_tcp_proc.c:266:mca_btl_tcp_proc_create_interface_graph] Unable to find reachable pairing between local and remote interfaces
[b9g12p0056][[37985,1],24][btl_tcp_proc.c:266:mca_btl_tcp_proc_create_interface_graph] Unable to find reachable pairing between local and remote interfaces
[b9g12p0056][[37985,1],29][btl_tcp_proc.c:266:mca_btl_tcp_proc_create_interface_graph] Unable to find reachable pairing between local and remote interfaces
[b9g12p0056][[37985,1],9][btl_tcp_proc.c:266:mca_btl_tcp_proc_create_interface_graph] Unable to find reachable pairing between local and remote interfaces
[b9g12p0056][[37985,1],18][btl_tcp_proc.c:266:mca_btl_tcp_proc_create_interface_graph] Unable to find reachable pairing between local and remote interfaces
[b9g12p0056][[37985,1],23][btl_tcp_proc.c:266:mca_btl_tcp_proc_create_interface_graph] Unable to find reachable pairing between local and remote interfaces
[b9g12p0056][[37985,1],26][btl_tcp_proc.c:266:mca_btl_tcp_proc_create_interface_graph] Unable to find reachable pairing between local and remote interfaces
[b9g12p0056][[37985,1],12][btl_tcp_proc.c:266:mca_btl_tcp_proc_create_interface_graph] Unable to find reachable pairing between local and remote interfaces
[b9g12p0056][[37985,1],16][btl_tcp_proc.c:266:mca_btl_tcp_proc_create_interface_graph] Unable to find reachable pairing between local and remote interfaces
[b9g12p0056][[37985,1],1][btl_tcp_proc.c:266:mca_btl_tcp_proc_create_interface_graph] Unable to find reachable pairing between local and remote interfaces
[b9g12p0056][[37985,1],29][btl_tcp_proc.c:266:mca_btl_tcp_proc_create_interface_graph] Unable to find reachable pairing between local and remote interfaces
[b9g12p0056][[37985,1],24][btl_tcp_proc.c:266:mca_btl_tcp_proc_create_interface_graph] Unable to find reachable pairing between local and remote interfaces
[b9g12p0056][[37985,1],9][btl_tcp_proc.c:266:mca_btl_tcp_proc_create_interface_graph] Unable to find reachable pairing between local and remote interfaces
[b9g12p0056][[37985,1],26][btl_tcp_proc.c:266:mca_btl_tcp_proc_create_interface_graph] Unable to find reachable pairing between local and remote interfaces
[b9g12p0056][[37985,1],16][btl_tcp_proc.c:266:mca_btl_tcp_proc_create_interface_graph] Unable to find reachable pairing between local and remote interfaces
[b9g12p0056][[37985,1],23][btl_tcp_proc.c:266:mca_btl_tcp_proc_create_interface_graph] Unable to find reachable pairing between local and remote interfaces
[b9g12p0056][[37985,1],18][btl_tcp_proc.c:266:mca_btl_tcp_proc_create_interface_graph] Unable to find reachable pairing between local and remote interfaces
[b9g12p0056][[37985,1],24][btl_tcp_proc.c:266:mca_btl_tcp_proc_create_interface_graph] Unable to find reachable pairing between local and remote interfaces
[b9g12p0056][[37985,1],1][btl_tcp_proc.c:266:mca_btl_tcp_proc_create_interface_graph] Unable to find reachable pairing between local and remote interfaces
[b9g12p0056][[37985,1],12][btl_tcp_proc.c:266:mca_btl_tcp_proc_create_interface_graph] Unable to find reachable pairing between local and remote interfaces
[b9g12p0056][[37985,1],29][btl_tcp_proc.c:266:mca_btl_tcp_proc_create_interface_graph] Unable to find reachable pairing between local and remote interfaces
[b9g12p0056][[37985,1],9][btl_tcp_proc.c:266:mca_btl_tcp_proc_create_interface_graph] Unable to find reachable pairing between local and remote interfaces
[b9g12p0056][[37985,1],26][btl_tcp_proc.c:266:mca_btl_tcp_proc_create_interface_graph] Unable to find reachable pairing between local and remote interfaces
[b9g12p0056][[37985,1],16][btl_tcp_proc.c:266:mca_btl_tcp_proc_create_interface_graph] Unable to find reachable pairing between local and remote interfaces
[b9g12p0056][[37985,1],25][btl_tcp_proc.c:266:mca_btl_tcp_proc_create_interface_graph] Unable to find reachable pairing between local and remote interfaces
[b9g12p0056][[37985,1],1][btl_tcp_proc.c:266:mca_btl_tcp_proc_create_interface_graph] Unable to find reachable pairing between local and remote interfaces
[b9g12p0056][[37985,1],24][btl_tcp_proc.c:266:mca_btl_tcp_proc_create_interface_graph] Unable to find reachable pairing between local and remote interfaces
[b9g12p0056][[37985,1],29][btl_tcp_proc.c:266:mca_btl_tcp_proc_create_interface_graph] Unable to find reachable pairing between local and remote interfaces
[b9g12p0056][[37985,1],18][btl_tcp_proc.c:266:mca_btl_tcp_proc_create_interface_graph] Unable to find reachable pairing between local and remote interfaces
[b9g12p0056][[37985,1],23][btl_tcp_proc.c:266:mca_btl_tcp_proc_create_interface_graph] Unable to find reachable pairing between local and remote interfaces
[b9g12p0056][[37985,1],12][btl_tcp_proc.c:266:mca_btl_tcp_proc_create_interface_graph] Unable to find reachable pairing between local and remote interfaces
[b9g12p0056][[37985,1],9][btl_tcp_proc.c:266:mca_btl_tcp_proc_create_interface_graph] Unable to find reachable pairing between local and remote interfaces
[b9g12p0056][[37985,1],26][btl_tcp_proc.c:266:mca_btl_tcp_proc_create_interface_graph] Unable to find reachable pairing between local and remote interfaces
[b9g12p0056][[37985,1],16][btl_tcp_proc.c:266:mca_btl_tcp_proc_create_interface_graph] Unable to find reachable pairing between local and remote interfaces
[b9g12p0056][[37985,1],25][btl_tcp_proc.c:266:mca_btl_tcp_proc_create_interface_graph] Unable to find reachable pairing between local and remote interfaces
[b9g12p0056][[37985,1],1][btl_tcp_proc.c:266:mca_btl_tcp_proc_create_interface_graph] Unable to find reachable pairing between local and remote interfaces
[b9g12p0056][[37985,1],24][btl_tcp_proc.c:266:mca_btl_tcp_proc_create_interface_graph] Unable to find reachable pairing between local and remote interfaces
[b9g12p0056][[37985,1],18][btl_tcp_proc.c:266:mca_btl_tcp_proc_create_interface_graph] Unable to find reachable pairing between local and remote interfaces
[b9g12p0056][[37985,1],29][btl_tcp_proc.c:266:mca_btl_tcp_proc_create_interface_graph] Unable to find reachable pairing between local and remote interfaces
[b9g12p0056][[37985,1],26][btl_tcp_proc.c:266:mca_btl_tcp_proc_create_interface_graph] Unable to find reachable pairing between local and remote interfaces
[b9g12p0056][[37985,1],16][btl_tcp_proc.c:266:mca_btl_tcp_proc_create_interface_graph] Unable to find reachable pairing between local and remote interfaces
[b9g12p0056][[37985,1],9][btl_tcp_proc.c:266:mca_btl_tcp_proc_create_interface_graph] Unable to find reachable pairing between local and remote interfaces
[b9g12p0056][[37985,1],23][btl_tcp_proc.c:266:mca_btl_tcp_proc_create_interface_graph] Unable to find reachable pairing between local and remote interfaces
[b9g12p0056][[37985,1],12][btl_tcp_proc.c:266:mca_btl_tcp_proc_create_interface_graph] Unable to find reachable pairing between local and remote interfaces
[b9g12p0056][[37985,1],1][btl_tcp_proc.c:266:mca_btl_tcp_proc_create_interface_graph] Unable to find reachable pairing between local and remote interfaces
[b9g12p0056][[37985,1],24][btl_tcp_proc.c:266:mca_btl_tcp_proc_create_interface_graph] Unable to find reachable pairing between local and remote interfaces
[b9g12p0056][[37985,1],18][btl_tcp_proc.c:266:mca_btl_tcp_proc_create_interface_graph] Unable to find reachable pairing between local and remote interfaces
[b9g12p0056][[37985,1],25][btl_tcp_proc.c:266:mca_btl_tcp_proc_create_interface_graph] Unable to find reachable pairing between local and remote interfaces
[b9g12p0056][[37985,1],26][btl_tcp_proc.c:266:mca_btl_tcp_proc_create_interface_graph] Unable to find reachable pairing between local and remote interfaces
[b9g12p0056][[37985,1],29][btl_tcp_proc.c:266:mca_btl_tcp_proc_create_interface_graph] Unable to find reachable pairing between local and remote interfaces
[b9g12p0056][[37985,1],16][btl_tcp_proc.c:266:mca_btl_tcp_proc_create_interface_graph] Unable to find reachable pairing between local and remote interfaces
[b9g12p0056][[37985,1],9][btl_tcp_proc.c:266:mca_btl_tcp_proc_create_interface_graph] Unable to find reachable pairing between local and remote interfaces
[b9g12p0056][[37985,1],12][btl_tcp_proc.c:266:mca_btl_tcp_proc_create_interface_graph] Unable to find reachable pairing between local and remote interfaces
[b9g12p0056][[37985,1],23][btl_tcp_proc.c:266:mca_btl_tcp_proc_create_interface_graph] Unable to find reachable pairing between local and remote interfaces
[b9g12p0056][[37985,1],1][btl_tcp_proc.c:266:mca_btl_tcp_proc_create_interface_graph] Unable to find reachable pairing between local and remote interfaces
[b9g12p0056][[37985,1],18][btl_tcp_proc.c:266:mca_btl_tcp_proc_create_interface_graph] Unable to find reachable pairing between local and remote interfaces
[b9g12p0056][[37985,1],26][btl_tcp_proc.c:266:mca_btl_tcp_proc_create_interface_graph] Unable to find reachable pairing between local and remote interfaces
[b9g12p0056][[37985,1],24][btl_tcp_proc.c:266:mca_btl_tcp_proc_create_interface_graph] Unable to find reachable pairing between local and remote interfaces
[b9g12p0056][[37985,1],20][btl_tcp_proc.c:266:mca_btl_tcp_proc_create_interface_graph] Unable to find reachable pairing between local and remote interfaces
[b9g12p0056][[37985,1],29][btl_tcp_proc.c:266:mca_btl_tcp_proc_create_interface_graph] Unable to find reachable pairing between local and remote interfaces
[b9g12p0056][[37985,1],25][btl_tcp_proc.c:266:mca_btl_tcp_proc_create_interface_graph] Unable to find reachable pairing between local and remote interfaces
[b9g12p0056][[37985,1],9][btl_tcp_proc.c:266:mca_btl_tcp_proc_create_interface_graph] Unable to find reachable pairing between local and remote interfaces
[b9g12p0056][[37985,1],16][btl_tcp_proc.c:266:mca_btl_tcp_proc_create_interface_graph] Unable to find reachable pairing between local and remote interfaces
[b9g12p0056][[37985,1],26][btl_tcp_proc.c:266:mca_btl_tcp_proc_create_interface_graph] Unable to find reachable pairing between local and remote interfaces
[b9g12p0056][[37985,1],1][btl_tcp_proc.c:266:mca_btl_tcp_proc_create_interface_graph] Unable to find reachable pairing between local and remote interfaces
[b9g12p0056][[37985,1],12][btl_tcp_proc.c:266:mca_btl_tcp_proc_create_interface_graph] Unable to find reachable pairing between local and remote interfaces
[b9g12p0056][[37985,1],23][btl_tcp_proc.c:266:mca_btl_tcp_proc_create_interface_graph] Unable to find reachable pairing between local and remote interfaces
[b9g12p0056][[37985,1],24][btl_tcp_proc.c:266:mca_btl_tcp_proc_create_interface_graph] Unable to find reachable pairing between local and remote interfaces
[b9g12p0056][[37985,1],29][btl_tcp_proc.c:266:mca_btl_tcp_proc_create_interface_graph] Unable to find reachable pairing between local and remote interfaces
[b9g12p0056][[37985,1],25][btl_tcp_proc.c:266:mca_btl_tcp_proc_create_interface_graph] Unable to find reachable pairing between local and remote interfaces
[b9g12p0056][[37985,1],20][btl_tcp_proc.c:266:mca_btl_tcp_proc_create_interface_graph] Unable to find reachable pairing between local and remote interfaces
[b9g12p0056][[37985,1],18][btl_tcp_proc.c:266:mca_btl_tcp_proc_create_interface_graph] Unable to find reachable pairing between local and remote interfaces
[b9g12p0056][[37985,1],9][btl_tcp_proc.c:266:mca_btl_tcp_proc_create_interface_graph] Unable to find reachable pairing between local and remote interfaces
[b9g12p0056][[37985,1],16][btl_tcp_proc.c:266:mca_btl_tcp_proc_create_interface_graph] Unable to find reachable pairing between local and remote interfaces
[b9g12p0056][[37985,1],26][btl_tcp_proc.c:266:mca_btl_tcp_proc_create_interface_graph] Unable to find reachable pairing between local and remote interfaces
[b9g12p0056][[37985,1],1][btl_tcp_proc.c:266:mca_btl_tcp_proc_create_interface_graph] Unable to find reachable pairing between local and remote interfaces
[b9g12p0056][[37985,1],24][btl_tcp_proc.c:266:mca_btl_tcp_proc_create_interface_graph] Unable to find reachable pairing between local and remote interfaces
[b9g12p0056][[37985,1],12][btl_tcp_proc.c:266:mca_btl_tcp_proc_create_interface_graph] Unable to find reachable pairing between local and remote interfaces
[b9g12p0056][[37985,1],23][btl_tcp_proc.c:266:mca_btl_tcp_proc_create_interface_graph] Unable to find reachable pairing between local and remote interfaces
[b9g12p0056][[37985,1],29][btl_tcp_proc.c:266:mca_btl_tcp_proc_create_interface_graph] Unable to find reachable pairing between local and remote interfaces
[b9g12p0056][[37985,1],25][btl_tcp_proc.c:266:mca_btl_tcp_proc_create_interface_graph] Unable to find reachable pairing between local and remote interfaces
[b9g12p0056][[37985,1],9][btl_tcp_proc.c:266:mca_btl_tcp_proc_create_interface_graph] Unable to find reachable pairing between local and remote interfaces
[b9g12p0056][[37985,1],20][btl_tcp_proc.c:266:mca_btl_tcp_proc_create_interface_graph] Unable to find reachable pairing between local and remote interfaces
[b9g12p0056][[37985,1],18][btl_tcp_proc.c:266:mca_btl_tcp_proc_create_interface_graph] Unable to find reachable pairing between local and remote interfaces
[b9g12p0056][[37985,1],26][btl_tcp_proc.c:266:mca_btl_tcp_proc_create_interface_graph] Unable to find reachable pairing between local and remote interfaces
[b9g12p0056][[37985,1],16][btl_tcp_proc.c:266:mca_btl_tcp_proc_create_interface_graph] Unable to find reachable pairing between local and remote interfaces
[b9g12p0056][[37985,1],1][btl_tcp_proc.c:266:mca_btl_tcp_proc_create_interface_graph] Unable to find reachable pairing between local and remote interfaces
[b9g12p0056][[37985,1],2][btl_tcp_proc.c:266:mca_btl_tcp_proc_create_interface_graph] Unable to find reachable pairing between local and remote interfaces
[b9g12p0056][[37985,1],9][btl_tcp_proc.c:266:mca_btl_tcp_proc_create_interface_graph] Unable to find reachable pairing between local and remote interfaces
[b9g12p0056][[37985,1],25][btl_tcp_proc.c:266:mca_btl_tcp_proc_create_interface_graph] Unable to find reachable pairing between local and remote interfaces
[b9g12p0056][[37985,1],23][btl_tcp_proc.c:266:mca_btl_tcp_proc_create_interface_graph] Unable to find reachable pairing between local and remote interfaces
[b9g12p0056][[37985,1],24][btl_tcp_proc.c:266:mca_btl_tcp_proc_create_interface_graph] Unable to find reachable pairing between local and remote interfaces
[b9g12p0056][[37985,1],12][btl_tcp_proc.c:266:mca_btl_tcp_proc_create_interface_graph] Unable to find reachable pairing between local and remote interfaces
[b9g12p0056][[37985,1],29][btl_tcp_proc.c:266:mca_btl_tcp_proc_create_interface_graph] Unable to find reachable pairing between local and remote interfaces
[b9g12p0056][[37985,1],26][btl_tcp_proc.c:266:mca_btl_tcp_proc_create_interface_graph] Unable to find reachable pairing between local and remote interfaces
[b9g12p0056][[37985,1],26][btl_tcp_proc.c:266:mca_btl_tcp_proc_create_interface_graph] Unable to find reachable pairing between local and remote interfaces
[b9g12p0056][[37985,1],18][btl_tcp_proc.c:266:mca_btl_tcp_proc_create_interface_graph] Unable to find reachable pairing between local and remote interfaces
[b9g12p0056][[37985,1],20][btl_tcp_proc.c:266:mca_btl_tcp_proc_create_interface_graph] Unable to find reachable pairing between local and remote interfaces
[b9g12p0056][[37985,1],16][btl_tcp_proc.c:266:mca_btl_tcp_proc_create_interface_graph] Unable to find reachable pairing between local and remote interfaces
[b9g12p0056][[37985,1],1][btl_tcp_proc.c:266:mca_btl_tcp_proc_create_interface_graph] Unable to find reachable pairing between local and remote interfaces
[b9g12p0056][[37985,1],1][btl_tcp_proc.c:266:mca_btl_tcp_proc_create_interface_graph] Unable to find reachable pairing between local and remote interfaces
[b9g12p0056][[37985,1],2][btl_tcp_proc.c:266:mca_btl_tcp_proc_create_interface_graph] Unable to find reachable pairing between local and remote interfaces
[b9g12p0056][[37985,1],9][btl_tcp_proc.c:266:mca_btl_tcp_proc_create_interface_graph] Unable to find reachable pairing between local and remote interfaces
[b9g12p0056][[37985,1],9][btl_tcp_proc.c:266:mca_btl_tcp_proc_create_interface_graph] Unable to find reachable pairing between local and remote interfaces
[b9g12p0056][[37985,1],25][btl_tcp_proc.c:266:mca_btl_tcp_proc_create_interface_graph] Unable to find reachable pairing between local and remote interfaces
[b9g12p0056][[37985,1],12][btl_tcp_proc.c:266:mca_btl_tcp_proc_create_interface_graph] Unable to find reachable pairing between local and remote interfaces
[b9g12p0056][[37985,1],24][btl_tcp_proc.c:266:mca_btl_tcp_proc_create_interface_graph] Unable to find reachable pairing between local and remote interfaces
[b9g12p0056][[37985,1],29][btl_tcp_proc.c:266:mca_btl_tcp_proc_create_interface_graph] Unable to find reachable pairing between local and remote interfaces
[b9g12p0056][[37985,1],18][btl_tcp_proc.c:266:mca_btl_tcp_proc_create_interface_graph] Unable to find reachable pairing between local and remote interfaces
[b9g12p0056][[37985,1],20][btl_tcp_proc.c:266:mca_btl_tcp_proc_create_interface_graph] Unable to find reachable pairing between local and remote interfaces
[b9g12p0056][[37985,1],26][btl_tcp_proc.c:266:mca_btl_tcp_proc_create_interface_graph] Unable to find reachable pairing between local and remote interfaces
[b9g12p0056][[37985,1],25][btl_tcp_proc.c:266:mca_btl_tcp_proc_create_interface_graph] Unable to find reachable pairing between local and remote interfaces
[b9g12p0056][[37985,1],2][btl_tcp_proc.c:266:mca_btl_tcp_proc_create_interface_graph] Unable to find reachable pairing between local and remote interfaces
[b9g12p0056][[37985,1],24][btl_tcp_proc.c:266:mca_btl_tcp_proc_create_interface_graph] Unable to find reachable pairing between local and remote interfaces
[b9g12p0056][[37985,1],12][btl_tcp_proc.c:266:mca_btl_tcp_proc_create_interface_graph] Unable to find reachable pairing between local and remote interfaces
[b9g12p0056][[37985,1],9][btl_tcp_proc.c:266:mca_btl_tcp_proc_create_interface_graph] Unable to find reachable pairing between local and remote interfaces
[b9g12p0056][[37985,1],1][btl_tcp_proc.c:266:mca_btl_tcp_proc_create_interface_graph] Unable to find reachable pairing between local and remote interfaces
[b9g12p0056][[37985,1],29][btl_tcp_proc.c:266:mca_btl_tcp_proc_create_interface_graph] Unable to find reachable pairing between local and remote interfaces
[b9g12p0056][[37985,1],26][btl_tcp_proc.c:266:mca_btl_tcp_proc_create_interface_graph] Unable to find reachable pairing between local and remote interfaces
[b9g12p0056][[37985,1],18][btl_tcp_proc.c:266:mca_btl_tcp_proc_create_interface_graph] Unable to find reachable pairing between local and remote interfaces
[b9g12p0056][[37985,1],20][btl_tcp_proc.c:266:mca_btl_tcp_proc_create_interface_graph] Unable to find reachable pairing between local and remote interfaces
[b9g12p0056][[37985,1],25][btl_tcp_proc.c:266:mca_btl_tcp_proc_create_interface_graph] Unable to find reachable pairing between local and remote interfaces
[b9g12p0056][[37985,1],24][btl_tcp_proc.c:266:mca_btl_tcp_proc_create_interface_graph] Unable to find reachable pairing between local and remote interfaces
[b9g12p0056][[37985,1],9][btl_tcp_proc.c:266:mca_btl_tcp_proc_create_interface_graph] Unable to find reachable pairing between local and remote interfaces
[b9g12p0056][[37985,1],2][btl_tcp_proc.c:266:mca_btl_tcp_proc_create_interface_graph] Unable to find reachable pairing between local and remote interfaces
[b9g12p0056][[37985,1],26][btl_tcp_proc.c:266:mca_btl_tcp_proc_create_interface_graph] Unable to find reachable pairing between local and remote interfaces
[b9g12p0056][[37985,1],12][btl_tcp_proc.c:266:mca_btl_tcp_proc_create_interface_graph] Unable to find reachable pairing between local and remote interfaces
[b9g12p0056][[37985,1],20][btl_tcp_proc.c:266:mca_btl_tcp_proc_create_interface_graph] Unable to find reachable pairing between local and remote interfaces
[b9g12p0056][[37985,1],18][btl_tcp_proc.c:266:mca_btl_tcp_proc_create_interface_graph] Unable to find reachable pairing between local and remote interfaces
[b9g12p0056][[37985,1],1][btl_tcp_proc.c:266:mca_btl_tcp_proc_create_interface_graph] Unable to find reachable pairing between local and remote interfaces
[b9g12p0056][[37985,1],29][btl_tcp_proc.c:266:mca_btl_tcp_proc_create_interface_graph] Unable to find reachable pairing between local and remote interfaces
[b9g12p0056][[37985,1],24][btl_tcp_proc.c:266:mca_btl_tcp_proc_create_interface_graph] Unable to find reachable pairing between local and remote interfaces
[b9g12p0056][[37985,1],25][btl_tcp_proc.c:266:mca_btl_tcp_proc_create_interface_graph] Unable to find reachable pairing between local and remote interfaces
[b9g12p0056][[37985,1],26][btl_tcp_proc.c:266:mca_btl_tcp_proc_create_interface_graph] Unable to find reachable pairing between local and remote interfaces
[b9g12p0056][[37985,1],9][btl_tcp_proc.c:266:mca_btl_tcp_proc_create_interface_graph] Unable to find reachable pairing between local and remote interfaces
[b9g12p0056][[37985,1],9][btl_tcp_proc.c:266:mca_btl_tcp_proc_create_interface_graph] Unable to find reachable pairing between local and remote interfaces
[b9g12p0056][[37985,1],2][btl_tcp_proc.c:266:mca_btl_tcp_proc_create_interface_graph] Unable to find reachable pairing between local and remote interfaces
[b9g12p0056][[37985,1],12][btl_tcp_proc.c:266:mca_btl_tcp_proc_create_interface_graph] Unable to find reachable pairing between local and remote interfaces
[b9g12p0056][[37985,1],20][btl_tcp_proc.c:266:mca_btl_tcp_proc_create_interface_graph] Unable to find reachable pairing between local and remote interfaces
[b9g12p0056][[37985,1],18][btl_tcp_proc.c:266:mca_btl_tcp_proc_create_interface_graph] Unable to find reachable pairing between local and remote interfaces
[b9g12p0056][[37985,1],24][btl_tcp_proc.c:266:mca_btl_tcp_proc_create_interface_graph] Unable to find reachable pairing between local and remote interfaces
[b9g12p0056][[37985,1],1][btl_tcp_proc.c:266:mca_btl_tcp_proc_create_interface_graph] Unable to find reachable pairing between local and remote interfaces
[b9g12p0056][[37985,1],26][btl_tcp_proc.c:266:mca_btl_tcp_proc_create_interface_graph] Unable to find reachable pairing between local and remote interfaces
[b9g12p0056][[37985,1],26][btl_tcp_proc.c:266:mca_btl_tcp_proc_create_interface_graph] [b9g12p0056][[37985,1],25][btl_tcp_proc.c:266:mca_btl_tcp_proc_create_interface_graph] Unable to find reachable pairing between local and remote interfaces
[b9g12p0056][[37985,1],29][btl_tcp_proc.c:266:mca_btl_tcp_proc_create_interface_graph] Unable to find reachable pairing between local and remote interfaces
[b9g12p0056][[37985,1],20][btl_tcp_proc.c:266:mca_btl_tcp_proc_create_interface_graph] Unable to find reachable pairing between local and remote interfaces
[b9g12p0056][[37985,1],2][btl_tcp_proc.c:266:mca_btl_tcp_proc_create_interface_graph] Unable to find reachable pairing between local and remote interfaces
[b9g12p0056][[37985,1],12][btl_tcp_proc.c:266:mca_btl_tcp_proc_create_interface_graph] Unable to find reachable pairing between local and remote interfaces
[b9g12p0056][[37985,1],24][btl_tcp_proc.c:266:mca_btl_tcp_proc_create_interface_graph] Unable to find reachable pairing between local and remote interfaces
Unable to find reachable pairing between local and remote interfaces
[b9g12p0056][[37985,1],9][btl_tcp_proc.c:266:mca_btl_tcp_proc_create_interface_graph] Unable to find reachable pairing between local and remote interfaces
[b9g12p0056][[37985,1],1][btl_tcp_proc.c:266:mca_btl_tcp_proc_create_interface_graph] Unable to find reachable pairing between local and remote interfaces
[b9g12p0056][[37985,1],18][btl_tcp_proc.c:266:mca_btl_tcp_proc_create_interface_graph] Unable to find reachable pairing between local and remote interfaces
[b9g12p0056][[37985,1],29][btl_tcp_proc.c:266:mca_btl_tcp_proc_create_interface_graph] Unable to find reachable pairing between local and remote interfaces
[b9g12p0056][[37985,1],20][btl_tcp_proc.c:266:mca_btl_tcp_proc_create_interface_graph] Unable to find reachable pairing between local and remote interfaces
[b9g12p0056][[37985,1],26][btl_tcp_proc.c:266:mca_btl_tcp_proc_create_interface_graph] Unable to find reachable pairing between local and remote interfaces
[b9g12p0056][[37985,1],24][btl_tcp_proc.c:266:mca_btl_tcp_proc_create_interface_graph] Unable to find reachable pairing between local and remote interfaces
[b9g12p0056][[37985,1],25][btl_tcp_proc.c:266:mca_btl_tcp_proc_create_interface_graph] Unable to find reachable pairing between local and remote interfaces
[b9g12p0056][[37985,1],9][btl_tcp_proc.c:266:mca_btl_tcp_proc_create_interface_graph] Unable to find reachable pairing between local and remote interfaces
[b9g12p0056][[37985,1],2][btl_tcp_proc.c:266:mca_btl_tcp_proc_create_interface_graph] Unable to find reachable pairing between local and remote interfaces
[b9g12p0056][[37985,1],12][btl_tcp_proc.c:266:mca_btl_tcp_proc_create_interface_graph] Unable to find reachable pairing between local and remote interfaces
[b9g12p0056][[37985,1],1][btl_tcp_proc.c:266:mca_btl_tcp_proc_create_interface_graph] Unable to find reachable pairing between local and remote interfaces
[b9g12p0056][[37985,1],18][btl_tcp_proc.c:266:mca_btl_tcp_proc_create_interface_graph] Unable to find reachable pairing between local and remote interfaces
[b9g12p0056][[37985,1],26][btl_tcp_proc.c:266:mca_btl_tcp_proc_create_interface_graph] Unable to find reachable pairing between local and remote interfaces
[b9g12p0056][[37985,1],20][btl_tcp_proc.c:266:mca_btl_tcp_proc_create_interface_graph] Unable to find reachable pairing between local and remote interfaces
[b9g12p0056][[37985,1],24][btl_tcp_proc.c:266:mca_btl_tcp_proc_create_interface_graph] Unable to find reachable pairing between local and remote interfaces
[b9g12p0056][[37985,1],9][btl_tcp_proc.c:266:mca_btl_tcp_proc_create_interface_graph] Unable to find reachable pairing between local and remote interfaces
[b9g12p0056][[37985,1],29][btl_tcp_proc.c:266:mca_btl_tcp_proc_create_interface_graph] Unable to find reachable pairing between local and remote interfaces
[b9g12p0056][[37985,1],2][btl_tcp_proc.c:266:mca_btl_tcp_proc_create_interface_graph] Unable to find reachable pairing between local and remote interfaces
[b9g12p0056][[37985,1],25][btl_tcp_proc.c:266:mca_btl_tcp_proc_create_interface_graph] Unable to find reachable pairing between local and remote interfaces
[b9g12p0056][[37985,1],1][btl_tcp_proc.c:266:mca_btl_tcp_proc_create_interface_graph] Unable to find reachable pairing between local and remote interfaces
[b9g12p0056][[37985,1],12][btl_tcp_proc.c:266:mca_btl_tcp_proc_create_interface_graph] Unable to find reachable pairing between local and remote interfaces
[b9g12p0056][[37985,1],18][btl_tcp_proc.c:266:mca_btl_tcp_proc_create_interface_graph] Unable to find reachable pairing between local and remote interfaces
[b9g12p0056][[37985,1],20][btl_tcp_proc.c:266:mca_btl_tcp_proc_create_interface_graph] Unable to find reachable pairing between local and remote interfaces
[b9g12p0056][[37985,1],24][btl_tcp_proc.c:266:mca_btl_tcp_proc_create_interface_graph] Unable to find reachable pairing between local and remote interfaces
[b9g12p0056][[37985,1],9][btl_tcp_proc.c:266:mca_btl_tcp_proc_create_interface_graph] Unable to find reachable pairing between local and remote interfaces
[b9g12p0056][[37985,1],2][btl_tcp_proc.c:266:mca_btl_tcp_proc_create_interface_graph] Unable to find reachable pairing between local and remote interfaces
[b9g12p0056][[37985,1],29][btl_tcp_proc.c:266:mca_btl_tcp_proc_create_interface_graph] Unable to find reachable pairing between local and remote interfaces
[b9g12p0056][[37985,1],1][btl_tcp_proc.c:266:mca_btl_tcp_proc_create_interface_graph] Unable to find reachable pairing between local and remote interfaces
[b9g12p0056][[37985,1],20][btl_tcp_proc.c:266:mca_btl_tcp_proc_create_interface_graph] Unable to find reachable pairing between local and remote interfaces
[b9g12p0056][[37985,1],24][btl_tcp_proc.c:266:mca_btl_tcp_proc_create_interface_graph] Unable to find reachable pairing between local and remote interfaces
[b9g12p0056][[37985,1],9][btl_tcp_proc.c:266:mca_btl_tcp_proc_create_interface_graph] Unable to find reachable pairing between local and remote interfaces
[b9g12p0056][[37985,1],12][btl_tcp_proc.c:266:mca_btl_tcp_proc_create_interface_graph] Unable to find reachable pairing between local and remote interfaces
[b9g12p0056][[37985,1],25][btl_tcp_proc.c:266:mca_btl_tcp_proc_create_interface_graph] Unable to find reachable pairing between local and remote interfaces
[b9g12p0056][[37985,1],18][btl_tcp_proc.c:266:mca_btl_tcp_proc_create_interface_graph] Unable to find reachable pairing between local and remote interfaces
[b9g12p0056][[37985,1],2][btl_tcp_proc.c:266:mca_btl_tcp_proc_create_interface_graph] Unable to find reachable pairing between local and remote interfaces
[b9g12p0056][[37985,1],29][btl_tcp_proc.c:266:mca_btl_tcp_proc_create_interface_graph] Unable to find reachable pairing between local and remote interfaces
[b9g12p0056][[37985,1],1][btl_tcp_proc.c:266:mca_btl_tcp_proc_create_interface_graph] Unable to find reachable pairing between local and remote interfaces
[b9g12p0056][[37985,1],9][btl_tcp_proc.c:266:mca_btl_tcp_proc_create_interface_graph] Unable to find reachable pairing between local and remote interfaces
[b9g12p0056][[37985,1],12][btl_tcp_proc.c:266:mca_btl_tcp_proc_create_interface_graph] Unable to find reachable pairing between local and remote interfaces
[b9g12p0056][[37985,1],20][btl_tcp_proc.c:266:mca_btl_tcp_proc_create_interface_graph] Unable to find reachable pairing between local and remote interfaces
[b9g12p0056][[37985,1],25][btl_tcp_proc.c:266:mca_btl_tcp_proc_create_interface_graph] Unable to find reachable pairing between local and remote interfaces
[b9g12p0056][[37985,1],18][btl_tcp_proc.c:266:mca_btl_tcp_proc_create_interface_graph] Unable to find reachable pairing between local and remote interfaces
[b9g12p0056][[37985,1],2][btl_tcp_proc.c:266:mca_btl_tcp_proc_create_interface_graph] Unable to find reachable pairing between local and remote interfaces
[b9g12p0056][[37985,1],29][btl_tcp_proc.c:266:mca_btl_tcp_proc_create_interface_graph] Unable to find reachable pairing between local and remote interfaces
[b9g12p0056][[37985,1],9][btl_tcp_proc.c:266:mca_btl_tcp_proc_create_interface_graph] Unable to find reachable pairing between local and remote interfaces
[b9g12p0056][[37985,1],1][btl_tcp_proc.c:266:mca_btl_tcp_proc_create_interface_graph] Unable to find reachable pairing between local and remote interfaces
[b9g12p0056][[37985,1],25][btl_tcp_proc.c:266:mca_btl_tcp_proc_create_interface_graph] Unable to find reachable pairing between local and remote interfaces
[b9g12p0056][[37985,1],20][btl_tcp_proc.c:266:mca_btl_tcp_proc_create_interface_graph] Unable to find reachable pairing between local and remote interfaces
[b9g12p0056][[37985,1],12][btl_tcp_proc.c:266:mca_btl_tcp_proc_create_interface_graph] Unable to find reachable pairing between local and remote interfaces
[b9g12p0056][[37985,1],18][btl_tcp_proc.c:266:mca_btl_tcp_proc_create_interface_graph] Unable to find reachable pairing between local and remote interfaces
[b9g12p0056][[37985,1],9][btl_tcp_proc.c:266:mca_btl_tcp_proc_create_interface_graph] Unable to find reachable pairing between local and remote interfaces
[b9g12p0056][[37985,1],29][btl_tcp_proc.c:266:mca_btl_tcp_proc_create_interface_graph] Unable to find reachable pairing between local and remote interfaces
[b9g12p0056][[37985,1],2][btl_tcp_proc.c:266:mca_btl_tcp_proc_create_interface_graph] Unable to find reachable pairing between local and remote interfaces
[b9g12p0056][[37985,1],1][btl_tcp_proc.c:266:mca_btl_tcp_proc_create_interface_graph] Unable to find reachable pairing between local and remote interfaces
[b9g12p0056][[37985,1],20][btl_tcp_proc.c:266:mca_btl_tcp_proc_create_interface_graph] Unable to find reachable pairing between local and remote interfaces
[b9g12p0056][[37985,1],25][btl_tcp_proc.c:266:mca_btl_tcp_proc_create_interface_graph] Unable to find reachable pairing between local and remote interfaces
[b9g12p0056][[37985,1],9][btl_tcp_proc.c:266:mca_btl_tcp_proc_create_interface_graph] Unable to find reachable pairing between local and remote interfaces
[b9g12p0056][[37985,1],12][btl_tcp_proc.c:266:mca_btl_tcp_proc_create_interface_graph] Unable to find reachable pairing between local and remote interfaces
[b9g12p0056][[37985,1],18][btl_tcp_proc.c:266:mca_btl_tcp_proc_create_interface_graph] Unable to find reachable pairing between local and remote interfaces
[b9g12p0056][[37985,1],20][btl_tcp_proc.c:266:mca_btl_tcp_proc_create_interface_graph] Unable to find reachable pairing between local and remote interfaces
[b9g12p0056][[37985,1],2][btl_tcp_proc.c:266:mca_btl_tcp_proc_create_interface_graph] Unable to find reachable pairing between local and remote interfaces
[b9g12p0056][[37985,1],9][btl_tcp_proc.c:266:mca_btl_tcp_proc_create_interface_graph] Unable to find reachable pairing between local and remote interfaces
[b9g12p0056][[37985,1],25][btl_tcp_proc.c:266:mca_btl_tcp_proc_create_interface_graph] Unable to find reachable pairing between local and remote interfaces
[b9g12p0056][[37985,1],12][btl_tcp_proc.c:266:mca_btl_tcp_proc_create_interface_graph] Unable to find reachable pairing between local and remote interfaces
[b9g12p0056][[37985,1],18][btl_tcp_proc.c:266:mca_btl_tcp_proc_create_interface_graph] Unable to find reachable pairing between local and remote interfaces
[b9g12p0056][[37985,1],20][btl_tcp_proc.c:266:mca_btl_tcp_proc_create_interface_graph] Unable to find reachable pairing between local and remote interfaces
[b9g12p0056][[37985,1],9][btl_tcp_proc.c:266:mca_btl_tcp_proc_create_interface_graph] Unable to find reachable pairing between local and remote interfaces
[b9g12p0056][[37985,1],2][btl_tcp_proc.c:266:mca_btl_tcp_proc_create_interface_graph] Unable to find reachable pairing between local and remote interfaces
[b9g12p0056][[37985,1],25][btl_tcp_proc.c:266:mca_btl_tcp_proc_create_interface_graph] Unable to find reachable pairing between local and remote interfaces
[b9g12p0056][[37985,1],20][btl_tcp_proc.c:266:mca_btl_tcp_proc_create_interface_graph] Unable to find reachable pairing between local and remote interfaces
[b9g12p0056][[37985,1],12][btl_tcp_proc.c:266:mca_btl_tcp_proc_create_interface_graph] Unable to find reachable pairing between local and remote interfaces
[b9g12p0056][[37985,1],18][btl_tcp_proc.c:266:mca_btl_tcp_proc_create_interface_graph] Unable to find reachable pairing between local and remote interfaces
[b9g12p0056][[37985,1],9][btl_tcp_proc.c:266:mca_btl_tcp_proc_create_interface_graph] Unable to find reachable pairing between local and remote interfaces
[b9g12p0056][[37985,1],2][btl_tcp_proc.c:266:mca_btl_tcp_proc_create_interface_graph] Unable to find reachable pairing between local and remote interfaces
[b9g12p0056][[37985,1],25][btl_tcp_proc.c:266:mca_btl_tcp_proc_create_interface_graph] Unable to find reachable pairing between local and remote interfaces
[b9g12p0056][[37985,1],20][btl_tcp_proc.c:266:mca_btl_tcp_proc_create_interface_graph] Unable to find reachable pairing between local and remote interfaces
[b9g12p0056][[37985,1],9][btl_tcp_proc.c:266:mca_btl_tcp_proc_create_interface_graph] Unable to find reachable pairing between local and remote interfaces
[b9g12p0056][[37985,1],12][btl_tcp_proc.c:266:mca_btl_tcp_proc_create_interface_graph] Unable to find reachable pairing between local and remote interfaces
[b9g12p0056][[37985,1],2][btl_tcp_proc.c:266:mca_btl_tcp_proc_create_interface_graph] Unable to find reachable pairing between local and remote interfaces
[b9g12p0056][[37985,1],18][btl_tcp_proc.c:266:mca_btl_tcp_proc_create_interface_graph] Unable to find reachable pairing between local and remote interfaces
[b9g12p0056][[37985,1],25][btl_tcp_proc.c:266:mca_btl_tcp_proc_create_interface_graph] Unable to find reachable pairing between local and remote interfaces
[b9g12p0056][[37985,1],20][btl_tcp_proc.c:266:mca_btl_tcp_proc_create_interface_graph] Unable to find reachable pairing between local and remote interfaces
[b9g12p0056][[37985,1],9][btl_tcp_proc.c:266:mca_btl_tcp_proc_create_interface_graph] Unable to find reachable pairing between local and remote interfaces
[b9g12p0056][[37985,1],2][btl_tcp_proc.c:266:mca_btl_tcp_proc_create_interface_graph] Unable to find reachable pairing between local and remote interfaces
[b9g12p0056][[37985,1],12][btl_tcp_proc.c:266:mca_btl_tcp_proc_create_interface_graph] Unable to find reachable pairing between local and remote interfaces
[b9g12p0056][[37985,1],18][btl_tcp_proc.c:266:mca_btl_tcp_proc_create_interface_graph] Unable to find reachable pairing between local and remote interfaces
[b9g12p0056][[37985,1],25][btl_tcp_proc.c:266:mca_btl_tcp_proc_create_interface_graph] Unable to find reachable pairing between local and remote interfaces
[b9g12p0056][[37985,1],20][btl_tcp_proc.c:266:mca_btl_tcp_proc_create_interface_graph] Unable to find reachable pairing between local and remote interfaces
[b9g12p0056][[37985,1],9][btl_tcp_proc.c:266:mca_btl_tcp_proc_create_interface_graph] Unable to find reachable pairing between local and remote interfaces
[b9g12p0056][[37985,1],2][btl_tcp_proc.c:266:mca_btl_tcp_proc_create_interface_graph] Unable to find reachable pairing between local and remote interfaces
[b9g12p0056][[37985,1],25][btl_tcp_proc.c:266:mca_btl_tcp_proc_create_interface_graph] Unable to find reachable pairing between local and remote interfaces
[b9g12p0056][[37985,1],18][btl_tcp_proc.c:266:mca_btl_tcp_proc_create_interface_graph] Unable to find reachable pairing between local and remote interfaces
[b9g12p0056][[37985,1],20][btl_tcp_proc.c:266:mca_btl_tcp_proc_create_interface_graph] Unable to find reachable pairing between local and remote interfaces
[b9g12p0056][[37985,1],2][btl_tcp_proc.c:266:mca_btl_tcp_proc_create_interface_graph] Unable to find reachable pairing between local and remote interfaces
[b9g12p0056][[37985,1],25][btl_tcp_proc.c:266:mca_btl_tcp_proc_create_interface_graph] Unable to find reachable pairing between local and remote interfaces
[b9g12p0056][[37985,1],18][btl_tcp_proc.c:266:mca_btl_tcp_proc_create_interface_graph] Unable to find reachable pairing between local and remote interfaces
[b9g12p0056][[37985,1],20][btl_tcp_proc.c:266:mca_btl_tcp_proc_create_interface_graph] Unable to find reachable pairing between local and remote interfaces
[b9g12p0056][[37985,1],2][btl_tcp_proc.c:266:mca_btl_tcp_proc_create_interface_graph] Unable to find reachable pairing between local and remote interfaces
[b9g12p0056][[37985,1],20][btl_tcp_proc.c:266:mca_btl_tcp_proc_create_interface_graph] Unable to find reachable pairing between local and remote interfaces
[b9g12p0056][[37985,1],25][btl_tcp_proc.c:266:mca_btl_tcp_proc_create_interface_graph] Unable to find reachable pairing between local and remote interfaces
[b9g12p0056][[37985,1],18][btl_tcp_proc.c:266:mca_btl_tcp_proc_create_interface_graph] Unable to find reachable pairing between local and remote interfaces
[b9g12p0056][[37985,1],2][btl_tcp_proc.c:266:mca_btl_tcp_proc_create_interface_graph] Unable to find reachable pairing between local and remote interfaces
[b9g12p0056][[37985,1],20][btl_tcp_proc.c:266:mca_btl_tcp_proc_create_interface_graph] Unable to find reachable pairing between local and remote interfaces
[b9g12p0056][[37985,1],25][btl_tcp_proc.c:266:mca_btl_tcp_proc_create_interface_graph] Unable to find reachable pairing between local and remote interfaces
[b9g12p0056][[37985,1],18][btl_tcp_proc.c:266:mca_btl_tcp_proc_create_interface_graph] Unable to find reachable pairing between local and remote interfaces
[b9g12p0056][[37985,1],2][btl_tcp_proc.c:266:mca_btl_tcp_proc_create_interface_graph] Unable to find reachable pairing between local and remote interfaces
[b9g12p0056][[37985,1],20][btl_tcp_proc.c:266:mca_btl_tcp_proc_create_interface_graph] Unable to find reachable pairing between local and remote interfaces
[b9g12p0056][[37985,1],25][btl_tcp_proc.c:266:mca_btl_tcp_proc_create_interface_graph] Unable to find reachable pairing between local and remote interfaces
[b9g12p0056][[37985,1],18][btl_tcp_proc.c:266:mca_btl_tcp_proc_create_interface_graph] Unable to find reachable pairing between local and remote interfaces
[b9g12p0056][[37985,1],2][btl_tcp_proc.c:266:mca_btl_tcp_proc_create_interface_graph] Unable to find reachable pairing between local and remote interfaces
[b9g12p0056][[37985,1],20][btl_tcp_proc.c:266:mca_btl_tcp_proc_create_interface_graph] Unable to find reachable pairing between local and remote interfaces
[b9g12p0056][[37985,1],25][btl_tcp_proc.c:266:mca_btl_tcp_proc_create_interface_graph] Unable to find reachable pairing between local and remote interfaces
[b9g12p0056][[37985,1],2][btl_tcp_proc.c:266:mca_btl_tcp_proc_create_interface_graph] Unable to find reachable pairing between local and remote interfaces
[b9g12p0056][[37985,1],18][btl_tcp_proc.c:266:mca_btl_tcp_proc_create_interface_graph] Unable to find reachable pairing between local and remote interfaces
[b9g12p0056][[37985,1],20][btl_tcp_proc.c:266:mca_btl_tcp_proc_create_interface_graph] Unable to find reachable pairing between local and remote interfaces
[b9g12p0056][[37985,1],25][btl_tcp_proc.c:266:mca_btl_tcp_proc_create_interface_graph] Unable to find reachable pairing between local and remote interfaces
[b9g12p0056][[37985,1],2][btl_tcp_proc.c:266:mca_btl_tcp_proc_create_interface_graph] Unable to find reachable pairing between local and remote interfaces
[b9g12p0056][[37985,1],20][btl_tcp_proc.c:266:mca_btl_tcp_proc_create_interface_graph] Unable to find reachable pairing between local and remote interfaces
[b9g12p0056][[37985,1],25][btl_tcp_proc.c:266:mca_btl_tcp_proc_create_interface_graph] Unable to find reachable pairing between local and remote interfaces
[b9g12p0056][[37985,1],2][btl_tcp_proc.c:266:mca_btl_tcp_proc_create_interface_graph] Unable to find reachable pairing between local and remote interfaces
[b9g12p0056][[37985,1],20][btl_tcp_proc.c:266:mca_btl_tcp_proc_create_interface_graph] Unable to find reachable pairing between local and remote interfaces
[b9g12p0056][[37985,1],2][btl_tcp_proc.c:266:mca_btl_tcp_proc_create_interface_graph] Unable to find reachable pairing between local and remote interfaces
[b9g12p0056][[37985,1],2][btl_tcp_proc.c:266:mca_btl_tcp_proc_create_interface_graph] Unable to find reachable pairing between local and remote interfaces
[b9g12p0056][[37985,1],2][btl_tcp_proc.c:266:mca_btl_tcp_proc_create_interface_graph] Unable to find reachable pairing between local and remote interfaces
[b9g12p0056][[37985,1],2][btl_tcp_proc.c:266:mca_btl_tcp_proc_create_interface_graph] Unable to find reachable pairing between local and remote interfaces
[b9g12p0056][[37985,1],2][btl_tcp_proc.c:266:mca_btl_tcp_proc_create_interface_graph] Unable to find reachable pairing between local and remote interfaces

     Program PWSCF v.7.5 starts on 29Sep2026 at  8:17:54 

     This program is part of the open-source Quantum ESPRESSO suite
     for quantum simulation of materials; please cite
         "P. Giannozzi et al., J. Phys.:Condens. Matter 21 395502 (2009);
         "P. Giannozzi et al., J. Phys.:Condens. Matter 29 465901 (2017);
         "P. Giannozzi et al., J. Chem. Phys. 152 154105 (2020);
          URL http://www.quantum-espresso.org", 
     in publications or presentations arising from this work. More details at
     http://www.quantum-espresso.org/quote

     Parallel version (MPI & OpenMP), running on      32 processor cores
     Number of MPI processes:                32
     Threads/MPI process:                     1

     MPI processes distributed on     1 nodes
     47785 MiB available memory on the printing compute node when the environment starts

     Reading input from spin_k3.in

     Current dimensions of program PWSCF are:
     Max number of different atomic species (ntypx) = 10
     Max number of k-points (npk) =  40000
     Max angular momentum in pseudopotentials (lmaxx) =  4
     file In.pbe-dn-kjpaw_psl.1.0.0.UPF: wavefunction(s)  5S 5P 4D renormalized
     file O.pbe-n-kjpaw_psl.1.0.0.UPF: wavefunction(s)  2S 2P renormalized
     file W.pbe-spn-kjpaw_psl.1.0.0.UPF: wavefunction(s)  6S 5P 5D renormalized
     Message from routine setup:
     using ibrav=0 with symmetry is DISCOURAGED, use correct ibrav instead

     K-points division:     npool     =       8
     R & G space division:  proc/nbgrp/npool/nimage =       4
     Subspace diagonalization in iterative solution of the eigenvalue problem:
     one sub-group per band group will be used
     ELPA distributed-memory algorithm (size of sub-group:  2*  2 procs)


     Parallelization info
     --------------------
     sticks:   dense  smooth     PW     G-vecs:    dense   smooth      PW
     Min        4285    2144    559               422161   149178   19899
     Max        4286    2145    561               422164   149179   19900
     Sum       17141    8577   2241              1688647   596713   79597

     Using Slab Decomposition



     bravais-lattice index     =            0
     lattice parameter (alat)  =      19.4757  a.u.
     unit-cell volume          =    7387.1755 (a.u.)^3
     number of atoms/cell      =           80
     number of atomic types    =            3
     number of electrons       =       705.00
     number of Kohn-Sham states=          424
     kinetic-energy cutoff     =      71.0000  Ry
     charge density cutoff     =     568.0000  Ry
     scf convergence threshold =      1.0E-09
     mixing beta               =       0.2000
     number of iterations used =            8  plain     mixing
     Exchange-correlation= SLA  PW   PBX  PBC
                           (   1   4   3   4   0   0   0)

     celldm(1)=  19.475688  celldm(2)=   0.000000  celldm(3)=   0.000000
     celldm(4)=   0.000000  celldm(5)=   0.000000  celldm(6)=   0.000000

     crystal axes: (cart. coord. in units of alat)
               a(1) = (   1.000000   0.000000   0.000000 )  
               a(2) = (   0.000000   1.000000   0.000000 )  
               a(3) = (   0.000000   0.000000   1.000000 )  

     reciprocal axes: (cart. coord. in units 2 pi/alat)
               b(1) = (  1.000000  0.000000  0.000000 )  
               b(2) = (  0.000000  1.000000  0.000000 )  
               b(3) = (  0.000000  0.000000  1.000000 )  


     PseudoPot. # 1 for In read from file:
     ./In.pbe-dn-kjpaw_psl.1.0.0.UPF
     MD5 check sum: 235b15e6a7fdfd96486e0ecdcb5b12c6
     Pseudo is Projector augmented-wave + core cor, Zval = 13.0
     Generated using &quot;atomic&quot; code by A. Dal Corso  v.6.3
     Shape of augmentation charge: PSQ
     Using radial grid of 1241 points,  6 beta functions with: 
                l(1) =   0
                l(2) =   0
                l(3) =   1
                l(4) =   1
                l(5) =   2
                l(6) =   2
     Q(r) pseudized with 0 coefficients 


     PseudoPot. # 2 for O  read from file:
     ./O.pbe-n-kjpaw_psl.1.0.0.UPF
     MD5 check sum: e99d9cef9b487d1ca56f5b95ecd0fd7a
     Pseudo is Projector augmented-wave + core cor, Zval =  6.0
     Generated using &quot;atomic&quot; code by A. Dal Corso  v.6.3
     Shape of augmentation charge: PSQ
     Using radial grid of 1095 points,  4 beta functions with: 
                l(1) =   0
                l(2) =   0
                l(3) =   1
                l(4) =   1
     Q(r) pseudized with 0 coefficients 


     PseudoPot. # 3 for W  read from file:
     ./W.pbe-spn-kjpaw_psl.1.0.0.UPF
     MD5 check sum: 03c3df5b60893f488392c7401945500a
     Pseudo is Projector augmented-wave + core cor, Zval = 14.0
     Generated using &quot;atomic&quot; code by A. Dal Corso  v.6.2.2
     Shape of augmentation charge: PSQ
     Using radial grid of 1273 points,  6 beta functions with: 
                l(1) =   0
                l(2) =   0
                l(3) =   1
                l(4) =   1
                l(5) =   2
                l(6) =   2
     Q(r) pseudized with 0 coefficients 


     atomic species   valence    mass     pseudopotential
     In               13.00   114.81800     In( 1.00)
     O                 6.00    15.99900     O ( 1.00)
     W                14.00   183.84000     W ( 1.00)

     Starting magnetic structure 
     atomic species   magnetization
     In              0.000
     O               0.000
     W               0.500

      2 Sym. Ops. (no inversion) found ( 1 have fractional translation)



   Cartesian axes

     site n.     atom                  positions (alat units)
         1        In     tau(   1) = (   0.2485188   0.2481745   0.2468825  )
         2        In     tau(   2) = (   0.7504522   0.2483970   0.2521549  )
         3        In     tau(   3) = (   0.2446959   0.2497903   0.7459228  )
         4        In     tau(   4) = (   0.2485188   0.7518255   0.2531175  )
         5        W      tau(   5) = (   0.4716237   0.5000000   0.7500000  )
         6        In     tau(   6) = (   0.0337739   0.5000000   0.2500000  )
         7        In     tau(   7) = (   0.7542652   0.4704829   0.4948139  )
         8        In     tau(   8) = (   0.2481102   0.0325113   0.4985293  )
         9        In     tau(   9) = (   0.5040808   0.7502603   0.4642848  )
        10        In     tau(  10) = (   0.5040808   0.2497397   0.0357152  )
        11        In     tau(  11) = (   0.0323869   0.0000000   0.7500000  )
        12        In     tau(  12) = (   0.4670686   0.0000000   0.2500000  )
        13        In     tau(  13) = (   0.7494375   0.0318532   0.0008492  )
        14        In     tau(  14) = (   0.2460502   0.4717058   0.0014403  )
        15        In     tau(  15) = (  -0.0020895   0.7509326   0.0338197  )
        16        In     tau(  16) = (  -0.0020895   0.2490674   0.4661803  )
        17        O      tau(  17) = (   0.3884770   0.1541709   0.3798558  )
        18        O      tau(  18) = (   0.6105104   0.3486692   0.3887477  )
        19        O      tau(  19) = (   0.1066344   0.1542556   0.6170618  )
        20        O      tau(  20) = (   0.8822524   0.3468179   0.6178339  )
        21        O      tau(  21) = (   0.3818580   0.3912003   0.1452877  )
        22        O      tau(  22) = (   0.3818580   0.6087997   0.3547123  )
        23        O      tau(  23) = (   0.6189693   0.1094502   0.1553639  )
        24        O      tau(  24) = (   0.6189693   0.8905498   0.3446361  )
        25        O      tau(  25) = (   0.1550989   0.3784446   0.3900578  )
        26        O      tau(  26) = (   0.3510458   0.3901702   0.6195688  )
        27        O      tau(  27) = (   0.1550989   0.6215554   0.1099422  )
        28        O      tau(  28) = (   0.3510458   0.6098298   0.8804312  )
        29        O      tau(  29) = (   0.1098150   0.3474102   0.1176679  )
        30        O      tau(  30) = (   0.8897567   0.1535576   0.1189382  )
        31        O      tau(  31) = (   0.4143025   0.3682526   0.8642662  )
        32        O      tau(  32) = (   0.6075402   0.1539729   0.8824001  )
        33        O      tau(  33) = (   0.1177168   0.1094305   0.3454082  )
        34        O      tau(  34) = (   0.1177168   0.8905695   0.1545918  )
        35        O      tau(  35) = (   0.8832981   0.3896791   0.3450594  )
        36        O      tau(  36) = (   0.8832981   0.6103209   0.1549406  )
        37        O      tau(  37) = (   0.3476036   0.1199607   0.1065155  )
        38        O      tau(  38) = (   0.1557109   0.1193342   0.8890252  )
        39        O      tau(  39) = (   0.3476036   0.8800393   0.3934845  )
        40        O      tau(  40) = (   0.1557109   0.8806658   0.6109748  )
        41        In     tau(  41) = (   0.7517314   0.7535391   0.7478916  )
        42        In     tau(  42) = (   0.2446959   0.7502097   0.7540772  )
        43        In     tau(  43) = (   0.7504522   0.7516030   0.2478451  )
        44        In     tau(  44) = (   0.7517314   0.2464609   0.7521084  )
        45        In     tau(  45) = (   0.9665403   0.0000000   0.2500000  )
        46        In     tau(  46) = (   0.5300386   0.0000000   0.7500000  )
        47        In     tau(  47) = (   0.2481102   0.9674887   0.0014707  )
        48        In     tau(  48) = (   0.7542652   0.5295171   0.0051861  )
        49        In     tau(  49) = (   0.0003912   0.2481510   0.9686429  )
        50        In     tau(  50) = (   0.0003912   0.7518490   0.5313571  )
        51        In     tau(  51) = (   0.5317891   0.5000000   0.2500000  )
        52        In     tau(  52) = (   0.9660191   0.5000000   0.7500000  )
        53        In     tau(  53) = (   0.2460502   0.5282942   0.4985597  )
        54        In     tau(  54) = (   0.7494375   0.9681468   0.4991508  )
        55        In     tau(  55) = (   0.4976926   0.2467461   0.5308814  )
        56        In     tau(  56) = (   0.4976926   0.7532539   0.9691186  )
        57        O      tau(  57) = (   0.8822524   0.6531821   0.8821661  )
        58        O      tau(  58) = (   0.1066344   0.8457444   0.8829382  )
        59        O      tau(  59) = (   0.6105104   0.6513308   0.1112523  )
        60        O      tau(  60) = (   0.3884770   0.8458291   0.1201442  )
        61        O      tau(  61) = (   0.8816757   0.8918159   0.6523196  )
        62        O      tau(  62) = (   0.8816757   0.1081841   0.8476804  )
        63        O      tau(  63) = (   0.1224593   0.6093951   0.6534033  )
        64        O      tau(  64) = (   0.1224593   0.3906049   0.8465967  )
        65        O      tau(  65) = (   0.6518494   0.8782125   0.8884124  )
        66        O      tau(  66) = (   0.8450987   0.8816038   0.1088699  )
        67        O      tau(  67) = (   0.6518494   0.1217875   0.6115876  )
        68        O      tau(  68) = (   0.8450987   0.1183962   0.3911301  )
        69        O      tau(  69) = (   0.6075402   0.8460271   0.6175999  )
        70        O      tau(  70) = (   0.4143025   0.6317474   0.6357338  )
        71        O      tau(  71) = (   0.8897567   0.8464424   0.3810618  )
        72        O      tau(  72) = (   0.1098150   0.6525898   0.3823321  )
        73        O      tau(  73) = (   0.6045783   0.5968622   0.8337442  )
        74        O      tau(  74) = (   0.6045783   0.4031378   0.6662558  )
        75        O      tau(  75) = (   0.3792233   0.8869542   0.8455974  )
        76        O      tau(  76) = (   0.3792233   0.1130458   0.6544026  )
        77        O      tau(  77) = (   0.8464415   0.6191669   0.6100172  )
        78        O      tau(  78) = (   0.6551270   0.6188669   0.3857230  )
        79        O      tau(  79) = (   0.8464415   0.3808331   0.8899828  )
        80        O      tau(  80) = (   0.6551270   0.3811331   0.1142770  )

     number of k points=    10  Marzari-Vanderbilt smearing, width (Ry)=  0.0100
                       cart. coord. in units 2pi/alat
        k(    1) = (   0.0000000   0.0000000   0.0000000), wk =   0.0370370
        k(    2) = (   0.0000000   0.0000000   0.3333333), wk =   0.0740741
        k(    3) = (   0.0000000   0.3333333   0.3333333), wk =   0.0740741
        k(    4) = (   0.3333333   0.3333333   0.3333333), wk =   0.1481481
        k(    5) = (   0.3333333   0.0000000   0.0000000), wk =   0.0740741
        k(    6) = (   0.0000000   0.3333333   0.0000000), wk =   0.0740741
        k(    7) = (   0.0000000   0.3333333  -0.3333333), wk =   0.0740741
        k(    8) = (   0.3333333   0.0000000  -0.3333333), wk =   0.1481481
        k(    9) = (   0.3333333  -0.3333333   0.0000000), wk =   0.1481481
        k(   10) = (  -0.3333333   0.3333333  -0.3333333), wk =   0.1481481

     Dense  grid:  1688647 G-vectors     FFT dimensions: ( 150, 150, 150)

     Smooth grid:   596713 G-vectors     FFT dimensions: ( 108, 108, 108)

     Estimated max dynamical RAM per process >       1.87 GB

     Estimated total dynamical RAM >      54.36 GB
     Generating pointlists ...
     new r_m :   0.0850 (alat units)  1.6562 (a.u.) for type    1
     new r_m :   0.0757 (alat units)  1.4748 (a.u.) for type    2
     new r_m :   0.0757 (alat units)  1.4748 (a.u.) for type    3

     Initial potential from superposition of free atoms

     starting charge     704.8841, renormalised to     705.0000
     Starting wfcs are  484 randomized atomic wfcs
     Checking if some PAW data can be deallocated... 

     total cpu time spent up to now is      116.2 secs

     per-process dynamical memory:  1041.8 Mb

     Self-consistent Calculation

     iteration #  1     ecut=    71.00 Ry     beta= 0.20
     Davidson diagonalization with overlap
     ethr =  1.00E-02,  avg # of iterations =  2.0

     negative rho (up, down):  0.000E+00 1.424E-04

     total cpu time spent up to now is      401.2 secs

     total energy              =  -15493.72095002 Ry
     estimated scf accuracy    <      25.27954767 Ry

     total magnetization       =     0.09 Bohr mag/cell
     absolute magnetization    =     1.17 Bohr mag/cell

     iteration #  2     ecut=    71.00 Ry     beta= 0.20
     Davidson diagonalization with overlap
     ethr =  3.59E-03,  avg # of iterations =  2.0

     negative rho (up, down):  0.000E+00 2.669E-03

     total cpu time spent up to now is      690.1 secs

     total energy              =  -15494.34107337 Ry
     estimated scf accuracy    <       5.70988428 Ry

     total magnetization       =     2.13 Bohr mag/cell
     absolute magnetization    =     2.79 Bohr mag/cell

     iteration #  3     ecut=    71.00 Ry     beta= 0.20
     Davidson diagonalization with overlap
     ethr =  8.10E-04,  avg # of iterations =  6.0

     negative rho (up, down):  6.106E-05 5.009E-03

     total cpu time spent up to now is     1034.7 secs

     total energy              =  -15495.93077562 Ry
     estimated scf accuracy    <       1.23674872 Ry

     total magnetization       =     0.16 Bohr mag/cell
     absolute magnetization    =     1.39 Bohr mag/cell

     iteration #  4     ecut=    71.00 Ry     beta= 0.20
     Davidson diagonalization with overlap
     ethr =  1.75E-04,  avg # of iterations =  5.5

     negative rho (up, down):  9.645E-04 8.426E-03

     total cpu time spent up to now is     1451.1 secs

     total energy              =  -15496.18931712 Ry
     estimated scf accuracy    <       0.69804886 Ry

     total magnetization       =     0.90 Bohr mag/cell
     absolute magnetization    =     1.77 Bohr mag/cell

     iteration #  5     ecut=    71.00 Ry     beta= 0.20
     Davidson diagonalization with overlap
     ethr =  9.90E-05,  avg # of iterations =  3.1

     negative rho (up, down):  1.089E-02 1.980E-02

     total cpu time spent up to now is     1768.2 secs

     total energy              =  -15496.37605322 Ry
     estimated scf accuracy    <       0.31221193 Ry

     total magnetization       =     0.95 Bohr mag/cell
     absolute magnetization    =     1.59 Bohr mag/cell

     iteration #  6     ecut=    71.00 Ry     beta= 0.20
     Davidson diagonalization with overlap
     ethr =  4.43E-05,  avg # of iterations = 12.5

     negative rho (up, down):  1.012E-02 1.855E-02

     total cpu time spent up to now is     2242.0 secs

     total energy              =  -15496.30993964 Ry
     estimated scf accuracy    <       0.43971854 Ry

     total magnetization       =     0.64 Bohr mag/cell
     absolute magnetization    =     1.01 Bohr mag/cell

     iteration #  7     ecut=    71.00 Ry     beta= 0.20
     Davidson diagonalization with overlap
     ethr =  4.43E-05,  avg # of iterations =  1.9

     negative rho (up, down):  1.111E-02 1.842E-02

     total cpu time spent up to now is     2507.0 secs

     total energy              =  -15496.32692705 Ry
     estimated scf accuracy    <       0.06711482 Ry

     total magnetization       =     0.76 Bohr mag/cell
     absolute magnetization    =     1.13 Bohr mag/cell

     iteration #  8     ecut=    71.00 Ry     beta= 0.20
     Davidson diagonalization with overlap
     c_bands:  3 eigenvalues not converged
     c_bands:  2 eigenvalues not converged
     ethr =  9.52E-06,  avg # of iterations = 13.8

     negative rho (up, down):  1.192E-02 1.773E-02

     total cpu time spent up to now is     2946.8 secs

     total energy              =  -15496.37320229 Ry
     estimated scf accuracy    <       0.01350725 Ry

     total magnetization       =     0.60 Bohr mag/cell
     absolute magnetization    =     0.90 Bohr mag/cell

     iteration #  9     ecut=    71.00 Ry     beta= 0.20
     Davidson diagonalization with overlap
     c_bands:  1 eigenvalues not converged
     ethr =  1.92E-06,  avg # of iterations = 11.9

     negative rho (up, down):  1.283E-02 1.790E-02

     total cpu time spent up to now is     3379.5 secs

     total energy              =  -15496.36855013 Ry
     estimated scf accuracy    <       0.04023370 Ry

     total magnetization       =     0.60 Bohr mag/cell
     absolute magnetization    =     0.87 Bohr mag/cell

     iteration # 10     ecut=    71.00 Ry     beta= 0.20
     Davidson diagonalization with overlap
     ethr =  1.92E-06,  avg # of iterations =  1.1

     negative rho (up, down):  1.332E-02 1.784E-02

     total cpu time spent up to now is     3635.9 secs

     total energy              =  -15496.36652557 Ry
     estimated scf accuracy    <       0.01562998 Ry

     total magnetization       =     0.63 Bohr mag/cell
     absolute magnetization    =     0.86 Bohr mag/cell

     iteration # 11     ecut=    71.00 Ry     beta= 0.20
     Davidson diagonalization with overlap
     ethr =  1.92E-06,  avg # of iterations =  2.0

     negative rho (up, down):  1.401E-02 1.790E-02

     total cpu time spent up to now is     3927.7 secs

     total energy              =  -15496.36649890 Ry
     estimated scf accuracy    <       0.00413515 Ry

     total magnetization       =     0.63 Bohr mag/cell
     absolute magnetization    =     0.83 Bohr mag/cell

     iteration # 12     ecut=    71.00 Ry     beta= 0.20
     Davidson diagonalization with overlap
     ethr =  5.87E-07,  avg # of iterations =  4.3

     negative rho (up, down):  1.414E-02 1.789E-02

     total cpu time spent up to now is     4252.3 secs

     total energy              =  -15496.36753026 Ry
     estimated scf accuracy    <       0.00019830 Ry

     total magnetization       =     0.63 Bohr mag/cell
     absolute magnetization    =     0.79 Bohr mag/cell

     iteration # 13     ecut=    71.00 Ry     beta= 0.20
     Davidson diagonalization with overlap
     ethr =  2.81E-08,  avg # of iterations =  6.9

     negative rho (up, down):  1.432E-02 1.792E-02

     total cpu time spent up to now is     4708.5 secs

     total energy              =  -15496.36792142 Ry
     estimated scf accuracy    <       0.00012451 Ry

     total magnetization       =     0.63 Bohr mag/cell
     absolute magnetization    =     0.77 Bohr mag/cell

     iteration # 14     ecut=    71.00 Ry     beta= 0.20
     Davidson diagonalization with overlap
     ethr =  1.77E-08,  avg # of iterations =  2.0

     negative rho (up, down):  1.432E-02 1.802E-02

     total cpu time spent up to now is     5004.0 secs

     total energy              =  -15496.36797799 Ry
     estimated scf accuracy    <       0.00001514 Ry

     total magnetization       =     0.63 Bohr mag/cell
     absolute magnetization    =     0.76 Bohr mag/cell

     iteration # 15     ecut=    71.00 Ry     beta= 0.20
     Davidson diagonalization with overlap
     ethr =  2.15E-09,  avg # of iterations =  5.0

     negative rho (up, down):  1.436E-02 1.807E-02

     total cpu time spent up to now is     5443.1 secs

     total energy              =  -15496.36799157 Ry
     estimated scf accuracy    <       0.00006076 Ry

     total magnetization       =     0.63 Bohr mag/cell
     absolute magnetization    =     0.75 Bohr mag/cell

     iteration # 16     ecut=    71.00 Ry     beta= 0.20
     Davidson diagonalization with overlap
     ethr =  2.15E-09,  avg # of iterations =  4.0

     negative rho (up, down):  1.442E-02 1.818E-02

     total cpu time spent up to now is     5844.2 secs

     total energy              =  -15496.36801572 Ry
     estimated scf accuracy    <       0.00000446 Ry

     total magnetization       =     0.62 Bohr mag/cell
     absolute magnetization    =     0.74 Bohr mag/cell

     iteration # 17     ecut=    71.00 Ry     beta= 0.20
     Davidson diagonalization with overlap
     ethr =  6.33E-10,  avg # of iterations =  4.5

     negative rho (up, down):  1.440E-02 1.820E-02

     total cpu time spent up to now is     6260.5 secs

     total energy              =  -15496.36801788 Ry
     estimated scf accuracy    <       0.00002049 Ry

     total magnetization       =     0.62 Bohr mag/cell
     absolute magnetization    =     0.73 Bohr mag/cell

     iteration # 18     ecut=    71.00 Ry     beta= 0.20
     Davidson diagonalization with overlap
     ethr =  6.33E-10,  avg # of iterations =  5.0

     negative rho (up, down):  1.439E-02 1.823E-02

     total cpu time spent up to now is     6687.4 secs

     total energy              =  -15496.36802770 Ry
     estimated scf accuracy    <       0.00000417 Ry

     total magnetization       =     0.62 Bohr mag/cell
     absolute magnetization    =     0.73 Bohr mag/cell

     iteration # 19     ecut=    71.00 Ry     beta= 0.20
     Davidson diagonalization with overlap
     ethr =  5.92E-10,  avg # of iterations =  2.0

     negative rho (up, down):  1.437E-02 1.823E-02

     total cpu time spent up to now is     6966.1 secs

     total energy              =  -15496.36803104 Ry
     estimated scf accuracy    <       0.00000024 Ry

     total magnetization       =     0.62 Bohr mag/cell
     absolute magnetization    =     0.73 Bohr mag/cell

     iteration # 20     ecut=    71.00 Ry     beta= 0.20
     Davidson diagonalization with overlap
     ethr =  3.38E-11,  avg # of iterations =  5.0

     negative rho (up, down):  1.437E-02 1.823E-02

     total cpu time spent up to now is     7414.7 secs

     total energy              =  -15496.36803324 Ry
     estimated scf accuracy    <       0.00000113 Ry

     total magnetization       =     0.62 Bohr mag/cell
     absolute magnetization    =     0.73 Bohr mag/cell

     iteration # 21     ecut=    71.00 Ry     beta= 0.20
     Davidson diagonalization with overlap
     ethr =  3.38E-11,  avg # of iterations =  1.0

     negative rho (up, down):  1.437E-02 1.823E-02

     total cpu time spent up to now is     7648.3 secs

     total energy              =  -15496.36803407 Ry
     estimated scf accuracy    <       0.00000079 Ry

     total magnetization       =     0.62 Bohr mag/cell
     absolute magnetization    =     0.73 Bohr mag/cell

     iteration # 22     ecut=    71.00 Ry     beta= 0.20
     Davidson diagonalization with overlap
     ethr =  3.38E-11,  avg # of iterations =  2.4

     negative rho (up, down):  1.437E-02 1.823E-02

     total cpu time spent up to now is     7942.8 secs

     total energy              =  -15496.36803471 Ry
     estimated scf accuracy    <       0.00000021 Ry

     total magnetization       =     0.62 Bohr mag/cell
     absolute magnetization    =     0.73 Bohr mag/cell

     iteration # 23     ecut=    71.00 Ry     beta= 0.20
     Davidson diagonalization with overlap
     ethr =  2.99E-11,  avg # of iterations =  5.8

     negative rho (up, down):  1.437E-02 1.823E-02

     total cpu time spent up to now is     8309.2 secs

     total energy              =  -15496.36803521 Ry
     estimated scf accuracy    <       0.00000002 Ry

     total magnetization       =     0.62 Bohr mag/cell
     absolute magnetization    =     0.73 Bohr mag/cell

     iteration # 24     ecut=    71.00 Ry     beta= 0.20
     Davidson diagonalization with overlap
     ethr =  2.46E-12,  avg # of iterations =  4.0

     negative rho (up, down):  1.437E-02 1.823E-02

     total cpu time spent up to now is     8629.8 secs

     total energy              =  -15496.36803548 Ry
     estimated scf accuracy    <          2.5E-09 Ry

     total magnetization       =     0.62 Bohr mag/cell
     absolute magnetization    =     0.72 Bohr mag/cell

     iteration # 25     ecut=    71.00 Ry     beta= 0.20
     Davidson diagonalization with overlap
     ethr =  3.54E-13,  avg # of iterations =  5.0

     negative rho (up, down):  1.437E-02 1.823E-02

     total cpu time spent up to now is     9028.5 secs

     total energy              =  -15496.36803565 Ry
     estimated scf accuracy    <          2.1E-09 Ry

     total magnetization       =     0.62 Bohr mag/cell
     absolute magnetization    =     0.72 Bohr mag/cell

     iteration # 26     ecut=    71.00 Ry     beta= 0.20
     Davidson diagonalization with overlap
     ethr =  2.97E-13,  avg # of iterations =  2.0

     negative rho (up, down):  1.437E-02 1.823E-02

     Magnetic moment per site  (integrated on atomic sphere of radius R)
     atom   1 (R=0.085)  charge=  9.2998  magn=  0.0001
     atom   2 (R=0.085)  charge=  9.3016  magn=  0.0002
     atom   3 (R=0.085)  charge=  9.3013  magn=  0.0026
     atom   4 (R=0.085)  charge=  9.2998  magn=  0.0001
     atom   5 (R=0.076)  charge=  8.2475  magn=  0.2016
     atom   6 (R=0.085)  charge=  9.3003  magn=  0.0001
     atom   7 (R=0.085)  charge=  9.2996  magn=  0.0001
     atom   8 (R=0.085)  charge=  9.2989  magn=  0.0001
     atom   9 (R=0.085)  charge=  9.2987  magn=  0.0008
     atom  10 (R=0.085)  charge=  9.2987  magn=  0.0008
     atom  11 (R=0.085)  charge=  9.3001  magn=  0.0002
     atom  12 (R=0.085)  charge=  9.2993  magn=  0.0003
     atom  13 (R=0.085)  charge=  9.2986  magn=  0.0001
     atom  14 (R=0.085)  charge=  9.3009  magn=  0.0011
     atom  15 (R=0.085)  charge=  9.3000  magn=  0.0001
     atom  16 (R=0.085)  charge=  9.3000  magn=  0.0001
     atom  17 (R=0.076)  charge=  5.1933  magn=  0.0012
     atom  18 (R=0.076)  charge=  5.1810  magn=  0.0048
     atom  19 (R=0.076)  charge=  5.1964  magn=  0.0014
     atom  20 (R=0.076)  charge=  5.1839  magn=  0.0009
     atom  21 (R=0.076)  charge=  5.1798  magn=  0.0011
     atom  22 (R=0.076)  charge=  5.1798  magn=  0.0011
     atom  23 (R=0.076)  charge=  5.1959  magn=  0.0004
     atom  24 (R=0.076)  charge=  5.1959  magn=  0.0004
     atom  25 (R=0.076)  charge=  5.1950  magn=  0.0013
     atom  26 (R=0.076)  charge=  5.2116  magn= -0.0045
     atom  27 (R=0.076)  charge=  5.1950  magn=  0.0013
     atom  28 (R=0.076)  charge=  5.2116  magn= -0.0045
     atom  29 (R=0.076)  charge=  5.1947  magn=  0.0011
     atom  30 (R=0.076)  charge=  5.1938  magn=  0.0004
     atom  31 (R=0.076)  charge=  5.2355  magn= -0.0062
     atom  32 (R=0.076)  charge=  5.1848  magn=  0.0007
     atom  33 (R=0.076)  charge=  5.1938  magn=  0.0004
     atom  34 (R=0.076)  charge=  5.1938  magn=  0.0004
     atom  35 (R=0.076)  charge=  5.1992  magn=  0.0014
     atom  36 (R=0.076)  charge=  5.1992  magn=  0.0014
     atom  37 (R=0.076)  charge=  5.1875  magn=  0.0005
     atom  38 (R=0.076)  charge=  5.1877  magn=  0.0012
     atom  39 (R=0.076)  charge=  5.1875  magn=  0.0005
     atom  40 (R=0.076)  charge=  5.1877  magn=  0.0012
     atom  41 (R=0.085)  charge=  9.2989  magn=  0.0003
     atom  42 (R=0.085)  charge=  9.3013  magn=  0.0026
     atom  43 (R=0.085)  charge=  9.3016  magn=  0.0002
     atom  44 (R=0.085)  charge=  9.2989  magn=  0.0003
     atom  45 (R=0.085)  charge=  9.3004  magn= -0.0001
     atom  46 (R=0.085)  charge=  9.2976  magn=  0.0002
     atom  47 (R=0.085)  charge=  9.2989  magn=  0.0001
     atom  48 (R=0.085)  charge=  9.2996  magn=  0.0001
     atom  49 (R=0.085)  charge=  9.2989  magn=  0.0001
     atom  50 (R=0.085)  charge=  9.2989  magn=  0.0001
     atom  51 (R=0.085)  charge=  9.2960  magn=  0.0005
     atom  52 (R=0.085)  charge=  9.2951  magn=  0.0012
     atom  53 (R=0.085)  charge=  9.3009  magn=  0.0011
     atom  54 (R=0.085)  charge=  9.2986  magn=  0.0001
     atom  55 (R=0.085)  charge=  9.3014  magn=  0.0056
     atom  56 (R=0.085)  charge=  9.3014  magn=  0.0056
     atom  57 (R=0.076)  charge=  5.1839  magn=  0.0009
     atom  58 (R=0.076)  charge=  5.1964  magn=  0.0014
     atom  59 (R=0.076)  charge=  5.1810  magn=  0.0048
     atom  60 (R=0.076)  charge=  5.1933  magn=  0.0012
     atom  61 (R=0.076)  charge=  5.1959  magn=  0.0012
     atom  62 (R=0.076)  charge=  5.1959  magn=  0.0012
     atom  63 (R=0.076)  charge=  5.1799  magn=  0.0005
     atom  64 (R=0.076)  charge=  5.1799  magn=  0.0005
     atom  65 (R=0.076)  charge=  5.1848  magn=  0.0023
     atom  66 (R=0.076)  charge=  5.2003  magn=  0.0006
     atom  67 (R=0.076)  charge=  5.1848  magn=  0.0023
     atom  68 (R=0.076)  charge=  5.2003  magn=  0.0006
     atom  69 (R=0.076)  charge=  5.1848  magn=  0.0007
     atom  70 (R=0.076)  charge=  5.2355  magn= -0.0062
     atom  71 (R=0.076)  charge=  5.1938  magn=  0.0004
     atom  72 (R=0.076)  charge=  5.1947  magn=  0.0011
     atom  73 (R=0.076)  charge=  5.2325  magn=  0.0093
     atom  74 (R=0.076)  charge=  5.2325  magn=  0.0093
     atom  75 (R=0.076)  charge=  5.1884  magn=  0.0050
     atom  76 (R=0.076)  charge=  5.1884  magn=  0.0050
     atom  77 (R=0.076)  charge=  5.1876  magn=  0.0011
     atom  78 (R=0.076)  charge=  5.1972  magn=  0.0011
     atom  79 (R=0.076)  charge=  5.1876  magn=  0.0011
     atom  80 (R=0.076)  charge=  5.1972  magn=  0.0011

     total cpu time spent up to now is     9292.2 secs

     End of self-consistent calculation

 ------ SPIN UP ------------


          k = 0.0000 0.0000 0.0000 ( 74653 PWs)   bands (ev):

   -66.0730 -30.4435 -30.2746 -30.2681  -9.6461  -9.1900  -9.0096  -8.9359
    -8.9055  -8.8726  -8.8688  -8.8267  -8.8182  -8.7749  -8.7455  -8.7245
    -8.7240  -8.7143  -8.6895  -8.6723  -8.6707  -8.6526  -8.6432  -8.6319
    -8.6166  -8.6037  -8.5420  -8.5248  -8.4865  -8.4777  -8.4702  -8.4469
    -8.4176  -8.4130  -8.4000  -8.3978  -8.3876  -8.3807  -8.3562  -8.3552
    -8.3550  -8.3354  -8.3194  -8.2932  -8.2842  -8.2629  -8.2586  -8.2137
    -8.1946  -8.1936  -8.1817  -8.0662  -4.3206  -4.3205  -4.3146  -4.2953
    -4.2783  -4.2740  -4.2699  -4.2565  -4.2561  -4.2501  -4.2500  -4.2470
    -4.2468  -4.2339  -4.2323  -4.2295  -4.2159  -4.2145  -4.2072  -4.2054
    -4.2046  -4.1983  -4.1983  -4.1919  -4.1854  -4.1843  -4.1750  -4.1740
    -4.1688  -4.1666  -4.1632  -4.1629  -4.1537  -4.1534  -4.1446  -4.1415
    -4.1414  -4.1370  -4.1348  -4.1333  -4.1289  -4.1228  -4.1228  -4.1177
    -4.1170  -4.1088  -4.1085  -4.1024  -4.0995  -4.0967  -4.0856  -4.0807
    -4.0795  -4.0703  -4.0691  -4.0664  -4.0657  -4.0582  -4.0566  -4.0517
    -4.0510  -4.0462  -4.0393  -4.0384  -4.0312  -4.0295  -4.0239  -4.0222
    -4.0164  -4.0146  -4.0141  -4.0094  -4.0064  -4.0007  -3.9959  -3.9882
    -3.9849  -3.9795  -3.9791  -3.9748  -3.9707  -3.9681  -3.9610  -3.9515
    -3.9495  -3.9477  -3.9440  -3.9317  -3.9305  -3.9273  -3.9231  -3.9168
    -3.9161  -3.9066  -3.9025  -3.8980  -3.8936  -3.8930  -3.8903  -3.8882
    -3.8868  -3.8792  -3.8680  -3.8672  -3.8626  -3.8604  -3.8535  -3.8423
    -3.8417  -3.8401  -3.8368  -3.8346  -3.8242  -3.8178  -3.8173  -3.8129
    -3.7995  -3.7951  -3.7918  -3.7830  -3.7824  -3.7699  -3.7558  -3.7453
    -3.7406  -3.7284  -3.7234  -3.7098  -3.7065  -3.7027  -3.6774  -3.6689
    -3.6591  -3.6074  -3.5942  -3.4903  -3.4346  -3.4075  -3.3726  -3.3578
    -3.3107  -3.2911  -3.2480  -3.2475  -3.2264  -3.1904  -3.1756  -3.1693
    -3.1266  -3.1207  -3.1005  -3.0620  -2.8790  -2.8433  -2.8390   2.7289
     2.8441   2.9288   2.9397   3.0377   3.0905   3.1183   3.1567   3.2480
     3.2695   3.3671   3.4352   3.5676   3.6005   3.6806   3.7388   3.7396
     3.8309   3.8420   3.9242   3.9377   3.9517   3.9662   4.0590   4.0636
     4.1959   4.2080   4.3091   4.3482   4.3517   4.5003   4.5653   4.6196
     4.6447   4.6491   4.6716   4.7253   4.7552   4.7822   4.8359   4.8867
     4.8869   4.9876   5.0067   5.0280   5.0745   5.1355   5.1525   5.2861
     5.2953   5.3283   5.3343   5.3520   5.4077   5.4150   5.4548   5.5374
     5.5708   5.6500   5.6773   5.7926   5.8734   5.9056   5.9835   6.0304
     6.0388   6.0596   6.1125   6.1141   6.1257   6.2088   6.2220   6.2804
     6.3374   6.4287   6.4320   6.4413   6.4679   6.4773   6.5086   6.5283
     6.5310   6.5442   6.5603   6.5840   6.6142   6.6233   6.6375   6.6552
     6.6923   6.7040   6.7388   6.7692   6.8160   6.8372   6.8404   6.8959
     6.9272   6.9314   6.9590   6.9880   7.0218   7.0837   7.1391   7.2060
     7.3025   7.3268   7.3708   7.3871   7.4309   7.4352   7.4556   7.4564
     7.5027   7.5066   7.5416   7.5503   7.6173   7.6610   7.6650   7.7087
     7.7451   7.7550   7.7648   7.8067   7.8083   7.8209   7.8324   7.8629
     7.8882   7.8900   7.9041   7.9059   7.9388   7.9418   7.9448   7.9538
     7.9617   7.9715   7.9868   7.9873   8.0898   8.1405   8.1528   9.0271
    10.7218  10.9943  11.6619  11.9134  11.9402  11.9627  12.1026  12.1310
    12.1726  13.0114  13.0500  13.1885  13.2087  13.2361  13.2814  13.2938
    13.3059  13.3604  13.3953  13.4070  13.4437  13.4709  13.5028  13.6348
    13.7892  14.1963  14.2065  14.2956  14.3429  14.3618  14.4629  14.5136
    14.5620  14.5817  14.5863  14.6458  14.6674  14.7252  14.8465  14.9358
    14.9842  15.1936  15.3825  15.5212  15.5600  15.6295  15.8862  15.8964
    15.9063  15.9992  16.0282  16.1445  16.1934  16.3084  16.3473  16.4258
    16.5619  16.7643  16.7647  16.8495  16.9167  17.0139  17.0258  17.1182
    17.1921  17.2904  17.3481  17.3518  17.3934  17.4525  17.4637  17.5040

          k = 0.0000 0.0000 0.3333 ( 74664 PWs)   bands (ev):

   -66.0730 -30.4435 -30.2746 -30.2681  -9.6381  -9.1741  -9.0601  -8.9724
    -8.9187  -8.8692  -8.8466  -8.8102  -8.7974  -8.7851  -8.7628  -8.7511
    -8.7244  -8.7147  -8.6961  -8.6903  -8.6652  -8.6495  -8.6178  -8.6097
    -8.5695  -8.5536  -8.5365  -8.5063  -8.5021  -8.4935  -8.4634  -8.4469
    -8.4215  -8.4146  -8.4109  -8.4082  -8.3865  -8.3787  -8.3703  -8.3565
    -8.3442  -8.3280  -8.3120  -8.3013  -8.2968  -8.2736  -8.2606  -8.2189
    -8.2030  -8.1993  -8.1587  -8.0838  -4.3136  -4.3097  -4.2997  -4.2908
    -4.2803  -4.2754  -4.2688  -4.2555  -4.2527  -4.2499  -4.2469  -4.2430
    -4.2383  -4.2352  -4.2306  -4.2230  -4.2202  -4.2199  -4.2113  -4.2014
    -4.2005  -4.1957  -4.1928  -4.1917  -4.1905  -4.1834  -4.1824  -4.1759
    -4.1715  -4.1677  -4.1654  -4.1602  -4.1571  -4.1542  -4.1506  -4.1473
    -4.1458  -4.1405  -4.1373  -4.1351  -4.1312  -4.1263  -4.1206  -4.1181
    -4.1147  -4.1111  -4.1097  -4.1069  -4.1044  -4.0989  -4.0933  -4.0887
    -4.0833  -4.0799  -4.0761  -4.0710  -4.0675  -4.0605  -4.0568  -4.0505
    -4.0486  -4.0476  -4.0384  -4.0367  -4.0312  -4.0269  -4.0236  -4.0184
    -4.0159  -4.0133  -4.0082  -4.0044  -4.0024  -3.9967  -3.9918  -3.9883
    -3.9837  -3.9773  -3.9761  -3.9724  -3.9654  -3.9606  -3.9568  -3.9519
    -3.9496  -3.9443  -3.9410  -3.9374  -3.9309  -3.9290  -3.9206  -3.9186
    -3.9155  -3.9139  -3.9097  -3.9072  -3.9026  -3.8973  -3.8965  -3.8920
    -3.8855  -3.8812  -3.8741  -3.8689  -3.8597  -3.8596  -3.8471  -3.8456
    -3.8434  -3.8416  -3.8367  -3.8306  -3.8244  -3.8202  -3.8093  -3.8074
    -3.8029  -3.7963  -3.7917  -3.7843  -3.7793  -3.7778  -3.7693  -3.7555
    -3.7538  -3.7425  -3.7327  -3.7295  -3.7071  -3.6883  -3.6505  -3.6266
    -3.5876  -3.5769  -3.5510  -3.5349  -3.4748  -3.4333  -3.3864  -3.3687
    -3.3477  -3.3217  -3.2853  -3.2109  -3.1958  -3.1896  -3.1782  -3.1594
    -3.1057  -3.0800  -3.0580  -3.0189  -2.9100  -2.8965  -2.8602   2.7396
     2.9185   2.9383   2.9636   3.0664   3.1093   3.1749   3.2377   3.2505
     3.3231   3.3480   3.3691   3.4019   3.4813   3.5855   3.6185   3.7228
     3.7829   3.8065   3.8230   3.8995   3.9263   3.9402   4.1317   4.1700
     4.2456   4.2930   4.3482   4.3845   4.4338   4.5214   4.5522   4.5960
     4.6122   4.6638   4.6866   4.7031   4.7229   4.7927   4.7944   4.8532
     4.9231   4.9882   5.0253   5.0570   5.0916   5.1627   5.1713   5.2600
     5.3145   5.3764   5.4198   5.4674   5.4852   5.5274   5.5562   5.5978
     5.6225   5.6569   5.7160   5.7613   5.8216   5.8552   5.9057   5.9290
     6.0044   6.0416   6.0911   6.1392   6.1555   6.1832   6.2073   6.2621
     6.3225   6.3307   6.3744   6.3839   6.4052   6.4322   6.4662   6.4956
     6.5182   6.5342   6.5587   6.5848   6.6066   6.6407   6.6543   6.6720
     6.7330   6.7469   6.7671   6.7836   6.8456   6.8542   6.8827   6.9344
     6.9484   6.9693   7.0038   7.0394   7.0848   7.0955   7.1747   7.1980
     7.2316   7.2564   7.3219   7.3367   7.3754   7.3854   7.4361   7.4493
     7.4907   7.5107   7.5209   7.5606   7.5925   7.6052   7.6130   7.6348
     7.6856   7.7178   7.7478   7.7693   7.7929   7.8168   7.8352   7.8550
     7.8685   7.8692   7.8964   7.9218   7.9276   7.9366   7.9479   7.9667
     7.9728   7.9803   7.9923   8.0157   8.1012   8.1145   8.1299   9.6963
    10.6812  10.8004  11.2107  11.8116  12.1160  12.1278  12.2313  12.3483
    12.5981  12.6342  12.7379  12.8604  12.9940  13.1774  13.2636  13.3040
    13.3172  13.4253  13.4685  13.5675  13.6089  13.7612  13.8030  13.8145
    13.9053  14.0610  14.1385  14.2592  14.2716  14.3021  14.3533  14.3810
    14.5024  14.5817  14.6885  14.7313  14.8043  14.8603  14.8925  14.9308
    14.9917  15.0690  15.1896  15.4439  15.5251  15.5607  15.5898  15.6578
    15.8707  15.9244  16.0581  16.1393  16.2242  16.3600  16.4134  16.5279
    16.5585  16.6374  16.6694  16.7712  16.8366  16.9583  16.9900  17.0113
    17.0781  17.2114  17.3608  17.4165  17.4925  17.5381  17.5853  17.6747

          k = 0.0000 0.3333 0.3333 ( 74623 PWs)   bands (ev):

   -66.0730 -30.4435 -30.2746 -30.2681  -9.6318  -9.1378  -9.0553  -9.0440
    -8.9222  -8.9085  -8.8902  -8.8157  -8.8097  -8.7830  -8.7605  -8.7539
    -8.7193  -8.6914  -8.6594  -8.6364  -8.6340  -8.6183  -8.6110  -8.5965
    -8.5764  -8.5509  -8.5255  -8.5096  -8.4941  -8.4871  -8.4755  -8.4634
    -8.4537  -8.4308  -8.4098  -8.3981  -8.3881  -8.3771  -8.3672  -8.3585
    -8.3447  -8.3413  -8.3235  -8.3145  -8.2766  -8.2730  -8.2626  -8.2250
    -8.2085  -8.1698  -8.1674  -8.1019  -4.3043  -4.3015  -4.2941  -4.2888
    -4.2862  -4.2749  -4.2682  -4.2628  -4.2538  -4.2518  -4.2467  -4.2431
    -4.2390  -4.2317  -4.2294  -4.2264  -4.2216  -4.2177  -4.2118  -4.2061
    -4.2029  -4.2007  -4.1931  -4.1925  -4.1880  -4.1868  -4.1844  -4.1776
    -4.1739  -4.1720  -4.1679  -4.1626  -4.1598  -4.1580  -4.1549  -4.1514
    -4.1462  -4.1424  -4.1350  -4.1340  -4.1318  -4.1282  -4.1234  -4.1205
    -4.1171  -4.1153  -4.1090  -4.1059  -4.1006  -4.0985  -4.0949  -4.0908
    -4.0804  -4.0761  -4.0753  -4.0712  -4.0679  -4.0626  -4.0541  -4.0515
    -4.0479  -4.0453  -4.0415  -4.0400  -4.0339  -4.0274  -4.0208  -4.0171
    -4.0110  -4.0090  -4.0063  -4.0045  -3.9962  -3.9952  -3.9868  -3.9860
    -3.9829  -3.9747  -3.9734  -3.9692  -3.9675  -3.9653  -3.9629  -3.9586
    -3.9527  -3.9450  -3.9432  -3.9349  -3.9314  -3.9285  -3.9255  -3.9199
    -3.9118  -3.9091  -3.9019  -3.9002  -3.8950  -3.8938  -3.8883  -3.8828
    -3.8788  -3.8729  -3.8665  -3.8641  -3.8606  -3.8596  -3.8496  -3.8452
    -3.8388  -3.8356  -3.8317  -3.8290  -3.8211  -3.8155  -3.8131  -3.8075
    -3.8019  -3.7925  -3.7901  -3.7888  -3.7806  -3.7793  -3.7660  -3.7583
    -3.7452  -3.7326  -3.7301  -3.7225  -3.7099  -3.6769  -3.6377  -3.6323
    -3.6202  -3.6166  -3.5852  -3.5513  -3.5200  -3.4449  -3.4300  -3.3490
    -3.3203  -3.2913  -3.2427  -3.2371  -3.2149  -3.1984  -3.1518  -3.1388
    -3.0709  -3.0554  -3.0333  -3.0085  -2.9401  -2.9209  -2.8995   2.7675
     2.9709   3.0055   3.0195   3.0549   3.1857   3.2072   3.2534   3.2983
     3.3058   3.3476   3.3768   3.3871   3.3949   3.5256   3.5781   3.6202
     3.6829   3.7079   3.7222   3.7959   3.8919   3.9677   4.0061   4.1024
     4.1822   4.2473   4.2705   4.3772   4.4731   4.5450   4.5691   4.5885
     4.6474   4.6901   4.7468   4.8395   4.8721   4.8818   4.9708   4.9896
     5.0271   5.0620   5.1079   5.1488   5.1555   5.2089   5.2396   5.3083
     5.3343   5.3599   5.4036   5.4331   5.4748   5.5055   5.5732   5.6059
     5.6279   5.6768   5.7401   5.7736   5.7936   5.8387   5.8750   5.9314
     5.9519   6.0070   6.0129   6.0468   6.1206   6.1584   6.1936   6.2109
     6.2318   6.2692   6.2991   6.3013   6.3248   6.3646   6.4185   6.4296
     6.4998   6.5189   6.5802   6.6090   6.6349   6.6471   6.6631   6.7000
     6.7228   6.7520   6.7872   6.7948   6.8727   6.9178   6.9239   6.9418
     6.9800   7.0124   7.0447   7.0833   7.1059   7.1391   7.1562   7.1876
     7.2052   7.2373   7.2771   7.3172   7.3839   7.4031   7.4190   7.4473
     7.4767   7.4911   7.5120   7.5497   7.5702   7.6033   7.6299   7.6424
     7.6738   7.6909   7.7126   7.7172   7.7519   7.7896   7.8034   7.8197
     7.8425   7.8579   7.8904   7.8920   7.9006   7.9355   7.9364   7.9609
     7.9878   7.9952   8.0340   8.0826   8.0898   8.1235   8.1383  10.1870
    10.7974  10.9261  11.1644  11.2906  11.8595  11.9139  12.2916  12.4047
    12.7359  12.8552  12.9121  12.9388  13.0108  13.0740  13.1297  13.2007
    13.4851  13.4933  13.6042  13.6420  13.6829  13.7886  13.8736  13.9154
    13.9531  14.0081  14.0611  14.1338  14.1550  14.2238  14.2682  14.3326
    14.3957  14.5487  14.6684  14.7483  14.8052  14.9269  14.9674  15.0690
    15.0988  15.1873  15.2270  15.3664  15.4690  15.4977  15.5510  15.5982
    15.7205  15.7627  15.8795  16.0253  16.1005  16.2619  16.3544  16.4296
    16.4522  16.5673  16.7411  16.8348  16.8546  17.0129  17.1140  17.1785
    17.2256  17.2847  17.3762  17.5558  17.6195  17.6458  17.6839  17.7452

          k = 0.3333 0.3333 0.3333 ( 74658 PWs)   bands (ev):

   -66.0730 -30.4435 -30.2746 -30.2681  -9.6278  -9.1097  -9.0500  -9.0217
    -8.9779  -8.9323  -8.9136  -8.8888  -8.8311  -8.7962  -8.7570  -8.7119
    -8.6694  -8.6620  -8.6487  -8.6275  -8.6160  -8.6064  -8.5943  -8.5818
    -8.5626  -8.5415  -8.5230  -8.5170  -8.4955  -8.4867  -8.4817  -8.4606
    -8.4471  -8.4345  -8.4191  -8.4121  -8.4054  -8.3893  -8.3733  -8.3637
    -8.3576  -8.3354  -8.3266  -8.3172  -8.2957  -8.2633  -8.2529  -8.2261
    -8.1834  -8.1735  -8.1671  -8.1176  -4.3079  -4.2991  -4.2977  -4.2882
    -4.2842  -4.2778  -4.2650  -4.2627  -4.2538  -4.2508  -4.2474  -4.2453
    -4.2409  -4.2396  -4.2319  -4.2280  -4.2219  -4.2175  -4.2135  -4.2062
    -4.2033  -4.2003  -4.1942  -4.1898  -4.1874  -4.1841  -4.1809  -4.1783
    -4.1713  -4.1706  -4.1664  -4.1653  -4.1616  -4.1587  -4.1530  -4.1493
    -4.1449  -4.1420  -4.1381  -4.1346  -4.1305  -4.1288  -4.1271  -4.1172
    -4.1155  -4.1122  -4.1080  -4.1059  -4.0985  -4.0960  -4.0927  -4.0893
    -4.0851  -4.0811  -4.0770  -4.0735  -4.0674  -4.0615  -4.0584  -4.0556
    -4.0481  -4.0436  -4.0419  -4.0376  -4.0355  -4.0310  -4.0253  -4.0224
    -4.0184  -4.0102  -4.0083  -4.0020  -3.9976  -3.9943  -3.9922  -3.9892
    -3.9849  -3.9827  -3.9772  -3.9753  -3.9687  -3.9651  -3.9576  -3.9543
    -3.9514  -3.9491  -3.9401  -3.9354  -3.9307  -3.9277  -3.9198  -3.9182
    -3.9109  -3.9082  -3.9036  -3.8992  -3.8953  -3.8928  -3.8879  -3.8783
    -3.8747  -3.8713  -3.8650  -3.8613  -3.8584  -3.8536  -3.8464  -3.8402
    -3.8372  -3.8311  -3.8271  -3.8200  -3.8129  -3.8097  -3.8081  -3.7994
    -3.7969  -3.7941  -3.7868  -3.7810  -3.7736  -3.7665  -3.7619  -3.7457
    -3.7411  -3.7353  -3.7244  -3.7068  -3.6986  -3.6891  -3.6615  -3.6476
    -3.6317  -3.6105  -3.5762  -3.5328  -3.5182  -3.5135  -3.4683  -3.4227
    -3.3942  -3.2563  -3.2170  -3.1828  -3.1740  -3.1522  -3.1284  -3.1070
    -3.0848  -3.0587  -3.0382  -3.0040  -2.9697  -2.9467  -2.9227   2.7885
     2.9469   2.9985   3.0535   3.1270   3.2283   3.2721   3.2824   3.3102
     3.3377   3.3463   3.3782   3.4046   3.4428   3.5267   3.5423   3.6190
     3.6470   3.6724   3.6913   3.7140   3.7431   3.7771   3.8096   3.9946
     4.1116   4.2084   4.3314   4.4269   4.4752   4.5767   4.6270   4.6725
     4.7649   4.7920   4.8129   4.8286   4.8781   4.9610   4.9764   5.0349
     5.0770   5.1014   5.1422   5.2035   5.2273   5.2606   5.2939   5.3193
     5.3271   5.3723   5.4062   5.4420   5.4894   5.5178   5.5468   5.5838
     5.6825   5.7070   5.7292   5.7590   5.7784   5.8237   5.8603   5.8921
     5.9509   6.0019   6.0159   6.0312   6.0967   6.1090   6.1536   6.1784
     6.2134   6.2313   6.2538   6.3034   6.3149   6.3450   6.3785   6.4028
     6.4385   6.4590   6.5080   6.5562   6.6266   6.6744   6.7187   6.7747
     6.8069   6.8367   6.8581   6.8839   6.8964   6.9114   6.9338   6.9469
     6.9746   7.0171   7.0453   7.0754   7.1091   7.1262   7.1381   7.1749
     7.2286   7.2444   7.2639   7.2943   7.3100   7.3362   7.3656   7.4140
     7.4401   7.4654   7.4747   7.5120   7.5314   7.5669   7.5864   7.6067
     7.6438   7.6526   7.6704   7.7033   7.7240   7.7542   7.7779   7.7904
     7.8085   7.8412   7.8726   7.9149   7.9603   7.9875   7.9954   8.0062
     8.0267   8.0537   8.0694   8.0968   8.1069   8.1184   8.1288  10.5630
    10.8145  11.0577  11.2931  11.3820  11.5484  11.7975  12.0199  12.1842
    12.3813  12.5105  13.1277  13.2346  13.2878  13.3156  13.4714  13.5064
    13.5414  13.5693  13.6037  13.6468  13.6936  13.7678  13.8330  13.8951
    13.9821  14.0036  14.0231  14.0717  14.1280  14.1490  14.1757  14.2093
    14.2868  14.4873  14.5943  14.7445  14.8308  14.9416  15.0025  15.0205
    15.1116  15.2234  15.2836  15.3261  15.3658  15.3941  15.4897  15.5330
    15.7212  15.7912  15.8600  16.0150  16.0991  16.1457  16.1889  16.4101
    16.4647  16.5354  16.6181  16.8998  16.9798  17.1155  17.2050  17.2684
    17.3012  17.3958  17.4426  17.4819  17.5441  17.5636  17.6195  17.6860

          k = 0.3333 0.0000 0.0000 ( 74664 PWs)   bands (ev):

   -66.0730 -30.4435 -30.2746 -30.2681  -9.6385  -9.1781  -9.0377  -8.9806
    -8.9138  -8.8703  -8.8634  -8.8215  -8.8187  -8.7685  -8.7668  -8.7415
    -8.7257  -8.7047  -8.6809  -8.6788  -8.6664  -8.6577  -8.6364  -8.6104
    -8.5721  -8.5598  -8.5325  -8.5042  -8.4905  -8.4743  -8.4726  -8.4602
    -8.4286  -8.4254  -8.4082  -8.3899  -8.3828  -8.3825  -8.3653  -8.3522
    -8.3475  -8.3294  -8.3104  -8.3050  -8.2893  -8.2714  -8.2684  -8.2349
    -8.2047  -8.1881  -8.1567  -8.0854  -4.3097  -4.3018  -4.2992  -4.2890
    -4.2768  -4.2725  -4.2713  -4.2634  -4.2596  -4.2563  -4.2499  -4.2405
    -4.2372  -4.2343  -4.2331  -4.2249  -4.2217  -4.2168  -4.2116  -4.2108
    -4.2042  -4.2031  -4.1966  -4.1922  -4.1917  -4.1872  -4.1869  -4.1767
    -4.1746  -4.1694  -4.1657  -4.1619  -4.1589  -4.1545  -4.1502  -4.1500
    -4.1478  -4.1397  -4.1360  -4.1276  -4.1252  -4.1235  -4.1233  -4.1156
    -4.1145  -4.1078  -4.1022  -4.1005  -4.0967  -4.0963  -4.0891  -4.0865
    -4.0826  -4.0770  -4.0721  -4.0666  -4.0657  -4.0565  -4.0548  -4.0481
    -4.0478  -4.0424  -4.0409  -4.0391  -4.0345  -4.0293  -4.0283  -4.0208
    -4.0179  -4.0089  -4.0077  -4.0003  -3.9987  -3.9958  -3.9935  -3.9855
    -3.9854  -3.9763  -3.9744  -3.9725  -3.9706  -3.9612  -3.9606  -3.9581
    -3.9550  -3.9482  -3.9440  -3.9396  -3.9382  -3.9308  -3.9231  -3.9184
    -3.9176  -3.9108  -3.9084  -3.9058  -3.8993  -3.8941  -3.8890  -3.8862
    -3.8769  -3.8767  -3.8674  -3.8672  -3.8585  -3.8558  -3.8530  -3.8473
    -3.8433  -3.8356  -3.8327  -3.8290  -3.8287  -3.8171  -3.8145  -3.8103
    -3.8029  -3.7989  -3.7915  -3.7874  -3.7836  -3.7808  -3.7710  -3.7702
    -3.7537  -3.7444  -3.7347  -3.7234  -3.7060  -3.6744  -3.6570  -3.6180
    -3.5946  -3.5826  -3.5330  -3.5185  -3.4970  -3.4526  -3.4109  -3.4099
    -3.3375  -3.2701  -3.2558  -3.2287  -3.2146  -3.1730  -3.1560  -3.1488
    -3.1238  -3.1082  -3.0719  -2.9859  -2.9206  -2.8822  -2.8716   2.7594
     2.8503   2.9025   2.9897   3.0791   3.1637   3.1717   3.1750   3.2356
     3.3022   3.3452   3.4057   3.4132   3.5485   3.6132   3.6933   3.6948
     3.7675   3.7944   3.8600   3.8911   3.9704   3.9769   4.0139   4.1594
     4.1717   4.2597   4.3745   4.4078   4.4163   4.5076   4.5199   4.5915
     4.5948   4.6532   4.6616   4.7132   4.7304   4.8291   4.8451   4.8592
     4.9132   4.9493   5.0040   5.1246   5.1516   5.1635   5.1995   5.2555
     5.3363   5.3430   5.3982   5.4635   5.4938   5.5211   5.5851   5.6316
     5.6347   5.7081   5.7121   5.7130   5.7769   5.8725   5.9205   5.9717
     5.9801   6.0467   6.0698   6.0835   6.1260   6.1305   6.2478   6.2518
     6.2781   6.3273   6.3550   6.3645   6.4190   6.4555   6.4561   6.4868
     6.4977   6.5303   6.5624   6.5679   6.5863   6.6403   6.6693   6.6978
     6.7143   6.7337   6.7435   6.7862   6.8355   6.8963   6.9090   6.9490
     6.9688   6.9919   6.9944   7.0597   7.0706   7.1480   7.1721   7.2099
     7.2383   7.2664   7.3174   7.3363   7.3674   7.3920   7.4507   7.4578
     7.4943   7.5136   7.5319   7.5676   7.5738   7.6369   7.6388   7.6485
     7.6863   7.7045   7.7480   7.7668   7.7771   7.8144   7.8243   7.8377
     7.8508   7.8836   7.8947   7.8988   7.9113   7.9123   7.9370   7.9532
     7.9665   7.9801   8.0036   8.0388   8.1021   8.1043   8.1351   9.6935
    10.6037  11.0045  11.0873  11.7117  12.1391  12.1819  12.2723  12.3200
    12.6017  12.7171  12.8097  12.8265  12.9495  13.1232  13.2793  13.3246
    13.3333  13.3777  13.4318  13.5198  13.5513  13.7907  13.8046  13.8841
    13.9005  14.0896  14.1811  14.1928  14.2872  14.3198  14.3513  14.4256
    14.5163  14.6305  14.6767  14.6789  14.7720  14.8097  14.8166  14.9911
    14.9932  15.1079  15.2300  15.4260  15.4306  15.5870  15.6407  15.7551
    15.7614  15.9765  16.0621  16.1712  16.2407  16.3480  16.4626  16.4943
    16.5683  16.6241  16.6431  16.7427  16.8409  16.9178  16.9647  17.0232
    17.0492  17.1319  17.3081  17.4212  17.4354  17.5615  17.6049  17.6453

          k = 0.0000 0.3333 0.0000 ( 74664 PWs)   bands (ev):

   -66.0730 -30.4435 -30.2746 -30.2681  -9.6376  -9.1700  -9.0561  -9.0001
    -8.8867  -8.8657  -8.8485  -8.8362  -8.7963  -8.7880  -8.7714  -8.7483
    -8.7420  -8.7115  -8.6818  -8.6676  -8.6656  -8.6425  -8.6231  -8.6062
    -8.5724  -8.5489  -8.5352  -8.5069  -8.5013  -8.4844  -8.4704  -8.4577
    -8.4482  -8.4291  -8.4023  -8.3940  -8.3788  -8.3727  -8.3649  -8.3536
    -8.3398  -8.3296  -8.3229  -8.2948  -8.2806  -8.2755  -8.2621  -8.2313
    -8.2153  -8.1948  -8.1515  -8.0886  -4.3131  -4.3043  -4.2919  -4.2882
    -4.2791  -4.2734  -4.2663  -4.2615  -4.2568  -4.2553  -4.2519  -4.2462
    -4.2417  -4.2391  -4.2274  -4.2233  -4.2219  -4.2159  -4.2113  -4.2101
    -4.2070  -4.2017  -4.1982  -4.1921  -4.1877  -4.1857  -4.1836  -4.1806
    -4.1760  -4.1698  -4.1655  -4.1644  -4.1567  -4.1531  -4.1491  -4.1483
    -4.1430  -4.1392  -4.1370  -4.1326  -4.1255  -4.1248  -4.1214  -4.1210
    -4.1193  -4.1147  -4.1111  -4.1029  -4.0994  -4.0890  -4.0871  -4.0848
    -4.0799  -4.0762  -4.0730  -4.0662  -4.0620  -4.0589  -4.0576  -4.0512
    -4.0475  -4.0442  -4.0391  -4.0321  -4.0303  -4.0260  -4.0252  -4.0189
    -4.0152  -4.0122  -4.0072  -4.0056  -4.0023  -3.9949  -3.9916  -3.9900
    -3.9868  -3.9829  -3.9776  -3.9712  -3.9708  -3.9615  -3.9590  -3.9554
    -3.9521  -3.9501  -3.9447  -3.9399  -3.9338  -3.9293  -3.9266  -3.9210
    -3.9103  -3.9071  -3.9039  -3.9019  -3.8956  -3.8931  -3.8922  -3.8847
    -3.8837  -3.8709  -3.8687  -3.8656  -3.8610  -3.8542  -3.8527  -3.8491
    -3.8452  -3.8445  -3.8316  -3.8290  -3.8214  -3.8164  -3.8081  -3.8047
    -3.8012  -3.7954  -3.7927  -3.7887  -3.7833  -3.7805  -3.7771  -3.7664
    -3.7412  -3.7387  -3.7229  -3.7089  -3.6923  -3.6864  -3.6791  -3.6485
    -3.5988  -3.5735  -3.5607  -3.5343  -3.4796  -3.4637  -3.4224  -3.3939
    -3.3435  -3.2939  -3.2521  -3.2210  -3.2008  -3.1890  -3.1799  -3.1247
    -3.1127  -3.0559  -3.0446  -3.0201  -2.9122  -2.8966  -2.8850   2.7429
     2.9106   2.9984   3.0104   3.0708   3.0916   3.1472   3.1779   3.2452
     3.3359   3.3601   3.3866   3.4217   3.4640   3.5677   3.6205   3.6815
     3.7471   3.7839   3.8138   3.8730   3.9287   3.9771   4.1329   4.1578
     4.1910   4.2796   4.3673   4.3986   4.4476   4.4753   4.5614   4.5960
     4.5963   4.6388   4.6833   4.7080   4.7135   4.7743   4.8323   4.9435
     4.9928   4.9999   5.0471   5.1021   5.1509   5.1989   5.2454   5.2903
     5.3125   5.3460   5.4243   5.4781   5.5035   5.5390   5.5511   5.5857
     5.6478   5.6793   5.6964   5.7211   5.7833   5.8420   5.8968   5.9339
     5.9779   6.0124   6.0266   6.1173   6.1612   6.1716   6.2319   6.2376
     6.2820   6.2892   6.3060   6.3830   6.4013   6.4298   6.4488   6.4944
     6.5094   6.5353   6.5562   6.5947   6.6118   6.6329   6.6348   6.6735
     6.6903   6.7308   6.7606   6.7856   6.8231   6.8700   6.8723   6.9407
     6.9521   6.9837   6.9942   7.0118   7.1133   7.1452   7.1872   7.2169
     7.2493   7.2556   7.3033   7.3586   7.3698   7.3965   7.4323   7.4741
     7.5088   7.5237   7.5422   7.5741   7.6094   7.6532   7.6826   7.6944
     7.7024   7.7400   7.7473   7.7758   7.7884   7.7988   7.8081   7.8152
     7.8378   7.8470   7.8947   7.8975   7.9089   7.9341   7.9486   7.9518
     7.9600   7.9689   8.0147   8.0431   8.0533   8.1205   8.1301   9.7046
    10.7223  10.7955  11.1663  11.7994  12.1253  12.1369  12.2420  12.3840
    12.6044  12.6635  12.7133  12.8563  12.9541  13.0826  13.2875  13.3413
    13.3879  13.4137  13.4298  13.4824  13.5755  13.7575  13.8087  13.8656
    13.9426  13.9855  14.1351  14.1993  14.2620  14.3529  14.3639  14.4340
    14.4878  14.5843  14.7070  14.7584  14.7901  14.8210  14.9153  14.9295
    15.0231  15.1121  15.2308  15.3602  15.5041  15.5681  15.6280  15.6722
    15.8292  16.0015  16.1037  16.1460  16.1937  16.2729  16.4537  16.5331
    16.6006  16.6738  16.6779  16.7672  16.8386  16.9346  16.9737  17.0426
    17.1151  17.1809  17.3473  17.4243  17.4600  17.5204  17.5614  17.6400

          k = 0.0000 0.3333-0.3333 ( 74623 PWs)   bands (ev):

   -66.0730 -30.4435 -30.2746 -30.2681  -9.6316  -9.1445  -9.0585  -9.0110
    -8.9736  -8.8841  -8.8781  -8.8441  -8.7817  -8.7681  -8.7644  -8.7577
    -8.7329  -8.6923  -8.6712  -8.6511  -8.6320  -8.6245  -8.5961  -8.5875
    -8.5619  -8.5437  -8.5338  -8.5233  -8.4983  -8.4941  -8.4740  -8.4537
    -8.4369  -8.4235  -8.4058  -8.4045  -8.3862  -8.3806  -8.3726  -8.3625
    -8.3512  -8.3382  -8.3233  -8.3066  -8.2926  -8.2710  -8.2529  -8.2250
    -8.2179  -8.1669  -8.1630  -8.1045  -4.3086  -4.3056  -4.2931  -4.2869
    -4.2812  -4.2749  -4.2688  -4.2603  -4.2550  -4.2521  -4.2457  -4.2404
    -4.2345  -4.2330  -4.2302  -4.2236  -4.2214  -4.2187  -4.2136  -4.2095
    -4.2030  -4.2007  -4.1997  -4.1937  -4.1929  -4.1859  -4.1801  -4.1774
    -4.1769  -4.1726  -4.1671  -4.1629  -4.1563  -4.1554  -4.1489  -4.1476
    -4.1449  -4.1438  -4.1388  -4.1350  -4.1313  -4.1296  -4.1270  -4.1213
    -4.1159  -4.1123  -4.1099  -4.1056  -4.1021  -4.0962  -4.0891  -4.0857
    -4.0842  -4.0808  -4.0789  -4.0747  -4.0664  -4.0585  -4.0574  -4.0501
    -4.0457  -4.0413  -4.0391  -4.0367  -4.0312  -4.0285  -4.0222  -4.0209
    -4.0144  -4.0132  -4.0066  -4.0035  -3.9980  -3.9960  -3.9925  -3.9857
    -3.9851  -3.9786  -3.9723  -3.9697  -3.9673  -3.9635  -3.9604  -3.9522
    -3.9494  -3.9479  -3.9447  -3.9379  -3.9309  -3.9276  -3.9222  -3.9178
    -3.9113  -3.9074  -3.9043  -3.8987  -3.8952  -3.8932  -3.8912  -3.8814
    -3.8766  -3.8732  -3.8664  -3.8623  -3.8606  -3.8554  -3.8523  -3.8468
    -3.8426  -3.8373  -3.8319  -3.8252  -3.8230  -3.8186  -3.8117  -3.8098
    -3.8015  -3.7973  -3.7905  -3.7860  -3.7818  -3.7732  -3.7629  -3.7567
    -3.7414  -3.7337  -3.7226  -3.7138  -3.6934  -3.6892  -3.6712  -3.6502
    -3.6286  -3.5925  -3.5789  -3.5638  -3.5155  -3.4569  -3.3959  -3.3736
    -3.3307  -3.2946  -3.2529  -3.2324  -3.2090  -3.1864  -3.1405  -3.1197
    -3.0818  -3.0471  -3.0244  -3.0210  -2.9464  -2.9249  -2.9021   2.7749
     2.9424   3.0189   3.0221   3.0900   3.1307   3.1762   3.2363   3.3141
     3.3167   3.3849   3.3950   3.4274   3.4502   3.4748   3.5338   3.6123
     3.6378   3.6966   3.7661   3.8607   3.9073   3.9473   3.9956   4.1089
     4.1299   4.2271   4.3239   4.3920   4.4258   4.5192   4.5356   4.6152
     4.6577   4.6718   4.6900   4.8521   4.8793   4.9021   4.9200   4.9939
     5.0286   5.1045   5.1303   5.1662   5.1852   5.2339   5.2674   5.2916
     5.3333   5.3503   5.3682   5.4443   5.4839   5.5460   5.5633   5.5915
     5.6054   5.7051   5.7674   5.7973   5.8254   5.8396   5.8614   5.9038
     5.9385   5.9814   5.9945   6.0881   6.1385   6.1753   6.1777   6.2165
     6.2393   6.2494   6.2519   6.3174   6.3252   6.3459   6.3744   6.3946
     6.4883   6.5437   6.5708   6.5964   6.6357   6.6647   6.6857   6.6905
     6.7582   6.7904   6.7944   6.8053   6.8360   6.8736   6.8981   6.9129
     6.9814   7.0045   7.0306   7.0726   7.1139   7.1291   7.1724   7.2019
     7.2433   7.2742   7.3133   7.3554   7.3594   7.3885   7.4097   7.4410
     7.4810   7.4908   7.5120   7.5570   7.5627   7.6024   7.6213   7.6364
     7.6607   7.6978   7.7078   7.7419   7.7649   7.7965   7.8088   7.8298
     7.8392   7.8408   7.8627   7.8748   7.9045   7.9410   7.9479   7.9628
     7.9713   8.0065   8.0449   8.0506   8.0865   8.1321   8.1479  10.1683
    10.7477  11.0035  11.2068  11.2952  11.7053  11.9760  12.3584  12.5400
    12.6658  12.7354  12.7911  12.9031  13.0946  13.1239  13.1560  13.2563
    13.4434  13.4950  13.5550  13.6795  13.7176  13.8019  13.8178  13.9212
    14.0058  14.0260  14.0672  14.1153  14.1668  14.1975  14.2475  14.3243
    14.4029  14.5408  14.6829  14.7188  14.8649  14.8871  14.9447  15.0556
    15.0682  15.1729  15.2925  15.3708  15.3897  15.5286  15.5691  15.5973
    15.7113  15.8242  15.8868  16.0767  16.1435  16.2286  16.3043  16.3540
    16.5156  16.5960  16.6723  16.7846  16.9162  17.0687  17.1494  17.1991
    17.2149  17.3308  17.3971  17.4981  17.5566  17.6365  17.6518  17.6962

          k = 0.3333 0.0000-0.3333 ( 74623 PWs)   bands (ev):

   -66.0730 -30.4435 -30.2746 -30.2681  -9.6326  -9.1452  -9.0651  -8.9934
    -8.9596  -8.9002  -8.8827  -8.8467  -8.7924  -8.7740  -8.7609  -8.7342
    -8.7250  -8.7022  -8.6754  -8.6582  -8.6375  -8.6207  -8.6002  -8.5843
    -8.5638  -8.5529  -8.5300  -8.5140  -8.5034  -8.4941  -8.4741  -8.4551
    -8.4303  -8.4237  -8.4143  -8.3921  -8.3812  -8.3786  -8.3757  -8.3570
    -8.3458  -8.3341  -8.3258  -8.3134  -8.2993  -8.2857  -8.2548  -8.2256
    -8.2022  -8.1701  -8.1641  -8.1019  -4.3092  -4.2998  -4.2908  -4.2881
    -4.2839  -4.2716  -4.2669  -4.2608  -4.2542  -4.2523  -4.2486  -4.2410
    -4.2393  -4.2358  -4.2322  -4.2282  -4.2212  -4.2171  -4.2128  -4.2085
    -4.2040  -4.2014  -4.1954  -4.1921  -4.1890  -4.1862  -4.1827  -4.1782
    -4.1702  -4.1682  -4.1660  -4.1632  -4.1607  -4.1574  -4.1562  -4.1493
    -4.1442  -4.1436  -4.1415  -4.1335  -4.1290  -4.1243  -4.1196  -4.1156
    -4.1131  -4.1111  -4.1089  -4.1029  -4.1008  -4.0950  -4.0934  -4.0894
    -4.0839  -4.0806  -4.0756  -4.0745  -4.0664  -4.0628  -4.0593  -4.0560
    -4.0477  -4.0442  -4.0401  -4.0383  -4.0332  -4.0269  -4.0244  -4.0169
    -4.0144  -4.0097  -4.0044  -4.0031  -3.9979  -3.9957  -3.9918  -3.9896
    -3.9873  -3.9790  -3.9728  -3.9704  -3.9661  -3.9614  -3.9594  -3.9550
    -3.9532  -3.9477  -3.9429  -3.9378  -3.9322  -3.9304  -3.9266  -3.9212
    -3.9136  -3.9093  -3.9043  -3.9005  -3.8970  -3.8945  -3.8883  -3.8858
    -3.8813  -3.8737  -3.8700  -3.8661  -3.8607  -3.8567  -3.8512  -3.8490
    -3.8443  -3.8401  -3.8349  -3.8254  -3.8235  -3.8178  -3.8121  -3.8038
    -3.8016  -3.7943  -3.7890  -3.7839  -3.7788  -3.7746  -3.7648  -3.7558
    -3.7474  -3.7393  -3.7329  -3.7166  -3.6904  -3.6787  -3.6593  -3.6332
    -3.6213  -3.5984  -3.5556  -3.5318  -3.5042  -3.4756  -3.4079  -3.3706
    -3.3314  -3.3076  -3.2557  -3.2258  -3.2009  -3.1816  -3.1662  -3.1251
    -3.1066  -3.0554  -3.0358  -2.9962  -2.9476  -2.9117  -2.8949   2.7700
     2.9111   2.9312   3.0058   3.1379   3.1478   3.2057   3.2403   3.2728
     3.3211   3.3360   3.3828   3.4356   3.4749   3.5477   3.6050   3.6353
     3.7022   3.7280   3.7461   3.7798   3.8843   3.9739   4.0535   4.1223
     4.1939   4.2387   4.3102   4.3393   4.4081   4.5221   4.5554   4.5824
     4.6636   4.7069   4.7359   4.7685   4.8078   4.8818   4.9089   4.9573
     5.0007   5.0607   5.1096   5.1517   5.1803   5.2267   5.2455   5.2896
     5.3360   5.3556   5.3845   5.4059   5.4448   5.4857   5.5415   5.5996
     5.6388   5.7152   5.7667   5.7757   5.8194   5.8492   5.9219   5.9262
     5.9964   6.0159   6.0463   6.1002   6.1103   6.1572   6.1873   6.2250
     6.2304   6.2770   6.2842   6.3036   6.3394   6.3795   6.4037   6.4556
     6.5063   6.5411   6.5628   6.6036   6.6254   6.6538   6.7031   6.7115
     6.7331   6.7501   6.7960   6.8171   6.8426   6.8870   6.9124   6.9300
     6.9984   7.0088   7.0515   7.0753   7.1096   7.1532   7.1677   7.1868
     7.2120   7.2473   7.2773   7.2965   7.3524   7.3757   7.4253   7.4338
     7.4567   7.4895   7.5218   7.5357   7.5761   7.5831   7.6258   7.6412
     7.6721   7.6788   7.7199   7.7336   7.7473   7.7634   7.7991   7.8244
     7.8324   7.8608   7.8676   7.8936   7.9221   7.9322   7.9479   7.9628
     7.9912   8.0092   8.0225   8.0723   8.1063   8.1207   8.1462  10.1643
    10.7434  10.9450  11.1587  11.3533  11.7434  12.0090  12.3794  12.4063
    12.6928  12.7821  12.8413  12.9405  13.0832  13.1163  13.1635  13.2025
    13.4890  13.5241  13.5573  13.6774  13.7422  13.8018  13.8266  13.8671
    13.9586  14.0428  14.0715  14.1135  14.1509  14.2042  14.3055  14.3541
    14.4414  14.5109  14.6500  14.7263  14.8178  14.8987  14.9905  15.0309
    15.0837  15.1733  15.2502  15.3381  15.4089  15.5118  15.5480  15.5831
    15.7462  15.8134  15.9157  16.0219  16.0698  16.2381  16.3495  16.4064
    16.4737  16.5485  16.6554  16.7868  16.9004  16.9969  17.1221  17.1725
    17.2465  17.2862  17.4227  17.4987  17.5485  17.6111  17.7647  17.7682

          k = 0.3333-0.3333 0.0000 ( 74623 PWs)   bands (ev):

   -66.0730 -30.4435 -30.2746 -30.2681  -9.6322  -9.1439  -9.0622  -8.9833
    -8.9795  -8.9085  -8.8547  -8.8452  -8.8256  -8.7864  -8.7574  -8.7439
    -8.7020  -8.6902  -8.6742  -8.6523  -8.6344  -8.6200  -8.6100  -8.5796
    -8.5645  -8.5426  -8.5317  -8.5115  -8.4984  -8.4897  -8.4778  -8.4664
    -8.4427  -8.4249  -8.4190  -8.4048  -8.3867  -8.3852  -8.3641  -8.3545
    -8.3413  -8.3337  -8.3111  -8.3051  -8.2902  -8.2751  -8.2696  -8.2438
    -8.1953  -8.1705  -8.1625  -8.1053  -4.3102  -4.2984  -4.2909  -4.2857
    -4.2789  -4.2756  -4.2632  -4.2602  -4.2568  -4.2534  -4.2490  -4.2434
    -4.2397  -4.2345  -4.2306  -4.2265  -4.2197  -4.2166  -4.2115  -4.2072
    -4.2048  -4.2005  -4.1965  -4.1941  -4.1904  -4.1850  -4.1818  -4.1777
    -4.1737  -4.1692  -4.1675  -4.1645  -4.1593  -4.1556  -4.1549  -4.1496
    -4.1480  -4.1423  -4.1400  -4.1370  -4.1340  -4.1299  -4.1244  -4.1192
    -4.1141  -4.1115  -4.1072  -4.1011  -4.0979  -4.0940  -4.0902  -4.0848
    -4.0831  -4.0790  -4.0757  -4.0734  -4.0696  -4.0650  -4.0559  -4.0520
    -4.0467  -4.0409  -4.0382  -4.0353  -4.0335  -4.0275  -4.0257  -4.0231
    -4.0153  -4.0134  -4.0086  -4.0007  -3.9946  -3.9925  -3.9909  -3.9859
    -3.9848  -3.9809  -3.9774  -3.9725  -3.9685  -3.9642  -3.9620  -3.9563
    -3.9515  -3.9470  -3.9444  -3.9391  -3.9331  -3.9287  -3.9228  -3.9191
    -3.9141  -3.9097  -3.9061  -3.9026  -3.8991  -3.8943  -3.8923  -3.8841
    -3.8791  -3.8734  -3.8682  -3.8640  -3.8612  -3.8558  -3.8508  -3.8491
    -3.8389  -3.8330  -3.8267  -3.8242  -3.8203  -3.8172  -3.8109  -3.8056
    -3.7994  -3.7966  -3.7925  -3.7861  -3.7806  -3.7702  -3.7649  -3.7582
    -3.7484  -3.7422  -3.7272  -3.7182  -3.7061  -3.6855  -3.6716  -3.6312
    -3.6058  -3.5850  -3.5736  -3.5389  -3.5226  -3.4490  -3.4129  -3.3522
    -3.3289  -3.2922  -3.2717  -3.2397  -3.2081  -3.1894  -3.1693  -3.1168
    -3.0849  -3.0589  -3.0282  -2.9940  -2.9419  -2.9226  -2.9040   2.7660
     2.9078   2.9652   3.0392   3.1048   3.1460   3.2092   3.2310   3.2466
     3.2918   3.3742   3.3955   3.4489   3.4896   3.5544   3.5846   3.6165
     3.6718   3.7196   3.7508   3.8237   3.8883   3.9592   4.0420   4.0729
     4.1481   4.1969   4.2736   4.3776   4.4345   4.4773   4.5657   4.6243
     4.6486   4.6811   4.7714   4.7970   4.8420   4.9087   4.9432   4.9891
     5.0410   5.0855   5.1261   5.1374   5.1941   5.2346   5.2433   5.3131
     5.3453   5.3697   5.3827   5.4339   5.4580   5.4996   5.5452   5.5919
     5.6023   5.6650   5.7293   5.7497   5.8307   5.8533   5.8759   5.9131
     5.9588   6.0103   6.0421   6.1006   6.1245   6.1680   6.1881   6.2173
     6.2239   6.2559   6.2890   6.3229   6.3416   6.3687   6.3889   6.4209
     6.4697   6.5252   6.5777   6.5971   6.6176   6.6431   6.6808   6.6961
     6.7234   6.7483   6.8004   6.8411   6.8569   6.8912   6.9260   6.9608
     6.9805   7.0141   7.0293   7.0787   7.1156   7.1415   7.1735   7.2042
     7.2237   7.2537   7.2934   7.3337   7.3552   7.3890   7.4045   7.4215
     7.4691   7.4974   7.5260   7.5554   7.5885   7.6151   7.6358   7.6514
     7.6735   7.6901   7.7104   7.7319   7.7625   7.7895   7.7987   7.8138
     7.8260   7.8449   7.8580   7.8709   7.9028   7.9256   7.9444   7.9603
     7.9865   8.0030   8.0262   8.0624   8.0985   8.1205   8.1489  10.1735
    10.7555  10.9899  11.1766  11.2775  11.7312  12.0399  12.3578  12.4460
    12.6927  12.7344  12.8440  12.9511  13.0502  13.1161  13.1423  13.2441
    13.4257  13.5533  13.5821  13.6626  13.7030  13.7910  13.8128  13.8502
    13.9163  14.0375  14.0889  14.1252  14.1667  14.2142  14.3133  14.3736
    14.4346  14.5335  14.6998  14.7668  14.8036  14.8717  14.9541  15.0324
    15.1082  15.1751  15.2672  15.3281  15.3957  15.5127  15.5415  15.6350
    15.7541  15.8507  15.8875  16.0059  16.1569  16.2698  16.3571  16.4131
    16.4948  16.5887  16.6448  16.7631  16.8634  17.0000  17.0973  17.1524
    17.2089  17.3128  17.4336  17.4576  17.5321  17.5794  17.6149  17.7443

          k =-0.3333 0.3333-0.3333 ( 74658 PWs)   bands (ev):

   -66.0730 -30.4435 -30.2746 -30.2681  -9.6275  -9.1144  -9.0376  -9.0274
    -8.9694  -8.9418  -8.9323  -8.8709  -8.8228  -8.7980  -8.7707  -8.6999
    -8.6748  -8.6582  -8.6538  -8.6382  -8.6186  -8.6032  -8.5929  -8.5745
    -8.5596  -8.5387  -8.5252  -8.5134  -8.5039  -8.4918  -8.4790  -8.4637
    -8.4446  -8.4253  -8.4162  -8.4069  -8.3921  -8.3861  -8.3784  -8.3747
    -8.3611  -8.3423  -8.3284  -8.3169  -8.2936  -8.2701  -8.2451  -8.2282
    -8.1851  -8.1706  -8.1675  -8.1189  -4.3115  -4.3039  -4.2932  -4.2914
    -4.2805  -4.2746  -4.2664  -4.2605  -4.2555  -4.2525  -4.2484  -4.2456
    -4.2379  -4.2356  -4.2303  -4.2268  -4.2233  -4.2154  -4.2143  -4.2126
    -4.2032  -4.1998  -4.1956  -4.1909  -4.1884  -4.1864  -4.1806  -4.1759
    -4.1717  -4.1685  -4.1653  -4.1624  -4.1592  -4.1562  -4.1513  -4.1482
    -4.1438  -4.1418  -4.1375  -4.1336  -4.1299  -4.1290  -4.1277  -4.1214
    -4.1174  -4.1152  -4.1083  -4.1056  -4.0981  -4.0954  -4.0931  -4.0902
    -4.0870  -4.0803  -4.0787  -4.0718  -4.0676  -4.0643  -4.0571  -4.0545
    -4.0496  -4.0441  -4.0377  -4.0362  -4.0315  -4.0298  -4.0267  -4.0213
    -4.0169  -4.0150  -4.0106  -4.0050  -4.0020  -3.9957  -3.9909  -3.9896
    -3.9849  -3.9816  -3.9796  -3.9751  -3.9714  -3.9643  -3.9534  -3.9516
    -3.9502  -3.9470  -3.9406  -3.9361  -3.9336  -3.9259  -3.9212  -3.9171
    -3.9106  -3.9049  -3.9039  -3.8994  -3.8918  -3.8905  -3.8857  -3.8825
    -3.8758  -3.8723  -3.8650  -3.8606  -3.8589  -3.8542  -3.8496  -3.8440
    -3.8362  -3.8321  -3.8265  -3.8210  -3.8162  -3.8105  -3.8060  -3.8013
    -3.7975  -3.7910  -3.7855  -3.7785  -3.7717  -3.7633  -3.7545  -3.7457
    -3.7398  -3.7246  -3.7184  -3.7136  -3.7033  -3.6861  -3.6713  -3.6563
    -3.6359  -3.6021  -3.5853  -3.5484  -3.5370  -3.5057  -3.4719  -3.4232
    -3.3457  -3.2753  -3.2277  -3.1798  -3.1701  -3.1468  -3.1188  -3.1032
    -3.0870  -3.0632  -3.0407  -3.0071  -2.9665  -2.9433  -2.9304   2.7951
     2.9404   2.9892   3.0630   3.1301   3.2186   3.2541   3.2781   3.3194
     3.3423   3.3654   3.3831   3.4170   3.4651   3.5082   3.5280   3.6143
     3.6481   3.6602   3.6944   3.7217   3.7403   3.7799   3.8104   3.9853
     4.1042   4.1834   4.3601   4.4453   4.4869   4.5726   4.6294   4.6664
     4.7733   4.7950   4.8121   4.8379   4.8602   4.8971   4.9572   4.9923
     5.0559   5.1555   5.1779   5.1907   5.2351   5.2689   5.2943   5.3230
     5.3595   5.3736   5.4107   5.4381   5.4838   5.5074   5.5760   5.6198
     5.6677   5.7075   5.7232   5.7630   5.7800   5.8178   5.8735   5.9137
     5.9324   5.9617   6.0280   6.0420   6.0750   6.0976   6.1387   6.1782
     6.2061   6.2538   6.2620   6.2964   6.3055   6.3531   6.3897   6.3976
     6.4359   6.4877   6.5317   6.5914   6.6124   6.6449   6.7218   6.7530
     6.8018   6.8243   6.8501   6.8678   6.8913   6.9067   6.9324   6.9767
     6.9858   7.0131   7.0452   7.0697   7.0776   7.1201   7.1430   7.1762
     7.2173   7.2465   7.2604   7.2965   7.3176   7.3269   7.3522   7.4184
     7.4370   7.4419   7.4793   7.5294   7.5582   7.5720   7.5783   7.6185
     7.6385   7.6689   7.6850   7.7032   7.7359   7.7534   7.7750   7.8065
     7.8223   7.8335   7.8732   7.9207   7.9350   7.9663   7.9874   8.0047
     8.0331   8.0501   8.0747   8.0919   8.1086   8.1224   8.1296  10.5253
    10.8052  11.1047  11.3226  11.4590  11.4875  11.8657  11.9972  12.0552
    12.2703  12.6704  13.1527  13.2394  13.2787  13.3670  13.3911  13.4569
    13.5584  13.5848  13.6088  13.6570  13.6968  13.7473  13.8900  13.9052
    13.9358  14.0049  14.0281  14.0704  14.1090  14.1366  14.1674  14.2247
    14.2842  14.4622  14.7037  14.7829  14.8353  14.8590  14.9757  15.0042
    15.1038  15.1723  15.2734  15.3248  15.3736  15.4021  15.4933  15.5369
    15.7023  15.7876  15.9267  16.0440  16.1484  16.1977  16.2349  16.3097
    16.4929  16.5270  16.6113  16.9278  16.9844  17.1014  17.1186  17.2060
    17.3150  17.3536  17.4352  17.4860  17.5119  17.5646  17.5979  17.7005

 ------ SPIN DOWN ----------


          k = 0.0000 0.0000 0.0000 ( 74653 PWs)   bands (ev):

   -65.8721 -30.3248 -29.9701 -29.8964  -9.6421  -9.1886  -8.9978  -8.9306
    -8.9025  -8.8691  -8.8619  -8.8253  -8.8155  -8.7729  -8.7427  -8.7221
    -8.7205  -8.7126  -8.6880  -8.6705  -8.6699  -8.6495  -8.6412  -8.6305
    -8.6148  -8.6019  -8.5399  -8.5198  -8.4862  -8.4754  -8.4678  -8.4443
    -8.4155  -8.4104  -8.3983  -8.3952  -8.3846  -8.3787  -8.3542  -8.3521
    -8.3519  -8.3337  -8.3176  -8.2910  -8.2829  -8.2611  -8.2569  -8.2116
    -8.1933  -8.1917  -8.1798  -8.0642  -4.3191  -4.3187  -4.3132  -4.2937
    -4.2765  -4.2727  -4.2690  -4.2548  -4.2547  -4.2484  -4.2474  -4.2456
    -4.2451  -4.2318  -4.2306  -4.2281  -4.2142  -4.2129  -4.2054  -4.2036
    -4.2032  -4.1962  -4.1959  -4.1891  -4.1842  -4.1826  -4.1738  -4.1730
    -4.1674  -4.1650  -4.1618  -4.1608  -4.1524  -4.1517  -4.1433  -4.1404
    -4.1404  -4.1355  -4.1334  -4.1319  -4.1277  -4.1221  -4.1216  -4.1163
    -4.1158  -4.1074  -4.1068  -4.1012  -4.0981  -4.0959  -4.0839  -4.0785
    -4.0783  -4.0695  -4.0680  -4.0650  -4.0644  -4.0568  -4.0559  -4.0502
    -4.0501  -4.0455  -4.0377  -4.0376  -4.0303  -4.0287  -4.0233  -4.0214
    -4.0160  -4.0134  -4.0134  -4.0088  -4.0055  -3.9996  -3.9952  -3.9878
    -3.9843  -3.9787  -3.9783  -3.9741  -3.9700  -3.9674  -3.9603  -3.9505
    -3.9486  -3.9471  -3.9431  -3.9311  -3.9298  -3.9265  -3.9227  -3.9162
    -3.9157  -3.9062  -3.9021  -3.8972  -3.8932  -3.8920  -3.8896  -3.8876
    -3.8863  -3.8784  -3.8676  -3.8666  -3.8620  -3.8597  -3.8530  -3.8417
    -3.8411  -3.8397  -3.8364  -3.8343  -3.8234  -3.8171  -3.8168  -3.8124
    -3.7991  -3.7947  -3.7916  -3.7826  -3.7820  -3.7694  -3.7555  -3.7447
    -3.7402  -3.7277  -3.7226  -3.7089  -3.7059  -3.7021  -3.6768  -3.6681
    -3.6585  -3.6060  -3.5931  -3.4897  -3.4338  -3.4059  -3.3711  -3.3570
    -3.3095  -3.2900  -3.2469  -3.2468  -3.2250  -3.1897  -3.1749  -3.1684
    -3.1257  -3.1201  -3.0998  -3.0613  -2.8781  -2.8423  -2.8381   2.7468
     2.8743   2.9487   2.9538   3.0489   3.0971   3.1314   3.1728   3.2533
     3.2727   3.3862   3.4488   3.5795   3.6078   3.6865   3.7421   3.7430
     3.8442   3.8583   3.9295   3.9394   3.9580   3.9742   4.0664   4.0977
     4.2079   4.2202   4.3153   4.3593   4.3776   4.5031   4.5685   4.6241
     4.6470   4.6528   4.6753   4.7285   4.7601   4.7868   4.8514   4.8911
     4.8941   4.9915   5.0202   5.0344   5.0789   5.1459   5.1565   5.2882
     5.2997   5.3338   5.3362   5.3573   5.4112   5.4168   5.4582   5.5416
     5.5738   5.6538   5.6873   5.8065   5.8797   5.9090   5.9869   6.0340
     6.0490   6.0622   6.1146   6.1174   6.1290   6.2180   6.2257   6.2842
     6.3411   6.4308   6.4341   6.4438   6.4719   6.4799   6.5121   6.5319
     6.5351   6.5465   6.5619   6.5903   6.6166   6.6265   6.6393   6.6567
     6.6956   6.7058   6.7420   6.7714   6.8185   6.8395   6.8432   6.9002
     6.9295   6.9341   6.9615   6.9909   7.0253   7.0859   7.1445   7.2089
     7.3061   7.3270   7.3718   7.3891   7.4347   7.4398   7.4620   7.4633
     7.5046   7.5116   7.5464   7.5537   7.6197   7.6683   7.6709   7.7094
     7.7477   7.7567   7.7665   7.8082   7.8119   7.8253   7.8377   7.8650
     7.8916   7.8916   7.9069   7.9074   7.9403   7.9442   7.9467   7.9558
     7.9649   7.9735   7.9887   7.9889   8.0940   8.1421   8.1544   9.0345
    11.1221  11.1818  11.7199  11.9182  11.9474  12.0383  12.1682  12.1885
    12.2111  13.0241  13.0800  13.1978  13.2147  13.2443  13.2868  13.2989
    13.3108  13.3675  13.3993  13.4096  13.4486  13.4731  13.5190  13.6438
    13.7970  14.2223  14.2330  14.3053  14.3549  14.3715  14.4765  14.5206
    14.5730  14.5872  14.5918  14.6509  14.6732  14.7440  14.8507  14.9420
    14.9913  15.2249  15.3876  15.5412  15.6338  15.6365  15.8947  15.9045
    15.9142  16.0060  16.0328  16.1558  16.2027  16.3154  16.3605  16.4523
    16.5820  16.7677  16.7781  16.8583  16.9291  17.0182  17.0330  17.1239
    17.1996  17.2974  17.3533  17.3573  17.3988  17.4640  17.4680  17.5226

          k = 0.0000 0.0000 0.3333 ( 74664 PWs)   bands (ev):

   -65.8721 -30.3248 -29.9701 -29.8964  -9.6341  -9.1722  -9.0560  -8.9612
    -8.9118  -8.8676  -8.8413  -8.8071  -8.7950  -8.7828  -8.7604  -8.7493
    -8.7224  -8.7122  -8.6939  -8.6882  -8.6631  -8.6490  -8.6157  -8.6084
    -8.5668  -8.5506  -8.5346  -8.5044  -8.4985  -8.4910  -8.4620  -8.4442
    -8.4197  -8.4121  -8.4085  -8.4058  -8.3848  -8.3755  -8.3683  -8.3542
    -8.3421  -8.3263  -8.3098  -8.2984  -8.2948  -8.2724  -8.2587  -8.2168
    -8.2015  -8.1976  -8.1567  -8.0820  -4.3122  -4.3081  -4.2978  -4.2893
    -4.2790  -4.2737  -4.2670  -4.2542  -4.2514  -4.2481  -4.2451  -4.2410
    -4.2367  -4.2331  -4.2289  -4.2214  -4.2188  -4.2184  -4.2092  -4.1999
    -4.1983  -4.1940  -4.1911  -4.1901  -4.1883  -4.1825  -4.1803  -4.1740
    -4.1702  -4.1660  -4.1640  -4.1583  -4.1558  -4.1531  -4.1497  -4.1461
    -4.1447  -4.1396  -4.1362  -4.1338  -4.1294  -4.1250  -4.1194  -4.1170
    -4.1137  -4.1089  -4.1080  -4.1059  -4.1027  -4.0975  -4.0920  -4.0878
    -4.0816  -4.0785  -4.0740  -4.0697  -4.0667  -4.0598  -4.0558  -4.0496
    -4.0480  -4.0461  -4.0377  -4.0356  -4.0301  -4.0261  -4.0230  -4.0177
    -4.0149  -4.0125  -4.0075  -4.0038  -4.0015  -3.9960  -3.9913  -3.9876
    -3.9830  -3.9767  -3.9753  -3.9720  -3.9646  -3.9597  -3.9559  -3.9510
    -3.9487  -3.9438  -3.9402  -3.9364  -3.9300  -3.9280  -3.9200  -3.9177
    -3.9150  -3.9133  -3.9090  -3.9067  -3.9022  -3.8964  -3.8958  -3.8914
    -3.8848  -3.8805  -3.8737  -3.8683  -3.8590  -3.8590  -3.8467  -3.8450
    -3.8430  -3.8411  -3.8363  -3.8300  -3.8239  -3.8197  -3.8089  -3.8070
    -3.8024  -3.7960  -3.7913  -3.7839  -3.7789  -3.7775  -3.7690  -3.7548
    -3.7535  -3.7421  -3.7323  -3.7292  -3.7065  -3.6875  -3.6492  -3.6256
    -3.5867  -3.5758  -3.5500  -3.5339  -3.4741  -3.4322  -3.3850  -3.3677
    -3.3464  -3.3208  -3.2844  -3.2101  -3.1947  -3.1888  -3.1772  -3.1587
    -3.1048  -3.0790  -3.0570  -3.0177  -2.9091  -2.8956  -2.8595   2.7666
     2.9387   2.9671   2.9750   3.0825   3.1202   3.1871   3.2416   3.2536
     3.3325   3.3553   3.3812   3.4085   3.4915   3.5921   3.6243   3.7409
     3.7930   3.8138   3.8330   3.9117   3.9296   3.9503   4.1418   4.1824
     4.2692   4.3155   4.3560   4.3909   4.4430   4.5266   4.5598   4.5992
     4.6169   4.6681   4.6926   4.7154   4.7271   4.7986   4.8045   4.8586
     4.9387   4.9944   5.0306   5.0604   5.0964   5.1652   5.1747   5.2633
     5.3186   5.3810   5.4239   5.4739   5.4885   5.5341   5.5600   5.6015
     5.6248   5.6605   5.7197   5.7664   5.8264   5.8602   5.9092   5.9338
     6.0093   6.0498   6.0935   6.1438   6.1591   6.1865   6.2123   6.2713
     6.3261   6.3353   6.3769   6.3861   6.4079   6.4356   6.4691   6.4976
     6.5206   6.5368   6.5618   6.5879   6.6111   6.6432   6.6582   6.6740
     6.7370   6.7497   6.7708   6.7860   6.8480   6.8575   6.8884   6.9368
     6.9532   6.9720   7.0057   7.0447   7.0880   7.0988   7.1780   7.2017
     7.2324   7.2597   7.3250   7.3408   7.3786   7.3906   7.4390   7.4531
     7.4940   7.5164   7.5252   7.5626   7.5944   7.6085   7.6176   7.6368
     7.6888   7.7199   7.7501   7.7730   7.7958   7.8199   7.8382   7.8577
     7.8711   7.8723   7.8990   7.9239   7.9301   7.9398   7.9512   7.9684
     7.9750   7.9824   7.9955   8.0176   8.1030   8.1168   8.1323   9.7034
    10.7399  11.2371  11.3834  11.9004  12.1265  12.1475  12.2560  12.4027
    12.6066  12.6434  12.7507  12.8804  13.0055  13.1889  13.2782  13.3096
    13.3261  13.4330  13.4865  13.5743  13.6134  13.7705  13.8173  13.8218
    13.9120  14.0750  14.1557  14.2650  14.2750  14.3126  14.3667  14.3930
    14.5142  14.6041  14.6985  14.7386  14.8106  14.8692  14.8969  14.9386
    14.9965  15.0832  15.1992  15.4537  15.5490  15.5692  15.6302  15.6835
    15.8794  15.9524  16.0661  16.1569  16.2309  16.3695  16.4322  16.5432
    16.5698  16.6493  16.6818  16.7836  16.8424  16.9662  16.9963  17.0176
    17.0865  17.2163  17.3760  17.4235  17.5039  17.5453  17.5933  17.6797

          k = 0.0000 0.3333 0.3333 ( 74623 PWs)   bands (ev):

   -65.8721 -30.3248 -29.9701 -29.8964  -9.6279  -9.1348  -9.0534  -9.0364
    -8.9182  -8.9012  -8.8845  -8.8117  -8.8073  -8.7809  -8.7594  -8.7515
    -8.7147  -8.6888  -8.6594  -8.6344  -8.6324  -8.6162  -8.6086  -8.5945
    -8.5742  -8.5486  -8.5233  -8.5074  -8.4920  -8.4847  -8.4729  -8.4604
    -8.4515  -8.4285  -8.4076  -8.3964  -8.3860  -8.3749  -8.3648  -8.3559
    -8.3419  -8.3386  -8.3219  -8.3127  -8.2751  -8.2704  -8.2609  -8.2231
    -8.2065  -8.1681  -8.1656  -8.1003  -4.3028  -4.3001  -4.2925  -4.2867
    -4.2845  -4.2733  -4.2666  -4.2611  -4.2522  -4.2505  -4.2451  -4.2414
    -4.2371  -4.2305  -4.2274  -4.2244  -4.2199  -4.2160  -4.2100  -4.2046
    -4.2013  -4.1989  -4.1910  -4.1907  -4.1866  -4.1851  -4.1828  -4.1758
    -4.1722  -4.1706  -4.1665  -4.1610  -4.1586  -4.1566  -4.1538  -4.1499
    -4.1452  -4.1414  -4.1338  -4.1329  -4.1302  -4.1269  -4.1219  -4.1194
    -4.1158  -4.1134  -4.1079  -4.1046  -4.0995  -4.0975  -4.0930  -4.0890
    -4.0791  -4.0750  -4.0735  -4.0703  -4.0664  -4.0617  -4.0529  -4.0507
    -4.0469  -4.0441  -4.0405  -4.0391  -4.0329  -4.0265  -4.0200  -4.0160
    -4.0103  -4.0084  -4.0057  -4.0038  -3.9956  -3.9945  -3.9861  -3.9854
    -3.9821  -3.9739  -3.9724  -3.9684  -3.9667  -3.9647  -3.9623  -3.9581
    -3.9519  -3.9444  -3.9422  -3.9341  -3.9306  -3.9275  -3.9247  -3.9194
    -3.9110  -3.9083  -3.9014  -3.8996  -3.8945  -3.8931  -3.8880  -3.8823
    -3.8782  -3.8723  -3.8659  -3.8634  -3.8603  -3.8592  -3.8487  -3.8444
    -3.8382  -3.8351  -3.8311  -3.8285  -3.8206  -3.8152  -3.8126  -3.8070
    -3.8015  -3.7922  -3.7898  -3.7885  -3.7802  -3.7789  -3.7654  -3.7578
    -3.7447  -3.7320  -3.7295  -3.7222  -3.7092  -3.6762  -3.6365  -3.6312
    -3.6192  -3.6159  -3.5842  -3.5507  -3.5188  -3.4439  -3.4288  -3.3478
    -3.3196  -3.2905  -3.2415  -3.2358  -3.2138  -3.1974  -3.1509  -3.1377
    -3.0702  -3.0547  -3.0325  -3.0074  -2.9393  -2.9200  -2.8987   2.7955
     3.0033   3.0224   3.0354   3.0698   3.1924   3.2238   3.2613   3.3067
     3.3106   3.3608   3.3840   3.3932   3.4013   3.5316   3.5842   3.6266
     3.6911   3.7112   3.7323   3.8025   3.9068   3.9835   4.0210   4.1099
     4.2020   4.2548   4.2792   4.3913   4.4787   4.5511   4.5877   4.5979
     4.6518   4.6958   4.7563   4.8443   4.8795   4.8910   4.9753   4.9960
     5.0343   5.0656   5.1123   5.1537   5.1610   5.2150   5.2435   5.3117
     5.3381   5.3627   5.4070   5.4373   5.4797   5.5126   5.5797   5.6124
     5.6305   5.6829   5.7445   5.7776   5.7970   5.8435   5.8834   5.9359
     5.9558   6.0100   6.0168   6.0507   6.1249   6.1617   6.1967   6.2164
     6.2356   6.2717   6.3015   6.3051   6.3270   6.3684   6.4225   6.4330
     6.5024   6.5254   6.5835   6.6126   6.6383   6.6498   6.6654   6.7032
     6.7260   6.7558   6.7915   6.7997   6.8784   6.9225   6.9268   6.9444
     6.9827   7.0148   7.0467   7.0847   7.1085   7.1432   7.1578   7.1916
     7.2087   7.2403   7.2802   7.3201   7.3877   7.4061   7.4249   7.4490
     7.4807   7.4944   7.5147   7.5521   7.5746   7.6065   7.6325   7.6444
     7.6759   7.6931   7.7154   7.7219   7.7554   7.7930   7.8058   7.8226
     7.8441   7.8618   7.8935   7.8966   7.9040   7.9379   7.9391   7.9632
     7.9899   7.9984   8.0367   8.0848   8.0919   8.1250   8.1401  10.1937
    10.9670  11.1753  11.3196  11.4134  11.9049  11.9919  12.3007  12.4214
    12.7444  12.8615  12.9328  12.9836  13.0206  13.0799  13.1398  13.2150
    13.4977  13.5016  13.6100  13.6556  13.6917  13.8001  13.8793  13.9218
    13.9637  14.0185  14.0736  14.1398  14.1599  14.2356  14.2747  14.3468
    14.4024  14.5751  14.6738  14.7572  14.8129  14.9345  14.9809  15.0740
    15.1053  15.1962  15.2361  15.3918  15.4744  15.5080  15.5619  15.6208
    15.7366  15.7899  15.9030  16.0455  16.1073  16.2844  16.3610  16.4516
    16.4632  16.5945  16.7507  16.8409  16.8714  17.0178  17.1202  17.1885
    17.2336  17.2917  17.3850  17.5622  17.6259  17.6560  17.6905  17.7500

          k = 0.3333 0.3333 0.3333 ( 74658 PWs)   bands (ev):

   -65.8721 -30.3248 -29.9701 -29.8964  -9.6239  -9.1060  -9.0422  -9.0198
    -8.9740  -8.9282  -8.9111  -8.8847  -8.8276  -8.7889  -8.7543  -8.7115
    -8.6677  -8.6599  -8.6458  -8.6253  -8.6134  -8.6041  -8.5919  -8.5800
    -8.5606  -8.5396  -8.5203  -8.5153  -8.4928  -8.4848  -8.4793  -8.4585
    -8.4450  -8.4323  -8.4169  -8.4096  -8.4034  -8.3870  -8.3710  -8.3617
    -8.3550  -8.3332  -8.3250  -8.3156  -8.2931  -8.2610  -8.2507  -8.2235
    -8.1819  -8.1718  -8.1657  -8.1161  -4.3066  -4.2975  -4.2961  -4.2863
    -4.2822  -4.2763  -4.2637  -4.2611  -4.2524  -4.2493  -4.2457  -4.2436
    -4.2393  -4.2380  -4.2295  -4.2262  -4.2205  -4.2155  -4.2117  -4.2049
    -4.2015  -4.1987  -4.1927  -4.1881  -4.1857  -4.1824  -4.1794  -4.1763
    -4.1699  -4.1688  -4.1653  -4.1638  -4.1599  -4.1574  -4.1515  -4.1479
    -4.1438  -4.1406  -4.1366  -4.1333  -4.1291  -4.1275  -4.1255  -4.1159
    -4.1142  -4.1106  -4.1067  -4.1044  -4.0976  -4.0947  -4.0913  -4.0881
    -4.0839  -4.0793  -4.0757  -4.0724  -4.0661  -4.0600  -4.0573  -4.0546
    -4.0473  -4.0427  -4.0412  -4.0366  -4.0348  -4.0300  -4.0247  -4.0213
    -4.0176  -4.0096  -4.0074  -4.0014  -3.9968  -3.9935  -3.9916  -3.9885
    -3.9842  -3.9819  -3.9765  -3.9746  -3.9678  -3.9644  -3.9567  -3.9537
    -3.9505  -3.9486  -3.9396  -3.9348  -3.9299  -3.9267  -3.9191  -3.9178
    -3.9104  -3.9077  -3.9028  -3.8985  -3.8948  -3.8923  -3.8872  -3.8778
    -3.8740  -3.8706  -3.8645  -3.8607  -3.8577  -3.8531  -3.8458  -3.8395
    -3.8367  -3.8306  -3.8265  -3.8195  -3.8124  -3.8093  -3.8076  -3.7991
    -3.7964  -3.7937  -3.7864  -3.7806  -3.7731  -3.7660  -3.7613  -3.7452
    -3.7407  -3.7347  -3.7239  -3.7060  -3.6979  -3.6885  -3.6608  -3.6466
    -3.6309  -3.6096  -3.5751  -3.5317  -3.5172  -3.5123  -3.4675  -3.4218
    -3.3933  -3.2554  -3.2159  -3.1813  -3.1728  -3.1513  -3.1272  -3.1059
    -3.0841  -3.0578  -3.0373  -3.0032  -2.9688  -2.9461  -2.9220   2.8173
     2.9709   3.0217   3.0844   3.1479   3.2383   3.2792   3.2878   3.3140
     3.3445   3.3514   3.3810   3.4132   3.4481   3.5342   3.5518   3.6255
     3.6523   3.6777   3.6946   3.7179   3.7487   3.7818   3.8127   4.0202
     4.1281   4.2469   4.3476   4.4454   4.4846   4.5853   4.6327   4.6778
     4.7719   4.7965   4.8177   4.8349   4.8842   4.9661   4.9813   5.0419
     5.0830   5.1075   5.1512   5.2075   5.2318   5.2655   5.2977   5.3242
     5.3322   5.3755   5.4093   5.4477   5.4939   5.5217   5.5497   5.5898
     5.6889   5.7109   5.7328   5.7659   5.7817   5.8281   5.8636   5.8954
     5.9552   6.0065   6.0210   6.0347   6.0995   6.1124   6.1567   6.1817
     6.2168   6.2346   6.2570   6.3070   6.3175   6.3474   6.3819   6.4067
     6.4410   6.4623   6.5144   6.5595   6.6301   6.6787   6.7227   6.7816
     6.8115   6.8396   6.8612   6.8872   6.9009   6.9137   6.9373   6.9493
     6.9773   7.0209   7.0479   7.0781   7.1126   7.1294   7.1419   7.1780
     7.2326   7.2477   7.2671   7.2964   7.3128   7.3405   7.3692   7.4169
     7.4426   7.4698   7.4789   7.5154   7.5344   7.5698   7.5888   7.6087
     7.6468   7.6555   7.6740   7.7060   7.7277   7.7565   7.7812   7.7925
     7.8124   7.8437   7.8765   7.9187   7.9626   7.9917   7.9986   8.0090
     8.0291   8.0555   8.0720   8.0986   8.1090   8.1201   8.1302  10.5733
    11.1491  11.2588  11.3708  11.4784  11.5701  11.8387  12.0455  12.1950
    12.4407  12.5251  13.1396  13.2528  13.2993  13.3316  13.4789  13.5180
    13.5567  13.5772  13.6163  13.6529  13.7020  13.7740  13.8458  13.9033
    13.9928  14.0112  14.0427  14.0769  14.1336  14.1534  14.1829  14.2177
    14.2923  14.5209  14.6032  14.7573  14.8381  14.9503  15.0102  15.0268
    15.1180  15.2315  15.2970  15.3340  15.3781  15.3986  15.4961  15.5401
    15.7543  15.8315  15.8818  16.0314  16.1105  16.1562  16.2173  16.4218
    16.4821  16.5493  16.6372  16.9097  16.9882  17.1269  17.2143  17.2754
    17.3068  17.4042  17.4484  17.4885  17.5498  17.5705  17.6271  17.6935

          k = 0.3333 0.0000 0.0000 ( 74664 PWs)   bands (ev):

   -65.8721 -30.3248 -29.9701 -29.8964  -9.6346  -9.1754  -9.0328  -8.9728
    -8.9067  -8.8649  -8.8594  -8.8188  -8.8169  -8.7663  -8.7662  -8.7390
    -8.7234  -8.7036  -8.6781  -8.6775  -8.6634  -8.6548  -8.6345  -8.6054
    -8.5715  -8.5576  -8.5308  -8.5021  -8.4882  -8.4726  -8.4712  -8.4572
    -8.4259  -8.4228  -8.4058  -8.3881  -8.3806  -8.3791  -8.3634  -8.3492
    -8.3447  -8.3279  -8.3083  -8.3037  -8.2868  -8.2695  -8.2665  -8.2327
    -8.2035  -8.1865  -8.1550  -8.0835  -4.3079  -4.3001  -4.2977  -4.2874
    -4.2751  -4.2714  -4.2699  -4.2623  -4.2579  -4.2544  -4.2484  -4.2387
    -4.2355  -4.2330  -4.2316  -4.2228  -4.2196  -4.2152  -4.2097  -4.2089
    -4.2025  -4.2017  -4.1943  -4.1903  -4.1900  -4.1858  -4.1855  -4.1751
    -4.1728  -4.1676  -4.1638  -4.1609  -4.1569  -4.1526  -4.1490  -4.1488
    -4.1464  -4.1382  -4.1348  -4.1265  -4.1242  -4.1222  -4.1220  -4.1145
    -4.1133  -4.1066  -4.1005  -4.0994  -4.0957  -4.0939  -4.0877  -4.0852
    -4.0810  -4.0760  -4.0704  -4.0656  -4.0647  -4.0558  -4.0536  -4.0471
    -4.0469  -4.0415  -4.0401  -4.0382  -4.0334  -4.0287  -4.0273  -4.0200
    -4.0170  -4.0081  -4.0068  -3.9993  -3.9981  -3.9949  -3.9930  -3.9848
    -3.9844  -3.9756  -3.9736  -3.9718  -3.9698  -3.9605  -3.9598  -3.9571
    -3.9541  -3.9473  -3.9431  -3.9389  -3.9374  -3.9301  -3.9227  -3.9175
    -3.9171  -3.9099  -3.9078  -3.9051  -3.8989  -3.8936  -3.8886  -3.8857
    -3.8765  -3.8761  -3.8668  -3.8665  -3.8577  -3.8551  -3.8523  -3.8468
    -3.8427  -3.8351  -3.8322  -3.8286  -3.8283  -3.8167  -3.8140  -3.8097
    -3.8023  -3.7986  -3.7910  -3.7870  -3.7833  -3.7804  -3.7704  -3.7698
    -3.7534  -3.7438  -3.7345  -3.7229  -3.7055  -3.6739  -3.6562  -3.6171
    -3.5937  -3.5815  -3.5323  -3.5173  -3.4964  -3.4514  -3.4095  -3.4086
    -3.3365  -3.2689  -3.2544  -3.2277  -3.2139  -3.1720  -3.1550  -3.1481
    -3.1232  -3.1075  -3.0711  -2.9848  -2.9197  -2.8815  -2.8706   2.7786
     2.8753   2.9372   3.0046   3.0851   3.1702   3.1825   3.1853   3.2488
     3.3146   3.3480   3.4124   3.4188   3.5572   3.6228   3.6997   3.7143
     3.7720   3.8003   3.8634   3.9026   3.9791   3.9844   4.0273   4.1707
     4.2023   4.2649   4.3833   4.4113   4.4312   4.5107   4.5473   4.5943
     4.6029   4.6564   4.6725   4.7153   4.7416   4.8358   4.8508   4.8637
     4.9195   4.9546   5.0099   5.1338   5.1557   5.1667   5.2046   5.2607
     5.3409   5.3486   5.4007   5.4702   5.4967   5.5260   5.5877   5.6358
     5.6373   5.7148   5.7161   5.7216   5.7804   5.8765   5.9237   5.9773
     5.9825   6.0504   6.0727   6.0873   6.1296   6.1335   6.2521   6.2540
     6.2824   6.3304   6.3595   6.3677   6.4214   6.4580   6.4601   6.4920
     6.5000   6.5355   6.5662   6.5709   6.5888   6.6426   6.6745   6.7005
     6.7172   6.7374   6.7488   6.7893   6.8382   6.8990   6.9129   6.9527
     6.9708   6.9952   6.9966   7.0648   7.0761   7.1491   7.1744   7.2131
     7.2400   7.2684   7.3213   7.3383   7.3694   7.3958   7.4556   7.4603
     7.4982   7.5157   7.5381   7.5725   7.5785   7.6408   7.6442   7.6543
     7.6892   7.7063   7.7504   7.7697   7.7819   7.8164   7.8262   7.8398
     7.8551   7.8851   7.8967   7.9010   7.9140   7.9142   7.9396   7.9554
     7.9693   7.9817   8.0055   8.0407   8.1035   8.1074   8.1370   9.7052
    10.7460  11.1758  11.4619  11.7930  12.1475  12.1979  12.2966  12.3489
    12.6130  12.7307  12.8239  12.8486  12.9629  13.1536  13.2843  13.3284
    13.3372  13.3855  13.4349  13.5336  13.5602  13.8033  13.8130  13.8894
    13.9068  14.1035  14.2008  14.2048  14.2927  14.3378  14.3615  14.4304
    14.5376  14.6397  14.6909  14.6923  14.7812  14.8154  14.8217  14.9970
    15.0003  15.1204  15.2417  15.4328  15.4422  15.6386  15.6506  15.7854
    15.7886  15.9831  16.0670  16.1813  16.2457  16.3556  16.4795  16.5036
    16.5828  16.6342  16.6624  16.7485  16.8503  16.9370  16.9724  17.0318
    17.0559  17.1413  17.3159  17.4342  17.4414  17.5672  17.6103  17.6530

          k = 0.0000 0.3333 0.0000 ( 74664 PWs)   bands (ev):

   -65.8721 -30.3248 -29.9701 -29.8964  -9.6336  -9.1679  -9.0529  -8.9884
    -8.8800  -8.8617  -8.8445  -8.8345  -8.7944  -8.7862  -8.7696  -8.7457
    -8.7396  -8.7083  -8.6794  -8.6657  -8.6635  -8.6406  -8.6215  -8.6034
    -8.5703  -8.5465  -8.5338  -8.5041  -8.4984  -8.4830  -8.4678  -8.4554
    -8.4461  -8.4274  -8.3997  -8.3910  -8.3761  -8.3710  -8.3625  -8.3514
    -8.3374  -8.3278  -8.3204  -8.2930  -8.2786  -8.2735  -8.2605  -8.2291
    -8.2136  -8.1934  -8.1496  -8.0868  -4.3115  -4.3028  -4.2901  -4.2867
    -4.2772  -4.2720  -4.2648  -4.2603  -4.2547  -4.2534  -4.2501  -4.2445
    -4.2395  -4.2374  -4.2259  -4.2216  -4.2202  -4.2144  -4.2092  -4.2082
    -4.2053  -4.1997  -4.1969  -4.1904  -4.1860  -4.1844  -4.1823  -4.1788
    -4.1745  -4.1686  -4.1640  -4.1632  -4.1554  -4.1515  -4.1476  -4.1470
    -4.1418  -4.1380  -4.1356  -4.1312  -4.1242  -4.1239  -4.1205  -4.1198
    -4.1175  -4.1136  -4.1096  -4.1018  -4.0982  -4.0877  -4.0846  -4.0835
    -4.0786  -4.0745  -4.0720  -4.0650  -4.0613  -4.0580  -4.0555  -4.0499
    -4.0463  -4.0433  -4.0382  -4.0313  -4.0295  -4.0253  -4.0243  -4.0177
    -4.0139  -4.0115  -4.0063  -4.0046  -4.0017  -3.9945  -3.9911  -3.9893
    -3.9862  -3.9822  -3.9769  -3.9706  -3.9700  -3.9606  -3.9582  -3.9547
    -3.9512  -3.9491  -3.9440  -3.9391  -3.9333  -3.9288  -3.9254  -3.9204
    -3.9097  -3.9066  -3.9033  -3.9014  -3.8949  -3.8926  -3.8916  -3.8839
    -3.8830  -3.8703  -3.8681  -3.8650  -3.8607  -3.8538  -3.8521  -3.8484
    -3.8446  -3.8439  -3.8312  -3.8286  -3.8209  -3.8161  -3.8078  -3.8042
    -3.8008  -3.7948  -3.7924  -3.7882  -3.7830  -3.7800  -3.7767  -3.7660
    -3.7409  -3.7384  -3.7224  -3.7080  -3.6913  -3.6854  -3.6783  -3.6477
    -3.5977  -3.5721  -3.5595  -3.5335  -3.4785  -3.4628  -3.4215  -3.3927
    -3.3426  -3.2932  -3.2510  -3.2201  -3.1997  -3.1881  -3.1787  -3.1236
    -3.1118  -3.0552  -3.0440  -3.0192  -2.9113  -2.8958  -2.8839   2.7607
     2.9544   3.0119   3.0251   3.0854   3.0975   3.1590   3.1927   3.2519
     3.3402   3.3659   3.3938   3.4320   3.4789   3.5756   3.6274   3.6915
     3.7520   3.7877   3.8293   3.8772   3.9464   3.9896   4.1509   4.1700
     4.2027   4.2877   4.3766   4.4095   4.4560   4.4818   4.5655   4.6020
     4.6030   4.6454   4.6925   4.7126   4.7208   4.7768   4.8393   4.9497
     4.9973   5.0074   5.0555   5.1082   5.1567   5.2018   5.2504   5.2945
     5.3175   5.3542   5.4309   5.4867   5.5066   5.5418   5.5571   5.5888
     5.6528   5.6853   5.7003   5.7261   5.7920   5.8484   5.9025   5.9372
     5.9821   6.0161   6.0315   6.1213   6.1656   6.1754   6.2364   6.2405
     6.2835   6.2941   6.3088   6.3876   6.4054   6.4328   6.4515   6.4970
     6.5121   6.5383   6.5586   6.5981   6.6139   6.6351   6.6375   6.6769
     6.6923   6.7340   6.7641   6.7891   6.8257   6.8728   6.8758   6.9442
     6.9587   6.9876   6.9979   7.0140   7.1166   7.1492   7.1896   7.2190
     7.2508   7.2588   7.3051   7.3635   7.3727   7.4007   7.4365   7.4769
     7.5126   7.5275   7.5453   7.5772   7.6144   7.6555   7.6856   7.6978
     7.7056   7.7430   7.7501   7.7790   7.7910   7.8017   7.8111   7.8181
     7.8415   7.8496   7.8986   7.9011   7.9112   7.9369   7.9508   7.9538
     7.9628   7.9718   8.0164   8.0445   8.0575   8.1219   8.1318   9.7104
    10.7646  11.2325  11.3508  11.8891  12.1392  12.1464  12.2922  12.4266
    12.6155  12.6718  12.7315  12.8697  12.9674  13.0938  13.2941  13.3497
    13.4002  13.4249  13.4347  13.4926  13.5864  13.7675  13.8176  13.8754
    13.9477  13.9964  14.1483  14.2190  14.2704  14.3557  14.3734  14.4402
    14.5020  14.6085  14.7155  14.7635  14.7966  14.8301  14.9209  14.9409
    15.0273  15.1246  15.2393  15.3789  15.5305  15.5917  15.6615  15.6856
    15.8416  16.0179  16.1220  16.1568  16.2072  16.2785  16.4666  16.5396
    16.6181  16.6827  16.6838  16.7725  16.8615  16.9444  16.9867  17.0510
    17.1206  17.1890  17.3627  17.4321  17.4662  17.5249  17.5679  17.6508

          k = 0.0000 0.3333-0.3333 ( 74623 PWs)   bands (ev):

   -65.8721 -30.3248 -29.9701 -29.8964  -9.6276  -9.1427  -9.0537  -9.0015
    -8.9713  -8.8775  -8.8730  -8.8420  -8.7803  -8.7657  -8.7618  -8.7555
    -8.7272  -8.6916  -8.6678  -8.6497  -8.6311  -8.6224  -8.5944  -8.5853
    -8.5600  -8.5412  -8.5318  -8.5209  -8.4960  -8.4911  -8.4716  -8.4513
    -8.4350  -8.4217  -8.4035  -8.4023  -8.3841  -8.3775  -8.3706  -8.3596
    -8.3490  -8.3367  -8.3213  -8.3050  -8.2902  -8.2695  -8.2506  -8.2224
    -8.2163  -8.1652  -8.1613  -8.1028  -4.3075  -4.3041  -4.2911  -4.2847
    -4.2796  -4.2732  -4.2669  -4.2585  -4.2535  -4.2506  -4.2441  -4.2384
    -4.2327  -4.2315  -4.2287  -4.2222  -4.2201  -4.2173  -4.2120  -4.2073
    -4.2011  -4.1989  -4.1978  -4.1920  -4.1904  -4.1843  -4.1785  -4.1758
    -4.1752  -4.1710  -4.1658  -4.1616  -4.1547  -4.1536  -4.1476  -4.1466
    -4.1438  -4.1428  -4.1378  -4.1342  -4.1292  -4.1287  -4.1259  -4.1198
    -4.1148  -4.1110  -4.1089  -4.1042  -4.1004  -4.0941  -4.0879  -4.0843
    -4.0829  -4.0796  -4.0779  -4.0732  -4.0653  -4.0577  -4.0566  -4.0486
    -4.0444  -4.0404  -4.0381  -4.0356  -4.0304  -4.0275  -4.0215  -4.0200
    -4.0135  -4.0127  -4.0061  -4.0028  -3.9972  -3.9952  -3.9914  -3.9852
    -3.9843  -3.9775  -3.9717  -3.9691  -3.9664  -3.9629  -3.9595  -3.9514
    -3.9486  -3.9472  -3.9440  -3.9372  -3.9303  -3.9267  -3.9215  -3.9172
    -3.9107  -3.9064  -3.9036  -3.8981  -3.8947  -3.8926  -3.8906  -3.8810
    -3.8759  -3.8726  -3.8659  -3.8618  -3.8599  -3.8547  -3.8518  -3.8464
    -3.8419  -3.8366  -3.8313  -3.8246  -3.8226  -3.8182  -3.8114  -3.8093
    -3.8012  -3.7970  -3.7900  -3.7858  -3.7814  -3.7729  -3.7625  -3.7562
    -3.7410  -3.7335  -3.7219  -3.7127  -3.6927  -3.6887  -3.6704  -3.6495
    -3.6272  -3.5915  -3.5778  -3.5627  -3.5148  -3.4554  -3.3946  -3.3728
    -3.3297  -3.2938  -3.2519  -3.2317  -3.2081  -3.1852  -3.1396  -3.1187
    -3.0811  -3.0460  -3.0237  -3.0199  -2.9455  -2.9240  -2.9015   2.8042
     2.9705   3.0320   3.0456   3.1000   3.1420   3.1902   3.2463   3.3158
     3.3194   3.3927   3.4103   3.4345   3.4699   3.4812   3.5390   3.6165
     3.6437   3.6999   3.7685   3.8677   3.9181   3.9738   4.0063   4.1181
     4.1466   4.2389   4.3408   4.4009   4.4295   4.5301   4.5478   4.6247
     4.6682   4.6751   4.6976   4.8572   4.8841   4.9062   4.9271   4.9997
     5.0359   5.1099   5.1338   5.1733   5.1896   5.2364   5.2699   5.2957
     5.3389   5.3550   5.3741   5.4478   5.4907   5.5525   5.5659   5.5955
     5.6135   5.7095   5.7722   5.8011   5.8309   5.8424   5.8660   5.9106
     5.9413   5.9852   5.9995   6.0911   6.1468   6.1780   6.1838   6.2200
     6.2427   6.2526   6.2569   6.3204   6.3287   6.3481   6.3791   6.3975
     6.4915   6.5481   6.5738   6.5997   6.6394   6.6679   6.6884   6.6931
     6.7613   6.7933   6.7983   6.8091   6.8399   6.8797   6.9027   6.9149
     6.9839   7.0068   7.0327   7.0747   7.1158   7.1316   7.1764   7.2054
     7.2455   7.2771   7.3152   7.3574   7.3625   7.3937   7.4120   7.4470
     7.4841   7.4945   7.5150   7.5611   7.5656   7.6045   7.6240   7.6411
     7.6662   7.7000   7.7103   7.7439   7.7670   7.7995   7.8114   7.8328
     7.8431   7.8447   7.8649   7.8772   7.9074   7.9435   7.9512   7.9648
     7.9745   8.0104   8.0471   8.0531   8.0885   8.1338   8.1496  10.1770
    11.0428  11.0587  11.4092  11.4490  11.7631  12.0206  12.3663  12.5948
    12.6764  12.7435  12.7995  12.9105  13.1048  13.1320  13.1690  13.2882
    13.4514  13.5060  13.5629  13.6844  13.7236  13.8121  13.8229  13.9299
    14.0152  14.0397  14.0751  14.1207  14.1766  14.2016  14.2708  14.3367
    14.4097  14.5665  14.6906  14.7249  14.8721  14.8941  14.9510  15.0701
    15.0757  15.1902  15.3110  15.3801  15.3944  15.5377  15.5786  15.6252
    15.7208  15.8458  15.9090  16.0886  16.1619  16.2523  16.3238  16.3688
    16.5208  16.6163  16.6834  16.7955  16.9351  17.0751  17.1576  17.2067
    17.2205  17.3391  17.4021  17.5028  17.5622  17.6496  17.6637  17.7037

          k = 0.3333 0.0000-0.3333 ( 74623 PWs)   bands (ev):

   -65.8721 -30.3248 -29.9701 -29.8964  -9.6286  -9.1424  -9.0601  -8.9891
    -8.9535  -8.8944  -8.8764  -8.8426  -8.7906  -8.7736  -8.7590  -8.7313
    -8.7224  -8.6991  -8.6745  -8.6561  -8.6350  -8.6182  -8.5983  -8.5812
    -8.5619  -8.5507  -8.5284  -8.5115  -8.5014  -8.4916  -8.4719  -8.4524
    -8.4281  -8.4214  -8.4116  -8.3900  -8.3786  -8.3765  -8.3732  -8.3550
    -8.3436  -8.3325  -8.3236  -8.3117  -8.2965  -8.2841  -8.2527  -8.2230
    -8.2007  -8.1686  -8.1625  -8.1002  -4.3079  -4.2982  -4.2888  -4.2865
    -4.2823  -4.2698  -4.2651  -4.2593  -4.2527  -4.2508  -4.2470  -4.2396
    -4.2375  -4.2342  -4.2299  -4.2261  -4.2199  -4.2154  -4.2112  -4.2071
    -4.2020  -4.1995  -4.1937  -4.1905  -4.1872  -4.1846  -4.1812  -4.1765
    -4.1685  -4.1668  -4.1645  -4.1619  -4.1593  -4.1556  -4.1550  -4.1477
    -4.1427  -4.1425  -4.1403  -4.1319  -4.1275  -4.1229  -4.1182  -4.1144
    -4.1119  -4.1096  -4.1075  -4.1016  -4.0994  -4.0937  -4.0922  -4.0880
    -4.0826  -4.0790  -4.0747  -4.0733  -4.0652  -4.0618  -4.0582  -4.0548
    -4.0468  -4.0433  -4.0392  -4.0376  -4.0324  -4.0262  -4.0236  -4.0159
    -4.0135  -4.0089  -4.0036  -4.0024  -3.9970  -3.9952  -3.9909  -3.9890
    -3.9866  -3.9782  -3.9723  -3.9698  -3.9652  -3.9607  -3.9587  -3.9541
    -3.9523  -3.9466  -3.9422  -3.9371  -3.9314  -3.9295  -3.9257  -3.9203
    -3.9130  -3.9088  -3.9037  -3.8999  -3.8962  -3.8939  -3.8877  -3.8853
    -3.8807  -3.8732  -3.8694  -3.8654  -3.8600  -3.8562  -3.8506  -3.8486
    -3.8437  -3.8395  -3.8344  -3.8250  -3.8231  -3.8173  -3.8116  -3.8035
    -3.8012  -3.7939  -3.7887  -3.7835  -3.7783  -3.7744  -3.7643  -3.7553
    -3.7470  -3.7388  -3.7320  -3.7164  -3.6895  -3.6779  -3.6584  -3.6323
    -3.6204  -3.5972  -3.5548  -3.5310  -3.5034  -3.4744  -3.4068  -3.3695
    -3.3304  -3.3066  -3.2548  -3.2247  -3.1999  -3.1806  -3.1654  -3.1241
    -3.1056  -3.0547  -3.0348  -2.9950  -2.9468  -2.9110  -2.8942   2.7997
     2.9254   2.9595   3.0329   3.1471   3.1584   3.2175   3.2505   3.2789
     3.3268   3.3420   3.3883   3.4458   3.4797   3.5568   3.6102   3.6406
     3.7077   3.7331   3.7541   3.7926   3.8994   3.9860   4.0585   4.1338
     4.2066   4.2520   4.3245   4.3534   4.4178   4.5445   4.5637   4.6033
     4.6707   4.7109   4.7415   4.7750   4.8139   4.8872   4.9150   4.9629
     5.0069   5.0662   5.1142   5.1550   5.1854   5.2310   5.2490   5.2944
     5.3398   5.3597   5.3876   5.4110   5.4484   5.4897   5.5474   5.6034
     5.6418   5.7202   5.7704   5.7803   5.8223   5.8529   5.9257   5.9316
     5.9999   6.0185   6.0524   6.1044   6.1185   6.1606   6.1908   6.2281
     6.2337   6.2799   6.2868   6.3067   6.3420   6.3816   6.4069   6.4591
     6.5113   6.5442   6.5661   6.6058   6.6292   6.6562   6.7070   6.7158
     6.7385   6.7546   6.8006   6.8207   6.8454   6.8917   6.9156   6.9336
     7.0017   7.0116   7.0545   7.0785   7.1126   7.1570   7.1708   7.1896
     7.2148   7.2500   7.2796   7.3000   7.3547   7.3788   7.4293   7.4371
     7.4598   7.4930   7.5268   7.5396   7.5788   7.5873   7.6284   7.6442
     7.6759   7.6835   7.7233   7.7366   7.7498   7.7656   7.8010   7.8272
     7.8362   7.8633   7.8704   7.8961   7.9245   7.9348   7.9505   7.9648
     7.9941   8.0112   8.0249   8.0748   8.1086   8.1229   8.1480  10.1769
    10.9675  11.0648  11.4183  11.4514  11.8048  12.0596  12.3986  12.4197
    12.7073  12.7904  12.8541  12.9532  13.0945  13.1296  13.1877  13.2126
    13.4961  13.5421  13.5696  13.6827  13.7490  13.8102  13.8354  13.8725
    13.9763  14.0562  14.0782  14.1265  14.1601  14.2092  14.3130  14.3650
    14.4495  14.5424  14.6601  14.7346  14.8260  14.9074  14.9983  15.0365
    15.0930  15.1858  15.2600  15.3537  15.4208  15.5267  15.5554  15.5899
    15.7646  15.8371  15.9381  16.0380  16.0912  16.2672  16.3611  16.4228
    16.4872  16.5561  16.6676  16.7929  16.9135  17.0084  17.1290  17.1804
    17.2520  17.2954  17.4332  17.5063  17.5564  17.6204  17.7731  17.7749

          k = 0.3333-0.3333 0.0000 ( 74623 PWs)   bands (ev):

   -65.8721 -30.3248 -29.9701 -29.8964  -9.6283  -9.1409  -9.0571  -8.9791
    -8.9719  -8.9053  -8.8503  -8.8392  -8.8241  -8.7850  -8.7560  -8.7396
    -8.7009  -8.6872  -8.6716  -8.6490  -8.6332  -8.6166  -8.6084  -8.5773
    -8.5625  -8.5408  -8.5292  -8.5091  -8.4958  -8.4882  -8.4762  -8.4645
    -8.4404  -8.4223  -8.4172  -8.4025  -8.3843  -8.3829  -8.3614  -8.3521
    -8.3392  -8.3311  -8.3093  -8.3031  -8.2878  -8.2731  -8.2675  -8.2418
    -8.1940  -8.1689  -8.1607  -8.1036  -4.3086  -4.2966  -4.2894  -4.2838
    -4.2774  -4.2744  -4.2618  -4.2586  -4.2553  -4.2518  -4.2474  -4.2416
    -4.2378  -4.2327  -4.2288  -4.2247  -4.2178  -4.2145  -4.2097  -4.2056
    -4.2030  -4.1988  -4.1952  -4.1925  -4.1885  -4.1837  -4.1800  -4.1762
    -4.1722  -4.1676  -4.1660  -4.1630  -4.1581  -4.1544  -4.1535  -4.1481
    -4.1469  -4.1410  -4.1387  -4.1355  -4.1327  -4.1288  -4.1230  -4.1178
    -4.1129  -4.1100  -4.1058  -4.0999  -4.0968  -4.0928  -4.0889  -4.0834
    -4.0819  -4.0776  -4.0742  -4.0721  -4.0684  -4.0628  -4.0544  -4.0507
    -4.0457  -4.0398  -4.0374  -4.0345  -4.0326  -4.0266  -4.0247  -4.0225
    -4.0147  -4.0127  -4.0078  -3.9998  -3.9940  -3.9918  -3.9902  -3.9852
    -3.9841  -3.9804  -3.9765  -3.9718  -3.9676  -3.9635  -3.9612  -3.9557
    -3.9506  -3.9462  -3.9437  -3.9383  -3.9325  -3.9282  -3.9219  -3.9185
    -3.9132  -3.9091  -3.9055  -3.9021  -3.8985  -3.8936  -3.8918  -3.8834
    -3.8783  -3.8729  -3.8676  -3.8634  -3.8605  -3.8553  -3.8503  -3.8486
    -3.8385  -3.8325  -3.8262  -3.8238  -3.8198  -3.8168  -3.8103  -3.8051
    -3.7990  -3.7962  -3.7921  -3.7856  -3.7803  -3.7698  -3.7646  -3.7575
    -3.7480  -3.7419  -3.7265  -3.7178  -3.7054  -3.6849  -3.6707  -3.6304
    -3.6050  -3.5843  -3.5727  -3.5376  -3.5216  -3.4477  -3.4115  -3.3513
    -3.3280  -3.2912  -3.2708  -3.2385  -3.2071  -3.1884  -3.1684  -3.1159
    -3.0838  -3.0581  -3.0273  -2.9930  -2.9410  -2.9221  -2.9031   2.7844
     2.9516   2.9854   3.0606   3.1157   3.1527   3.2171   3.2429   3.2562
     3.2948   3.3789   3.4029   3.4580   3.4979   3.5603   3.5903   3.6256
     3.6764   3.7240   3.7555   3.8323   3.8995   3.9785   4.0469   4.0934
     4.1600   4.2071   4.2964   4.3861   4.4414   4.4861   4.5724   4.6453
     4.6540   4.6873   4.7761   4.8068   4.8514   4.9130   4.9487   4.9943
     5.0484   5.0910   5.1306   5.1440   5.1993   5.2385   5.2461   5.3162
     5.3503   5.3732   5.3863   5.4371   5.4639   5.5048   5.5519   5.5964
     5.6095   5.6711   5.7339   5.7535   5.8352   5.8561   5.8807   5.9169
     5.9629   6.0131   6.0462   6.1042   6.1275   6.1703   6.1906   6.2209
     6.2261   6.2587   6.2923   6.3269   6.3444   6.3720   6.3921   6.4240
     6.4738   6.5292   6.5814   6.6019   6.6206   6.6481   6.6844   6.6995
     6.7261   6.7512   6.8029   6.8452   6.8621   6.8951   6.9297   6.9643
     6.9832   7.0190   7.0338   7.0825   7.1184   7.1442   7.1772   7.2069
     7.2258   7.2577   7.2972   7.3360   7.3588   7.3924   7.4093   7.4244
     7.4729   7.5002   7.5288   7.5586   7.5912   7.6180   7.6388   7.6553
     7.6770   7.6940   7.7154   7.7351   7.7653   7.7916   7.8025   7.8172
     7.8278   7.8471   7.8601   7.8732   7.9050   7.9274   7.9470   7.9635
     7.9892   8.0061   8.0279   8.0650   8.1003   8.1228   8.1505  10.1851
    10.9941  11.0970  11.3414  11.4705  11.7902  12.0944  12.3765  12.4627
    12.7089  12.7419  12.8542  12.9660  13.0634  13.1297  13.1612  13.2541
    13.4360  13.5614  13.5948  13.6689  13.7127  13.7959  13.8235  13.8607
    13.9297  14.0480  14.0975  14.1328  14.1757  14.2213  14.3239  14.3884
    14.4429  14.5528  14.7066  14.7805  14.8146  14.8820  14.9670  15.0392
    15.1176  15.1847  15.2761  15.3397  15.4035  15.5237  15.5591  15.6450
    15.7736  15.8726  15.9216  16.0377  16.1648  16.2772  16.3705  16.4274
    16.5081  16.6044  16.6565  16.7721  16.8715  17.0112  17.1103  17.1582
    17.2162  17.3212  17.4434  17.4660  17.5393  17.5885  17.6218  17.7514

          k =-0.3333 0.3333-0.3333 ( 74658 PWs)   bands (ev):

   -65.8721 -30.3248 -29.9701 -29.8964  -9.6237  -9.1113  -9.0314  -9.0224
    -8.9643  -8.9381  -8.9298  -8.8683  -8.8208  -8.7899  -8.7681  -8.6973
    -8.6739  -8.6551  -8.6524  -8.6359  -8.6163  -8.6015  -8.5904  -8.5725
    -8.5573  -8.5363  -8.5228  -8.5113  -8.5014  -8.4898  -8.4765  -8.4616
    -8.4425  -8.4230  -8.4140  -8.4044  -8.3897  -8.3835  -8.3762  -8.3723
    -8.3590  -8.3408  -8.3266  -8.3155  -8.2913  -8.2667  -8.2433  -8.2256
    -8.1835  -8.1691  -8.1660  -8.1173  -4.3100  -4.3028  -4.2913  -4.2893
    -4.2784  -4.2729  -4.2650  -4.2589  -4.2538  -4.2509  -4.2470  -4.2443
    -4.2361  -4.2339  -4.2284  -4.2252  -4.2213  -4.2139  -4.2125  -4.2106
    -4.2016  -4.1984  -4.1941  -4.1893  -4.1866  -4.1848  -4.1788  -4.1746
    -4.1704  -4.1670  -4.1636  -4.1606  -4.1576  -4.1545  -4.1501  -4.1469
    -4.1422  -4.1407  -4.1363  -4.1325  -4.1285  -4.1277  -4.1263  -4.1203
    -4.1163  -4.1135  -4.1073  -4.1041  -4.0965  -4.0941  -4.0919  -4.0893
    -4.0859  -4.0793  -4.0767  -4.0708  -4.0667  -4.0631  -4.0558  -4.0532
    -4.0486  -4.0433  -4.0367  -4.0352  -4.0306  -4.0291  -4.0256  -4.0205
    -4.0159  -4.0145  -4.0097  -4.0042  -4.0014  -3.9950  -3.9903  -3.9888
    -3.9840  -3.9808  -3.9787  -3.9744  -3.9709  -3.9636  -3.9528  -3.9509
    -3.9495  -3.9462  -3.9399  -3.9352  -3.9327  -3.9251  -3.9206  -3.9164
    -3.9101  -3.9041  -3.9032  -3.8987  -3.8913  -3.8899  -3.8850  -3.8821
    -3.8750  -3.8716  -3.8643  -3.8601  -3.8583  -3.8534  -3.8490  -3.8435
    -3.8357  -3.8316  -3.8259  -3.8203  -3.8158  -3.8101  -3.8056  -3.8008
    -3.7972  -3.7907  -3.7851  -3.7782  -3.7714  -3.7627  -3.7540  -3.7451
    -3.7393  -3.7240  -3.7177  -3.7127  -3.7028  -3.6855  -3.6706  -3.6555
    -3.6352  -3.6012  -3.5842  -3.5474  -3.5358  -3.5045  -3.4710  -3.4220
    -3.3448  -3.2743  -3.2266  -3.1787  -3.1690  -3.1457  -3.1176  -3.1024
    -3.0863  -3.0623  -3.0396  -3.0061  -2.9656  -2.9426  -2.9297   2.8255
     2.9673   3.0076   3.0932   3.1448   3.2351   3.2603   3.2836   3.3228
     3.3485   3.3711   3.3907   3.4216   3.4712   3.5150   3.5399   3.6222
     3.6511   3.6667   3.6976   3.7245   3.7455   3.7858   3.8135   4.0070
     4.1234   4.2127   4.3875   4.4661   4.4976   4.5785   4.6347   4.6746
     4.7792   4.7993   4.8159   4.8440   4.8653   4.9015   4.9619   4.9994
     5.0612   5.1613   5.1829   5.1961   5.2387   5.2736   5.2975   5.3278
     5.3635   5.3769   5.4154   5.4423   5.4897   5.5129   5.5804   5.6251
     5.6766   5.7130   5.7269   5.7664   5.7838   5.8214   5.8769   5.9176
     5.9393   5.9656   6.0316   6.0460   6.0786   6.1004   6.1423   6.1812
     6.2092   6.2580   6.2657   6.2987   6.3079   6.3556   6.3932   6.4006
     6.4389   6.4915   6.5349   6.5952   6.6160   6.6485   6.7306   6.7601
     6.8049   6.8272   6.8530   6.8707   6.8947   6.9109   6.9357   6.9806
     6.9883   7.0160   7.0473   7.0723   7.0809   7.1232   7.1463   7.1793
     7.2208   7.2515   7.2639   7.2988   7.3206   7.3308   7.3547   7.4227
     7.4408   7.4440   7.4826   7.5325   7.5603   7.5753   7.5827   7.6210
     7.6410   7.6712   7.6880   7.7055   7.7396   7.7560   7.7774   7.8085
     7.8252   7.8366   7.8760   7.9245   7.9407   7.9707   7.9900   8.0071
     8.0353   8.0521   8.0766   8.0950   8.1103   8.1240   8.1309  10.5502
    11.1471  11.2364  11.4793  11.4954  11.5483  11.9195  12.0059  12.0774
    12.2991  12.6986  13.1671  13.2552  13.2924  13.3781  13.3997  13.4658
    13.5695  13.5949  13.6204  13.6646  13.7054  13.7563  13.8961  13.9196
    13.9430  14.0165  14.0391  14.0793  14.1218  14.1442  14.1725  14.2347
    14.2903  14.4909  14.7183  14.7912  14.8429  14.8673  14.9856  15.0115
    15.1136  15.1834  15.2837  15.3341  15.3798  15.4101  15.4986  15.5411
    15.7396  15.8240  15.9423  16.0542  16.1693  16.2126  16.2648  16.3265
    16.5078  16.5360  16.6265  16.9368  16.9929  17.1080  17.1245  17.2194
    17.3215  17.3643  17.4410  17.4934  17.5214  17.5723  17.6044  17.7064

     the Fermi energy is    10.8177 ev

!    total energy              =  -15496.36803594 Ry
     total all-electron energy =   -404180.078446 Ry
     estimated scf accuracy    <          2.6E-10 Ry
     smearing contrib. (-TS)   =      -0.00074717 Ry
     internal energy E=F+TS    =  -15496.36728877 Ry

     The total energy is F=E-TS. E is the sum of the following terms:
     one-electron contribution =   -1472.40744525 Ry
     hartree contribution      =    1367.07552694 Ry
     xc contribution           =   -1835.25417178 Ry
     ewald contribution        =   -4038.12338230 Ry
     one-center paw contrib.   =   -9517.65781638 Ry

     total magnetization       =     0.62 Bohr mag/cell
     absolute magnetization    =     0.72 Bohr mag/cell

     convergence has been achieved in  26 iterations

     negative rho (up, down):  1.437E-02 1.823E-02

     Forces acting on atoms (cartesian axes, Ry/au):

     atom    1 type  1   force =     0.00006964    0.00022757    0.00019767
     atom    2 type  1   force =    -0.00030504    0.00064594    0.00012254
     atom    3 type  1   force =     0.00136299    0.00183493   -0.00083005
     atom    4 type  1   force =     0.00006964   -0.00022757   -0.00019767
     atom    5 type  3   force =    -0.00353352    0.00000000    0.00000000
     atom    6 type  1   force =     0.00008763    0.00000000    0.00000000
     atom    7 type  1   force =    -0.00170354   -0.00079454    0.00168788
     atom    8 type  1   force =    -0.00020219    0.00035604   -0.00002228
     atom    9 type  1   force =    -0.00014862   -0.00080487    0.00141081
     atom   10 type  1   force =    -0.00014862    0.00080487   -0.00141081
     atom   11 type  1   force =     0.00023235    0.00000000    0.00000000
     atom   12 type  1   force =    -0.00042289    0.00000000    0.00000000
     atom   13 type  1   force =    -0.00042530   -0.00016770   -0.00047281
     atom   14 type  1   force =     0.00122263    0.00004633   -0.00137270
     atom   15 type  1   force =    -0.00020677   -0.00041519   -0.00000942
     atom   16 type  1   force =    -0.00020677    0.00041519    0.00000942
     atom   17 type  2   force =    -0.00035514   -0.00036289   -0.00017376
     atom   18 type  2   force =     0.00099692   -0.00001732   -0.00110447
     atom   19 type  2   force =     0.00019180   -0.00004524    0.00001472
     atom   20 type  2   force =     0.00059415   -0.00000002   -0.00067492
     atom   21 type  2   force =     0.00035112   -0.00014944    0.00021161
     atom   22 type  2   force =     0.00035112    0.00014944   -0.00021161
     atom   23 type  2   force =    -0.00033888    0.00007250   -0.00010181
     atom   24 type  2   force =    -0.00033888   -0.00007250    0.00010181
     atom   25 type  2   force =    -0.00002454   -0.00007004   -0.00026563
     atom   26 type  2   force =    -0.00262719   -0.00434621   -0.00296568
     atom   27 type  2   force =    -0.00002454    0.00007004    0.00026563
     atom   28 type  2   force =    -0.00262719    0.00434621    0.00296568
     atom   29 type  2   force =    -0.00013898    0.00006225    0.00012439
     atom   30 type  2   force =     0.00022123    0.00015360   -0.00002644
     atom   31 type  2   force =     0.00063699   -0.00402619    0.00326334
     atom   32 type  2   force =    -0.00005429   -0.00035267   -0.00030635
     atom   33 type  2   force =    -0.00015218   -0.00009412   -0.00041767
     atom   34 type  2   force =    -0.00015218    0.00009412    0.00041767
     atom   35 type  2   force =     0.00030494   -0.00004206   -0.00029462
     atom   36 type  2   force =     0.00030494    0.00004206    0.00029462
     atom   37 type  2   force =    -0.00010742    0.00025616   -0.00027208
     atom   38 type  2   force =    -0.00015279    0.00027570    0.00020778
     atom   39 type  2   force =    -0.00010742   -0.00025616    0.00027208
     atom   40 type  2   force =    -0.00015279   -0.00027570   -0.00020778
     atom   41 type  1   force =    -0.00141082   -0.00138814    0.00050993
     atom   42 type  1   force =     0.00136299   -0.00183493    0.00083005
     atom   43 type  1   force =    -0.00030504   -0.00064594   -0.00012254
     atom   44 type  1   force =    -0.00141082    0.00138814   -0.00050993
     atom   45 type  1   force =    -0.00067388    0.00000000    0.00000000
     atom   46 type  1   force =    -0.00017342    0.00000000    0.00000000
     atom   47 type  1   force =    -0.00020219   -0.00035604    0.00002228
     atom   48 type  1   force =    -0.00170354    0.00079454   -0.00168788
     atom   49 type  1   force =    -0.00036313    0.00055880   -0.00041577
     atom   50 type  1   force =    -0.00036313   -0.00055880    0.00041577
     atom   51 type  1   force =     0.00010420    0.00000000    0.00000000
     atom   52 type  1   force =     0.00035826    0.00000000    0.00000000
     atom   53 type  1   force =     0.00122263   -0.00004633    0.00137270
     atom   54 type  1   force =    -0.00042530    0.00016770    0.00047281
     atom   55 type  1   force =    -0.00034331    0.00311807    0.00177604
     atom   56 type  1   force =    -0.00034331   -0.00311807   -0.00177604
     atom   57 type  2   force =     0.00059415    0.00000002    0.00067492
     atom   58 type  2   force =     0.00019180    0.00004524   -0.00001472
     atom   59 type  2   force =     0.00099692    0.00001732    0.00110447
     atom   60 type  2   force =    -0.00035514    0.00036289    0.00017376
     atom   61 type  2   force =    -0.00007297   -0.00003110   -0.00005641
     atom   62 type  2   force =    -0.00007297    0.00003110    0.00005641
     atom   63 type  2   force =    -0.00046916    0.00015265    0.00002402
     atom   64 type  2   force =    -0.00046916   -0.00015265   -0.00002402
     atom   65 type  2   force =     0.00061062    0.00092048    0.00004640
     atom   66 type  2   force =    -0.00006402    0.00027101    0.00017223
     atom   67 type  2   force =     0.00061062   -0.00092048   -0.00004640
     atom   68 type  2   force =    -0.00006402   -0.00027101   -0.00017223
     atom   69 type  2   force =    -0.00005429    0.00035267    0.00030635
     atom   70 type  2   force =     0.00063699    0.00402619   -0.00326334
     atom   71 type  2   force =     0.00022123   -0.00015360    0.00002644
     atom   72 type  2   force =    -0.00013898   -0.00006225   -0.00012439
     atom   73 type  2   force =     0.00454034    0.00665192    0.00631453
     atom   74 type  2   force =     0.00454034   -0.00665192   -0.00631453
     atom   75 type  2   force =     0.00025342    0.00058539   -0.00035945
     atom   76 type  2   force =     0.00025342   -0.00058539    0.00035945
     atom   77 type  2   force =     0.00038668   -0.00013264    0.00020654
     atom   78 type  2   force =    -0.00006656   -0.00010182    0.00007967
     atom   79 type  2   force =     0.00038668    0.00013264   -0.00020654
     atom   80 type  2   force =    -0.00006656    0.00010182   -0.00007967

     Total force =     0.020878     Total SCF correction =     0.000028


     Computing stress (Cartesian axis) and pressure


     negative rho (up, down):  1.437E-02 1.823E-02
          total   stress  (Ry/bohr**3)                   (kbar)     P=       13.51
   0.00008639   0.00000000   0.00000000           12.71        0.00        0.00
   0.00000000   0.00009515   0.00000666            0.00       14.00        0.98
   0.00000000   0.00000666   0.00009398            0.00        0.98       13.82


     Writing all to output data dir ./tmp/spin.save/ :
     XML data file, charge density, pseudopotentials, collected wavefunctions

     init_run     :    110.99s CPU    115.68s WALL (       1 calls)
     electrons    :   8300.55s CPU   9176.28s WALL (       1 calls)
     forces       :     53.83s CPU     63.28s WALL (       1 calls)
     stress       :    171.88s CPU    181.47s WALL (       1 calls)

     Called by init_run:
     wfcinit      :     94.91s CPU     98.46s WALL (       1 calls)
     potinit      :      7.80s CPU      8.43s WALL (       1 calls)
     hinit0       :      5.53s CPU      5.66s WALL (       1 calls)

     Called by electrons:
     c_bands      :   7275.38s CPU   8044.67s WALL (      26 calls)
     sum_band     :    807.84s CPU    891.23s WALL (      26 calls)
     v_of_rho     :     71.79s CPU     78.07s WALL (      27 calls)
     newd         :     33.76s CPU     39.57s WALL (      27 calls)
     PAW_pot      :    102.48s CPU    111.20s WALL (      27 calls)
     mix_rho      :      9.31s CPU     10.54s WALL (      26 calls)

     Called by c_bands:
     init_us_2    :     48.14s CPU     49.04s WALL (     165 calls)
     cegterg      :   6955.38s CPU   7482.50s WALL (      78 calls)

     Called by *egterg:
     cdiaghg      :    202.87s CPU    234.92s WALL (     444 calls)
     h_psi        :   3410.96s CPU   3645.29s WALL (     447 calls)
     s_psi        :    701.00s CPU    705.05s WALL (     447 calls)
     g_psi        :     15.40s CPU     15.52s WALL (     366 calls)

     Called by h_psi:
     h_psi:calbec :    778.47s CPU    833.27s WALL (     447 calls)
     vloc_psi     :   1911.97s CPU   2081.52s WALL (     447 calls)
                                        0.00s GPU  (     447 calls)
     add_vuspsi   :    711.99s CPU    716.41s WALL (     447 calls)

     General routines
     calbec       :   1238.36s CPU   1320.35s WALL (     576 calls)
     fft          :     42.87s CPU     50.34s WALL (     713 calls)
     ffts         :      2.72s CPU      3.10s WALL (     106 calls)
     fftw         :   1924.75s CPU   2118.50s WALL (  212698 calls)
     interpolate  :      5.79s CPU      6.46s WALL (      54 calls)

     Parallel routines

     PWSCF        :      2h23m CPU      2h39m WALL


   This run was terminated on:  10:56:54  29Sep2026            

=------------------------------------------------------------------------------=
   JOB DONE.
=------------------------------------------------------------------------------=
Note: The following floating-point exceptions are signalling: IEEE_DENORMAL
Note: The following floating-point exceptions are signalling: IEEE_UNDERFLOW_FLAG IEEE_DENORMAL
Note: The following floating-point exceptions are signalling: IEEE_UNDERFLOW_FLAG IEEE_DENORMAL
Note: The following floating-point exceptions are signalling: IEEE_UNDERFLOW_FLAG IEEE_DENORMAL
Note: The following floating-point exceptions are signalling: IEEE_UNDERFLOW_FLAG IEEE_DENORMAL
Note: The following floating-point exceptions are signalling: IEEE_UNDERFLOW_FLAG IEEE_DENORMAL
Note: The following floating-point exceptions are signalling: IEEE_UNDERFLOW_FLAG IEEE_DENORMAL
Note: The following floating-point exceptions are signalling: IEEE_DENORMAL
Note: The following floating-point exceptions are signalling: IEEE_DENORMAL
Note: The following floating-point exceptions are signalling: IEEE_UNDERFLOW_FLAG IEEE_DENORMAL
Note: The following floating-point exceptions are signalling: IEEE_UNDERFLOW_FLAG IEEE_DENORMAL
Note: The following floating-point exceptions are signalling: IEEE_UNDERFLOW_FLAG IEEE_DENORMAL
Note: The following floating-point exceptions are signalling: IEEE_UNDERFLOW_FLAG IEEE_DENORMAL
Note: The following floating-point exceptions are signalling: IEEE_UNDERFLOW_FLAG IEEE_DENORMAL
Note: The following floating-point exceptions are signalling: IEEE_DENORMAL
Note: The following floating-point exceptions are signalling: IEEE_UNDERFLOW_FLAG IEEE_DENORMAL
Note: The following floating-point exceptions are signalling: IEEE_UNDERFLOW_FLAG IEEE_DENORMAL
Note: The following floating-point exceptions are signalling: IEEE_UNDERFLOW_FLAG IEEE_DENORMAL
Note: The following floating-point exceptions are signalling: IEEE_UNDERFLOW_FLAG IEEE_DENORMAL
Note: The following floating-point exceptions are signalling: IEEE_UNDERFLOW_FLAG IEEE_DENORMAL
Note: The following floating-point exceptions are signalling: IEEE_UNDERFLOW_FLAG IEEE_DENORMAL
Note: The following floating-point exceptions are signalling: IEEE_UNDERFLOW_FLAG IEEE_DENORMAL
Note: The following floating-point exceptions are signalling: IEEE_UNDERFLOW_FLAG IEEE_DENORMAL
Note: The following floating-point exceptions are signalling: IEEE_UNDERFLOW_FLAG IEEE_DENORMAL
Note: The following floating-point exceptions are signalling: IEEE_UNDERFLOW_FLAG IEEE_DENORMAL
Note: The following floating-point exceptions are signalling: IEEE_UNDERFLOW_FLAG IEEE_DENORMAL
Note: The following floating-point exceptions are signalling: IEEE_DENORMAL
Note: The following floating-point exceptions are signalling: IEEE_DENORMAL
Note: The following floating-point exceptions are signalling: IEEE_UNDERFLOW_FLAG IEEE_DENORMAL
Note: The following floating-point exceptions are signalling: IEEE_DENORMAL
Note: The following floating-point exceptions are signalling: IEEE_UNDERFLOW_FLAG IEEE_DENORMAL
Note: The following floating-point exceptions are signalling: IEEE_DENORMAL
