    0.000000000    0.118326202    0.118326159
    0.018955284    0.118326198    0.118326159
    0.037910569    0.118326188    0.118326159
    0.056865853    0.118326172    0.118326159
    0.075821137    0.118326154    0.118326159
    0.094776422    0.118326138    0.118326159
    0.113731706    0.118326128    0.118326158
    0.132686990    0.118326124    0.118326158
    0.151642274    0.118326128    0.118326158
    0.170597559    0.118326139    0.118326159
    0.189552843    0.118326154    0.118326159
    0.208508127    0.118326172    0.118326159
    0.227463412    0.118326188    0.118326159
    0.246418696    0.118326198    0.118326159
    0.265373980    0.118326202    0.118326159
    0.284329265    0.118326198    0.118326159
    0.303284549    0.118326187    0.118326159
    0.322239833    0.118326171    0.118326159
    0.341195117    0.118326154    0.118326159
    0.360150402    0.118326138    0.118326158
    0.379105686    0.118326127    0.118326158
    0.398060970    0.118326123    0.118326158
    0.417016255    0.118326127    0.118326158
    0.435971539    0.118326138    0.118326158
    0.454926823    0.118326154    0.118326158
    0.473882108    0.118326172    0.118326159
    0.492837392    0.118326187    0.118326159
    0.511792676    0.118326198    0.118326159
    0.530747960    0.118326202    0.118326159
    0.549703245    0.118326198    0.118326159
    0.568658529    0.118326187    0.118326159
    0.587613813    0.118326171    0.118326158
    0.606569098    0.118326153    0.118326158
    0.625524382    0.118326137    0.118326158
    0.644479666    0.118326127    0.118326158
    0.663434951    0.118326123    0.118326157
    0.682390235    0.118326127    0.118326157
    0.701345519    0.118326138    0.118326158
    0.720300803    0.118326154    0.118326158
    0.739256088    0.118326171    0.118326158
    0.758211372    0.118326187    0.118326158
    0.777166656    0.118326198    0.118326158
    0.796121941    0.118326201    0.118326158
    0.815077225    0.118326197    0.118326158
    0.834032509    0.118326186    0.118326158
    0.852987794    0.118326170    0.118326158
    0.871943078    0.118326152    0.118326157
    0.890898362    0.118326136    0.118326157
    0.909853646    0.118326125    0.118326157
    0.928808931    0.118326122    0.118326157
    0.947764215    0.118326126    0.118326157
    0.966719499    0.118326137    0.118326157
    0.985674784    0.118326153    0.118326157
    1.004630068    0.118326170    0.118326157
    1.023585352    0.118326186    0.118326157
    1.042540637    0.118326197    0.118326157
    1.061495921    0.118326201    0.118326157
    1.080451205    0.118326196    0.118326157
    1.099406489    0.118326185    0.118326157
    1.118361774    0.118326169    0.118326157
    1.137317058    0.118326151    0.118326156
    1.156272342    0.118326135    0.118326156
    1.175227627    0.118326124    0.118326156
    1.194182911    0.118326120    0.118326155
    1.213138195    0.118326125    0.118326155
    1.232093480    0.118326136    0.118326155
    1.251048764    0.118326152    0.118326156
    1.270004048    0.118326169    0.118326156
    1.288959332    0.118326185    0.118326156
    1.307914617    0.118326196    0.118326156
    1.326869901    0.118326199    0.118326156
    1.345825185    0.118326195    0.118326156
    1.364780470    0.118326184    0.118326155
    1.383735754    0.118326167    0.118326155
    1.402691038    0.118326149    0.118326155
    1.421646323    0.118326133    0.118326154
    1.440601607    0.118326122    0.118326154
    1.459556891    0.118326119    0.118326154
    1.478512175    0.118326123    0.118326154
    1.497467460    0.118326134    0.118326154
    1.516422744    0.118326150    0.118326154
    1.535378028    0.118326168    0.118326154
    1.554333313    0.118326184    0.118326154
    1.573288597    0.118326195    0.118326154
    1.592243881    0.118326198    0.118326154
    1.611199166    0.118326194    0.118326154
    1.630154450    0.118326182    0.118326154
    1.649109734    0.118326165    0.118326153
    1.668065018    0.118326147    0.118326153
    1.687020303    0.118326131    0.118326153
    1.705975587    0.118326120    0.118326152
    1.724930871    0.118326117    0.118326152
    1.743886156    0.118326121    0.118326152
    1.762841440    0.118326132    0.118326152
    1.781796724    0.118326149    0.118326152
    1.800752009    0.118326167    0.118326152
    1.819707293    0.118326182    0.118326152
    1.838662577    0.118326193    0.118326152
    1.857617861    0.118326197    0.118326152
    1.876573146    0.118326192    0.118326152
    1.895528430    0.118326180    0.118326152
    1.914483714    0.118326163    0.118326151
    1.933438999    0.118326145    0.118326151
    1.952394283    0.118326129    0.118326151
    1.971349567    0.118326118    0.118326150
    1.990304852    0.118326114    0.118326150
    2.009260136    0.118326119    0.118326150
    2.028215420    0.118326130    0.118326150
    2.047170704    0.118326147    0.118326150
    2.066125989    0.118326165    0.118326150
    2.085081273    0.118326181    0.118326150
    2.104036557    0.118326191    0.118326150
    2.122991842    0.118326195    0.118326150
    2.141947126    0.118326190    0.118326150
    2.160902410    0.118326178    0.118326150
    2.179857695    0.118326161    0.118326149
    2.198812979    0.118326142    0.118326149
    2.217768263    0.118326126    0.118326148
    2.236723547    0.118326115    0.118326148
    2.255678832    0.118326111    0.118326148
    2.274634116    0.118326116    0.118326148
    2.293589400    0.118326128    0.118326148
    2.312544685    0.118326144    0.118326148
    2.331499969    0.118326163    0.118326148
    2.350455253    0.118326179    0.118326148
    2.369410538    0.118326189    0.118326148
    2.388365822    0.118326193    0.118326148
    2.407321106    0.118326188    0.118326147
    2.426276391    0.118326175    0.118326147
    2.445231675    0.118326158    0.118326147
    2.464186959    0.118326139    0.118326146
    2.483142243    0.118326123    0.118326146
    2.502097528    0.118326112    0.118326145
    2.521052812    0.118326108    0.118326145
    2.540008096    0.118326113    0.118326145
    2.558963381    0.118326125    0.118326145
    2.577918665    0.118326142    0.118326145
    2.596873949    0.118326160    0.118326145
    2.615829234    0.118326176    0.118326145
    2.634784518    0.118326187    0.118326145
    2.653739802    0.118326190    0.118326145
    2.672695086    0.118326185    0.118326145
    2.691650371    0.118326172    0.118326144
    2.710605655    0.118326155    0.118326144
    2.729560939    0.118326136    0.118326143
    2.748516224    0.118326120    0.118326143
    2.767471508    0.118326108    0.118326142
    2.786426792    0.118326105    0.118326142
    2.805382077    0.118326110    0.118326142
    2.824337361    0.118326122    0.118326142
    2.843292645    0.118326139    0.118326142
    2.862247929    0.118326158    0.118326142
    2.881203214    0.118326174    0.118326142
    2.900158498    0.118326185    0.118326142
    2.919113782    0.118326188    0.118326142
    2.938069067    0.118326182    0.118326141
    2.957024351    0.118326169    0.118326141
    2.975979635    0.118326152    0.118326140
    2.994934920    0.118326133    0.118326140
    3.013890204    0.118326116    0.118326139
    3.032845488    0.118326104    0.118326139
    3.051800772    0.118326101    0.118326139
    3.070756057    0.118326106    0.118326139
    3.089711341    0.118326119    0.118326138
    3.108666625    0.118326136    0.118326138
    3.127621910    0.118326155    0.118326139
    3.146577194    0.118326171    0.118326139
    3.165532478    0.118326182    0.118326138
    3.184487763    0.118326185    0.118326138
    3.203443047    0.118326179    0.118326138
    3.222398331    0.118326166    0.118326137
    3.241353615    0.118326148    0.118326137
    3.260308900    0.118326129    0.118326136
    3.279264184    0.118326112    0.118326136
    3.298219468    0.118326100    0.118326135
    3.317174753    0.118326097    0.118326135
    3.336130037    0.118326102    0.118326135
    3.355085321    0.118326115    0.118326135
    3.374040606    0.118326133    0.118326135
    3.392995890    0.118326152    0.118326135
    3.411951174    0.118326168    0.118326135
    3.430906458    0.118326179    0.118326135
    3.449861743    0.118326182    0.118326135
    3.468817027    0.118326176    0.118326134
    3.487772311    0.118326162    0.118326134
    3.506727596    0.118326144    0.118326133
    3.525682880    0.118326124    0.118326133
    3.544638164    0.118326107    0.118326132
    3.563593449    0.118326096    0.118326132
    3.582548733    0.118326092    0.118326131
    3.601504017    0.118326098    0.118326131
    3.620459301    0.118326111    0.118326131
    3.639414586    0.118326129    0.118326131
    3.658369870    0.118326148    0.118326131
    3.677325154    0.118326165    0.118326131
    3.696280439    0.118326176    0.118326131
    3.715235723    0.118326178    0.118326130
    3.734191007    0.118326172    0.118326130
    3.753146292    0.118326158    0.118326130
    3.772101576    0.118326140    0.118326129
    3.791056860    0.118326120    0.118326128
    3.810012144    0.118326102    0.118326128
    3.828967429    0.118326091    0.118326127
    3.847922713    0.118326087    0.118326127
    3.866877997    0.118326093    0.118326127
    3.885833282    0.118326107    0.118326127
    3.904788566    0.118326125    0.118326127
    3.923743850    0.118326144    0.118326127
    3.942699135    0.118326161    0.118326126
    3.961654419    0.118326172    0.118326126
    3.980609703    0.118326175    0.118326126
    3.999564987    0.118326168    0.118326126
    4.018520272    0.118326154    0.118326125
    4.037475556    0.118326135    0.118326125
    4.056430840    0.118326114    0.118326124
    4.075386125    0.118326097    0.118326123
    4.094341409    0.118326085    0.118326123
    4.113296693    0.118326082    0.118326122
    4.132251978    0.118326088    0.118326122
    4.151207262    0.118326102    0.118326122
    4.170162546    0.118326121    0.118326122
    4.189117830    0.118326140    0.118326122
    4.208073115    0.118326158    0.118326122
    4.227028399    0.118326168    0.118326122
    4.245983683    0.118326171    0.118326121
    4.264938968    0.118326164    0.118326121
    4.283894252    0.118326149    0.118326120
    4.302849536    0.118326130    0.118326120
    4.321804821    0.118326109    0.118326119
    4.340760105    0.118326091    0.118326119
    4.359715389    0.118326080    0.118326118
    4.378670673    0.118326077    0.118326118
    4.397625958    0.118326083    0.118326117
    4.416581242    0.118326097    0.118326117
    4.435536526    0.118326116    0.118326117
    4.454491811    0.118326136    0.118326117
    4.473447095    0.118326154    0.118326117
    4.492402379    0.118326164    0.118326117
    4.511357664    0.118326167    0.118326116
    4.530312948    0.118326159    0.118326116
    4.549268232    0.118326144    0.118326115
    4.568223517    0.118326124    0.118326115
    4.587178801    0.118326103    0.118326114
    4.606134085    0.118326085    0.118326113
    4.625089369    0.118326074    0.118326113
    4.644044654    0.118326071    0.118326112
    4.662999938    0.118326077    0.118326112
    4.681955222    0.118326092    0.118326112
    4.700910507    0.118326111    0.118326112
    4.719865791    0.118326132    0.118326112
    4.738821075    0.118326149    0.118326112
    4.757776360    0.118326160    0.118326111
    4.776731644    0.118326162    0.118326111
    4.795686928    0.118326155    0.118326111
    4.814642212    0.118326139    0.118326110
    4.833597497    0.118326119    0.118326109
    4.852552781    0.118326097    0.118326109
    4.871508065    0.118326079    0.118326108
    4.890463350    0.118326067    0.118326107
    4.909418634    0.118326064    0.118326107
    4.928373918    0.118326071    0.118326107
    4.947329203    0.118326086    0.118326106
    4.966284487    0.118326106    0.118326106
    4.985239771    0.118326127    0.118326106
    5.004195055    0.118326145    0.118326106
    5.023150340    0.118326156    0.118326106
    5.042105624    0.118326157    0.118326105
    5.061060908    0.118326149    0.118326105
    5.080016193    0.118326134    0.118326104
    5.098971477    0.118326113    0.118326104
    5.117926761    0.118326091    0.118326103
    5.136882046    0.118326072    0.118326102
    5.155837330    0.118326060    0.118326102
    5.174792614    0.118326058    0.118326101
    5.193747898    0.118326065    0.118326101
    5.212703183    0.118326080    0.118326100
    5.231658467    0.118326101    0.118326100
    5.250613751    0.118326122    0.118326100
    5.269569036    0.118326140    0.118326100
    5.288524320    0.118326151    0.118326100
    5.307479604    0.118326152    0.118326099
    5.326434889    0.118326144    0.118326099
    5.345390173    0.118326128    0.118326098
    5.364345457    0.118326106    0.118326098
    5.383300741    0.118326084    0.118326097
    5.402256026    0.118326065    0.118326096
    5.421211310    0.118326053    0.118326095
    5.440166594    0.118326051    0.118326095
    5.459121879    0.118326058    0.118326094
    5.478077163    0.118326074    0.118326094
    5.497032447    0.118326095    0.118326094
    5.515987732    0.118326117    0.118326094
    5.534943016    0.118326135    0.118326094
    5.553898300    0.118326146    0.118326094
    5.572853584    0.118326147    0.118326093
    5.591808869    0.118326138    0.118326093
    5.610764153    0.118326121    0.118326092
    5.629719437    0.118326099    0.118326091
    5.648674722    0.118326076    0.118326090
    5.667630006    0.118326057    0.118326090
    5.686585290    0.118326045    0.118326089
    5.705540575    0.118326043    0.118326088
    5.724495859    0.118326051    0.118326088
    5.743451143    0.118326068    0.118326088
    5.762406427    0.118326089    0.118326088
    5.781361712    0.118326111    0.118326087
    5.800316996    0.118326130    0.118326087
    5.819272280    0.118326140    0.118326087
    5.838227565    0.118326141    0.118326087
    5.857182849    0.118326132    0.118326086
    5.876138133    0.118326115    0.118326085
    5.895093418    0.118326092    0.118326084
    5.914048702    0.118326069    0.118326084
    5.933003986    0.118326049    0.118326083
    5.951959270    0.118326037    0.118326082
    5.970914555    0.118326035    0.118326082
    5.989869839    0.118326044    0.118326081
    6.008825123    0.118326061    0.118326081
    6.027780408    0.118326083    0.118326081
    6.046735692    0.118326106    0.118326081
    6.065690976    0.118326124    0.118326080
    6.084646261    0.118326135    0.118326080
    6.103601545    0.118326136    0.118326080
    6.122556829    0.118326126    0.118326079
    6.141512113    0.118326108    0.118326078
    6.160467398    0.118326084    0.118326077
    6.179422682    0.118326060    0.118326077
    6.198377966    0.118326041    0.118326076
    6.217333251    0.118326029    0.118326075
    6.236288535    0.118326027    0.118326074
    6.255243819    0.118326036    0.118326074
    6.274199104    0.118326054    0.118326074
    6.293154388    0.118326076    0.118326074
    6.312109672    0.118326100    0.118326073
    6.331064956    0.118326118    0.118326073
    6.350020241    0.118326129    0.118326073
    6.368975525    0.118326129    0.118326072
    6.387930809    0.118326119    0.118326072
    6.406886094    0.118326100    0.118326071
    6.425841378    0.118326076    0.118326070
    6.444796662    0.118326052    0.118326069
    6.463751947    0.118326032    0.118326068
    6.482707231    0.118326020    0.118326067
    6.501662515    0.118326019    0.118326067
    6.520617799    0.118326028    0.118326066
    6.539573084    0.118326046    0.118326066
    6.558528368    0.118326070    0.118326066
    6.577483652    0.118326093    0.118326066
    6.596438937    0.118326112    0.118326066
    6.615394221    0.118326123    0.118326065
    6.634349505    0.118326123    0.118326065
    6.653304790    0.118326112    0.118326064
    6.672260074    0.118326092    0.118326063
    6.691215358    0.118326068    0.118326062
    6.710170642    0.118326043    0.118326061
    6.729125927    0.118326022    0.118326060
    6.748081211    0.118326011    0.118326060
    6.767036495    0.118326010    0.118326059
    6.785991780    0.118326020    0.118326059
    6.804947064    0.118326039    0.118326058
    6.823902348    0.118326063    0.118326058
    6.842857633    0.118326087    0.118326058
    6.861812917    0.118326106    0.118326058
    6.880768201    0.118326117    0.118326057
    6.899723486    0.118326116    0.118326057
    6.918678770    0.118326105    0.118326056
    6.937634054    0.118326084    0.118326055
    6.956589338    0.118326059    0.118326054
    6.975544623    0.118326033    0.118326053
    6.994499907    0.118326013    0.118326052
    7.013455191    0.118326001    0.118326051
    7.032410476    0.118326000    0.118326051
    7.051365760    0.118326011    0.118326050
    7.070321044    0.118326031    0.118326050
    7.089276329    0.118326055    0.118326050
    7.108231613    0.118326080    0.118326050
    7.127186897    0.118326099    0.118326049
    7.146142181    0.118326110    0.118326049
    7.165097466    0.118326109    0.118326048
    7.184052750    0.118326097    0.118326048
    7.203008034    0.118326076    0.118326047
    7.221963319    0.118326050    0.118326046
    7.240918603    0.118326024    0.118326045
    7.259873887    0.118326003    0.118326044
    7.278829172    0.118325991    0.118326043
    7.297784456    0.118325991    0.118326042
    7.316739740    0.118326002    0.118326042
    7.335695024    0.118326022    0.118326041
    7.354650309    0.118326048    0.118326041
    7.373605593    0.118326073    0.118326041
    7.392560877    0.118326093    0.118326041
    7.411516162    0.118326103    0.118326040
    7.430471446    0.118326102    0.118326040
    7.449426730    0.118326089    0.118326039
    7.468382015    0.118326067    0.118326038
    7.487337299    0.118326040    0.118326037
    7.506292583    0.118326013    0.118326036
    7.525247867    0.118325992    0.118326035
    7.544203152    0.118325980    0.118326034
    7.563158436    0.118325981    0.118326033
    7.582113720    0.118325993    0.118326033
    7.601069005    0.118326014    0.118326033
    7.620024289    0.118326040    0.118326032
    7.638979573    0.118326066    0.118326032
    7.657934858    0.118326086    0.118326032
    7.676890142    0.118326096    0.118326031
    7.695845426    0.118326094    0.118326031
    7.714800710    0.118326080    0.118326030
    7.733755995    0.118326058    0.118326029
    7.752711279    0.118326030    0.118326028
    7.771666563    0.118326002    0.118326027
    7.790621848    0.118325981    0.118326026
    7.809577132    0.118325969    0.118326025
    7.828532416    0.118325970    0.118326024
    7.847487701    0.118325983    0.118326024
    7.866442985    0.118326005    0.118326023
    7.885398269    0.118326032    0.118326023
    7.904353553    0.118326058    0.118326023
    7.923308838    0.118326078    0.118326022
    7.942264122    0.118326088    0.118326022
    7.961219406    0.118326086    0.118326021
    7.980174691    0.118326072    0.118326020
    7.999129975    0.118326048    0.118326019
    8.018085259    0.118326019    0.118326018
    8.037040544    0.118325991    0.118326017
    8.055995828    0.118325969    0.118326016
    8.074951112    0.118325958    0.118326015
    8.093906396    0.118325959    0.118326014
    8.112861681    0.118325973    0.118326014
    8.131816965    0.118325996    0.118326014
    8.150772249    0.118326023    0.118326013
    8.169727534    0.118326050    0.118326013
    8.188682818    0.118326071    0.118326013
    8.207638102    0.118326081    0.118326012
    8.226593387    0.118326078    0.118326011
    8.245548671    0.118326062    0.118326011
    8.264503955    0.118326038    0.118326009
    8.283459239    0.118326008    0.118326008
    8.302414524    0.118325979    0.118326007
    8.321369808    0.118325957    0.118326006
    8.340325092    0.118325946    0.118326005
    8.359280377    0.118325948    0.118326004
    8.378235661    0.118325962    0.118326004
    8.397190945    0.118325986    0.118326003
    8.416146230    0.118326015    0.118326003
    8.435101514    0.118326042    0.118326003
    8.454056798    0.118326063    0.118326003
    8.473012082    0.118326072    0.118326002
    8.491967367    0.118326069    0.118326001
    8.510922651    0.118326053    0.118326000
    8.529877935    0.118326027    0.118325999
    8.548833220    0.118325996    0.118325998
    8.567788504    0.118325967    0.118325997
    8.586743788    0.118325945    0.118325996
    8.605699073    0.118325934    0.118325995
    8.624654357    0.118325936    0.118325994
    8.643609641    0.118325951    0.118325993
    8.662564925    0.118325976    0.118325993
    8.681520210    0.118326006    0.118325993
    8.700475494    0.118326034    0.118325992
    8.719430778    0.118326055    0.118325992
    8.738386063    0.118326064    0.118325992
    8.757341347    0.118326060    0.118325991
    8.776296631    0.118326043    0.118325990
    8.795251916    0.118326016    0.118325989
    8.814207200    0.118325984    0.118325987
    8.833162484    0.118325954    0.118325986
    8.852117768    0.118325932    0.118325985
    8.871073053    0.118325921    0.118325984
    8.890028337    0.118325924    0.118325983
    8.908983621    0.118325940    0.118325983
    8.927938906    0.118325966    0.118325982
    8.946894190    0.118325997    0.118325982
    8.965849474    0.118326025    0.118325982
    8.984804759    0.118326046    0.118325981
    9.003760043    0.118326055    0.118325981
    9.022715327    0.118326050    0.118325980
    9.041670611    0.118326032    0.118325979
    9.060625896    0.118326004    0.118325978
    9.079581180    0.118325972    0.118325976
    9.098536464    0.118325941    0.118325975
    9.117491749    0.118325918    0.118325974
    9.136447033    0.118325908    0.118325973
    9.155402317    0.118325912    0.118325972
    9.174357602    0.118325929    0.118325971
    9.193312886    0.118325956    0.118325971
    9.212268170    0.118325987    0.118325971
    9.231223455    0.118326016    0.118325970
    9.250178739    0.118326038    0.118325970
    9.269134023    0.118326046    0.118325969
    9.288089307    0.118326041    0.118325968
    9.307044592    0.118326021    0.118325967
    9.325999876    0.118325992    0.118325966
    9.344955160    0.118325959    0.118325965
    9.363910445    0.118325927    0.118325963
    9.382865729    0.118325904    0.118325962
    9.401821013    0.118325894    0.118325961
    9.420776298    0.118325899    0.118325960
    9.439731582    0.118325917    0.118325960
    9.458686866    0.118325945    0.118325959
    9.477642150    0.118325977    0.118325959
    9.496597435    0.118326007    0.118325959
    9.515552719    0.118326029    0.118325958
    9.534508003    0.118326037    0.118325958
    9.553463288    0.118326031    0.118325957
    9.572418572    0.118326010    0.118325956
    9.591373856    0.118325980    0.118325954
    9.610329141    0.118325945    0.118325953
    9.629284425    0.118325913    0.118325952
    9.648239709    0.118325890    0.118325950
    9.667194993    0.118325880    0.118325949
    9.686150278    0.118325885    0.118325948
    9.705105562    0.118325905    0.118325948
    9.724060846    0.118325934    0.118325947
    9.743016131    0.118325967    0.118325947
    9.761971415    0.118325998    0.118325947
    9.780926699    0.118326019    0.118325946
    9.799881984    0.118326027    0.118325945
    9.818837268    0.118326020    0.118325945
    9.837792552    0.118325998    0.118325943
    9.856747836    0.118325967    0.118325942
    9.875703121    0.118325931    0.118325941
    9.894658405    0.118325898    0.118325939
    9.913613689    0.118325875    0.118325938
    9.932568974    0.118325865    0.118325937
    9.951524258    0.118325872    0.118325936
    9.970479542    0.118325892    0.118325935
    9.989434827    0.118325923    0.118325935
   10.008390111    0.118325957    0.118325935
   10.027345395    0.118325988    0.118325934
   10.046300679    0.118326010    0.118325934
   10.065255964    0.118326017    0.118325933
   10.084211248    0.118326009    0.118325932
   10.103166532    0.118325986    0.118325931
   10.122121817    0.118325953    0.118325929
   10.141077101    0.118325916    0.118325928
   10.160032385    0.118325883    0.118325926
   10.178987670    0.118325859    0.118325925
   10.197942954    0.118325850    0.118325924
   10.216898238    0.118325857    0.118325923
   10.235853522    0.118325879    0.118325922
   10.254808807    0.118325911    0.118325922
   10.273764091    0.118325947    0.118325922
   10.292719375    0.118325978    0.118325921
   10.311674660    0.118326000    0.118325921
   10.330629944    0.118326007    0.118325920
   10.349585228    0.118325998    0.118325919
   10.368540513    0.118325973    0.118325918
   10.387495797    0.118325939    0.118325916
   10.406451081    0.118325901    0.118325915
   10.425406365    0.118325867    0.118325913
   10.444361650    0.118325843    0.118325912
   10.463316934    0.118325834    0.118325911
   10.482272218    0.118325843    0.118325910
   10.501227503    0.118325866    0.118325909
   10.520182787    0.118325899    0.118325909
   10.539138071    0.118325936    0.118325908
   10.558093356    0.118325968    0.118325908
   10.577048640    0.118325990    0.118325907
   10.596003924    0.118325997    0.118325906
   10.614959208    0.118325986    0.118325905
   10.633914493    0.118325960    0.118325904
   10.652869777    0.118325924    0.118325903
   10.671825061    0.118325885    0.118325901
   10.690780346    0.118325850    0.118325899
   10.709735630    0.118325826    0.118325898
   10.728690914    0.118325818    0.118325897
   10.747646199    0.118325827    0.118325896
   10.766601483    0.118325852    0.118325895
   10.785556767    0.118325887    0.118325895
   10.804512051    0.118325925    0.118325894
   10.823467336    0.118325958    0.118325894
   10.842422620    0.118325980    0.118325893
   10.861377904    0.118325986    0.118325893
   10.880333189    0.118325974    0.118325891
   10.899288473    0.118325946    0.118325890
   10.918243757    0.118325909    0.118325888
   10.937199042    0.118325868    0.118325887
   10.956154326    0.118325833    0.118325885
   10.975109610    0.118325809    0.118325884
   10.994064894    0.118325801    0.118325882
   11.013020179    0.118325812    0.118325882
   11.031975463    0.118325838    0.118325881
   11.050930747    0.118325874    0.118325880
   11.069886032    0.118325913    0.118325880
   11.088841316    0.118325947    0.118325880
   11.107796600    0.118325969    0.118325879
   11.126751885    0.118325974    0.118325878
   11.145707169    0.118325961    0.118325877
   11.164662453    0.118325932    0.118325875
   11.183617737    0.118325893    0.118325874
   11.202573022    0.118325851    0.118325872
   11.221528306    0.118325815    0.118325870
   11.240483590    0.118325791    0.118325869
   11.259438875    0.118325784    0.118325868
   11.278394159    0.118325796    0.118325867
   11.297349443    0.118325823    0.118325866
   11.316304728    0.118325861    0.118325865
   11.335260012    0.118325902    0.118325865
   11.354215296    0.118325936    0.118325865
   11.373170581    0.118325958    0.118325864
   11.392125865    0.118325962    0.118325863
   11.411081149    0.118325948    0.118325862
   11.430036433    0.118325917    0.118325860
   11.448991718    0.118325877    0.118325859
   11.467947002    0.118325833    0.118325857
   11.486902286    0.118325796    0.118325855
   11.505857571    0.118325772    0.118325853
   11.524812855    0.118325766    0.118325852
   11.543768139    0.118325779    0.118325851
   11.562723424    0.118325808    0.118325851
   11.581678708    0.118325848    0.118325850
   11.600633992    0.118325890    0.118325850
   11.619589276    0.118325925    0.118325849
   11.638544561    0.118325947    0.118325848
   11.657499845    0.118325950    0.118325847
   11.676455129    0.118325934    0.118325846
   11.695410414    0.118325902    0.118325845
   11.714365698    0.118325859    0.118325843
   11.733320982    0.118325815    0.118325841
   11.752276267    0.118325777    0.118325839
   11.771231551    0.118325753    0.118325837
   11.790186835    0.118325748    0.118325836
   11.809142119    0.118325762    0.118325835
   11.828097404    0.118325793    0.118325834
   11.847052688    0.118325834    0.118325834
   11.866007972    0.118325877    0.118325833
   11.884963257    0.118325914    0.118325833
   11.903918541    0.118325935    0.118325832
   11.922873825    0.118325938    0.118325831
   11.941829110    0.118325920    0.118325830
   11.960784394    0.118325886    0.118325828
   11.979739678    0.118325841    0.118325826
   11.998694962    0.118325795    0.118325824
   12.017650247    0.118325757    0.118325822
   12.036605531    0.118325733    0.118325821
   12.055560815    0.118325728    0.118325819
   12.074516100    0.118325744    0.118325818
   12.093471384    0.118325777    0.118325818
   12.112426668    0.118325820    0.118325817
   12.131381953    0.118325865    0.118325817
   12.150337237    0.118325902    0.118325816
   12.169292521    0.118325923    0.118325815
   12.188247805    0.118325925    0.118325814
   12.207203090    0.118325906    0.118325813
   12.226158374    0.118325869    0.118325811
   12.245113658    0.118325823    0.118325809
   12.264068943    0.118325775    0.118325807
   12.283024227    0.118325736    0.118325805
   12.301979511    0.118325712    0.118325803
   12.320934796    0.118325708    0.118325802
   12.339890080    0.118325726    0.118325801
   12.358845364    0.118325761    0.118325800
   12.377800648    0.118325806    0.118325799
   12.396755933    0.118325852    0.118325799
   12.415711217    0.118325890    0.118325798
   12.434666501    0.118325911    0.118325797
   12.453621786    0.118325911    0.118325796
   12.472577070    0.118325890    0.118325794
   12.491532354    0.118325852    0.118325793
   12.510487639    0.118325803    0.118325790
   12.529442923    0.118325754    0.118325788
   12.548398207    0.118325714    0.118325786
   12.567353491    0.118325690    0.118325784
   12.586308776    0.118325688    0.118325783
   12.605264060    0.118325707    0.118325782
   12.624219344    0.118325744    0.118325781
   12.643174629    0.118325791    0.118325780
   12.662129913    0.118325839    0.118325780
   12.681085197    0.118325877    0.118325779
   12.700040482    0.118325898    0.118325778
   12.718995766    0.118325897    0.118325777
   12.737951050    0.118325874    0.118325775
   12.756906334    0.118325834    0.118325773
   12.775861619    0.118325783    0.118325771
   12.794816903    0.118325732    0.118325768
   12.813772187    0.118325691    0.118325766
   12.832727472    0.118325668    0.118325764
   12.851682756    0.118325667    0.118325763
   12.870638040    0.118325688    0.118325761
   12.889593325    0.118325727    0.118325761
   12.908548609    0.118325776    0.118325760
   12.927503893    0.118325825    0.118325759
   12.946459177    0.118325864    0.118325758
   12.965414462    0.118325885    0.118325757
   12.984369746    0.118325883    0.118325756
   13.003325030    0.118325858    0.118325754
   13.022280315    0.118325815    0.118325752
   13.041235599    0.118325762    0.118325750
   13.060190883    0.118325709    0.118325747
   13.079146168    0.118325667    0.118325745
   13.098101452    0.118325644    0.118325743
   13.117056736    0.118325644    0.118325741
   13.136012020    0.118325668    0.118325739
   13.154967305    0.118325709    0.118325738
   13.173922589    0.118325760    0.118325738
   13.192877873    0.118325811    0.118325737
   13.211833158    0.118325851    0.118325736
   13.230788442    0.118325871    0.118325735
   13.249743726    0.118325867    0.118325733
   13.268699011    0.118325840    0.118325731
   13.287654295    0.118325795    0.118325729
   13.306609579    0.118325739    0.118325726
   13.325564863    0.118325685    0.118325723
   13.344520148    0.118325642    0.118325721
   13.363475432    0.118325620    0.118325718
   13.382430716    0.118325621    0.118325717
   13.401386001    0.118325647    0.118325715
   13.420341285    0.118325691    0.118325714
   13.439296569    0.118325744    0.118325713
   13.458251854    0.118325796    0.118325712
   13.477207138    0.118325837    0.118325711
   13.496162422    0.118325856    0.118325709
   13.515117706    0.118325851    0.118325708
   13.534072991    0.118325822    0.118325705
   13.553028275    0.118325773    0.118325703
   13.571983559    0.118325716    0.118325700
   13.590938844    0.118325660    0.118325697
   13.609894128    0.118325616    0.118325694
   13.628849412    0.118325594    0.118325691
   13.647804697    0.118325597    0.118325689
   13.666759981    0.118325624    0.118325687
   13.685715265    0.118325671    0.118325686
   13.704670550    0.118325727    0.118325685
   13.723625834    0.118325781    0.118325684
   13.742581118    0.118325822    0.118325682
   13.761536402    0.118325841    0.118325680
   13.780491687    0.118325834    0.118325678
   13.799446971    0.118325802    0.118325675
   13.818402255    0.118325751    0.118325672
   13.837357540    0.118325690    0.118325669
   13.856312824    0.118325632    0.118325666
   13.875268108    0.118325588    0.118325662
   13.894223393    0.118325566    0.118325659
   13.913178677    0.118325571    0.118325657
   13.932133961    0.118325601    0.118325655
   13.951089245    0.118325650    0.118325653
   13.970044530    0.118325709    0.118325652
   13.988999814    0.118325765    0.118325650
   14.007955098    0.118325806    0.118325648
   14.026910383    0.118325824    0.118325646
   14.045865667    0.118325815    0.118325643
   14.064820951    0.118325780    0.118325640
   14.083776236    0.118325726    0.118325636
   14.102731520    0.118325663    0.118325633
   14.121686804    0.118325603    0.118325629
   14.140642088    0.118325558    0.118325625
   14.159597373    0.118325537    0.118325621
   14.178552657    0.118325543    0.118325618
   14.197507941    0.118325576    0.118325616
   14.216463226    0.118325628    0.118325613
   14.235418510    0.118325689    0.118325611
   14.254373794    0.118325746    0.118325609
   14.273329079    0.118325788    0.118325607
   14.292284363    0.118325805    0.118325604
   14.311239647    0.118325794    0.118325600
   14.330194931    0.118325757    0.118325596
   14.349150216    0.118325699    0.118325592
   14.368105500    0.118325633    0.118325587
   14.387060784    0.118325571    0.118325583
   14.406016069    0.118325525    0.118325578
   14.424971353    0.118325505    0.118325574
   14.443926637    0.118325513    0.118325570
   14.462881922    0.118325548    0.118325567
   14.481837206    0.118325603    0.118325563
   14.500792490    0.118325667    0.118325561
   14.519747774    0.118325726    0.118325558
   14.538703059    0.118325768    0.118325554
   14.557658343    0.118325784    0.118325550
   14.576613627    0.118325771    0.118325546
   14.595568912    0.118325730    0.118325541
   14.614524196    0.118325669    0.118325535
   14.633479480    0.118325600    0.118325530
   14.652434765    0.118325535    0.118325524
   14.671390049    0.118325489    0.118325518
   14.690345333    0.118325469    0.118325513
   14.709300617    0.118325479    0.118325508
   14.728255902    0.118325517    0.118325503
   14.747211186    0.118325576    0.118325499
   14.766166470    0.118325642    0.118325495
   14.785121755    0.118325703    0.118325490
   14.804077039    0.118325745    0.118325486
   14.823032323    0.118325760    0.118325480
   14.841987608    0.118325744    0.118325474
   14.860942892    0.118325700    0.118325468
   14.879898176    0.118325635    0.118325461
   14.898853460    0.118325562    0.118325453
   14.917808745    0.118325496    0.118325446
   14.936764029    0.118325448    0.118325438
   14.955719313    0.118325429    0.118325431
   14.974674598    0.118325441    0.118325424
   14.993629882    0.118325482    0.118325418
   15.012585166    0.118325544    0.118325412
   15.031540451    0.118325613    0.118325406
   15.050495735    0.118325676    0.118325400
   15.069451019    0.118325718    0.118325393
   15.088406303    0.118325731    0.118325385
   15.107361588    0.118325712    0.118325377
   15.126316872    0.118325664    0.118325368
   15.145272156    0.118325595    0.118325359
   15.164227441    0.118325519    0.118325349
   15.183182725    0.118325449    0.118325339
   15.202138009    0.118325401    0.118325329
   15.221093294    0.118325382    0.118325319
   15.240048578    0.118325397    0.118325310
   15.259003862    0.118325441    0.118325301
   15.277959146    0.118325506    0.118325292
   15.296914431    0.118325578    0.118325283
   15.315869715    0.118325642    0.118325274
   15.334824999    0.118325684    0.118325264
   15.353780284    0.118325696    0.118325253
   15.372735568    0.118325673    0.118325242
   15.391690852    0.118325620    0.118325229
   15.410646137    0.118325547    0.118325216
   15.429601421    0.118325466    0.118325202
   15.448556705    0.118325394    0.118325188
   15.467511989    0.118325345    0.118325175
   15.486467274    0.118325327    0.118325161
   15.505422558    0.118325343    0.118325147
   15.524377842    0.118325391    0.118325134
   15.543333127    0.118325459    0.118325121
   15.562288411    0.118325534    0.118325108
   15.581243695    0.118325599    0.118325094
   15.600198980    0.118325641    0.118325079
   15.619154264    0.118325650    0.118325064
   15.638109548    0.118325623    0.118325047
   15.657064832    0.118325565    0.118325030
   15.676020117    0.118325487    0.118325011
   15.694975401    0.118325402    0.118324992
   15.713930685    0.118325326    0.118324972
   15.732885970    0.118325275    0.118324952
   15.751841254    0.118325258    0.118324933
   15.770796538    0.118325277    0.118324913
   15.789751823    0.118325327    0.118324893
   15.808707107    0.118325399    0.118324874
   15.827662391    0.118325476    0.118324854
   15.846617675    0.118325542    0.118324833
   15.865572960    0.118325583    0.118324811
   15.884528244    0.118325589    0.118324789
   15.903483528    0.118325558    0.118324764
   15.922438813    0.118325494    0.118324739
   15.941394097    0.118325409    0.118324712
   15.960349381    0.118325319    0.118324684
   15.979304666    0.118325240    0.118324656
   15.998259950    0.118325187    0.118324627
   16.017215234    0.118325170    0.118324598
   16.036170519    0.118325190    0.118324569
   16.055125803    0.118325243    0.118324540
   16.074081087    0.118325318    0.118324511
   16.093036371    0.118325397    0.118324480
   16.111991656    0.118325464    0.118324449
   16.130946940    0.118325503    0.118324416
   16.149902224    0.118325505    0.118324382
   16.168857509    0.118325469    0.118324346
   16.187812793    0.118325398    0.118324308
   16.206768077    0.118325306    0.118324269
   16.225723362    0.118325210    0.118324228
   16.244678646    0.118325126    0.118324187
   16.263633930    0.118325071    0.118324144
   16.282589214    0.118325053    0.118324101
   16.301544499    0.118325075    0.118324058
   16.320499783    0.118325131    0.118324014
   16.339455067    0.118325208    0.118323969
   16.358410352    0.118325289    0.118323923
   16.377365636    0.118325355    0.118323876
   16.396320920    0.118325392    0.118323826
   16.415276205    0.118325389    0.118323775
   16.434231489    0.118325345    0.118323721
   16.453186773    0.118325267    0.118323664
   16.472142057    0.118325167    0.118323606
   16.491097342    0.118325063    0.118323546
   16.510052626    0.118324974    0.118323484
   16.529007910    0.118324915    0.118323421
   16.547963195    0.118324896    0.118323356
   16.566918479    0.118324918    0.118323291
   16.585873763    0.118324976    0.118323224
   16.604829048    0.118325054    0.118323156
   16.623784332    0.118325135    0.118323086
   16.642739616    0.118325200    0.118323013
   16.661694900    0.118325232    0.118322938
   16.680650185    0.118325223    0.118322860
   16.699605469    0.118325170    0.118322779
   16.718560753    0.118325082    0.118322694
   16.737516038    0.118324971    0.118322606
   16.756471322    0.118324858    0.118322516
   16.775426606    0.118324761    0.118322423
   16.794381891    0.118324697    0.118322328
   16.813337175    0.118324675    0.118322230
   16.832292459    0.118324697    0.118322131
   16.851247743    0.118324755    0.118322029
   16.870203028    0.118324833    0.118321925
   16.889158312    0.118324913    0.118321818
   16.908113596    0.118324974    0.118321707
   16.927068881    0.118325000    0.118321592
   16.946024165    0.118324981    0.118321473
   16.964979449    0.118324917    0.118321349
   16.983934734    0.118324816    0.118321221
   17.002890018    0.118324692    0.118321088
   17.021845302    0.118324567    0.118320951
   17.040800586    0.118324461    0.118320810
   17.059755871    0.118324389    0.118320665
   17.078711155    0.118324362    0.118320517
   17.097666439    0.118324381    0.118320365
   17.116621724    0.118324436    0.118320210
   17.135577008    0.118324512    0.118320050
   17.154532292    0.118324588    0.118319885
   17.173487577    0.118324642    0.118319715
   17.192442861    0.118324659    0.118319539
   17.211398145    0.118324628    0.118319356
   17.230353429    0.118324548    0.118319167
   17.249308714    0.118324430    0.118318971
   17.268263998    0.118324289    0.118318769
   17.287219282    0.118324148    0.118318560
   17.306174567    0.118324028    0.118318345
   17.325129851    0.118323945    0.118318124
   17.344085135    0.118323909    0.118317897
   17.363040420    0.118323921    0.118317664
   17.381995704    0.118323970    0.118317425
   17.400950988    0.118324039    0.118317178
   17.419906272    0.118324107    0.118316924
   17.438861557    0.118324150    0.118316662
   17.457816841    0.118324151    0.118316391
   17.476772125    0.118324102    0.118316110
   17.495727410    0.118324001    0.118315819
   17.514682694    0.118323860    0.118315519
   17.533637978    0.118323696    0.118315208
   17.552593263    0.118323533    0.118314888
   17.571548547    0.118323392    0.118314557
   17.590503831    0.118323291    0.118314218
   17.609459115    0.118323240    0.118313869
   17.628414400    0.118323238    0.118313509
   17.647369684    0.118323275    0.118313140
   17.666324968    0.118323330    0.118312759
   17.685280253    0.118323380    0.118312366
   17.704235537    0.118323404    0.118311960
   17.723190821    0.118323381    0.118311541
   17.742146106    0.118323304    0.118311108
   17.761101390    0.118323172    0.118310659
   17.780056674    0.118322998    0.118310196
   17.799011958    0.118322801    0.118309717
   17.817967243    0.118322605    0.118309223
   17.836922527    0.118322435    0.118308713
   17.855877811    0.118322307    0.118308189
   17.874833096    0.118322233    0.118307649
   17.893788380    0.118322209    0.118307093
   17.912743664    0.118322224    0.118306520
   17.931698949    0.118322256    0.118305929
   17.950654233    0.118322281    0.118305320
   17.969609517    0.118322275    0.118304691
   17.988564801    0.118322218    0.118304040
   18.007520086    0.118322101    0.118303368
   18.026475370    0.118321927    0.118302673
   18.045430654    0.118321707    0.118301955
   18.064385939    0.118321464    0.118301213
   18.083341223    0.118321224    0.118300447
   18.102296507    0.118321010    0.118299658
   18.121251792    0.118320842    0.118298844
   18.140207076    0.118320729    0.118298005
   18.159162360    0.118320668    0.118297141
   18.178117645    0.118320646    0.118296250
   18.197072929    0.118320640    0.118295331
   18.216028213    0.118320623    0.118294382
   18.234983497    0.118320569    0.118293402
   18.253938782    0.118320459    0.118292390
   18.272894066    0.118320284    0.118291343
   18.291849350    0.118320047    0.118290262
   18.310804635    0.118319761    0.118289144
   18.329759919    0.118319451    0.118287990
   18.348715203    0.118319143    0.118286799
   18.367670488    0.118318864    0.118285570
   18.386625772    0.118318632    0.118284302
   18.405581056    0.118318457    0.118282995
   18.424536340    0.118318336    0.118281647
   18.443491625    0.118318251    0.118280256
   18.462446909    0.118318180    0.118278821
   18.481402193    0.118318092    0.118277339
   18.500357478    0.118317962    0.118275808
   18.519312762    0.118317769    0.118274227
   18.538268046    0.118317503    0.118272592
   18.557223331    0.118317170    0.118270903
   18.576178615    0.118316785    0.118269158
   18.595133899    0.118316373    0.118267356
   18.614089183    0.118315964    0.118265495
   18.633044468    0.118315585    0.118263575
   18.651999752    0.118315257    0.118261593
   18.670955036    0.118314986    0.118259548
   18.689910321    0.118314769    0.118257437
   18.708865605    0.118314588    0.118255259
   18.727820889    0.118314415    0.118253010
   18.746776174    0.118314220    0.118250688
   18.765731458    0.118313974    0.118248289
   18.784686742    0.118313656    0.118245810
   18.803642026    0.118313257    0.118243248
   18.822597311    0.118312783    0.118240600
   18.841552595    0.118312252    0.118237864
   18.860507879    0.118311690    0.118235039
   18.879463164    0.118311130    0.118232120
   18.898418448    0.118310600    0.118229107
   18.917373732    0.118310121    0.118225996
   18.936329017    0.118309700    0.118222785
   18.955284301    0.118309331    0.118219469
   18.974239585    0.118308994    0.118216046
   18.993194869    0.118308659    0.118212510
   19.012150154    0.118308293    0.118208858
   19.031105438    0.118307865    0.118205084
   19.050060722    0.118307354    0.118201184
   19.069016007    0.118306752    0.118197153
   19.087971291    0.118306063    0.118192988
   19.106926575    0.118305310    0.118188684
   19.125881860    0.118304521    0.118184236
   19.144837144    0.118303731    0.118179642
   19.163792428    0.118302968    0.118174897
   19.182747712    0.118302255    0.118169997
   19.201702997    0.118301598    0.118164936
   19.220658281    0.118300988    0.118159709
   19.239613565    0.118300404    0.118154310
   19.258568850    0.118299812    0.118148732
   19.277524134    0.118299177    0.118142969
   19.296479418    0.118298465    0.118137012
   19.315434703    0.118297655    0.118130855
   19.334389987    0.118296738    0.118124492
   19.353345271    0.118295722    0.118117914
   19.372300555    0.118294629    0.118111116
   19.391255840    0.118293492    0.118104090
   19.410211124    0.118292347    0.118096831
   19.429166408    0.118291225    0.118089330
   19.448121693    0.118290147    0.118081581
   19.467076977    0.118289120    0.118073575
   19.486032261    0.118288132    0.118065303
   19.504987546    0.118287158    0.118056756
   19.523942830    0.118286162    0.118047922
   19.542898114    0.118285104    0.118038792
   19.561853398    0.118283949    0.118029354
   19.580808683    0.118282674    0.118019597
   19.599763967    0.118281271    0.118009510
   19.618719251    0.118279749    0.117999081
   19.637674536    0.118278134    0.117988300
   19.656629820    0.118276459    0.117977155
   19.675585104    0.118274764    0.117965636
   19.694540389    0.118273081    0.117953731
   19.713495673    0.118271432    0.117941427
   19.732450957    0.118269822    0.117928710
   19.751406241    0.118268236    0.117915566
   19.770361526    0.118266646    0.117901979
   19.789316810    0.118265011    0.117887934
   19.808272094    0.118263287    0.117873412
   19.827227379    0.118261438    0.117858396
   19.846182663    0.118259438    0.117842869
   19.865137947    0.118257280    0.117826812
   19.884093232    0.118254974    0.117810208
   19.903048516    0.118252548    0.117793039
   19.922003800    0.118250040    0.117775286
   19.940959084    0.118247491    0.117756930
   19.959914369    0.118244936    0.117737953
   19.978869653    0.118242394    0.117718332
   19.997824937    0.118239869    0.117698046
   20.016780222    0.118237344    0.117677070
   20.035735506    0.118234784    0.117655381
   20.054690790    0.118232144    0.117632950
   20.073646075    0.118229376    0.117609751
   20.092601359    0.118226440    0.117585756
   20.111556643    0.118223308    0.117560936
   20.130511927    0.118219972    0.117535262
   20.149467212    0.118216445    0.117508704
   20.168422496    0.118212758    0.117481233
   20.187377780    0.118208951    0.117452819
   20.206333065    0.118205068    0.117423431
   20.225288349    0.118201143    0.117393034
   20.244243633    0.118197197    0.117361596
   20.263198918    0.118193230    0.117329079
   20.282154202    0.118189219    0.117295444
   20.301109486    0.118185125    0.117260649
   20.320064770    0.118180895    0.117224653
   20.339020055    0.118176477    0.117187410
   20.357975339    0.118171825    0.117148874
   20.376930623    0.118166910    0.117109000
   20.395885908    0.118161724    0.117067739
   20.414841192    0.118156281    0.117025044
   20.433796476    0.118150613    0.116980866
   20.452751761    0.118144765    0.116935156
   20.471707045    0.118138782    0.116887860
   20.490662329    0.118132700    0.116838925
   20.509617614    0.118126537    0.116788293
   20.528572898    0.118120289    0.116735902
   20.547528182    0.118113927    0.116681689
   20.566483466    0.118107404    0.116625585
   20.585438751    0.118100660    0.116567519
   20.604394035    0.118093635    0.116507419
   20.623349319    0.118086278    0.116445210
   20.642304604    0.118078556    0.116380815
   20.661259888    0.118070460    0.116314158
   20.680215172    0.118062005    0.116245161
   20.699170457    0.118053227    0.116173742
   20.718125741    0.118044172    0.116099821
   20.737081025    0.118034886    0.116023310
   20.756036309    0.118025404    0.115944120
   20.774991594    0.118015743    0.115862153
   20.793946878    0.118005890    0.115777307
   20.812902162    0.117995810    0.115689472
   20.831857447    0.117985443    0.115598537
   20.850812731    0.117974720    0.115504381
   20.869768015    0.117963571    0.115406885
   20.888723300    0.117951937    0.115305928
   20.907678584    0.117939779    0.115201390
   20.926633868    0.117927087    0.115093154
   20.945589152    0.117913876    0.114981103
   20.964544437    0.117900183    0.114865122
   20.983499721    0.117886055    0.114745093
   21.002455005    0.117871539    0.114620891
   21.021410290    0.117856667    0.114492383
   21.040365574    0.117841450    0.114359415
   21.059320858    0.117825866    0.114221817
   21.078276143    0.117809868    0.114079388
   21.097231427    0.117793381    0.113931904
   21.116186711    0.117776323    0.113779111
   21.135141995    0.117758609    0.113620728
   21.154097280    0.117740170    0.113456456
   21.173052564    0.117720960    0.113285981
   21.192007848    0.117700964    0.113108983
   21.210963133    0.117680197    0.112925150
   21.229918417    0.117658695    0.112734188
   21.248873701    0.117636505    0.112535829
   21.267828986    0.117613672    0.112329844
   21.286784270    0.117590223    0.112116048
   21.305739554    0.117566158    0.111894305
   21.324694838    0.117541442    0.111664535
   21.343650123    0.117516010    0.111426707
   21.362605407    0.117489767    0.111180843
   21.381560691    0.117462610    0.110927010
   21.400515976    0.117434437    0.110665317
   21.419471260    0.117405161    0.110395907
   21.438426544    0.117374725    0.110118954
   21.457381829    0.117343107    0.109834654
   21.476337113    0.117310315    0.109543220
   21.495292397    0.117276384    0.109244880
   21.514247681    0.117241357    0.108939871
   21.533202966    0.117205271    0.108628437
   21.552158250    0.117168144    0.108310824
   21.571113534    0.117129956    0.107987280
   21.590068819    0.117090653    0.107658051
   21.609024103    0.117050138    0.107323377
   21.627979387    0.117008292    0.106983492
   21.646934672    0.116964977    0.106638621
   21.665889956    0.116920065    0.106288973
   21.684845240    0.116873445    0.105934746
   21.703800524    0.116825040    0.105576120
   21.722755809    0.116774815    0.105213258
   21.741711093    0.116722767    0.104846303
   21.760666377    0.116668922    0.104475376
   21.779621662    0.116613314    0.104100580
   21.798576946    0.116555966    0.103721992
   21.817532230    0.116496874    0.103339663
   21.836487515    0.116435993    0.102953616
   21.855442799    0.116373230    0.102563839
   21.874398083    0.116308450    0.102170280
   21.893353367    0.116241487    0.101772842
   21.912308652    0.116172160    0.101371375
   21.931263936    0.116100297    0.100965670
   21.950219220    0.116025751    0.100555449
   21.969174505    0.115948416    0.100140366
   21.988129789    0.115868233    0.099719998
   22.007085073    0.115785181    0.099293843
   22.026040358    0.115699267    0.098861322
   22.044995642    0.115610505    0.098421780
   22.063950926    0.115518893    0.097974489
   22.082906210    0.115424389    0.097518654
   22.101861495    0.115326903    0.097053415
   22.120816779    0.115226285    0.096577860
   22.139772063    0.115122333    0.096091026
   22.158727348    0.115014810    0.095591909
   22.177682632    0.114903466    0.095079465
   22.196637916    0.114788063    0.094552622
   22.215593201    0.114668395    0.094010276
   22.234548485    0.114544308    0.093451305
   22.253503769    0.114415700    0.092874564
   22.272459053    0.114282516    0.092278895
   22.291414338    0.114144729    0.091663134
   22.310369622    0.114002313    0.091026108
   22.329324906    0.113855217    0.090366654
   22.348280191    0.113703335    0.089683617
   22.367235475    0.113546495    0.088975862
   22.386190759    0.113384451    0.088242284
   22.405146044    0.113216893    0.087481814
   22.424101328    0.113043470    0.086693432
   22.443056612    0.112863817    0.085876169
   22.462011896    0.112677590    0.085029115
   22.480967181    0.112484490    0.084151428
   22.499922465    0.112284283    0.083242333
   22.518877749    0.112076800    0.082301126
   22.537833034    0.111861927    0.081327174
   22.556788318    0.111639579    0.080319915
   22.575743602    0.111409662    0.079278856
   22.594698887    0.111172036    0.078203571
   22.613654171    0.110926488    0.077093696
   22.632609455    0.110672705    0.075948927
   22.651564740    0.110410279    0.074769013
   22.670520024    0.110138720    0.073553754
   22.689475308    0.109857486    0.072302993
   22.708430592    0.109566027    0.071016611
   22.727385877    0.109263827    0.069694521
   22.746341161    0.108950440    0.068336659
   22.765296445    0.108625508    0.066942983
   22.784251730    0.108288763    0.065513463
   22.803207014    0.107940003    0.064048077
   22.822162298    0.107579050    0.062546809
   22.841117583    0.107205700    0.061009649
   22.860072867    0.106819667    0.059436587
   22.879028151    0.106420539    0.057827624
   22.897983435    0.106007758    0.056182770
   22.916938720    0.105580621    0.054502053
   22.935894004    0.105138311    0.052785522
   22.954849288    0.104679949    0.051033261
   22.973804573    0.104204661    0.049245385
   22.992759857    0.103711648    0.047422053
   23.011715141    0.103200232    0.045563469
   23.030670426    0.102669887    0.043669878
   23.049625710    0.102120227    0.041741566
   23.068580994    0.101550956    0.039778856
   23.087536278    0.100961795    0.037782094
   23.106491563    0.100352383    0.035751649
   23.125446847    0.099722185    0.033687894
   23.144402131    0.099070417    0.031591201
   23.163357416    0.098396014    0.029461935
   23.182312700    0.097697648    0.027300443
   23.201267984    0.096973809    0.025107056
   23.220223269    0.096222924    0.022882092
   23.239178553    0.095443518    0.020625852
   23.258133837    0.094634373    0.018338639
   23.277089121    0.093794656    0.016020757
   23.296044406    0.092923998    0.013672532
   23.314999690    0.092022474    0.011294314
   23.333954974    0.091090492    0.008886496
   23.352910259    0.090128579    0.006449518
   23.371865543    0.089137090    0.003983876
   23.390820827    0.088115864    0.001490127
   23.409776112    0.087063887   -0.001031109
   23.428731396    0.085979006   -0.003579149
   23.447686680    0.084857748   -0.006153251
   23.466641964    0.083695294   -0.008752616
   23.485597249    0.082485618   -0.011376391
   23.504552533    0.081221820   -0.014023679
   23.523507817    0.079896613   -0.016693537
   23.542463102    0.078502937   -0.019384987
   23.561418386    0.077034636   -0.022097015
   23.580373670    0.075487119   -0.024828579
   23.599328955    0.073857951   -0.027578612
   23.618284239    0.072147283   -0.030346028
   23.637239523    0.070358100   -0.033129721
   23.656194807    0.068496230   -0.035928580
   23.675150092    0.066570137   -0.038741487
   23.694105376    0.064590510   -0.041567324
   23.713060660    0.062569697   -0.044404981
   23.732015945    0.060521050   -0.047253359
   23.750971229    0.058458242   -0.050111370
   23.769926513    0.056394634   -0.052977943
   23.788881798    0.054342735   -0.055852019
   23.807837082    0.052313808   -0.058732554
   23.826792366    0.050317617   -0.061618505
   23.845747650    0.048362343   -0.064508836
   23.864702935    0.046454614   -0.067402504
   23.883658219    0.044599631   -0.070298453
   23.902613503    0.042801354   -0.073195616
   23.921568788    0.041062684   -0.076092904
   23.940524072    0.039385633   -0.078989211
   23.959479356    0.037771445   -0.081883412
   23.978434641    0.036220667   -0.084774373
   23.997389925    0.034733171   -0.087660950
   24.016345209    0.033308149   -0.090542008
   24.035300493    0.031944096   -0.093416424
   24.054255778    0.030638807   -0.096283100
   24.073211062    0.029389403   -0.099140976
   24.092166346    0.028192383   -0.101989038
   24.111121631    0.027043716   -0.104826330
   24.130076915    0.025938940   -0.107651957
   24.149032199    0.024873251   -0.110465097
   24.167987484    0.023841564   -0.113265000
   24.186942768    0.022838508   -0.116050997
   24.205898052    0.021858349   -0.118822496
   24.224853336    0.020894835   -0.121578993
   24.243808621    0.019940971   -0.124320064
   24.262763905    0.018988741   -0.127045375
   24.281719189    0.018028830   -0.129754679
   24.300674474    0.017050367   -0.132447819
   24.319629758    0.016040737   -0.135124732
   24.338585042    0.014985513   -0.137785446
   24.357540327    0.013868506   -0.140430083
   24.376495611    0.012671963   -0.143058861
   24.395450895    0.011376894   -0.145672089
   24.414406179    0.009963507   -0.148270168
   24.433361464    0.008411706   -0.150853589
   24.452316748    0.006701612   -0.153422927
   24.471272032    0.004814048   -0.155978838
   24.490227317    0.002730959   -0.158522054
   24.509182601    0.000435716   -0.161053380
   24.528137885   -0.002086693   -0.163573683
   24.547093170   -0.004849601   -0.166083893
   24.566048454   -0.007864704   -0.168584990
   24.585003738   -0.011142178   -0.171078004
   24.603959022   -0.014690832   -0.173564009
   24.622914307   -0.018518254   -0.176044109
   24.641869591   -0.022630923   -0.178519441
   24.660824875   -0.027034245   -0.180991163
   24.679780160   -0.031732508   -0.183460448
   24.698735444   -0.036728758   -0.185928479
   24.717690728   -0.042024607   -0.188396439
   24.736646013   -0.047620006   -0.190865510
   24.755601297   -0.053513012   -0.193336863
   24.774556581   -0.059699587   -0.195811651
   24.793511865   -0.066173464   -0.198291011
   24.812467150   -0.072926106   -0.200776051
   24.831422434   -0.079946762   -0.203267852
   24.850377718   -0.087222633   -0.205767463
   24.869333003   -0.094739122   -0.208275897
   24.888288287   -0.102480164   -0.210794127
   24.907243571   -0.110428593   -0.213323088
   24.926198856   -0.118566525   -0.215863670
   24.945154140   -0.126875730   -0.218416716
   24.964109424   -0.135337970   -0.220983026
   24.983064709   -0.143935302   -0.223563349
   25.002019993   -0.152650330   -0.226158383
   25.020975277   -0.161466413   -0.228768779
   25.039930561   -0.170367850   -0.231395135
   25.058885846   -0.179340037   -0.234038002
   25.077841130   -0.188369617   -0.236697878
   25.096796414   -0.197444613   -0.239375216
   25.115751699   -0.206554557   -0.242070419
   25.134706983   -0.215690579   -0.244783847
   25.153662267   -0.224845467   -0.247515810
   25.172617552   -0.234013644   -0.250266579
   25.191572836   -0.243191071   -0.253036378
   25.210528120   -0.252375040   -0.255825388
   25.229483404   -0.261563859   -0.258633746
   25.248438689   -0.270756450   -0.261461549
   25.267393973   -0.279951862   -0.264308845
   25.286349257   -0.289148755   -0.267175643
   25.305304542   -0.298344900   -0.270061907
   25.324259826   -0.307536751   -0.272967558
   25.343215110   -0.316719139   -0.275892474
   25.362170395   -0.325885140   -0.278836492
   25.381125679   -0.335026143   -0.281799408
   25.400080963   -0.344132130   -0.284780978
   25.419036247   -0.353192140   -0.287780921
   25.437991532   -0.362194895   -0.290798916
   25.456946816   -0.371129504   -0.293834605
   25.475902100   -0.379986179   -0.296887596
   25.494857385   -0.388756883   -0.299957457
   25.513812669   -0.397435815   -0.303043723
   25.532767953   -0.406019686   -0.306145891
   25.551723238   -0.414507724   -0.309263423
   25.570678522   -0.422901416   -0.312395744
   25.589633806   -0.431203990   -0.315542247
   25.608589090   -0.439419697   -0.318702287
   25.627544375   -0.447552958   -0.321875191
   25.646499659   -0.455607480   -0.325060253
   25.665454943   -0.463585412   -0.328256741
   25.684410228   -0.471486657   -0.331463898
   25.703365512   -0.479308382   -0.334680944
   25.722320796   -0.487044787   -0.337907083
   25.741276081   -0.494687141   -0.341141500
   25.760231365   -0.502224058   -0.344383368
   25.779186649   -0.509641981   -0.347631844
   25.798141933   -0.516925798   -0.350886075
   25.817097218   -0.524059510   -0.354145191
   25.836052502   -0.531026895   -0.357408309
   25.855007786   -0.537812073   -0.360674525
   25.873963071   -0.544399964   -0.363942915
   25.892918355   -0.550776582   -0.367212529
   25.911873639   -0.556929192   -0.370482390
   25.930828924   -0.562846346   -0.373751491
   25.949784208   -0.568517840   -0.377018792
   25.968739492   -0.573934631   -0.380283227
   25.987694776   -0.579088769   -0.383543702
   26.006650061   -0.583973372   -0.386799101
   26.025605345   -0.588582648   -0.390048295
   26.044560629   -0.592911982   -0.393290152
   26.063515914   -0.596958044   -0.396523544
   26.082471198   -0.600718895   -0.399747361
   26.101426482   -0.604194046   -0.402960521
   26.120381767   -0.607384426   -0.406161984
   26.139337051   -0.610292228   -0.409350753
   26.158292335   -0.612920633   -0.412525889
   26.177247619   -0.615273406   -0.415686512
   26.196202904   -0.617354415   -0.418831804
   26.215158188   -0.619167101   -0.421961007
   26.234113472   -0.620713991   -0.425073423
   26.253068757   -0.621996295   -0.428168407
   26.272024041   -0.623013657   -0.431245367
   26.290979325   -0.623764114   -0.434303750
   26.309934610   -0.624244256   -0.437343044
   26.328889894   -0.624449606   -0.440362770
   26.347845178   -0.624375168   -0.443362478
   26.366800462   -0.624016105   -0.446341743
   26.385755747   -0.623368450   -0.449300165
   26.404711031   -0.622429803   -0.452237367
   26.423666315   -0.621199925   -0.455152994
   26.442621600   -0.619681178   -0.458046713
   26.461576884   -0.617878779   -0.460918213
   26.480532168   -0.615800854   -0.463767206
   26.499487453   -0.613458314   -0.466593425
   26.518442737   -0.610864582   -0.469396623
   26.537398021   -0.608035224   -0.472176572
   26.556353305   -0.604987539   -0.474933064
   26.575308590   -0.601740167   -0.477665906
   26.594263874   -0.598312750   -0.480374922
   26.613219158   -0.594725675   -0.483059950
   26.632174443   -0.590999911   -0.485720841
   26.651129727   -0.587156930   -0.488357458
   26.670085011   -0.583218692   -0.490969673
   26.689040296   -0.579207657   -0.493557365
   26.707995580   -0.575146795   -0.496120417
   26.726950864   -0.571059573   -0.498658710
   26.745906148   -0.566969880   -0.501172121
   26.764861433   -0.562901899   -0.503660514
   26.783816717   -0.558879922   -0.506123736
   26.802772001   -0.554928120   -0.508561610
   26.821727286   -0.551070294   -0.510973930
   26.840682570   -0.547329628   -0.513360456
   26.859637854   -0.543728458   -0.515720914
   26.878593139   -0.540288087   -0.518054994
   26.897548423   -0.537028636   -0.520362351
   26.916503707   -0.533968949   -0.522642611
   26.935458991   -0.531126521   -0.524895374
   26.954414276   -0.528517455   -0.527120223
   26.973369560   -0.526156430   -0.529316731
   26.992324844   -0.524056656   -0.531484469
   27.011280129   -0.522229826   -0.533623012
   27.030235413   -0.520686052   -0.535731948
   27.049190697   -0.519433797   -0.537810882
   27.068145982   -0.518479812   -0.539859442
   27.087101266   -0.517829089   -0.541877281
   27.106056550   -0.517484848   -0.543864083
   27.125011834   -0.517448557   -0.545819560
   27.143967119   -0.517720000   -0.547743465
   27.162922403   -0.518297385   -0.549635586
   27.181877687   -0.519177471   -0.551495757
   27.200832972   -0.520355730   -0.553323860
   27.219788256   -0.521826488   -0.555119829
   27.238743540   -0.523583068   -0.556883663
   27.257698825   -0.525617905   -0.558615421
   27.276654109   -0.527922623   -0.560315237
   27.295609393   -0.530488103   -0.561983314
   27.314564678   -0.533304518   -0.563619934
   27.333519962   -0.536361370   -0.565225450
   27.352475246   -0.539647537   -0.566800292
   27.371430530   -0.543151335   -0.568344953
   27.390385815   -0.546860615   -0.569859992
   27.409341099   -0.550762879   -0.571346021
   27.428296383   -0.554845428   -0.572803697
   27.447251668   -0.559095518   -0.574233716
   27.466206952   -0.563500500   -0.575636800
   27.485162236   -0.568047954   -0.577013686
   27.504117521   -0.572725768   -0.578365121
   27.523072805   -0.577522182   -0.579691842
   27.542028089   -0.582425776   -0.580994573
   27.560983373   -0.587425415   -0.582274010
   27.579938658   -0.592510170   -0.583530808
   27.598893942   -0.597669221   -0.584765571
   27.617849226   -0.602891769   -0.585978843
   27.636804511   -0.608166976   -0.587171094
   27.655759795   -0.613483939   -0.588342713
   27.674715079   -0.618831707   -0.589494005
   27.693670364   -0.624199339   -0.590625184
   27.712625648   -0.629575983   -0.591736373
   27.731580932   -0.634950969   -0.592827609
   27.750536216   -0.640313894   -0.593898845
   27.769491501   -0.645654676   -0.594949959
   27.788446785   -0.650963577   -0.595980762
   27.807402069   -0.656231178   -0.596991007
   27.826357354   -0.661448322   -0.597980397
   27.845312638   -0.666606027   -0.598948588
   27.864267922   -0.671695394   -0.599895201
   27.883223207   -0.676707532   -0.600819817
   27.902178491   -0.681633505   -0.601721979
   27.921133775   -0.686464336   -0.602601192
   27.940089059   -0.691191054   -0.603456915
   27.959044344   -0.695804788   -0.604288563
   27.977999628   -0.700296897   -0.605095501
   27.996954912   -0.704659113   -0.605877045
   28.015910197   -0.708883673   -0.606632466
   28.034865481   -0.712963424   -0.607360994
   28.053820765   -0.716891877   -0.608061825
   28.072776050   -0.720663205   -0.608734138
   28.091731334   -0.724272192   -0.609377103
   28.110686618   -0.727714123   -0.609989902
   28.129641902   -0.730984667   -0.610571735
   28.148597187   -0.734079740   -0.611121843
   28.167552471   -0.736995397   -0.611639511
   28.186507755   -0.739727760   -0.612124079
   28.205463040   -0.742272997   -0.612574946
   28.224418324   -0.744627354   -0.612991574
   28.243373608   -0.746787229   -0.613373481
   28.262328893   -0.748749276   -0.613720241
   28.281284177   -0.750510520   -0.614031482
   28.300239461   -0.752068445   -0.614306874
   28.319194745   -0.753421062   -0.614546132
   28.338150030   -0.754566915   -0.614749008
   28.357105314   -0.755505049   -0.614915292
   28.376060598   -0.756234922   -0.615044809
   28.395015883   -0.756756294   -0.615137422
   28.413971167   -0.757069105   -0.615193030
   28.432926451   -0.757173371   -0.615211572
   28.451881736   -0.757069105   -0.615193030
   28.470837020   -0.756756294   -0.615137422
   28.489792304   -0.756234922   -0.615044809
   28.508747588   -0.755505049   -0.614915292
   28.527702873   -0.754566915   -0.614749008
   28.546658157   -0.753421062   -0.614546132
   28.565613441   -0.752068445   -0.614306874
   28.584568726   -0.750510520   -0.614031482
   28.603524010   -0.748749276   -0.613720241
   28.622479294   -0.746787229   -0.613373481
   28.641434579   -0.744627354   -0.612991574
   28.660389863   -0.742272997   -0.612574946
   28.679345147   -0.739727760   -0.612124079
   28.698300431   -0.736995397   -0.611639511
   28.717255716   -0.734079740   -0.611121843
   28.736211000   -0.730984667   -0.610571735
   28.755166284   -0.727714123   -0.609989902
   28.774121569   -0.724272192   -0.609377104
   28.793076853   -0.720663205   -0.608734138
   28.812032137   -0.716891877   -0.608061825
   28.830987422   -0.712963424   -0.607360994
   28.849942706   -0.708883673   -0.606632467
   28.868897990   -0.704659113   -0.605877045
   28.887853274   -0.700296897   -0.605095501
   28.906808559   -0.695804788   -0.604288563
   28.925763843   -0.691191054   -0.603456915
   28.944719127   -0.686464336   -0.602601192
   28.963674412   -0.681633505   -0.601721980
   28.982629696   -0.676707532   -0.600819818
   29.001584980   -0.671695394   -0.599895202
   29.020540265   -0.666606027   -0.598948589
   29.039495549   -0.661448322   -0.597980397
   29.058450833   -0.656231178   -0.596991008
   29.077406117   -0.650963577   -0.595980763
   29.096361402   -0.645654676   -0.594949959
   29.115316686   -0.640313894   -0.593898845
   29.134271970   -0.634950969   -0.592827609
   29.153227255   -0.629575982   -0.591736373
   29.172182539   -0.624199339   -0.590625184
   29.191137823   -0.618831707   -0.589494006
   29.210093108   -0.613483939   -0.588342714
   29.229048392   -0.608166976   -0.587171094
   29.248003676   -0.602891769   -0.585978844
   29.266958960   -0.597669221   -0.584765572
   29.285914245   -0.592510170   -0.583530808
   29.304869529   -0.587425415   -0.582274010
   29.323824813   -0.582425775   -0.580994574
   29.342780098   -0.577522182   -0.579691842
   29.361735382   -0.572725768   -0.578365121
   29.380690666   -0.568047954   -0.577013687
   29.399645951   -0.563500500   -0.575636800
   29.418601235   -0.559095518   -0.574233717
   29.437556519   -0.554845428   -0.572803698
   29.456511804   -0.550762878   -0.571346021
   29.475467088   -0.546860615   -0.569859993
   29.494422372   -0.543151335   -0.568344954
   29.513377656   -0.539647537   -0.566800293
   29.532332941   -0.536361370   -0.565225451
   29.551288225   -0.533304518   -0.563619934
   29.570243509   -0.530488103   -0.561983315
   29.589198794   -0.527922623   -0.560315237
   29.608154078   -0.525617905   -0.558615422
   29.627109362   -0.523583068   -0.556883664
   29.646064647   -0.521826487   -0.555119830
   29.665019931   -0.520355730   -0.553323861
   29.683975215   -0.519177471   -0.551495758
   29.702930499   -0.518297384   -0.549635587
   29.721885784   -0.517720000   -0.547743466
   29.740841068   -0.517448557   -0.545819561
   29.759796352   -0.517484848   -0.543864084
   29.778751637   -0.517829089   -0.541877283
   29.797706921   -0.518479811   -0.539859443
   29.816662205   -0.519433796   -0.537810883
   29.835617490   -0.520686052   -0.535731949
   29.854572774   -0.522229826   -0.533623013
   29.873528058   -0.524056656   -0.531484470
   29.892483342   -0.526156430   -0.529316732
   29.911438627   -0.528517455   -0.527120224
   29.930393911   -0.531126520   -0.524895375
   29.949349195   -0.533968949   -0.522642612
   29.968304480   -0.537028636   -0.520362352
   29.987259764   -0.540288086   -0.518054995
   30.006215048   -0.543728458   -0.515720915
   30.025170333   -0.547329628   -0.513360457
   30.044125617   -0.551070294   -0.510973931
   30.063080901   -0.554928119   -0.508561611
   30.082036185   -0.558879921   -0.506123738
   30.100991470   -0.562901899   -0.503660516
   30.119946754   -0.566969880   -0.501172123
   30.138902038   -0.571059573   -0.498658712
   30.157857323   -0.575146795   -0.496120418
   30.176812607   -0.579207656   -0.493557367
   30.195767891   -0.583218692   -0.490969675
   30.214723176   -0.587156930   -0.488357460
   30.233678460   -0.590999911   -0.485720843
   30.252633744   -0.594725675   -0.483059951
   30.271589028   -0.598312750   -0.480374923
   30.290544313   -0.601740167   -0.477665907
   30.309499597   -0.604987538   -0.474933065
   30.328454881   -0.608035223   -0.472176574
   30.347410166   -0.610864582   -0.469396625
   30.366365450   -0.613458314   -0.466593427
   30.385320734   -0.615800853   -0.463767208
   30.404276019   -0.617878778   -0.460918215
   30.423231303   -0.619681178   -0.458046714
   30.442186587   -0.621199925   -0.455152995
   30.461141871   -0.622429803   -0.452237369
   30.480097156   -0.623368449   -0.449300167
   30.499052440   -0.624016104   -0.446341745
   30.518007724   -0.624375168   -0.443362479
   30.536963009   -0.624449605   -0.440362772
   30.555918293   -0.624244256   -0.437343046
   30.574873577   -0.623764114   -0.434303751
   30.593828862   -0.623013657   -0.431245368
   30.612784146   -0.621996294   -0.428168409
   30.631739430   -0.620713991   -0.425073425
   30.650694714   -0.619167101   -0.421961009
   30.669649999   -0.617354414   -0.418831806
   30.688605283   -0.615273406   -0.415686514
   30.707560567   -0.612920632   -0.412525891
   30.726515852   -0.610292228   -0.409350755
   30.745471136   -0.607384426   -0.406161986
   30.764426420   -0.604194046   -0.402960524
   30.783381705   -0.600718894   -0.399747363
   30.802336989   -0.596958043   -0.396523546
   30.821292273   -0.592911982   -0.393290154
   30.840247557   -0.588582648   -0.390048297
   30.859202842   -0.583973372   -0.386799103
   30.878158126   -0.579088770   -0.383543704
   30.897113410   -0.573934631   -0.380283230
   30.916068695   -0.568517841   -0.377018794
   30.935023979   -0.562846347   -0.373751493
   30.953979263   -0.556929193   -0.370482393
   30.972934548   -0.550776583   -0.367212531
   30.991889832   -0.544399966   -0.363942917
   31.010845116   -0.537812075   -0.360674527
   31.029800400   -0.531026897   -0.357408311
   31.048755685   -0.524059513   -0.354145193
   31.067710969   -0.516925800   -0.350886077
   31.086666253   -0.509641984   -0.347631846
   31.105621538   -0.502224060   -0.344383370
   31.124576822   -0.494687144   -0.341141503
   31.143532106   -0.487044790   -0.337907086
   31.162487391   -0.479308385   -0.334680947
   31.181442675   -0.471486661   -0.331463900
   31.200397959   -0.463585416   -0.328256744
   31.219353243   -0.455607484   -0.325060256
   31.238308528   -0.447552962   -0.321875194
   31.257263812   -0.439419701   -0.318702290
   31.276219096   -0.431203995   -0.315542249
   31.295174381   -0.422901421   -0.312395747
   31.314129665   -0.414507729   -0.309263426
   31.333084949   -0.406019691   -0.306145894
   31.352040234   -0.397435820   -0.303043726
   31.370995518   -0.388756888   -0.299957460
   31.389950802   -0.379986184   -0.296887599
   31.408906086   -0.371129509   -0.293834608
   31.427861371   -0.362194901   -0.290798919
   31.446816655   -0.353192146   -0.287780924
   31.465771939   -0.344132135   -0.284780981
   31.484727224   -0.335026149   -0.281799411
   31.503682508   -0.325885145   -0.278836495
   31.522637792   -0.316719144   -0.275892477
   31.541593077   -0.307536757   -0.272967561
   31.560548361   -0.298344906   -0.270061910
   31.579503645   -0.289148760   -0.267175646
   31.598458929   -0.279951868   -0.264308848
   31.617414214   -0.270756456   -0.261461552
   31.636369498   -0.261563864   -0.258633749
   31.655324782   -0.252375045   -0.255825391
   31.674280067   -0.243191077   -0.253036381
   31.693235351   -0.234013649   -0.250266582
   31.712190635   -0.224845472   -0.247515813
   31.731145920   -0.215690584   -0.244783850
   31.750101204   -0.206554562   -0.242070422
   31.769056488   -0.197444619   -0.239375219
   31.788011773   -0.188369622   -0.236697881
   31.806967057   -0.179340043   -0.234038005
   31.825922341   -0.170367855   -0.231395138
   31.844877625   -0.161466419   -0.228768782
   31.863832910   -0.152650335   -0.226158386
   31.882788194   -0.143935308   -0.223563352
   31.901743478   -0.135337975   -0.220983030
   31.920698763   -0.126875735   -0.218416720
   31.939654047   -0.118566531   -0.215863673
   31.958609331   -0.110428598   -0.213323092
   31.977564616   -0.102480169   -0.210794131
   31.996519900   -0.094739127   -0.208275900
   32.015475184   -0.087222638   -0.205767467
   32.034430468   -0.079946768   -0.203267856
   32.053385753   -0.072926111   -0.200776054
   32.072341037   -0.066173469   -0.198291014
   32.091296321   -0.059699592   -0.195811655
   32.110251606   -0.053513017   -0.193336866
   32.129206890   -0.047620011   -0.190865514
   32.148162174   -0.042024612   -0.188396443
   32.167117459   -0.036728763   -0.185928482
   32.186072743   -0.031732513   -0.183460452
   32.205028027   -0.027034251   -0.180991167
   32.223983311   -0.022630929   -0.178519445
   32.242938596   -0.018518259   -0.176044113
   32.261893880   -0.014690837   -0.173564012
   32.280849164   -0.011142184   -0.171078008
   32.299804449   -0.007864709   -0.168584993
   32.318759733   -0.004849606   -0.166083896
   32.337715017   -0.002086698   -0.163573687
   32.356670302    0.000435711   -0.161053384
   32.375625586    0.002730954   -0.158522058
   32.394580870    0.004814043   -0.155978841
   32.413536154    0.006701607   -0.153422930
   32.432491439    0.008411701   -0.150853593
   32.451446723    0.009963502   -0.148270172
   32.470402007    0.011376889   -0.145672092
   32.489357292    0.012671958   -0.143058865
   32.508312576    0.013868501   -0.140430087
   32.527267860    0.014985508   -0.137785450
   32.546223145    0.016040732   -0.135124736
   32.565178429    0.017050362   -0.132447823
   32.584133713    0.018028825   -0.129754683
   32.603088997    0.018988736   -0.127045379
   32.622044282    0.019940966   -0.124320068
   32.640999566    0.020894830   -0.121578997
   32.659954850    0.021858344   -0.118822500
   32.678910135    0.022838503   -0.116051001
   32.697865419    0.023841559   -0.113265004
   32.716820703    0.024873246   -0.110465101
   32.735775988    0.025938935   -0.107651961
   32.754731272    0.027043711   -0.104826334
   32.773686556    0.028192378   -0.101989042
   32.792641840    0.029389398   -0.099140980
   32.811597125    0.030638802   -0.096283104
   32.830552409    0.031944091   -0.093416428
   32.849507693    0.033308144   -0.090542013
   32.868462978    0.034733166   -0.087660955
   32.887418262    0.036220662   -0.084774377
   32.906373546    0.037771440   -0.081883417
   32.925328831    0.039385628   -0.078989215
   32.944284115    0.041062679   -0.076092908
   32.963239399    0.042801349   -0.073195620
   32.982194683    0.044599626   -0.070298458
   33.001149968    0.046454609   -0.067402508
   33.020105252    0.048362338   -0.064508841
   33.039060536    0.050317612   -0.061618510
   33.058015821    0.052313803   -0.058732558
   33.076971105    0.054342730   -0.055852024
   33.095926389    0.056394629   -0.052977947
   33.114881674    0.058458237   -0.050111374
   33.133836958    0.060521045   -0.047253363
   33.152792242    0.062569692   -0.044404986
   33.171747526    0.064590505   -0.041567329
   33.190702811    0.066570132   -0.038741491
   33.209658095    0.068496225   -0.035928585
   33.228613379    0.070358095   -0.033129726
   33.247568664    0.072147278   -0.030346032
   33.266523948    0.073857946   -0.027578617
   33.285479232    0.075487115   -0.024828584
   33.304434517    0.077034631   -0.022097019
   33.323389801    0.078502932   -0.019384991
   33.342345085    0.079896608   -0.016693542
   33.361300369    0.081221815   -0.014023684
   33.380255654    0.082485613   -0.011376396
   33.399210938    0.083695289   -0.008752620
   33.418166222    0.084857743   -0.006153256
   33.437121507    0.085979001   -0.003579154
   33.456076791    0.087063882   -0.001031114
   33.475032075    0.088115859    0.001490122
   33.493987360    0.089137085    0.003983871
   33.512942644    0.090128574    0.006449513
   33.531897928    0.091090487    0.008886491
   33.550853212    0.092022469    0.011294309
   33.569808497    0.092923993    0.013672527
   33.588763781    0.093794651    0.016020752
   33.607719065    0.094634368    0.018338634
   33.626674350    0.095443514    0.020625847
   33.645629634    0.096222919    0.022882087
   33.664584918    0.096973804    0.025107052
   33.683540203    0.097697643    0.027300438
   33.702495487    0.098396009    0.029461930
   33.721450771    0.099070412    0.031591197
   33.740406055    0.099722181    0.033687889
   33.759361340    0.100352379    0.035751644
   33.778316624    0.100961790    0.037782090
   33.797271908    0.101550951    0.039778851
   33.816227193    0.102120222    0.041741561
   33.835182477    0.102669882    0.043669873
   33.854137761    0.103200227    0.045563464
   33.873093046    0.103711643    0.047422049
   33.892048330    0.104204656    0.049245380
   33.911003614    0.104679944    0.051033256
   33.929958898    0.105138306    0.052785518
   33.948914183    0.105580616    0.054502048
   33.967869467    0.106007753    0.056182765
   33.986824751    0.106420534    0.057827619
   34.005780036    0.106819662    0.059436582
   34.024735320    0.107205696    0.061009644
   34.043690604    0.107579046    0.062546805
   34.062645889    0.107939998    0.064048072
   34.081601173    0.108288758    0.065513458
   34.100556457    0.108625503    0.066942979
   34.119511742    0.108950435    0.068336654
   34.138467026    0.109263822    0.069694516
   34.157422310    0.109566022    0.071016607
   34.176377594    0.109857481    0.072302989
   34.195332879    0.110138715    0.073553750
   34.214288163    0.110410274    0.074769009
   34.233243447    0.110672700    0.075948922
   34.252198732    0.110926483    0.077093692
   34.271154016    0.111172032    0.078203567
   34.290109300    0.111409657    0.079278852
   34.309064585    0.111639575    0.080319910
   34.328019869    0.111861923    0.081327169
   34.346975153    0.112076795    0.082301121
   34.365930437    0.112284278    0.083242329
   34.384885722    0.112484486    0.084151424
   34.403841006    0.112677586    0.085029110
   34.422796290    0.112863813    0.085876164
   34.441751575    0.113043465    0.086693428
   34.460706859    0.113216888    0.087481810
   34.479662143    0.113384446    0.088242279
   34.498617428    0.113546490    0.088975857
   34.517572712    0.113703330    0.089683612
   34.536527996    0.113855212    0.090366650
   34.555483280    0.114002309    0.091026104
   34.574438565    0.114144724    0.091663129
   34.593393849    0.114282511    0.092278891
   34.612349133    0.114415695    0.092874559
   34.631304418    0.114544303    0.093451300
   34.650259702    0.114668391    0.094010272
   34.669214986    0.114788058    0.094552617
   34.688170271    0.114903462    0.095079461
   34.707125555    0.115014805    0.095591904
   34.726080839    0.115122328    0.096091022
   34.745036123    0.115226280    0.096577855
   34.763991408    0.115326898    0.097053410
   34.782946692    0.115424385    0.097518649
   34.801901976    0.115518888    0.097974485
   34.820857261    0.115610501    0.098421776
   34.839812545    0.115699262    0.098861317
   34.858767829    0.115785176    0.099293838
   34.877723114    0.115868228    0.099719993
   34.896678398    0.115948412    0.100140362
   34.915633682    0.116025746    0.100555444
   34.934588966    0.116100292    0.100965665
   34.953544251    0.116172155    0.101371371
   34.972499535    0.116241482    0.101772837
   34.991454819    0.116308446    0.102170275
   35.010410104    0.116373225    0.102563834
   35.029365388    0.116435988    0.102953611
   35.048320672    0.116496869    0.103339659
   35.067275957    0.116555961    0.103721987
   35.086231241    0.116613309    0.104100576
   35.105186525    0.116668918    0.104475372
   35.124141809    0.116722763    0.104846298
   35.143097094    0.116774810    0.105213254
   35.162052378    0.116825036    0.105576116
   35.181007662    0.116873440    0.105934742
   35.199962947    0.116920060    0.106288968
   35.218918231    0.116964973    0.106638616
   35.237873515    0.117008287    0.106983488
   35.256828800    0.117050134    0.107323373
   35.275784084    0.117090648    0.107658046
   35.294739368    0.117129952    0.107987276
   35.313694652    0.117168139    0.108310819
   35.332649937    0.117205267    0.108628432
   35.351605221    0.117241352    0.108939866
   35.370560505    0.117276380    0.109244875
   35.389515790    0.117310311    0.109543215
   35.408471074    0.117343102    0.109834649
   35.427426358    0.117374720    0.110118950
   35.446381643    0.117405156    0.110395903
   35.465336927    0.117434432    0.110665312
   35.484292211    0.117462606    0.110927006
   35.503247495    0.117489763    0.111180839
   35.522202780    0.117516005    0.111426703
   35.541158064    0.117541438    0.111664531
   35.560113348    0.117566154    0.111894301
   35.579068633    0.117590218    0.112116043
   35.598023917    0.117613667    0.112329840
   35.616979201    0.117636500    0.112535825
   35.635934486    0.117658690    0.112734184
   35.654889770    0.117680193    0.112925146
   35.673845054    0.117700960    0.113108978
   35.692800338    0.117720956    0.113285976
   35.711755623    0.117740165    0.113456452
   35.730710907    0.117758604    0.113620724
   35.749666191    0.117776318    0.113779106
   35.768621476    0.117793377    0.113931900
   35.787576760    0.117809863    0.114079384
   35.806532044    0.117825862    0.114221812
   35.825487329    0.117841446    0.114359411
   35.844442613    0.117856663    0.114492378
   35.863397897    0.117871534    0.114620887
   35.882353181    0.117886050    0.114745088
   35.901308466    0.117900178    0.114865117
   35.920263750    0.117913872    0.114981099
   35.939219034    0.117927083    0.115093149
   35.958174319    0.117939775    0.115201386
   35.977129603    0.117951932    0.115305923
   35.996084887    0.117963567    0.115406880
   36.015040172    0.117974716    0.115504376
   36.033995456    0.117985439    0.115598532
   36.052950740    0.117995805    0.115689468
   36.071906024    0.118005886    0.115777302
   36.090861309    0.118015738    0.115862148
   36.109816593    0.118025400    0.115944115
   36.128771877    0.118034881    0.116023306
   36.147727162    0.118044167    0.116099817
   36.166682446    0.118053223    0.116173738
   36.185637730    0.118062001    0.116245156
   36.204593015    0.118070455    0.116314154
   36.223548299    0.118078552    0.116380811
   36.242503583    0.118086274    0.116445206
   36.261458868    0.118093631    0.116507415
   36.280414152    0.118100656    0.116567515
   36.299369436    0.118107400    0.116625581
   36.318324720    0.118113923    0.116681685
   36.337280005    0.118120284    0.116735898
   36.356235289    0.118126533    0.116788289
   36.375190573    0.118132696    0.116838921
   36.394145858    0.118138778    0.116887856
   36.413101142    0.118144761    0.116935152
   36.432056426    0.118150609    0.116980862
   36.451011711    0.118156276    0.117025040
   36.469966995    0.118161720    0.117067735
   36.488922279    0.118166906    0.117108995
   36.507877563    0.118171821    0.117148870
   36.526832848    0.118176473    0.117187406
   36.545788132    0.118180891    0.117224649
   36.564743416    0.118185120    0.117260645
   36.583698701    0.118189215    0.117295439
   36.602653985    0.118193226    0.117329075
   36.621609269    0.118197193    0.117361592
   36.640564554    0.118201139    0.117393030
   36.659519838    0.118205064    0.117423426
   36.678475122    0.118208947    0.117452815
   36.697430406    0.118212754    0.117481229
   36.716385691    0.118216441    0.117508700
   36.735340975    0.118219968    0.117535257
   36.754296259    0.118223303    0.117560932
   36.773251544    0.118226436    0.117585752
   36.792206828    0.118229372    0.117609747
   36.811162112    0.118232140    0.117632946
   36.830117397    0.118234780    0.117655376
   36.849072681    0.118237340    0.117677066
   36.868027965    0.118239865    0.117698041
   36.886983249    0.118242390    0.117718328
   36.905938534    0.118244931    0.117737949
   36.924893818    0.118247487    0.117756926
   36.943849102    0.118250036    0.117775282
   36.962804387    0.118252544    0.117793035
   36.981759671    0.118254970    0.117810204
   37.000714955    0.118257276    0.117826808
   37.019670240    0.118259434    0.117842865
   37.038625524    0.118261434    0.117858392
   37.057580808    0.118263283    0.117873408
   37.076536092    0.118265006    0.117887930
   37.095491377    0.118266642    0.117901975
   37.114446661    0.118268232    0.117915562
   37.133401945    0.118269818    0.117928706
   37.152357230    0.118271428    0.117941423
   37.171312514    0.118273077    0.117953727
   37.190267798    0.118274759    0.117965632
   37.209223083    0.118276455    0.117977151
   37.228178367    0.118278129    0.117988296
   37.247133651    0.118279745    0.117999077
   37.266088935    0.118281267    0.118009505
   37.285044220    0.118282670    0.118019593
   37.303999504    0.118283945    0.118029350
   37.322954788    0.118285100    0.118038788
   37.341910073    0.118286158    0.118047918
   37.360865357    0.118287154    0.118056752
   37.379820641    0.118288128    0.118065299
   37.398775926    0.118289116    0.118073571
   37.417731210    0.118290143    0.118081577
   37.436686494    0.118291220    0.118089326
   37.455641778    0.118292343    0.118096827
   37.474597063    0.118293488    0.118104086
   37.493552347    0.118294625    0.118111112
   37.512507631    0.118295718    0.118117910
   37.531462916    0.118296734    0.118124488
   37.550418200    0.118297651    0.118130851
   37.569373484    0.118298461    0.118137008
   37.588328769    0.118299173    0.118142965
   37.607284053    0.118299808    0.118148728
   37.626239337    0.118300400    0.118154306
   37.645194621    0.118300984    0.118159705
   37.664149906    0.118301594    0.118164932
   37.683105190    0.118302251    0.118169993
   37.702060474    0.118302964    0.118174893
   37.721015759    0.118303727    0.118179638
   37.739971043    0.118304517    0.118184232
   37.758926327    0.118305306    0.118188680
   37.777881612    0.118306059    0.118192984
   37.796836896    0.118306748    0.118197149
   37.815792180    0.118307350    0.118201180
   37.834747464    0.118307861    0.118205080
   37.853702749    0.118308289    0.118208854
   37.872658033    0.118308655    0.118212506
   37.891613317    0.118308990    0.118216042
   37.910568602    0.118309327    0.118219465
   37.929523886    0.118309696    0.118222781
   37.948479170    0.118310117    0.118225992
   37.967434455    0.118310596    0.118229103
   37.986389739    0.118311126    0.118232116
   38.005345023    0.118311686    0.118235035
   38.024300307    0.118312248    0.118237861
   38.043255592    0.118312779    0.118240596
   38.062210876    0.118313253    0.118243244
   38.081166160    0.118313652    0.118245806
   38.100121445    0.118313970    0.118248285
   38.119076729    0.118314216    0.118250684
   38.138032013    0.118314411    0.118253006
   38.156987298    0.118314584    0.118255255
   38.175942582    0.118314765    0.118257433
   38.194897866    0.118314982    0.118259544
   38.213853150    0.118315253    0.118261589
   38.232808435    0.118315581    0.118263571
   38.251763719    0.118315960    0.118265491
   38.270719003    0.118316369    0.118267352
   38.289674288    0.118316781    0.118269155
   38.308629572    0.118317166    0.118270900
   38.327584856    0.118317499    0.118272588
   38.346540141    0.118317765    0.118274223
   38.365495425    0.118317958    0.118275804
   38.384450709    0.118318089    0.118277335
   38.403405993    0.118318176    0.118278817
   38.422361278    0.118318248    0.118280252
   38.441316562    0.118318332    0.118281643
   38.460271846    0.118318454    0.118282991
   38.479227131    0.118318628    0.118284298
   38.498182415    0.118318860    0.118285566
   38.517137699    0.118319139    0.118286795
   38.536092984    0.118319447    0.118287986
   38.555048268    0.118319757    0.118289140
   38.574003552    0.118320043    0.118290258
   38.592958837    0.118320280    0.118291339
   38.611914121    0.118320456    0.118292386
   38.630869405    0.118320565    0.118293398
   38.649824689    0.118320619    0.118294378
   38.668779974    0.118320636    0.118295327
   38.687735258    0.118320642    0.118296246
   38.706690542    0.118320664    0.118297137
   38.725645827    0.118320725    0.118298001
   38.744601111    0.118320838    0.118298840
   38.763556395    0.118321006    0.118299654
   38.782511680    0.118321220    0.118300443
   38.801466964    0.118321461    0.118301209
   38.820422248    0.118321704    0.118301951
   38.839377532    0.118321923    0.118302669
   38.858332817    0.118322098    0.118303364
   38.877288101    0.118322214    0.118304036
   38.896243385    0.118322271    0.118304687
   38.915198670    0.118322278    0.118305316
   38.934153954    0.118322252    0.118305926
   38.953109238    0.118322220    0.118306516
   38.972064523    0.118322205    0.118307089
   38.991019807    0.118322229    0.118307645
   39.009975091    0.118322304    0.118308185
   39.028930375    0.118322431    0.118308710
   39.047885660    0.118322602    0.118309219
   39.066840944    0.118322797    0.118309713
   39.085796228    0.118322994    0.118310192
   39.104751513    0.118323168    0.118310655
   39.123706797    0.118323300    0.118311104
   39.142662081    0.118323377    0.118311537
   39.161617366    0.118323400    0.118311957
   39.180572650    0.118323377    0.118312362
   39.199527934    0.118323326    0.118312755
   39.218483218    0.118323271    0.118313136
   39.237438503    0.118323235    0.118313506
   39.256393787    0.118323236    0.118313865
   39.275349071    0.118323287    0.118314214
   39.294304356    0.118323388    0.118314554
   39.313259640    0.118323529    0.118314884
   39.332214924    0.118323692    0.118315204
   39.351170209    0.118323856    0.118315515
   39.370125493    0.118323997    0.118315815
   39.389080777    0.118324098    0.118316106
   39.408036061    0.118324148    0.118316387
   39.426991346    0.118324146    0.118316658
   39.445946630    0.118324103    0.118316921
   39.464901914    0.118324036    0.118317175
   39.483857199    0.118323967    0.118317421
   39.502812483    0.118323917    0.118317660
   39.521767767    0.118323905    0.118317893
   39.540723052    0.118323941    0.118318120
   39.559678336    0.118324024    0.118318341
   39.578633620    0.118324145    0.118318556
   39.597588904    0.118324286    0.118318765
   39.616544189    0.118324426    0.118318968
   39.635499473    0.118324545    0.118319163
   39.654454757    0.118324624    0.118319353
   39.673410042    0.118324655    0.118319535
   39.692365326    0.118324639    0.118319711
   39.711320610    0.118324584    0.118319881
   39.730275895    0.118324509    0.118320046
   39.749231179    0.118324433    0.118320206
   39.768186463    0.118324377    0.118320362
   39.787141747    0.118324359    0.118320514
   39.806097032    0.118324385    0.118320662
   39.825052316    0.118324457    0.118320806
   39.844007600    0.118324564    0.118320947
   39.862962885    0.118324689    0.118321084
   39.881918169    0.118324812    0.118321217
   39.900873453    0.118324914    0.118321345
   39.919828738    0.118324978    0.118321469
   39.938784022    0.118324996    0.118321588
   39.957739306    0.118324970    0.118321703
   39.976694590    0.118324909    0.118321814
   39.995649875    0.118324829    0.118321921
   40.014605159    0.118324751    0.118322026
   40.033560443    0.118324694    0.118322127
   40.052515728    0.118324672    0.118322227
   40.071471012    0.118324694    0.118322324
   40.090426296    0.118324758    0.118322419
   40.109381581    0.118324854    0.118322512
   40.128336865    0.118324968    0.118322603
   40.147292149    0.118325078    0.118322690
   40.166247433    0.118325167    0.118322775
   40.185202718    0.118325219    0.118322856
   40.204158002    0.118325229    0.118322935
   40.223113286    0.118325196    0.118323010
   40.242068571    0.118325131    0.118323082
   40.261023855    0.118325050    0.118323153
   40.279979139    0.118324972    0.118323221
   40.298934424    0.118324915    0.118323287
   40.317889708    0.118324892    0.118323353
   40.336844992    0.118324911    0.118323417
   40.355800276    0.118324970    0.118323480
   40.374755561    0.118325059    0.118323542
   40.393710845    0.118325163    0.118323603
   40.412666129    0.118325263    0.118323661
   40.431621414    0.118325342    0.118323717
   40.450576698    0.118325386    0.118323771
   40.469531982    0.118325388    0.118323823
   40.488487267    0.118325352    0.118323872
   40.507442551    0.118325285    0.118323920
   40.526397835    0.118325205    0.118323966
   40.545353119    0.118325128    0.118324011
   40.564308404    0.118325072    0.118324055
   40.583263688    0.118325050    0.118324098
   40.602218972    0.118325068    0.118324141
   40.621174257    0.118325123    0.118324183
   40.640129541    0.118325206    0.118324225
   40.659084825    0.118325303    0.118324266
   40.678040110    0.118325395    0.118324305
   40.696995394    0.118325465    0.118324343
   40.715950678    0.118325502    0.118324379
   40.734905962    0.118325500    0.118324413
   40.753861247    0.118325460    0.118324446
   40.772816531    0.118325394    0.118324477
   40.791771815    0.118325314    0.118324507
   40.810727100    0.118325240    0.118324537
   40.829682384    0.118325187    0.118324566
   40.848637668    0.118325166    0.118324595
   40.867592953    0.118325184    0.118324624
   40.886548237    0.118325236    0.118324653
   40.905503521    0.118325315    0.118324681
   40.924458806    0.118325406    0.118324709
   40.943414090    0.118325491    0.118324735
   40.962369374    0.118325554    0.118324761
   40.981324658    0.118325586    0.118324785
   41.000279943    0.118325579    0.118324808
   41.019235227    0.118325538    0.118324830
   41.038190511    0.118325472    0.118324850
   41.057145796    0.118325395    0.118324870
   41.076101080    0.118325324    0.118324890
   41.095056364    0.118325273    0.118324910
   41.114011649    0.118325255    0.118324929
   41.132966933    0.118325272    0.118324949
   41.151922217    0.118325323    0.118324969
   41.170877501    0.118325398    0.118324988
   41.189832786    0.118325483    0.118325008
   41.208788070    0.118325562    0.118325026
   41.227743354    0.118325620    0.118325044
   41.246698639    0.118325647    0.118325061
   41.265653923    0.118325637    0.118325076
   41.284609207    0.118325595    0.118325091
   41.303564492    0.118325530    0.118325104
   41.322519776    0.118325456    0.118325118
   41.341475060    0.118325387    0.118325131
   41.360430344    0.118325340    0.118325144
   41.379385629    0.118325323    0.118325158
   41.398340913    0.118325341    0.118325171
   41.417296197    0.118325391    0.118325185
   41.436251482    0.118325463    0.118325199
   41.455206766    0.118325543    0.118325213
   41.474162050    0.118325617    0.118325226
   41.493117335    0.118325670    0.118325238
   41.512072619    0.118325693    0.118325250
   41.531027903    0.118325681    0.118325260
   41.549983187    0.118325639    0.118325270
   41.568938472    0.118325575    0.118325280
   41.587893756    0.118325503    0.118325288
   41.606849040    0.118325438    0.118325297
   41.625804325    0.118325394    0.118325306
   41.644759609    0.118325379    0.118325316
   41.663714893    0.118325398    0.118325326
   41.682670178    0.118325446    0.118325336
   41.701625462    0.118325515    0.118325346
   41.720580746    0.118325592    0.118325356
   41.739536030    0.118325661    0.118325365
   41.758491315    0.118325709    0.118325374
   41.777446599    0.118325728    0.118325382
   41.796401883    0.118325715    0.118325390
   41.815357168    0.118325672    0.118325396
   41.834312452    0.118325610    0.118325403
   41.853267736    0.118325541    0.118325409
   41.872223021    0.118325479    0.118325415
   41.891178305    0.118325438    0.118325421
   41.910133589    0.118325426    0.118325428
   41.929088873    0.118325445    0.118325435
   41.948044158    0.118325492    0.118325443
   41.966999442    0.118325559    0.118325450
   41.985954726    0.118325632    0.118325458
   42.004910011    0.118325696    0.118325465
   42.023865295    0.118325741    0.118325471
   42.042820579    0.118325757    0.118325477
   42.061775864    0.118325742    0.118325482
   42.080731148    0.118325700    0.118325487
   42.099686432    0.118325639    0.118325491
   42.118641716    0.118325573    0.118325496
   42.137597001    0.118325514    0.118325500
   42.156552285    0.118325476    0.118325504
   42.175507569    0.118325466    0.118325509
   42.194462854    0.118325486    0.118325515
   42.213418138    0.118325532    0.118325521
   42.232373422    0.118325597    0.118325527
   42.251328707    0.118325666    0.118325532
   42.270283991    0.118325727    0.118325538
   42.289239275    0.118325768    0.118325543
   42.308194559    0.118325781    0.118325547
   42.327149844    0.118325765    0.118325551
   42.346105128    0.118325723    0.118325554
   42.365060412    0.118325664    0.118325557
   42.384015697    0.118325600    0.118325560
   42.402970981    0.118325545    0.118325564
   42.421926265    0.118325510    0.118325567
   42.440881550    0.118325501    0.118325571
   42.459836834    0.118325522    0.118325575
   42.478792118    0.118325568    0.118325580
   42.497747402    0.118325630    0.118325584
   42.516702687    0.118325696    0.118325589
   42.535657971    0.118325754    0.118325593
   42.554613255    0.118325791    0.118325597
   42.573568540    0.118325802    0.118325601
   42.592523824    0.118325785    0.118325604
   42.611479108    0.118325743    0.118325606
   42.630434393    0.118325686    0.118325608
   42.649389677    0.118325625    0.118325610
   42.668344961    0.118325573    0.118325613
   42.687300245    0.118325540    0.118325615
   42.706255530    0.118325534    0.118325618
   42.725210814    0.118325555    0.118325622
   42.744166098    0.118325600    0.118325626
   42.763121383    0.118325660    0.118325630
   42.782076667    0.118325723    0.118325633
   42.801031951    0.118325777    0.118325637
   42.819987236    0.118325812    0.118325640
   42.838942520    0.118325821    0.118325643
   42.857897804    0.118325803    0.118325645
   42.876853088    0.118325762    0.118325647
   42.895808373    0.118325706    0.118325649
   42.914763657    0.118325647    0.118325650
   42.933718941    0.118325598    0.118325652
   42.952674226    0.118325568    0.118325654
   42.971629510    0.118325563    0.118325657
   42.990584794    0.118325585    0.118325659
   43.009540079    0.118325629    0.118325663
   43.028495363    0.118325687    0.118325666
   43.047450647    0.118325748    0.118325669
   43.066405932    0.118325799    0.118325673
   43.085361216    0.118325831    0.118325675
   43.104316500    0.118325838    0.118325678
   43.123271784    0.118325819    0.118325679
   43.142227069    0.118325778    0.118325681
   43.161182353    0.118325724    0.118325682
   43.180137637    0.118325668    0.118325683
   43.199092922    0.118325622    0.118325684
   43.218048206    0.118325594    0.118325686
   43.237003490    0.118325591    0.118325688
   43.255958775    0.118325613    0.118325691
   43.274914059    0.118325657    0.118325694
   43.293869343    0.118325713    0.118325697
   43.312824627    0.118325770    0.118325700
   43.331779912    0.118325819    0.118325702
   43.350735196    0.118325848    0.118325705
   43.369690480    0.118325853    0.118325707
   43.388645765    0.118325834    0.118325708
   43.407601049    0.118325794    0.118325709
   43.426556333    0.118325741    0.118325710
   43.445511618    0.118325688    0.118325711
   43.464466902    0.118325644    0.118325712
   43.483422186    0.118325618    0.118325714
   43.502377470    0.118325617    0.118325716
   43.521332755    0.118325640    0.118325718
   43.540288039    0.118325682    0.118325721
   43.559243323    0.118325736    0.118325723
   43.578198608    0.118325792    0.118325726
   43.597153892    0.118325837    0.118325728
   43.616109176    0.118325864    0.118325730
   43.635064461    0.118325868    0.118325732
   43.654019745    0.118325848    0.118325733
   43.672975029    0.118325808    0.118325734
   43.691930313    0.118325758    0.118325735
   43.710885598    0.118325706    0.118325736
   43.729840882    0.118325665    0.118325737
   43.748796166    0.118325642    0.118325738
   43.767751451    0.118325641    0.118325740
   43.786706735    0.118325665    0.118325742
   43.805662019    0.118325706    0.118325744
   43.824617304    0.118325759    0.118325747
   43.843572588    0.118325812    0.118325749
   43.862527872    0.118325855    0.118325751
   43.881483156    0.118325880    0.118325753
   43.900438441    0.118325882    0.118325755
   43.919393725    0.118325861    0.118325756
   43.938349009    0.118325822    0.118325757
   43.957304294    0.118325773    0.118325757
   43.976259578    0.118325724    0.118325758
   43.995214862    0.118325685    0.118325759
   44.014170147    0.118325664    0.118325760
   44.033125431    0.118325665    0.118325762
   44.052080715    0.118325688    0.118325764
   44.071035999    0.118325730    0.118325766
   44.089991284    0.118325780    0.118325768
   44.108946568    0.118325831    0.118325770
   44.127901852    0.118325872    0.118325772
   44.146857137    0.118325894    0.118325774
   44.165812421    0.118325895    0.118325775
   44.184767705    0.118325874    0.118325776
   44.203722990    0.118325836    0.118325777
   44.222678274    0.118325789    0.118325778
   44.241633558    0.118325742    0.118325778
   44.260588842    0.118325705    0.118325779
   44.279544127    0.118325685    0.118325780
   44.298499411    0.118325688    0.118325782
   44.317454695    0.118325711    0.118325784
   44.336409980    0.118325752    0.118325786
   44.355365264    0.118325801    0.118325788
   44.374320548    0.118325849    0.118325790
   44.393275833    0.118325888    0.118325792
   44.412231117    0.118325909    0.118325793
   44.431186401    0.118325908    0.118325795
   44.450141685    0.118325887    0.118325795
   44.469096970    0.118325849    0.118325796
   44.488052254    0.118325803    0.118325797
   44.507007538    0.118325758    0.118325797
   44.525962823    0.118325723    0.118325798
   44.544918107    0.118325706    0.118325799
   44.563873391    0.118325709    0.118325800
   44.582828676    0.118325733    0.118325802
   44.601783960    0.118325773    0.118325804
   44.620739244    0.118325820    0.118325806
   44.639694528    0.118325867    0.118325808
   44.658649813    0.118325903    0.118325810
   44.677605097    0.118325922    0.118325812
   44.696560381    0.118325921    0.118325813
   44.715515666    0.118325899    0.118325813
   44.734470950    0.118325862    0.118325814
   44.753426234    0.118325818    0.118325814
   44.772381519    0.118325775    0.118325815
   44.791336803    0.118325742    0.118325816
   44.810292087    0.118325726    0.118325817
   44.829247371    0.118325730    0.118325818
   44.848202656    0.118325754    0.118325820
   44.867157940    0.118325793    0.118325822
   44.886113224    0.118325839    0.118325824
   44.905068509    0.118325883    0.118325826
   44.924023793    0.118325918    0.118325827
   44.942979077    0.118325935    0.118325829
   44.961934362    0.118325933    0.118325830
   44.980889646    0.118325911    0.118325830
   44.999844930    0.118325875    0.118325831
   45.018800214    0.118325832    0.118325831
   45.037755499    0.118325790    0.118325832
   45.056710783    0.118325759    0.118325833
   45.075666067    0.118325745    0.118325834
   45.094621352    0.118325750    0.118325835
   45.113576636    0.118325774    0.118325837
   45.132531920    0.118325812    0.118325838
   45.151487205    0.118325857    0.118325840
   45.170442489    0.118325900    0.118325842
   45.189397773    0.118325932    0.118325844
   45.208353057    0.118325948    0.118325845
   45.227308342    0.118325944    0.118325846
   45.246263626    0.118325923    0.118325847
   45.265218910    0.118325887    0.118325847
   45.284174195    0.118325845    0.118325848
   45.303129479    0.118325806    0.118325848
   45.322084763    0.118325777    0.118325849
   45.341040048    0.118325764    0.118325850
   45.359995332    0.118325770    0.118325851
   45.378950616    0.118325794    0.118325853
   45.397905901    0.118325831    0.118325854
   45.416861185    0.118325874    0.118325856
   45.435816469    0.118325915    0.118325858
   45.454771753    0.118325946    0.118325859
   45.473727038    0.118325960    0.118325861
   45.492682322    0.118325956    0.118325862
   45.511637606    0.118325934    0.118325862
   45.530592891    0.118325899    0.118325863
   45.549548175    0.118325859    0.118325863
   45.568503459    0.118325821    0.118325864
   45.587458744    0.118325793    0.118325864
   45.606414028    0.118325782    0.118325865
   45.625369312    0.118325788    0.118325866
   45.644324596    0.118325812    0.118325868
   45.663279881    0.118325849    0.118325870
   45.682235165    0.118325891    0.118325871
   45.701190449    0.118325930    0.118325873
   45.720145734    0.118325959    0.118325875
   45.739101018    0.118325972    0.118325876
   45.758056302    0.118325967    0.118325877
   45.777011587    0.118325945    0.118325877
   45.795966871    0.118325911    0.118325878
   45.814922155    0.118325872    0.118325878
   45.833877439    0.118325835    0.118325879
   45.852832724    0.118325809    0.118325879
   45.871788008    0.118325799    0.118325880
   45.890743292    0.118325807    0.118325881
   45.909698577    0.118325830    0.118325883
   45.928653861    0.118325866    0.118325884
   45.947609145    0.118325907    0.118325886
   45.966564430    0.118325944    0.118325888
   45.985519714    0.118325971    0.118325889
   46.004474998    0.118325983    0.118325890
   46.023430282    0.118325977    0.118325891
   46.042385567    0.118325956    0.118325892
   46.061340851    0.118325922    0.118325892
   46.080296135    0.118325884    0.118325892
   46.099251420    0.118325850    0.118325893
   46.118206704    0.118325825    0.118325894
   46.137161988    0.118325816    0.118325894
   46.156117273    0.118325824    0.118325896
   46.175072557    0.118325848    0.118325897
   46.194027841    0.118325883    0.118325899
   46.212983125    0.118325922    0.118325900
   46.231938410    0.118325958    0.118325902
   46.250893694    0.118325984    0.118325903
   46.269848978    0.118325994    0.118325904
   46.288804263    0.118325988    0.118325905
   46.307759547    0.118325966    0.118325906
   46.326714831    0.118325933    0.118325906
   46.345670116    0.118325897    0.118325906
   46.364625400    0.118325863    0.118325907
   46.383580684    0.118325840    0.118325907
   46.402535968    0.118325832    0.118325908
   46.421491253    0.118325841    0.118325910
   46.440446537    0.118325864    0.118325911
   46.459401821    0.118325899    0.118325912
   46.478357106    0.118325937    0.118325914
   46.497312390    0.118325971    0.118325915
   46.516267674    0.118325996    0.118325917
   46.535222959    0.118326005    0.118325918
   46.554178243    0.118325998    0.118325919
   46.573133527    0.118325976    0.118325919
   46.592088811    0.118325944    0.118325919
   46.611044096    0.118325909    0.118325920
   46.629999380    0.118325877    0.118325920
   46.648954664    0.118325855    0.118325921
   46.667909949    0.118325848    0.118325922
   46.686865233    0.118325857    0.118325923
   46.705820517    0.118325881    0.118325924
   46.724775802    0.118325914    0.118325926
   46.743731086    0.118325951    0.118325927
   46.762686370    0.118325984    0.118325929
   46.781641654    0.118326007    0.118325930
   46.800596939    0.118326015    0.118325931
   46.819552223    0.118326008    0.118325932
   46.838507507    0.118325986    0.118325932
   46.857462792    0.118325955    0.118325932
   46.876418076    0.118325921    0.118325933
   46.895373360    0.118325890    0.118325933
   46.914328645    0.118325869    0.118325934
   46.933283929    0.118325863    0.118325935
   46.952239213    0.118325873    0.118325936
   46.971194497    0.118325896    0.118325937
   46.990149782    0.118325929    0.118325939
   47.009105066    0.118325965    0.118325940
   47.028060350    0.118325996    0.118325941
   47.047015635    0.118326018    0.118325943
   47.065970919    0.118326025    0.118325943
   47.084926203    0.118326017    0.118325944
   47.103881488    0.118325996    0.118325945
   47.122836772    0.118325965    0.118325945
   47.141792056    0.118325932    0.118325945
   47.160747340    0.118325903    0.118325946
   47.179702625    0.118325883    0.118325946
   47.198657909    0.118325878    0.118325947
   47.217613193    0.118325888    0.118325948
   47.236568478    0.118325911    0.118325949
   47.255523762    0.118325943    0.118325951
   47.274479046    0.118325978    0.118325952
   47.293434331    0.118326008    0.118325954
   47.312389615    0.118326028    0.118325955
   47.331344899    0.118326035    0.118325956
   47.350300183    0.118326027    0.118325956
   47.369255468    0.118326005    0.118325957
   47.388210752    0.118325975    0.118325957
   47.407166036    0.118325943    0.118325957
   47.426121321    0.118325915    0.118325958
   47.445076605    0.118325897    0.118325958
   47.464031889    0.118325892    0.118325959
   47.482987174    0.118325902    0.118325960
   47.501942458    0.118325925    0.118325961
   47.520897742    0.118325957    0.118325963
   47.539853026    0.118325990    0.118325964
   47.558808311    0.118326019    0.118325965
   47.577763595    0.118326039    0.118325967
   47.596718879    0.118326044    0.118325967
   47.615674164    0.118326036    0.118325968
   47.634629448    0.118326014    0.118325968
   47.653584732    0.118325985    0.118325969
   47.672540017    0.118325954    0.118325969
   47.691495301    0.118325927    0.118325969
   47.710450585    0.118325910    0.118325970
   47.729405870    0.118325906    0.118325971
   47.748361154    0.118325917    0.118325972
   47.767316438    0.118325939    0.118325973
   47.786271722    0.118325970    0.118325974
   47.805227007    0.118326002    0.118325976
   47.824182291    0.118326030    0.118325977
   47.843137575    0.118326049    0.118325978
   47.862092860    0.118326053    0.118325979
   47.881048144    0.118326044    0.118325979
   47.900003428    0.118326023    0.118325980
   47.918958713    0.118325995    0.118325980
   47.937913997    0.118325964    0.118325980
   47.956869281    0.118325938    0.118325981
   47.975824565    0.118325922    0.118325981
   47.994779850    0.118325919    0.118325982
   48.013735134    0.118325930    0.118325983
   48.032690418    0.118325953    0.118325984
   48.051645703    0.118325982    0.118325986
   48.070600987    0.118326014    0.118325987
   48.089556271    0.118326041    0.118325988
   48.108511556    0.118326058    0.118325989
   48.127466840    0.118326062    0.118325990
   48.146422124    0.118326053    0.118325990
   48.165377408    0.118326032    0.118325991
   48.184332693    0.118326004    0.118325991
   48.203287977    0.118325975    0.118325991
   48.222243261    0.118325950    0.118325992
   48.241198546    0.118325935    0.118325992
   48.260153830    0.118325932    0.118325993
   48.279109114    0.118325943    0.118325994
   48.298064399    0.118325965    0.118325995
   48.317019683    0.118325995    0.118325996
   48.335974967    0.118326025    0.118325997
   48.354930251    0.118326051    0.118325999
   48.373885536    0.118326067    0.118326000
   48.392840820    0.118326071    0.118326000
   48.411796104    0.118326061    0.118326001
   48.430751389    0.118326040    0.118326001
   48.449706673    0.118326013    0.118326001
   48.468661957    0.118325984    0.118326002
   48.487617242    0.118325961    0.118326002
   48.506572526    0.118325946    0.118326003
   48.525527810    0.118325944    0.118326003
   48.544483094    0.118325956    0.118326004
   48.563438379    0.118325978    0.118326005
   48.582393663    0.118326006    0.118326007
   48.601348947    0.118326036    0.118326008
   48.620304232    0.118326061    0.118326009
   48.639259516    0.118326076    0.118326010
   48.658214800    0.118326079    0.118326010
   48.677170085    0.118326069    0.118326011
   48.696125369    0.118326049    0.118326011
   48.715080653    0.118326022    0.118326012
   48.734035937    0.118325994    0.118326012
   48.752991222    0.118325971    0.118326012
   48.771946506    0.118325958    0.118326013
   48.790901790    0.118325956    0.118326013
   48.809857075    0.118325968    0.118326014
   48.828812359    0.118325989    0.118326015
   48.847767643    0.118326017    0.118326017
   48.866722928    0.118326046    0.118326018
   48.885678212    0.118326070    0.118326019
   48.904633496    0.118326084    0.118326020
   48.923588780    0.118326087    0.118326020
   48.942544065    0.118326077    0.118326021
   48.961499349    0.118326056    0.118326021
   48.980454633    0.118326030    0.118326021
   48.999409918    0.118326003    0.118326022
   49.018365202    0.118325981    0.118326022
   49.037320486    0.118325969    0.118326022
   49.056275771    0.118325968    0.118326023
   49.075231055    0.118325979    0.118326024
   49.094186339    0.118326001    0.118326025
   49.113141623    0.118326028    0.118326026
   49.132096908    0.118326056    0.118326027
   49.151052192    0.118326079    0.118326028
   49.170007476    0.118326092    0.118326029
   49.188962761    0.118326094    0.118326030
   49.207918045    0.118326084    0.118326030
   49.226873329    0.118326064    0.118326030
   49.245828614    0.118326038    0.118326031
   49.264783898    0.118326012    0.118326031
   49.283739182    0.118325991    0.118326031
   49.302694466    0.118325979    0.118326032
   49.321649751    0.118325979    0.118326032
   49.340605035    0.118325990    0.118326033
   49.359560319    0.118326012    0.118326034
   49.378515604    0.118326038    0.118326035
   49.397470888    0.118326065    0.118326036
   49.416426172    0.118326087    0.118326037
   49.435381457    0.118326100    0.118326038
   49.454336741    0.118326101    0.118326039
   49.473292025    0.118326091    0.118326039
   49.492247309    0.118326071    0.118326039
   49.511202594    0.118326046    0.118326040
   49.530157878    0.118326021    0.118326040
   49.549113162    0.118326001    0.118326040
   49.568068447    0.118325989    0.118326041
   49.587023731    0.118325989    0.118326041
   49.605979015    0.118326001    0.118326042
   49.624934300    0.118326022    0.118326043
   49.643889584    0.118326048    0.118326044
   49.662844868    0.118326074    0.118326045
   49.681800152    0.118326095    0.118326046
   49.700755437    0.118326108    0.118326047
   49.719710721    0.118326108    0.118326047
   49.738666005    0.118326098    0.118326048
   49.757621290    0.118326078    0.118326048
   49.776576574    0.118326054    0.118326048
   49.795531858    0.118326029    0.118326049
   49.814487143    0.118326010    0.118326049
   49.833442427    0.118325999    0.118326049
   49.852397711    0.118326000    0.118326050
   49.871352996    0.118326011    0.118326051
   49.890308280    0.118326032    0.118326052
   49.909263564    0.118326057    0.118326053
   49.928218848    0.118326083    0.118326054
   49.947174133    0.118326103    0.118326055
   49.966129417    0.118326115    0.118326055
   49.985084701    0.118326115    0.118326056
   50.004039986    0.118326105    0.118326056
   50.022995270    0.118326085    0.118326056
   50.041950554    0.118326061    0.118326057
   50.060905839    0.118326037    0.118326057
   50.079861123    0.118326018    0.118326057
   50.098816407    0.118326008    0.118326058
   50.117771691    0.118326009    0.118326058
   50.136726976    0.118326021    0.118326059
   50.155682260    0.118326041    0.118326060
   50.174637544    0.118326066    0.118326061
   50.193592829    0.118326091    0.118326062
   50.212548113    0.118326111    0.118326063
   50.231503397    0.118326122    0.118326063
   50.250458682    0.118326122    0.118326064
   50.269413966    0.118326111    0.118326064
   50.288369250    0.118326092    0.118326064
   50.307324534    0.118326068    0.118326065
   50.326279819    0.118326045    0.118326065
   50.345235103    0.118326027    0.118326065
   50.364190387    0.118326017    0.118326065
   50.383145672    0.118326019    0.118326066
   50.402100956    0.118326030    0.118326067
   50.421056240    0.118326050    0.118326068
   50.440011525    0.118326075    0.118326069
   50.458966809    0.118326099    0.118326070
   50.477922093    0.118326118    0.118326070
   50.496877377    0.118326128    0.118326071
   50.515832662    0.118326128    0.118326071
   50.534787946    0.118326117    0.118326072
   50.553743230    0.118326098    0.118326072
   50.572698515    0.118326075    0.118326072
   50.591653799    0.118326052    0.118326072
   50.610609083    0.118326035    0.118326073
   50.629564368    0.118326026    0.118326073
   50.648519652    0.118326028    0.118326074
   50.667474936    0.118326039    0.118326074
   50.686430220    0.118326059    0.118326075
   50.705385505    0.118326083    0.118326076
   50.724340789    0.118326106    0.118326077
   50.743296073    0.118326125    0.118326078
   50.762251358    0.118326134    0.118326078
   50.781206642    0.118326134    0.118326079
   50.800161926    0.118326123    0.118326079
   50.819117211    0.118326104    0.118326079
   50.838072495    0.118326082    0.118326079
   50.857027779    0.118326060    0.118326080
   50.875983063    0.118326043    0.118326080
   50.894938348    0.118326034    0.118326080
   50.913893632    0.118326036    0.118326081
   50.932848916    0.118326048    0.118326082
   50.951804201    0.118326067    0.118326082
   50.970759485    0.118326091    0.118326083
   50.989714769    0.118326113    0.118326084
   51.008670054    0.118326131    0.118326085
   51.027625338    0.118326140    0.118326085
   51.046580622    0.118326139    0.118326086
   51.065535906    0.118326128    0.118326086
   51.084491191    0.118326110    0.118326086
   51.103446475    0.118326088    0.118326086
   51.122401759    0.118326066    0.118326087
   51.141357044    0.118326050    0.118326087
   51.160312328    0.118326042    0.118326087
   51.179267612    0.118326044    0.118326088
   51.198222897    0.118326056    0.118326088
   51.217178181    0.118326075    0.118326089
   51.236133465    0.118326098    0.118326090
   51.255088749    0.118326120    0.118326091
   51.274044034    0.118326137    0.118326091
   51.292999318    0.118326146    0.118326092
   51.311954602    0.118326145    0.118326092
   51.330909887    0.118326134    0.118326093
   51.349865171    0.118326116    0.118326093
   51.368820455    0.118326094    0.118326093
   51.387775740    0.118326073    0.118326093
   51.406731024    0.118326057    0.118326093
   51.425686308    0.118326050    0.118326094
   51.444641592    0.118326052    0.118326094
   51.463596877    0.118326064    0.118326095
   51.482552161    0.118326082    0.118326096
   51.501507445    0.118326105    0.118326096
   51.520462730    0.118326126    0.118326097
   51.539418014    0.118326143    0.118326098
   51.558373298    0.118326151    0.118326098
   51.577328583    0.118326150    0.118326099
   51.596283867    0.118326139    0.118326099
   51.615239151    0.118326121    0.118326099
   51.634194435    0.118326100    0.118326099
   51.653149720    0.118326079    0.118326099
   51.672105004    0.118326064    0.118326100
   51.691060288    0.118326057    0.118326100
   51.710015573    0.118326059    0.118326100
   51.728970857    0.118326071    0.118326101
   51.747926141    0.118326089    0.118326102
   51.766881426    0.118326111    0.118326103
   51.785836710    0.118326132    0.118326103
   51.804791994    0.118326148    0.118326104
   51.823747278    0.118326156    0.118326104
   51.842702563    0.118326155    0.118326105
   51.861657847    0.118326144    0.118326105
   51.880613131    0.118326126    0.118326105
   51.899568416    0.118326105    0.118326105
   51.918523700    0.118326085    0.118326105
   51.937478984    0.118326070    0.118326105
   51.956434269    0.118326063    0.118326106
   51.975389553    0.118326066    0.118326106
   51.994344837    0.118326078    0.118326107
   52.013300121    0.118326096    0.118326108
   52.032255406    0.118326118    0.118326108
   52.051210690    0.118326138    0.118326109
   52.070165974    0.118326154    0.118326110
   52.089121259    0.118326161    0.118326110
   52.108076543    0.118326159    0.118326110
   52.127031827    0.118326148    0.118326111
   52.145987112    0.118326131    0.118326111
   52.164942396    0.118326110    0.118326111
   52.183897680    0.118326091    0.118326111
   52.202852965    0.118326076    0.118326111
   52.221808249    0.118326070    0.118326111
   52.240763533    0.118326073    0.118326112
   52.259718817    0.118326084    0.118326112
   52.278674102    0.118326102    0.118326113
   52.297629386    0.118326123    0.118326114
   52.316584670    0.118326143    0.118326114
   52.335539955    0.118326158    0.118326115
   52.354495239    0.118326166    0.118326115
   52.373450523    0.118326163    0.118326116
   52.392405808    0.118326153    0.118326116
   52.411361092    0.118326135    0.118326116
   52.430316376    0.118326115    0.118326116
   52.449271660    0.118326096    0.118326116
   52.468226945    0.118326082    0.118326116
   52.487182229    0.118326076    0.118326117
   52.506137513    0.118326079    0.118326117
   52.525092798    0.118326090    0.118326118
   52.544048082    0.118326108    0.118326118
   52.563003366    0.118326129    0.118326119
   52.581958651    0.118326148    0.118326120
   52.600913935    0.118326163    0.118326120
   52.619869219    0.118326170    0.118326121
   52.638824503    0.118326167    0.118326121
   52.657779788    0.118326157    0.118326121
   52.676735072    0.118326140    0.118326121
   52.695690356    0.118326120    0.118326121
   52.714645641    0.118326101    0.118326121
   52.733600925    0.118326087    0.118326121
   52.752556209    0.118326081    0.118326122
   52.771511494    0.118326084    0.118326122
   52.790466778    0.118326096    0.118326122
   52.809422062    0.118326114    0.118326123
   52.828377346    0.118326134    0.118326124
   52.847332631    0.118326153    0.118326124
   52.866287915    0.118326167    0.118326125
   52.885243199    0.118326174    0.118326125
   52.904198484    0.118326171    0.118326126
   52.923153768    0.118326161    0.118326126
   52.942109052    0.118326144    0.118326126
   52.961064337    0.118326124    0.118326126
   52.980019621    0.118326106    0.118326126
   52.998974905    0.118326092    0.118326126
   53.017930189    0.118326087    0.118326126
   53.036885474    0.118326090    0.118326127
   53.055840758    0.118326101    0.118326127
   53.074796042    0.118326119    0.118326128
   53.093751327    0.118326139    0.118326128
   53.112706611    0.118326158    0.118326129
   53.131661895    0.118326171    0.118326129
   53.150617180    0.118326177    0.118326130
   53.169572464    0.118326175    0.118326130
   53.188527748    0.118326164    0.118326130
   53.207483032    0.118326147    0.118326130
   53.226438317    0.118326128    0.118326130
   53.245393601    0.118326110    0.118326130
   53.264348885    0.118326097    0.118326130
   53.283304170    0.118326092    0.118326130
   53.302259454    0.118326095    0.118326131
   53.321214738    0.118326106    0.118326131
   53.340170023    0.118326123    0.118326132
   53.359125307    0.118326143    0.118326132
   53.378080591    0.118326162    0.118326133
   53.397035875    0.118326175    0.118326133
   53.415991160    0.118326181    0.118326134
   53.434946444    0.118326178    0.118326134
   53.453901728    0.118326167    0.118326134
   53.472857013    0.118326151    0.118326134
   53.491812297    0.118326132    0.118326134
   53.510767581    0.118326114    0.118326134
   53.529722866    0.118326101    0.118326134
   53.548678150    0.118326096    0.118326134
   53.567633434    0.118326100    0.118326135
   53.586588718    0.118326111    0.118326135
   53.605544003    0.118326128    0.118326136
   53.624499287    0.118326147    0.118326136
   53.643454571    0.118326165    0.118326137
   53.662409856    0.118326178    0.118326137
   53.681365140    0.118326184    0.118326138
   53.700320424    0.118326181    0.118326138
   53.719275709    0.118326170    0.118326138
   53.738230993    0.118326154    0.118326138
   53.757186277    0.118326135    0.118326138
   53.776141561    0.118326118    0.118326138
   53.795096846    0.118326105    0.118326138
   53.814052130    0.118326100    0.118326138
   53.833007414    0.118326104    0.118326138
   53.851962699    0.118326115    0.118326139
   53.870917983    0.118326132    0.118326139
   53.889873267    0.118326151    0.118326140
   53.908828552    0.118326169    0.118326140
   53.927783836    0.118326182    0.118326141
   53.946739120    0.118326187    0.118326141
   53.965694404    0.118326184    0.118326141
   53.984649689    0.118326173    0.118326141
   54.003604973    0.118326157    0.118326141
   54.022560257    0.118326138    0.118326141
   54.041515542    0.118326121    0.118326141
   54.060470826    0.118326109    0.118326141
   54.079426110    0.118326104    0.118326141
   54.098381395    0.118326108    0.118326142
   54.117336679    0.118326119    0.118326142
   54.136291963    0.118326136    0.118326143
   54.155247247    0.118326155    0.118326143
   54.174202532    0.118326172    0.118326144
   54.193157816    0.118326184    0.118326144
   54.212113100    0.118326190    0.118326144
   54.231068385    0.118326187    0.118326144
   54.250023669    0.118326176    0.118326144
   54.268978953    0.118326160    0.118326144
   54.287934238    0.118326141    0.118326144
   54.306889522    0.118326125    0.118326144
   54.325844806    0.118326113    0.118326144
   54.344800091    0.118326108    0.118326145
   54.363755375    0.118326111    0.118326145
   54.382710659    0.118326122    0.118326145
   54.401665943    0.118326139    0.118326146
   54.420621228    0.118326158    0.118326146
   54.439576512    0.118326175    0.118326147
   54.458531796    0.118326187    0.118326147
   54.477487081    0.118326192    0.118326147
   54.496442365    0.118326189    0.118326147
   54.515397649    0.118326178    0.118326147
   54.534352934    0.118326162    0.118326147
   54.553308218    0.118326144    0.118326147
   54.572263502    0.118326127    0.118326147
   54.591218786    0.118326116    0.118326147
   54.610174071    0.118326111    0.118326147
   54.629129355    0.118326115    0.118326147
   54.648084639    0.118326126    0.118326148
   54.667039924    0.118326142    0.118326148
   54.685995208    0.118326160    0.118326149
   54.704950492    0.118326177    0.118326149
   54.723905777    0.118326189    0.118326149
   54.742861061    0.118326194    0.118326150
   54.761816345    0.118326191    0.118326150
   54.780771629    0.118326180    0.118326150
   54.799726914    0.118326164    0.118326150
   54.818682198    0.118326146    0.118326150
   54.837637482    0.118326130    0.118326150
   54.856592767    0.118326118    0.118326150
   54.875548051    0.118326114    0.118326150
   54.894503335    0.118326117    0.118326150
   54.913458620    0.118326128    0.118326150
   54.932413904    0.118326145    0.118326151
   54.951369188    0.118326163    0.118326151
   54.970324472    0.118326180    0.118326151
   54.989279757    0.118326191    0.118326152
   55.008235041    0.118326196    0.118326152
   55.027190325    0.118326193    0.118326152
   55.046145610    0.118326182    0.118326152
   55.065100894    0.118326166    0.118326152
   55.084056178    0.118326148    0.118326152
   55.103011463    0.118326132    0.118326152
   55.121966747    0.118326121    0.118326152
   55.140922031    0.118326116    0.118326152
   55.159877315    0.118326120    0.118326152
   55.178832600    0.118326131    0.118326152
   55.197787884    0.118326147    0.118326153
   55.216743168    0.118326165    0.118326153
   55.235698453    0.118326182    0.118326153
   55.254653737    0.118326193    0.118326154
   55.273609021    0.118326198    0.118326154
   55.292564306    0.118326194    0.118326154
   55.311519590    0.118326184    0.118326154
   55.330474874    0.118326168    0.118326154
   55.349430158    0.118326150    0.118326154
   55.368385443    0.118326134    0.118326154
   55.387340727    0.118326123    0.118326154
   55.406296011    0.118326118    0.118326154
   55.425251296    0.118326122    0.118326154
   55.444206580    0.118326133    0.118326154
   55.463161864    0.118326149    0.118326154
   55.482117149    0.118326167    0.118326155
   55.501072433    0.118326183    0.118326155
   55.520027717    0.118326195    0.118326155
   55.538983001    0.118326199    0.118326156
   55.557938286    0.118326196    0.118326156
   55.576893570    0.118326185    0.118326156
   55.595848854    0.118326169    0.118326155
   55.614804139    0.118326152    0.118326155
   55.633759423    0.118326135    0.118326155
   55.652714707    0.118326124    0.118326155
   55.671669992    0.118326120    0.118326155
   55.690625276    0.118326124    0.118326155
   55.709580560    0.118326135    0.118326156
   55.728535844    0.118326151    0.118326156
   55.747491129    0.118326168    0.118326156
   55.766446413    0.118326185    0.118326157
   55.785401697    0.118326196    0.118326157
   55.804356982    0.118326200    0.118326157
   55.823312266    0.118326197    0.118326157
   55.842267550    0.118326186    0.118326157
   55.861222835    0.118326170    0.118326157
   55.880178119    0.118326153    0.118326157
   55.899133403    0.118326137    0.118326156
   55.918088687    0.118326126    0.118326156
   55.937043972    0.118326121    0.118326156
   55.955999256    0.118326125    0.118326157
   55.974954540    0.118326136    0.118326157
   55.993909825    0.118326152    0.118326157
   56.012865109    0.118326170    0.118326157
   56.031820393    0.118326186    0.118326158
   56.050775678    0.118326197    0.118326158
   56.069730962    0.118326201    0.118326158
   56.088686246    0.118326198    0.118326158
   56.107641530    0.118326187    0.118326158
   56.126596815    0.118326171    0.118326158
   56.145552099    0.118326154    0.118326158
   56.164507383    0.118326138    0.118326157
   56.183462668    0.118326127    0.118326157
   56.202417952    0.118326123    0.118326157
   56.221373236    0.118326126    0.118326157
   56.240328521    0.118326137    0.118326158
   56.259283805    0.118326153    0.118326158
   56.278239089    0.118326171    0.118326158
   56.297194373    0.118326187    0.118326159
   56.316149658    0.118326198    0.118326159
   56.335104942    0.118326202    0.118326159
   56.354060226    0.118326198    0.118326159
   56.373015511    0.118326187    0.118326159
   56.391970795    0.118326172    0.118326159
   56.410926079    0.118326154    0.118326158
   56.429881364    0.118326138    0.118326158
   56.448836648    0.118326127    0.118326158
   56.467791932    0.118326123    0.118326158
   56.486747216    0.118326127    0.118326158
   56.505702501    0.118326138    0.118326158
   56.524657785    0.118326154    0.118326159
   56.543613069    0.118326171    0.118326159
   56.562568354    0.118326187    0.118326159
   56.581523638    0.118326198    0.118326159
   56.600478922    0.118326202    0.118326159
   56.619434207    0.118326198    0.118326159
   56.638389491    0.118326188    0.118326159
   56.657344775    0.118326172    0.118326159
   56.676300060    0.118326154    0.118326159
   56.695255344    0.118326139    0.118326158
   56.714210628    0.118326128    0.118326158
   56.733165912    0.118326124    0.118326158
   56.752121197    0.118326128    0.118326158
   56.771076481    0.118326138    0.118326159
   56.790031765    0.118326154    0.118326159
   56.808987050    0.118326172    0.118326159
   56.827942334    0.118326188    0.118326159
   56.846897618    0.118326198    0.118326159
