    0.000000000    0.423808966    0.423808923
    0.028459672    0.423808959    0.423808923
    0.056919343    0.423808940    0.423808923
    0.085379015    0.423808917    0.423808923
    0.113838687    0.423808901    0.423808923
    0.142298359    0.423808898    0.423808923
    0.170758030    0.423808910    0.423808923
    0.199217702    0.423808932    0.423808923
    0.227677374    0.423808953    0.423808924
    0.256137046    0.423808966    0.423808924
    0.284596717    0.423808964    0.423808924
    0.313056389    0.423808948    0.423808924
    0.341516061    0.423808925    0.423808923
    0.369975732    0.423808905    0.423808923
    0.398435404    0.423808897    0.423808923
    0.426895076    0.423808904    0.423808923
    0.455354748    0.423808924    0.423808923
    0.483814419    0.423808946    0.423808924
    0.512274091    0.423808963    0.423808924
    0.540733763    0.423808966    0.423808924
    0.569193435    0.423808955    0.423808924
    0.597653106    0.423808933    0.423808923
    0.626112778    0.423808911    0.423808923
    0.654572450    0.423808898    0.423808923
    0.683032121    0.423808900    0.423808922
    0.711491793    0.423808915    0.423808923
    0.739951465    0.423808938    0.423808923
    0.768411137    0.423808958    0.423808923
    0.796870808    0.423808967    0.423808923
    0.825330480    0.423808960    0.423808923
    0.853790152    0.423808941    0.423808923
    0.882249824    0.423808917    0.423808922
    0.910709495    0.423808900    0.423808922
    0.939169167    0.423808896    0.423808921
    0.967628839    0.423808907    0.423808921
    0.996088511    0.423808929    0.423808922
    1.024548182    0.423808951    0.423808922
    1.053007854    0.423808965    0.423808922
    1.081467526    0.423808963    0.423808922
    1.109927197    0.423808947    0.423808921
    1.138386869    0.423808924    0.423808921
    1.166846541    0.423808903    0.423808920
    1.195306213    0.423808893    0.423808920
    1.223765884    0.423808899    0.423808920
    1.252225556    0.423808918    0.423808920
    1.280685228    0.423808942    0.423808920
    1.309144900    0.423808960    0.423808920
    1.337604571    0.423808964    0.423808920
    1.366064243    0.423808953    0.423808920
    1.394523915    0.423808931    0.423808919
    1.422983586    0.423808907    0.423808918
    1.451443258    0.423808892    0.423808918
    1.479902930    0.423808893    0.423808917
    1.508362602    0.423808908    0.423808917
    1.536822273    0.423808932    0.423808918
    1.565281945    0.423808953    0.423808918
    1.593741617    0.423808963    0.423808917
    1.622201289    0.423808956    0.423808917
    1.650660960    0.423808937    0.423808916
    1.679120632    0.423808912    0.423808916
    1.707580304    0.423808893    0.423808915
    1.736039975    0.423808887    0.423808915
    1.764499647    0.423808898    0.423808914
    1.792959319    0.423808920    0.423808914
    1.821418991    0.423808944    0.423808914
    1.849878662    0.423808958    0.423808914
    1.878338334    0.423808958    0.423808914
    1.906798006    0.423808942    0.423808913
    1.935257678    0.423808917    0.423808913
    1.963717349    0.423808894    0.423808912
    1.992177021    0.423808883    0.423808911
    2.020636693    0.423808888    0.423808911
    2.049096364    0.423808908    0.423808911
    2.077556036    0.423808933    0.423808911
    2.106015708    0.423808952    0.423808911
    2.134475380    0.423808957    0.423808910
    2.162935051    0.423808945    0.423808910
    2.191394723    0.423808922    0.423808909
    2.219854395    0.423808896    0.423808908
    2.248314067    0.423808880    0.423808907
    2.276773738    0.423808880    0.423808907
    2.305233410    0.423808895    0.423808906
    2.333693082    0.423808920    0.423808906
    2.362152754    0.423808943    0.423808906
    2.390612425    0.423808954    0.423808906
    2.419072097    0.423808947    0.423808905
    2.447531769    0.423808926    0.423808905
    2.475991440    0.423808899    0.423808904
    2.504451112    0.423808878    0.423808903
    2.532910784    0.423808872    0.423808902
    2.561370456    0.423808883    0.423808902
    2.589830127    0.423808906    0.423808901
    2.618289799    0.423808931    0.423808901
    2.646749471    0.423808948    0.423808901
    2.675209143    0.423808947    0.423808900
    2.703668814    0.423808930    0.423808900
    2.732128486    0.423808903    0.423808899
    2.760588158    0.423808878    0.423808898
    2.789047829    0.423808866    0.423808897
    2.817507501    0.423808871    0.423808896
    2.845967173    0.423808891    0.423808896
    2.874426845    0.423808918    0.423808896
    2.902886516    0.423808939    0.423808895
    2.931346188    0.423808945    0.423808895
    2.959805860    0.423808932    0.423808894
    2.988265532    0.423808907    0.423808893
    3.016725203    0.423808879    0.423808892
    3.045184875    0.423808861    0.423808891
    3.073644547    0.423808860    0.423808890
    3.102104218    0.423808877    0.423808890
    3.130563890    0.423808903    0.423808890
    3.159023562    0.423808928    0.423808889
    3.187483234    0.423808940    0.423808889
    3.215942905    0.423808933    0.423808888
    3.244402577    0.423808910    0.423808887
    3.272862249    0.423808881    0.423808886
    3.301321921    0.423808857    0.423808885
    3.329781592    0.423808850    0.423808884
    3.358241264    0.423808862    0.423808883
    3.386700936    0.423808887    0.423808883
    3.415160607    0.423808915    0.423808882
    3.443620279    0.423808932    0.423808882
    3.472079951    0.423808931    0.423808881
    3.500539623    0.423808912    0.423808880
    3.528999294    0.423808883    0.423808879
    3.557458966    0.423808855    0.423808878
    3.585918638    0.423808842    0.423808876
    3.614378310    0.423808847    0.423808876
    3.642837981    0.423808870    0.423808875
    3.671297653    0.423808899    0.423808875
    3.699757325    0.423808922    0.423808874
    3.728216996    0.423808928    0.423808874
    3.756676668    0.423808914    0.423808873
    3.785136340    0.423808885    0.423808871
    3.813596012    0.423808855    0.423808870
    3.842055683    0.423808835    0.423808869
    3.870515355    0.423808834    0.423808868
    3.898975027    0.423808852    0.423808867
    3.927434699    0.423808882    0.423808867
    3.955894370    0.423808909    0.423808866
    3.984354042    0.423808921    0.423808866
    4.012813714    0.423808913    0.423808865
    4.041273386    0.423808887    0.423808863
    4.069733057    0.423808855    0.423808862
    4.098192729    0.423808829    0.423808860
    4.126652401    0.423808822    0.423808859
    4.155112072    0.423808835    0.423808859
    4.183571744    0.423808863    0.423808858
    4.212031416    0.423808893    0.423808858
    4.240491088    0.423808912    0.423808857
    4.268950759    0.423808910    0.423808856
    4.297410431    0.423808889    0.423808855
    4.325870103    0.423808856    0.423808853
    4.354329775    0.423808826    0.423808852
    4.382789446    0.423808811    0.423808850
    4.411249118    0.423808818    0.423808849
    4.439708790    0.423808843    0.423808849
    4.468168461    0.423808875    0.423808848
    4.496628133    0.423808900    0.423808848
    4.525087805    0.423808905    0.423808847
    4.553547477    0.423808889    0.423808845
    4.582007148    0.423808857    0.423808844
    4.610466820    0.423808823    0.423808842
    4.638926492    0.423808802    0.423808841
    4.667386164    0.423808802    0.423808840
    4.695845835    0.423808823    0.423808839
    4.724305507    0.423808855    0.423808838
    4.752765179    0.423808885    0.423808838
    4.781224850    0.423808897    0.423808837
    4.809684522    0.423808887    0.423808835
    4.838144194    0.423808858    0.423808834
    4.866603866    0.423808822    0.423808832
    4.895063537    0.423808794    0.423808830
    4.923523209    0.423808787    0.423808829
    4.951982881    0.423808802    0.423808828
    4.980442553    0.423808834    0.423808828
    5.008902224    0.423808867    0.423808827
    5.037361896    0.423808886    0.423808826
    5.065821568    0.423808883    0.423808825
    5.094281239    0.423808858    0.423808823
    5.122740911    0.423808822    0.423808821
    5.151200583    0.423808789    0.423808820
    5.179660255    0.423808774    0.423808818
    5.208119926    0.423808782    0.423808817
    5.236579598    0.423808811    0.423808816
    5.265039270    0.423808847    0.423808816
    5.293498942    0.423808873    0.423808815
    5.321958613    0.423808877    0.423808814
    5.350418285    0.423808858    0.423808812
    5.378877957    0.423808822    0.423808810
    5.407337629    0.423808785    0.423808808
    5.435797300    0.423808762    0.423808807
    5.464256972    0.423808763    0.423808805
    5.492716644    0.423808788    0.423808804
    5.521176315    0.423808824    0.423808804
    5.549635987    0.423808856    0.423808803
    5.578095659    0.423808868    0.423808802
    5.606555331    0.423808855    0.423808800
    5.635015002    0.423808822    0.423808798
    5.663474674    0.423808782    0.423808796
    5.691934346    0.423808752    0.423808794
    5.720394018    0.423808746    0.423808793
    5.748853689    0.423808764    0.423808792
    5.777313361    0.423808800    0.423808791
    5.805773033    0.423808836    0.423808790
    5.834232704    0.423808856    0.423808789
    5.862692376    0.423808851    0.423808788
    5.891152048    0.423808821    0.423808786
    5.919611720    0.423808780    0.423808784
    5.948071391    0.423808744    0.423808782
    5.976531063    0.423808729    0.423808780
    6.004990735    0.423808741    0.423808779
    6.033450407    0.423808774    0.423808778
    6.061910078    0.423808813    0.423808777
    6.090369750    0.423808841    0.423808776
    6.118829422    0.423808844    0.423808774
    6.147289093    0.423808820    0.423808773
    6.175748765    0.423808779    0.423808770
    6.204208437    0.423808738    0.423808768
    6.232668109    0.423808715    0.423808766
    6.261127780    0.423808719    0.423808765
    6.289587452    0.423808748    0.423808764
    6.318047124    0.423808788    0.423808763
    6.346506796    0.423808822    0.423808762
    6.374966467    0.423808834    0.423808761
    6.403426139    0.423808817    0.423808759
    6.431885811    0.423808778    0.423808757
    6.460345482    0.423808734    0.423808754
    6.488805154    0.423808703    0.423808752
    6.517264826    0.423808698    0.423808750
    6.545724498    0.423808721    0.423808749
    6.574184169    0.423808761    0.423808748
    6.602643841    0.423808800    0.423808747
    6.631103513    0.423808820    0.423808746
    6.659563185    0.423808812    0.423808744
    6.688022856    0.423808777    0.423808742
    6.716482528    0.423808731    0.423808740
    6.744942200    0.423808693    0.423808737
    6.773401871    0.423808679    0.423808735
    6.801861543    0.423808694    0.423808734
    6.830321215    0.423808732    0.423808733
    6.858780887    0.423808775    0.423808732
    6.887240558    0.423808804    0.423808731
    6.915700230    0.423808804    0.423808729
    6.944159902    0.423808775    0.423808727
    6.972619574    0.423808729    0.423808724
    7.001079245    0.423808685    0.423808722
    7.029538917    0.423808661    0.423808720
    7.057998589    0.423808669    0.423808718
    7.086458261    0.423808702    0.423808717
    7.114917932    0.423808748    0.423808716
    7.143377604    0.423808783    0.423808715
    7.171837276    0.423808793    0.423808713
    7.200296947    0.423808772    0.423808711
    7.228756619    0.423808727    0.423808709
    7.257216291    0.423808679    0.423808706
    7.285675963    0.423808646    0.423808703
    7.314135634    0.423808644    0.423808701
    7.342595306    0.423808672    0.423808700
    7.371054978    0.423808717    0.423808699
    7.399514650    0.423808760    0.423808698
    7.427974321    0.423808779    0.423808697
    7.456433993    0.423808766    0.423808694
    7.484893665    0.423808725    0.423808692
    7.513353336    0.423808674    0.423808689
    7.541813008    0.423808634    0.423808687
    7.570272680    0.423808621    0.423808684
    7.598732352    0.423808642    0.423808683
    7.627192023    0.423808685    0.423808682
    7.655651695    0.423808732    0.423808681
    7.684111367    0.423808761    0.423808679
    7.712571039    0.423808758    0.423808677
    7.741030710    0.423808723    0.423808675
    7.769490382    0.423808671    0.423808672
    7.797950054    0.423808623    0.423808669
    7.826409725    0.423808601    0.423808667
    7.854869397    0.423808612    0.423808665
    7.883329069    0.423808652    0.423808663
    7.911788741    0.423808702    0.423808662
    7.940248412    0.423808739    0.423808661
    7.968708084    0.423808746    0.423808659
    7.997167756    0.423808719    0.423808657
    8.025627428    0.423808668    0.423808654
    8.054087099    0.423808615    0.423808651
    8.082546771    0.423808582    0.423808648
    8.111006443    0.423808584    0.423808646
    8.139466114    0.423808618    0.423808645
    8.167925786    0.423808669    0.423808643
    8.196385458    0.423808714    0.423808642
    8.224845130    0.423808732    0.423808641
    8.253304801    0.423808713    0.423808638
    8.281764473    0.423808666    0.423808635
    8.310224145    0.423808609    0.423808632
    8.338683817    0.423808567    0.423808629
    8.367143488    0.423808557    0.423808627
    8.395603160    0.423808583    0.423808625
    8.424062832    0.423808634    0.423808624
    8.452522504    0.423808685    0.423808623
    8.480982175    0.423808713    0.423808621
    8.509441847    0.423808705    0.423808619
    8.537901519    0.423808663    0.423808616
    8.566361190    0.423808604    0.423808613
    8.594820862    0.423808554    0.423808610
    8.623280534    0.423808532    0.423808607
    8.651740206    0.423808550    0.423808605
    8.680199877    0.423808597    0.423808603
    8.708659549    0.423808652    0.423808602
    8.737119221    0.423808690    0.423808601
    8.765578893    0.423808693    0.423808599
    8.794038564    0.423808659    0.423808596
    8.822498236    0.423808601    0.423808593
    8.850957908    0.423808543    0.423808589
    8.879417579    0.423808511    0.423808586
    8.907877251    0.423808517    0.423808584
    8.936336923    0.423808558    0.423808582
    8.964796595    0.423808616    0.423808581
    8.993256266    0.423808663    0.423808580
    9.021715938    0.423808678    0.423808578
    9.050175610    0.423808653    0.423808575
    9.078635282    0.423808598    0.423808572
    9.107094953    0.423808535    0.423808568
    9.135554625    0.423808492    0.423808565
    9.164014297    0.423808486    0.423808562
    9.192473968    0.423808520    0.423808561
    9.220933640    0.423808577    0.423808559
    9.249393312    0.423808632    0.423808558
    9.277852984    0.423808659    0.423808556
    9.306312655    0.423808645    0.423808553
    9.334772327    0.423808594    0.423808550
    9.363231999    0.423808529    0.423808547
    9.391691671    0.423808475    0.423808543
    9.420151342    0.423808457    0.423808540
    9.448611014    0.423808481    0.423808538
    9.477070686    0.423808536    0.423808537
    9.505530357    0.423808597    0.423808535
    9.533990029    0.423808635    0.423808533
    9.562449701    0.423808633    0.423808531
    9.590909373    0.423808590    0.423808528
    9.619369044    0.423808524    0.423808524
    9.647828716    0.423808462    0.423808520
    9.676288388    0.423808431    0.423808517
    9.704748060    0.423808444    0.423808515
    9.733207731    0.423808493    0.423808513
    9.761667403    0.423808558    0.423808512
    9.790127075    0.423808607    0.423808510
    9.818586746    0.423808618    0.423808508
    9.847046418    0.423808585    0.423808505
    9.875506090    0.423808521    0.423808501
    9.903965762    0.423808452    0.423808497
    9.932425433    0.423808408    0.423808494
    9.960885105    0.423808408    0.423808491
    9.989344777    0.423808450    0.423808489
   10.017804449    0.423808515    0.423808487
   10.046264120    0.423808574    0.423808486
   10.074723792    0.423808598    0.423808484
   10.103183464    0.423808577    0.423808481
   10.131643136    0.423808517    0.423808477
   10.160102807    0.423808444    0.423808473
   10.188562479    0.423808389    0.423808469
   10.217022151    0.423808375    0.423808466
   10.245481822    0.423808407    0.423808464
   10.273941494    0.423808470    0.423808462
   10.302401166    0.423808536    0.423808461
   10.330860838    0.423808574    0.423808459
   10.359320509    0.423808566    0.423808456
   10.387780181    0.423808513    0.423808452
   10.416239853    0.423808438    0.423808448
   10.444699525    0.423808373    0.423808444
   10.473159196    0.423808344    0.423808441
   10.501618868    0.423808364    0.423808438
   10.530078540    0.423808423    0.423808436
   10.558538211    0.423808495    0.423808435
   10.586997883    0.423808545    0.423808433
   10.615457555    0.423808551    0.423808430
   10.643917227    0.423808508    0.423808427
   10.672376898    0.423808434    0.423808423
   10.700836570    0.423808360    0.423808418
   10.729296242    0.423808317    0.423808415
   10.757755914    0.423808323    0.423808412
   10.786215585    0.423808375    0.423808410
   10.814675257    0.423808449    0.423808408
   10.843134929    0.423808510    0.423808406
   10.871594600    0.423808531    0.423808404
   10.900054272    0.423808501    0.423808400
   10.928513944    0.423808430    0.423808396
   10.956973616    0.423808350    0.423808392
   10.985433287    0.423808293    0.423808388
   11.013892959    0.423808284    0.423808384
   11.042352631    0.423808326    0.423808382
   11.070812303    0.423808400    0.423808380
   11.099271974    0.423808471    0.423808379
   11.127731646    0.423808507    0.423808376
   11.156191318    0.423808490    0.423808373
   11.184650989    0.423808427    0.423808369
   11.213110661    0.423808342    0.423808364
   11.241570333    0.423808273    0.423808360
   11.270030005    0.423808248    0.423808356
   11.298489676    0.423808278    0.423808353
   11.326949348    0.423808348    0.423808351
   11.355409020    0.423808426    0.423808350
   11.383868692    0.423808477    0.423808348
   11.412328363    0.423808476    0.423808345
   11.440788035    0.423808422    0.423808340
   11.469247707    0.423808337    0.423808336
   11.497707379    0.423808257    0.423808331
   11.526167050    0.423808216    0.423808327
   11.554626722    0.423808231    0.423808324
   11.583086394    0.423808294    0.423808322
   11.611546065    0.423808377    0.423808320
   11.640005737    0.423808441    0.423808318
   11.668465409    0.423808457    0.423808315
   11.696925081    0.423808415    0.423808311
   11.725384752    0.423808333    0.423808306
   11.753844424    0.423808244    0.423808301
   11.782304096    0.423808187    0.423808297
   11.810763768    0.423808186    0.423808293
   11.839223439    0.423808240    0.423808291
   11.867683111    0.423808324    0.423808289
   11.896142783    0.423808400    0.423808287
   11.924602454    0.423808433    0.423808284
   11.953062126    0.423808406    0.423808280
   11.981521798    0.423808329    0.423808276
   12.009981470    0.423808235    0.423808270
   12.038441141    0.423808163    0.423808265
   12.066900813    0.423808144    0.423808261
   12.095360485    0.423808185    0.423808258
   12.123820157    0.423808267    0.423808256
   12.152279828    0.423808353    0.423808254
   12.180739500    0.423808402    0.423808252
   12.209199172    0.423808392    0.423808248
   12.237658843    0.423808325    0.423808243
   12.266118515    0.423808228    0.423808238
   12.294578187    0.423808143    0.423808233
   12.323037859    0.423808105    0.423808228
   12.351497530    0.423808131    0.423808225
   12.379957202    0.423808207    0.423808222
   12.408416874    0.423808300    0.423808220
   12.436876546    0.423808366    0.423808218
   12.465336217    0.423808374    0.423808214
   12.493795889    0.423808319    0.423808209
   12.522255561    0.423808224    0.423808204
   12.550715232    0.423808127    0.423808198
   12.579174904    0.423808071    0.423808193
   12.607634576    0.423808079    0.423808189
   12.636094248    0.423808146    0.423808186
   12.664553919    0.423808242    0.423808184
   12.693013591    0.423808322    0.423808182
   12.721473263    0.423808350    0.423808178
   12.749932935    0.423808311    0.423808173
   12.778392606    0.423808220    0.423808168
   12.806852278    0.423808115    0.423808162
   12.835311950    0.423808041    0.423808156
   12.863771622    0.423808029    0.423808151
   12.892231293    0.423808084    0.423808148
   12.920690965    0.423808179    0.423808145
   12.949150637    0.423808272    0.423808143
   12.977610308    0.423808320    0.423808139
   13.006069980    0.423808298    0.423808135
   13.034529652    0.423808216    0.423808129
   13.062989324    0.423808106    0.423808122
   13.091448995    0.423808016    0.423808116
   13.119908667    0.423807983    0.423808111
   13.148368339    0.423808022    0.423808107
   13.176828011    0.423808113    0.423808104
   13.205287682    0.423808215    0.423808101
   13.233747354    0.423808282    0.423808097
   13.262207026    0.423808281    0.423808093
   13.290666697    0.423808210    0.423808087
   13.319126369    0.423808100    0.423808080
   13.347586041    0.423807995    0.423808072
   13.376045713    0.423807941    0.423808066
   13.404505384    0.423807961    0.423808061
   13.432965056    0.423808044    0.423808058
   13.461424728    0.423808152    0.423808054
   13.489884400    0.423808236    0.423808051
   13.518344071    0.423808257    0.423808046
   13.546803743    0.423808202    0.423808039
   13.575263415    0.423808094    0.423808032
   13.603723086    0.423807978    0.423808024
   13.632182758    0.423807904    0.423808017
   13.660642430    0.423807902    0.423808011
   13.689102102    0.423807972    0.423808006
   13.717561773    0.423808082    0.423808002
   13.746021445    0.423808182    0.423807998
   13.774481117    0.423808225    0.423807992
   13.802940789    0.423808190    0.423807986
   13.831400460    0.423808089    0.423807977
   13.859860132    0.423807965    0.423807968
   13.888319804    0.423807870    0.423807960
   13.916779475    0.423807845    0.423807952
   13.945239147    0.423807899    0.423807946
   13.973698819    0.423808007    0.423807941
   14.002158491    0.423808119    0.423807936
   14.030618162    0.423808185    0.423807930
   14.059077834    0.423808171    0.423807923
   14.087537506    0.423808082    0.423807913
   14.115997178    0.423807954    0.423807903
   14.144456849    0.423807841    0.423807893
   14.172916521    0.423807792    0.423807884
   14.201376193    0.423807825    0.423807876
   14.229835864    0.423807926    0.423807869
   14.258295536    0.423808047    0.423807862
   14.286755208    0.423808134    0.423807855
   14.315214880    0.423808144    0.423807847
   14.343674551    0.423808071    0.423807836
   14.372134223    0.423807943    0.423807824
   14.400593895    0.423807815    0.423807811
   14.429053567    0.423807740    0.423807800
   14.457513238    0.423807750    0.423807789
   14.485972910    0.423807838    0.423807780
   14.514432582    0.423807965    0.423807771
   14.542892254    0.423808070    0.423807762
   14.571351925    0.423808106    0.423807752
   14.599811597    0.423808053    0.423807739
   14.628271269    0.423807930    0.423807724
   14.656730940    0.423807790    0.423807709
   14.685190612    0.423807691    0.423807694
   14.713650284    0.423807674    0.423807680
   14.742109956    0.423807746    0.423807667
   14.770569627    0.423807872    0.423807655
   14.799029299    0.423807994    0.423807643
   14.827488971    0.423808055    0.423807629
   14.855948643    0.423808025    0.423807614
   14.884408314    0.423807913    0.423807595
   14.912867986    0.423807765    0.423807576
   14.941327658    0.423807643    0.423807556
   14.969787329    0.423807598    0.423807537
   14.998247001    0.423807648    0.423807520
   15.026706673    0.423807768    0.423807503
   15.055166345    0.423807903    0.423807486
   15.083626016    0.423807989    0.423807468
   15.112085688    0.423807985    0.423807447
   15.140545360    0.423807888    0.423807423
   15.169005032    0.423807736    0.423807398
   15.197464703    0.423807593    0.423807372
   15.225924375    0.423807519    0.423807346
   15.254384047    0.423807542    0.423807321
   15.282843718    0.423807651    0.423807297
   15.311303390    0.423807793    0.423807273
   15.339763062    0.423807903    0.423807247
   15.368222734    0.423807926    0.423807219
   15.396682405    0.423807849    0.423807188
   15.425142077    0.423807699    0.423807154
   15.453601749    0.423807539    0.423807118
   15.482061421    0.423807433    0.423807082
   15.510521092    0.423807427    0.423807046
   15.538980764    0.423807517    0.423807012
   15.567440436    0.423807661    0.423806977
   15.595900107    0.423807791    0.423806940
   15.624359779    0.423807844    0.423806901
   15.652819451    0.423807790    0.423806857
   15.681279123    0.423807647    0.423806811
   15.709738794    0.423807472    0.423806761
   15.738198466    0.423807337    0.423806710
   15.766658138    0.423807296    0.423806659
   15.795117810    0.423807362    0.423806608
   15.823577481    0.423807501    0.423806556
   15.852037153    0.423807646    0.423806503
   15.880496825    0.423807727    0.423806446
   15.908956497    0.423807700    0.423806384
   15.937416168    0.423807569    0.423806318
   15.965875840    0.423807384    0.423806248
   15.994335512    0.423807220    0.423806175
   16.022795183    0.423807142    0.423806101
   16.051254855    0.423807177    0.423806026
   16.079714527    0.423807304    0.423805949
   16.108174199    0.423807458    0.423805870
   16.136633870    0.423807564    0.423805787
   16.165093542    0.423807566    0.423805698
   16.193553214    0.423807452    0.423805603
   16.222012886    0.423807262    0.423805502
   16.250472557    0.423807071    0.423805397
   16.278932229    0.423806953    0.423805289
   16.307391901    0.423806950    0.423805178
   16.335851572    0.423807056    0.423805064
   16.364311244    0.423807212    0.423804947
   16.392770916    0.423807340    0.423804824
   16.421230588    0.423807370    0.423804694
   16.449690259    0.423807276    0.423804556
   16.478149931    0.423807086    0.423804410
   16.506609603    0.423806869    0.423804256
   16.535069275    0.423806709    0.423804096
   16.563528946    0.423806662    0.423803932
   16.591988618    0.423806736    0.423803763
   16.620448290    0.423806885    0.423803589
   16.648907961    0.423807028    0.423803406
   16.677367633    0.423807085    0.423803214
   16.705827305    0.423807013    0.423803010
   16.734286977    0.423806826    0.423802795
   16.762746648    0.423806586    0.423802569
   16.791206320    0.423806381    0.423802333
   16.819665992    0.423806282    0.423802089
   16.848125664    0.423806314    0.423801836
   16.876585335    0.423806444    0.423801575
   16.905045007    0.423806592    0.423801302
   16.933504679    0.423806671    0.423801015
   16.961964350    0.423806622    0.423800713
   16.990424022    0.423806439    0.423800394
   17.018883694    0.423806177    0.423800059
   17.047343366    0.423805924    0.423799708
   17.075803037    0.423805765    0.423799343
   17.104262709    0.423805743    0.423798965
   17.132722381    0.423805838    0.423798571
   17.161182053    0.423805979    0.423798161
   17.189641724    0.423806072    0.423797731
   17.218101396    0.423806040    0.423797279
   17.246561068    0.423805862    0.423796803
   17.275020739    0.423805577    0.423796303
   17.303480411    0.423805272    0.423795778
   17.331940083    0.423805043    0.423795231
   17.360399755    0.423804950    0.423794661
   17.388859426    0.423804992    0.423794068
   17.417319098    0.423805108    0.423793449
   17.445778770    0.423805200    0.423792801
   17.474238442    0.423805177    0.423792120
   17.502698113    0.423804998    0.423791405
   17.531157785    0.423804685    0.423790653
   17.559617457    0.423804321    0.423789864
   17.588077129    0.423804008    0.423789040
   17.616536800    0.423803824    0.423788179
   17.644996472    0.423803790    0.423787282
   17.673456144    0.423803857    0.423786344
   17.701915815    0.423803927    0.423785364
   17.730375487    0.423803897    0.423784335
   17.758835159    0.423803706    0.423783255
   17.787294831    0.423803356    0.423782119
   17.815754502    0.423802920    0.423780928
   17.844214174    0.423802504    0.423779681
   17.872673846    0.423802204    0.423778376
   17.901133518    0.423802062    0.423777014
   17.929593189    0.423802046    0.423775591
   17.958052861    0.423802062    0.423774101
   17.986512533    0.423801999    0.423772539
   18.014972204    0.423801771    0.423770899
   18.043431876    0.423801360    0.423769177
   18.071891548    0.423800825    0.423767369
   18.100351220    0.423800271    0.423765474
   18.128810891    0.423799810    0.423763491
   18.157270563    0.423799507    0.423761417
   18.185730235    0.423799352    0.423759247
   18.214189907    0.423799261    0.423756975
   18.242649578    0.423799115    0.423754594
   18.271109250    0.423798812    0.423752095
   18.299568922    0.423798308    0.423749472
   18.328028593    0.423797642    0.423746718
   18.356488265    0.423796916    0.423743830
   18.384947937    0.423796251    0.423740804
   18.413407609    0.423795736    0.423737635
   18.441867280    0.423795384    0.423734317
   18.470326952    0.423795125    0.423730843
   18.498786624    0.423794839    0.423727200
   18.527246296    0.423794404    0.423723379
   18.555705967    0.423793752    0.423719367
   18.584165639    0.423792897    0.423715155
   18.612625311    0.423791933    0.423710735
   18.641084982    0.423790989    0.423706101
   18.669544654    0.423790175    0.423701244
   18.698004326    0.423789529    0.423696156
   18.726463998    0.423789003    0.423690823
   18.754923669    0.423788477    0.423685231
   18.783383341    0.423787814    0.423679364
   18.811843013    0.423786918    0.423673204
   18.840302685    0.423785779    0.423666737
   18.868762356    0.423784473    0.423659948
   18.897222028    0.423783134    0.423652825
   18.925681700    0.423781890    0.423645355
   18.954141372    0.423780810    0.423637523
   18.982601043    0.423779867    0.423629310
   19.011060715    0.423778950    0.423620695
   19.039520387    0.423777910    0.423611654
   19.067980058    0.423776624    0.423602162
   19.096439730    0.423775049    0.423592194
   19.124899402    0.423773243    0.423581726
   19.153359074    0.423771335    0.423570738
   19.181818745    0.423769472    0.423559206
   19.210278417    0.423767750    0.423547108
   19.238738089    0.423766171    0.423534414
   19.267197761    0.423764637    0.423521094
   19.295657432    0.423762991    0.423507110
   19.324117104    0.423761084    0.423492425
   19.352576776    0.423758839    0.423476999
   19.381036447    0.423756285    0.423460795
   19.409496119    0.423753541    0.423443776
   19.437955791    0.423750768    0.423425905
   19.466415463    0.423748090    0.423407142
   19.494875134    0.423745541    0.423387446
   19.523334806    0.423743043    0.423366766
   19.551794478    0.423740435    0.423345047
   19.580254150    0.423737545    0.423322231
   19.608713821    0.423734257    0.423298257
   19.637173493    0.423730565    0.423273063
   19.665633165    0.423726571    0.423246588
   19.694092836    0.423722443    0.423218772
   19.722552508    0.423718332    0.423189550
   19.751012180    0.423714307    0.423158855
   19.779471852    0.423710316    0.423126609
   19.807931523    0.423706202    0.423092729
   19.836391195    0.423701769    0.423057121
   19.864850867    0.423696862    0.423019690
   19.893310539    0.423691432    0.422980337
   19.921770210    0.423685555    0.422938961
   19.950229882    0.423679395    0.422895463
   19.978689554    0.423673130    0.422849739
   20.007149225    0.423666864    0.422801677
   20.035608897    0.423660576    0.422751158
   20.064068569    0.423654120    0.422698047
   20.092528241    0.423647279    0.422642201
   20.120987912    0.423639856    0.422583464
   20.149447584    0.423631751    0.422521678
   20.177907256    0.423623002    0.422456680
   20.206366928    0.423613763    0.422388303
   20.234826599    0.423604226    0.422316379
   20.263286271    0.423594534    0.422240728
   20.291745943    0.423584702    0.422161155
   20.320205614    0.423574601    0.422077449
   20.348665286    0.423563998    0.421989380
   20.377124958    0.423552653    0.421896700
   20.405584630    0.423540405    0.421799151
   20.434044301    0.423527242    0.421696466
   20.462503973    0.423513291    0.421588372
   20.490963645    0.423498755    0.421474591
   20.519423317    0.423483811    0.421354832
   20.547882988    0.423468514    0.421228781
   20.576342660    0.423452757    0.421096098
   20.604802332    0.423436299    0.420956412
   20.633262004    0.423418849    0.420809324
   20.661721675    0.423400180    0.420654409
   20.690181347    0.423380211    0.420491229
   20.718641019    0.423359026    0.420319336
   20.747100690    0.423336822    0.420138274
   20.775560362    0.423313804    0.419947569
   20.804020034    0.423290067    0.419746719
   20.832479706    0.423265532    0.419535175
   20.860939377    0.423239951    0.419312333
   20.889399049    0.423212983    0.419077534
   20.917858721    0.423184318    0.418830075
   20.946318393    0.423153785    0.418569231
   20.974778064    0.423121403    0.418294284
   21.003237736    0.423087342    0.418004532
   21.031697408    0.423051822    0.417699295
   21.060157079    0.423014977    0.417377880
   21.088616751    0.422976761    0.417039529
   21.117076423    0.422936918    0.416683349
   21.145536095    0.422895053    0.416308237
   21.173995766    0.422850758    0.415912835
   21.202455438    0.422803748    0.415495514
   21.230915110    0.422753942    0.415054420
   21.259374782    0.422701455    0.414587565
   21.287834453    0.422646501    0.414092973
   21.316294125    0.422589245    0.413568836
   21.344753797    0.422529668    0.413013676
   21.373213468    0.422467509    0.412426472
   21.401673140    0.422402307    0.411806739
   21.430132812    0.422333534    0.411154545
   21.458592484    0.422260748    0.410470480
   21.487052155    0.422183724    0.409755580
   21.515511827    0.422102476    0.409011226
   21.543971499    0.422017177    0.408239052
   21.572431171    0.421927996    0.407440852
   21.600890842    0.421834933    0.406618521
   21.629350514    0.421737712    0.405774004
   21.657810186    0.421635788    0.404909266
   21.686269857    0.421528471    0.404026263
   21.714729529    0.421415115    0.403126911
   21.743189201    0.421295279    0.402213051
   21.771648873    0.421168808    0.401286410
   21.800108544    0.421035777    0.400348563
   21.828568216    0.420896323    0.399400899
   21.857027888    0.420750440    0.398444594
   21.885487560    0.420597816    0.397480588
   21.913947231    0.420437793    0.396509550
   21.942406903    0.420269470    0.395531837
   21.970866575    0.420091907    0.394547424
   21.999326247    0.419904352    0.393555817
   22.027785918    0.419706375    0.392555952
   22.056245590    0.419497857    0.391546092
   22.084705262    0.419278836    0.390523752
   22.113164933    0.419049249    0.389485662
   22.141624605    0.418808706    0.388427797
   22.170084277    0.418556377    0.387345459
   22.198543949    0.418291056    0.386233418
   22.227003620    0.418011382    0.385086089
   22.255463292    0.417716121    0.383897714
   22.283922964    0.417404394    0.382662528
   22.312382636    0.417075732    0.381374886
   22.340842307    0.416729943    0.380029351
   22.369301979    0.416366819    0.378620723
   22.397761651    0.415985811    0.377144047
   22.426221322    0.415585822    0.375594596
   22.454680994    0.415165192    0.373967854
   22.483140666    0.414721925    0.372259514
   22.511600338    0.414254042    0.370465484
   22.540060009    0.413759929    0.368581913
   22.568519681    0.413238507    0.366605214
   22.596979353    0.412689151    0.364532097
   22.625439025    0.412111361    0.362359582
   22.653898696    0.411504317    0.360085019
   22.682358368    0.410866502    0.357706100
   22.710818040    0.410195571    0.355220884
   22.739277711    0.409488542    0.352627838
   22.767737383    0.408742236    0.349925892
   22.796197055    0.407953809    0.347114515
   22.824656727    0.407121123    0.344193789
   22.853116398    0.406242782    0.341164488
   22.881576070    0.405317780    0.338028120
   22.910035742    0.404344872    0.334786954
   22.938495414    0.403321924    0.331443996
   22.966955085    0.402245524    0.328002950
   22.995414757    0.401111064    0.324468142
   23.023874429    0.399913303    0.320844446
   23.052334100    0.398647217    0.317137199
   23.080793772    0.397308780    0.313352134
   23.109253444    0.395895311    0.309495324
   23.137713116    0.394405150    0.305573121
   23.166172787    0.392836701    0.301592123
   23.194632459    0.391187174    0.297559113
   23.223092131    0.389451534    0.293481017
   23.251551803    0.387622195    0.289364841
   23.280011474    0.385689761    0.285217611
   23.308471146    0.383644720    0.281046316
   23.336930818    0.381479580    0.276857852
   23.365390489    0.379190621    0.272658971
   23.393850161    0.376778377    0.268456236
   23.422309833    0.374246273    0.264255968
   23.450769505    0.371597380    0.260064187
   23.479229176    0.368829952    0.255886554
   23.507688848    0.365932982    0.251728283
   23.536148520    0.362883285    0.247594076
   23.564608192    0.359645430    0.243488046
   23.593067863    0.356175238    0.239413673
   23.621527535    0.352426628    0.235373779
   23.649987207    0.348360644    0.231370546
   23.678446879    0.343954781    0.227405560
   23.706906550    0.339210487    0.223479880
   23.735366222    0.334157039    0.219594117
   23.763825894    0.328850816    0.215748509
   23.792285565    0.323370075    0.211942974
   23.820745237    0.317806399    0.208177148
   23.849204909    0.312254701    0.204450386
   23.877664581    0.306803887    0.200761751
   23.906124252    0.301529910    0.197109992
   23.934583924    0.296492161    0.193493521
   23.963043596    0.291733221    0.189910404
   23.991503268    0.287281108    0.186358364
   24.019962939    0.283152712    0.182834802
   24.048422611    0.279357079    0.179336821
   24.076882283    0.275897582    0.175861265
   24.105341954    0.272772661    0.172404748
   24.133801626    0.269975445    0.168963675
   24.162261298    0.267492933    0.165534268
   24.190720970    0.265305469    0.162112584
   24.219180641    0.263386954    0.158694534
   24.247640313    0.261705712    0.155275910
   24.276099985    0.260225476    0.151852421
   24.304559657    0.258905719    0.148419727
   24.333019328    0.257700633    0.144973486
   24.361479000    0.256556574    0.141509379
   24.389938672    0.255408387    0.138023143
   24.418398343    0.254175702    0.134510579
   24.446858015    0.252760629    0.130967561
   24.475317687    0.251048191    0.127390036
   24.503777359    0.248910308    0.123774019
   24.532237030    0.246213251    0.120115606
   24.560696702    0.242827539    0.116410989
   24.589156374    0.238638491    0.112656477
   24.617616046    0.233555345    0.108848530
   24.646075717    0.227517110    0.104983794
   24.674535389    0.220494060    0.101059128
   24.702995061    0.212484842    0.097071628
   24.731454732    0.203510184    0.093018652
   24.759914404    0.193604911    0.088897827
   24.788374076    0.182810216    0.084707064
   24.816833748    0.171167828    0.080444572
   24.845293419    0.158716951    0.076108871
   24.873753091    0.145494007    0.071698803
   24.902212763    0.131534387    0.067213552
   24.930672435    0.116875019    0.062652645
   24.959132106    0.101556562    0.058015963
   24.987591778    0.085624457    0.053303730
   25.016051450    0.069128721    0.048516508
   25.044511122    0.052122954    0.043655190
   25.072970793    0.034663418    0.038720988
   25.101430465    0.016809019    0.033715432
   25.129890137   -0.001377337    0.028640369
   25.158349808   -0.019826140    0.023497960
   25.186809480   -0.038458120    0.018290682
   25.215269152   -0.057181598    0.013021317
   25.243728824   -0.075891415    0.007692945
   25.272188495   -0.094470133    0.002308918
   25.300648167   -0.112791585   -0.003127152
   25.329107839   -0.130726195   -0.008611415
   25.357567511   -0.148146991   -0.014139799
   25.386027182   -0.164935083   -0.019708013
   25.414486854   -0.180983570   -0.025311561
   25.442946526   -0.196199356   -0.030945743
   25.471406197   -0.210502987   -0.036605669
   25.499865869   -0.223827112   -0.042286278
   25.528325541   -0.236114487   -0.047982364
   25.556785213   -0.247316358   -0.053688606
   25.585244884   -0.257391762   -0.059399597
   25.613704556   -0.266307803   -0.065109863
   25.642164228   -0.274040562   -0.070813881
   25.670623900   -0.280576066   -0.076506083
   25.699083571   -0.285910797   -0.082180858
   25.727543243   -0.290051500   -0.087832562
   25.756002915   -0.293014396   -0.093455536
   25.784462586   -0.294824259   -0.099044137
   25.812922258   -0.295513912   -0.104592787
   25.841381930   -0.295124562   -0.110096015
   25.869841602   -0.293707044   -0.115548499
   25.898301273   -0.291323573   -0.120945081
   25.926760945   -0.288049283   -0.126280757
   25.955220617   -0.283972656   -0.131550635
   25.983680289   -0.279194156   -0.136749879
   26.012139960   -0.273822814   -0.141873650
   26.040599632   -0.267971112   -0.146917073
   26.069059304   -0.261749055   -0.151875236
   26.097518975   -0.255258625   -0.156743251
   26.125978647   -0.248589802   -0.161516366
   26.154438319   -0.241818963   -0.166190113
   26.182897991   -0.235009863   -0.170760480
   26.211357662   -0.228216768   -0.175224080
   26.239817334   -0.221488754   -0.179578278
   26.268277006   -0.214874001   -0.183821278
   26.296736678   -0.208423005   -0.187952143
   26.325196349   -0.202190042   -0.191970769
   26.353656021   -0.196232792   -0.195877818
   26.382115693   -0.190610528   -0.199674622
   26.410575364   -0.185381630   -0.203363087
   26.439035036   -0.180601257   -0.206945612
   26.467494708   -0.176319784   -0.210425012
   26.495954380   -0.172582260   -0.213804467
   26.524414051   -0.169428737   -0.217087478
   26.552873723   -0.166895030   -0.220277828
   26.581333395   -0.165013386   -0.223379540
   26.609793067   -0.163812643   -0.226396834
   26.638252738   -0.163317768   -0.229334074
   26.666712410   -0.163548913   -0.232195712
   26.695172082   -0.164520405   -0.234986238
   26.723631754   -0.166240102   -0.237710121
   26.752091425   -0.168709473   -0.240371757
   26.780551097   -0.171924464   -0.242975400
   26.809010769   -0.175876973   -0.245525094
   26.837470440   -0.180556519   -0.248024585
   26.865930112   -0.185951627   -0.250477212
   26.894389784   -0.192050531   -0.252885808
   26.922849456   -0.198841044   -0.255252593
   26.951309127   -0.206309674   -0.257579092
   26.979768799   -0.214440309   -0.259866096
   27.008228471   -0.223212894   -0.262113663
   27.036688143   -0.232602471   -0.264321178
   27.065147814   -0.242578806   -0.266487459
   27.093607486   -0.253106625   -0.268610894
   27.122067158   -0.264146273   -0.270689591
   27.150526829   -0.275654543   -0.272721520
   27.178986501   -0.287585401   -0.274704625
   27.207446173   -0.299890469   -0.276636897
   27.235905845   -0.312519245   -0.278516409
   27.264365516   -0.325419172   -0.280341317
   27.292825188   -0.338535749   -0.282109837
   27.321284860   -0.351812806   -0.283820225
   27.349744532   -0.365193021   -0.285470759
   27.378204203   -0.378618597   -0.287059737
   27.406663875   -0.392031977   -0.288585491
   27.435123547   -0.405376416   -0.290046408
   27.463583218   -0.418596301   -0.291440958
   27.492042890   -0.431637198   -0.292767715
   27.520502562   -0.444445715   -0.294025371
   27.548962234   -0.456969329   -0.295212755
   27.577421905   -0.469156339   -0.296328849
   27.605881577   -0.480956028   -0.297372818
   27.634341249   -0.492319044   -0.298344055
   27.662800921   -0.503197898   -0.299242248
   27.691260592   -0.513547436   -0.300067444
   27.719720264   -0.523325150   -0.300820120
   27.748179936   -0.532491278   -0.301501234
   27.776639607   -0.541008703   -0.302112249
   27.805099279   -0.548842772   -0.302655117
   27.833558951   -0.555961182   -0.303132235
   27.862018623   -0.562334020   -0.303546378
   27.890478294   -0.567934014   -0.303900614
   27.918937966   -0.572736926   -0.304198224
   27.947397638   -0.576721969   -0.304442635
   27.975857310   -0.579872114   -0.304637367
   28.004316981   -0.582174189   -0.304785997
   28.032776653   -0.583618770   -0.304892136
   28.061236325   -0.584199930   -0.304959399
   28.089695997   -0.583914991   -0.304991382
   28.118155668   -0.582764377   -0.304991626
   28.146615340   -0.580751662   -0.304963584
   28.175075012   -0.577883770   -0.304910581
   28.203534683   -0.574171249   -0.304835785
   28.231994355   -0.569628461   -0.304742187
   28.260454027   -0.564273603   -0.304632585
   28.288913699   -0.558128496   -0.304509575
   28.317373370   -0.551218210   -0.304375531
   28.345833042   -0.543570633   -0.304232590
   28.374292714   -0.535216135   -0.304082607
   28.402752386   -0.526187407   -0.303927125
   28.431212057   -0.516519508   -0.303767330
   28.459671729   -0.506250023   -0.303604030
   28.488131401   -0.495419219   -0.303437657
   28.516591072   -0.484070037   -0.303268305
   28.545050744   -0.472247872   -0.303095797
   28.573510416   -0.460000144   -0.302919781
   28.601970088   -0.447375782   -0.302739831
   28.630429759   -0.434424762   -0.302555552
   28.658889431   -0.421197838   -0.302366660
   28.687349103   -0.407746513   -0.302173028
   28.715808775   -0.394123180   -0.301974711
   28.744268446   -0.380381309   -0.301771929
   28.772728118   -0.366575487   -0.301565044
   28.801187790   -0.352761207   -0.301354525
   28.829647461   -0.338994374   -0.301140915
   28.858107133   -0.325330631   -0.300924811
   28.886566805   -0.311824672   -0.300706854
   28.915026477   -0.298529724   -0.300487720
   28.943486148   -0.285497291   -0.300268124
   28.971945820   -0.272777139   -0.300048808
   29.000405492   -0.260417372   -0.299830527
   29.028865164   -0.248464379   -0.299614026
   29.057324835   -0.236962473   -0.299400012
   29.085784507   -0.225953174   -0.299189124
   29.114244179   -0.215474220   -0.298981904
   29.142703850   -0.205558603   -0.298778781
   29.171163522   -0.196233920   -0.298580059
   29.199623194   -0.187522338   -0.298385908
   29.228082866   -0.179441238   -0.298196363
   29.256542537   -0.172004429   -0.298011322
   29.285002209   -0.165223565   -0.297830541
   29.313461881   -0.159109327   -0.297653625
   29.341921553   -0.153671981   -0.297480028
   29.370381224   -0.148921084   -0.297309043
   29.398840896   -0.144864405   -0.297139806
   29.427300568   -0.141506387   -0.296971309
   29.455760239   -0.138846610   -0.296802412
   29.484219911   -0.136878737   -0.296631876
   29.512679583   -0.135590269   -0.296458384
   29.541139255   -0.134963147   -0.296280582
   29.569598926   -0.134975009   -0.296097100
   29.598058598   -0.135600700   -0.295906586
   29.626518270   -0.136813593   -0.295707723
   29.654977942   -0.138586405   -0.295499252
   29.683437613   -0.140891384   -0.295279982
   29.711897285   -0.143699995   -0.295048805
   29.740356957   -0.146982381   -0.294804700
   29.768816629   -0.150706939   -0.294546743
   29.797276300   -0.154840231   -0.294274111
   29.825735972   -0.159347318   -0.293986079
   29.854195644   -0.164192376   -0.293682028
   29.882655315   -0.169339348   -0.293361442
   29.911114987   -0.174752365   -0.293023909
   29.939574659   -0.180395759   -0.292669122
   29.968034331   -0.186233673   -0.292296889
   29.996494002   -0.192229410   -0.291907132
   30.024953674   -0.198344795   -0.291499893
   30.053413346   -0.204539795   -0.291075344
   30.081873018   -0.210772558   -0.290633781
   30.110332689   -0.216999846   -0.290175628
   30.138792361   -0.223177716   -0.289701431
   30.167252033   -0.229262197   -0.289211855
   30.195711704   -0.235209745   -0.288707674
   30.224171376   -0.240977347   -0.288189763
   30.252631048   -0.246522336   -0.287659100
   30.281090720   -0.251802064   -0.287116753
   30.309550391   -0.256773692   -0.286563880
   30.338010063   -0.261394286   -0.286001722
   30.366469735   -0.265621337   -0.285431592
   30.394929407   -0.269413619   -0.284854873
   30.423389078   -0.272732219   -0.284272996
   30.451848750   -0.275541495   -0.283687434
   30.480308422   -0.277809760   -0.283099686
   30.508768093   -0.279509598   -0.282511270
   30.537227765   -0.280617875   -0.281923705
   30.565687437   -0.281115611   -0.281338513
   30.594147109   -0.280987935   -0.280757205
   30.622606780   -0.280224299   -0.280181274
   30.651066452   -0.278819015   -0.279612185
   30.679526124   -0.276772025   -0.279051364
   30.707985796   -0.274089734   -0.278500184
   30.736445467   -0.270785631   -0.277959955
   30.764905139   -0.266880527   -0.277431909
   30.793364811   -0.262402307   -0.276917195
   30.821824482   -0.257385259   -0.276416872
   30.850284154   -0.251869168   -0.275931902
   30.878743826   -0.245898419   -0.275463150
   30.907203498   -0.239521335   -0.275011378
   30.935663169   -0.232789897   -0.274577241
   30.964122841   -0.225759834   -0.274161281
   30.992582513   -0.218490955   -0.273763920
   31.021042185   -0.211047494   -0.273385458
   31.049501856   -0.203498227   -0.273026072
   31.077961528   -0.195916168   -0.272685813
   31.106421200   -0.188377779   -0.272364619
   31.134880872   -0.180961713   -0.272062315
   31.163340543   -0.173747272   -0.271778622
   31.191800215   -0.166812773   -0.271513165
   31.220259887   -0.160234048   -0.271265472
   31.248719558   -0.154083232   -0.271034983
   31.277179230   -0.148427890   -0.270821041
   31.305638902   -0.143330464   -0.270622902
   31.334098574   -0.138847903   -0.270439730
   31.362558245   -0.135031340   -0.270270605
   31.391017917   -0.131925672   -0.270114529
   31.419477589   -0.129568978   -0.269970436
   31.447937261   -0.127991791   -0.269837201
   31.476396932   -0.127216321   -0.269713659
   31.504856604   -0.127255823   -0.269598622
   31.533316276   -0.128114260   -0.269490897
   31.561775947   -0.129786428   -0.269389316
   31.590235619   -0.132258600   -0.269292764
   31.618695291   -0.135509618   -0.269200213
   31.647154963   -0.139512314   -0.269110751
   31.675614634   -0.144235012   -0.269023607
   31.704074306   -0.149642902   -0.268938181
   31.732533978   -0.155699120   -0.268854050
   31.760993650   -0.162365424   -0.268770977
   31.789453321   -0.169602528   -0.268688912
   31.817912993   -0.177370189   -0.268607983
   31.846372665   -0.185627226   -0.268528500
   31.874832336   -0.194331610   -0.268450939
   31.903292008   -0.203440731   -0.268375943
   31.931751680   -0.212911813   -0.268304309
   31.960211352   -0.222702417   -0.268236977
   31.988671023   -0.232770880   -0.268175007
   32.017130695   -0.243076568   -0.268119548
   32.045590367   -0.253579866   -0.268071806
   32.074050039   -0.264241907   -0.268032993
   32.102509710   -0.275024136   -0.268004292
   32.130969382   -0.285887843   -0.267986809
   32.159429054   -0.296793817   -0.267981539
   32.187888725   -0.307702237   -0.267989337
   32.216348397   -0.318572815   -0.268010885
   32.244808069   -0.329365168   -0.268046676
   32.273267741   -0.340039317   -0.268096982
   32.301727412   -0.350556191   -0.268161836
   32.330187084   -0.360878047   -0.268241012
   32.358646756   -0.370968744   -0.268334012
   32.387106428   -0.380793873   -0.268440055
   32.415566099   -0.390320792   -0.268558095
   32.444025771   -0.399518592   -0.268686832
   32.472485443   -0.408358074   -0.268824749
   32.500945115   -0.416811723   -0.268970142
   32.529404786   -0.424853708   -0.269121166
   32.557864458   -0.432459865   -0.269275863
   32.586324130   -0.439607669   -0.269432194
   32.614783801   -0.446276193   -0.269588059
   32.643243473   -0.452446056   -0.269741325
   32.671703145   -0.458099394   -0.269889845
   32.700162817   -0.463219874   -0.270031492
   32.728622488   -0.467792736   -0.270164191
   32.757082160   -0.471804862   -0.270285965
   32.785541832   -0.475244826   -0.270394982
   32.814001504   -0.478102921   -0.270489589
   32.842461175   -0.480371132   -0.270568358
   32.870920847   -0.482043083   -0.270630101
   32.899380519   -0.483113988   -0.270673894
   32.927840190   -0.483580642   -0.270699077
   32.956299862   -0.483441460   -0.270705262
   32.984759534   -0.482696581   -0.270692334
   33.013219206   -0.481347973   -0.270660456
   33.041678877   -0.479399516   -0.270610067
   33.070138549   -0.476857001   -0.270541885
   33.098598221   -0.473728036   -0.270456900
   33.127057893   -0.470021887   -0.270356356
   33.155517564   -0.465749306   -0.270241724
   33.183977236   -0.460922401   -0.270114670
   33.212436908   -0.455554620   -0.269977008
   33.240896579   -0.449660838   -0.269830664
   33.269356251   -0.443257520   -0.269677631
   33.297815923   -0.436362887   -0.269519943
   33.326275595   -0.428997012   -0.269359641
   33.354735266   -0.421181794   -0.269198754
   33.383194938   -0.412940820   -0.269039273
   33.411654610   -0.404299165   -0.268883121
   33.440114282   -0.395283229   -0.268732124
   33.468573953   -0.385920687   -0.268587971
   33.497033625   -0.376240601   -0.268452178
   33.525493297   -0.366273662   -0.268326054
   33.553952968   -0.356052462   -0.268210669
   33.582412640   -0.345611687   -0.268106846
   33.610872312   -0.334988076   -0.268015143
   33.639331984   -0.324220118   -0.267935866
   33.667791655   -0.313347491   -0.267869073
   33.696251327   -0.302410381   -0.267814589
   33.724710999   -0.291448821   -0.267772024
   33.753170671   -0.280502247   -0.267740791
   33.781630342   -0.269609360   -0.267720125
   33.810090014   -0.258808312   -0.267709117
   33.838549686   -0.248137132   -0.267706744
   33.867009357   -0.237634230   -0.267711913
   33.895469029   -0.227338811   -0.267723505
   33.923928701   -0.217291074   -0.267740425
   33.952388373   -0.207532153   -0.267761649
   33.980848044   -0.198103855   -0.267786253
   34.009307716   -0.189048318   -0.267813448
   34.037767388   -0.180407724   -0.267842592
   34.066227060   -0.172224176   -0.267873196
   34.094686731   -0.164539744   -0.267904929
   34.123146403   -0.157396610   -0.267937615
   34.151606075   -0.150837161   -0.267971235
   34.180065747   -0.144903855   -0.268005930
   34.208525418   -0.139638711   -0.268042003
   34.236985090   -0.135082368   -0.268079926
   34.265444762   -0.131272752   -0.268120337
   34.293904433   -0.128243486   -0.268164029
   34.322364105   -0.126022256   -0.268211938
   34.350823777   -0.124629339   -0.268265114
   34.379283449   -0.124076475   -0.268324690
   34.407743120   -0.124366202   -0.268391854
   34.436202792   -0.125491649   -0.268467813
   34.464662464   -0.127436740   -0.268553765
   34.493122136   -0.130176668   -0.268650882
   34.521581807   -0.133678494   -0.268760288
   34.550041479   -0.137901741   -0.268883053
   34.578501151   -0.142798888   -0.269020179
   34.606960822   -0.148315749   -0.269172597
   34.635420494   -0.154391779   -0.269341163
   34.663880166   -0.160960417   -0.269526647
   34.692339838   -0.167949580   -0.269729733
   34.720799509   -0.175282443   -0.269951013
   34.749259181   -0.182878543   -0.270190983
   34.777718853   -0.190655217   -0.270450044
   34.806178525   -0.198529236   -0.270728495
   34.834638196   -0.206418490   -0.271026532
   34.863097868   -0.214243479   -0.271344242
   34.891557540   -0.221928457   -0.271681599
   34.920017211   -0.229402099   -0.272038456
   34.948476883   -0.236597700   -0.272414547
   34.976936555   -0.243453049   -0.272809480
   35.005396227   -0.249910164   -0.273222742
   35.033855898   -0.255915127   -0.273653702
   35.062315570   -0.261418213   -0.274101618
   35.090775242   -0.266374353   -0.274565641
   35.119234914   -0.270743915   -0.275044826
   35.147694585   -0.274493587   -0.275538134
   35.176154257   -0.277597168   -0.276044438
   35.204613929   -0.280036046   -0.276562527
   35.233073600   -0.281799243   -0.277091113
   35.261533272   -0.282883049   -0.277628839
   35.289992944   -0.283290374   -0.278174290
   35.318452616   -0.283030009   -0.278726004
   35.346912287   -0.282115999   -0.279282488
   35.375371959   -0.280567244   -0.279842225
   35.403831631   -0.278407323   -0.280403689
   35.432291303   -0.275664457   -0.280965354
   35.460750974   -0.272371411   -0.281525696
   35.489210646   -0.268565204   -0.282083209
   35.517670318   -0.264286529   -0.282636403
   35.546129990   -0.259578911   -0.283183825
   35.574589661   -0.254487741   -0.283724063
   35.603049333   -0.249059368   -0.284255763
   35.631509005   -0.243340413   -0.284777640
   35.659968676   -0.237377400   -0.285288488
   35.688428348   -0.231216662   -0.285787191
   35.716888020   -0.224904409   -0.286272721
   35.745347692   -0.218486773   -0.286744149
   35.773807363   -0.212009697   -0.287200640
   35.802267035   -0.205518602   -0.287641463
   35.830726707   -0.199057898   -0.288065992
   35.859186379   -0.192670476   -0.288473714
   35.887646050   -0.186397367   -0.288864236
   35.916105722   -0.180277678   -0.289237283
   35.944565394   -0.174348843   -0.289592707
   35.973025065   -0.168647074   -0.289930473
   36.001484737   -0.163207831   -0.290250661
   36.029944409   -0.158066108   -0.290553452
   36.058404081   -0.153256412   -0.290839125
   36.086863752   -0.148812430   -0.291108048
   36.115323424   -0.144766531   -0.291360677
   36.143783096   -0.141149323   -0.291597562
   36.172242768   -0.137989495   -0.291819343
   36.200702439   -0.135314063   -0.292026752
   36.229162111   -0.133148980   -0.292220613
   36.257621783   -0.131519904   -0.292401832
   36.286081454   -0.130452789   -0.292571386
   36.314541126   -0.129974010   -0.292730307
   36.343000798   -0.130109796   -0.292879663
   36.371460470   -0.130885025   -0.293020538
   36.399920141   -0.132321597   -0.293154008
   36.428379813   -0.134436808   -0.293281114
   36.456839485   -0.137242160   -0.293402836
   36.485299157   -0.140742937   -0.293520062
   36.513758828   -0.144938669   -0.293633559
   36.542218500   -0.149824334   -0.293743940
   36.570678172   -0.155391913   -0.293851643
   36.599137843   -0.161631841   -0.293956909
   36.627597515   -0.168533913   -0.294059774
   36.656057187   -0.176087409   -0.294160066
   36.684516859   -0.184280422   -0.294257413
   36.712976530   -0.193098655   -0.294351249
   36.741436202   -0.202524061   -0.294440828
   36.769895874   -0.212533741   -0.294525240
   36.798355546   -0.223099405   -0.294603420
   36.826815217   -0.234187481   -0.294674164
   36.855274889   -0.245759774   -0.294736154
   36.883734561   -0.257774418   -0.294787984
   36.912194232   -0.270186827   -0.294828195
   36.940653904   -0.282950392   -0.294855322
   36.969113576   -0.296016850   -0.294867941
   36.997573248   -0.309336356   -0.294864722
   37.026032919   -0.322857435   -0.294844481
   37.054492591   -0.336527003   -0.294806219
   37.082952263   -0.350290598   -0.294749164
   37.111411935   -0.364092849   -0.294672801
   37.139871606   -0.377878117   -0.294576895
   37.168331278   -0.391591132   -0.294461516
   37.196790950   -0.405177491   -0.294327048
   37.225250622   -0.418583903   -0.294174205
   37.253710293   -0.431758197   -0.294004023
   37.282169965   -0.444649183   -0.293817862
   37.310629637   -0.457206512   -0.293617379
   37.339089308   -0.469380687   -0.293404503
   37.367548980   -0.481123268   -0.293181399
   37.396008652   -0.492387280   -0.292950430
   37.424468324   -0.503127690   -0.292714116
   37.452927995   -0.513301844   -0.292475098
   37.481387667   -0.522869728   -0.292236105
   37.509847339   -0.531794035   -0.291999919
   37.538307011   -0.540040062   -0.291769347
   37.566766682   -0.547575566   -0.291547176
   37.595226354   -0.554370689   -0.291336131
   37.623686026   -0.560398052   -0.291138832
   37.652145697   -0.565633021   -0.290957734
   37.680605369   -0.570054091   -0.290795084
   37.709065041   -0.573643256   -0.290652878
   37.737524713   -0.576386260   -0.290532822
   37.765984384   -0.578272650   -0.290436314
   37.794444056   -0.579295639   -0.290364423
   37.822903728   -0.579451873   -0.290317880
   37.851363400   -0.578741205   -0.290297075
   37.879823071   -0.577166585   -0.290302046
   37.908282743   -0.574734130   -0.290332481
   37.936742415   -0.571453312   -0.290387716
   37.965202086   -0.567337194   -0.290466742
   37.993661758   -0.562402574   -0.290568227
   38.022121430   -0.556669952   -0.290690539
   38.050581102   -0.550163306   -0.290831782
   38.079040773   -0.542909716   -0.290989844
   38.107500445   -0.534938964   -0.291162438
   38.135960117   -0.526283238   -0.291347146
   38.164419789   -0.516976993   -0.291541460
   38.192879460   -0.507057005   -0.291742814
   38.221339132   -0.496562505   -0.291948620
   38.249798804   -0.485535294   -0.292156300
   38.278258475   -0.474019707   -0.292363325
   38.306718147   -0.462062379   -0.292567252
   38.335177819   -0.449711828   -0.292765774
   38.363637491   -0.437017968   -0.292956760
   38.392097162   -0.424031692   -0.293138297
   38.420556834   -0.410804619   -0.293308723
   38.449016506   -0.397389057   -0.293466650
   38.477476178   -0.383838115   -0.293610981
   38.505935849   -0.370205828   -0.293740909
   38.534395521   -0.356547150   -0.293855917
   38.562855193   -0.342917710   -0.293955768
   38.591314865   -0.329373309   -0.294040490
   38.619774536   -0.315969248   -0.294110364
   38.648234208   -0.302759624   -0.294165891
   38.676693880   -0.289796758   -0.294207769
   38.705153551   -0.277130827   -0.294236850
   38.733613223   -0.264809680   -0.294254101
   38.762072895   -0.252878729   -0.294260554
   38.790532567   -0.241380752   -0.294257264
   38.818992238   -0.230355479   -0.294245263
   38.847451910   -0.219838950   -0.294225531
   38.875911582   -0.209862764   -0.294198960
   38.904371254   -0.200453435   -0.294166341
   38.932830925   -0.191632127   -0.294128341
   38.961290597   -0.183414945   -0.294085490
   38.989750269   -0.175813794   -0.294038169
   39.018209940   -0.168837627   -0.293986592
   39.046669612   -0.162493742   -0.293930798
   39.075129284   -0.156788714   -0.293870642
   39.103588956   -0.151728653   -0.293805794
   39.132048627   -0.147318663   -0.293735745
   39.160508299   -0.143561630   -0.293659823
   39.188967971   -0.140456706   -0.293577220
   39.217427643   -0.137997969   -0.293487013
   39.245887314   -0.136173704   -0.293388203
   39.274346986   -0.134966559   -0.293279739
   39.302806658   -0.134354579   -0.293160550
   39.331266329   -0.134312851   -0.293029565
   39.359726001   -0.134815318   -0.292885741
   39.388185673   -0.135836307   -0.292728073
   39.416645345   -0.137351415   -0.292555617
   39.445105016   -0.139337653   -0.292367500
   39.473564688   -0.141772962   -0.292162929
   39.502024360   -0.144635383   -0.291941203
   39.530484032   -0.147902258   -0.291701713
   39.558943703   -0.151549718   -0.291443947
   39.587403375   -0.155552584   -0.291167485
   39.615863047   -0.159884620   -0.290872004
   39.644322718   -0.164518921   -0.290557272
   39.672782390   -0.169428223   -0.290223152
   39.701242062   -0.174584932   -0.289869608
   39.729701734   -0.179960848   -0.289496707
   39.758161405   -0.185526659   -0.289104627
   39.786621077   -0.191251393   -0.288693664
   39.815080749   -0.197102021   -0.288264232
   39.843540421   -0.203043328   -0.287816865
   39.872000092   -0.209038058   -0.287352216
   39.900459764   -0.215047243   -0.286871048
   39.928919436   -0.221030550   -0.286374233
   39.957379107   -0.226946506   -0.285862742
   39.985838779   -0.232752562   -0.285337643
   40.014298451   -0.238405014   -0.284800095
   40.042758123   -0.243858933   -0.284251344
   40.071217794   -0.249068263   -0.283692715
   40.099677466   -0.253986183   -0.283125605
   40.128137138   -0.258565776   -0.282551478
   40.156596810   -0.262760900   -0.281971845
   40.185056481   -0.266527128   -0.281388260
   40.213516153   -0.269822566   -0.280802303
   40.241975825   -0.272608467   -0.280215568
   40.270435497   -0.274849606   -0.279629656
   40.298895168   -0.276514526   -0.279046164
   40.327354840   -0.277575777   -0.278466675
   40.355814512   -0.278010315   -0.277892751
   40.384274183   -0.277800099   -0.277325926
   40.412733855   -0.276932867   -0.276767686
   40.441193527   -0.275402950   -0.276219468
   40.469653199   -0.273211932   -0.275682641
   40.498112870   -0.270369016   -0.275158494
   40.526572542   -0.266890986   -0.274648232
   40.555032214   -0.262801825   -0.274152965
   40.583491886   -0.258132098   -0.273673700
   40.611951557   -0.252918327   -0.273211345
   40.640411229   -0.247202508   -0.272766697
   40.668870901   -0.241031896   -0.272340441
   40.697330572   -0.234459054   -0.271933145
   40.725790244   -0.227542054   -0.271545254
   40.754249916   -0.220344655   -0.271177088
   40.782709588   -0.212936281   -0.270828837
   40.811169259   -0.205391628   -0.270500563
   40.839628931   -0.197789869   -0.270192203
   40.868088603   -0.190213471   -0.269903576
   40.896548275   -0.182746715   -0.269634390
   40.925007946   -0.175474101   -0.269384248
   40.953467618   -0.168478750   -0.269152654
   40.981927290   -0.161840953   -0.268939015
   41.010386961   -0.155636938   -0.268742641
   41.038846633   -0.149937896   -0.268562750
   41.067306305   -0.144809241   -0.268398461
   41.095765977   -0.140310079   -0.268248804
   41.124225648   -0.136492789   -0.268112723
   41.152685320   -0.133402660   -0.267989088
   41.181144992   -0.131077491   -0.267876709
   41.209604664   -0.129547129   -0.267774354
   41.238064335   -0.128832944   -0.267680773
   41.266524007   -0.128947314   -0.267594719
   41.294983679   -0.129893249   -0.267514976
   41.323443350   -0.131664300   -0.267440389
   41.351903022   -0.134244899   -0.267369895
   41.380362694   -0.137611194   -0.267302550
   41.408822366   -0.141732359   -0.267237562
   41.437282037   -0.146572241   -0.267174314
   41.465741709   -0.152091117   -0.267112382
   41.494201381   -0.158247299   -0.267051548
   41.522661053   -0.164998384   -0.266991803
   41.551120724   -0.172301999   -0.266933345
   41.579580396   -0.180116088   -0.266876576
   41.608040068   -0.188398825   -0.266822093
   41.636499740   -0.197108406   -0.266770675
   41.664959411   -0.206202877   -0.266723279
   41.693419083   -0.215640173   -0.266681020
   41.721878755   -0.225378371   -0.266645151
   41.750338426   -0.235376079   -0.266617037
   41.778798098   -0.245592813   -0.266598117
   41.807257770   -0.255989200   -0.266589856
   41.835717442   -0.266526902   -0.266593695
   41.864177113   -0.277168272   -0.266610997
   41.892636785   -0.287875851   -0.266642995
   41.921096457   -0.298611855   -0.266690743
   41.949556129   -0.309337866   -0.266755080
   41.978015800   -0.320014799   -0.266836593
   42.006475472   -0.330603212   -0.266935593
   42.034935144   -0.341063844   -0.267052094
   42.063394815   -0.351358261   -0.267185790
   42.091854487   -0.361449432   -0.267336051
   42.120314159   -0.371302122   -0.267501909
   42.148773831   -0.380883055   -0.267682065
   42.177233502   -0.390160873   -0.267874904
   42.205693174   -0.399105983   -0.268078518
   42.234152846   -0.407690392   -0.268290744
   42.262612518   -0.415887616   -0.268509207
   42.291072189   -0.423672671   -0.268731362
   42.319531861   -0.431022145   -0.268954546
   42.347991533   -0.437914288   -0.269176015
   42.376451204   -0.444329071   -0.269392983
   42.404910876   -0.450248176   -0.269602664
   42.433370548   -0.455654932   -0.269802304
   42.461830220   -0.460534224   -0.269989228
   42.490289891   -0.464872416   -0.270160883
   42.518749563   -0.468657327   -0.270314887
   42.547209235   -0.471878261   -0.270449079
   42.575668907   -0.474526073   -0.270561560
   42.604128578   -0.476593247   -0.270650739
   42.632588250   -0.478073940   -0.270715351
   42.661047922   -0.478964005   -0.270754485
   42.689507593   -0.479260967   -0.270767592
   42.717967265   -0.478964005   -0.270754486
   42.746426937   -0.478073942   -0.270715352
   42.774886609   -0.476593249   -0.270650741
   42.803346280   -0.474526077   -0.270561563
   42.831805952   -0.471878265   -0.270449082
   42.860265624   -0.468657332   -0.270314891
   42.888725296   -0.464872422   -0.270160888
   42.917184967   -0.460534231   -0.269989233
   42.945644639   -0.455654940   -0.269802309
   42.974104311   -0.450248184   -0.269602670
   43.002563982   -0.444329080   -0.269392990
   43.031023654   -0.437914297   -0.269176022
   43.059483326   -0.431022155   -0.268954555
   43.087942998   -0.423672682   -0.268731371
   43.116402669   -0.415887628   -0.268509216
   43.144862341   -0.407690405   -0.268290754
   43.173322013   -0.399105996   -0.268078529
   43.201781685   -0.390160887   -0.267874915
   43.230241356   -0.380883069   -0.267682077
   43.258701028   -0.371302137   -0.267501921
   43.287160700   -0.361449447   -0.267336064
   43.315620372   -0.351358277   -0.267185804
   43.344080043   -0.341063860   -0.267052108
   43.372539715   -0.330603228   -0.266935608
   43.400999387   -0.320014816   -0.266836608
   43.429459058   -0.309337883   -0.266755096
   43.457918730   -0.298611873   -0.266690760
   43.486378402   -0.287875869   -0.266643012
   43.514838074   -0.277168291   -0.266611015
   43.543297745   -0.266526920   -0.266593713
   43.571757417   -0.255989219   -0.266589875
   43.600217089   -0.245592832   -0.266598136
   43.628676761   -0.235376098   -0.266617057
   43.657136432   -0.225378390   -0.266645171
   43.685596104   -0.215640193   -0.266681041
   43.714055776   -0.206202896   -0.266723301
   43.742515447   -0.197108426   -0.266770697
   43.770975119   -0.188398845   -0.266822115
   43.799434791   -0.180116108   -0.266876599
   43.827894463   -0.172302020   -0.266933369
   43.856354134   -0.164998404   -0.266991827
   43.884813806   -0.158247319   -0.267051573
   43.913273478   -0.152091137   -0.267112407
   43.941733150   -0.146572261   -0.267174339
   43.970192821   -0.141732379   -0.267237588
   43.998652493   -0.137611214   -0.267302576
   44.027112165   -0.134244919   -0.267369922
   44.055571836   -0.131664320   -0.267440417
   44.084031508   -0.129893268   -0.267515005
   44.112491180   -0.128947333   -0.267594748
   44.140950852   -0.128832963   -0.267680803
   44.169410523   -0.129547148   -0.267774385
   44.197870195   -0.131077510   -0.267876740
   44.226329867   -0.133402679   -0.267989120
   44.254789539   -0.136492808   -0.268112755
   44.283249210   -0.140310098   -0.268248837
   44.311708882   -0.144809261   -0.268398494
   44.340168554   -0.149937916   -0.268562784
   44.368628225   -0.155636958   -0.268742676
   44.397087897   -0.161840973   -0.268939050
   44.425547569   -0.168478771   -0.269152690
   44.454007241   -0.175474123   -0.269384284
   44.482466912   -0.182746737   -0.269634427
   44.510926584   -0.190213493   -0.269903613
   44.539386256   -0.197789893   -0.270192241
   44.567845928   -0.205391652   -0.270500601
   44.596305599   -0.212936306   -0.270828876
   44.624765271   -0.220344682   -0.271177128
   44.653224943   -0.227542081   -0.271545294
   44.681684615   -0.234459083   -0.271933186
   44.710144286   -0.241031927   -0.272340483
   44.738603958   -0.247202540   -0.272766740
   44.767063630   -0.252918361   -0.273211389
   44.795523301   -0.258132133   -0.273673744
   44.823982973   -0.262801861   -0.274153009
   44.852442645   -0.266891025   -0.274648277
   44.880902317   -0.270369056   -0.275158540
   44.909361988   -0.273211974   -0.275682687
   44.937821660   -0.275402994   -0.276219516
   44.966281332   -0.276932913   -0.276767734
   44.994741004   -0.277800146   -0.277325974
   45.023200675   -0.278010364   -0.277892801
   45.051660347   -0.277575828   -0.278466725
   45.080120019   -0.276514579   -0.279046215
   45.108579690   -0.274849661   -0.279629708
   45.137039362   -0.272608523   -0.280215621
   45.165499034   -0.269822624   -0.280802356
   45.193958706   -0.266527188   -0.281388314
   45.222418377   -0.262760962   -0.281971900
   45.250878049   -0.258565839   -0.282551534
   45.279337721   -0.253986248   -0.283125662
   45.307797393   -0.249068329   -0.283692772
   45.336257064   -0.243859000   -0.284251403
   45.364716736   -0.238405082   -0.284800155
   45.393176408   -0.232752632   -0.285337703
   45.421636079   -0.226946577   -0.285862803
   45.450095751   -0.221030621   -0.286374295
   45.478555423   -0.215047315   -0.286871111
   45.507015095   -0.209038130   -0.287352280
   45.535474766   -0.203043401   -0.287816930
   45.563934438   -0.197102095   -0.288264297
   45.592394110   -0.191251467   -0.288693730
   45.620853782   -0.185526734   -0.289104694
   45.649313453   -0.179960923   -0.289496775
   45.677773125   -0.174585007   -0.289869677
   45.706232797   -0.169428298   -0.290223223
   45.734692468   -0.164518996   -0.290557343
   45.763152140   -0.159884695   -0.290872077
   45.791611812   -0.155552659   -0.291167559
   45.820071484   -0.151549793   -0.291444021
   45.848531155   -0.147902333   -0.291701789
   45.876990827   -0.144635458   -0.291941279
   45.905450499   -0.141773036   -0.292163006
   45.933910171   -0.139337728   -0.292367578
   45.962369842   -0.137351489   -0.292555696
   45.990829514   -0.135836381   -0.292728153
   46.019289186   -0.134815392   -0.292885822
   46.047748857   -0.134312924   -0.293029648
   46.076208529   -0.134354652   -0.293160633
   46.104668201   -0.134966632   -0.293279824
   46.133127873   -0.136173777   -0.293388289
   46.161587544   -0.137998042   -0.293487100
   46.190047216   -0.140456779   -0.293577307
   46.218506888   -0.143561704   -0.293659912
   46.246966560   -0.147318737   -0.293735835
   46.275426231   -0.151728726   -0.293805885
   46.303885903   -0.156788787   -0.293870734
   46.332345575   -0.162493816   -0.293930891
   46.360805247   -0.168837701   -0.293986685
   46.389264918   -0.175813868   -0.294038264
   46.417724590   -0.183415019   -0.294085586
   46.446184262   -0.191632202   -0.294128438
   46.474643933   -0.200453510   -0.294166439
   46.503103605   -0.209862840   -0.294199059
   46.531563277   -0.219839026   -0.294225631
   46.560022949   -0.230355555   -0.294245365
   46.588482620   -0.241380830   -0.294257366
   46.616942292   -0.252878807   -0.294260658
   46.645401964   -0.264809759   -0.294254206
   46.673861636   -0.277130906   -0.294236956
   46.702321307   -0.289796838   -0.294207876
   46.730780979   -0.302759705   -0.294165999
   46.759240651   -0.315969330   -0.294110473
   46.787700322   -0.329373393   -0.294040600
   46.816159994   -0.342917795   -0.293955878
   46.844619666   -0.356547236   -0.293856029
   46.873079338   -0.370205915   -0.293741022
   46.901539009   -0.383838204   -0.293611095
   46.929998681   -0.397389147   -0.293466765
   46.958458353   -0.410804710   -0.293308838
   46.986918025   -0.424031785   -0.293138414
   47.015377696   -0.437018064   -0.292956878
   47.043837368   -0.449711925   -0.292765893
   47.072297040   -0.462062478   -0.292567372
   47.100756711   -0.474019808   -0.292363446
   47.129216383   -0.485535396   -0.292156422
   47.157676055   -0.496562610   -0.291948743
   47.186135727   -0.507057112   -0.291742938
   47.214595398   -0.516977102   -0.291541585
   47.243055070   -0.526283348   -0.291347272
   47.271514742   -0.534939077   -0.291162564
   47.299974414   -0.542909831   -0.290989971
   47.328434085   -0.550163424   -0.290831910
   47.356893757   -0.556670072   -0.290690668
   47.385353429   -0.562402696   -0.290568358
   47.413813100   -0.567337318   -0.290466874
   47.442272772   -0.571453438   -0.290387848
   47.470732444   -0.574734258   -0.290332614
   47.499192116   -0.577166716   -0.290302180
   47.527651787   -0.578741338   -0.290297210
   47.556111459   -0.579452009   -0.290318016
   47.584571131   -0.579295777   -0.290364559
   47.613030803   -0.578272790   -0.290436452
   47.641490474   -0.576386403   -0.290532961
   47.669950146   -0.573643401   -0.290653017
   47.698409818   -0.570054238   -0.290795224
   47.726869490   -0.565633171   -0.290957874
   47.755329161   -0.560398204   -0.291138973
   47.783788833   -0.554370843   -0.291336274
   47.812248505   -0.547575722   -0.291547319
   47.840708176   -0.540040221   -0.291769491
   47.869167848   -0.531794196   -0.292000064
   47.897627520   -0.522869891   -0.292236250
   47.926087192   -0.513302009   -0.292475244
   47.954546863   -0.503127857   -0.292714263
   47.983006535   -0.492387449   -0.292950578
   48.011466207   -0.481123439   -0.293181548
   48.039925879   -0.469380860   -0.293404652
   48.068385550   -0.457206687   -0.293617529
   48.096845222   -0.444649359   -0.293818013
   48.125304894   -0.431758375   -0.294004175
   48.153764565   -0.418584083   -0.294174357
   48.182224237   -0.405177673   -0.294327202
   48.210683909   -0.391591316   -0.294461670
   48.239143581   -0.377878302   -0.294577050
   48.267603252   -0.364093035   -0.294672957
   48.296062924   -0.350290785   -0.294749321
   48.324522596   -0.336527192   -0.294806377
   48.352982268   -0.322857625   -0.294844640
   48.381441939   -0.309336547   -0.294864882
   48.409901611   -0.296017042   -0.294868101
   48.438361283   -0.282950585   -0.294855483
   48.466820954   -0.270187021   -0.294828357
   48.495280626   -0.257774613   -0.294788147
   48.523740298   -0.245759969   -0.294736317
   48.552199970   -0.234187677   -0.294674328
   48.580659641   -0.223099602   -0.294603585
   48.609119313   -0.212533938   -0.294525406
   48.637578985   -0.202524258   -0.294440995
   48.666038657   -0.193098854   -0.294351416
   48.694498328   -0.184280621   -0.294257581
   48.722958000   -0.176087608   -0.294160235
   48.751417672   -0.168534112   -0.294059944
   48.779877343   -0.161632040   -0.293957080
   48.808337015   -0.155392113   -0.293851815
   48.836796687   -0.149824534   -0.293744113
   48.865256359   -0.144938869   -0.293633732
   48.893716030   -0.140743136   -0.293520236
   48.922175702   -0.137242360   -0.293403010
   48.950635374   -0.134437008   -0.293281289
   48.979095046   -0.132321796   -0.293154184
   49.007554717   -0.130885224   -0.293020715
   49.036014389   -0.130109996   -0.292879841
   49.064474061   -0.129974210   -0.292730485
   49.092933732   -0.130452989   -0.292571565
   49.121393404   -0.131520103   -0.292402012
   49.149853076   -0.133149179   -0.292220794
   49.178312748   -0.135314262   -0.292026934
   49.206772419   -0.137989694   -0.291819525
   49.235232091   -0.141149521   -0.291597745
   49.263691763   -0.144766729   -0.291360861
   49.292151435   -0.148812628   -0.291108232
   49.320611106   -0.153256610   -0.290839310
   49.349070778   -0.158066306   -0.290553638
   49.377530450   -0.163208028   -0.290250847
   49.405990122   -0.168647271   -0.289930660
   49.434449793   -0.174349040   -0.289592895
   49.462909465   -0.180277875   -0.289237472
   49.491369137   -0.186397564   -0.288864425
   49.519828808   -0.192670674   -0.288473904
   49.548288480   -0.199058095   -0.288066182
   49.576748152   -0.205518800   -0.287641654
   49.605207824   -0.212009894   -0.287200832
   49.633667495   -0.218486971   -0.286744341
   49.662127167   -0.224904607   -0.286272914
   49.690586839   -0.231216860   -0.285787384
   49.719046511   -0.237377599   -0.285288682
   49.747506182   -0.243340612   -0.284777834
   49.775965854   -0.249059567   -0.284255958
   49.804425526   -0.254487941   -0.283724259
   49.832885197   -0.259579111   -0.283184021
   49.861344869   -0.264286730   -0.282636600
   49.889804541   -0.268565405   -0.282083406
   49.918264213   -0.272371612   -0.281525894
   49.946723884   -0.275664659   -0.280965551
   49.975183556   -0.278407526   -0.280403887
   50.003643228   -0.280567447   -0.279842423
   50.032102900   -0.282116203   -0.279282687
   50.060562571   -0.283030213   -0.278726204
   50.089022243   -0.283290578   -0.278174490
   50.117481915   -0.282883254   -0.277629039
   50.145941586   -0.281799449   -0.277091313
   50.174401258   -0.280036253   -0.276562728
   50.202860930   -0.277597376   -0.276044639
   50.231320602   -0.274493795   -0.275538335
   50.259780273   -0.270744123   -0.275045028
   50.288239945   -0.266374562   -0.274565843
   50.316699617   -0.261418422   -0.274101820
   50.345159289   -0.255915338   -0.273653904
   50.373618960   -0.249910374   -0.273222944
   50.402078632   -0.243453260   -0.272809683
   50.430538304   -0.236597912   -0.272414750
   50.458997975   -0.229402311   -0.272038659
   50.487457647   -0.221928670   -0.271681802
   50.515917319   -0.214243691   -0.271344445
   50.544376991   -0.206418703   -0.271026736
   50.572836662   -0.198529450   -0.270728699
   50.601296334   -0.190655430   -0.270450248
   50.629756006   -0.182878757   -0.270191187
   50.658215678   -0.175282656   -0.269951216
   50.686675349   -0.167949794   -0.269729937
   50.715135021   -0.160960631   -0.269526851
   50.743594693   -0.154391993   -0.269341367
   50.772054365   -0.148315963   -0.269172801
   50.800514036   -0.142799102   -0.269020383
   50.828973708   -0.137901954   -0.268883257
   50.857433380   -0.133678707   -0.268760492
   50.885893051   -0.130176881   -0.268651086
   50.914352723   -0.127436954   -0.268553969
   50.942812395   -0.125491862   -0.268468017
   50.971272067   -0.124366415   -0.268392059
   50.999731738   -0.124076688   -0.268324894
   51.028191410   -0.124629552   -0.268265318
   51.056651082   -0.126022469   -0.268212142
   51.085110754   -0.128243698   -0.268164233
   51.113570425   -0.131272964   -0.268120541
   51.142030097   -0.135082580   -0.268080130
   51.170489769   -0.139638923   -0.268042207
   51.198949440   -0.144904067   -0.268006134
   51.227409112   -0.150837372   -0.267971439
   51.255868784   -0.157396821   -0.267937819
   51.284328456   -0.164539955   -0.267905133
   51.312788127   -0.172224387   -0.267873400
   51.341247799   -0.180407935   -0.267842796
   51.369707471   -0.189048529   -0.267813652
   51.398167143   -0.198104066   -0.267786457
   51.426626814   -0.207532363   -0.267761853
   51.455086486   -0.217291284   -0.267740629
   51.483546158   -0.227339021   -0.267723708
   51.512005829   -0.237634439   -0.267712116
   51.540465501   -0.248137341   -0.267706948
   51.568925173   -0.258808521   -0.267709321
   51.597384845   -0.269609569   -0.267720329
   51.625844516   -0.280502456   -0.267740994
   51.654304188   -0.291449030   -0.267772228
   51.682763860   -0.302410589   -0.267814793
   51.711223532   -0.313347700   -0.267869276
   51.739683203   -0.324220326   -0.267936069
   51.768142875   -0.334988284   -0.268015346
   51.796602547   -0.345611895   -0.268107049
   51.825062218   -0.356052670   -0.268210873
   51.853521890   -0.366273869   -0.268326257
   51.881981562   -0.376240808   -0.268452382
   51.910441234   -0.385920894   -0.268588174
   51.938900905   -0.395283435   -0.268732327
   51.967360577   -0.404299371   -0.268883324
   51.995820249   -0.412941026   -0.269039475
   52.024279921   -0.421182000   -0.269198957
   52.052739592   -0.428997218   -0.269359843
   52.081199264   -0.436363093   -0.269520145
   52.109658936   -0.443257725   -0.269677834
   52.138118607   -0.449661043   -0.269830867
   52.166578279   -0.455554825   -0.269977211
   52.195037951   -0.460922605   -0.270114872
   52.223497623   -0.465749510   -0.270241927
   52.251957294   -0.470022092   -0.270356558
   52.280416966   -0.473728240   -0.270457103
   52.308876638   -0.476857205   -0.270542088
   52.337336310   -0.479399720   -0.270610269
   52.365795981   -0.481348176   -0.270660658
   52.394255653   -0.482696784   -0.270692536
   52.422715325   -0.483441664   -0.270705464
   52.451174997   -0.483580845   -0.270699278
   52.479634668   -0.483114191   -0.270674096
   52.508094340   -0.482043285   -0.270630303
   52.536554012   -0.480371334   -0.270568559
   52.565013683   -0.478103123   -0.270489791
   52.593473355   -0.475245028   -0.270395183
   52.621933027   -0.471805064   -0.270286167
   52.650392699   -0.467792938   -0.270164392
   52.678852370   -0.463220075   -0.270031693
   52.707312042   -0.458099595   -0.269890046
   52.735771714   -0.452446257   -0.269741525
   52.764231386   -0.446276394   -0.269588259
   52.792691057   -0.439607870   -0.269432394
   52.821150729   -0.432460065   -0.269276064
   52.849610401   -0.424853909   -0.269121366
   52.878070072   -0.416811923   -0.268970342
   52.906529744   -0.408358273   -0.268824948
   52.934989416   -0.399518792   -0.268687032
   52.963449088   -0.390320991   -0.268558294
   52.991908759   -0.380794073   -0.268440254
   53.020368431   -0.370968943   -0.268334210
   53.048828103   -0.360878246   -0.268241211
   53.077287775   -0.350556390   -0.268162034
   53.105747446   -0.340039515   -0.268097180
   53.134207118   -0.329365366   -0.268046874
   53.162666790   -0.318573013   -0.268011083
   53.191126461   -0.307702435   -0.267989534
   53.219586133   -0.296794015   -0.267981737
   53.248045805   -0.285888040   -0.267987006
   53.276505477   -0.275024334   -0.268004489
   53.304965148   -0.264242104   -0.268033190
   53.333424820   -0.253580062   -0.268072003
   53.361884492   -0.243076764   -0.268119745
   53.390344164   -0.232771076   -0.268175203
   53.418803835   -0.222702613   -0.268237173
   53.447263507   -0.212912009   -0.268304505
   53.475723179   -0.203440927   -0.268376139
   53.504182850   -0.194331806   -0.268451135
   53.532642522   -0.185627421   -0.268528695
   53.561102194   -0.177370384   -0.268608179
   53.589561866   -0.169602723   -0.268689107
   53.618021537   -0.162365619   -0.268771172
   53.646481209   -0.155699315   -0.268854245
   53.674940881   -0.149643097   -0.268938376
   53.703400553   -0.144235206   -0.269023801
   53.731860224   -0.139512508   -0.269110945
   53.760319896   -0.135509812   -0.269200407
   53.788779568   -0.132258793   -0.269292958
   53.817239240   -0.129786622   -0.269389509
   53.845698911   -0.128114453   -0.269491090
   53.874158583   -0.127256016   -0.269598815
   53.902618255   -0.127216514   -0.269713852
   53.931077926   -0.127991983   -0.269837393
   53.959537598   -0.129569171   -0.269970628
   53.987997270   -0.131925864   -0.270114721
   54.016456942   -0.135031532   -0.270270797
   54.044916613   -0.138848095   -0.270439922
   54.073376285   -0.143330656   -0.270623094
   54.101835957   -0.148428081   -0.270821233
   54.130295629   -0.154083423   -0.271035174
   54.158755300   -0.160234239   -0.271265663
   54.187214972   -0.166812964   -0.271513355
   54.215674644   -0.173747463   -0.271778813
   54.244134315   -0.180961904   -0.272062505
   54.272593987   -0.188377969   -0.272364810
   54.301053659   -0.195916358   -0.272686003
   54.329513331   -0.203498416   -0.273026261
   54.357973002   -0.211047684   -0.273385648
   54.386432674   -0.218491145   -0.273764109
   54.414892346   -0.225760023   -0.274161470
   54.443352018   -0.232790086   -0.274577430
   54.471811689   -0.239521524   -0.275011567
   54.500271361   -0.245898608   -0.275463338
   54.528731033   -0.251869357   -0.275932090
   54.557190704   -0.257385447   -0.276417060
   54.585650376   -0.262402495   -0.276917384
   54.614110048   -0.266880715   -0.277432097
   54.642569720   -0.270785819   -0.277960142
   54.671029391   -0.274089922   -0.278500371
   54.699489063   -0.276772212   -0.279051551
   54.727948735   -0.278819202   -0.279612372
   54.756408407   -0.280224486   -0.280181461
   54.784868078   -0.280988122   -0.280757392
   54.813327750   -0.281115797   -0.281338700
   54.841787422   -0.280618061   -0.281923891
   54.870247093   -0.279509784   -0.282511456
   54.898706765   -0.277809946   -0.283099872
   54.927166437   -0.275541680   -0.283687619
   54.955626109   -0.272732404   -0.284273181
   54.984085780   -0.269413804   -0.284855058
   55.012545452   -0.265621522   -0.285431778
   55.041005124   -0.261394471   -0.286001907
   55.069464796   -0.256773876   -0.286564065
   55.097924467   -0.251802249   -0.287116938
   55.126384139   -0.246522520   -0.287659285
   55.154843811   -0.240977531   -0.288189947
   55.183303483   -0.235209928   -0.288707857
   55.211763154   -0.229262381   -0.289212039
   55.240222826   -0.223177899   -0.289701615
   55.268682498   -0.217000029   -0.290175811
   55.297142169   -0.210772741   -0.290633964
   55.325601841   -0.204539978   -0.291075527
   55.354061513   -0.198344978   -0.291500076
   55.382521185   -0.192229593   -0.291907314
   55.410980856   -0.186233856   -0.292297072
   55.439440528   -0.180395941   -0.292669304
   55.467900200   -0.174752547   -0.293024090
   55.496359872   -0.169339530   -0.293361624
   55.524819543   -0.164192558   -0.293682210
   55.553279215   -0.159347499   -0.293986260
   55.581738887   -0.154840412   -0.294274292
   55.610198558   -0.150707120   -0.294546924
   55.638658230   -0.146982562   -0.294804881
   55.667117902   -0.143700175   -0.295048985
   55.695577574   -0.140891564   -0.295280163
   55.724037245   -0.138586585   -0.295499432
   55.752496917   -0.136813773   -0.295707903
   55.780956589   -0.135600880   -0.295906765
   55.809416261   -0.134975189   -0.296097280
   55.837875932   -0.134963326   -0.296280761
   55.866335604   -0.135590448   -0.296458564
   55.894795276   -0.136878916   -0.296632055
   55.923254947   -0.138846788   -0.296802591
   55.951714619   -0.141506566   -0.296971487
   55.980174291   -0.144864583   -0.297139984
   56.008633963   -0.148921262   -0.297309221
   56.037093634   -0.153672159   -0.297480206
   56.065553306   -0.159109505   -0.297653803
   56.094012978   -0.165223742   -0.297830718
   56.122472650   -0.172004607   -0.298011499
   56.150932321   -0.179441415   -0.298196540
   56.179391993   -0.187522515   -0.298386084
   56.207851665   -0.196234097   -0.298580235
   56.236311336   -0.205558780   -0.298778957
   56.264771008   -0.215474397   -0.298982080
   56.293230680   -0.225953350   -0.299189300
   56.321690352   -0.236962649   -0.299400188
   56.350150023   -0.248464554   -0.299614202
   56.378609695   -0.260417548   -0.299830702
   56.407069367   -0.272777314   -0.300048983
   56.435529039   -0.285497466   -0.300268299
   56.463988710   -0.298529899   -0.300487895
   56.492448382   -0.311824847   -0.300707028
   56.520908054   -0.325330806   -0.300924986
   56.549367725   -0.338994549   -0.301141089
   56.577827397   -0.352761381   -0.301354699
   56.606287069   -0.366575661   -0.301565218
   56.634746741   -0.380381483   -0.301772102
   56.663206412   -0.394123354   -0.301974884
   56.691666084   -0.407746686   -0.302173202
   56.720125756   -0.421198011   -0.302366833
   56.748585428   -0.434424935   -0.302555725
   56.777045099   -0.447375955   -0.302740003
   56.805504771   -0.460000317   -0.302919953
   56.833964443   -0.472248044   -0.303095970
   56.862424115   -0.484070209   -0.303268477
   56.890883786   -0.495419391   -0.303437829
   56.919343458   -0.506250195   -0.303604201
   56.947803130   -0.516519679   -0.303767502
   56.976262801   -0.526187579   -0.303927297
   57.004722473   -0.535216306   -0.304082779
   57.033182145   -0.543570804   -0.304232761
   57.061641817   -0.551218381   -0.304375702
   57.090101488   -0.558128667   -0.304509745
   57.118561160   -0.564273774   -0.304632756
   57.147020832   -0.569628631   -0.304742357
   57.175480504   -0.574171419   -0.304835955
   57.203940175   -0.577883940   -0.304910751
   57.232399847   -0.580751831   -0.304963754
   57.260859519   -0.582764547   -0.304991796
   57.289319190   -0.583915160   -0.304991551
   57.317778862   -0.584200099   -0.304959569
   57.346238534   -0.583618938   -0.304892305
   57.374698206   -0.582174358   -0.304786167
   57.403157877   -0.579872283   -0.304637536
   57.431617549   -0.576722137   -0.304442804
   57.460077221   -0.572737094   -0.304198393
   57.488536893   -0.567934182   -0.303900783
   57.516996564   -0.562334188   -0.303546547
   57.545456236   -0.555961350   -0.303132404
   57.573915908   -0.548842939   -0.302655285
   57.602375579   -0.541008870   -0.302112417
   57.630835251   -0.532491445   -0.301501402
   57.659294923   -0.523325317   -0.300820288
   57.687754595   -0.513547602   -0.300067612
   57.716214266   -0.503198064   -0.299242416
   57.744673938   -0.492319210   -0.298344223
   57.773133610   -0.480956193   -0.297372985
   57.801593282   -0.469156505   -0.296329016
   57.830052953   -0.456969495   -0.295212922
   57.858512625   -0.444445880   -0.294025538
   57.886972297   -0.431637363   -0.292767882
   57.915431968   -0.418596466   -0.291441126
   57.943891640   -0.405376581   -0.290046576
   57.972351312   -0.392032141   -0.288585658
   58.000810984   -0.378618761   -0.287059905
   58.029270655   -0.365193185   -0.285470926
   58.057730327   -0.351812970   -0.283820392
   58.086189999   -0.338535912   -0.282110004
   58.114649671   -0.325419335   -0.280341484
   58.143109342   -0.312519408   -0.278516576
   58.171569014   -0.299890632   -0.276637064
   58.200028686   -0.287585563   -0.274704792
   58.228488358   -0.275654705   -0.272721687
   58.256948029   -0.264146436   -0.270689758
   58.285407701   -0.253106787   -0.268611061
   58.313867373   -0.242578968   -0.266487626
   58.342327044   -0.232602632   -0.264321345
   58.370786716   -0.223213055   -0.262113829
   58.399246388   -0.214440470   -0.259866263
   58.427706060   -0.206309835   -0.257579259
   58.456165731   -0.198841205   -0.255252759
   58.484625403   -0.192050692   -0.252885975
   58.513085075   -0.185951787   -0.250477378
   58.541544747   -0.180556680   -0.248024751
   58.570004418   -0.175877133   -0.245525261
   58.598464090   -0.171924624   -0.242975566
   58.626923762   -0.168709633   -0.240371923
   58.655383433   -0.166240262   -0.237710288
   58.683843105   -0.164520564   -0.234986404
   58.712302777   -0.163549073   -0.232195878
   58.740762449   -0.163317927   -0.229334240
   58.769222120   -0.163812802   -0.226397000
   58.797681792   -0.165013544   -0.223379706
   58.826141464   -0.166895189   -0.220277994
   58.854601136   -0.169428895   -0.217087644
   58.883060807   -0.172582418   -0.213804633
   58.911520479   -0.176319942   -0.210425178
   58.939980151   -0.180601415   -0.206945778
   58.968439822   -0.185381787   -0.203363253
   58.996899494   -0.190610685   -0.199674788
   59.025359166   -0.196232949   -0.195877984
   59.053818838   -0.202190199   -0.191970935
   59.082278509   -0.208423161   -0.187952308
   59.110738181   -0.214874158   -0.183821443
   59.139197853   -0.221488911   -0.179578444
   59.167657525   -0.228216924   -0.175224245
   59.196117196   -0.235010019   -0.170760646
   59.224576868   -0.241819119   -0.166190278
   59.253036540   -0.248589959   -0.161516532
   59.281496211   -0.255258781   -0.156743417
   59.309955883   -0.261749211   -0.151875401
   59.338415555   -0.267971268   -0.146917238
   59.366875227   -0.273822970   -0.141873815
   59.395334898   -0.279194313   -0.136750044
   59.423794570   -0.283972813   -0.131550800
   59.452254242   -0.288049440   -0.126280922
   59.480713914   -0.291323730   -0.120945246
   59.509173585   -0.293707201   -0.115548664
   59.537633257   -0.295124720   -0.110096180
   59.566092929   -0.295514070   -0.104592952
   59.594552600   -0.294824418   -0.099044302
   59.623012272   -0.293014555   -0.093455701
   59.651471944   -0.290051660   -0.087832727
   59.679931616   -0.285910957   -0.082181023
   59.708391287   -0.280576226   -0.076506247
   59.736850959   -0.274040723   -0.070814045
   59.765310631   -0.266307965   -0.065110027
   59.793770303   -0.257391924   -0.059399761
   59.822229974   -0.247316521   -0.053688771
   59.850689646   -0.236114650   -0.047982529
   59.879149318   -0.223827276   -0.042286442
   59.907608990   -0.210503151   -0.036605833
   59.936068661   -0.196199521   -0.030945907
   59.964528333   -0.180983735   -0.025311726
   59.992988005   -0.164935250   -0.019708178
   60.021447676   -0.148147158   -0.014139963
   60.049907348   -0.130726363   -0.008611579
   60.078367020   -0.112791754   -0.003127316
   60.106826692   -0.094470302    0.002308754
   60.135286363   -0.075891584    0.007692781
   60.163746035   -0.057181767    0.013021153
   60.192205707   -0.038458290    0.018290518
   60.220665379   -0.019826311    0.023497796
   60.249125050   -0.001377508    0.028640205
   60.277584722    0.016808848    0.033715268
   60.306044394    0.034663247    0.038720824
   60.334504065    0.052122782    0.043655026
   60.362963737    0.069128549    0.048516344
   60.391423409    0.085624285    0.053303566
   60.419883081    0.101556389    0.058015800
   60.448342752    0.116874847    0.062652482
   60.476802424    0.131534214    0.067213388
   60.505262096    0.145493834    0.071698639
   60.533721768    0.158716778    0.076108707
   60.562181439    0.171167655    0.080444409
   60.590641111    0.182810043    0.084706900
   60.619100783    0.193604738    0.088897663
   60.647560454    0.203510012    0.093018488
   60.676020126    0.212484670    0.097071465
   60.704479798    0.220493887    0.101058964
   60.732939470    0.227516938    0.104983631
   60.761399141    0.233555173    0.108848367
   60.789858813    0.238638319    0.112656314
   60.818318485    0.242827367    0.116410826
   60.846778157    0.246213079    0.120115443
   60.875237828    0.248910137    0.123773856
   60.903697500    0.251048020    0.127389873
   60.932157172    0.252760458    0.130967398
   60.960616843    0.254175531    0.134510416
   60.989076515    0.255408216    0.138022980
   61.017536187    0.256556404    0.141509216
   61.045995859    0.257700463    0.144973323
   61.074455530    0.258905549    0.148419565
   61.102915202    0.260225307    0.151852258
   61.131374874    0.261705542    0.155275748
   61.159834546    0.263386785    0.158694372
   61.188294217    0.265305300    0.162112422
   61.216753889    0.267492764    0.165534106
   61.245213561    0.269975277    0.168963512
   61.273673233    0.272772493    0.172404585
   61.302132904    0.275897413    0.175861103
   61.330592576    0.279356911    0.179336658
   61.359052248    0.283152544    0.182834639
   61.387511919    0.287280940    0.186358202
   61.415971591    0.291733054    0.189910242
   61.444431263    0.296491994    0.193493359
   61.472890935    0.301529743    0.197109830
   61.501350606    0.306803721    0.200761589
   61.529810278    0.312254534    0.204450224
   61.558269950    0.317806232    0.208176986
   61.586729622    0.323369909    0.211942812
   61.615189293    0.328850650    0.215748347
   61.643648965    0.334156873    0.219593955
   61.672108637    0.339210321    0.223479718
   61.700568308    0.343954616    0.227405398
   61.729027980    0.348360479    0.231370384
   61.757487652    0.352426463    0.235373617
   61.785947324    0.356175073    0.239413511
   61.814406995    0.359645265    0.243487885
   61.842866667    0.362883120    0.247593914
   61.871326339    0.365932818    0.251728121
   61.899786011    0.368829787    0.255886392
   61.928245682    0.371597216    0.260064026
   61.956705354    0.374246110    0.264255806
   61.985165026    0.376778214    0.268456075
   62.013624697    0.379190457    0.272658810
   62.042084369    0.381479417    0.276857691
   62.070544041    0.383644557    0.281046155
   62.099003713    0.385689599    0.285217450
   62.127463384    0.387622033    0.289364680
   62.155923056    0.389451371    0.293480857
   62.184382728    0.391187012    0.297558952
   62.212842400    0.392836539    0.301591962
   62.241302071    0.394404988    0.305572961
   62.269761743    0.395895150    0.309495163
   62.298221415    0.397308619    0.313351974
   62.326681086    0.398647056    0.317137038
   62.355140758    0.399913142    0.320844286
   62.383600430    0.401110904    0.324467982
   62.412060102    0.402245364    0.328002790
   62.440519773    0.403321764    0.331443836
   62.468979445    0.404344712    0.334786794
   62.497439117    0.405317620    0.338027961
   62.525898789    0.406242622    0.341164328
   62.554358460    0.407120963    0.344193630
   62.582818132    0.407953650    0.347114356
   62.611277804    0.408742077    0.349925734
   62.639737475    0.409488383    0.352627679
   62.668197147    0.410195412    0.355220725
   62.696656819    0.410866343    0.357705941
   62.725116491    0.411504159    0.360084861
   62.753576162    0.412111203    0.362359424
   62.782035834    0.412688993    0.364531939
   62.810495506    0.413238349    0.366605057
   62.838955178    0.413759771    0.368581755
   62.867414849    0.414253885    0.370465327
   62.895874521    0.414721768    0.372259357
   62.924334193    0.415165035    0.373967697
   62.952793865    0.415585665    0.375594439
   62.981253536    0.415985655    0.377143891
   63.009713208    0.416366662    0.378620567
   63.038172880    0.416729787    0.380029195
   63.066632551    0.417075576    0.381374730
   63.095092223    0.417404238    0.382662372
   63.123551895    0.417715966    0.383897559
   63.152011567    0.418011227    0.385085934
   63.180471238    0.418290901    0.386233263
   63.208930910    0.418556222    0.387345304
   63.237390582    0.418808552    0.388427642
   63.265850254    0.419049095    0.389485507
   63.294309925    0.419278682    0.390523597
   63.322769597    0.419497703    0.391545938
   63.351229269    0.419706221    0.392555798
   63.379688940    0.419904199    0.393555664
   63.408148612    0.420091754    0.394547270
   63.436608284    0.420269316    0.395531684
   63.465067956    0.420437640    0.396509397
   63.493527627    0.420597663    0.397480435
   63.521987299    0.420750287    0.398444441
   63.550446971    0.420896170    0.399400746
   63.578906643    0.421035624    0.400348411
   63.607366314    0.421168656    0.401286258
   63.635825986    0.421295127    0.402212899
   63.664285658    0.421414963    0.403126759
   63.692745329    0.421528320    0.404026112
   63.721205001    0.421635636    0.404909115
   63.749664673    0.421737561    0.405773853
   63.778124345    0.421834782    0.406618370
   63.806584016    0.421927845    0.407440701
   63.835043688    0.422017026    0.408238901
   63.863503360    0.422102326    0.409011076
   63.891963032    0.422183574    0.409755429
   63.920422703    0.422260598    0.410470330
   63.948882375    0.422333384    0.411154395
   63.977342047    0.422402158    0.411806589
   64.005801718    0.422467359    0.412426323
   64.034261390    0.422529518    0.413013527
   64.062721062    0.422589096    0.413568687
   64.091180734    0.422646352    0.414092824
   64.119640405    0.422701306    0.414587416
   64.148100077    0.422753793    0.415054271
   64.176559749    0.422803600    0.415495366
   64.205019421    0.422850610    0.415912687
   64.233479092    0.422894905    0.416308089
   64.261938764    0.422936770    0.416683201
   64.290398436    0.422976614    0.417039382
   64.318858108    0.423014830    0.417377733
   64.347317779    0.423051675    0.417699148
   64.375777451    0.423087195    0.418004386
   64.404237123    0.423121256    0.418294137
   64.432696794    0.423153639    0.418569085
   64.461156466    0.423184172    0.418829928
   64.489616138    0.423212837    0.419077388
   64.518075810    0.423239806    0.419312187
   64.546535481    0.423265387    0.419535030
   64.574995153    0.423289921    0.419746574
   64.603454825    0.423313658    0.419947424
   64.631914497    0.423336677    0.420138129
   64.660374168    0.423358881    0.420319191
   64.688833840    0.423380067    0.420491084
   64.717293512    0.423400036    0.420654265
   64.745753183    0.423418705    0.420809180
   64.774212855    0.423436155    0.420956269
   64.802672527    0.423452614    0.421095954
   64.831132199    0.423468370    0.421228637
   64.859591870    0.423483668    0.421354688
   64.888051542    0.423498612    0.421474448
   64.916511214    0.423513148    0.421588229
   64.944970886    0.423527099    0.421696323
   64.973430557    0.423540262    0.421799008
   65.001890229    0.423552510    0.421896558
   65.030349901    0.423563856    0.421989238
   65.058809572    0.423574459    0.422077307
   65.087269244    0.423584561    0.422161013
   65.115728916    0.423594393    0.422240586
   65.144188588    0.423604085    0.422316238
   65.172648259    0.423613621    0.422388162
   65.201107931    0.423622861    0.422456539
   65.229567603    0.423631610    0.422521537
   65.258027275    0.423639715    0.422583324
   65.286486946    0.423647139    0.422642060
   65.314946618    0.423653980    0.422697907
   65.343406290    0.423660436    0.422751018
   65.371865961    0.423666724    0.422801537
   65.400325633    0.423672991    0.422849599
   65.428785305    0.423679256    0.422895324
   65.457244977    0.423685416    0.422938822
   65.485704648    0.423691293    0.422980198
   65.514164320    0.423696723    0.423019551
   65.542623992    0.423701631    0.423056983
   65.571083664    0.423706064    0.423092590
   65.599543335    0.423710178    0.423126471
   65.628003007    0.423714169    0.423158717
   65.656462679    0.423718194    0.423189412
   65.684922350    0.423722305    0.423218634
   65.713382022    0.423726434    0.423246451
   65.741841694    0.423730428    0.423272926
   65.770301366    0.423734120    0.423298120
   65.798761037    0.423737408    0.423322095
   65.827220709    0.423740299    0.423344911
   65.855680381    0.423742906    0.423366629
   65.884140053    0.423745405    0.423387309
   65.912599724    0.423747954    0.423407006
   65.941059396    0.423750632    0.423425769
   65.969519068    0.423753406    0.423443640
   65.997978740    0.423756149    0.423460660
   66.026438411    0.423758704    0.423476864
   66.054898083    0.423760949    0.423492290
   66.083357755    0.423762856    0.423506975
   66.111817426    0.423764502    0.423520959
   66.140277098    0.423766036    0.423534280
   66.168736770    0.423767615    0.423546974
   66.197196442    0.423769337    0.423559072
   66.225656113    0.423771201    0.423570604
   66.254115785    0.423773109    0.423581593
   66.282575457    0.423774916    0.423592060
   66.311035129    0.423776490    0.423602029
   66.339494800    0.423777777    0.423611521
   66.367954472    0.423778817    0.423620562
   66.396414144    0.423779735    0.423629177
   66.424873815    0.423780678    0.423637390
   66.453333487    0.423781758    0.423645223
   66.481793159    0.423783001    0.423652693
   66.510252831    0.423784341    0.423659817
   66.538712502    0.423785647    0.423666605
   66.567172174    0.423786787    0.423673073
   66.595631846    0.423787683    0.423679232
   66.624091518    0.423788346    0.423685100
   66.652551189    0.423788872    0.423690692
   66.681010861    0.423789399    0.423696025
   66.709470533    0.423790044    0.423701114
   66.737930204    0.423790859    0.423705971
   66.766389876    0.423791803    0.423710605
   66.794849548    0.423792767    0.423715025
   66.823309220    0.423793622    0.423719237
   66.851768891    0.423794275    0.423723249
   66.880228563    0.423794710    0.423727071
   66.908688235    0.423794996    0.423730714
   66.937147907    0.423795255    0.423734189
   66.965607578    0.423795608    0.423737506
   66.994067250    0.423796123    0.423740675
   67.022526922    0.423796787    0.423743702
   67.050986593    0.423797514    0.423746590
   67.079446265    0.423798181    0.423749344
   67.107905937    0.423798685    0.423751968
   67.136365609    0.423798988    0.423754467
   67.164825280    0.423799133    0.423756848
   67.193284952    0.423799224    0.423759120
   67.221744624    0.423799380    0.423761290
   67.250204296    0.423799684    0.423763365
   67.278663967    0.423800144    0.423765348
   67.307123639    0.423800698    0.423767243
   67.335583311    0.423801234    0.423769051
   67.364042983    0.423801645    0.423770773
   67.392502654    0.423801873    0.423772413
   67.420962326    0.423801937    0.423773975
   67.449421998    0.423801920    0.423775465
   67.477881669    0.423801937    0.423776889
   67.506341341    0.423802080    0.423778252
   67.534801013    0.423802379    0.423779556
   67.563260685    0.423802795    0.423780804
   67.591720356    0.423803232    0.423781995
   67.620180028    0.423803582    0.423783130
   67.648639700    0.423803774    0.423784211
   67.677099372    0.423803803    0.423785240
   67.705559043    0.423803733    0.423786221
   67.734018715    0.423803667    0.423787158
   67.762478387    0.423803701    0.423788056
   67.790938058    0.423803885    0.423788917
   67.819397730    0.423804198    0.423789742
   67.847857402    0.423804563    0.423790530
   67.876317074    0.423804875    0.423791283
   67.904776745    0.423805055    0.423791998
   67.933236417    0.423805078    0.423792679
   67.961696089    0.423804986    0.423793327
   67.990155761    0.423804871    0.423793946
   68.018615432    0.423804828    0.423794539
   68.047075104    0.423804922    0.423795110
   68.075534776    0.423805151    0.423795657
   68.103994447    0.423805456    0.423796182
   68.132454119    0.423805741    0.423796683
   68.160913791    0.423805920    0.423797159
   68.189373463    0.423805952    0.423797611
   68.217833134    0.423805860    0.423798041
   68.246292806    0.423805719    0.423798452
   68.274752478    0.423805623    0.423798845
   68.303212150    0.423805646    0.423799224
   68.331671821    0.423805805    0.423799589
   68.360131493    0.423806058    0.423799940
   68.388591165    0.423806320    0.423800275
   68.417050836    0.423806503    0.423800594
   68.445510508    0.423806553    0.423800897
   68.473970180    0.423806474    0.423801184
   68.502429852    0.423806326    0.423801457
   68.530889523    0.423806196    0.423801719
   68.559349195    0.423806164    0.423801971
   68.587808867    0.423806263    0.423802216
   68.616268539    0.423806469    0.423802452
   68.644728210    0.423806709    0.423802678
   68.673187882    0.423806897    0.423802894
   68.701647554    0.423806969    0.423803097
   68.730107225    0.423806912    0.423803290
   68.758566897    0.423806769    0.423803472
   68.787026569    0.423806620    0.423803647
   68.815486241    0.423806546    0.423803817
   68.843945912    0.423806593    0.423803981
   68.872405584    0.423806754    0.423804141
   68.900865256    0.423806971    0.423804295
   68.929324928    0.423807161    0.423804441
   68.957784599    0.423807255    0.423804580
   68.986244271    0.423807225    0.423804710
   69.014703943    0.423807098    0.423804833
   69.043163615    0.423806942    0.423804950
   69.071623286    0.423806836    0.423805064
   69.100082958    0.423806839    0.423805175
   69.128542630    0.423806957    0.423805284
   69.157002301    0.423807149    0.423805389
   69.185461973    0.423807338    0.423805490
   69.213921645    0.423807453    0.423805585
   69.242381317    0.423807452    0.423805674
   69.270840988    0.423807346    0.423805758
   69.299300660    0.423807191    0.423805837
   69.327760332    0.423807065    0.423805913
   69.356220004    0.423807030    0.423805989
   69.384679675    0.423807108    0.423806063
   69.413139347    0.423807273    0.423806136
   69.441599019    0.423807457    0.423806207
   69.470058690    0.423807588    0.423806273
   69.498518362    0.423807616    0.423806335
   69.526978034    0.423807536    0.423806392
   69.555437706    0.423807391    0.423806446
   69.583897377    0.423807252    0.423806498
   69.612357049    0.423807186    0.423806549
   69.640816721    0.423807227    0.423806600
   69.669276393    0.423807363    0.423806651
   69.697736064    0.423807537    0.423806701
   69.726195736    0.423807680    0.423806748
   69.754655408    0.423807734    0.423806791
   69.783115079    0.423807682    0.423806831
   69.811574751    0.423807553    0.423806868
   69.840034423    0.423807409    0.423806903
   69.868494095    0.423807318    0.423806938
   69.896953766    0.423807325    0.423806974
   69.925413438    0.423807431    0.423807010
   69.953873110    0.423807591    0.423807046
   69.982332782    0.423807741    0.423807080
   70.010792453    0.423807819    0.423807111
   70.039252125    0.423807795    0.423807140
   70.067711797    0.423807686    0.423807166
   70.096171468    0.423807544    0.423807190
   70.124631140    0.423807435    0.423807214
   70.153090812    0.423807412    0.423807239
   70.181550484    0.423807487    0.423807266
   70.210010155    0.423807630    0.423807292
   70.238469827    0.423807782    0.423807318
   70.266929499    0.423807879    0.423807341
   70.295389171    0.423807884    0.423807362
   70.323848842    0.423807797    0.423807381
   70.352308514    0.423807663    0.423807398
   70.380768186    0.423807543    0.423807415
   70.409227858    0.423807493    0.423807433
   70.437687529    0.423807538    0.423807452
   70.466147201    0.423807661    0.423807472
   70.494606873    0.423807809    0.423807491
   70.523066544    0.423807922    0.423807510
   70.551526216    0.423807952    0.423807526
   70.579985888    0.423807891    0.423807540
   70.608445560    0.423807769    0.423807552
   70.636905231    0.423807643    0.423807564
   70.665364903    0.423807572    0.423807577
   70.693824575    0.423807588    0.423807591
   70.722284247    0.423807688    0.423807607
   70.750743918    0.423807828    0.423807622
   70.779203590    0.423807951    0.423807637
   70.807663262    0.423808004    0.423807650
   70.836122933    0.423807969    0.423807661
   70.864582605    0.423807863    0.423807670
   70.893042277    0.423807737    0.423807679
   70.921501949    0.423807649    0.423807688
   70.949961620    0.423807639    0.423807699
   70.978421292    0.423807714    0.423807711
   71.006880964    0.423807843    0.423807723
   71.035340636    0.423807971    0.423807736
   71.063800307    0.423808044    0.423807746
   71.092259979    0.423808034    0.423807755
   71.120719651    0.423807948    0.423807763
   71.149179322    0.423807826    0.423807769
   71.177638994    0.423807726    0.423807776
   71.206098666    0.423807693    0.423807785
   71.234558338    0.423807743    0.423807794
   71.263018009    0.423807856    0.423807805
   71.291477681    0.423807984    0.423807815
   71.319937353    0.423808073    0.423807824
   71.348397025    0.423808086    0.423807832
   71.376856696    0.423808021    0.423807838
   71.405316368    0.423807909    0.423807844
   71.433776040    0.423807802    0.423807849
   71.462235711    0.423807748    0.423807855
   71.490695383    0.423807773    0.423807863
   71.519155055    0.423807868    0.423807872
   71.547614727    0.423807993    0.423807881
   71.576074398    0.423808093    0.423807889
   71.604534070    0.423808129    0.423807896
   71.632993742    0.423808086    0.423807902
   71.661453414    0.423807986    0.423807906
   71.689913085    0.423807876    0.423807910
   71.718372757    0.423807806    0.423807915
   71.746832429    0.423807808    0.423807921
   71.775292100    0.423807883    0.423807929
   71.803751772    0.423808000    0.423807937
   71.832211444    0.423808108    0.423807945
   71.860671116    0.423808162    0.423807951
   71.889130787    0.423808142    0.423807956
   71.917590459    0.423808058    0.423807960
   71.946050131    0.423807950    0.423807964
   71.974509803    0.423807867    0.423807968
   72.002969474    0.423807848    0.423807973
   72.031429146    0.423807902    0.423807979
   72.059888818    0.423808007    0.423807986
   72.088348490    0.423808118    0.423807994
   72.116808161    0.423808188    0.423808000
   72.145267833    0.423808189    0.423808005
   72.173727505    0.423808123    0.423808008
   72.202187176    0.423808021    0.423808011
   72.230646848    0.423807930    0.423808015
   72.259106520    0.423807892    0.423808019
   72.287566192    0.423807924    0.423808025
   72.316025863    0.423808015    0.423808031
   72.344485535    0.423808125    0.423808038
   72.372945207    0.423808207    0.423808044
   72.401404879    0.423808229    0.423808049
   72.429864550    0.423808182    0.423808052
   72.458324222    0.423808089    0.423808055
   72.486783894    0.423807994    0.423808058
   72.515243565    0.423807940    0.423808061
   72.543703237    0.423807951    0.423808066
   72.572162909    0.423808025    0.423808072
   72.600622581    0.423808130    0.423808078
   72.629082252    0.423808222    0.423808084
   72.657541924    0.423808261    0.423808089
   72.686001596    0.423808234    0.423808093
   72.714461268    0.423808153    0.423808096
   72.742920939    0.423808058    0.423808098
   72.771380611    0.423807991    0.423808101
   72.799840283    0.423807983    0.423808105
   72.828299954    0.423808039    0.423808110
   72.856759626    0.423808136    0.423808116
   72.885219298    0.423808232    0.423808122
   72.913678970    0.423808287    0.423808127
   72.942138641    0.423808279    0.423808131
   72.970598313    0.423808213    0.423808133
   72.999057985    0.423808121    0.423808136
   73.027517657    0.423808045    0.423808138
   73.055977328    0.423808019    0.423808142
   73.084437000    0.423808057    0.423808147
   73.112896672    0.423808143    0.423808152
   73.141356343    0.423808240    0.423808158
   73.169816015    0.423808307    0.423808163
   73.198275687    0.423808317    0.423808167
   73.226735359    0.423808268    0.423808169
   73.255195030    0.423808182    0.423808172
   73.283654702    0.423808100    0.423808174
   73.312114374    0.423808060    0.423808177
   73.340574046    0.423808079    0.423808181
   73.369033717    0.423808151    0.423808186
   73.397493389    0.423808246    0.423808192
   73.425953061    0.423808322    0.423808197
   73.454412733    0.423808349    0.423808201
   73.482872404    0.423808317    0.423808204
   73.511332076    0.423808241    0.423808206
   73.539791748    0.423808157    0.423808208
   73.568251419    0.423808103    0.423808211
   73.596711091    0.423808105    0.423808214
   73.625170763    0.423808162    0.423808219
   73.653630435    0.423808251    0.423808224
   73.682090106    0.423808333    0.423808229
   73.710549778    0.423808375    0.423808233
   73.739009450    0.423808360    0.423808237
   73.767469122    0.423808296    0.423808239
   73.795928793    0.423808213    0.423808241
   73.824388465    0.423808150    0.423808243
   73.852848137    0.423808135    0.423808246
   73.881307808    0.423808177    0.423808251
   73.909767480    0.423808257    0.423808256
   73.938227152    0.423808342    0.423808261
   73.966686824    0.423808396    0.423808265
   73.995146495    0.423808397    0.423808268
   74.023606167    0.423808347    0.423808270
   74.052065839    0.423808269    0.423808272
   74.080525511    0.423808199    0.423808274
   74.108985182    0.423808170    0.423808277
   74.137444854    0.423808194    0.423808281
   74.165904526    0.423808264    0.423808286
   74.194364197    0.423808348    0.423808291
   74.222823869    0.423808412    0.423808295
   74.251283541    0.423808429    0.423808298
   74.279743213    0.423808393    0.423808301
   74.308202884    0.423808322    0.423808303
   74.336662556    0.423808249    0.423808305
   74.365122228    0.423808207    0.423808307
   74.393581900    0.423808216    0.423808311
   74.422041571    0.423808273    0.423808315
   74.450501243    0.423808354    0.423808320
   74.478960915    0.423808425    0.423808324
   74.507420586    0.423808455    0.423808328
   74.535880258    0.423808435    0.423808331
   74.564339930    0.423808373    0.423808332
   74.592799602    0.423808300    0.423808334
   74.621259273    0.423808248    0.423808337
   74.649718945    0.423808242    0.423808340
   74.678178617    0.423808285    0.423808344
   74.706638289    0.423808359    0.423808348
   74.735097960    0.423808434    0.423808352
   74.763557632    0.423808477    0.423808356
   74.792017304    0.423808471    0.423808359
   74.820476976    0.423808421    0.423808361
   74.848936647    0.423808350    0.423808363
   74.877396319    0.423808291    0.423808365
   74.905855991    0.423808271    0.423808368
   74.934315662    0.423808300    0.423808371
   74.962775334    0.423808365    0.423808375
   74.991235006    0.423808441    0.423808380
   75.019694678    0.423808493    0.423808384
   75.048154349    0.423808502    0.423808387
   75.076614021    0.423808464    0.423808389
   75.105073693    0.423808399    0.423808391
   75.133533365    0.423808335    0.423808392
   75.161993036    0.423808303    0.423808395
   75.190452708    0.423808318    0.423808398
   75.218912380    0.423808373    0.423808402
   75.247372051    0.423808446    0.423808406
   75.275831723    0.423808506    0.423808410
   75.304291395    0.423808528    0.423808413
   75.332751067    0.423808504    0.423808416
   75.361210738    0.423808445    0.423808417
   75.389670410    0.423808380    0.423808419
   75.418130082    0.423808338    0.423808421
   75.446589754    0.423808339    0.423808424
   75.475049425    0.423808383    0.423808428
   75.503509097    0.423808452    0.423808432
   75.531968769    0.423808516    0.423808436
   75.560428440    0.423808549    0.423808439
   75.588888112    0.423808538    0.423808442
   75.617347784    0.423808489    0.423808444
   75.645807456    0.423808425    0.423808445
   75.674267127    0.423808376    0.423808447
   75.702726799    0.423808364    0.423808450
   75.731186471    0.423808395    0.423808453
   75.759646143    0.423808457    0.423808457
   75.788105814    0.423808523    0.423808461
   75.816565486    0.423808566    0.423808464
   75.845025158    0.423808569    0.423808467
   75.873484829    0.423808530    0.423808469
   75.901944501    0.423808470    0.423808470
   75.930404173    0.423808415    0.423808472
   75.958863845    0.423808391    0.423808474
   75.987323516    0.423808410    0.423808477
   76.015783188    0.423808463    0.423808481
   76.044242860    0.423808529    0.423808485
   76.072702532    0.423808580    0.423808488
   76.101162203    0.423808594    0.423808491
   76.129621875    0.423808567    0.423808493
   76.158081547    0.423808513    0.423808495
   76.186541218    0.423808455    0.423808496
   76.215000890    0.423808422    0.423808498
   76.243460562    0.423808428    0.423808501
   76.271920234    0.423808471    0.423808505
   76.300379905    0.423808534    0.423808508
   76.328839577    0.423808590    0.423808512
   76.357299249    0.423808615    0.423808515
   76.385758921    0.423808600    0.423808517
   76.414218592    0.423808553    0.423808518
   76.442678264    0.423808496    0.423808520
   76.471137936    0.423808455    0.423808522
   76.499597608    0.423808449    0.423808524
   76.528057279    0.423808481    0.423808527
   76.556516951    0.423808539    0.423808531
   76.584976623    0.423808597    0.423808534
   76.613436294    0.423808632    0.423808537
   76.641895966    0.423808629    0.423808540
   76.670355638    0.423808591    0.423808541
   76.698815310    0.423808536    0.423808543
   76.727274981    0.423808489    0.423808544
   76.755734653    0.423808472    0.423808547
   76.784194325    0.423808493    0.423808549
   76.812653997    0.423808544    0.423808553
   76.841113668    0.423808603    0.423808556
   76.869573340    0.423808645    0.423808559
   76.898033012    0.423808654    0.423808562
   76.926492683    0.423808626    0.423808564
   76.954952355    0.423808575    0.423808565
   76.983412027    0.423808525    0.423808566
   77.011871699    0.423808498    0.423808568
   77.040331370    0.423808508    0.423808571
   77.068791042    0.423808551    0.423808574
   77.097250714    0.423808608    0.423808577
   77.125710386    0.423808656    0.423808580
   77.154170057    0.423808674    0.423808583
   77.182629729    0.423808657    0.423808585
   77.211089401    0.423808612    0.423808586
   77.239549072    0.423808561    0.423808588
   77.268008744    0.423808527    0.423808589
   77.296468416    0.423808526    0.423808592
   77.324928088    0.423808559    0.423808595
   77.353387759    0.423808612    0.423808598
   77.381847431    0.423808663    0.423808601
   77.410307103    0.423808691    0.423808604
   77.438766775    0.423808684    0.423808606
   77.467226446    0.423808647    0.423808607
   77.495686118    0.423808597    0.423808608
   77.524145790    0.423808557    0.423808610
   77.552605461    0.423808546    0.423808612
   77.581065133    0.423808569    0.423808615
   77.609524805    0.423808616    0.423808618
   77.637984477    0.423808669    0.423808621
   77.666444148    0.423808704    0.423808623
   77.694903820    0.423808707    0.423808625
   77.723363492    0.423808679    0.423808627
   77.751823164    0.423808632    0.423808628
   77.780282835    0.423808589    0.423808630
   77.808742507    0.423808568    0.423808631
   77.837202179    0.423808581    0.423808634
   77.865661851    0.423808621    0.423808637
   77.894121522    0.423808673    0.423808640
   77.922581194    0.423808714    0.423808642
   77.951040866    0.423808727    0.423808645
   77.979500537    0.423808708    0.423808646
   78.007960209    0.423808666    0.423808648
   78.036419881    0.423808621    0.423808649
   78.064879553    0.423808593    0.423808650
   78.093339224    0.423808595    0.423808653
   78.121798896    0.423808628    0.423808655
   78.150258568    0.423808677    0.423808658
   78.178718240    0.423808721    0.423808661
   78.207177911    0.423808743    0.423808663
   78.235637583    0.423808733    0.423808665
   78.264097255    0.423808698    0.423808666
   78.292556926    0.423808653    0.423808667
   78.321016598    0.423808619    0.423808669
   78.349476270    0.423808612    0.423808671
   78.377935942    0.423808636    0.423808673
   78.406395613    0.423808680    0.423808676
   78.434855285    0.423808727    0.423808678
   78.463314957    0.423808756    0.423808681
   78.491774629    0.423808755    0.423808683
   78.520234300    0.423808727    0.423808684
   78.548693972    0.423808685    0.423808685
   78.577153644    0.423808647    0.423808686
   78.605613315    0.423808631    0.423808688
   78.634072987    0.423808646    0.423808690
   78.662532659    0.423808684    0.423808693
   78.690992331    0.423808730    0.423808695
   78.719452002    0.423808765    0.423808698
   78.747911674    0.423808774    0.423808700
   78.776371346    0.423808754    0.423808701
   78.804831018    0.423808715    0.423808702
   78.833290689    0.423808675    0.423808703
   78.861750361    0.423808652    0.423808705
   78.890210033    0.423808658    0.423808707
   78.918669704    0.423808689    0.423808709
   78.947129376    0.423808733    0.423808712
   78.975589048    0.423808772    0.423808714
   79.004048720    0.423808789    0.423808716
   79.032508391    0.423808778    0.423808718
   79.060968063    0.423808744    0.423808719
   79.089427735    0.423808704    0.423808720
   79.117887407    0.423808675    0.423808721
   79.146347078    0.423808672    0.423808723
   79.174806750    0.423808695    0.423808725
   79.203266422    0.423808736    0.423808727
   79.231726093    0.423808777    0.423808730
   79.260185765    0.423808801    0.423808732
   79.288645437    0.423808798    0.423808733
   79.317105109    0.423808771    0.423808734
   79.345564780    0.423808732    0.423808735
   79.374024452    0.423808699    0.423808737
   79.402484124    0.423808688    0.423808738
   79.430943796    0.423808703    0.423808740
   79.459403467    0.423808739    0.423808742
   79.487863139    0.423808780    0.423808745
   79.516322811    0.423808810    0.423808747
   79.544782483    0.423808815    0.423808748
   79.573242154    0.423808795    0.423808750
   79.601701826    0.423808759    0.423808751
   79.630161498    0.423808724    0.423808752
   79.658621169    0.423808706    0.423808753
   79.687080841    0.423808712    0.423808755
   79.715540513    0.423808742    0.423808757
   79.744000185    0.423808782    0.423808759
   79.772459856    0.423808816    0.423808761
   79.800919528    0.423808829    0.423808763
   79.829379200    0.423808817    0.423808764
   79.857838872    0.423808786    0.423808765
   79.886298543    0.423808750    0.423808766
   79.914758215    0.423808725    0.423808767
   79.943217887    0.423808724    0.423808769
   79.971677558    0.423808747    0.423808770
   80.000137230    0.423808784    0.423808773
   80.028596902    0.423808820    0.423808775
   80.057056574    0.423808840    0.423808776
   80.085516245    0.423808836    0.423808778
   80.113975917    0.423808810    0.423808779
   80.142435589    0.423808775    0.423808780
   80.170895261    0.423808746    0.423808781
   80.199354932    0.423808737    0.423808782
   80.227814604    0.423808753    0.423808784
   80.256274276    0.423808786    0.423808786
   80.284733947    0.423808823    0.423808788
   80.313193619    0.423808848    0.423808789
   80.341653291    0.423808851    0.423808791
   80.370112963    0.423808832    0.423808792
   80.398572634    0.423808799    0.423808793
   80.427032306    0.423808768    0.423808794
   80.455491978    0.423808752    0.423808795
   80.483951650    0.423808760    0.423808796
   80.512411321    0.423808788    0.423808798
   80.540870993    0.423808824    0.423808800
   80.569330665    0.423808854    0.423808802
   80.597790336    0.423808864    0.423808803
   80.626250008    0.423808851    0.423808804
   80.654709680    0.423808822    0.423808805
   80.683169352    0.423808790    0.423808806
   80.711629023    0.423808769    0.423808807
   80.740088695    0.423808769    0.423808808
   80.768548367    0.423808791    0.423808810
   80.797008039    0.423808825    0.423808812
   80.825467710    0.423808857    0.423808814
   80.853927382    0.423808874    0.423808815
   80.882387054    0.423808868    0.423808816
   80.910846726    0.423808844    0.423808817
   80.939306397    0.423808812    0.423808818
   80.967766069    0.423808787    0.423808819
   80.996225741    0.423808780    0.423808820
   81.024685412    0.423808795    0.423808821
   81.053145084    0.423808826    0.423808823
   81.081604756    0.423808859    0.423808825
   81.110064428    0.423808880    0.423808826
   81.138524099    0.423808882    0.423808827
   81.166983771    0.423808864    0.423808828
   81.195443443    0.423808834    0.423808829
   81.223903115    0.423808806    0.423808830
   81.252362786    0.423808793    0.423808831
   81.280822458    0.423808801    0.423808832
   81.309282130    0.423808826    0.423808833
   81.337741801    0.423808859    0.423808835
   81.366201473    0.423808885    0.423808837
   81.394661145    0.423808893    0.423808838
   81.423120817    0.423808881    0.423808839
   81.451580488    0.423808854    0.423808839
   81.480040160    0.423808825    0.423808840
   81.508499832    0.423808807    0.423808841
   81.536959504    0.423808808    0.423808842
   81.565419175    0.423808828    0.423808843
   81.593878847    0.423808859    0.423808845
   81.622338519    0.423808887    0.423808846
   81.650798190    0.423808902    0.423808848
   81.679257862    0.423808896    0.423808849
   81.707717534    0.423808873    0.423808849
   81.736177206    0.423808844    0.423808850
   81.764636877    0.423808822    0.423808850
   81.793096549    0.423808817    0.423808851
   81.821556221    0.423808830    0.423808853
   81.850015893    0.423808858    0.423808854
   81.878475564    0.423808888    0.423808856
   81.906935236    0.423808907    0.423808857
   81.935394908    0.423808908    0.423808858
   81.963854579    0.423808891    0.423808859
   81.992314251    0.423808863    0.423808859
   82.020773923    0.423808838    0.423808860
   82.049233595    0.423808827    0.423808860
   82.077693266    0.423808834    0.423808861
   82.106152938    0.423808858    0.423808863
   82.134612610    0.423808887    0.423808864
   82.163072282    0.423808910    0.423808865
   82.191531953    0.423808918    0.423808866
   82.219991625    0.423808906    0.423808867
   82.248451297    0.423808881    0.423808868
   82.276910968    0.423808855    0.423808868
   82.305370640    0.423808838    0.423808869
   82.333830312    0.423808839    0.423808870
   82.362289984    0.423808858    0.423808871
   82.390749655    0.423808886    0.423808872
   82.419209327    0.423808912    0.423808873
   82.447668999    0.423808924    0.423808874
   82.476128671    0.423808919    0.423808875
   82.504588342    0.423808898    0.423808876
   82.533048014    0.423808872    0.423808876
   82.561507686    0.423808851    0.423808877
   82.589967358    0.423808846    0.423808877
   82.618427029    0.423808859    0.423808878
   82.646886701    0.423808884    0.423808880
   82.675346373    0.423808911    0.423808881
   82.703806044    0.423808928    0.423808882
   82.732265716    0.423808929    0.423808883
   82.760725388    0.423808913    0.423808883
   82.789185060    0.423808888    0.423808883
   82.817644731    0.423808865    0.423808884
   82.846104403    0.423808854    0.423808884
   82.874564075    0.423808861    0.423808885
   82.903023747    0.423808882    0.423808886
   82.931483418    0.423808909    0.423808887
   82.959943090    0.423808930    0.423808888
   82.988402762    0.423808937    0.423808889
   83.016862433    0.423808926    0.423808890
   83.045322105    0.423808904    0.423808890
   83.073781777    0.423808879    0.423808890
   83.102241449    0.423808864    0.423808891
   83.130701120    0.423808864    0.423808892
   83.159160792    0.423808881    0.423808892
   83.187620464    0.423808906    0.423808894
   83.216080136    0.423808930    0.423808895
   83.244539807    0.423808942    0.423808895
   83.272999479    0.423808937    0.423808896
   83.301459151    0.423808918    0.423808896
   83.329918822    0.423808893    0.423808896
   83.358378494    0.423808874    0.423808897
   83.386838166    0.423808869    0.423808897
   83.415297838    0.423808880    0.423808898
   83.443757509    0.423808903    0.423808899
   83.472217181    0.423808928    0.423808900
   83.500676853    0.423808945    0.423808901
   83.529136525    0.423808945    0.423808901
   83.557596196    0.423808931    0.423808902
   83.586055868    0.423808907    0.423808902
   83.614515540    0.423808886    0.423808902
   83.642975211    0.423808875    0.423808903
   83.671434883    0.423808881    0.423808903
   83.699894555    0.423808900    0.423808904
   83.728354227    0.423808925    0.423808905
   83.756813898    0.423808945    0.423808906
   83.785273570    0.423808951    0.423808906
   83.813733242    0.423808942    0.423808907
   83.842192914    0.423808921    0.423808907
   83.870652585    0.423808898    0.423808907
   83.899112257    0.423808882    0.423808907
   83.927571929    0.423808882    0.423808908
   83.956031601    0.423808897    0.423808908
   83.984491272    0.423808921    0.423808909
   84.012950944    0.423808943    0.423808910
   84.041410616    0.423808955    0.423808911
   84.069870287    0.423808951    0.423808911
   84.098329959    0.423808933    0.423808911
   84.126789631    0.423808910    0.423808911
   84.155249303    0.423808891    0.423808911
   84.183708974    0.423808885    0.423808912
   84.212168646    0.423808895    0.423808912
   84.240628318    0.423808916    0.423808913
   84.269087990    0.423808940    0.423808914
   84.297547661    0.423808956    0.423808914
   84.326007333    0.423808957    0.423808915
   84.354467005    0.423808944    0.423808915
   84.382926676    0.423808922    0.423808915
   84.411386348    0.423808900    0.423808915
   84.439846020    0.423808889    0.423808915
   84.468305692    0.423808894    0.423808915
   84.496765363    0.423808911    0.423808916
   84.525225035    0.423808935    0.423808917
   84.553684707    0.423808954    0.423808917
   84.582144379    0.423808961    0.423808918
   84.610604050    0.423808953    0.423808918
   84.639063722    0.423808933    0.423808918
   84.667523394    0.423808910    0.423808918
   84.695983065    0.423808895    0.423808918
   84.724442737    0.423808893    0.423808918
   84.752902409    0.423808907    0.423808918
   84.781362081    0.423808929    0.423808919
   84.809821752    0.423808951    0.423808920
   84.838281424    0.423808963    0.423808920
   84.866741096    0.423808960    0.423808920
   84.895200768    0.423808943    0.423808920
   84.923660439    0.423808920    0.423808920
   84.952120111    0.423808901    0.423808920
   84.980579783    0.423808895    0.423808920
   85.009039454    0.423808903    0.423808920
   85.037499126    0.423808923    0.423808921
   85.065958798    0.423808946    0.423808921
   85.094418470    0.423808962    0.423808922
   85.122878141    0.423808964    0.423808922
   85.151337813    0.423808952    0.423808922
   85.179797485    0.423808930    0.423808922
   85.208257157    0.423808909    0.423808922
   85.236716828    0.423808897    0.423808922
   85.265176500    0.423808900    0.423808922
   85.293636172    0.423808916    0.423808922
   85.322095843    0.423808939    0.423808923
   85.350555515    0.423808959    0.423808923
