[b9p34p1014][[16333,1],13][btl_tcp_proc.c:266:mca_btl_tcp_proc_create_interface_graph] Unable to find reachable pairing between local and remote interfaces
[b9p34p1014][[16333,1],0][btl_tcp_proc.c:266:mca_btl_tcp_proc_create_interface_graph] Unable to find reachable pairing between local and remote interfaces
[b9p34p1014][[16333,1],0][btl_tcp_proc.c:266:mca_btl_tcp_proc_create_interface_graph] Unable to find reachable pairing between local and remote interfaces
[b9p34p1014][[16333,1],13][btl_tcp_proc.c:266:mca_btl_tcp_proc_create_interface_graph] Unable to find reachable pairing between local and remote interfaces
[b9p34p1014][[16333,1],0][btl_tcp_proc.c:266:mca_btl_tcp_proc_create_interface_graph] Unable to find reachable pairing between local and remote interfaces
[b9p34p1014][[16333,1],13][btl_tcp_proc.c:266:mca_btl_tcp_proc_create_interface_graph] Unable to find reachable pairing between local and remote interfaces
[b9p34p1014][[16333,1],0][btl_tcp_proc.c:266:mca_btl_tcp_proc_create_interface_graph] Unable to find reachable pairing between local and remote interfaces
[b9p34p1014][[16333,1],13][btl_tcp_proc.c:266:mca_btl_tcp_proc_create_interface_graph] Unable to find reachable pairing between local and remote interfaces
[b9p34p1014][[16333,1],0][btl_tcp_proc.c:266:mca_btl_tcp_proc_create_interface_graph] Unable to find reachable pairing between local and remote interfaces
[b9p34p1014][[16333,1],13][btl_tcp_proc.c:266:mca_btl_tcp_proc_create_interface_graph] Unable to find reachable pairing between local and remote interfaces
[b9p34p1014][[16333,1],3][btl_tcp_proc.c:266:mca_btl_tcp_proc_create_interface_graph] Unable to find reachable pairing between local and remote interfaces
[b9p34p1014][[16333,1],0][btl_tcp_proc.c:266:mca_btl_tcp_proc_create_interface_graph] Unable to find reachable pairing between local and remote interfaces
[b9p34p1014][[16333,1],13][btl_tcp_proc.c:266:mca_btl_tcp_proc_create_interface_graph] Unable to find reachable pairing between local and remote interfaces
[b9p34p1014][[16333,1],3][btl_tcp_proc.c:266:mca_btl_tcp_proc_create_interface_graph] Unable to find reachable pairing between local and remote interfaces
[b9p34p1014][[16333,1],0][btl_tcp_proc.c:266:mca_btl_tcp_proc_create_interface_graph] Unable to find reachable pairing between local and remote interfaces
[b9p34p1014][[16333,1],13][btl_tcp_proc.c:266:mca_btl_tcp_proc_create_interface_graph] Unable to find reachable pairing between local and remote interfaces
[b9p34p1014][[16333,1],3][btl_tcp_proc.c:266:mca_btl_tcp_proc_create_interface_graph] Unable to find reachable pairing between local and remote interfaces
[b9p34p1014][[16333,1],0][btl_tcp_proc.c:266:mca_btl_tcp_proc_create_interface_graph] Unable to find reachable pairing between local and remote interfaces
[b9p34p1014][[16333,1],13][btl_tcp_proc.c:266:mca_btl_tcp_proc_create_interface_graph] Unable to find reachable pairing between local and remote interfaces
[b9p34p1014][[16333,1],3][btl_tcp_proc.c:266:mca_btl_tcp_proc_create_interface_graph] Unable to find reachable pairing between local and remote interfaces
[b9p34p1014][[16333,1],0][btl_tcp_proc.c:266:mca_btl_tcp_proc_create_interface_graph] Unable to find reachable pairing between local and remote interfaces
[b9p34p1014][[16333,1],13][btl_tcp_proc.c:266:mca_btl_tcp_proc_create_interface_graph] Unable to find reachable pairing between local and remote interfaces
[b9p34p1014][[16333,1],3][btl_tcp_proc.c:266:mca_btl_tcp_proc_create_interface_graph] Unable to find reachable pairing between local and remote interfaces
[b9p34p1014][[16333,1],0][btl_tcp_proc.c:266:mca_btl_tcp_proc_create_interface_graph] Unable to find reachable pairing between local and remote interfaces
[b9p34p1014][[16333,1],3][btl_tcp_proc.c:266:mca_btl_tcp_proc_create_interface_graph] Unable to find reachable pairing between local and remote interfaces
[b9p34p1014][[16333,1],13][btl_tcp_proc.c:266:mca_btl_tcp_proc_create_interface_graph] Unable to find reachable pairing between local and remote interfaces
[b9p34p1014][[16333,1],0][btl_tcp_proc.c:266:mca_btl_tcp_proc_create_interface_graph] Unable to find reachable pairing between local and remote interfaces
[b9p34p1014][[16333,1],3][btl_tcp_proc.c:266:mca_btl_tcp_proc_create_interface_graph] Unable to find reachable pairing between local and remote interfaces
[b9p34p1014][[16333,1],13][btl_tcp_proc.c:266:mca_btl_tcp_proc_create_interface_graph] Unable to find reachable pairing between local and remote interfaces
[b9p34p1014][[16333,1],3][btl_tcp_proc.c:266:mca_btl_tcp_proc_create_interface_graph] Unable to find reachable pairing between local and remote interfaces
[b9p34p1014][[16333,1],0][btl_tcp_proc.c:266:mca_btl_tcp_proc_create_interface_graph] Unable to find reachable pairing between local and remote interfaces
[b9p34p1014][[16333,1],6][btl_tcp_proc.c:266:mca_btl_tcp_proc_create_interface_graph] Unable to find reachable pairing between local and remote interfaces
[b9p34p1014][[16333,1],13][btl_tcp_proc.c:266:mca_btl_tcp_proc_create_interface_graph] Unable to find reachable pairing between local and remote interfaces
[b9p34p1014][[16333,1],3][btl_tcp_proc.c:266:mca_btl_tcp_proc_create_interface_graph] Unable to find reachable pairing between local and remote interfaces
[b9p34p1014][[16333,1],0][btl_tcp_proc.c:266:mca_btl_tcp_proc_create_interface_graph] Unable to find reachable pairing between local and remote interfaces
[b9p34p1014][[16333,1],13][btl_tcp_proc.c:266:mca_btl_tcp_proc_create_interface_graph] Unable to find reachable pairing between local and remote interfaces
[b9p34p1014][[16333,1],3][btl_tcp_proc.c:266:mca_btl_tcp_proc_create_interface_graph] Unable to find reachable pairing between local and remote interfaces
[b9p34p1014][[16333,1],6][btl_tcp_proc.c:266:mca_btl_tcp_proc_create_interface_graph] Unable to find reachable pairing between local and remote interfaces
[b9p34p1014][[16333,1],0][btl_tcp_proc.c:266:mca_btl_tcp_proc_create_interface_graph] Unable to find reachable pairing between local and remote interfaces
[b9p34p1014][[16333,1],13][btl_tcp_proc.c:266:mca_btl_tcp_proc_create_interface_graph] Unable to find reachable pairing between local and remote interfaces
[b9p34p1014][[16333,1],3][btl_tcp_proc.c:266:mca_btl_tcp_proc_create_interface_graph] Unable to find reachable pairing between local and remote interfaces
[b9p34p1014][[16333,1],0][btl_tcp_proc.c:266:mca_btl_tcp_proc_create_interface_graph] Unable to find reachable pairing between local and remote interfaces
[b9p34p1014][[16333,1],6][btl_tcp_proc.c:266:mca_btl_tcp_proc_create_interface_graph] Unable to find reachable pairing between local and remote interfaces
[b9p34p1014][[16333,1],3][btl_tcp_proc.c:266:mca_btl_tcp_proc_create_interface_graph] Unable to find reachable pairing between local and remote interfaces
[b9p34p1014][[16333,1],13][btl_tcp_proc.c:266:mca_btl_tcp_proc_create_interface_graph] Unable to find reachable pairing between local and remote interfaces
[b9p34p1014][[16333,1],6][btl_tcp_proc.c:266:mca_btl_tcp_proc_create_interface_graph] Unable to find reachable pairing between local and remote interfaces
[b9p34p1014][[16333,1],3][btl_tcp_proc.c:266:mca_btl_tcp_proc_create_interface_graph] Unable to find reachable pairing between local and remote interfaces
[b9p34p1014][[16333,1],3][btl_tcp_proc.c:266:mca_btl_tcp_proc_create_interface_graph] Unable to find reachable pairing between local and remote interfaces
[b9p34p1014][[16333,1],6][btl_tcp_proc.c:266:mca_btl_tcp_proc_create_interface_graph] Unable to find reachable pairing between local and remote interfaces
[b9p34p1014][[16333,1],3][btl_tcp_proc.c:266:mca_btl_tcp_proc_create_interface_graph] Unable to find reachable pairing between local and remote interfaces
[b9p34p1014][[16333,1],6][btl_tcp_proc.c:266:mca_btl_tcp_proc_create_interface_graph] Unable to find reachable pairing between local and remote interfaces
[b9p34p1014][[16333,1],10][btl_tcp_proc.c:266:mca_btl_tcp_proc_create_interface_graph] Unable to find reachable pairing between local and remote interfaces
[b9p34p1014][[16333,1],6][btl_tcp_proc.c:266:mca_btl_tcp_proc_create_interface_graph] Unable to find reachable pairing between local and remote interfaces
[b9p34p1014][[16333,1],6][btl_tcp_proc.c:266:mca_btl_tcp_proc_create_interface_graph] Unable to find reachable pairing between local and remote interfaces
[b9p34p1014][[16333,1],10][btl_tcp_proc.c:266:mca_btl_tcp_proc_create_interface_graph] Unable to find reachable pairing between local and remote interfaces
[b9p34p1014][[16333,1],5][btl_tcp_proc.c:266:mca_btl_tcp_proc_create_interface_graph] Unable to find reachable pairing between local and remote interfaces
[b9p34p1014][[16333,1],6][btl_tcp_proc.c:266:mca_btl_tcp_proc_create_interface_graph] Unable to find reachable pairing between local and remote interfaces
[b9p34p1014][[16333,1],11][btl_tcp_proc.c:266:mca_btl_tcp_proc_create_interface_graph] Unable to find reachable pairing between local and remote interfaces
[b9p34p1014][[16333,1],10][btl_tcp_proc.c:266:mca_btl_tcp_proc_create_interface_graph] Unable to find reachable pairing between local and remote interfaces
[b9p34p1014][[16333,1],6][btl_tcp_proc.c:266:mca_btl_tcp_proc_create_interface_graph] Unable to find reachable pairing between local and remote interfaces
[b9p34p1014][[16333,1],10][btl_tcp_proc.c:266:mca_btl_tcp_proc_create_interface_graph] Unable to find reachable pairing between local and remote interfaces
[b9p34p1014][[16333,1],5][btl_tcp_proc.c:266:mca_btl_tcp_proc_create_interface_graph] Unable to find reachable pairing between local and remote interfaces
[b9p34p1014][[16333,1],11][btl_tcp_proc.c:266:mca_btl_tcp_proc_create_interface_graph] Unable to find reachable pairing between local and remote interfaces
[b9p34p1014][[16333,1],6][btl_tcp_proc.c:266:mca_btl_tcp_proc_create_interface_graph] Unable to find reachable pairing between local and remote interfaces
[b9p34p1014][[16333,1],10][btl_tcp_proc.c:266:mca_btl_tcp_proc_create_interface_graph] Unable to find reachable pairing between local and remote interfaces
[b9p34p1014][[16333,1],5][btl_tcp_proc.c:266:mca_btl_tcp_proc_create_interface_graph] Unable to find reachable pairing between local and remote interfaces
[b9p34p1014][[16333,1],6][btl_tcp_proc.c:266:mca_btl_tcp_proc_create_interface_graph] Unable to find reachable pairing between local and remote interfaces
[b9p34p1014][[16333,1],11][btl_tcp_proc.c:266:mca_btl_tcp_proc_create_interface_graph] Unable to find reachable pairing between local and remote interfaces
[b9p34p1014][[16333,1],10][btl_tcp_proc.c:266:mca_btl_tcp_proc_create_interface_graph] Unable to find reachable pairing between local and remote interfaces
[b9p34p1014][[16333,1],5][btl_tcp_proc.c:266:mca_btl_tcp_proc_create_interface_graph] Unable to find reachable pairing between local and remote interfaces
[b9p34p1014][[16333,1],12][btl_tcp_proc.c:266:mca_btl_tcp_proc_create_interface_graph] Unable to find reachable pairing between local and remote interfaces
[b9p34p1014][[16333,1],6][btl_tcp_proc.c:266:mca_btl_tcp_proc_create_interface_graph] Unable to find reachable pairing between local and remote interfaces
[b9p34p1014][[16333,1],11][btl_tcp_proc.c:266:mca_btl_tcp_proc_create_interface_graph] Unable to find reachable pairing between local and remote interfaces
[b9p34p1014][[16333,1],9][btl_tcp_proc.c:266:mca_btl_tcp_proc_create_interface_graph] Unable to find reachable pairing between local and remote interfaces
[b9p34p1014][[16333,1],10][btl_tcp_proc.c:266:mca_btl_tcp_proc_create_interface_graph] Unable to find reachable pairing between local and remote interfaces
[b9p34p1014][[16333,1],8][btl_tcp_proc.c:266:mca_btl_tcp_proc_create_interface_graph] Unable to find reachable pairing between local and remote interfaces
[b9p34p1014][[16333,1],5][btl_tcp_proc.c:266:mca_btl_tcp_proc_create_interface_graph] Unable to find reachable pairing between local and remote interfaces
[b9p34p1014][[16333,1],2][btl_tcp_proc.c:266:mca_btl_tcp_proc_create_interface_graph] Unable to find reachable pairing between local and remote interfaces
[b9p34p1014][[16333,1],6][btl_tcp_proc.c:266:mca_btl_tcp_proc_create_interface_graph] Unable to find reachable pairing between local and remote interfaces
[b9p34p1014][[16333,1],11][btl_tcp_proc.c:266:mca_btl_tcp_proc_create_interface_graph] Unable to find reachable pairing between local and remote interfaces
[b9p34p1014][[16333,1],10][btl_tcp_proc.c:266:mca_btl_tcp_proc_create_interface_graph] Unable to find reachable pairing between local and remote interfaces
[b9p34p1014][[16333,1],12][btl_tcp_proc.c:266:mca_btl_tcp_proc_create_interface_graph] Unable to find reachable pairing between local and remote interfaces
[b9p34p1014][[16333,1],5][btl_tcp_proc.c:266:mca_btl_tcp_proc_create_interface_graph] Unable to find reachable pairing between local and remote interfaces
[b9p34p1014][[16333,1],9][btl_tcp_proc.c:266:mca_btl_tcp_proc_create_interface_graph] Unable to find reachable pairing between local and remote interfaces
[b9p34p1014][[16333,1],6][btl_tcp_proc.c:266:mca_btl_tcp_proc_create_interface_graph] Unable to find reachable pairing between local and remote interfaces
[b9p34p1014][[16333,1],8][btl_tcp_proc.c:266:mca_btl_tcp_proc_create_interface_graph] Unable to find reachable pairing between local and remote interfaces
[b9p34p1014][[16333,1],2][btl_tcp_proc.c:266:mca_btl_tcp_proc_create_interface_graph] Unable to find reachable pairing between local and remote interfaces
[b9p34p1014][[16333,1],11][btl_tcp_proc.c:266:mca_btl_tcp_proc_create_interface_graph] Unable to find reachable pairing between local and remote interfaces
[b9p34p1014][[16333,1],11][btl_tcp_proc.c:266:mca_btl_tcp_proc_create_interface_graph] [b9p34p1014][[16333,1],10][btl_tcp_proc.c:266:mca_btl_tcp_proc_create_interface_graph] Unable to find reachable pairing between local and remote interfaces
[b9p34p1014][[16333,1],10][btl_tcp_proc.c:266:mca_btl_tcp_proc_create_interface_graph] Unable to find reachable pairing between local and remote interfaces
[b9p34p1014][[16333,1],12][btl_tcp_proc.c:266:mca_btl_tcp_proc_create_interface_graph] Unable to find reachable pairing between local and remote interfaces
[b9p34p1014][[16333,1],12][btl_tcp_proc.c:266:mca_btl_tcp_proc_create_interface_graph] Unable to find reachable pairing between local and remote interfaces
[b9p34p1014][[16333,1],5][btl_tcp_proc.c:266:mca_btl_tcp_proc_create_interface_graph] Unable to find reachable pairing between local and remote interfaces
[b9p34p1014][[16333,1],5][btl_tcp_proc.c:266:mca_btl_tcp_proc_create_interface_graph] Unable to find reachable pairing between local and remote interfaces
[b9p34p1014][[16333,1],7][btl_tcp_proc.c:266:mca_btl_tcp_proc_create_interface_graph] Unable to find reachable pairing between local and remote interfaces
[b9p34p1014][[16333,1],2][btl_tcp_proc.c:266:mca_btl_tcp_proc_create_interface_graph] Unable to find reachable pairing between local and remote interfaces
[b9p34p1014][[16333,1],9][btl_tcp_proc.c:266:mca_btl_tcp_proc_create_interface_graph] Unable to find reachable pairing between local and remote interfaces
Unable to find reachable pairing between local and remote interfaces
[b9p34p1014][[16333,1],8][btl_tcp_proc.c:266:mca_btl_tcp_proc_create_interface_graph] Unable to find reachable pairing between local and remote interfaces
[b9p34p1014][[16333,1],10][btl_tcp_proc.c:266:mca_btl_tcp_proc_create_interface_graph] Unable to find reachable pairing between local and remote interfaces
[b9p34p1014][[16333,1],10][btl_tcp_proc.c:266:mca_btl_tcp_proc_create_interface_graph] [b9p34p1014][[16333,1],12][btl_tcp_proc.c:266:mca_btl_tcp_proc_create_interface_graph] Unable to find reachable pairing between local and remote interfaces
[b9p34p1014][[16333,1],2][btl_tcp_proc.c:266:mca_btl_tcp_proc_create_interface_graph] Unable to find reachable pairing between local and remote interfaces
[b9p34p1014][[16333,1],11][btl_tcp_proc.c:266:mca_btl_tcp_proc_create_interface_graph] Unable to find reachable pairing between local and remote interfaces
[b9p34p1014][[16333,1],7][btl_tcp_proc.c:266:mca_btl_tcp_proc_create_interface_graph] Unable to find reachable pairing between local and remote interfaces
[b9p34p1014][[16333,1],9][btl_tcp_proc.c:266:mca_btl_tcp_proc_create_interface_graph] Unable to find reachable pairing between local and remote interfaces
[b9p34p1014][[16333,1],9][btl_tcp_proc.c:266:mca_btl_tcp_proc_create_interface_graph] Unable to find reachable pairing between local and remote interfaces
[b9p34p1014][[16333,1],5][btl_tcp_proc.c:266:mca_btl_tcp_proc_create_interface_graph] Unable to find reachable pairing between local and remote interfaces
[b9p34p1014][[16333,1],5][btl_tcp_proc.c:266:mca_btl_tcp_proc_create_interface_graph] Unable to find reachable pairing between local and remote interfaces
[b9p34p1014][[16333,1],8][btl_tcp_proc.c:266:mca_btl_tcp_proc_create_interface_graph] Unable to find reachable pairing between local and remote interfaces
[b9p34p1014][[16333,1],8][btl_tcp_proc.c:266:mca_btl_tcp_proc_create_interface_graph] Unable to find reachable pairing between local and remote interfaces
Unable to find reachable pairing between local and remote interfaces
[b9p34p1014][[16333,1],10][btl_tcp_proc.c:266:mca_btl_tcp_proc_create_interface_graph] Unable to find reachable pairing between local and remote interfaces
[b9p34p1014][[16333,1],12][btl_tcp_proc.c:266:mca_btl_tcp_proc_create_interface_graph] Unable to find reachable pairing between local and remote interfaces
[b9p34p1014][[16333,1],2][btl_tcp_proc.c:266:mca_btl_tcp_proc_create_interface_graph] Unable to find reachable pairing between local and remote interfaces
[b9p34p1014][[16333,1],11][btl_tcp_proc.c:266:mca_btl_tcp_proc_create_interface_graph] Unable to find reachable pairing between local and remote interfaces
[b9p34p1014][[16333,1],7][btl_tcp_proc.c:266:mca_btl_tcp_proc_create_interface_graph] Unable to find reachable pairing between local and remote interfaces
[b9p34p1014][[16333,1],12][btl_tcp_proc.c:266:mca_btl_tcp_proc_create_interface_graph] Unable to find reachable pairing between local and remote interfaces
[b9p34p1014][[16333,1],10][btl_tcp_proc.c:266:mca_btl_tcp_proc_create_interface_graph] Unable to find reachable pairing between local and remote interfaces
[b9p34p1014][[16333,1],9][btl_tcp_proc.c:266:mca_btl_tcp_proc_create_interface_graph] Unable to find reachable pairing between local and remote interfaces
[b9p34p1014][[16333,1],2][btl_tcp_proc.c:266:mca_btl_tcp_proc_create_interface_graph] Unable to find reachable pairing between local and remote interfaces
[b9p34p1014][[16333,1],5][btl_tcp_proc.c:266:mca_btl_tcp_proc_create_interface_graph] Unable to find reachable pairing between local and remote interfaces
[b9p34p1014][[16333,1],11][btl_tcp_proc.c:266:mca_btl_tcp_proc_create_interface_graph] Unable to find reachable pairing between local and remote interfaces
[b9p34p1014][[16333,1],7][btl_tcp_proc.c:266:mca_btl_tcp_proc_create_interface_graph] Unable to find reachable pairing between local and remote interfaces
[b9p34p1014][[16333,1],8][btl_tcp_proc.c:266:mca_btl_tcp_proc_create_interface_graph] Unable to find reachable pairing between local and remote interfaces
[b9p34p1014][[16333,1],10][btl_tcp_proc.c:266:mca_btl_tcp_proc_create_interface_graph] Unable to find reachable pairing between local and remote interfaces
[b9p34p1014][[16333,1],5][btl_tcp_proc.c:266:mca_btl_tcp_proc_create_interface_graph] Unable to find reachable pairing between local and remote interfaces
[b9p34p1014][[16333,1],12][btl_tcp_proc.c:266:mca_btl_tcp_proc_create_interface_graph] Unable to find reachable pairing between local and remote interfaces
[b9p34p1014][[16333,1],2][btl_tcp_proc.c:266:mca_btl_tcp_proc_create_interface_graph] Unable to find reachable pairing between local and remote interfaces
[b9p34p1014][[16333,1],9][btl_tcp_proc.c:266:mca_btl_tcp_proc_create_interface_graph] Unable to find reachable pairing between local and remote interfaces
[b9p34p1014][[16333,1],9][btl_tcp_proc.c:266:mca_btl_tcp_proc_create_interface_graph] Unable to find reachable pairing between local and remote interfaces[b9p34p1014][[16333,1],11][btl_tcp_proc.c:266:mca_btl_tcp_proc_create_interface_graph] Unable to find reachable pairing between local and remote interfaces
[b9p34p1014][[16333,1],11][btl_tcp_proc.c:266:mca_btl_tcp_proc_create_interface_graph] Unable to find reachable pairing between local and remote interfaces
[b9p34p1014][[16333,1],7][btl_tcp_proc.c:266:mca_btl_tcp_proc_create_interface_graph] Unable to find reachable pairing between local and remote interfaces
[b9p34p1014][[16333,1],7][btl_tcp_proc.c:266:mca_btl_tcp_proc_create_interface_graph] Unable to find reachable pairing between local and remote interfaces[b9p34p1014][[16333,1],8][btl_tcp_proc.c:266:mca_btl_tcp_proc_create_interface_graph] Unable to find reachable pairing between local and remote interfaces
[b9p34p1014][[16333,1],8][btl_tcp_proc.c:266:mca_btl_tcp_proc_create_interface_graph] Unable to find reachable pairing between local and remote interfaces
[b9p34p1014][[16333,1],5][btl_tcp_proc.c:266:mca_btl_tcp_proc_create_interface_graph] Unable to find reachable pairing between local and remote interfaces
[b9p34p1014][[16333,1],5][btl_tcp_proc.c:266:mca_btl_tcp_proc_create_interface_graph] Unable to find reachable pairing between local and remote interfaces
[b9p34p1014][[16333,1],12][btl_tcp_proc.c:266:mca_btl_tcp_proc_create_interface_graph] Unable to find reachable pairing between local and remote interfaces
[b9p34p1014][[16333,1],2][btl_tcp_proc.c:266:mca_btl_tcp_proc_create_interface_graph] Unable to find reachable pairing between local and remote interfaces


[b9p34p1014][[16333,1],12][btl_tcp_proc.c:266:mca_btl_tcp_proc_create_interface_graph] Unable to find reachable pairing between local and remote interfaces
[b9p34p1014][[16333,1],2][btl_tcp_proc.c:266:mca_btl_tcp_proc_create_interface_graph] Unable to find reachable pairing between local and remote interfaces
[b9p34p1014][[16333,1],9][btl_tcp_proc.c:266:mca_btl_tcp_proc_create_interface_graph] Unable to find reachable pairing between local and remote interfaces
[b9p34p1014][[16333,1],11][btl_tcp_proc.c:266:mca_btl_tcp_proc_create_interface_graph] Unable to find reachable pairing between local and remote interfaces
[b9p34p1014][[16333,1],1][btl_tcp_proc.c:266:mca_btl_tcp_proc_create_interface_graph] Unable to find reachable pairing between local and remote interfaces
[b9p34p1014][[16333,1],8][btl_tcp_proc.c:266:mca_btl_tcp_proc_create_interface_graph] Unable to find reachable pairing between local and remote interfaces
[b9p34p1014][[16333,1],8][btl_tcp_proc.c:266:mca_btl_tcp_proc_create_interface_graph] Unable to find reachable pairing between local and remote interfaces
[b9p34p1014][[16333,1],5][btl_tcp_proc.c:266:mca_btl_tcp_proc_create_interface_graph] Unable to find reachable pairing between local and remote interfaces
[b9p34p1014][[16333,1],7][btl_tcp_proc.c:266:mca_btl_tcp_proc_create_interface_graph] Unable to find reachable pairing between local and remote interfaces
[b9p34p1014][[16333,1],7][btl_tcp_proc.c:266:mca_btl_tcp_proc_create_interface_graph] Unable to find reachable pairing between local and remote interfaces
[b9p34p1014][[16333,1],9][btl_tcp_proc.c:266:mca_btl_tcp_proc_create_interface_graph] Unable to find reachable pairing between local and remote interfaces
[b9p34p1014][[16333,1],9][btl_tcp_proc.c:266:mca_btl_tcp_proc_create_interface_graph] Unable to find reachable pairing between local and remote interfaces
[b9p34p1014][[16333,1],12][btl_tcp_proc.c:266:mca_btl_tcp_proc_create_interface_graph] Unable to find reachable pairing between local and remote interfaces
[b9p34p1014][[16333,1],12][btl_tcp_proc.c:266:mca_btl_tcp_proc_create_interface_graph] Unable to find reachable pairing between local and remote interfaces
[b9p34p1014][[16333,1],2][btl_tcp_proc.c:266:mca_btl_tcp_proc_create_interface_graph] Unable to find reachable pairing between local and remote interfaces
[b9p34p1014][[16333,1],2][btl_tcp_proc.c:266:mca_btl_tcp_proc_create_interface_graph] Unable to find reachable pairing between local and remote interfaces
[b9p34p1014][[16333,1],11][btl_tcp_proc.c:266:mca_btl_tcp_proc_create_interface_graph] Unable to find reachable pairing between local and remote interfaces
[b9p34p1014][[16333,1],11][btl_tcp_proc.c:266:mca_btl_tcp_proc_create_interface_graph] Unable to find reachable pairing between local and remote interfaces
[b9p34p1014][[16333,1],1][btl_tcp_proc.c:266:mca_btl_tcp_proc_create_interface_graph] Unable to find reachable pairing between local and remote interfaces
[b9p34p1014][[16333,1],8][btl_tcp_proc.c:266:mca_btl_tcp_proc_create_interface_graph] Unable to find reachable pairing between local and remote interfaces
[b9p34p1014][[16333,1],7][btl_tcp_proc.c:266:mca_btl_tcp_proc_create_interface_graph] Unable to find reachable pairing between local and remote interfaces
[b9p34p1014][[16333,1],9][btl_tcp_proc.c:266:mca_btl_tcp_proc_create_interface_graph] Unable to find reachable pairing between local and remote interfaces
[b9p34p1014][[16333,1],2][btl_tcp_proc.c:266:mca_btl_tcp_proc_create_interface_graph] Unable to find reachable pairing between local and remote interfaces
[b9p34p1014][[16333,1],12][btl_tcp_proc.c:266:mca_btl_tcp_proc_create_interface_graph] Unable to find reachable pairing between local and remote interfaces
[b9p34p1014][[16333,1],1][btl_tcp_proc.c:266:mca_btl_tcp_proc_create_interface_graph] Unable to find reachable pairing between local and remote interfaces
[b9p34p1014][[16333,1],8][btl_tcp_proc.c:266:mca_btl_tcp_proc_create_interface_graph] Unable to find reachable pairing between local and remote interfaces
[b9p34p1014][[16333,1],9][btl_tcp_proc.c:266:mca_btl_tcp_proc_create_interface_graph] Unable to find reachable pairing between local and remote interfaces
[b9p34p1014][[16333,1],7][btl_tcp_proc.c:266:mca_btl_tcp_proc_create_interface_graph] Unable to find reachable pairing between local and remote interfaces
[b9p34p1014][[16333,1],2][btl_tcp_proc.c:266:mca_btl_tcp_proc_create_interface_graph] Unable to find reachable pairing between local and remote interfaces
[b9p34p1014][[16333,1],12][btl_tcp_proc.c:266:mca_btl_tcp_proc_create_interface_graph] Unable to find reachable pairing between local and remote interfaces
[b9p34p1014][[16333,1],8][btl_tcp_proc.c:266:mca_btl_tcp_proc_create_interface_graph] Unable to find reachable pairing between local and remote interfaces
[b9p34p1014][[16333,1],15][btl_tcp_proc.c:266:mca_btl_tcp_proc_create_interface_graph] Unable to find reachable pairing between local and remote interfaces
[b9p34p1014][[16333,1],1][btl_tcp_proc.c:266:mca_btl_tcp_proc_create_interface_graph] Unable to find reachable pairing between local and remote interfaces
[b9p34p1014][[16333,1],9][btl_tcp_proc.c:266:mca_btl_tcp_proc_create_interface_graph] Unable to find reachable pairing between local and remote interfaces
[b9p34p1014][[16333,1],7][btl_tcp_proc.c:266:mca_btl_tcp_proc_create_interface_graph] Unable to find reachable pairing between local and remote interfaces
[b9p34p1014][[16333,1],2][btl_tcp_proc.c:266:mca_btl_tcp_proc_create_interface_graph] Unable to find reachable pairing between local and remote interfaces
[b9p34p1014][[16333,1],12][btl_tcp_proc.c:266:mca_btl_tcp_proc_create_interface_graph] Unable to find reachable pairing between local and remote interfaces
[b9p34p1014][[16333,1],8][btl_tcp_proc.c:266:mca_btl_tcp_proc_create_interface_graph] Unable to find reachable pairing between local and remote interfaces
[b9p34p1014][[16333,1],8][btl_tcp_proc.c:266:mca_btl_tcp_proc_create_interface_graph] Unable to find reachable pairing between local and remote interfaces
[b9p34p1014][[16333,1],9][btl_tcp_proc.c:266:mca_btl_tcp_proc_create_interface_graph] Unable to find reachable pairing between local and remote interfaces
[b9p34p1014][[16333,1],1][btl_tcp_proc.c:266:mca_btl_tcp_proc_create_interface_graph] Unable to find reachable pairing between local and remote interfaces
[b9p34p1014][[16333,1],7][btl_tcp_proc.c:266:mca_btl_tcp_proc_create_interface_graph] Unable to find reachable pairing between local and remote interfaces
[b9p34p1014][[16333,1],2][btl_tcp_proc.c:266:mca_btl_tcp_proc_create_interface_graph] Unable to find reachable pairing between local and remote interfaces
[b9p34p1014][[16333,1],15][btl_tcp_proc.c:266:mca_btl_tcp_proc_create_interface_graph] Unable to find reachable pairing between local and remote interfaces
[b9p34p1014][[16333,1],1][btl_tcp_proc.c:266:mca_btl_tcp_proc_create_interface_graph] Unable to find reachable pairing between local and remote interfaces
[b9p34p1014][[16333,1],7][btl_tcp_proc.c:266:mca_btl_tcp_proc_create_interface_graph] Unable to find reachable pairing between local and remote interfaces
[b9p34p1014][[16333,1],15][btl_tcp_proc.c:266:mca_btl_tcp_proc_create_interface_graph] Unable to find reachable pairing between local and remote interfaces
[b9p34p1014][[16333,1],1][btl_tcp_proc.c:266:mca_btl_tcp_proc_create_interface_graph] Unable to find reachable pairing between local and remote interfaces
[b9p34p1014][[16333,1],7][btl_tcp_proc.c:266:mca_btl_tcp_proc_create_interface_graph] Unable to find reachable pairing between local and remote interfaces
[b9p34p1014][[16333,1],15][btl_tcp_proc.c:266:mca_btl_tcp_proc_create_interface_graph] Unable to find reachable pairing between local and remote interfaces
[b9p34p1014][[16333,1],15][btl_tcp_proc.c:266:mca_btl_tcp_proc_create_interface_graph] Unable to find reachable pairing between local and remote interfaces
[b9p34p1014][[16333,1],7][btl_tcp_proc.c:266:mca_btl_tcp_proc_create_interface_graph] Unable to find reachable pairing between local and remote interfaces
[b9p34p1014][[16333,1],1][btl_tcp_proc.c:266:mca_btl_tcp_proc_create_interface_graph] Unable to find reachable pairing between local and remote interfaces
[b9p34p1014][[16333,1],15][btl_tcp_proc.c:266:mca_btl_tcp_proc_create_interface_graph] Unable to find reachable pairing between local and remote interfaces
[b9p34p1014][[16333,1],1][btl_tcp_proc.c:266:mca_btl_tcp_proc_create_interface_graph] Unable to find reachable pairing between local and remote interfaces
[b9p34p1014][[16333,1],14][btl_tcp_proc.c:266:mca_btl_tcp_proc_create_interface_graph] Unable to find reachable pairing between local and remote interfaces
[b9p34p1014][[16333,1],4][btl_tcp_proc.c:266:mca_btl_tcp_proc_create_interface_graph] Unable to find reachable pairing between local and remote interfaces
[b9p34p1014][[16333,1],15][btl_tcp_proc.c:266:mca_btl_tcp_proc_create_interface_graph] Unable to find reachable pairing between local and remote interfaces
[b9p34p1014][[16333,1],1][btl_tcp_proc.c:266:mca_btl_tcp_proc_create_interface_graph] Unable to find reachable pairing between local and remote interfaces
[b9p34p1014][[16333,1],15][btl_tcp_proc.c:266:mca_btl_tcp_proc_create_interface_graph] Unable to find reachable pairing between local and remote interfaces
[b9p34p1014][[16333,1],1][btl_tcp_proc.c:266:mca_btl_tcp_proc_create_interface_graph] Unable to find reachable pairing between local and remote interfaces
[b9p34p1014][[16333,1],14][btl_tcp_proc.c:266:mca_btl_tcp_proc_create_interface_graph] Unable to find reachable pairing between local and remote interfaces
[b9p34p1014][[16333,1],4][btl_tcp_proc.c:266:mca_btl_tcp_proc_create_interface_graph] Unable to find reachable pairing between local and remote interfaces
[b9p34p1014][[16333,1],15][btl_tcp_proc.c:266:mca_btl_tcp_proc_create_interface_graph] Unable to find reachable pairing between local and remote interfaces
[b9p34p1014][[16333,1],1][btl_tcp_proc.c:266:mca_btl_tcp_proc_create_interface_graph] Unable to find reachable pairing between local and remote interfaces
[b9p34p1014][[16333,1],4][btl_tcp_proc.c:266:mca_btl_tcp_proc_create_interface_graph] Unable to find reachable pairing between local and remote interfaces
[b9p34p1014][[16333,1],14][btl_tcp_proc.c:266:mca_btl_tcp_proc_create_interface_graph] Unable to find reachable pairing between local and remote interfaces
[b9p34p1014][[16333,1],15][btl_tcp_proc.c:266:mca_btl_tcp_proc_create_interface_graph] Unable to find reachable pairing between local and remote interfaces
[b9p34p1014][[16333,1],1][btl_tcp_proc.c:266:mca_btl_tcp_proc_create_interface_graph] Unable to find reachable pairing between local and remote interfaces
[b9p34p1014][[16333,1],4][btl_tcp_proc.c:266:mca_btl_tcp_proc_create_interface_graph] Unable to find reachable pairing between local and remote interfaces
[b9p34p1014][[16333,1],14][btl_tcp_proc.c:266:mca_btl_tcp_proc_create_interface_graph] Unable to find reachable pairing between local and remote interfaces
[b9p34p1014][[16333,1],15][btl_tcp_proc.c:266:mca_btl_tcp_proc_create_interface_graph] Unable to find reachable pairing between local and remote interfaces
[b9p34p1014][[16333,1],1][btl_tcp_proc.c:266:mca_btl_tcp_proc_create_interface_graph] Unable to find reachable pairing between local and remote interfaces
[b9p34p1014][[16333,1],4][btl_tcp_proc.c:266:mca_btl_tcp_proc_create_interface_graph] Unable to find reachable pairing between local and remote interfaces
[b9p34p1014][[16333,1],15][btl_tcp_proc.c:266:mca_btl_tcp_proc_create_interface_graph] Unable to find reachable pairing between local and remote interfaces
[b9p34p1014][[16333,1],14][btl_tcp_proc.c:266:mca_btl_tcp_proc_create_interface_graph] Unable to find reachable pairing between local and remote interfaces
[b9p34p1014][[16333,1],1][btl_tcp_proc.c:266:mca_btl_tcp_proc_create_interface_graph] Unable to find reachable pairing between local and remote interfaces
[b9p34p1014][[16333,1],4][btl_tcp_proc.c:266:mca_btl_tcp_proc_create_interface_graph] Unable to find reachable pairing between local and remote interfaces
[b9p34p1014][[16333,1],15][btl_tcp_proc.c:266:mca_btl_tcp_proc_create_interface_graph] Unable to find reachable pairing between local and remote interfaces
[b9p34p1014][[16333,1],14][btl_tcp_proc.c:266:mca_btl_tcp_proc_create_interface_graph] Unable to find reachable pairing between local and remote interfaces
[b9p34p1014][[16333,1],4][btl_tcp_proc.c:266:mca_btl_tcp_proc_create_interface_graph] Unable to find reachable pairing between local and remote interfaces
[b9p34p1014][[16333,1],15][btl_tcp_proc.c:266:mca_btl_tcp_proc_create_interface_graph] Unable to find reachable pairing between local and remote interfaces
[b9p34p1014][[16333,1],14][btl_tcp_proc.c:266:mca_btl_tcp_proc_create_interface_graph] Unable to find reachable pairing between local and remote interfaces
[b9p34p1014][[16333,1],15][btl_tcp_proc.c:266:mca_btl_tcp_proc_create_interface_graph] Unable to find reachable pairing between local and remote interfaces
[b9p34p1014][[16333,1],4][btl_tcp_proc.c:266:mca_btl_tcp_proc_create_interface_graph] Unable to find reachable pairing between local and remote interfaces
[b9p34p1014][[16333,1],14][btl_tcp_proc.c:266:mca_btl_tcp_proc_create_interface_graph] Unable to find reachable pairing between local and remote interfaces
[b9p34p1014][[16333,1],4][btl_tcp_proc.c:266:mca_btl_tcp_proc_create_interface_graph] Unable to find reachable pairing between local and remote interfaces
[b9p34p1014][[16333,1],14][btl_tcp_proc.c:266:mca_btl_tcp_proc_create_interface_graph] Unable to find reachable pairing between local and remote interfaces
[b9p34p1014][[16333,1],4][btl_tcp_proc.c:266:mca_btl_tcp_proc_create_interface_graph] Unable to find reachable pairing between local and remote interfaces
[b9p34p1014][[16333,1],14][btl_tcp_proc.c:266:mca_btl_tcp_proc_create_interface_graph] Unable to find reachable pairing between local and remote interfaces
[b9p34p1014][[16333,1],4][btl_tcp_proc.c:266:mca_btl_tcp_proc_create_interface_graph] Unable to find reachable pairing between local and remote interfaces
[b9p34p1014][[16333,1],14][btl_tcp_proc.c:266:mca_btl_tcp_proc_create_interface_graph] Unable to find reachable pairing between local and remote interfaces
[b9p34p1014][[16333,1],4][btl_tcp_proc.c:266:mca_btl_tcp_proc_create_interface_graph] Unable to find reachable pairing between local and remote interfaces
[b9p34p1014][[16333,1],14][btl_tcp_proc.c:266:mca_btl_tcp_proc_create_interface_graph] Unable to find reachable pairing between local and remote interfaces
[b9p34p1014][[16333,1],4][btl_tcp_proc.c:266:mca_btl_tcp_proc_create_interface_graph] Unable to find reachable pairing between local and remote interfaces
[b9p34p1014][[16333,1],14][btl_tcp_proc.c:266:mca_btl_tcp_proc_create_interface_graph] Unable to find reachable pairing between local and remote interfaces
[b9p34p1014][[16333,1],4][btl_tcp_proc.c:266:mca_btl_tcp_proc_create_interface_graph] Unable to find reachable pairing between local and remote interfaces
[b9p34p1014][[16333,1],14][btl_tcp_proc.c:266:mca_btl_tcp_proc_create_interface_graph] Unable to find reachable pairing between local and remote interfaces
[b9p34p1014][[16333,1],4][btl_tcp_proc.c:266:mca_btl_tcp_proc_create_interface_graph] Unable to find reachable pairing between local and remote interfaces
[b9p34p1014][[16333,1],14][btl_tcp_proc.c:266:mca_btl_tcp_proc_create_interface_graph] Unable to find reachable pairing between local and remote interfaces

     Program PWSCF v.7.5 starts on 27Sep2026 at  4:46:26 

     This program is part of the open-source Quantum ESPRESSO suite
     for quantum simulation of materials; please cite
         "P. Giannozzi et al., J. Phys.:Condens. Matter 21 395502 (2009);
         "P. Giannozzi et al., J. Phys.:Condens. Matter 29 465901 (2017);
         "P. Giannozzi et al., J. Chem. Phys. 152 154105 (2020);
          URL http://www.quantum-espresso.org", 
     in publications or presentations arising from this work. More details at
     http://www.quantum-espresso.org/quote

     Parallel version (MPI & OpenMP), running on      16 processor cores
     Number of MPI processes:                16
     Threads/MPI process:                     1

     MPI processes distributed on     1 nodes
     158313 MiB available memory on the printing compute node when the environment starts

     Reading input from bands.in

     Current dimensions of program PWSCF are:
     Max number of different atomic species (ntypx) = 10
     Max number of k-points (npk) =  40000
     Max angular momentum in pseudopotentials (lmaxx) =  4
     file In.pbe-dn-kjpaw_psl.1.0.0.UPF: wavefunction(s)  5S 5P 4D renormalized
     file O.pbe-n-kjpaw_psl.1.0.0.UPF: wavefunction(s)  2S 2P renormalized
     file H.pbe-kjpaw_psl.1.0.0.UPF: wavefunction(s)  1S renormalized

     Atomic positions and unit cell read from directory:
     ./tmp/slab.save/

     Message from routine setup:
     using ibrav=0 with symmetry is DISCOURAGED, use correct ibrav instead

     K-points division:     npool     =       4
     R & G space division:  proc/nbgrp/npool/nimage =       4
     Subspace diagonalization in iterative solution of the eigenvalue problem:
     one sub-group per band group will be used
     ELPA distributed-memory algorithm (size of sub-group:  2*  2 procs)


     Parallelization info
     --------------------
     sticks:   dense  smooth     PW     G-vecs:    dense   smooth      PW
     Min        4285    2144    546              1838213   649882   83568
     Max        4286    2145    547              1838236   649899   83579
     Sum       17141    8577   2185              7352879  2599559  334285

     Using Slab Decomposition



     bravais-lattice index     =            0
     lattice parameter (alat)  =      19.4757  a.u.
     unit-cell volume          =   32165.0684 (a.u.)^3
     number of atoms/cell      =           96
     number of atomic types    =            3
     number of electrons       =       624.00
     number of Kohn-Sham states=          328
     kinetic-energy cutoff     =      71.0000  Ry
     charge density cutoff     =     568.0000  Ry
     Exchange-correlation= SLA  PW   PBX  PBC
                           (   1   4   3   4   0   0   0)

     celldm(1)=  19.475688  celldm(2)=   0.000000  celldm(3)=   0.000000
     celldm(4)=   0.000000  celldm(5)=   0.000000  celldm(6)=   0.000000

     crystal axes: (cart. coord. in units of alat)
               a(1) = (   1.000000   0.000000   0.000000 )  
               a(2) = (   0.000000   1.000000   0.000000 )  
               a(3) = (   0.000000   0.000000   4.354177 )  

     reciprocal axes: (cart. coord. in units 2 pi/alat)
               b(1) = (  1.000000  0.000000  0.000000 )  
               b(2) = (  0.000000  1.000000  0.000000 )  
               b(3) = (  0.000000  0.000000  0.229665 )  


     PseudoPot. # 1 for In read from file:
     ./In.pbe-dn-kjpaw_psl.1.0.0.UPF
     MD5 check sum: 235b15e6a7fdfd96486e0ecdcb5b12c6
     Pseudo is Projector augmented-wave + core cor, Zval = 13.0
     Generated using &quot;atomic&quot; code by A. Dal Corso  v.6.3
     Shape of augmentation charge: PSQ
     Using radial grid of 1241 points,  6 beta functions with: 
                l(1) =   0
                l(2) =   0
                l(3) =   1
                l(4) =   1
                l(5) =   2
                l(6) =   2
     Q(r) pseudized with 0 coefficients 


     PseudoPot. # 2 for O  read from file:
     ./O.pbe-n-kjpaw_psl.1.0.0.UPF
     MD5 check sum: e99d9cef9b487d1ca56f5b95ecd0fd7a
     Pseudo is Projector augmented-wave + core cor, Zval =  6.0
     Generated using &quot;atomic&quot; code by A. Dal Corso  v.6.3
     Shape of augmentation charge: PSQ
     Using radial grid of 1095 points,  4 beta functions with: 
                l(1) =   0
                l(2) =   0
                l(3) =   1
                l(4) =   1
     Q(r) pseudized with 0 coefficients 


     PseudoPot. # 3 for H  read from file:
     ./H.pbe-kjpaw_psl.1.0.0.UPF
     MD5 check sum: d81a744832360e4a8af0b0b5b123bc2a
     Pseudo is Projector augmented-wave, Zval =  1.0
     Generated using &quot;atomic&quot; code by A. Dal Corso  v.6.3MaX
     Shape of augmentation charge: PSQ
     Using radial grid of  929 points,  2 beta functions with: 
                l(1) =   0
                l(2) =   0
     Q(r) pseudized with 0 coefficients 


     atomic species   valence    mass     pseudopotential
     In               13.00   114.81800     In( 1.00)
     O                 6.00    15.99900     O ( 1.00)
     H                 1.00     1.00800     H ( 1.00)

      8 Sym. Ops., with inversion, found ( 6 have fractional translation)


                                    s                        frac. trans.

      isym =  1     identity                                     

 cryst.   s( 1) = (     1          0          0      )
                  (     0          1          0      )
                  (     0          0          1      )

 cart.    s( 1) = (  1.0000000  0.0000000  0.0000000 )
                  (  0.0000000  1.0000000  0.0000000 )
                  (  0.0000000  0.0000000  1.0000000 )


      isym =  2     180 deg rotation - cart. axis [0,0,1]        

 cryst.   s( 2) = (    -1          0          0      )    f =(  0.0000000 )
                  (     0         -1          0      )       ( -0.5000000 )
                  (     0          0          1      )       (  0.0000000 )

 cart.    s( 2) = ( -1.0000000  0.0000000  0.0000000 )    f =(  0.0000000 )
                  (  0.0000000 -1.0000000  0.0000000 )       ( -0.5000000 )
                  (  0.0000000  0.0000000  1.0000000 )       (  0.0000000 )


      isym =  3     180 deg rotation - cart. axis [0,1,0]        

 cryst.   s( 3) = (    -1          0          0      )    f =( -0.5000000 )
                  (     0          1          0      )       (  0.0000000 )
                  (     0          0         -1      )       ( -0.0000000 )

 cart.    s( 3) = ( -1.0000000  0.0000000  0.0000000 )    f =( -0.5000000 )
                  (  0.0000000  1.0000000  0.0000000 )       (  0.0000000 )
                  (  0.0000000  0.0000000 -1.0000000 )       ( -0.0000000 )


      isym =  4     180 deg rotation - cart. axis [1,0,0]        

 cryst.   s( 4) = (     1          0          0      )    f =(  0.5000000 )
                  (     0         -1          0      )       ( -0.5000000 )
                  (     0          0         -1      )       ( -0.0000000 )

 cart.    s( 4) = (  1.0000000  0.0000000  0.0000000 )    f =(  0.5000000 )
                  (  0.0000000 -1.0000000  0.0000000 )       ( -0.5000000 )
                  (  0.0000000  0.0000000 -1.0000000 )       ( -0.0000000 )


      isym =  5     inversion                                    

 cryst.   s( 5) = (    -1          0          0      )
                  (     0         -1          0      )
                  (     0          0         -1      )

 cart.    s( 5) = ( -1.0000000  0.0000000  0.0000000 )
                  (  0.0000000 -1.0000000  0.0000000 )
                  (  0.0000000  0.0000000 -1.0000000 )


      isym =  6     inv. 180 deg rotation - cart. axis [0,0,1]   

 cryst.   s( 6) = (     1          0          0      )    f =(  0.0000000 )
                  (     0          1          0      )       (  0.5000000 )
                  (     0          0         -1      )       ( -0.0000000 )

 cart.    s( 6) = (  1.0000000  0.0000000  0.0000000 )    f =(  0.0000000 )
                  (  0.0000000  1.0000000  0.0000000 )       (  0.5000000 )
                  (  0.0000000  0.0000000 -1.0000000 )       ( -0.0000000 )


      isym =  7     inv. 180 deg rotation - cart. axis [0,1,0]   

 cryst.   s( 7) = (     1          0          0      )    f =(  0.5000000 )
                  (     0         -1          0      )       (  0.0000000 )
                  (     0          0          1      )       (  0.0000000 )

 cart.    s( 7) = (  1.0000000  0.0000000  0.0000000 )    f =(  0.5000000 )
                  (  0.0000000 -1.0000000  0.0000000 )       (  0.0000000 )
                  (  0.0000000  0.0000000  1.0000000 )       (  0.0000000 )


      isym =  8     inv. 180 deg rotation - cart. axis [1,0,0]   

 cryst.   s( 8) = (    -1          0          0      )    f =( -0.5000000 )
                  (     0          1          0      )       (  0.5000000 )
                  (     0          0          1      )       (  0.0000000 )

 cart.    s( 8) = ( -1.0000000  0.0000000  0.0000000 )    f =( -0.5000000 )
                  (  0.0000000  1.0000000  0.0000000 )       (  0.5000000 )
                  (  0.0000000  0.0000000  1.0000000 )       (  0.0000000 )


   Cartesian axes

     site n.     atom                  positions (alat units)
         1        In     tau(   1) = (   0.2500000   0.2500000   1.9270884  )
         2        In     tau(   2) = (   0.7500000   0.2500000   1.9270884  )
         3        In     tau(   3) = (   0.2500000   0.2500000   2.4270884  )
         4        In     tau(   4) = (   0.2500000   0.7500000   1.9270884  )
         5        In     tau(   5) = (   0.4661938   0.5000000   2.4270884  )
         6        In     tau(   6) = (   0.0338062   0.5000000   1.9270884  )
         7        In     tau(   7) = (   0.7500000   0.4661938   2.1770884  )
         8        In     tau(   8) = (   0.2500000   0.0338062   2.1770884  )
         9        In     tau(   9) = (   0.5000000   0.7500000   2.1432822  )
        10        In     tau(  10) = (   0.0338062   0.0000000   2.4270884  )
        11        In     tau(  11) = (   0.4661938   0.0000000   1.9270884  )
        12        In     tau(  12) = (   0.0000000   0.2500000   2.1432822  )
        13        O      tau(  13) = (   0.3897318   0.1544729   2.0594654  )
        14        O      tau(  14) = (   0.6102682   0.3455271   2.0594654  )
        15        O      tau(  15) = (   0.1102682   0.1544729   2.2947114  )
        16        O      tau(  16) = (   0.8897318   0.3455271   2.2947114  )
        17        O      tau(  17) = (   0.3823770   0.3897318   1.8315613  )
        18        O      tau(  18) = (   0.3823770   0.6102682   2.0226155  )
        19        O      tau(  19) = (   0.6176230   0.1102682   1.8315613  )
        20        O      tau(  20) = (   0.6176230   0.8897318   2.0226155  )
        21        O      tau(  21) = (   0.1544729   0.3823770   2.0668202  )
        22        O      tau(  22) = (   0.3455271   0.3823770   2.2873566  )
        23        O      tau(  23) = (   0.1544729   0.6176230   1.7873566  )
        24        O      tau(  24) = (   0.3455271   0.6176230   2.5668202  )
        25        O      tau(  25) = (   0.1102682   0.3455271   1.7947114  )
        26        O      tau(  26) = (   0.8897318   0.1544729   1.7947114  )
        27        O      tau(  27) = (   0.3897318   0.3455271   2.5594654  )
        28        O      tau(  28) = (   0.6102682   0.1544729   2.5594654  )
        29        O      tau(  29) = (   0.1176230   0.1102682   2.0226155  )
        30        O      tau(  30) = (   0.1176230   0.8897318   1.8315613  )
        31        O      tau(  31) = (   0.8823770   0.3897318   2.0226155  )
        32        O      tau(  32) = (   0.8823770   0.6102682   1.8315613  )
        33        O      tau(  33) = (   0.3455271   0.1176230   1.7873566  )
        34        O      tau(  34) = (   0.1544729   0.1176230   2.5668202  )
        35        O      tau(  35) = (   0.3455271   0.8823770   2.0668202  )
        36        O      tau(  36) = (   0.1544729   0.8823770   2.2873566  )
        37        In     tau(  37) = (   0.7500000   0.7500000   2.4270884  )
        38        In     tau(  38) = (   0.2500000   0.7500000   2.4270884  )
        39        In     tau(  39) = (   0.7500000   0.7500000   1.9270884  )
        40        In     tau(  40) = (   0.7500000   0.2500000   2.4270884  )
        41        In     tau(  41) = (   0.9661938   0.0000000   1.9270884  )
        42        In     tau(  42) = (   0.5338062   0.0000000   2.4270884  )
        43        In     tau(  43) = (   0.0000000   0.7500000   2.2108946  )
        44        In     tau(  44) = (   0.5338062   0.5000000   1.9270884  )
        45        In     tau(  45) = (   0.9661938   0.5000000   2.4270884  )
        46        In     tau(  46) = (   0.2500000   0.5338062   2.1770884  )
        47        In     tau(  47) = (   0.7500000   0.9661938   2.1770884  )
        48        In     tau(  48) = (   0.5000000   0.2500000   2.2108946  )
        49        O      tau(  49) = (   0.8897318   0.6544729   2.5594654  )
        50        O      tau(  50) = (   0.1102682   0.8455271   2.5594654  )
        51        O      tau(  51) = (   0.6102682   0.6544729   1.7947114  )
        52        O      tau(  52) = (   0.3897318   0.8455271   1.7947114  )
        53        O      tau(  53) = (   0.8823770   0.8897318   2.3315613  )
        54        O      tau(  54) = (   0.8823770   0.1102682   2.5226155  )
        55        O      tau(  55) = (   0.1176230   0.6102682   2.3315613  )
        56        O      tau(  56) = (   0.1176230   0.3897318   2.5226155  )
        57        O      tau(  57) = (   0.6544729   0.8823770   2.5668202  )
        58        O      tau(  58) = (   0.8455271   0.8823770   1.7873566  )
        59        O      tau(  59) = (   0.6544729   0.1176230   2.2873566  )
        60        O      tau(  60) = (   0.8455271   0.1176230   2.0668202  )
        61        O      tau(  61) = (   0.6102682   0.8455271   2.2947114  )
        62        O      tau(  62) = (   0.3897318   0.6544729   2.2947114  )
        63        O      tau(  63) = (   0.8897318   0.8455271   2.0594654  )
        64        O      tau(  64) = (   0.1102682   0.6544729   2.0594654  )
        65        O      tau(  65) = (   0.6176230   0.6102682   2.5226155  )
        66        O      tau(  66) = (   0.6176230   0.3897318   2.3315613  )
        67        O      tau(  67) = (   0.3823770   0.8897318   2.5226155  )
        68        O      tau(  68) = (   0.3823770   0.1102682   2.3315613  )
        69        O      tau(  69) = (   0.8455271   0.6176230   2.2873566  )
        70        O      tau(  70) = (   0.6544729   0.6176230   2.0668202  )
        71        O      tau(  71) = (   0.8455271   0.3823770   2.5668202  )
        72        O      tau(  72) = (   0.6544729   0.3823770   1.7873566  )
        73        H      tau(  73) = (   0.3774651   0.3686679   1.7399612  )
        74        H      tau(  74) = (   0.6225349   0.1313321   1.7399612  )
        75        H      tau(  75) = (   0.1262733   0.6085085   1.6980251  )
        76        H      tau(  76) = (   0.3737267   0.6085085   2.6561517  )
        77        H      tau(  77) = (   0.1204699   0.3542316   1.7015526  )
        78        H      tau(  78) = (   0.8795301   0.1457684   1.7015526  )
        79        H      tau(  79) = (   0.3795301   0.3542316   2.6526242  )
        80        H      tau(  80) = (   0.6204699   0.1457684   2.6526242  )
        81        H      tau(  81) = (   0.1225349   0.8686679   1.7399612  )
        82        H      tau(  82) = (   0.8774651   0.6313321   1.7399612  )
        83        H      tau(  83) = (   0.3737267   0.1085085   1.6980251  )
        84        H      tau(  84) = (   0.1262733   0.1085085   2.6561517  )
        85        H      tau(  85) = (   0.8795301   0.6457684   2.6526242  )
        86        H      tau(  86) = (   0.1204699   0.8542316   2.6526242  )
        87        H      tau(  87) = (   0.6204699   0.6457684   1.7015526  )
        88        H      tau(  88) = (   0.3795301   0.8542316   1.7015526  )
        89        H      tau(  89) = (   0.8774651   0.1313321   2.6142156  )
        90        H      tau(  90) = (   0.1225349   0.3686679   2.6142156  )
        91        H      tau(  91) = (   0.6262733   0.8914915   2.6561517  )
        92        H      tau(  92) = (   0.8737267   0.8914915   1.6980251  )
        93        H      tau(  93) = (   0.6225349   0.6313321   2.6142156  )
        94        H      tau(  94) = (   0.3774651   0.8686679   2.6142156  )
        95        H      tau(  95) = (   0.8737267   0.3914915   2.6561517  )
        96        H      tau(  96) = (   0.6262733   0.3914915   1.6980251  )

   Crystallographic axes

     site n.     atom                  positions (cryst. coord.)
         1        In     tau(   1) = (  0.2500000  0.2500000  0.4425839  )
         2        In     tau(   2) = (  0.7500000  0.2500000  0.4425839  )
         3        In     tau(   3) = (  0.2500000  0.2500000  0.5574161  )
         4        In     tau(   4) = (  0.2500000  0.7500000  0.4425839  )
         5        In     tau(   5) = (  0.4661938  0.5000000  0.5574161  )
         6        In     tau(   6) = (  0.0338062  0.5000000  0.4425839  )
         7        In     tau(   7) = (  0.7500000  0.4661938  0.5000000  )
         8        In     tau(   8) = (  0.2500000  0.0338062  0.5000000  )
         9        In     tau(   9) = (  0.5000000  0.7500000  0.4922359  )
        10        In     tau(  10) = (  0.0338062  0.0000000  0.5574161  )
        11        In     tau(  11) = (  0.4661938  0.0000000  0.4425839  )
        12        In     tau(  12) = (  0.0000000  0.2500000  0.4922359  )
        13        O      tau(  13) = (  0.3897318  0.1544729  0.4729862  )
        14        O      tau(  14) = (  0.6102682  0.3455271  0.4729862  )
        15        O      tau(  15) = (  0.1102682  0.1544729  0.5270138  )
        16        O      tau(  16) = (  0.8897318  0.3455271  0.5270138  )
        17        O      tau(  17) = (  0.3823770  0.3897318  0.4206447  )
        18        O      tau(  18) = (  0.3823770  0.6102682  0.4645230  )
        19        O      tau(  19) = (  0.6176230  0.1102682  0.4206447  )
        20        O      tau(  20) = (  0.6176230  0.8897318  0.4645230  )
        21        O      tau(  21) = (  0.1544729  0.3823770  0.4746753  )
        22        O      tau(  22) = (  0.3455271  0.3823770  0.5253247  )
        23        O      tau(  23) = (  0.1544729  0.6176230  0.4104924  )
        24        O      tau(  24) = (  0.3455271  0.6176230  0.5895076  )
        25        O      tau(  25) = (  0.1102682  0.3455271  0.4121816  )
        26        O      tau(  26) = (  0.8897318  0.1544729  0.4121816  )
        27        O      tau(  27) = (  0.3897318  0.3455271  0.5878184  )
        28        O      tau(  28) = (  0.6102682  0.1544729  0.5878184  )
        29        O      tau(  29) = (  0.1176230  0.1102682  0.4645230  )
        30        O      tau(  30) = (  0.1176230  0.8897318  0.4206447  )
        31        O      tau(  31) = (  0.8823770  0.3897318  0.4645230  )
        32        O      tau(  32) = (  0.8823770  0.6102682  0.4206447  )
        33        O      tau(  33) = (  0.3455271  0.1176230  0.4104924  )
        34        O      tau(  34) = (  0.1544729  0.1176230  0.5895076  )
        35        O      tau(  35) = (  0.3455271  0.8823770  0.4746753  )
        36        O      tau(  36) = (  0.1544729  0.8823770  0.5253247  )
        37        In     tau(  37) = (  0.7500000  0.7500000  0.5574161  )
        38        In     tau(  38) = (  0.2500000  0.7500000  0.5574161  )
        39        In     tau(  39) = (  0.7500000  0.7500000  0.4425839  )
        40        In     tau(  40) = (  0.7500000  0.2500000  0.5574161  )
        41        In     tau(  41) = (  0.9661938  0.0000000  0.4425839  )
        42        In     tau(  42) = (  0.5338062  0.0000000  0.5574161  )
        43        In     tau(  43) = (  0.0000000  0.7500000  0.5077641  )
        44        In     tau(  44) = (  0.5338062  0.5000000  0.4425839  )
        45        In     tau(  45) = (  0.9661938  0.5000000  0.5574161  )
        46        In     tau(  46) = (  0.2500000  0.5338062  0.5000000  )
        47        In     tau(  47) = (  0.7500000  0.9661938  0.5000000  )
        48        In     tau(  48) = (  0.5000000  0.2500000  0.5077641  )
        49        O      tau(  49) = (  0.8897318  0.6544729  0.5878184  )
        50        O      tau(  50) = (  0.1102682  0.8455271  0.5878184  )
        51        O      tau(  51) = (  0.6102682  0.6544729  0.4121816  )
        52        O      tau(  52) = (  0.3897318  0.8455271  0.4121816  )
        53        O      tau(  53) = (  0.8823770  0.8897318  0.5354770  )
        54        O      tau(  54) = (  0.8823770  0.1102682  0.5793553  )
        55        O      tau(  55) = (  0.1176230  0.6102682  0.5354770  )
        56        O      tau(  56) = (  0.1176230  0.3897318  0.5793553  )
        57        O      tau(  57) = (  0.6544729  0.8823770  0.5895076  )
        58        O      tau(  58) = (  0.8455271  0.8823770  0.4104924  )
        59        O      tau(  59) = (  0.6544729  0.1176230  0.5253247  )
        60        O      tau(  60) = (  0.8455271  0.1176230  0.4746753  )
        61        O      tau(  61) = (  0.6102682  0.8455271  0.5270138  )
        62        O      tau(  62) = (  0.3897318  0.6544729  0.5270138  )
        63        O      tau(  63) = (  0.8897318  0.8455271  0.4729862  )
        64        O      tau(  64) = (  0.1102682  0.6544729  0.4729862  )
        65        O      tau(  65) = (  0.6176230  0.6102682  0.5793553  )
        66        O      tau(  66) = (  0.6176230  0.3897318  0.5354770  )
        67        O      tau(  67) = (  0.3823770  0.8897318  0.5793553  )
        68        O      tau(  68) = (  0.3823770  0.1102682  0.5354770  )
        69        O      tau(  69) = (  0.8455271  0.6176230  0.5253247  )
        70        O      tau(  70) = (  0.6544729  0.6176230  0.4746753  )
        71        O      tau(  71) = (  0.8455271  0.3823770  0.5895076  )
        72        O      tau(  72) = (  0.6544729  0.3823770  0.4104924  )
        73        H      tau(  73) = (  0.3774651  0.3686679  0.3996074  )
        74        H      tau(  74) = (  0.6225349  0.1313321  0.3996074  )
        75        H      tau(  75) = (  0.1262733  0.6085085  0.3899762  )
        76        H      tau(  76) = (  0.3737267  0.6085085  0.6100238  )
        77        H      tau(  77) = (  0.1204699  0.3542316  0.3907863  )
        78        H      tau(  78) = (  0.8795301  0.1457684  0.3907863  )
        79        H      tau(  79) = (  0.3795301  0.3542316  0.6092137  )
        80        H      tau(  80) = (  0.6204699  0.1457684  0.6092137  )
        81        H      tau(  81) = (  0.1225349  0.8686679  0.3996074  )
        82        H      tau(  82) = (  0.8774651  0.6313321  0.3996074  )
        83        H      tau(  83) = (  0.3737267  0.1085085  0.3899762  )
        84        H      tau(  84) = (  0.1262733  0.1085085  0.6100238  )
        85        H      tau(  85) = (  0.8795301  0.6457684  0.6092137  )
        86        H      tau(  86) = (  0.1204699  0.8542316  0.6092137  )
        87        H      tau(  87) = (  0.6204699  0.6457684  0.3907863  )
        88        H      tau(  88) = (  0.3795301  0.8542316  0.3907863  )
        89        H      tau(  89) = (  0.8774651  0.1313321  0.6003926  )
        90        H      tau(  90) = (  0.1225349  0.3686679  0.6003926  )
        91        H      tau(  91) = (  0.6262733  0.8914915  0.6100238  )
        92        H      tau(  92) = (  0.8737267  0.8914915  0.3899762  )
        93        H      tau(  93) = (  0.6225349  0.6313321  0.6003926  )
        94        H      tau(  94) = (  0.3774651  0.8686679  0.6003926  )
        95        H      tau(  95) = (  0.8737267  0.3914915  0.6100238  )
        96        H      tau(  96) = (  0.6262733  0.3914915  0.3899762  )

     number of k points=    21
                       cart. coord. in units 2pi/alat
        k(    1) = (   0.0000000   0.0000000   0.0000000), wk =   0.0952381
        k(    2) = (   0.0246040   0.0000000   0.0000000), wk =   0.0952381
        k(    3) = (   0.0492080   0.0000000   0.0000000), wk =   0.0952381
        k(    4) = (   0.0738119   0.0000000   0.0000000), wk =   0.0952381
        k(    5) = (   0.0984159   0.0000000   0.0000000), wk =   0.0952381
        k(    6) = (   0.1230199   0.0000000   0.0000000), wk =   0.0952381
        k(    7) = (   0.1476239   0.0000000   0.0000000), wk =   0.0952381
        k(    8) = (   0.1722278   0.0000000   0.0000000), wk =   0.0952381
        k(    9) = (   0.1968318   0.0000000   0.0000000), wk =   0.0952381
        k(   10) = (   0.2214358   0.0000000   0.0000000), wk =   0.0952381
        k(   11) = (   0.2460398   0.0000000   0.0000000), wk =   0.0952381
        k(   12) = (   0.0173976   0.0173976   0.0000000), wk =   0.0952381
        k(   13) = (   0.0347953   0.0347953   0.0000000), wk =   0.0952381
        k(   14) = (   0.0521929   0.0521929   0.0000000), wk =   0.0952381
        k(   15) = (   0.0695906   0.0695906   0.0000000), wk =   0.0952381
        k(   16) = (   0.0869882   0.0869882   0.0000000), wk =   0.0952381
        k(   17) = (   0.1043858   0.1043858   0.0000000), wk =   0.0952381
        k(   18) = (   0.1217835   0.1217835   0.0000000), wk =   0.0952381
        k(   19) = (   0.1391811   0.1391811   0.0000000), wk =   0.0952381
        k(   20) = (   0.1565788   0.1565788   0.0000000), wk =   0.0952381
        k(   21) = (   0.1739764   0.1739764   0.0000000), wk =   0.0952381

                       cryst. coord.
        k(    1) = (   0.0000000   0.0000000   0.0000000), wk =   0.0952381
        k(    2) = (   0.0246040   0.0000000   0.0000000), wk =   0.0952381
        k(    3) = (   0.0492080   0.0000000   0.0000000), wk =   0.0952381
        k(    4) = (   0.0738119   0.0000000   0.0000000), wk =   0.0952381
        k(    5) = (   0.0984159   0.0000000   0.0000000), wk =   0.0952381
        k(    6) = (   0.1230199   0.0000000   0.0000000), wk =   0.0952381
        k(    7) = (   0.1476239   0.0000000   0.0000000), wk =   0.0952381
        k(    8) = (   0.1722279   0.0000000   0.0000000), wk =   0.0952381
        k(    9) = (   0.1968318   0.0000000   0.0000000), wk =   0.0952381
        k(   10) = (   0.2214358   0.0000000   0.0000000), wk =   0.0952381
        k(   11) = (   0.2460398   0.0000000   0.0000000), wk =   0.0952381
        k(   12) = (   0.0173976   0.0173976   0.0000000), wk =   0.0952381
        k(   13) = (   0.0347953   0.0347953   0.0000000), wk =   0.0952381
        k(   14) = (   0.0521929   0.0521929   0.0000000), wk =   0.0952381
        k(   15) = (   0.0695906   0.0695906   0.0000000), wk =   0.0952381
        k(   16) = (   0.0869882   0.0869882   0.0000000), wk =   0.0952381
        k(   17) = (   0.1043858   0.1043858   0.0000000), wk =   0.0952381
        k(   18) = (   0.1217835   0.1217835   0.0000000), wk =   0.0952381
        k(   19) = (   0.1391811   0.1391811   0.0000000), wk =   0.0952381
        k(   20) = (   0.1565788   0.1565788   0.0000000), wk =   0.0952381
        k(   21) = (   0.1739764   0.1739764   0.0000000), wk =   0.0952381

     Dense  grid:  7352879 G-vectors     FFT dimensions: ( 150, 150, 648)

     Smooth grid:  2599559 G-vectors     FFT dimensions: ( 108, 108, 480)

     Dynamical RAM for                 wfc:     406.59 MB

     Dynamical RAM for     wfc (w. buffer):     406.59 MB

     Dynamical RAM for           str. fact:      84.15 MB

     Dynamical RAM for           local pot:       0.00 MB

     Dynamical RAM for          nlocal pot:    1071.01 MB

     Dynamical RAM for                qrad:       5.74 MB

     Dynamical RAM for          rho,v,vnew:     167.57 MB

     Dynamical RAM for           G-vectors:     110.14 MB

     Dynamical RAM for          h,s,v(r/c):       4.92 MB

     Dynamical RAM for          <psi|beta>:       4.32 MB

     Dynamical RAM for                 psi:     813.17 MB

     Dynamical RAM for                hpsi:     813.17 MB

     Dynamical RAM for                spsi:     813.17 MB

     Dynamical RAM for      wfcinit/wfcrot:     815.64 MB

     Dynamical RAM for           addusdens:    1661.90 MB

     Estimated static dynamical RAM per process >       2.05 GB

     Estimated max dynamical RAM per process >       4.44 GB

     Estimated total dynamical RAM >      71.02 GB

     The potential is recalculated from file :
     ./tmp/slab.save/charge-density


     negative rho (up, down):  2.184E-03 0.000E+00
     Starting wfcs are  432 randomized atomic wfcs
     Checking if some PAW data can be deallocated... 
       PAW data deallocated on   12 nodes for type:  1
       PAW data deallocated on    8 nodes for type:  2
       PAW data deallocated on   12 nodes for type:  3

     Band Structure Calculation
     Davidson diagonalization with overlap

     Computing kpt #:     1  of     6 on this pool
     c_bands:  6 eigenvalues not converged
     total cpu time spent up to now is     1058.5 secs

     Computing kpt #:     2  of     6 on this pool
     c_bands:  6 eigenvalues not converged
     total cpu time spent up to now is     2113.1 secs

     Computing kpt #:     3  of     6 on this pool
     c_bands:  8 eigenvalues not converged
     total cpu time spent up to now is     3077.2 secs

     Computing kpt #:     4  of     6 on this pool
     c_bands:  8 eigenvalues not converged
     total cpu time spent up to now is     3885.9 secs

     Computing kpt #:     5  of     6 on this pool
     c_bands:  8 eigenvalues not converged
     total cpu time spent up to now is     4724.7 secs

     Computing kpt #:     6  of     6 on this pool
     c_bands:  8 eigenvalues not converged
     total cpu time spent up to now is     5372.5 secs

     ethr =  1.60E-13,  avg # of iterations =120.0

     total cpu time spent up to now is     5372.5 secs

     End of band structure calculation

          k = 0.0000 0.0000 0.0000 (324875 PWs)   bands (ev):

   -20.2752 -20.2397 -20.1088 -20.1071 -20.0643 -20.0628 -20.0531 -20.0501
   -19.9515 -19.9506 -19.9123 -19.9000 -19.8636 -19.8577 -19.8205 -19.8194
   -19.7439 -19.7043 -19.7037 -19.6422 -19.6414 -19.6412 -19.6376 -19.6045
   -19.5908 -19.5702 -19.4993 -19.4934 -19.4812 -19.4695 -19.4532 -19.2916
   -19.2751 -19.2747 -19.2562 -19.2424 -19.2422 -19.2076 -19.1956 -19.1748
   -19.1265 -19.1262 -19.0765 -19.0608 -19.0561 -19.0543 -19.0338 -18.9257
   -15.0063 -15.0009 -14.9774 -14.9761 -14.9757 -14.9625 -14.9516 -14.9369
   -14.9278 -14.9265 -14.9228 -14.9177 -14.9153 -14.9146 -14.9097 -14.9029
   -14.8993 -14.8942 -14.8830 -14.8768 -14.8705 -14.8670 -14.8543 -14.8534
   -14.8534 -14.8461 -14.8427 -14.8373 -14.8342 -14.8334 -14.8269 -14.8207
   -14.8156 -14.8154 -14.8111 -14.8087 -14.8012 -14.7900 -14.7770 -14.7572
   -14.7548 -14.7474 -14.7443 -14.7343 -14.7301 -14.7280 -14.7252 -14.7191
   -14.7188 -14.7161 -14.7127 -14.7049 -14.6951 -14.6917 -14.6888 -14.6868
   -14.6830 -14.6778 -14.6676 -14.6644 -14.6596 -14.6550 -14.6539 -14.6512
   -14.6469 -14.6460 -14.6380 -14.6339 -14.6326 -14.6324 -14.6310 -14.6295
   -14.6280 -14.6225 -14.6173 -14.6110 -14.6101 -14.5996 -14.5987 -14.5985
   -14.5924 -14.5907 -14.5881 -14.5764 -14.5743 -14.5694 -14.5675 -14.5661
   -14.5609 -14.5589 -14.5521 -14.5521 -14.5485 -14.5424 -14.5381 -14.5339
   -14.5209 -14.5188 -14.4985 -14.4865 -14.4748 -14.4744 -14.4241 -14.3944
   -14.3178 -14.3003 -14.2981 -14.2264 -14.1900 -14.1690 -14.1148 -14.1087
   -14.0646 -14.0070 -13.9545 -13.9446 -13.9221 -13.8507 -13.8239 -13.7609
    -8.5803  -8.4176  -8.3943  -8.3326  -8.3298  -8.3201  -8.3156  -8.1966
    -8.0960  -8.0542  -8.0144  -7.9577  -7.9397  -7.8235  -7.7988  -7.7525
    -7.6853  -7.5508  -7.5186  -7.4159  -7.4064  -7.3997  -7.3743  -7.2936
    -7.2161  -6.9983  -6.9825  -6.9637  -6.9567  -6.9531  -6.8501  -6.7322
    -6.7023  -6.4505  -6.2185  -6.1812  -6.1404  -6.1231  -5.9463  -5.9300
    -5.9209  -5.8079  -5.7802  -5.7608  -5.7306  -5.7277  -5.7122  -5.6920
    -5.6402  -5.4207  -5.4088  -5.3184  -5.2554  -5.2422  -5.2130  -5.1827
    -5.1807  -5.1621  -5.0515  -5.0045  -4.9947  -4.8714  -4.7747  -4.7443
    -4.7322  -4.4894  -4.4675  -4.4479  -4.4326  -4.4055  -4.3934  -4.3346
    -4.3079  -4.2969  -4.2859  -4.2797  -4.2257  -4.2104  -4.1699  -4.1332
    -4.1005  -4.0746  -4.0684  -4.0468  -3.9993  -3.9946  -3.9740  -3.9711
    -3.8646  -3.8238  -3.8174  -3.7457  -3.7014  -3.6632  -3.6563  -3.6447
    -3.5761  -3.5591  -3.5472  -3.4949  -3.4871  -3.4243  -3.3229  -3.3074
    -3.2934  -3.2175  -3.1486  -3.1403  -3.1389  -3.0860  -3.0828  -3.0568
    -3.0542  -3.0154  -2.9988  -2.9962  -2.9708  -2.9569  -2.9184  -2.8861
    -2.8773  -2.8123  -2.8094  -2.7975  -2.7726  -2.7722  -2.7100  -2.6897
    -2.5964  -2.5273  -2.5141  -2.5076  -2.3857  -2.3729  -2.3105  -2.3047
    -2.2689  -2.2682  -2.0843  -2.0768  -2.0736  -2.0734  -2.0272  -2.0262
    -1.0109   0.5568   1.4221   1.5223   1.5226   1.5366   1.5447   1.9797
     2.2065   2.2140   2.2360   2.2502   2.2538   2.3629   2.4923   2.6193

          k = 0.0246 0.0000 0.0000 (324883 PWs)   bands (ev):

   -20.2750 -20.2395 -20.1091 -20.1075 -20.0643 -20.0628 -20.0533 -20.0503
   -19.9510 -19.9502 -19.9123 -19.8999 -19.8637 -19.8578 -19.8206 -19.8195
   -19.7438 -19.7043 -19.7036 -19.6436 -19.6418 -19.6399 -19.6373 -19.6045
   -19.5908 -19.5701 -19.5042 -19.4935 -19.4761 -19.4695 -19.4532 -19.2915
   -19.2750 -19.2746 -19.2566 -19.2420 -19.2419 -19.2076 -19.1958 -19.1746
   -19.1266 -19.1264 -19.0786 -19.0587 -19.0579 -19.0526 -19.0338 -18.9257
   -15.0062 -15.0008 -14.9781 -14.9761 -14.9750 -14.9625 -14.9516 -14.9368
   -14.9283 -14.9268 -14.9231 -14.9178 -14.9150 -14.9145 -14.9097 -14.9029
   -14.8992 -14.8942 -14.8831 -14.8768 -14.8714 -14.8661 -14.8544 -14.8543
   -14.8522 -14.8464 -14.8430 -14.8367 -14.8342 -14.8332 -14.8271 -14.8205
   -14.8154 -14.8152 -14.8110 -14.8086 -14.8010 -14.7900 -14.7769 -14.7573
   -14.7548 -14.7473 -14.7445 -14.7348 -14.7299 -14.7280 -14.7252 -14.7190
   -14.7189 -14.7161 -14.7128 -14.7049 -14.6953 -14.6918 -14.6896 -14.6860
   -14.6833 -14.6776 -14.6676 -14.6649 -14.6598 -14.6544 -14.6541 -14.6516
   -14.6467 -14.6460 -14.6383 -14.6345 -14.6330 -14.6317 -14.6305 -14.6295
   -14.6275 -14.6224 -14.6171 -14.6114 -14.6095 -14.5996 -14.5991 -14.5987
   -14.5920 -14.5907 -14.5884 -14.5764 -14.5742 -14.5694 -14.5675 -14.5662
   -14.5611 -14.5589 -14.5522 -14.5521 -14.5484 -14.5426 -14.5380 -14.5339
   -14.5209 -14.5200 -14.4968 -14.4884 -14.4752 -14.4723 -14.4237 -14.3946
   -14.3176 -14.3022 -14.2983 -14.2245 -14.1898 -14.1695 -14.1143 -14.1087
   -14.0645 -14.0079 -13.9545 -13.9437 -13.9224 -13.8508 -13.8239 -13.7613
    -8.5802  -8.4177  -8.3959  -8.3322  -8.3308  -8.3175  -8.3151  -8.1965
    -8.0961  -8.0545  -8.0149  -7.9600  -7.9372  -7.8234  -7.7985  -7.7520
    -7.6853  -7.5505  -7.5187  -7.4167  -7.4075  -7.3993  -7.3749  -7.2943
    -7.2163  -6.9976  -6.9937  -6.9700  -6.9491  -6.9421  -6.8497  -6.7322
    -6.7020  -6.4510  -6.2206  -6.1903  -6.1398  -6.1155  -5.9463  -5.9338
    -5.9170  -5.8055  -5.7811  -5.7613  -5.7326  -5.7279  -5.7121  -5.6906
    -5.6380  -5.4205  -5.4073  -5.3189  -5.2569  -5.2367  -5.2147  -5.1831
    -5.1810  -5.1609  -5.0520  -5.0046  -4.9934  -4.8713  -4.7741  -4.7453
    -4.7329  -4.4897  -4.4682  -4.4507  -4.4332  -4.4071  -4.3939  -4.3342
    -4.3120  -4.3002  -4.2855  -4.2737  -4.2256  -4.2127  -4.1668  -4.1346
    -4.1011  -4.0754  -4.0656  -4.0455  -3.9983  -3.9948  -3.9738  -3.9696
    -3.8667  -3.8259  -3.8182  -3.7443  -3.6975  -3.6637  -3.6565  -3.6432
    -3.5758  -3.5597  -3.5460  -3.4954  -3.4873  -3.4235  -3.3248  -3.3066
    -3.2927  -3.2174  -3.1497  -3.1419  -3.1411  -3.0866  -3.0807  -3.0721
    -3.0393  -3.0138  -3.0002  -2.9964  -2.9684  -2.9565  -2.9202  -2.8859
    -2.8774  -2.8123  -2.8099  -2.7975  -2.7723  -2.7722  -2.7100  -2.6899
    -2.5963  -2.5276  -2.5145  -2.5079  -2.3871  -2.3744  -2.3106  -2.3049
    -2.2675  -2.2668  -2.0856  -2.0780  -2.0736  -2.0734  -2.0266  -2.0255
    -1.0073   0.5584   1.4231   1.4553   1.5233   1.5458   1.6033   1.9805
     2.1674   2.2149   2.2359   2.2544   2.2884   2.3637   2.4926   2.6103

          k = 0.0492 0.0000 0.0000 (324825 PWs)   bands (ev):

   -20.2745 -20.2391 -20.1098 -20.1085 -20.0643 -20.0628 -20.0538 -20.0509
   -19.9497 -19.9488 -19.9121 -19.8998 -19.8640 -19.8581 -19.8209 -19.8198
   -19.7433 -19.7042 -19.7034 -19.6456 -19.6426 -19.6383 -19.6367 -19.6047
   -19.5909 -19.5696 -19.5133 -19.4939 -19.4694 -19.4666 -19.4530 -19.2915
   -19.2747 -19.2745 -19.2577 -19.2417 -19.2405 -19.2074 -19.1963 -19.1741
   -19.1272 -19.1271 -19.0831 -19.0605 -19.0542 -19.0504 -19.0337 -18.9260
   -15.0060 -15.0006 -14.9792 -14.9760 -14.9736 -14.9623 -14.9516 -14.9367
   -14.9296 -14.9275 -14.9238 -14.9181 -14.9144 -14.9143 -14.9094 -14.9028
   -14.8988 -14.8941 -14.8835 -14.8767 -14.8729 -14.8643 -14.8554 -14.8542
   -14.8509 -14.8473 -14.8440 -14.8353 -14.8342 -14.8326 -14.8278 -14.8199
   -14.8149 -14.8146 -14.8108 -14.8082 -14.8006 -14.7901 -14.7766 -14.7574
   -14.7548 -14.7470 -14.7448 -14.7361 -14.7295 -14.7279 -14.7251 -14.7190
   -14.7186 -14.7162 -14.7130 -14.7050 -14.6959 -14.6921 -14.6911 -14.6846
   -14.6840 -14.6773 -14.6677 -14.6660 -14.6603 -14.6547 -14.6530 -14.6526
   -14.6464 -14.6459 -14.6390 -14.6359 -14.6331 -14.6307 -14.6294 -14.6292
   -14.6265 -14.6224 -14.6165 -14.6120 -14.6082 -14.6000 -14.5995 -14.5990
   -14.5910 -14.5907 -14.5892 -14.5765 -14.5739 -14.5695 -14.5675 -14.5662
   -14.5616 -14.5590 -14.5525 -14.5521 -14.5480 -14.5430 -14.5378 -14.5340
   -14.5227 -14.5208 -14.4928 -14.4920 -14.4762 -14.4676 -14.4225 -14.3952
   -14.3171 -14.3075 -14.2987 -14.2193 -14.1894 -14.1708 -14.1128 -14.1089
   -14.0642 -14.0105 -13.9544 -13.9412 -13.9232 -13.8509 -13.8239 -13.7622
    -8.5798  -8.4179  -8.4003  -8.3367  -8.3260  -8.3138  -8.3125  -8.1961
    -8.0965  -8.0554  -8.0163  -7.9650  -7.9316  -7.8228  -7.7974  -7.7506
    -7.6853  -7.5496  -7.5189  -7.4189  -7.4102  -7.3987  -7.3764  -7.2963
    -7.2167  -7.0129  -6.9956  -6.9776  -6.9376  -6.9233  -6.8485  -6.7323
    -6.7012  -6.4526  -6.2268  -6.2103  -6.1380  -6.1001  -5.9461  -5.9412
    -5.9093  -5.7987  -5.7837  -5.7626  -5.7378  -5.7286  -5.7120  -5.6872
    -5.6315  -5.4198  -5.4029  -5.3199  -5.2583  -5.2242  -5.2196  -5.1839
    -5.1821  -5.1577  -5.0536  -5.0052  -4.9895  -4.8707  -4.7723  -4.7484
    -4.7347  -4.4905  -4.4702  -4.4588  -4.4349  -4.4120  -4.3953  -4.3333
    -4.3236  -4.3039  -4.2843  -4.2629  -4.2257  -4.2181  -4.1592  -4.1387
    -4.1022  -4.0771  -4.0577  -4.0419  -3.9958  -3.9955  -3.9729  -3.9651
    -3.8726  -3.8341  -3.8176  -3.7401  -3.6869  -3.6651  -3.6571  -3.6391
    -3.5747  -3.5615  -3.5424  -3.4968  -3.4880  -3.4212  -3.3300  -3.3044
    -3.2912  -3.2171  -3.1527  -3.1495  -3.1435  -3.0889  -3.0882  -3.0753
    -3.0240  -3.0093  -3.0035  -2.9968  -2.9622  -2.9553  -2.9248  -2.8858
    -2.8775  -2.8124  -2.8115  -2.7977  -2.7721  -2.7715  -2.7100  -2.6906
    -2.5960  -2.5287  -2.5155  -2.5090  -2.3911  -2.3788  -2.3109  -2.3056
    -2.2633  -2.2627  -2.0892  -2.0815  -2.0733  -2.0733  -2.0250  -2.0237
    -0.9966   0.5630   1.3810   1.4259   1.5262   1.5492   1.6759   1.9831
     2.1121   2.2174   2.2353   2.2562   2.3406   2.3662   2.4952   2.5888

          k = 0.0738 0.0000 0.0000 (324821 PWs)   bands (ev):

   -20.2735 -20.2384 -20.1110 -20.1102 -20.0643 -20.0629 -20.0546 -20.0520
   -19.9475 -19.9467 -19.9118 -19.8996 -19.8645 -19.8585 -19.8214 -19.8203
   -19.7425 -19.7041 -19.7029 -19.6476 -19.6437 -19.6367 -19.6360 -19.6049
   -19.5912 -19.5688 -19.5230 -19.4947 -19.4691 -19.4561 -19.4527 -19.2915
   -19.2743 -19.2742 -19.2593 -19.2411 -19.2385 -19.2072 -19.1972 -19.1732
   -19.1282 -19.1281 -19.0885 -19.0632 -19.0488 -19.0483 -19.0336 -18.9264
   -15.0056 -15.0002 -14.9803 -14.9760 -14.9721 -14.9620 -14.9515 -14.9366
   -14.9314 -14.9286 -14.9250 -14.9187 -14.9142 -14.9134 -14.9091 -14.9026
   -14.8983 -14.8940 -14.8841 -14.8767 -14.8746 -14.8623 -14.8561 -14.8542
   -14.8494 -14.8484 -14.8453 -14.8341 -14.8333 -14.8318 -14.8289 -14.8190
   -14.8140 -14.8136 -14.8105 -14.8076 -14.7998 -14.7901 -14.7761 -14.7577
   -14.7548 -14.7466 -14.7455 -14.7378 -14.7292 -14.7278 -14.7249 -14.7193
   -14.7181 -14.7164 -14.7134 -14.7052 -14.6969 -14.6926 -14.6925 -14.6851
   -14.6830 -14.6769 -14.6679 -14.6675 -14.6610 -14.6555 -14.6542 -14.6511
   -14.6461 -14.6459 -14.6397 -14.6375 -14.6328 -14.6296 -14.6288 -14.6280
   -14.6256 -14.6221 -14.6155 -14.6126 -14.6065 -14.6010 -14.5996 -14.5993
   -14.5907 -14.5902 -14.5899 -14.5766 -14.5736 -14.5695 -14.5675 -14.5663
   -14.5624 -14.5591 -14.5529 -14.5521 -14.5474 -14.5436 -14.5376 -14.5341
   -14.5259 -14.5208 -14.4958 -14.4875 -14.4779 -14.4619 -14.4207 -14.3963
   -14.3162 -14.3150 -14.2994 -14.2120 -14.1887 -14.1729 -14.1106 -14.1091
   -14.0635 -14.0144 -13.9543 -13.9375 -13.9246 -13.8511 -13.8240 -13.7637
    -8.5792  -8.4182  -8.4066  -8.3416  -8.3190  -8.3115  -8.3068  -8.1954
    -8.0970  -8.0569  -8.0186  -7.9711  -7.9245  -7.8219  -7.7958  -7.7484
    -7.6853  -7.5482  -7.5194  -7.4225  -7.4138  -7.3985  -7.3790  -7.2995
    -7.2173  -7.0335  -6.9924  -6.9839  -6.9250  -6.9035  -6.8466  -6.7324
    -6.6998  -6.4551  -6.2366  -6.2343  -6.1352  -6.0836  -5.9504  -5.9460
    -5.8991  -5.7884  -5.7874  -5.7645  -5.7450  -5.7297  -5.7120  -5.6826
    -5.6213  -5.4188  -5.3958  -5.3202  -5.2582  -5.2273  -5.2073  -5.1848
    -5.1839  -5.1528  -5.0561  -5.0059  -4.9837  -4.8697  -4.7694  -4.7533
    -4.7379  -4.4924  -4.4738  -4.4711  -4.4379  -4.4196  -4.3963  -4.3411
    -4.3319  -4.3051  -4.2822  -4.2524  -4.2269  -4.2244  -4.1495  -4.1444
    -4.1017  -4.0790  -4.0462  -4.0361  -3.9983  -3.9921  -3.9713  -3.9583
    -3.8819  -3.8464  -3.8150  -3.7333  -3.6727  -3.6669  -3.6581  -3.6329
    -3.5726  -3.5645  -3.5367  -3.4991  -3.4891  -3.4173  -3.3376  -3.3007
    -3.2897  -3.2168  -3.1600  -3.1571  -3.1474  -3.1056  -3.0908  -3.0684
    -3.0097  -3.0072  -3.0027  -2.9977  -2.9538  -2.9529  -2.9315  -2.8866
    -2.8776  -2.8140  -2.8128  -2.7980  -2.7720  -2.7700  -2.7102  -2.6918
    -2.5955  -2.5304  -2.5173  -2.5107  -2.3970  -2.3854  -2.3115  -2.3067
    -2.2571  -2.2567  -2.0946  -2.0867  -2.0731  -2.0730  -2.0229  -2.0212
    -0.9789   0.5706   1.3061   1.4305   1.5311   1.5548   1.7479   1.9873
     2.0556   2.2216   2.2341   2.2593   2.3705   2.3905   2.4999   2.5616

          k = 0.0984 0.0000 0.0000 (324861 PWs)   bands (ev):

   -20.2722 -20.2374 -20.1126 -20.1126 -20.0643 -20.0629 -20.0556 -20.0532
   -19.9446 -19.9438 -19.9113 -19.8993 -19.8652 -19.8591 -19.8220 -19.8210
   -19.7414 -19.7039 -19.7024 -19.6498 -19.6449 -19.6353 -19.6353 -19.6052
   -19.5915 -19.5677 -19.5327 -19.4956 -19.4688 -19.4524 -19.4452 -19.2915
   -19.2739 -19.2738 -19.2610 -19.2403 -19.2362 -19.2068 -19.1983 -19.1721
   -19.1296 -19.1294 -19.0942 -19.0662 -19.0463 -19.0432 -19.0335 -18.9270
   -15.0051 -14.9996 -14.9813 -14.9759 -14.9706 -14.9616 -14.9515 -14.9369
   -14.9330 -14.9301 -14.9267 -14.9196 -14.9138 -14.9125 -14.9087 -14.9024
   -14.8977 -14.8938 -14.8850 -14.8767 -14.8763 -14.8602 -14.8567 -14.8541
   -14.8494 -14.8478 -14.8467 -14.8338 -14.8311 -14.8309 -14.8303 -14.8177
   -14.8128 -14.8124 -14.8101 -14.8067 -14.7988 -14.7901 -14.7756 -14.7580
   -14.7548 -14.7464 -14.7460 -14.7397 -14.7290 -14.7276 -14.7247 -14.7197
   -14.7174 -14.7168 -14.7139 -14.7058 -14.6978 -14.6941 -14.6932 -14.6865
   -14.6814 -14.6764 -14.6691 -14.6681 -14.6621 -14.6564 -14.6562 -14.6489
   -14.6460 -14.6459 -14.6402 -14.6392 -14.6321 -14.6284 -14.6283 -14.6267
   -14.6252 -14.6215 -14.6143 -14.6133 -14.6045 -14.6019 -14.6003 -14.5994
   -14.5913 -14.5907 -14.5887 -14.5768 -14.5732 -14.5696 -14.5677 -14.5665
   -14.5635 -14.5592 -14.5535 -14.5521 -14.5466 -14.5444 -14.5373 -14.5343
   -14.5289 -14.5208 -14.4995 -14.4815 -14.4799 -14.4558 -14.4185 -14.3978
   -14.3237 -14.3150 -14.3003 -14.2035 -14.1877 -14.1758 -14.1095 -14.1076
   -14.0625 -14.0192 -13.9542 -13.9328 -13.9266 -13.8513 -13.8241 -13.7657
    -8.5784  -8.4186  -8.4138  -8.3464  -8.3107  -8.3084  -8.3008  -8.1945
    -8.0979  -8.0590  -8.0218  -7.9777  -7.9163  -7.8206  -7.7934  -7.7453
    -7.6853  -7.5462  -7.5200  -7.4273  -7.4183  -7.3990  -7.3826  -7.3038
    -7.2182  -7.0542  -6.9887  -6.9881  -6.9114  -6.8836  -6.8439  -6.7325
    -6.6979  -6.4586  -6.2603  -6.2493  -6.1315  -6.0680  -5.9608  -5.9461
    -5.8865  -5.7917  -5.7756  -5.7669  -5.7529  -5.7311  -5.7125  -5.6776
    -5.6079  -5.4174  -5.3862  -5.3188  -5.2567  -5.2371  -5.1869  -5.1867
    -5.1853  -5.1468  -5.0594  -5.0067  -4.9765  -4.8683  -4.7654  -4.7597
    -4.7422  -4.4967  -4.4866  -4.4782  -4.4420  -4.4285  -4.3960  -4.3628
    -4.3303  -4.3048  -4.2794  -4.2442  -4.2307  -4.2306  -4.1498  -4.1392
    -4.0979  -4.0804  -4.0330  -4.0286  -4.0021  -3.9892  -3.9689  -3.9503
    -3.8938  -3.8600  -3.8114  -3.7248  -3.6683  -3.6595  -3.6572  -3.6252
    -3.5690  -3.5686  -3.5290  -3.5022  -3.4903  -3.4121  -3.3473  -3.2958
    -3.2888  -3.2166  -3.1719  -3.1621  -3.1527  -3.1218  -3.0939  -3.0611
    -3.0109  -2.9990  -2.9968  -2.9951  -2.9490  -2.9441  -2.9392  -2.8890
    -2.8774  -2.8173  -2.8138  -2.7983  -2.7719  -2.7679  -2.7106  -2.6937
    -2.5946  -2.5326  -2.5196  -2.5130  -2.4042  -2.3935  -2.3125  -2.3084
    -2.2495  -2.2494  -2.1011  -2.0930  -2.0729  -2.0725  -2.0206  -2.0185
    -0.9547   0.5813   1.2309   1.4370   1.5376   1.5626   1.8189   1.9933
     1.9991   2.2275   2.2318   2.2635   2.3764   2.4331   2.5061   2.5315

          k = 0.1230 0.0000 0.0000 (324888 PWs)   bands (ev):

   -20.2705 -20.2360 -20.1156 -20.1148 -20.0643 -20.0630 -20.0567 -20.0547
   -19.9411 -19.9404 -19.9108 -19.8989 -19.8661 -19.8599 -19.8229 -19.8219
   -19.7401 -19.7037 -19.7016 -19.6521 -19.6463 -19.6347 -19.6339 -19.6055
   -19.5919 -19.5663 -19.5423 -19.4968 -19.4684 -19.4521 -19.4342 -19.2914
   -19.2735 -19.2732 -19.2628 -19.2393 -19.2337 -19.2063 -19.1998 -19.1707
   -19.1315 -19.1311 -19.0999 -19.0692 -19.0445 -19.0376 -19.0333 -18.9277
   -15.0044 -14.9988 -14.9822 -14.9758 -14.9689 -14.9612 -14.9514 -14.9383
   -14.9335 -14.9318 -14.9286 -14.9208 -14.9134 -14.9117 -14.9084 -14.9022
   -14.8970 -14.8935 -14.8859 -14.8779 -14.8769 -14.8584 -14.8571 -14.8540
   -14.8501 -14.8481 -14.8461 -14.8334 -14.8321 -14.8298 -14.8285 -14.8163
   -14.8114 -14.8109 -14.8095 -14.8057 -14.7975 -14.7902 -14.7750 -14.7584
   -14.7549 -14.7475 -14.7452 -14.7418 -14.7289 -14.7273 -14.7246 -14.7201
   -14.7176 -14.7167 -14.7144 -14.7071 -14.6984 -14.6955 -14.6941 -14.6880
   -14.6795 -14.6760 -14.6708 -14.6683 -14.6634 -14.6583 -14.6573 -14.6466
   -14.6462 -14.6459 -14.6408 -14.6405 -14.6310 -14.6276 -14.6271 -14.6255
   -14.6254 -14.6206 -14.6139 -14.6129 -14.6025 -14.6021 -14.6013 -14.5999
   -14.5920 -14.5907 -14.5875 -14.5770 -14.5728 -14.5697 -14.5679 -14.5667
   -14.5648 -14.5591 -14.5542 -14.5521 -14.5458 -14.5453 -14.5369 -14.5346
   -14.5317 -14.5207 -14.5029 -14.4821 -14.4751 -14.4494 -14.4160 -14.3996
   -14.3331 -14.3135 -14.3015 -14.1945 -14.1864 -14.1791 -14.1100 -14.1041
   -14.0611 -14.0247 -13.9540 -13.9290 -13.9276 -13.8517 -13.8243 -13.7684
    -8.5773  -8.4216  -8.4190  -8.3512  -8.3046  -8.3015  -8.2945  -8.1934
    -8.0989  -8.0617  -8.0258  -7.9848  -7.9072  -7.8189  -7.7904  -7.7415
    -7.6855  -7.5437  -7.5207  -7.4332  -7.4235  -7.4002  -7.3871  -7.3091
    -7.2192  -7.0749  -6.9921  -6.9830  -6.8972  -6.8638  -6.8404  -6.7326
    -6.6953  -6.4629  -6.2872  -6.2643  -6.1272  -6.0541  -5.9719  -5.9466
    -5.8719  -5.7960  -5.7694  -5.7612  -5.7610  -5.7329  -5.7137  -5.6723
    -5.5919  -5.4158  -5.3747  -5.3154  -5.2543  -5.2485  -5.1909  -5.1854
    -5.1637  -5.1399  -5.0632  -5.0074  -4.9688  -4.8665  -4.7675  -4.7605
    -4.7477  -4.5053  -4.5042  -4.4816  -4.4475  -4.4377  -4.3936  -4.3867
    -4.3290  -4.3048  -4.2758  -4.2387  -4.2381  -4.2365  -4.1527  -4.1287
    -4.0901  -4.0811  -4.0203  -4.0193  -4.0069  -3.9876  -3.9655  -3.9420
    -3.9077  -3.8735  -3.8070  -3.7168  -3.6669  -3.6613  -3.6427  -3.6169
    -3.5736  -3.5633  -3.5196  -3.5058  -3.4914  -3.4057  -3.3587  -3.2899
    -3.2888  -3.2168  -3.1845  -3.1673  -3.1593  -3.1368  -3.0973  -3.0537
    -3.0143  -3.0009  -2.9877  -2.9855  -2.9473  -2.9430  -2.9336  -2.8931
    -2.8768  -2.8214  -2.8155  -2.7988  -2.7718  -2.7650  -2.7113  -2.6963
    -2.5934  -2.5351  -2.5225  -2.5158  -2.4120  -2.4026  -2.3139  -2.3109
    -2.2412  -2.2410  -2.1082  -2.0999  -2.0725  -2.0718  -2.0185  -2.0159
    -0.9244   0.5948   1.1553   1.4453   1.5457   1.5725   1.8889   1.9432
     2.0009   2.2276   2.2351   2.2690   2.3839   2.4593   2.4997   2.5161

          k = 0.1476 0.0000 0.0000 (324850 PWs)   bands (ev):

   -20.2685 -20.2345 -20.1193 -20.1175 -20.0644 -20.0630 -20.0578 -20.0561
   -19.9371 -19.9364 -19.9101 -19.8984 -19.8672 -19.8608 -19.8239 -19.8230
   -19.7384 -19.7034 -19.7007 -19.6544 -19.6477 -19.6342 -19.6326 -19.6060
   -19.5924 -19.5647 -19.5517 -19.4982 -19.4680 -19.4517 -19.4231 -19.2913
   -19.2731 -19.2724 -19.2646 -19.2379 -19.2310 -19.2057 -19.2015 -19.1690
   -19.1337 -19.1331 -19.1057 -19.0724 -19.0428 -19.0332 -19.0319 -18.9286
   -15.0036 -14.9979 -14.9829 -14.9757 -14.9672 -14.9606 -14.9514 -14.9406
   -14.9338 -14.9332 -14.9308 -14.9222 -14.9129 -14.9111 -14.9081 -14.9019
   -14.8964 -14.8931 -14.8870 -14.8796 -14.8774 -14.8574 -14.8569 -14.8539
   -14.8501 -14.8492 -14.8442 -14.8341 -14.8328 -14.8288 -14.8258 -14.8146
   -14.8099 -14.8093 -14.8088 -14.8046 -14.7960 -14.7902 -14.7745 -14.7589
   -14.7551 -14.7488 -14.7443 -14.7439 -14.7289 -14.7269 -14.7245 -14.7206
   -14.7187 -14.7158 -14.7151 -14.7091 -14.6985 -14.6969 -14.6951 -14.6897
   -14.6776 -14.6755 -14.6725 -14.6685 -14.6650 -14.6605 -14.6582 -14.6465
   -14.6460 -14.6444 -14.6422 -14.6407 -14.6295 -14.6269 -14.6261 -14.6257
   -14.6244 -14.6199 -14.6145 -14.6116 -14.6028 -14.6024 -14.6010 -14.5995
   -14.5918 -14.5906 -14.5866 -14.5772 -14.5724 -14.5699 -14.5683 -14.5672
   -14.5659 -14.5589 -14.5551 -14.5521 -14.5463 -14.5449 -14.5365 -14.5349
   -14.5340 -14.5207 -14.5060 -14.4844 -14.4685 -14.4427 -14.4136 -14.4018
   -14.3427 -14.3116 -14.3030 -14.1856 -14.1847 -14.1829 -14.1106 -14.1002
   -14.0592 -14.0305 -13.9539 -13.9319 -13.9221 -13.8521 -13.8245 -13.7716
    -8.5760  -8.4297  -8.4195  -8.3558  -8.3000  -8.2918  -8.2879  -8.1919
    -8.1002  -8.0651  -8.0306  -7.9923  -7.8970  -7.8168  -7.7867  -7.7372
    -7.6857  -7.5406  -7.5216  -7.4400  -7.4295  -7.4023  -7.3925  -7.3153
    -7.2204  -7.0951  -6.9941  -6.9773  -6.8824  -6.8442  -6.8360  -6.7327
    -6.6922  -6.4679  -6.3147  -6.2811  -6.1223  -6.0422  -5.9834  -5.9478
    -5.8557  -5.8000  -5.7719  -5.7683  -5.7459  -5.7350  -5.7156  -5.6668
    -5.5737  -5.4139  -5.3616  -5.3096  -5.2610  -5.2511  -5.1966  -5.1850
    -5.1381  -5.1323  -5.0675  -5.0078  -4.9613  -4.8641  -4.7761  -4.7548
    -4.7543  -4.5232  -4.5182  -4.4835  -4.4553  -4.4461  -4.4108  -4.3891
    -4.3282  -4.3065  -4.2714  -4.2517  -4.2418  -4.2330  -4.1519  -4.1183
    -4.0810  -4.0790  -4.0120  -4.0118  -4.0069  -3.9881  -3.9608  -3.9340
    -3.9227  -3.8855  -3.8019  -3.7128  -3.6635  -3.6594  -3.6310  -3.6088
    -3.5791  -3.5548  -3.5099  -3.5089  -3.4916  -3.3985  -3.3717  -3.2898
    -3.2833  -3.2180  -3.1972  -3.1719  -3.1670  -3.1498  -3.1007  -3.0463
    -3.0175  -3.0036  -2.9814  -2.9764  -2.9554  -2.9345  -2.9228  -2.8988
    -2.8755  -2.8261  -2.8181  -2.7995  -2.7718  -2.7617  -2.7124  -2.6997
    -2.5917  -2.5377  -2.5258  -2.5192  -2.4202  -2.4120  -2.3159  -2.3141
    -2.2326  -2.2321  -2.1155  -2.1071  -2.0721  -2.0710  -2.0168  -2.0137
    -0.8883   0.6113   1.0793   1.4555   1.5548   1.5847   1.8886   1.9572
     2.0102   2.2210   2.2443   2.2757   2.3930   2.4605   2.4668   2.4911

          k = 0.1722 0.0000 0.0000 (324864 PWs)   bands (ev):

   -20.2661 -20.2326 -20.1236 -20.1206 -20.0644 -20.0631 -20.0589 -20.0575
   -19.9327 -19.9321 -19.9093 -19.8978 -19.8684 -19.8618 -19.8252 -19.8244
   -19.7364 -19.7030 -19.6996 -19.6568 -19.6493 -19.6338 -19.6314 -19.6065
   -19.5930 -19.5628 -19.5606 -19.4998 -19.4674 -19.4514 -19.4120 -19.2913
   -19.2725 -19.2717 -19.2663 -19.2363 -19.2282 -19.2050 -19.2036 -19.1671
   -19.1363 -19.1354 -19.1115 -19.0756 -19.0412 -19.0330 -19.0262 -18.9297
   -15.0026 -14.9968 -14.9836 -14.9755 -14.9655 -14.9600 -14.9513 -14.9433
   -14.9358 -14.9331 -14.9325 -14.9239 -14.9123 -14.9108 -14.9078 -14.9017
   -14.8958 -14.8924 -14.8882 -14.8812 -14.8781 -14.8576 -14.8562 -14.8538
   -14.8502 -14.8492 -14.8421 -14.8362 -14.8321 -14.8277 -14.8230 -14.8128
   -14.8082 -14.8080 -14.8075 -14.8034 -14.7943 -14.7903 -14.7740 -14.7594
   -14.7555 -14.7503 -14.7460 -14.7432 -14.7290 -14.7266 -14.7245 -14.7212
   -14.7200 -14.7156 -14.7149 -14.7118 -14.6983 -14.6982 -14.6963 -14.6916
   -14.6754 -14.6749 -14.6743 -14.6688 -14.6668 -14.6625 -14.6591 -14.6470
   -14.6461 -14.6441 -14.6416 -14.6409 -14.6279 -14.6270 -14.6262 -14.6244
   -14.6236 -14.6193 -14.6150 -14.6108 -14.6037 -14.6027 -14.6021 -14.5969
   -14.5908 -14.5905 -14.5858 -14.5775 -14.5720 -14.5702 -14.5687 -14.5684
   -14.5665 -14.5586 -14.5560 -14.5520 -14.5472 -14.5440 -14.5362 -14.5360
   -14.5352 -14.5207 -14.5087 -14.4866 -14.4618 -14.4358 -14.4113 -14.4043
   -14.3521 -14.3095 -14.3047 -14.1871 -14.1828 -14.1770 -14.1113 -14.0961
   -14.0567 -14.0364 -13.9537 -13.9353 -13.9163 -13.8525 -13.8249 -13.7753
    -8.5744  -8.4379  -8.4198  -8.3603  -8.2948  -8.2817  -8.2812  -8.1903
    -8.1018  -8.0690  -8.0361  -8.0002  -7.8857  -7.8142  -7.7824  -7.7325
    -7.6861  -7.5371  -7.5226  -7.4475  -7.4362  -7.4054  -7.3988  -7.3223
    -7.2216  -7.1147  -6.9947  -6.9711  -6.8674  -6.8308  -6.8249  -6.7328
    -6.6885  -6.4735  -6.3425  -6.2991  -6.1171  -6.0324  -5.9948  -5.9500
    -5.8382  -5.8033  -5.7744  -5.7743  -5.7374  -5.7302  -5.7183  -5.6610
    -5.5536  -5.4119  -5.3473  -5.3018  -5.2738  -5.2474  -5.2040  -5.1842
    -5.1242  -5.1105  -5.0717  -5.0077  -4.9546  -4.8611  -4.7852  -4.7618
    -4.7485  -4.5430  -4.5341  -4.4845  -4.4680  -4.4534  -4.4310  -4.3827
    -4.3289  -4.3105  -4.2684  -4.2664  -4.2468  -4.2277  -4.1480  -4.1082
    -4.0799  -4.0671  -4.0163  -4.0038  -3.9971  -3.9912  -3.9547  -3.9381
    -3.9263  -3.8946  -3.7966  -3.7145  -3.6660  -3.6444  -3.6230  -3.6027
    -3.5838  -3.5444  -3.5142  -3.4971  -3.4898  -3.3907  -3.3860  -3.2918
    -3.2761  -3.2208  -3.2097  -3.1758  -3.1755  -3.1598  -3.1037  -3.0392
    -3.0203  -3.0074  -2.9765  -2.9696  -2.9630  -2.9235  -2.9118  -2.9061
    -2.8730  -2.8313  -2.8216  -2.8003  -2.7719  -2.7579  -2.7141  -2.7041
    -2.5895  -2.5402  -2.5295  -2.5230  -2.4283  -2.4216  -2.3186  -2.3184
    -2.2239  -2.2231  -2.1225  -2.1142  -2.0715  -2.0700  -2.0155  -2.0119
    -0.8471   0.6305   1.0032   1.4674   1.5640   1.5988   1.8361   2.0211
     2.0228   2.2117   2.2551   2.2836   2.4030   2.4339   2.4417   2.4706

          k = 0.1968 0.0000 0.0000 (324874 PWs)   bands (ev):

   -20.2633 -20.2304 -20.1283 -20.1241 -20.0644 -20.0632 -20.0598 -20.0588
   -19.9279 -19.9275 -19.9083 -19.8971 -19.8698 -19.8630 -19.8267 -19.8259
   -19.7341 -19.7026 -19.6984 -19.6592 -19.6510 -19.6336 -19.6303 -19.6071
   -19.5936 -19.5692 -19.5608 -19.5015 -19.4668 -19.4511 -19.4009 -19.2912
   -19.2720 -19.2709 -19.2680 -19.2344 -19.2252 -19.2060 -19.2041 -19.1650
   -19.1392 -19.1380 -19.1172 -19.0790 -19.0397 -19.0327 -19.0206 -18.9310
   -15.0015 -14.9956 -14.9841 -14.9753 -14.9636 -14.9594 -14.9512 -14.9460
   -14.9380 -14.9356 -14.9315 -14.9259 -14.9116 -14.9110 -14.9074 -14.9015
   -14.8952 -14.8915 -14.8893 -14.8829 -14.8792 -14.8576 -14.8561 -14.8537
   -14.8508 -14.8476 -14.8398 -14.8385 -14.8311 -14.8266 -14.8200 -14.8108
   -14.8071 -14.8065 -14.8057 -14.8022 -14.7925 -14.7904 -14.7736 -14.7599
   -14.7561 -14.7519 -14.7480 -14.7420 -14.7292 -14.7263 -14.7249 -14.7218
   -14.7215 -14.7161 -14.7149 -14.7139 -14.6994 -14.6978 -14.6976 -14.6934
   -14.6761 -14.6744 -14.6730 -14.6692 -14.6687 -14.6644 -14.6601 -14.6474
   -14.6462 -14.6453 -14.6410 -14.6393 -14.6283 -14.6261 -14.6256 -14.6232
   -14.6230 -14.6188 -14.6153 -14.6113 -14.6050 -14.6024 -14.6024 -14.5942
   -14.5904 -14.5893 -14.5853 -14.5777 -14.5716 -14.5706 -14.5698 -14.5692
   -14.5668 -14.5582 -14.5569 -14.5519 -14.5481 -14.5432 -14.5378 -14.5357
   -14.5355 -14.5208 -14.5112 -14.4886 -14.4552 -14.4288 -14.4096 -14.4070
   -14.3610 -14.3071 -14.3066 -14.1916 -14.1806 -14.1690 -14.1121 -14.0919
   -14.0534 -14.0422 -13.9535 -13.9390 -13.9105 -13.8529 -13.8254 -13.7794
    -8.5726  -8.4460  -8.4201  -8.3648  -8.2889  -8.2742  -8.2714  -8.1884
    -8.1035  -8.0735  -8.0423  -8.0085  -7.8734  -7.8111  -7.7776  -7.7274
    -7.6868  -7.5332  -7.5237  -7.4553  -7.4437  -7.4095  -7.4058  -7.3298
    -7.2230  -7.1333  -6.9942  -6.9648  -6.8524  -6.8246  -6.8060  -6.7328
    -6.6841  -6.4798  -6.3702  -6.3179  -6.1118  -6.0248  -6.0060  -5.9536
    -5.8195  -5.8058  -5.7786  -5.7765  -5.7399  -5.7215  -5.7147  -5.6550
    -5.5318  -5.4101  -5.3326  -5.2923  -5.2865  -5.2433  -5.2132  -5.1830
    -5.1157  -5.0814  -5.0759  -5.0071  -4.9495  -4.8577  -4.7943  -4.7700
    -4.7418  -4.5632  -4.5517  -4.4885  -4.4849  -4.4593  -4.4432  -4.3748
    -4.3325  -4.3165  -4.2863  -4.2608  -4.2514  -4.2215  -4.1427  -4.0983
    -4.0779  -4.0577  -4.0175  -3.9973  -3.9968  -3.9917  -3.9534  -3.9474
    -3.9187  -3.8993  -3.7912  -3.7200  -3.6688  -3.6239  -3.6184  -3.6029
    -3.5835  -3.5346  -3.5185  -3.4847  -3.4841  -3.4014  -3.3831  -3.2946
    -3.2687  -3.2253  -3.2215  -3.1845  -3.1789  -3.1660  -3.1060  -3.0324
    -3.0226  -3.0126  -2.9729  -2.9699  -2.9654  -2.9146  -2.9108  -2.9012
    -2.8695  -2.8369  -2.8261  -2.8012  -2.7720  -2.7541  -2.7164  -2.7094
    -2.5867  -2.5422  -2.5335  -2.5271  -2.4361  -2.4310  -2.3237  -2.3223
    -2.2153  -2.2143  -2.1290  -2.1209  -2.0707  -2.0689  -2.0146  -2.0106
    -0.8013   0.6523   0.9268   1.4810   1.5716   1.6150   1.7876   2.0335
     2.0820   2.2023   2.2675   2.2928   2.3955   2.4129   2.4197   2.4563

          k = 0.2214 0.0000 0.0000 (324924 PWs)   bands (ev):

   -20.2602 -20.2280 -20.1336 -20.1281 -20.0644 -20.0632 -20.0607 -20.0600
   -19.9230 -19.9228 -19.9072 -19.8963 -19.8713 -19.8643 -19.8285 -19.8277
   -19.7315 -19.7020 -19.6970 -19.6617 -19.6528 -19.6338 -19.6291 -19.6077
   -19.5944 -19.5772 -19.5586 -19.5033 -19.4661 -19.4509 -19.3898 -19.2911
   -19.2713 -19.2701 -19.2696 -19.2321 -19.2223 -19.2087 -19.2031 -19.1627
   -19.1423 -19.1410 -19.1229 -19.0825 -19.0384 -19.0325 -19.0151 -18.9325
   -15.0002 -14.9941 -14.9845 -14.9751 -14.9618 -14.9589 -14.9512 -14.9488
   -14.9402 -14.9381 -14.9305 -14.9281 -14.9117 -14.9108 -14.9068 -14.9014
   -14.8948 -14.8905 -14.8905 -14.8847 -14.8805 -14.8575 -14.8563 -14.8536
   -14.8511 -14.8456 -14.8407 -14.8374 -14.8301 -14.8254 -14.8170 -14.8086
   -14.8060 -14.8049 -14.8037 -14.8009 -14.7907 -14.7905 -14.7733 -14.7604
   -14.7570 -14.7536 -14.7499 -14.7408 -14.7296 -14.7262 -14.7257 -14.7229
   -14.7224 -14.7183 -14.7164 -14.7129 -14.7005 -14.6991 -14.6973 -14.6952
   -14.6778 -14.6738 -14.6706 -14.6705 -14.6697 -14.6661 -14.6610 -14.6477
   -14.6465 -14.6463 -14.6410 -14.6370 -14.6298 -14.6252 -14.6244 -14.6232
   -14.6216 -14.6185 -14.6152 -14.6129 -14.6064 -14.6018 -14.6017 -14.5917
   -14.5903 -14.5873 -14.5850 -14.5781 -14.5712 -14.5711 -14.5711 -14.5697
   -14.5671 -14.5579 -14.5578 -14.5517 -14.5489 -14.5426 -14.5394 -14.5361
   -14.5347 -14.5208 -14.5133 -14.4903 -14.4488 -14.4217 -14.4098 -14.4089
   -14.3688 -14.3087 -14.3045 -14.1964 -14.1781 -14.1617 -14.1130 -14.0879
   -14.0493 -14.0476 -13.9534 -13.9432 -13.9046 -13.8533 -13.8261 -13.7840
    -8.5706  -8.4540  -8.4202  -8.3690  -8.2826  -8.2671  -8.2609  -8.1863
    -8.1055  -8.0786  -8.0491  -8.0170  -7.8599  -7.8075  -7.7721  -7.7221
    -7.6878  -7.5290  -7.5248  -7.4632  -7.4522  -7.4145  -7.4134  -7.3379
    -7.2244  -7.1507  -6.9925  -6.9585  -6.8375  -6.8176  -6.7874  -6.7328
    -6.6791  -6.4865  -6.3977  -6.3374  -6.1066  -6.0193  -6.0167  -5.9587
    -5.8075  -5.8000  -5.7807  -5.7786  -5.7426  -5.7251  -5.6999  -5.6486
    -5.5086  -5.4085  -5.3181  -5.2983  -5.2816  -5.2389  -5.2237  -5.1814
    -5.1072  -5.0799  -5.0514  -5.0056  -4.9463  -4.8537  -4.8030  -4.7787
    -4.7348  -4.5832  -4.5701  -4.5140  -4.4851  -4.4635  -4.4491  -4.3657
    -4.3426  -4.3236  -4.3012  -4.2558  -4.2548  -4.2148  -4.1373  -4.0889
    -4.0749  -4.0547  -4.0126  -4.0061  -3.9915  -3.9906  -3.9681  -3.9394
    -3.9108  -3.8988  -3.7860  -3.7278  -3.6719  -3.6160  -3.6094  -3.5998
    -3.5787  -3.5280  -3.5227  -3.4728  -3.4718  -3.4174  -3.3765  -3.2980
    -3.2617  -3.2323  -3.2303  -3.1934  -3.1811  -3.1686  -3.1074  -3.0282
    -3.0222  -3.0195  -2.9758  -2.9699  -2.9636  -2.9242  -2.8970  -2.8912
    -2.8649  -2.8429  -2.8313  -2.8024  -2.7721  -2.7503  -2.7193  -2.7154
    -2.5834  -2.5437  -2.5376  -2.5314  -2.4436  -2.4398  -2.3302  -2.3269
    -2.2070  -2.2058  -2.1347  -2.1272  -2.0697  -2.0676  -2.0143  -2.0100
    -0.7512   0.6768   0.8503   1.4964   1.5738   1.6332   1.7469   2.0475
     2.1191   2.2082   2.2814   2.3033   2.3622   2.3796   2.4326   2.4488

          k = 0.2460 0.0000 0.0000 (324890 PWs)   bands (ev):

   -20.2568 -20.2253 -20.1392 -20.1324 -20.0644 -20.0633 -20.0614 -20.0610
   -19.9181 -19.9179 -19.9058 -19.8954 -19.8729 -19.8657 -19.8305 -19.8298
   -19.7287 -19.7014 -19.6954 -19.6642 -19.6546 -19.6343 -19.6280 -19.6084
   -19.5951 -19.5844 -19.5563 -19.5052 -19.4654 -19.4508 -19.3788 -19.2910
   -19.2711 -19.2707 -19.2693 -19.2295 -19.2192 -19.2118 -19.2019 -19.1602
   -19.1456 -19.1442 -19.1284 -19.0860 -19.0372 -19.0323 -19.0097 -18.9341
   -14.9988 -14.9926 -14.9848 -14.9748 -14.9599 -14.9584 -14.9515 -14.9511
   -14.9424 -14.9406 -14.9305 -14.9293 -14.9127 -14.9100 -14.9060 -14.9012
   -14.8945 -14.8916 -14.8893 -14.8864 -14.8821 -14.8573 -14.8565 -14.8535
   -14.8513 -14.8444 -14.8421 -14.8348 -14.8290 -14.8242 -14.8139 -14.8063
   -14.8049 -14.8034 -14.8016 -14.7997 -14.7906 -14.7888 -14.7731 -14.7607
   -14.7580 -14.7554 -14.7516 -14.7396 -14.7307 -14.7268 -14.7264 -14.7238
   -14.7232 -14.7215 -14.7164 -14.7118 -14.7015 -14.7006 -14.6970 -14.6968
   -14.6793 -14.6732 -14.6723 -14.6704 -14.6680 -14.6675 -14.6619 -14.6479
   -14.6476 -14.6464 -14.6411 -14.6350 -14.6314 -14.6252 -14.6236 -14.6227
   -14.6201 -14.6182 -14.6150 -14.6149 -14.6078 -14.6012 -14.6006 -14.5901
   -14.5895 -14.5852 -14.5850 -14.5784 -14.5723 -14.5718 -14.5707 -14.5700
   -14.5674 -14.5588 -14.5573 -14.5514 -14.5495 -14.5423 -14.5408 -14.5366
   -14.5337 -14.5210 -14.5152 -14.4915 -14.4427 -14.4146 -14.4127 -14.4098
   -14.3750 -14.3111 -14.3016 -14.2015 -14.1753 -14.1554 -14.1141 -14.0848
   -14.0519 -14.0443 -13.9534 -13.9477 -13.8989 -13.8537 -13.8270 -13.7890
    -8.5683  -8.4618  -8.4202  -8.3732  -8.2758  -8.2598  -8.2503  -8.1840
    -8.1076  -8.0841  -8.0564  -8.0259  -7.8453  -7.8034  -7.7662  -7.7168
    -7.6892  -7.5260  -7.5246  -7.4708  -7.4618  -7.4214  -7.4206  -7.3463
    -7.2258  -7.1665  -6.9898  -6.9526  -6.8229  -6.8096  -6.7691  -6.7327
    -6.6732  -6.4938  -6.4248  -6.3571  -6.1014  -6.0266  -6.0159  -5.9654
    -5.8082  -5.7803  -5.7803  -5.7797  -5.7454  -5.7289  -5.6862  -5.6418
    -5.4841  -5.4078  -5.3084  -5.3056  -5.2702  -5.2343  -5.2340  -5.1796
    -5.0988  -5.0839  -5.0216  -5.0031  -4.9455  -4.8493  -4.8108  -4.7878
    -4.7273  -4.6028  -4.5888  -4.5407  -4.4851  -4.4663  -4.4510  -4.3612
    -4.3557  -4.3307  -4.3105  -4.2601  -4.2484  -4.2080  -4.1331  -4.0798
    -4.0714  -4.0573  -4.0166  -4.0032  -3.9960  -3.9850  -3.9818  -3.9315
    -3.9022  -3.8938  -3.7813  -3.7368  -3.6754  -3.6182  -3.6151  -3.5734
    -3.5734  -3.5265  -3.5249  -3.4589  -3.4570  -3.4334  -3.3721  -3.3019
    -3.2560  -3.2420  -3.2340  -3.2014  -3.1828  -3.1685  -3.1077  -3.0294
    -3.0283  -3.0164  -2.9811  -2.9674  -2.9641  -2.9343  -2.8830  -2.8822
    -2.8596  -2.8490  -2.8371  -2.8037  -2.7723  -2.7467  -2.7228  -2.7221
    -2.5798  -2.5446  -2.5418  -2.5358  -2.4506  -2.4477  -2.3378  -2.3325
    -2.1990  -2.1977  -2.1395  -2.1327  -2.0685  -2.0661  -2.0145  -2.0099
    -0.6975   0.7037   0.7737   1.5134   1.5637   1.6532   1.7208   2.0629
     2.1153   2.2484   2.2965   2.3153   2.3275   2.3441   2.4481   2.4484

          k = 0.0174 0.0174 0.0000 (324867 PWs)   bands (ev):

   -20.2750 -20.2395 -20.1092 -20.1075 -20.0642 -20.0627 -20.0532 -20.0502
   -19.9513 -19.9504 -19.9124 -19.9001 -19.8635 -19.8576 -19.8205 -19.8194
   -19.7438 -19.7043 -19.7037 -19.6432 -19.6417 -19.6404 -19.6374 -19.6045
   -19.5908 -19.5705 -19.5020 -19.4932 -19.4783 -19.4692 -19.4532 -19.2915
   -19.2751 -19.2746 -19.2564 -19.2422 -19.2421 -19.2076 -19.1957 -19.1747
   -19.1265 -19.1263 -19.0776 -19.0597 -19.0575 -19.0534 -19.0333 -18.9257
   -15.0062 -15.0009 -14.9779 -14.9766 -14.9747 -14.9625 -14.9517 -14.9368
   -14.9289 -14.9259 -14.9230 -14.9176 -14.9152 -14.9145 -14.9094 -14.9029
   -14.8999 -14.8935 -14.8830 -14.8769 -14.8711 -14.8667 -14.8542 -14.8541
   -14.8525 -14.8463 -14.8428 -14.8369 -14.8341 -14.8333 -14.8270 -14.8206
   -14.8160 -14.8149 -14.8110 -14.8086 -14.8010 -14.7900 -14.7769 -14.7572
   -14.7548 -14.7473 -14.7444 -14.7348 -14.7301 -14.7277 -14.7252 -14.7192
   -14.7189 -14.7158 -14.7130 -14.7046 -14.6953 -14.6920 -14.6892 -14.6862
   -14.6831 -14.6778 -14.6677 -14.6647 -14.6598 -14.6556 -14.6534 -14.6514
   -14.6469 -14.6464 -14.6378 -14.6342 -14.6330 -14.6320 -14.6309 -14.6294
   -14.6275 -14.6222 -14.6172 -14.6113 -14.6097 -14.6001 -14.5996 -14.5974
   -14.5922 -14.5906 -14.5883 -14.5764 -14.5743 -14.5696 -14.5675 -14.5661
   -14.5610 -14.5589 -14.5522 -14.5521 -14.5484 -14.5425 -14.5380 -14.5339
   -14.5207 -14.5195 -14.4987 -14.4876 -14.4738 -14.4733 -14.4238 -14.3945
   -14.3204 -14.3011 -14.2954 -14.2254 -14.1901 -14.1693 -14.1146 -14.1087
   -14.0646 -14.0075 -13.9547 -13.9451 -13.9212 -13.8507 -13.8239 -13.7612
    -8.5801  -8.4176  -8.3950  -8.3318  -8.3316  -8.3242  -8.3093  -8.1964
    -8.0967  -8.0570  -8.0118  -7.9581  -7.9382  -7.8242  -7.8002  -7.7508
    -7.6846  -7.5507  -7.5189  -7.4164  -7.4071  -7.3996  -7.3747  -7.2942
    -7.2160  -6.9988  -6.9886  -6.9670  -6.9517  -6.9468  -6.8498  -6.7321
    -6.7021  -6.4509  -6.2194  -6.1895  -6.1381  -6.1182  -5.9536  -5.9321
    -5.9180  -5.8008  -5.7807  -5.7615  -5.7315  -5.7267  -5.7125  -5.6911
    -5.6383  -5.4233  -5.4049  -5.3191  -5.2566  -5.2406  -5.2166  -5.1814
    -5.1780  -5.1605  -5.0509  -5.0064  -4.9918  -4.8713  -4.7752  -4.7438
    -4.7331  -4.4897  -4.4708  -4.4495  -4.4337  -4.4066  -4.3931  -4.3345
    -4.3102  -4.2995  -4.2859  -4.2768  -4.2254  -4.2109  -4.1684  -4.1340
    -4.1016  -4.0913  -4.0512  -4.0448  -3.9989  -3.9950  -3.9799  -3.9616
    -3.8664  -3.8244  -3.8172  -3.7446  -3.7003  -3.6636  -3.6570  -3.6435
    -3.5754  -3.5596  -3.5463  -3.4943  -3.4867  -3.4238  -3.3235  -3.3064
    -3.2934  -3.2173  -3.1500  -3.1408  -3.1402  -3.0863  -3.0820  -3.0673
    -3.0440  -3.0186  -2.9964  -2.9953  -2.9694  -2.9568  -2.9200  -2.8859
    -2.8773  -2.8120  -2.8098  -2.7981  -2.7726  -2.7722  -2.7104  -2.6902
    -2.5963  -2.5278  -2.5145  -2.5080  -2.3862  -2.3734  -2.3115  -2.3061
    -2.2668  -2.2665  -2.0848  -2.0774  -2.0743  -2.0740  -2.0266  -2.0255
    -1.0073   0.5584   1.4230   1.4775   1.4805   1.5826   1.5872   1.9806
     2.1828   2.2025   2.2149   2.2736   2.2874   2.3637   2.4926   2.6120

          k = 0.0348 0.0348 0.0000 (324873 PWs)   bands (ev):

   -20.2745 -20.2391 -20.1103 -20.1086 -20.0638 -20.0624 -20.0533 -20.0504
   -19.9507 -19.9498 -19.9127 -19.9005 -19.8632 -19.8573 -19.8204 -19.8193
   -19.7434 -19.7044 -19.7037 -19.6448 -19.6424 -19.6395 -19.6370 -19.6046
   -19.5910 -19.5712 -19.5075 -19.4929 -19.4722 -19.4680 -19.4531 -19.2915
   -19.2750 -19.2744 -19.2571 -19.2419 -19.2418 -19.2076 -19.1960 -19.1746
   -19.1268 -19.1267 -19.0803 -19.0601 -19.0570 -19.0524 -19.0319 -18.9260
   -15.0060 -15.0007 -14.9789 -14.9768 -14.9733 -14.9623 -14.9520 -14.9367
   -14.9310 -14.9254 -14.9236 -14.9174 -14.9148 -14.9145 -14.9086 -14.9028
   -14.9014 -14.8921 -14.8831 -14.8773 -14.8722 -14.8660 -14.8549 -14.8538
   -14.8516 -14.8469 -14.8433 -14.8361 -14.8336 -14.8329 -14.8274 -14.8202
   -14.8164 -14.8141 -14.8109 -14.8082 -14.8007 -14.7900 -14.7766 -14.7572
   -14.7548 -14.7471 -14.7448 -14.7358 -14.7302 -14.7269 -14.7252 -14.7195
   -14.7190 -14.7149 -14.7137 -14.7040 -14.6958 -14.6930 -14.6897 -14.6850
   -14.6836 -14.6778 -14.6681 -14.6655 -14.6602 -14.6566 -14.6524 -14.6520
   -14.6473 -14.6471 -14.6374 -14.6345 -14.6338 -14.6314 -14.6306 -14.6287
   -14.6264 -14.6216 -14.6168 -14.6117 -14.6089 -14.6016 -14.5993 -14.5965
   -14.5918 -14.5901 -14.5887 -14.5765 -14.5742 -14.5699 -14.5676 -14.5661
   -14.5612 -14.5588 -14.5523 -14.5520 -14.5480 -14.5428 -14.5380 -14.5340
   -14.5216 -14.5203 -14.4994 -14.4899 -14.4710 -14.4704 -14.4230 -14.3950
   -14.3261 -14.3035 -14.2895 -14.2223 -14.1903 -14.1702 -14.1140 -14.1086
   -14.0644 -14.0091 -13.9552 -13.9465 -13.9189 -13.8505 -13.8239 -13.7618
    -8.5797  -8.4175  -8.3971  -8.3375  -8.3294  -8.3259  -8.3004  -8.1959
    -8.0986  -8.0642  -8.0056  -7.9587  -7.9341  -7.8262  -7.8039  -7.7464
    -7.6827  -7.5505  -7.5199  -7.4177  -7.4090  -7.3993  -7.3757  -7.2960
    -7.2157  -7.0006  -7.0002  -6.9710  -6.9429  -6.9342  -6.8491  -6.7317
    -6.7014  -6.4520  -6.2219  -6.2067  -6.1377  -6.1047  -5.9723  -5.9356
    -5.9122  -5.7833  -5.7821  -5.7630  -5.7335  -5.7245  -5.7128  -5.6889
    -5.6326  -5.4272  -5.3971  -5.3208  -5.2586  -5.2378  -5.2251  -5.1779
    -5.1720  -5.1550  -5.0492  -5.0095  -4.9860  -4.8710  -4.7767  -4.7423
    -4.7356  -4.4909  -4.4793  -4.4547  -4.4372  -4.4099  -4.3922  -4.3345
    -4.3169  -4.3050  -4.2858  -4.2714  -4.2249  -4.2117  -4.1649  -4.1368
    -4.1086  -4.1045  -4.0393  -4.0334  -3.9964  -3.9954  -3.9827  -3.9485
    -3.8719  -3.8259  -3.8166  -3.7413  -3.6973  -3.6647  -3.6588  -3.6401
    -3.5732  -3.5611  -3.5440  -3.4922  -3.4855  -3.4221  -3.3254  -3.3036
    -3.2937  -3.2168  -3.1542  -3.1435  -3.1424  -3.0872  -3.0796  -3.0793
    -3.0333  -3.0240  -2.9970  -2.9900  -2.9651  -2.9560  -2.9245  -2.8865
    -2.8766  -2.8114  -2.8110  -2.7998  -2.7725  -2.7721  -2.7118  -2.6919
    -2.5963  -2.5293  -2.5157  -2.5091  -2.3877  -2.3749  -2.3136  -2.3093
    -2.2620  -2.2616  -2.0865  -2.0795  -2.0761  -2.0755  -2.0249  -2.0236
    -0.9965   0.5630   1.4236   1.4292   1.4301   1.6355   1.6397   1.9832
     2.1458   2.1620   2.2174   2.3093   2.3279   2.3663   2.4972   2.5901

          k = 0.0522 0.0522 0.0000 (324839 PWs)   bands (ev):

   -20.2735 -20.2384 -20.1121 -20.1104 -20.0633 -20.0621 -20.0535 -20.0508
   -19.9497 -19.9488 -19.9132 -19.9011 -19.8627 -19.8567 -19.8202 -19.8192
   -19.7428 -19.7046 -19.7036 -19.6466 -19.6434 -19.6388 -19.6364 -19.6047
   -19.5914 -19.5722 -19.5138 -19.4924 -19.4662 -19.4649 -19.4530 -19.2914
   -19.2749 -19.2741 -19.2581 -19.2416 -19.2411 -19.2075 -19.1965 -19.1743
   -19.1273 -19.1272 -19.0839 -19.0632 -19.0536 -19.0516 -19.0298 -18.9264
   -15.0056 -15.0003 -14.9799 -14.9769 -14.9718 -14.9621 -14.9524 -14.9366
   -14.9333 -14.9253 -14.9245 -14.9172 -14.9143 -14.9142 -14.9074 -14.9030
   -14.9027 -14.8905 -14.8832 -14.8780 -14.8736 -14.8654 -14.8555 -14.8537
   -14.8506 -14.8470 -14.8440 -14.8351 -14.8327 -14.8324 -14.8280 -14.8196
   -14.8167 -14.8133 -14.8107 -14.8077 -14.8000 -14.7899 -14.7762 -14.7572
   -14.7547 -14.7468 -14.7455 -14.7367 -14.7305 -14.7259 -14.7252 -14.7198
   -14.7193 -14.7148 -14.7138 -14.7032 -14.6967 -14.6946 -14.6899 -14.6844
   -14.6839 -14.6778 -14.6688 -14.6668 -14.6608 -14.6578 -14.6529 -14.6513
   -14.6482 -14.6474 -14.6370 -14.6354 -14.6340 -14.6310 -14.6304 -14.6276
   -14.6251 -14.6207 -14.6162 -14.6122 -14.6078 -14.6031 -14.5989 -14.5958
   -14.5915 -14.5893 -14.5891 -14.5766 -14.5743 -14.5705 -14.5676 -14.5661
   -14.5614 -14.5587 -14.5525 -14.5519 -14.5475 -14.5432 -14.5380 -14.5342
   -14.5244 -14.5197 -14.5001 -14.4926 -14.4673 -14.4669 -14.4216 -14.3956
   -14.3327 -14.3071 -14.2827 -14.2176 -14.1908 -14.1716 -14.1130 -14.1085
   -14.0640 -14.0118 -13.9561 -13.9481 -13.9158 -13.8503 -13.8239 -13.7628
    -8.5790  -8.4174  -8.4001  -8.3447  -8.3262  -8.3258  -8.2911  -8.1951
    -8.1018  -8.0734  -7.9978  -7.9591  -7.9285  -7.8293  -7.8085  -7.7404
    -7.6797  -7.5503  -7.5214  -7.4199  -7.4116  -7.3993  -7.3773  -7.2988
    -7.2152  -7.0137  -7.0021  -6.9740  -6.9324  -6.9201  -6.8478  -6.7310
    -6.7001  -6.4538  -6.2265  -6.2260  -6.1402  -6.0883  -5.9972  -5.9382
    -5.9058  -5.7844  -5.7644  -5.7620  -5.7345  -5.7229  -5.7116  -5.6860
    -5.6239  -5.4299  -5.3879  -5.3229  -5.2599  -5.2359  -5.2355  -5.1735
    -5.1650  -5.1451  -5.0464  -5.0119  -4.9792  -4.8703  -4.7789  -4.7401
    -4.7399  -4.4979  -4.4870  -4.4635  -4.4428  -4.4146  -4.3905  -4.3352
    -4.3265  -4.3119  -4.2858  -4.2675  -4.2246  -4.2110  -4.1606  -4.1420
    -4.1223  -4.1078  -4.0310  -4.0230  -3.9936  -3.9879  -3.9822  -3.9345
    -3.8809  -3.8280  -3.8151  -3.7364  -3.6926  -3.6659  -3.6614  -3.6347
    -3.5700  -3.5632  -3.5415  -3.4880  -3.4836  -3.4194  -3.3283  -3.2990
    -3.2949  -3.2160  -3.1607  -3.1476  -3.1449  -3.0916  -3.0893  -3.0760
    -3.0284  -3.0237  -2.9977  -2.9867  -2.9608  -2.9509  -2.9308  -2.8891
    -2.8746  -2.8129  -2.8104  -2.8026  -2.7723  -2.7720  -2.7140  -2.6944
    -2.5962  -2.5317  -2.5176  -2.5110  -2.3902  -2.3776  -2.3161  -2.3127
    -2.2558  -2.2549  -2.0891  -2.0832  -2.0788  -2.0773  -2.0224  -2.0209
    -0.9789   0.5708   1.3768   1.3803   1.4310   1.6889   1.6927   1.9875
     2.1082   2.1221   2.2217   2.3426   2.3668   2.3706   2.4997   2.5565

          k = 0.0696 0.0696 0.0000 (324857 PWs)   bands (ev):

   -20.2722 -20.2374 -20.1143 -20.1127 -20.0630 -20.0621 -20.0536 -20.0512
   -19.9484 -19.9474 -19.9138 -19.9018 -19.8620 -19.8560 -19.8200 -19.8191
   -19.7419 -19.7049 -19.7036 -19.6487 -19.6446 -19.6382 -19.6358 -19.6049
   -19.5918 -19.5735 -19.5201 -19.4921 -19.4636 -19.4572 -19.4527 -19.2913
   -19.2746 -19.2737 -19.2594 -19.2411 -19.2403 -19.2073 -19.1972 -19.1740
   -19.1280 -19.1280 -19.0877 -19.0666 -19.0509 -19.0499 -19.0273 -18.9270
   -15.0052 -14.9998 -14.9808 -14.9771 -14.9701 -14.9618 -14.9530 -14.9374
   -14.9348 -14.9257 -14.9256 -14.9170 -14.9141 -14.9135 -14.9059 -14.9046
   -14.9025 -14.8888 -14.8835 -14.8787 -14.8749 -14.8649 -14.8561 -14.8545
   -14.8496 -14.8462 -14.8448 -14.8341 -14.8316 -14.8314 -14.8288 -14.8188
   -14.8169 -14.8126 -14.8102 -14.8070 -14.7991 -14.7898 -14.7756 -14.7573
   -14.7547 -14.7466 -14.7464 -14.7375 -14.7307 -14.7252 -14.7250 -14.7201
   -14.7196 -14.7160 -14.7124 -14.7024 -14.6977 -14.6965 -14.6900 -14.6855
   -14.6828 -14.6776 -14.6697 -14.6684 -14.6618 -14.6592 -14.6540 -14.6502
   -14.6489 -14.6479 -14.6367 -14.6366 -14.6336 -14.6307 -14.6302 -14.6262
   -14.6236 -14.6195 -14.6154 -14.6129 -14.6065 -14.6046 -14.5984 -14.5952
   -14.5913 -14.5900 -14.5878 -14.5767 -14.5744 -14.5712 -14.5677 -14.5662
   -14.5615 -14.5586 -14.5528 -14.5518 -14.5467 -14.5438 -14.5380 -14.5344
   -14.5276 -14.5190 -14.5008 -14.4954 -14.4632 -14.4630 -14.4197 -14.3966
   -14.3392 -14.3113 -14.2758 -14.2119 -14.1916 -14.1733 -14.1117 -14.1083
   -14.0634 -14.0154 -13.9572 -13.9495 -13.9123 -13.8501 -13.8240 -13.7643
    -8.5779  -8.4172  -8.4038  -8.3519  -8.3260  -8.3214  -8.2813  -8.1939
    -8.1059  -8.0837  -7.9896  -7.9588  -7.9220  -7.8332  -7.8131  -7.7336
    -7.6759  -7.5500  -7.5233  -7.4229  -7.4149  -7.3997  -7.3795  -7.3026
    -7.2144  -7.0271  -7.0041  -6.9763  -6.9209  -6.9055  -6.8459  -6.7302
    -6.6980  -6.4564  -6.2468  -6.2314  -6.1444  -6.0722  -6.0251  -5.9396
    -5.9001  -5.7871  -5.7654  -5.7481  -5.7256  -5.7231  -5.7077  -5.6828
    -5.6127  -5.4307  -5.3779  -5.3248  -5.2601  -5.2479  -5.2341  -5.1688
    -5.1579  -5.1308  -5.0429  -5.0131  -4.9720  -4.8693  -4.7818  -4.7459
    -4.7378  -4.5137  -4.4894  -4.4755  -4.4504  -4.4203  -4.3878  -4.3432
    -4.3316  -4.3201  -4.2861  -4.2671  -4.2253  -4.2084  -4.1565  -4.1492
    -4.1319  -4.1102  -4.0213  -4.0205  -3.9886  -3.9790  -3.9737  -3.9207
    -3.8917  -3.8309  -3.8120  -3.7311  -3.6870  -3.6660  -3.6642  -3.6278
    -3.5685  -3.5631  -3.5399  -3.4811  -3.4810  -3.4156  -3.3322  -3.2977
    -3.2931  -3.2150  -3.1683  -3.1515  -3.1481  -3.1040  -3.0930  -3.0715
    -3.0313  -3.0164  -2.9975  -2.9853  -2.9597  -2.9402  -2.9384  -2.8933
    -2.8722  -2.8156  -2.8092  -2.8064  -2.7720  -2.7719  -2.7168  -2.6977
    -2.5960  -2.5349  -2.5202  -2.5134  -2.3940  -2.3814  -2.3179  -2.3153
    -2.2490  -2.2482  -2.0927  -2.0880  -2.0817  -2.0793  -2.0192  -2.0175
    -0.9546   0.5815   1.3282   1.3316   1.4375   1.7425   1.7455   1.9936
     2.0718   2.0834   2.2277   2.3656   2.3772   2.4013   2.5059   2.5258

          k = 0.0870 0.0870 0.0000 (324829 PWs)   bands (ev):

   -20.2706 -20.2361 -20.1170 -20.1154 -20.0630 -20.0626 -20.0534 -20.0515
   -19.9468 -19.9457 -19.9145 -19.9027 -19.8611 -19.8551 -19.8198 -19.8189
   -19.7408 -19.7052 -19.7035 -19.6510 -19.6460 -19.6378 -19.6352 -19.6052
   -19.5925 -19.5750 -19.5261 -19.4920 -19.4604 -19.4520 -19.4493 -19.2911
   -19.2742 -19.2733 -19.2610 -19.2406 -19.2393 -19.2071 -19.1980 -19.1736
   -19.1290 -19.1289 -19.0917 -19.0701 -19.0503 -19.0461 -19.0247 -18.9278
   -15.0046 -14.9990 -14.9815 -14.9773 -14.9685 -14.9616 -14.9537 -14.9398
   -14.9348 -14.9271 -14.9262 -14.9169 -14.9137 -14.9126 -14.9061 -14.9044
   -14.9023 -14.8872 -14.8839 -14.8796 -14.8762 -14.8645 -14.8567 -14.8559
   -14.8485 -14.8457 -14.8447 -14.8333 -14.8308 -14.8298 -14.8296 -14.8178
   -14.8170 -14.8119 -14.8096 -14.8062 -14.7981 -14.7897 -14.7748 -14.7575
   -14.7549 -14.7480 -14.7458 -14.7382 -14.7308 -14.7253 -14.7242 -14.7205
   -14.7200 -14.7172 -14.7109 -14.7023 -14.6987 -14.6984 -14.6901 -14.6869
   -14.6820 -14.6773 -14.6707 -14.6704 -14.6631 -14.6606 -14.6551 -14.6493
   -14.6492 -14.6480 -14.6379 -14.6365 -14.6329 -14.6306 -14.6299 -14.6249
   -14.6222 -14.6182 -14.6146 -14.6138 -14.6058 -14.6049 -14.5977 -14.5949
   -14.5909 -14.5908 -14.5863 -14.5769 -14.5746 -14.5720 -14.5677 -14.5663
   -14.5616 -14.5584 -14.5532 -14.5518 -14.5459 -14.5445 -14.5380 -14.5347
   -14.5304 -14.5181 -14.5015 -14.4981 -14.4592 -14.4589 -14.4173 -14.3976
   -14.3457 -14.3158 -14.2693 -14.2055 -14.1928 -14.1751 -14.1099 -14.1080
   -14.0626 -14.0198 -13.9584 -13.9505 -13.9087 -13.8498 -13.8241 -13.7662
    -8.5766  -8.4170  -8.4079  -8.3589  -8.3256  -8.3164  -8.2713  -8.1924
    -8.1106  -8.0945  -7.9815  -7.9579  -7.9151  -7.8375  -7.8169  -7.7266
    -7.6717  -7.5500  -7.5253  -7.4266  -7.4188  -7.4006  -7.3823  -7.3073
    -7.2135  -7.0402  -7.0059  -6.9783  -6.9084  -6.8907  -6.8434  -6.7294
    -6.6952  -6.4596  -6.2671  -6.2378  -6.1500  -6.0578  -6.0542  -5.9401
    -5.8959  -5.7897  -5.7655  -5.7458  -5.7238  -5.7040  -5.7022  -5.6790
    -5.5995  -5.4296  -5.3673  -5.3257  -5.2604  -5.2593  -5.2334  -5.1641
    -5.1509  -5.1132  -5.0387  -5.0131  -4.9648  -4.8678  -4.7853  -4.7538
    -4.7357  -4.5327  -4.4921  -4.4889  -4.4599  -4.4269  -4.3842  -4.3580
    -4.3315  -4.3294  -4.2870  -4.2699  -4.2272  -4.2051  -4.1566  -4.1527
    -4.1392  -4.1107  -4.0238  -4.0088  -3.9807  -3.9724  -3.9610  -3.9077
    -3.9014  -3.8340  -3.8078  -3.7272  -3.6804  -3.6669  -3.6634  -3.6198
    -3.5718  -3.5578  -3.5400  -3.4781  -3.4711  -3.4108  -3.3374  -3.3028
    -3.2860  -3.2137  -3.1760  -3.1548  -3.1518  -3.1164  -3.0982  -3.0664
    -3.0331  -3.0133  -2.9945  -2.9850  -2.9589  -2.9469  -2.9281  -2.8986
    -2.8702  -2.8190  -2.8110  -2.8079  -2.7718  -2.7715  -2.7202  -2.7015
    -2.5956  -2.5387  -2.5234  -2.5164  -2.3989  -2.3862  -2.3189  -2.3167
    -2.2423  -2.2421  -2.0971  -2.0938  -2.0844  -2.0812  -2.0158  -2.0138
    -0.9240   0.5953   1.2808   1.2840   1.4460   1.7955   1.7966   2.0013
     2.0382   2.0467   2.2355   2.3656   2.3851   2.4265   2.5113   2.5139

          k = 0.1044 0.1044 0.0000 (324793 PWs)   bands (ev):

   -20.2686 -20.2346 -20.1200 -20.1184 -20.0636 -20.0634 -20.0529 -20.0516
   -19.9449 -19.9437 -19.9152 -19.9037 -19.8602 -19.8541 -19.8196 -19.8188
   -19.7395 -19.7056 -19.7033 -19.6536 -19.6477 -19.6375 -19.6345 -19.6056
   -19.5932 -19.5765 -19.5319 -19.4922 -19.4569 -19.4506 -19.4413 -19.2909
   -19.2737 -19.2729 -19.2627 -19.2400 -19.2383 -19.2068 -19.1991 -19.1733
   -19.1301 -19.1299 -19.0958 -19.0739 -19.0497 -19.0423 -19.0219 -18.9287
   -15.0041 -14.9981 -14.9822 -14.9775 -14.9667 -14.9614 -14.9544 -14.9427
   -14.9343 -14.9286 -14.9270 -14.9169 -14.9133 -14.9118 -14.9074 -14.9029
   -14.9021 -14.8857 -14.8844 -14.8804 -14.8773 -14.8641 -14.8576 -14.8573
   -14.8478 -14.8462 -14.8428 -14.8329 -14.8300 -14.8299 -14.8282 -14.8172
   -14.8166 -14.8113 -14.8087 -14.8054 -14.7968 -14.7895 -14.7739 -14.7577
   -14.7553 -14.7493 -14.7451 -14.7388 -14.7304 -14.7256 -14.7236 -14.7210
   -14.7205 -14.7183 -14.7094 -14.7030 -14.7009 -14.6985 -14.6902 -14.6885
   -14.6814 -14.6768 -14.6725 -14.6718 -14.6645 -14.6621 -14.6559 -14.6493
   -14.6490 -14.6471 -14.6391 -14.6363 -14.6322 -14.6307 -14.6296 -14.6238
   -14.6210 -14.6168 -14.6148 -14.6136 -14.6066 -14.6033 -14.5969 -14.5947
   -14.5914 -14.5903 -14.5848 -14.5772 -14.5750 -14.5728 -14.5676 -14.5666
   -14.5615 -14.5582 -14.5537 -14.5517 -14.5457 -14.5451 -14.5380 -14.5351
   -14.5326 -14.5171 -14.5021 -14.5008 -14.4555 -14.4549 -14.4149 -14.3987
   -14.3517 -14.3203 -14.2633 -14.1989 -14.1947 -14.1765 -14.1077 -14.1076
   -14.0615 -14.0249 -13.9598 -13.9511 -13.9052 -13.8496 -13.8243 -13.7685
    -8.5750  -8.4168  -8.4122  -8.3654  -8.3251  -8.3112  -8.2611  -8.1907
    -8.1157  -8.1055  -7.9738  -7.9564  -7.9085  -7.8419  -7.8190  -7.7197
    -7.6674  -7.5504  -7.5272  -7.4310  -7.4231  -7.4021  -7.3856  -7.3126
    -7.2124  -7.0531  -7.0074  -6.9801  -6.8954  -6.8760  -6.8402  -6.7285
    -6.6913  -6.4635  -6.2868  -6.2449  -6.1567  -6.0838  -6.0459  -5.9400
    -5.8935  -5.7921  -5.7646  -5.7444  -5.7240  -5.6959  -5.6848  -5.6707
    -5.5847  -5.4263  -5.3563  -5.3253  -5.2728  -5.2580  -5.2328  -5.1594
    -5.1440  -5.0932  -5.0343  -5.0115  -4.9579  -4.8656  -4.7894  -4.7635
    -4.7342  -4.5532  -4.5061  -4.4928  -4.4711  -4.4346  -4.3796  -4.3739
    -4.3391  -4.3306  -4.2889  -4.2745  -4.2305  -4.2030  -4.1626  -4.1500
    -4.1457  -4.1084  -4.0281  -3.9972  -3.9705  -3.9615  -3.9577  -3.9045
    -3.8959  -3.8363  -3.8034  -3.7266  -3.6732  -3.6693  -3.6562  -3.6112
    -3.5761  -3.5510  -3.5417  -3.4747  -3.4588  -3.4053  -3.3444  -3.3099
    -3.2784  -3.2119  -3.1830  -3.1567  -3.1557  -3.1287  -3.1043  -3.0611
    -3.0341  -3.0145  -2.9892  -2.9854  -2.9575  -2.9560  -2.9168  -2.9045
    -2.8689  -2.8231  -2.8159  -2.8067  -2.7716  -2.7709  -2.7239  -2.7056
    -2.5950  -2.5429  -2.5271  -2.5196  -2.4048  -2.3920  -2.3189  -2.3168
    -2.2375  -2.2365  -2.1025  -2.1002  -2.0861  -2.0827  -2.0121  -2.0099
    -0.8877   0.6119   1.2346   1.2378   1.4563   1.8425   1.8459   2.0094
     2.0123   2.0139   2.2449   2.3366   2.3940   2.4363   2.5143   2.5237

          k = 0.1218 0.1218 0.0000 (324761 PWs)   bands (ev):

   -20.2662 -20.2327 -20.1232 -20.1217 -20.0651 -20.0645 -20.0524 -20.0516
   -19.9427 -19.9415 -19.9159 -19.9046 -19.8591 -19.8530 -19.8194 -19.8186
   -19.7380 -19.7060 -19.7031 -19.6563 -19.6495 -19.6373 -19.6338 -19.6062
   -19.5941 -19.5778 -19.5373 -19.4930 -19.4537 -19.4480 -19.4332 -19.2908
   -19.2731 -19.2724 -19.2645 -19.2394 -19.2373 -19.2063 -19.2002 -19.1729
   -19.1315 -19.1312 -19.0998 -19.0776 -19.0490 -19.0386 -19.0192 -18.9298
   -15.0035 -14.9969 -14.9827 -14.9778 -14.9650 -14.9615 -14.9550 -14.9456
   -14.9337 -14.9302 -14.9281 -14.9170 -14.9128 -14.9110 -14.9084 -14.9020
   -14.9015 -14.8851 -14.8845 -14.8811 -14.8781 -14.8639 -14.8593 -14.8579
   -14.8484 -14.8456 -14.8411 -14.8334 -14.8294 -14.8289 -14.8265 -14.8174
   -14.8152 -14.8107 -14.8078 -14.8045 -14.7955 -14.7891 -14.7728 -14.7581
   -14.7563 -14.7502 -14.7443 -14.7395 -14.7298 -14.7259 -14.7232 -14.7216
   -14.7212 -14.7191 -14.7081 -14.7044 -14.7033 -14.6981 -14.6905 -14.6902
   -14.6812 -14.6762 -14.6749 -14.6729 -14.6660 -14.6635 -14.6565 -14.6495
   -14.6484 -14.6461 -14.6401 -14.6362 -14.6315 -14.6308 -14.6293 -14.6233
   -14.6202 -14.6158 -14.6154 -14.6126 -14.6070 -14.6016 -14.5962 -14.5949
   -14.5918 -14.5896 -14.5834 -14.5775 -14.5755 -14.5735 -14.5675 -14.5669
   -14.5614 -14.5579 -14.5541 -14.5516 -14.5468 -14.5449 -14.5379 -14.5355
   -14.5338 -14.5162 -14.5033 -14.5028 -14.4521 -14.4509 -14.4128 -14.3993
   -14.3574 -14.3246 -14.2582 -14.1974 -14.1922 -14.1774 -14.1072 -14.1051
   -14.0600 -14.0306 -13.9613 -13.9511 -13.9019 -13.8495 -13.8245 -13.7711
    -8.5731  -8.4166  -8.4166  -8.3716  -8.3245  -8.3060  -8.2508  -8.1889
    -8.1208  -8.1166  -7.9669  -7.9546  -7.9027  -7.8460  -7.8188  -7.7131
    -7.6634  -7.5516  -7.5284  -7.4359  -7.4278  -7.4041  -7.3892  -7.3185
    -7.2112  -7.0656  -7.0087  -6.9820  -6.8819  -6.8614  -6.8362  -6.7275
    -6.6864  -6.4680  -6.3059  -6.2525  -6.1644  -6.1133  -6.0371  -5.9403
    -5.8927  -5.7941  -5.7624  -5.7417  -5.7230  -5.6892  -5.6777  -5.6508
    -5.5686  -5.4210  -5.3451  -5.3235  -5.2847  -5.2563  -5.2319  -5.1546
    -5.1373  -5.0718  -5.0301  -5.0081  -4.9513  -4.8626  -4.7942  -4.7750
    -4.7335  -4.5744  -4.5229  -4.4956  -4.4844  -4.4433  -4.3890  -4.3743
    -4.3485  -4.3295  -4.2922  -4.2796  -4.2346  -4.2025  -4.1675  -4.1517
    -4.1491  -4.1024  -4.0331  -3.9867  -3.9659  -3.9589  -3.9459  -3.9007
    -3.8854  -3.8362  -3.7996  -3.7297  -3.6711  -3.6653  -3.6445  -3.6024
    -3.5806  -3.5443  -3.5433  -3.4710  -3.4450  -3.3989  -3.3543  -3.3179
    -3.2709  -3.2094  -3.1893  -3.1603  -3.1569  -3.1401  -3.1111  -3.0563
    -3.0342  -3.0180  -2.9866  -2.9840  -2.9651  -2.9550  -2.9107  -2.9078
    -2.8686  -2.8284  -2.8199  -2.8055  -2.7711  -2.7701  -2.7277  -2.7097
    -2.5940  -2.5472  -2.5312  -2.5231  -2.4116  -2.3984  -2.3180  -2.3159
    -2.2351  -2.2321  -2.1087  -2.1073  -2.0862  -2.0833  -2.0083  -2.0060
    -0.8461   0.6313   1.1898   1.1929   1.4684   1.8731   1.8864   1.9924
     2.0000   2.0219   2.2560   2.2901   2.4050   2.4308   2.5097   2.5390

          k = 0.1392 0.1392 0.0000 (324741 PWs)   bands (ev):

   -20.2635 -20.2307 -20.1265 -20.1251 -20.0669 -20.0659 -20.0519 -20.0515
   -19.9403 -19.9390 -19.9165 -19.9055 -19.8579 -19.8518 -19.8192 -19.8186
   -19.7363 -19.7064 -19.7028 -19.6593 -19.6516 -19.6373 -19.6332 -19.6069
   -19.5951 -19.5791 -19.5423 -19.4943 -19.4512 -19.4439 -19.4252 -19.2906
   -19.2725 -19.2718 -19.2665 -19.2387 -19.2362 -19.2058 -19.2016 -19.1727
   -19.1331 -19.1326 -19.1038 -19.0815 -19.0481 -19.0349 -19.0164 -18.9310
   -15.0029 -14.9954 -14.9831 -14.9782 -14.9632 -14.9619 -14.9554 -14.9485
   -14.9330 -14.9318 -14.9292 -14.9172 -14.9122 -14.9107 -14.9085 -14.9018
   -14.9003 -14.8859 -14.8836 -14.8818 -14.8784 -14.8639 -14.8606 -14.8585
   -14.8493 -14.8445 -14.8396 -14.8346 -14.8280 -14.8278 -14.8248 -14.8177
   -14.8137 -14.8102 -14.8067 -14.8037 -14.7940 -14.7887 -14.7716 -14.7585
   -14.7578 -14.7508 -14.7435 -14.7402 -14.7287 -14.7265 -14.7229 -14.7225
   -14.7224 -14.7193 -14.7075 -14.7058 -14.7050 -14.6978 -14.6918 -14.6909
   -14.6812 -14.6774 -14.6755 -14.6738 -14.6676 -14.6648 -14.6568 -14.6496
   -14.6475 -14.6456 -14.6406 -14.6360 -14.6312 -14.6307 -14.6290 -14.6237
   -14.6198 -14.6163 -14.6140 -14.6115 -14.6068 -14.6001 -14.5954 -14.5952
   -14.5917 -14.5888 -14.5821 -14.5780 -14.5759 -14.5740 -14.5674 -14.5674
   -14.5612 -14.5577 -14.5545 -14.5515 -14.5481 -14.5450 -14.5378 -14.5360
   -14.5336 -14.5153 -14.5056 -14.5035 -14.4492 -14.4471 -14.4120 -14.3990
   -14.3626 -14.3283 -14.2543 -14.2012 -14.1859 -14.1774 -14.1066 -14.1020
   -14.0580 -14.0365 -13.9626 -13.9508 -13.8990 -13.8495 -13.8249 -13.7742
    -8.5709  -8.4209  -8.4166  -8.3773  -8.3238  -8.3009  -8.2405  -8.1873
    -8.1274  -8.1254  -7.9609  -7.9528  -7.8980  -7.8494  -7.8157  -7.7071
    -7.6598  -7.5537  -7.5287  -7.4413  -7.4329  -7.4068  -7.3933  -7.3249
    -7.2098  -7.0776  -7.0100  -6.9840  -6.8683  -6.8471  -6.8313  -6.7265
    -6.6803  -6.4732  -6.3239  -6.2603  -6.1731  -6.1424  -6.0317  -5.9422
    -5.8922  -5.7958  -5.7591  -5.7377  -5.7205  -5.6823  -5.6733  -5.6292
    -5.5513  -5.4139  -5.3340  -5.3201  -5.2953  -5.2544  -5.2303  -5.1498
    -5.1309  -5.0498  -5.0261  -5.0030  -4.9453  -4.8586  -4.7998  -4.7882
    -4.7334  -4.5961  -4.5403  -4.5001  -4.4991  -4.4528  -4.4019  -4.3697
    -4.3561  -4.3287  -4.2971  -4.2845  -4.2391  -4.2032  -4.1725  -4.1568
    -4.1502  -4.0934  -4.0381  -3.9795  -3.9769  -3.9466  -3.9270  -3.8973
    -3.8759  -3.8319  -3.7969  -3.7355  -3.6725  -3.6571  -3.6293  -3.5949
    -3.5839  -3.5475  -3.5350  -3.4671  -3.4307  -3.3917  -3.3674  -3.3253
    -3.2643  -3.2055  -3.1951  -3.1670  -3.1553  -3.1491  -3.1181  -3.0529
    -3.0331  -3.0229  -2.9885  -2.9822  -2.9720  -2.9513  -2.9168  -2.9027
    -2.8692  -2.8351  -2.8221  -2.8046  -2.7702  -2.7693  -2.7313  -2.7137
    -2.5926  -2.5514  -2.5356  -2.5266  -2.4190  -2.4055  -2.3164  -2.3141
    -2.2351  -2.2296  -2.1156  -2.1147  -2.0844  -2.0827  -2.0045  -2.0022
    -0.7997   0.6534   1.1464   1.1495   1.4822   1.8741   1.8955   2.0035
     2.0190   2.0346   2.2363   2.2689   2.4158   2.4176   2.4896   2.5469

          k = 0.1566 0.1566 0.0000 (324831 PWs)   bands (ev):

   -20.2605 -20.2283 -20.1299 -20.1285 -20.0689 -20.0677 -20.0517 -20.0515
   -19.9378 -19.9364 -19.9170 -19.9062 -19.8566 -19.8506 -19.8191 -19.8186
   -19.7344 -19.7068 -19.7024 -19.6623 -19.6538 -19.6374 -19.6326 -19.6078
   -19.5962 -19.5801 -19.5468 -19.4961 -19.4487 -19.4388 -19.4172 -19.2905
   -19.2719 -19.2709 -19.2685 -19.2381 -19.2351 -19.2050 -19.2032 -19.1724
   -19.1348 -19.1342 -19.1078 -19.0853 -19.0471 -19.0313 -19.0138 -18.9325
   -15.0023 -14.9936 -14.9833 -14.9785 -14.9628 -14.9616 -14.9555 -14.9512
   -14.9335 -14.9329 -14.9300 -14.9175 -14.9116 -14.9111 -14.9078 -14.9017
   -14.8991 -14.8867 -14.8833 -14.8824 -14.8781 -14.8647 -14.8611 -14.8591
   -14.8502 -14.8434 -14.8385 -14.8359 -14.8269 -14.8262 -14.8232 -14.8180
   -14.8121 -14.8097 -14.8057 -14.8029 -14.7925 -14.7880 -14.7703 -14.7596
   -14.7589 -14.7512 -14.7427 -14.7408 -14.7274 -14.7270 -14.7241 -14.7234
   -14.7226 -14.7191 -14.7093 -14.7072 -14.7046 -14.6979 -14.6933 -14.6913
   -14.6817 -14.6800 -14.6748 -14.6746 -14.6690 -14.6660 -14.6569 -14.6495
   -14.6461 -14.6459 -14.6401 -14.6359 -14.6315 -14.6302 -14.6287 -14.6250
   -14.6196 -14.6162 -14.6127 -14.6105 -14.6061 -14.5990 -14.5956 -14.5945
   -14.5912 -14.5879 -14.5812 -14.5787 -14.5763 -14.5740 -14.5679 -14.5672
   -14.5610 -14.5576 -14.5549 -14.5513 -14.5494 -14.5454 -14.5378 -14.5366
   -14.5323 -14.5144 -14.5078 -14.5043 -14.4465 -14.4436 -14.4128 -14.3975
   -14.3673 -14.3314 -14.2515 -14.2057 -14.1800 -14.1766 -14.1061 -14.0985
   -14.0554 -14.0425 -13.9639 -13.9500 -13.8964 -13.8496 -13.8253 -13.7777
    -8.5684  -8.4251  -8.4168  -8.3825  -8.3230  -8.2960  -8.2307  -8.1862
    -8.1375  -8.1290  -7.9561  -7.9513  -7.8943  -7.8518  -7.8097  -7.7018
    -7.6572  -7.5566  -7.5280  -7.4469  -7.4383  -7.4101  -7.3976  -7.3315
    -7.2083  -7.0890  -7.0116  -6.9861  -6.8548  -6.8334  -6.8252  -6.7254
    -6.6731  -6.4791  -6.3408  -6.2682  -6.1827  -6.1709  -6.0295  -5.9473
    -5.8904  -5.7971  -5.7548  -5.7331  -5.7161  -5.6750  -5.6683  -5.6094
    -5.5329  -5.4050  -5.3243  -5.3154  -5.3030  -5.2525  -5.2279  -5.1450
    -5.1247  -5.0280  -5.0221  -4.9964  -4.9397  -4.8535  -4.8067  -4.8030
    -4.7336  -4.6179  -4.5580  -4.5182  -4.5035  -4.4626  -4.4117  -4.3710
    -4.3570  -4.3297  -4.3029  -4.2883  -4.2433  -4.2040  -4.1789  -4.1600
    -4.1522  -4.0827  -4.0427  -3.9944  -3.9673  -3.9338  -3.9070  -3.8978
    -3.8668  -3.8239  -3.7955  -3.7428  -3.6735  -3.6492  -3.6122  -3.5939
    -3.5806  -3.5507  -3.5265  -3.4634  -3.4172  -3.3833  -3.3829  -3.3315
    -3.2592  -3.2005  -3.1998  -3.1765  -3.1546  -3.1522  -3.1251  -3.0517
    -3.0303  -3.0292  -2.9910  -2.9880  -2.9726  -2.9465  -2.9225  -2.9022
    -2.8709  -2.8429  -2.8226  -2.8039  -2.7687  -2.7684  -2.7345  -2.7175
    -2.5907  -2.5553  -2.5400  -2.5299  -2.4268  -2.4129  -2.3142  -2.3116
    -2.2377  -2.2294  -2.1232  -2.1226  -2.0807  -2.0805  -2.0008  -1.9984
    -0.7490   0.6780   1.1046   1.1077   1.4977   1.8542   1.8753   2.0450
     2.0451   2.0605   2.1815   2.2834   2.3964   2.4320   2.4640   2.5629

          k = 0.1740 0.1740 0.0000 (324915 PWs)   bands (ev):

   -20.2571 -20.2257 -20.1334 -20.1320 -20.0711 -20.0698 -20.0518 -20.0517
   -19.9351 -19.9336 -19.9172 -19.9068 -19.8553 -19.8493 -19.8190 -19.8187
   -19.7324 -19.7072 -19.7018 -19.6655 -19.6563 -19.6376 -19.6321 -19.6089
   -19.5974 -19.5810 -19.5509 -19.4985 -19.4461 -19.4333 -19.4094 -19.2904
   -19.2714 -19.2706 -19.2698 -19.2375 -19.2339 -19.2049 -19.2041 -19.1722
   -19.1367 -19.1360 -19.1116 -19.0891 -19.0460 -19.0277 -19.0113 -18.9341
   -15.0017 -14.9916 -14.9835 -14.9790 -14.9640 -14.9604 -14.9553 -14.9533
   -14.9353 -14.9339 -14.9297 -14.9178 -14.9116 -14.9110 -14.9068 -14.9016
   -14.8982 -14.8874 -14.8833 -14.8829 -14.8775 -14.8659 -14.8609 -14.8598
   -14.8510 -14.8423 -14.8381 -14.8370 -14.8259 -14.8242 -14.8216 -14.8185
   -14.8104 -14.8094 -14.8047 -14.8024 -14.7909 -14.7872 -14.7689 -14.7615
   -14.7594 -14.7516 -14.7421 -14.7414 -14.7278 -14.7260 -14.7256 -14.7246
   -14.7225 -14.7188 -14.7118 -14.7084 -14.7035 -14.6984 -14.6944 -14.6918
   -14.6825 -14.6823 -14.6754 -14.6742 -14.6704 -14.6670 -14.6566 -14.6493
   -14.6466 -14.6446 -14.6390 -14.6358 -14.6318 -14.6298 -14.6286 -14.6268
   -14.6195 -14.6157 -14.6115 -14.6095 -14.6052 -14.5983 -14.5962 -14.5933
   -14.5904 -14.5870 -14.5808 -14.5795 -14.5765 -14.5736 -14.5684 -14.5670
   -14.5609 -14.5577 -14.5551 -14.5511 -14.5505 -14.5458 -14.5380 -14.5372
   -14.5302 -14.5138 -14.5097 -14.5050 -14.4442 -14.4404 -14.4148 -14.3955
   -14.3715 -14.3338 -14.2502 -14.2110 -14.1751 -14.1747 -14.1055 -14.0945
   -14.0520 -14.0483 -13.9649 -13.9489 -13.8942 -13.8500 -13.8259 -13.7815
    -8.5655  -8.4292  -8.4172  -8.3871  -8.3220  -8.2916  -8.2220  -8.1861
    -8.1462  -8.1310  -7.9528  -7.9504  -7.8910  -7.8528  -7.8009  -7.6972
    -7.6558  -7.5598  -7.5265  -7.4526  -7.4439  -7.4139  -7.4021  -7.3385
    -7.2067  -7.0999  -7.0136  -6.9884  -6.8415  -6.8216  -6.8165  -6.7241
    -6.6647  -6.4857  -6.3564  -6.2760  -6.1985  -6.1929  -6.0306  -5.9564
    -5.8860  -5.7980  -5.7498  -5.7288  -5.7099  -5.6673  -5.6617  -5.5926
    -5.5137  -5.3945  -5.3214  -5.3097  -5.3023  -5.2504  -5.2247  -5.1403
    -5.1190  -5.0177  -5.0071  -4.9888  -4.9344  -4.8472  -4.8193  -4.8151
    -4.7332  -4.6397  -4.5757  -4.5384  -4.5086  -4.4722  -4.4184  -4.3770
    -4.3532  -4.3351  -4.3071  -4.2907  -4.2471  -4.2042  -4.1868  -4.1617
    -4.1542  -4.0716  -4.0466  -4.0089  -3.9581  -3.9208  -3.9018  -3.8886
    -3.8563  -3.8147  -3.7947  -3.7507  -3.6742  -3.6425  -3.5972  -3.5944
    -3.5730  -3.5531  -3.5181  -3.4603  -3.4060  -3.3982  -3.3729  -3.3367
    -3.2557  -3.2058  -3.1943  -3.1855  -3.1576  -3.1484  -3.1317  -3.0528
    -3.0370  -3.0260  -2.9958  -2.9939  -2.9723  -2.9407  -2.9273  -2.9061
    -2.8735  -2.8513  -2.8222  -2.8036  -2.7684  -2.7656  -2.7371  -2.7210
    -2.5882  -2.5586  -2.5442  -2.5327  -2.4349  -2.4207  -2.3116  -2.3087
    -2.2429  -2.2318  -2.1313  -2.1309  -2.0765  -2.0753  -1.9971  -1.9948
    -0.6944   0.7051   1.0644   1.0675   1.5149   1.8273   1.8471   2.0527
     2.0902   2.0952   2.1482   2.2996   2.3750   2.4372   2.4483   2.5718

     Writing all to output data dir ./tmp/slab.save/ :
     XML data file, pseudopotentials, collected wavefunctions

     init_run     :     13.27s CPU     11.83s WALL (       1 calls)
     electrons    :  25551.54s CPU   5360.42s WALL (       1 calls)

     Called by init_run:
     wfcinit      :      0.00s CPU      0.00s WALL (       1 calls)
     wfcinit:atom :      0.58s CPU      0.77s WALL (       6 calls)
     wfcinit:wfcr :    329.99s CPU     98.70s WALL (       6 calls)
     potinit      :      3.38s CPU      3.63s WALL (       1 calls)
     hinit0       :      1.60s CPU      1.65s WALL (       1 calls)

     Called by electrons:
     c_bands      :  25551.48s CPU   5360.34s WALL (       1 calls)
     v_of_rho     :      1.33s CPU      1.48s WALL (       1 calls)
     v_h          :      0.08s CPU      0.10s WALL (       1 calls)
     v_xc         :      1.25s CPU      1.38s WALL (       1 calls)
     newd         :      3.86s CPU      2.04s WALL (       1 calls)
     PAW_pot      :      1.15s CPU      1.16s WALL (       1 calls)

     Called by c_bands:
     init_us_2    :      1.20s CPU      1.32s WALL (       6 calls)
     cegterg      :  25121.22s CPU   5172.62s WALL (      36 calls)

     Called by sum_band:

     Called by *egterg:
     cdiaghg      :   2492.49s CPU    217.08s WALL (     726 calls)
     cegterg:over :   4595.65s CPU    378.42s WALL (     720 calls)
     cegterg:upda :   1899.80s CPU    136.79s WALL (     720 calls)
     cegterg:last :   4354.65s CPU    293.04s WALL (     327 calls)
     cdiaghg:chol :    349.36s CPU     38.49s WALL (     726 calls)
     cdiaghg:inve :     63.42s CPU      8.83s WALL (     726 calls)
     cdiaghg:para :    406.25s CPU     34.12s WALL (    1452 calls)
     h_psi        :   8861.75s CPU   4002.03s WALL (     762 calls)
     s_psi        :   1758.59s CPU    113.65s WALL (     762 calls)
     g_psi        :    440.05s CPU     44.95s WALL (     720 calls)

     Called by h_psi:
     h_psi:calbec :   2699.43s CPU    214.85s WALL (     762 calls)
     vloc_psi     :   4081.82s CPU   3639.71s WALL (     762 calls)
                                        0.00s GPU  (     762 calls)
     add_vuspsi   :   1914.99s CPU    132.46s WALL (     762 calls)

     General routines
     calbec       :   2699.32s CPU    214.85s WALL (     762 calls)
     fft          :      1.58s CPU      1.69s WALL (      13 calls)
     ffts         :      0.56s CPU      0.56s WALL (       1 calls)
     fftw         :   3692.76s CPU   3307.13s WALL (  232086 calls)
     interpolate  :      0.63s CPU      0.64s WALL (       1 calls)
     davcio       :      8.39s CPU      2.09s WALL (      12 calls)

     Parallel routines

     PAW routines
     PAW_pot      :      1.15s CPU      1.16s WALL (       1 calls)

     PWSCF        :      7h 6m CPU      1h29m WALL


   This run was terminated on:   6:16:13  27Sep2026            

=------------------------------------------------------------------------------=
   JOB DONE.
=------------------------------------------------------------------------------=
Note: The following floating-point exceptions are signalling: IEEE_UNDERFLOW_FLAG IEEE_DENORMAL
Note: The following floating-point exceptions are signalling: IEEE_UNDERFLOW_FLAG IEEE_DENORMAL
Note: The following floating-point exceptions are signalling: IEEE_DENORMAL
Note: The following floating-point exceptions are signalling: IEEE_DENORMAL
Note: The following floating-point exceptions are signalling: IEEE_UNDERFLOW_FLAG IEEE_DENORMAL
Note: The following floating-point exceptions are signalling: IEEE_UNDERFLOW_FLAG IEEE_DENORMAL
Note: The following floating-point exceptions are signalling: IEEE_UNDERFLOW_FLAG IEEE_DENORMAL
Note: The following floating-point exceptions are signalling: IEEE_UNDERFLOW_FLAG IEEE_DENORMAL
Note: The following floating-point exceptions are signalling: IEEE_UNDERFLOW_FLAG IEEE_DENORMAL
Note: The following floating-point exceptions are signalling: IEEE_DENORMAL
Note: The following floating-point exceptions are signalling: IEEE_UNDERFLOW_FLAG IEEE_DENORMAL
Note: The following floating-point exceptions are signalling: IEEE_UNDERFLOW_FLAG IEEE_DENORMAL
