[b9p34p1014][[13579,1],7][btl_tcp_proc.c:266:mca_btl_tcp_proc_create_interface_graph] Unable to find reachable pairing between local and remote interfaces
[b9p34p1014][[13579,1],11][btl_tcp_proc.c:266:mca_btl_tcp_proc_create_interface_graph] Unable to find reachable pairing between local and remote interfaces
[b9p34p1014][[13579,1],10][btl_tcp_proc.c:266:mca_btl_tcp_proc_create_interface_graph] Unable to find reachable pairing between local and remote interfaces
[b9p34p1014][[13579,1],7][btl_tcp_proc.c:266:mca_btl_tcp_proc_create_interface_graph] Unable to find reachable pairing between local and remote interfaces
[b9p34p1014][[13579,1],8][btl_tcp_proc.c:266:mca_btl_tcp_proc_create_interface_graph] Unable to find reachable pairing between local and remote interfaces
[b9p34p1014][[13579,1],11][btl_tcp_proc.c:266:mca_btl_tcp_proc_create_interface_graph] Unable to find reachable pairing between local and remote interfaces
[b9p34p1014][[13579,1],14][btl_tcp_proc.c:266:mca_btl_tcp_proc_create_interface_graph] Unable to find reachable pairing between local and remote interfaces
[b9p34p1014][[13579,1],14][btl_tcp_proc.c:266:mca_btl_tcp_proc_create_interface_graph] Unable to find reachable pairing between local and remote interfaces
[b9p34p1014][[13579,1],10][btl_tcp_proc.c:266:mca_btl_tcp_proc_create_interface_graph] Unable to find reachable pairing between local and remote interfaces
[b9p34p1014][[13579,1],10][btl_tcp_proc.c:266:mca_btl_tcp_proc_create_interface_graph] Unable to find reachable pairing between local and remote interfaces
[b9p34p1014][[13579,1],11][btl_tcp_proc.c:266:mca_btl_tcp_proc_create_interface_graph] Unable to find reachable pairing between local and remote interfaces
[b9p34p1014][[13579,1],11][btl_tcp_proc.c:266:mca_btl_tcp_proc_create_interface_graph] Unable to find reachable pairing between local and remote interfaces
[b9p34p1014][[13579,1],11][btl_tcp_proc.c:266:mca_btl_tcp_proc_create_interface_graph] Unable to find reachable pairing between local and remote interfaces
[b9p34p1014][[13579,1],7][btl_tcp_proc.c:266:mca_btl_tcp_proc_create_interface_graph] Unable to find reachable pairing between local and remote interfaces
[b9p34p1014][[13579,1],7][btl_tcp_proc.c:266:mca_btl_tcp_proc_create_interface_graph] Unable to find reachable pairing between local and remote interfaces
[b9p34p1014][[13579,1],7][btl_tcp_proc.c:266:mca_btl_tcp_proc_create_interface_graph] Unable to find reachable pairing between local and remote interfaces
[b9p34p1014][[13579,1],8][btl_tcp_proc.c:266:mca_btl_tcp_proc_create_interface_graph] Unable to find reachable pairing between local and remote interfaces
[b9p34p1014][[13579,1],8][btl_tcp_proc.c:266:mca_btl_tcp_proc_create_interface_graph] Unable to find reachable pairing between local and remote interfaces
[b9p34p1014][[13579,1],8][btl_tcp_proc.c:266:mca_btl_tcp_proc_create_interface_graph] Unable to find reachable pairing between local and remote interfaces
[b9p34p1014][[13579,1],14][btl_tcp_proc.c:266:mca_btl_tcp_proc_create_interface_graph] Unable to find reachable pairing between local and remote interfaces
[b9p34p1014][[13579,1],14][btl_tcp_proc.c:266:mca_btl_tcp_proc_create_interface_graph] Unable to find reachable pairing between local and remote interfaces
[b9p34p1014][[13579,1],10][btl_tcp_proc.c:266:mca_btl_tcp_proc_create_interface_graph] Unable to find reachable pairing between local and remote interfaces
[b9p34p1014][[13579,1],10][btl_tcp_proc.c:266:mca_btl_tcp_proc_create_interface_graph] Unable to find reachable pairing between local and remote interfaces
[b9p34p1014][[13579,1],11][btl_tcp_proc.c:266:mca_btl_tcp_proc_create_interface_graph] Unable to find reachable pairing between local and remote interfaces
[b9p34p1014][[13579,1],11][btl_tcp_proc.c:266:mca_btl_tcp_proc_create_interface_graph] Unable to find reachable pairing between local and remote interfaces
[b9p34p1014][[13579,1],13][btl_tcp_proc.c:266:mca_btl_tcp_proc_create_interface_graph] Unable to find reachable pairing between local and remote interfaces
[b9p34p1014][[13579,1],7][btl_tcp_proc.c:266:mca_btl_tcp_proc_create_interface_graph] Unable to find reachable pairing between local and remote interfaces
[b9p34p1014][[13579,1],14][btl_tcp_proc.c:266:mca_btl_tcp_proc_create_interface_graph] Unable to find reachable pairing between local and remote interfaces
[b9p34p1014][[13579,1],10][btl_tcp_proc.c:266:mca_btl_tcp_proc_create_interface_graph] Unable to find reachable pairing between local and remote interfaces
[b9p34p1014][[13579,1],8][btl_tcp_proc.c:266:mca_btl_tcp_proc_create_interface_graph] Unable to find reachable pairing between local and remote interfaces
[b9p34p1014][[13579,1],11][btl_tcp_proc.c:266:mca_btl_tcp_proc_create_interface_graph] Unable to find reachable pairing between local and remote interfaces
[b9p34p1014][[13579,1],7][btl_tcp_proc.c:266:mca_btl_tcp_proc_create_interface_graph] Unable to find reachable pairing between local and remote interfaces
[b9p34p1014][[13579,1],14][btl_tcp_proc.c:266:mca_btl_tcp_proc_create_interface_graph] Unable to find reachable pairing between local and remote interfaces
[b9p34p1014][[13579,1],13][btl_tcp_proc.c:266:mca_btl_tcp_proc_create_interface_graph] Unable to find reachable pairing between local and remote interfaces
[b9p34p1014][[13579,1],8][btl_tcp_proc.c:266:mca_btl_tcp_proc_create_interface_graph] Unable to find reachable pairing between local and remote interfaces
[b9p34p1014][[13579,1],10][btl_tcp_proc.c:266:mca_btl_tcp_proc_create_interface_graph] Unable to find reachable pairing between local and remote interfaces
[b9p34p1014][[13579,1],11][btl_tcp_proc.c:266:mca_btl_tcp_proc_create_interface_graph] Unable to find reachable pairing between local and remote interfaces
[b9p34p1014][[13579,1],11][btl_tcp_proc.c:266:mca_btl_tcp_proc_create_interface_graph] Unable to find reachable pairing between local and remote interfaces
[b9p34p1014][[13579,1],7][btl_tcp_proc.c:266:mca_btl_tcp_proc_create_interface_graph] Unable to find reachable pairing between local and remote interfaces
[b9p34p1014][[13579,1],7][btl_tcp_proc.c:266:mca_btl_tcp_proc_create_interface_graph] Unable to find reachable pairing between local and remote interfaces
[b9p34p1014][[13579,1],14][btl_tcp_proc.c:266:mca_btl_tcp_proc_create_interface_graph] Unable to find reachable pairing between local and remote interfaces
[b9p34p1014][[13579,1],14][btl_tcp_proc.c:266:mca_btl_tcp_proc_create_interface_graph] Unable to find reachable pairing between local and remote interfaces
[b9p34p1014][[13579,1],13][btl_tcp_proc.c:266:mca_btl_tcp_proc_create_interface_graph] Unable to find reachable pairing between local and remote interfaces
[b9p34p1014][[13579,1],8][btl_tcp_proc.c:266:mca_btl_tcp_proc_create_interface_graph] Unable to find reachable pairing between local and remote interfaces
[b9p34p1014][[13579,1],8][btl_tcp_proc.c:266:mca_btl_tcp_proc_create_interface_graph] Unable to find reachable pairing between local and remote interfaces
[b9p34p1014][[13579,1],10][btl_tcp_proc.c:266:mca_btl_tcp_proc_create_interface_graph] Unable to find reachable pairing between local and remote interfaces
[b9p34p1014][[13579,1],10][btl_tcp_proc.c:266:mca_btl_tcp_proc_create_interface_graph] Unable to find reachable pairing between local and remote interfaces
[b9p34p1014][[13579,1],11][btl_tcp_proc.c:266:mca_btl_tcp_proc_create_interface_graph] Unable to find reachable pairing between local and remote interfaces
[b9p34p1014][[13579,1],13][btl_tcp_proc.c:266:mca_btl_tcp_proc_create_interface_graph] Unable to find reachable pairing between local and remote interfaces
[b9p34p1014][[13579,1],13][btl_tcp_proc.c:266:mca_btl_tcp_proc_create_interface_graph] Unable to find reachable pairing between local and remote interfaces
[b9p34p1014][[13579,1],7][btl_tcp_proc.c:266:mca_btl_tcp_proc_create_interface_graph] Unable to find reachable pairing between local and remote interfaces
[b9p34p1014][[13579,1],7][btl_tcp_proc.c:266:mca_btl_tcp_proc_create_interface_graph] Unable to find reachable pairing between local and remote interfaces
[b9p34p1014][[13579,1],14][btl_tcp_proc.c:266:mca_btl_tcp_proc_create_interface_graph] Unable to find reachable pairing between local and remote interfaces
[b9p34p1014][[13579,1],14][btl_tcp_proc.c:266:mca_btl_tcp_proc_create_interface_graph] Unable to find reachable pairing between local and remote interfaces
[b9p34p1014][[13579,1],9][btl_tcp_proc.c:266:mca_btl_tcp_proc_create_interface_graph] Unable to find reachable pairing between local and remote interfaces
[b9p34p1014][[13579,1],9][btl_tcp_proc.c:266:mca_btl_tcp_proc_create_interface_graph] Unable to find reachable pairing between local and remote interfaces
[b9p34p1014][[13579,1],10][btl_tcp_proc.c:266:mca_btl_tcp_proc_create_interface_graph] Unable to find reachable pairing between local and remote interfaces
[b9p34p1014][[13579,1],10][btl_tcp_proc.c:266:mca_btl_tcp_proc_create_interface_graph] Unable to find reachable pairing between local and remote interfaces
[b9p34p1014][[13579,1],10][btl_tcp_proc.c:266:mca_btl_tcp_proc_create_interface_graph] Unable to find reachable pairing between local and remote interfaces
[b9p34p1014][[13579,1],8][btl_tcp_proc.c:266:mca_btl_tcp_proc_create_interface_graph] Unable to find reachable pairing between local and remote interfaces
[b9p34p1014][[13579,1],8][btl_tcp_proc.c:266:mca_btl_tcp_proc_create_interface_graph] Unable to find reachable pairing between local and remote interfaces
[b9p34p1014][[13579,1],8][btl_tcp_proc.c:266:mca_btl_tcp_proc_create_interface_graph] Unable to find reachable pairing between local and remote interfaces
[b9p34p1014][[13579,1],11][btl_tcp_proc.c:266:mca_btl_tcp_proc_create_interface_graph] Unable to find reachable pairing between local and remote interfaces
[b9p34p1014][[13579,1],11][btl_tcp_proc.c:266:mca_btl_tcp_proc_create_interface_graph] Unable to find reachable pairing between local and remote interfaces
[b9p34p1014][[13579,1],11][btl_tcp_proc.c:266:mca_btl_tcp_proc_create_interface_graph] Unable to find reachable pairing between local and remote interfaces
[b9p34p1014][[13579,1],13][btl_tcp_proc.c:266:mca_btl_tcp_proc_create_interface_graph] Unable to find reachable pairing between local and remote interfaces
[b9p34p1014][[13579,1],13][btl_tcp_proc.c:266:mca_btl_tcp_proc_create_interface_graph] Unable to find reachable pairing between local and remote interfaces
[b9p34p1014][[13579,1],7][btl_tcp_proc.c:266:mca_btl_tcp_proc_create_interface_graph] Unable to find reachable pairing between local and remote interfaces
[b9p34p1014][[13579,1],7][btl_tcp_proc.c:266:mca_btl_tcp_proc_create_interface_graph] Unable to find reachable pairing between local and remote interfaces
[b9p34p1014][[13579,1],7][btl_tcp_proc.c:266:mca_btl_tcp_proc_create_interface_graph] Unable to find reachable pairing between local and remote interfaces
[b9p34p1014][[13579,1],14][btl_tcp_proc.c:266:mca_btl_tcp_proc_create_interface_graph] Unable to find reachable pairing between local and remote interfaces
[b9p34p1014][[13579,1],14][btl_tcp_proc.c:266:mca_btl_tcp_proc_create_interface_graph] Unable to find reachable pairing between local and remote interfaces
[b9p34p1014][[13579,1],14][btl_tcp_proc.c:266:mca_btl_tcp_proc_create_interface_graph] [b9p34p1014][[13579,1],5][btl_tcp_proc.c:266:mca_btl_tcp_proc_create_interface_graph] Unable to find reachable pairing between local and remote interfaces
[b9p34p1014][[13579,1],5][btl_tcp_proc.c:266:mca_btl_tcp_proc_create_interface_graph] Unable to find reachable pairing between local and remote interfaces
[b9p34p1014][[13579,1],9][btl_tcp_proc.c:266:mca_btl_tcp_proc_create_interface_graph] Unable to find reachable pairing between local and remote interfaces
[b9p34p1014][[13579,1],9][btl_tcp_proc.c:266:mca_btl_tcp_proc_create_interface_graph] Unable to find reachable pairing between local and remote interfaces
[b9p34p1014][[13579,1],8][btl_tcp_proc.c:266:mca_btl_tcp_proc_create_interface_graph] Unable to find reachable pairing between local and remote interfaces
[b9p34p1014][[13579,1],8][btl_tcp_proc.c:266:mca_btl_tcp_proc_create_interface_graph] Unable to find reachable pairing between local and remote interfaces
[b9p34p1014][[13579,1],10][btl_tcp_proc.c:266:mca_btl_tcp_proc_create_interface_graph] Unable to find reachable pairing between local and remote interfaces
[b9p34p1014][[13579,1],10][btl_tcp_proc.c:266:mca_btl_tcp_proc_create_interface_graph] Unable to find reachable pairing between local and remote interfaces
[b9p34p1014][[13579,1],11][btl_tcp_proc.c:266:mca_btl_tcp_proc_create_interface_graph] Unable to find reachable pairing between local and remote interfaces
[b9p34p1014][[13579,1],13][btl_tcp_proc.c:266:mca_btl_tcp_proc_create_interface_graph] Unable to find reachable pairing between local and remote interfaces
[b9p34p1014][[13579,1],13][btl_tcp_proc.c:266:mca_btl_tcp_proc_create_interface_graph] Unable to find reachable pairing between local and remote interfaces
Unable to find reachable pairing between local and remote interfaces
[b9p34p1014][[13579,1],14][btl_tcp_proc.c:266:mca_btl_tcp_proc_create_interface_graph] Unable to find reachable pairing between local and remote interfaces
[b9p34p1014][[13579,1],7][btl_tcp_proc.c:266:mca_btl_tcp_proc_create_interface_graph] Unable to find reachable pairing between local and remote interfaces
[b9p34p1014][[13579,1],9][btl_tcp_proc.c:266:mca_btl_tcp_proc_create_interface_graph] Unable to find reachable pairing between local and remote interfaces
[b9p34p1014][[13579,1],8][btl_tcp_proc.c:266:mca_btl_tcp_proc_create_interface_graph] Unable to find reachable pairing between local and remote interfaces
[b9p34p1014][[13579,1],10][btl_tcp_proc.c:266:mca_btl_tcp_proc_create_interface_graph] Unable to find reachable pairing between local and remote interfaces
[b9p34p1014][[13579,1],5][btl_tcp_proc.c:266:mca_btl_tcp_proc_create_interface_graph] Unable to find reachable pairing between local and remote interfaces
[b9p34p1014][[13579,1],13][btl_tcp_proc.c:266:mca_btl_tcp_proc_create_interface_graph] Unable to find reachable pairing between local and remote interfaces
[b9p34p1014][[13579,1],14][btl_tcp_proc.c:266:mca_btl_tcp_proc_create_interface_graph] Unable to find reachable pairing between local and remote interfaces
[b9p34p1014][[13579,1],8][btl_tcp_proc.c:266:mca_btl_tcp_proc_create_interface_graph] Unable to find reachable pairing between local and remote interfaces
[b9p34p1014][[13579,1],5][btl_tcp_proc.c:266:mca_btl_tcp_proc_create_interface_graph] Unable to find reachable pairing between local and remote interfaces
[b9p34p1014][[13579,1],5][btl_tcp_proc.c:266:mca_btl_tcp_proc_create_interface_graph] Unable to find reachable pairing between local and remote interfaces
[b9p34p1014][[13579,1],13][btl_tcp_proc.c:266:mca_btl_tcp_proc_create_interface_graph] Unable to find reachable pairing between local and remote interfaces
[b9p34p1014][[13579,1],9][btl_tcp_proc.c:266:mca_btl_tcp_proc_create_interface_graph] Unable to find reachable pairing between local and remote interfaces
[b9p34p1014][[13579,1],13][btl_tcp_proc.c:266:mca_btl_tcp_proc_create_interface_graph] Unable to find reachable pairing between local and remote interfaces
[b9p34p1014][[13579,1],9][btl_tcp_proc.c:266:mca_btl_tcp_proc_create_interface_graph] Unable to find reachable pairing between local and remote interfaces
[b9p34p1014][[13579,1],5][btl_tcp_proc.c:266:mca_btl_tcp_proc_create_interface_graph] Unable to find reachable pairing between local and remote interfaces
[b9p34p1014][[13579,1],13][btl_tcp_proc.c:266:mca_btl_tcp_proc_create_interface_graph] Unable to find reachable pairing between local and remote interfaces
[b9p34p1014][[13579,1],9][btl_tcp_proc.c:266:mca_btl_tcp_proc_create_interface_graph] Unable to find reachable pairing between local and remote interfaces
[b9p34p1014][[13579,1],13][btl_tcp_proc.c:266:mca_btl_tcp_proc_create_interface_graph] Unable to find reachable pairing between local and remote interfaces
[b9p34p1014][[13579,1],5][btl_tcp_proc.c:266:mca_btl_tcp_proc_create_interface_graph] Unable to find reachable pairing between local and remote interfaces
[b9p34p1014][[13579,1],9][btl_tcp_proc.c:266:mca_btl_tcp_proc_create_interface_graph] Unable to find reachable pairing between local and remote interfaces
[b9p34p1014][[13579,1],13][btl_tcp_proc.c:266:mca_btl_tcp_proc_create_interface_graph] Unable to find reachable pairing between local and remote interfaces
[b9p34p1014][[13579,1],5][btl_tcp_proc.c:266:mca_btl_tcp_proc_create_interface_graph] Unable to find reachable pairing between local and remote interfaces
[b9p34p1014][[13579,1],9][btl_tcp_proc.c:266:mca_btl_tcp_proc_create_interface_graph] Unable to find reachable pairing between local and remote interfaces
[b9p34p1014][[13579,1],5][btl_tcp_proc.c:266:mca_btl_tcp_proc_create_interface_graph] Unable to find reachable pairing between local and remote interfaces
[b9p34p1014][[13579,1],9][btl_tcp_proc.c:266:mca_btl_tcp_proc_create_interface_graph] Unable to find reachable pairing between local and remote interfaces
[b9p34p1014][[13579,1],5][btl_tcp_proc.c:266:mca_btl_tcp_proc_create_interface_graph] Unable to find reachable pairing between local and remote interfaces
[b9p34p1014][[13579,1],9][btl_tcp_proc.c:266:mca_btl_tcp_proc_create_interface_graph] Unable to find reachable pairing between local and remote interfaces
[b9p34p1014][[13579,1],5][btl_tcp_proc.c:266:mca_btl_tcp_proc_create_interface_graph] Unable to find reachable pairing between local and remote interfaces
[b9p34p1014][[13579,1],9][btl_tcp_proc.c:266:mca_btl_tcp_proc_create_interface_graph] Unable to find reachable pairing between local and remote interfaces
[b9p34p1014][[13579,1],5][btl_tcp_proc.c:266:mca_btl_tcp_proc_create_interface_graph] Unable to find reachable pairing between local and remote interfaces
[b9p34p1014][[13579,1],9][btl_tcp_proc.c:266:mca_btl_tcp_proc_create_interface_graph] Unable to find reachable pairing between local and remote interfaces
[b9p34p1014][[13579,1],5][btl_tcp_proc.c:266:mca_btl_tcp_proc_create_interface_graph] Unable to find reachable pairing between local and remote interfaces
[b9p34p1014][[13579,1],9][btl_tcp_proc.c:266:mca_btl_tcp_proc_create_interface_graph] Unable to find reachable pairing between local and remote interfaces
[b9p34p1014][[13579,1],5][btl_tcp_proc.c:266:mca_btl_tcp_proc_create_interface_graph] Unable to find reachable pairing between local and remote interfaces
[b9p34p1014][[13579,1],5][btl_tcp_proc.c:266:mca_btl_tcp_proc_create_interface_graph] Unable to find reachable pairing between local and remote interfaces
[b9p34p1014][[13579,1],12][btl_tcp_proc.c:266:mca_btl_tcp_proc_create_interface_graph] Unable to find reachable pairing between local and remote interfaces
[b9p34p1014][[13579,1],6][btl_tcp_proc.c:266:mca_btl_tcp_proc_create_interface_graph] Unable to find reachable pairing between local and remote interfaces
[b9p34p1014][[13579,1],12][btl_tcp_proc.c:266:mca_btl_tcp_proc_create_interface_graph] Unable to find reachable pairing between local and remote interfaces
[b9p34p1014][[13579,1],6][btl_tcp_proc.c:266:mca_btl_tcp_proc_create_interface_graph] Unable to find reachable pairing between local and remote interfaces
[b9p34p1014][[13579,1],12][btl_tcp_proc.c:266:mca_btl_tcp_proc_create_interface_graph] Unable to find reachable pairing between local and remote interfaces
[b9p34p1014][[13579,1],6][btl_tcp_proc.c:266:mca_btl_tcp_proc_create_interface_graph] Unable to find reachable pairing between local and remote interfaces
[b9p34p1014][[13579,1],12][btl_tcp_proc.c:266:mca_btl_tcp_proc_create_interface_graph] Unable to find reachable pairing between local and remote interfaces
[b9p34p1014][[13579,1],3][btl_tcp_proc.c:266:mca_btl_tcp_proc_create_interface_graph] Unable to find reachable pairing between local and remote interfaces
[b9p34p1014][[13579,1],6][btl_tcp_proc.c:266:mca_btl_tcp_proc_create_interface_graph] Unable to find reachable pairing between local and remote interfaces
[b9p34p1014][[13579,1],12][btl_tcp_proc.c:266:mca_btl_tcp_proc_create_interface_graph] Unable to find reachable pairing between local and remote interfaces
[b9p34p1014][[13579,1],3][btl_tcp_proc.c:266:mca_btl_tcp_proc_create_interface_graph] Unable to find reachable pairing between local and remote interfaces
[b9p34p1014][[13579,1],2][btl_tcp_proc.c:266:mca_btl_tcp_proc_create_interface_graph] Unable to find reachable pairing between local and remote interfaces
[b9p34p1014][[13579,1],6][btl_tcp_proc.c:266:mca_btl_tcp_proc_create_interface_graph] Unable to find reachable pairing between local and remote interfaces
[b9p34p1014][[13579,1],12][btl_tcp_proc.c:266:mca_btl_tcp_proc_create_interface_graph] Unable to find reachable pairing between local and remote interfaces
[b9p34p1014][[13579,1],3][btl_tcp_proc.c:266:mca_btl_tcp_proc_create_interface_graph] Unable to find reachable pairing between local and remote interfaces
[b9p34p1014][[13579,1],6][btl_tcp_proc.c:266:mca_btl_tcp_proc_create_interface_graph] Unable to find reachable pairing between local and remote interfaces
[b9p34p1014][[13579,1],12][btl_tcp_proc.c:266:mca_btl_tcp_proc_create_interface_graph] Unable to find reachable pairing between local and remote interfaces
[b9p34p1014][[13579,1],2][btl_tcp_proc.c:266:mca_btl_tcp_proc_create_interface_graph] Unable to find reachable pairing between local and remote interfaces
[b9p34p1014][[13579,1],6][btl_tcp_proc.c:266:mca_btl_tcp_proc_create_interface_graph] Unable to find reachable pairing between local and remote interfaces
[b9p34p1014][[13579,1],15][btl_tcp_proc.c:266:mca_btl_tcp_proc_create_interface_graph] Unable to find reachable pairing between local and remote interfaces
[b9p34p1014][[13579,1],3][btl_tcp_proc.c:266:mca_btl_tcp_proc_create_interface_graph] Unable to find reachable pairing between local and remote interfaces
[b9p34p1014][[13579,1],12][btl_tcp_proc.c:266:mca_btl_tcp_proc_create_interface_graph] Unable to find reachable pairing between local and remote interfaces
[b9p34p1014][[13579,1],2][btl_tcp_proc.c:266:mca_btl_tcp_proc_create_interface_graph] Unable to find reachable pairing between local and remote interfaces
[b9p34p1014][[13579,1],6][btl_tcp_proc.c:266:mca_btl_tcp_proc_create_interface_graph] Unable to find reachable pairing between local and remote interfaces
[b9p34p1014][[13579,1],3][btl_tcp_proc.c:266:mca_btl_tcp_proc_create_interface_graph] Unable to find reachable pairing between local and remote interfaces
[b9p34p1014][[13579,1],15][btl_tcp_proc.c:266:mca_btl_tcp_proc_create_interface_graph] Unable to find reachable pairing between local and remote interfaces
[b9p34p1014][[13579,1],12][btl_tcp_proc.c:266:mca_btl_tcp_proc_create_interface_graph] Unable to find reachable pairing between local and remote interfaces
[b9p34p1014][[13579,1],6][btl_tcp_proc.c:266:mca_btl_tcp_proc_create_interface_graph] Unable to find reachable pairing between local and remote interfaces
[b9p34p1014][[13579,1],3][btl_tcp_proc.c:266:mca_btl_tcp_proc_create_interface_graph] Unable to find reachable pairing between local and remote interfaces
[b9p34p1014][[13579,1],2][btl_tcp_proc.c:266:mca_btl_tcp_proc_create_interface_graph] Unable to find reachable pairing between local and remote interfaces
[b9p34p1014][[13579,1],15][btl_tcp_proc.c:266:mca_btl_tcp_proc_create_interface_graph] Unable to find reachable pairing between local and remote interfaces
[b9p34p1014][[13579,1],12][btl_tcp_proc.c:266:mca_btl_tcp_proc_create_interface_graph] Unable to find reachable pairing between local and remote interfaces
[b9p34p1014][[13579,1],6][btl_tcp_proc.c:266:mca_btl_tcp_proc_create_interface_graph] Unable to find reachable pairing between local and remote interfaces
[b9p34p1014][[13579,1],3][btl_tcp_proc.c:266:mca_btl_tcp_proc_create_interface_graph] Unable to find reachable pairing between local and remote interfaces
[b9p34p1014][[13579,1],15][btl_tcp_proc.c:266:mca_btl_tcp_proc_create_interface_graph] Unable to find reachable pairing between local and remote interfaces
[b9p34p1014][[13579,1],2][btl_tcp_proc.c:266:mca_btl_tcp_proc_create_interface_graph] Unable to find reachable pairing between local and remote interfaces
[b9p34p1014][[13579,1],12][btl_tcp_proc.c:266:mca_btl_tcp_proc_create_interface_graph] Unable to find reachable pairing between local and remote interfaces
[b9p34p1014][[13579,1],6][btl_tcp_proc.c:266:mca_btl_tcp_proc_create_interface_graph] Unable to find reachable pairing between local and remote interfaces
[b9p34p1014][[13579,1],6][btl_tcp_proc.c:266:mca_btl_tcp_proc_create_interface_graph] Unable to find reachable pairing between local and remote interfaces
[b9p34p1014][[13579,1],15][btl_tcp_proc.c:266:mca_btl_tcp_proc_create_interface_graph] Unable to find reachable pairing between local and remote interfaces
[b9p34p1014][[13579,1],2][btl_tcp_proc.c:266:mca_btl_tcp_proc_create_interface_graph] Unable to find reachable pairing between local and remote interfaces
[b9p34p1014][[13579,1],12][btl_tcp_proc.c:266:mca_btl_tcp_proc_create_interface_graph] Unable to find reachable pairing between local and remote interfaces
[b9p34p1014][[13579,1],3][btl_tcp_proc.c:266:mca_btl_tcp_proc_create_interface_graph] Unable to find reachable pairing between local and remote interfaces
[b9p34p1014][[13579,1],15][btl_tcp_proc.c:266:mca_btl_tcp_proc_create_interface_graph] Unable to find reachable pairing between local and remote interfaces
[b9p34p1014][[13579,1],6][btl_tcp_proc.c:266:mca_btl_tcp_proc_create_interface_graph] Unable to find reachable pairing between local and remote interfaces
[b9p34p1014][[13579,1],2][btl_tcp_proc.c:266:mca_btl_tcp_proc_create_interface_graph] Unable to find reachable pairing between local and remote interfaces
[b9p34p1014][[13579,1],2][btl_tcp_proc.c:266:mca_btl_tcp_proc_create_interface_graph] Unable to find reachable pairing between local and remote interfaces[b9p34p1014][[13579,1],12][btl_tcp_proc.c:266:mca_btl_tcp_proc_create_interface_graph] Unable to find reachable pairing between local and remote interfaces
[b9p34p1014][[13579,1],12][btl_tcp_proc.c:266:mca_btl_tcp_proc_create_interface_graph] Unable to find reachable pairing between local and remote interfaces
[b9p34p1014][[13579,1],12][btl_tcp_proc.c:266:mca_btl_tcp_proc_create_interface_graph] Unable to find reachable pairing between local and remote interfaces
[b9p34p1014][[13579,1],3][btl_tcp_proc.c:266:mca_btl_tcp_proc_create_interface_graph] Unable to find reachable pairing between local and remote interfaces
[b9p34p1014][[13579,1],3][btl_tcp_proc.c:266:mca_btl_tcp_proc_create_interface_graph] Unable to find reachable pairing between local and remote interfaces
[b9p34p1014][[13579,1],6][btl_tcp_proc.c:266:mca_btl_tcp_proc_create_interface_graph] Unable to find reachable pairing between local and remote interfaces
[b9p34p1014][[13579,1],6][btl_tcp_proc.c:266:mca_btl_tcp_proc_create_interface_graph] Unable to find reachable pairing between local and remote interfaces

[b9p34p1014][[13579,1],15][btl_tcp_proc.c:266:mca_btl_tcp_proc_create_interface_graph] Unable to find reachable pairing between local and remote interfaces
[b9p34p1014][[13579,1],3][btl_tcp_proc.c:266:mca_btl_tcp_proc_create_interface_graph] Unable to find reachable pairing between local and remote interfaces
[b9p34p1014][[13579,1],2][btl_tcp_proc.c:266:mca_btl_tcp_proc_create_interface_graph] Unable to find reachable pairing between local and remote interfaces
[b9p34p1014][[13579,1],3][btl_tcp_proc.c:266:mca_btl_tcp_proc_create_interface_graph] Unable to find reachable pairing between local and remote interfaces
[b9p34p1014][[13579,1],15][btl_tcp_proc.c:266:mca_btl_tcp_proc_create_interface_graph] Unable to find reachable pairing between local and remote interfaces
[b9p34p1014][[13579,1],2][btl_tcp_proc.c:266:mca_btl_tcp_proc_create_interface_graph] Unable to find reachable pairing between local and remote interfaces
[b9p34p1014][[13579,1],3][btl_tcp_proc.c:266:mca_btl_tcp_proc_create_interface_graph] Unable to find reachable pairing between local and remote interfaces
[b9p34p1014][[13579,1],15][btl_tcp_proc.c:266:mca_btl_tcp_proc_create_interface_graph] Unable to find reachable pairing between local and remote interfaces
[b9p34p1014][[13579,1],15][btl_tcp_proc.c:266:mca_btl_tcp_proc_create_interface_graph] Unable to find reachable pairing between local and remote interfaces[b9p34p1014][[13579,1],3][btl_tcp_proc.c:266:mca_btl_tcp_proc_create_interface_graph] Unable to find reachable pairing between local and remote interfaces
[b9p34p1014][[13579,1],2][btl_tcp_proc.c:266:mca_btl_tcp_proc_create_interface_graph] Unable to find reachable pairing between local and remote interfaces

[b9p34p1014][[13579,1],3][btl_tcp_proc.c:266:mca_btl_tcp_proc_create_interface_graph] Unable to find reachable pairing between local and remote interfaces
[b9p34p1014][[13579,1],15][btl_tcp_proc.c:266:mca_btl_tcp_proc_create_interface_graph] Unable to find reachable pairing between local and remote interfaces
[b9p34p1014][[13579,1],0][btl_tcp_proc.c:266:mca_btl_tcp_proc_create_interface_graph] Unable to find reachable pairing between local and remote interfaces
[b9p34p1014][[13579,1],2][btl_tcp_proc.c:266:mca_btl_tcp_proc_create_interface_graph] Unable to find reachable pairing between local and remote interfaces
[b9p34p1014][[13579,1],2][btl_tcp_proc.c:266:mca_btl_tcp_proc_create_interface_graph] [b9p34p1014][[13579,1],15][btl_tcp_proc.c:266:mca_btl_tcp_proc_create_interface_graph] Unable to find reachable pairing between local and remote interfaces
Unable to find reachable pairing between local and remote interfaces
[b9p34p1014][[13579,1],0][btl_tcp_proc.c:266:mca_btl_tcp_proc_create_interface_graph] Unable to find reachable pairing between local and remote interfaces
[b9p34p1014][[13579,1],15][btl_tcp_proc.c:266:mca_btl_tcp_proc_create_interface_graph] Unable to find reachable pairing between local and remote interfaces
[b9p34p1014][[13579,1],1][btl_tcp_proc.c:266:mca_btl_tcp_proc_create_interface_graph] Unable to find reachable pairing between local and remote interfaces
[b9p34p1014][[13579,1],2][btl_tcp_proc.c:266:mca_btl_tcp_proc_create_interface_graph] Unable to find reachable pairing between local and remote interfaces
[b9p34p1014][[13579,1],15][btl_tcp_proc.c:266:mca_btl_tcp_proc_create_interface_graph] Unable to find reachable pairing between local and remote interfaces
[b9p34p1014][[13579,1],0][btl_tcp_proc.c:266:mca_btl_tcp_proc_create_interface_graph] Unable to find reachable pairing between local and remote interfaces
[b9p34p1014][[13579,1],15][btl_tcp_proc.c:266:mca_btl_tcp_proc_create_interface_graph] Unable to find reachable pairing between local and remote interfaces
[b9p34p1014][[13579,1],1][btl_tcp_proc.c:266:mca_btl_tcp_proc_create_interface_graph] Unable to find reachable pairing between local and remote interfaces
[b9p34p1014][[13579,1],0][btl_tcp_proc.c:266:mca_btl_tcp_proc_create_interface_graph] Unable to find reachable pairing between local and remote interfaces
[b9p34p1014][[13579,1],2][btl_tcp_proc.c:266:mca_btl_tcp_proc_create_interface_graph] Unable to find reachable pairing between local and remote interfaces
[b9p34p1014][[13579,1],1][btl_tcp_proc.c:266:mca_btl_tcp_proc_create_interface_graph] Unable to find reachable pairing between local and remote interfaces
[b9p34p1014][[13579,1],0][btl_tcp_proc.c:266:mca_btl_tcp_proc_create_interface_graph] Unable to find reachable pairing between local and remote interfaces
[b9p34p1014][[13579,1],1][btl_tcp_proc.c:266:mca_btl_tcp_proc_create_interface_graph] Unable to find reachable pairing between local and remote interfaces
[b9p34p1014][[13579,1],0][btl_tcp_proc.c:266:mca_btl_tcp_proc_create_interface_graph] Unable to find reachable pairing between local and remote interfaces
[b9p34p1014][[13579,1],1][btl_tcp_proc.c:266:mca_btl_tcp_proc_create_interface_graph] Unable to find reachable pairing between local and remote interfaces
[b9p34p1014][[13579,1],0][btl_tcp_proc.c:266:mca_btl_tcp_proc_create_interface_graph] Unable to find reachable pairing between local and remote interfaces
[b9p34p1014][[13579,1],1][btl_tcp_proc.c:266:mca_btl_tcp_proc_create_interface_graph] Unable to find reachable pairing between local and remote interfaces
[b9p34p1014][[13579,1],0][btl_tcp_proc.c:266:mca_btl_tcp_proc_create_interface_graph] Unable to find reachable pairing between local and remote interfaces
[b9p34p1014][[13579,1],1][btl_tcp_proc.c:266:mca_btl_tcp_proc_create_interface_graph] Unable to find reachable pairing between local and remote interfaces
[b9p34p1014][[13579,1],0][btl_tcp_proc.c:266:mca_btl_tcp_proc_create_interface_graph] Unable to find reachable pairing between local and remote interfaces
[b9p34p1014][[13579,1],1][btl_tcp_proc.c:266:mca_btl_tcp_proc_create_interface_graph] Unable to find reachable pairing between local and remote interfaces
[b9p34p1014][[13579,1],0][btl_tcp_proc.c:266:mca_btl_tcp_proc_create_interface_graph] Unable to find reachable pairing between local and remote interfaces
[b9p34p1014][[13579,1],0][btl_tcp_proc.c:266:mca_btl_tcp_proc_create_interface_graph] Unable to find reachable pairing between local and remote interfaces
[b9p34p1014][[13579,1],1][btl_tcp_proc.c:266:mca_btl_tcp_proc_create_interface_graph] Unable to find reachable pairing between local and remote interfaces
[b9p34p1014][[13579,1],0][btl_tcp_proc.c:266:mca_btl_tcp_proc_create_interface_graph] Unable to find reachable pairing between local and remote interfaces
[b9p34p1014][[13579,1],1][btl_tcp_proc.c:266:mca_btl_tcp_proc_create_interface_graph] Unable to find reachable pairing between local and remote interfaces
[b9p34p1014][[13579,1],0][btl_tcp_proc.c:266:mca_btl_tcp_proc_create_interface_graph] Unable to find reachable pairing between local and remote interfaces
[b9p34p1014][[13579,1],1][btl_tcp_proc.c:266:mca_btl_tcp_proc_create_interface_graph] Unable to find reachable pairing between local and remote interfaces
[b9p34p1014][[13579,1],1][btl_tcp_proc.c:266:mca_btl_tcp_proc_create_interface_graph] Unable to find reachable pairing between local and remote interfaces
[b9p34p1014][[13579,1],0][btl_tcp_proc.c:266:mca_btl_tcp_proc_create_interface_graph] Unable to find reachable pairing between local and remote interfaces
[b9p34p1014][[13579,1],1][btl_tcp_proc.c:266:mca_btl_tcp_proc_create_interface_graph] Unable to find reachable pairing between local and remote interfaces
[b9p34p1014][[13579,1],0][btl_tcp_proc.c:266:mca_btl_tcp_proc_create_interface_graph] Unable to find reachable pairing between local and remote interfaces
[b9p34p1014][[13579,1],1][btl_tcp_proc.c:266:mca_btl_tcp_proc_create_interface_graph] Unable to find reachable pairing between local and remote interfaces
[b9p34p1014][[13579,1],1][btl_tcp_proc.c:266:mca_btl_tcp_proc_create_interface_graph] Unable to find reachable pairing between local and remote interfaces
[b9p34p1014][[13579,1],4][btl_tcp_proc.c:266:mca_btl_tcp_proc_create_interface_graph] Unable to find reachable pairing between local and remote interfaces
[b9p34p1014][[13579,1],4][btl_tcp_proc.c:266:mca_btl_tcp_proc_create_interface_graph] Unable to find reachable pairing between local and remote interfaces
[b9p34p1014][[13579,1],4][btl_tcp_proc.c:266:mca_btl_tcp_proc_create_interface_graph] Unable to find reachable pairing between local and remote interfaces
[b9p34p1014][[13579,1],4][btl_tcp_proc.c:266:mca_btl_tcp_proc_create_interface_graph] Unable to find reachable pairing between local and remote interfaces
[b9p34p1014][[13579,1],4][btl_tcp_proc.c:266:mca_btl_tcp_proc_create_interface_graph] Unable to find reachable pairing between local and remote interfaces
[b9p34p1014][[13579,1],4][btl_tcp_proc.c:266:mca_btl_tcp_proc_create_interface_graph] Unable to find reachable pairing between local and remote interfaces
[b9p34p1014][[13579,1],4][btl_tcp_proc.c:266:mca_btl_tcp_proc_create_interface_graph] Unable to find reachable pairing between local and remote interfaces
[b9p34p1014][[13579,1],4][btl_tcp_proc.c:266:mca_btl_tcp_proc_create_interface_graph] Unable to find reachable pairing between local and remote interfaces
[b9p34p1014][[13579,1],4][btl_tcp_proc.c:266:mca_btl_tcp_proc_create_interface_graph] Unable to find reachable pairing between local and remote interfaces
[b9p34p1014][[13579,1],4][btl_tcp_proc.c:266:mca_btl_tcp_proc_create_interface_graph] Unable to find reachable pairing between local and remote interfaces
[b9p34p1014][[13579,1],4][btl_tcp_proc.c:266:mca_btl_tcp_proc_create_interface_graph] Unable to find reachable pairing between local and remote interfaces
[b9p34p1014][[13579,1],4][btl_tcp_proc.c:266:mca_btl_tcp_proc_create_interface_graph] Unable to find reachable pairing between local and remote interfaces
[b9p34p1014][[13579,1],4][btl_tcp_proc.c:266:mca_btl_tcp_proc_create_interface_graph] Unable to find reachable pairing between local and remote interfaces
[b9p34p1014][[13579,1],4][btl_tcp_proc.c:266:mca_btl_tcp_proc_create_interface_graph] Unable to find reachable pairing between local and remote interfaces
[b9p34p1014][[13579,1],4][btl_tcp_proc.c:266:mca_btl_tcp_proc_create_interface_graph] Unable to find reachable pairing between local and remote interfaces

     Program PWSCF v.7.5 starts on 27Sep2026 at  2:57:55 

     This program is part of the open-source Quantum ESPRESSO suite
     for quantum simulation of materials; please cite
         "P. Giannozzi et al., J. Phys.:Condens. Matter 21 395502 (2009);
         "P. Giannozzi et al., J. Phys.:Condens. Matter 29 465901 (2017);
         "P. Giannozzi et al., J. Chem. Phys. 152 154105 (2020);
          URL http://www.quantum-espresso.org", 
     in publications or presentations arising from this work. More details at
     http://www.quantum-espresso.org/quote

     Parallel version (MPI & OpenMP), running on      16 processor cores
     Number of MPI processes:                16
     Threads/MPI process:                     1

     MPI processes distributed on     1 nodes
     391180 MiB available memory on the printing compute node when the environment starts

     Reading input from scf.in

     Current dimensions of program PWSCF are:
     Max number of different atomic species (ntypx) = 10
     Max number of k-points (npk) =  40000
     Max angular momentum in pseudopotentials (lmaxx) =  4
     file In.pbe-dn-kjpaw_psl.1.0.0.UPF: wavefunction(s)  5S 5P 4D renormalized
     file O.pbe-n-kjpaw_psl.1.0.0.UPF: wavefunction(s)  2S 2P renormalized
     file H.pbe-kjpaw_psl.1.0.0.UPF: wavefunction(s)  1S renormalized
     Message from routine setup:
     using ibrav=0 with symmetry is DISCOURAGED, use correct ibrav instead

     K-points division:     npool     =       4
     R & G space division:  proc/nbgrp/npool/nimage =       4
     Subspace diagonalization in iterative solution of the eigenvalue problem:
     one sub-group per band group will be used
     ELPA distributed-memory algorithm (size of sub-group:  2*  2 procs)


     Parallelization info
     --------------------
     sticks:   dense  smooth     PW     G-vecs:    dense   smooth      PW
     Min        4285    2144    556              1838213   649882   85748
     Max        4286    2145    557              1838236   649899   85756
     Sum       17141    8577   2225              7352879  2599559  343007

     Using Slab Decomposition



     bravais-lattice index     =            0
     lattice parameter (alat)  =      19.4757  a.u.
     unit-cell volume          =   32165.0684 (a.u.)^3
     number of atoms/cell      =           96
     number of atomic types    =            3
     number of electrons       =       624.00
     number of Kohn-Sham states=          328
     kinetic-energy cutoff     =      71.0000  Ry
     charge density cutoff     =     568.0000  Ry
     scf convergence threshold =      1.0E-09
     mixing beta               =       0.2000
     number of iterations used =            8  local-TF  mixing
     Exchange-correlation= SLA  PW   PBX  PBC
                           (   1   4   3   4   0   0   0)

     celldm(1)=  19.475688  celldm(2)=   0.000000  celldm(3)=   0.000000
     celldm(4)=   0.000000  celldm(5)=   0.000000  celldm(6)=   0.000000

     crystal axes: (cart. coord. in units of alat)
               a(1) = (   1.000000   0.000000   0.000000 )  
               a(2) = (   0.000000   1.000000   0.000000 )  
               a(3) = (   0.000000   0.000000   4.354177 )  

     reciprocal axes: (cart. coord. in units 2 pi/alat)
               b(1) = (  1.000000  0.000000  0.000000 )  
               b(2) = (  0.000000  1.000000  0.000000 )  
               b(3) = (  0.000000  0.000000  0.229665 )  


     PseudoPot. # 1 for In read from file:
     ./In.pbe-dn-kjpaw_psl.1.0.0.UPF
     MD5 check sum: 235b15e6a7fdfd96486e0ecdcb5b12c6
     Pseudo is Projector augmented-wave + core cor, Zval = 13.0
     Generated using &quot;atomic&quot; code by A. Dal Corso  v.6.3
     Shape of augmentation charge: PSQ
     Using radial grid of 1241 points,  6 beta functions with: 
                l(1) =   0
                l(2) =   0
                l(3) =   1
                l(4) =   1
                l(5) =   2
                l(6) =   2
     Q(r) pseudized with 0 coefficients 


     PseudoPot. # 2 for O  read from file:
     ./O.pbe-n-kjpaw_psl.1.0.0.UPF
     MD5 check sum: e99d9cef9b487d1ca56f5b95ecd0fd7a
     Pseudo is Projector augmented-wave + core cor, Zval =  6.0
     Generated using &quot;atomic&quot; code by A. Dal Corso  v.6.3
     Shape of augmentation charge: PSQ
     Using radial grid of 1095 points,  4 beta functions with: 
                l(1) =   0
                l(2) =   0
                l(3) =   1
                l(4) =   1
     Q(r) pseudized with 0 coefficients 


     PseudoPot. # 3 for H  read from file:
     ./H.pbe-kjpaw_psl.1.0.0.UPF
     MD5 check sum: d81a744832360e4a8af0b0b5b123bc2a
     Pseudo is Projector augmented-wave, Zval =  1.0
     Generated using &quot;atomic&quot; code by A. Dal Corso  v.6.3MaX
     Shape of augmentation charge: PSQ
     Using radial grid of  929 points,  2 beta functions with: 
                l(1) =   0
                l(2) =   0
     Q(r) pseudized with 0 coefficients 


     atomic species   valence    mass     pseudopotential
     In               13.00   114.81800     In( 1.00)
     O                 6.00    15.99900     O ( 1.00)
     H                 1.00     1.00800     H ( 1.00)

      8 Sym. Ops., with inversion, found ( 6 have fractional translation)


                                    s                        frac. trans.

      isym =  1     identity                                     

 cryst.   s( 1) = (     1          0          0      )
                  (     0          1          0      )
                  (     0          0          1      )

 cart.    s( 1) = (  1.0000000  0.0000000  0.0000000 )
                  (  0.0000000  1.0000000  0.0000000 )
                  (  0.0000000  0.0000000  1.0000000 )


      isym =  2     180 deg rotation - cart. axis [0,0,1]        

 cryst.   s( 2) = (    -1          0          0      )    f =(  0.0000000 )
                  (     0         -1          0      )       (  0.5000000 )
                  (     0          0          1      )       (  0.0000000 )

 cart.    s( 2) = ( -1.0000000  0.0000000  0.0000000 )    f =(  0.0000000 )
                  (  0.0000000 -1.0000000  0.0000000 )       (  0.5000000 )
                  (  0.0000000  0.0000000  1.0000000 )       (  0.0000000 )


      isym =  3     180 deg rotation - cart. axis [0,1,0]        

 cryst.   s( 3) = (    -1          0          0      )    f =(  0.5000000 )
                  (     0          1          0      )       (  0.0000000 )
                  (     0          0         -1      )       ( -0.0000000 )

 cart.    s( 3) = ( -1.0000000  0.0000000  0.0000000 )    f =(  0.5000000 )
                  (  0.0000000  1.0000000  0.0000000 )       (  0.0000000 )
                  (  0.0000000  0.0000000 -1.0000000 )       ( -0.0000000 )


      isym =  4     180 deg rotation - cart. axis [1,0,0]        

 cryst.   s( 4) = (     1          0          0      )    f =( -0.5000000 )
                  (     0         -1          0      )       (  0.5000000 )
                  (     0          0         -1      )       ( -0.0000000 )

 cart.    s( 4) = (  1.0000000  0.0000000  0.0000000 )    f =( -0.5000000 )
                  (  0.0000000 -1.0000000  0.0000000 )       (  0.5000000 )
                  (  0.0000000  0.0000000 -1.0000000 )       ( -0.0000000 )


      isym =  5     inversion                                    

 cryst.   s( 5) = (    -1          0          0      )
                  (     0         -1          0      )
                  (     0          0         -1      )

 cart.    s( 5) = ( -1.0000000  0.0000000  0.0000000 )
                  (  0.0000000 -1.0000000  0.0000000 )
                  (  0.0000000  0.0000000 -1.0000000 )


      isym =  6     inv. 180 deg rotation - cart. axis [0,0,1]   

 cryst.   s( 6) = (     1          0          0      )    f =(  0.0000000 )
                  (     0          1          0      )       ( -0.5000000 )
                  (     0          0         -1      )       ( -0.0000000 )

 cart.    s( 6) = (  1.0000000  0.0000000  0.0000000 )    f =(  0.0000000 )
                  (  0.0000000  1.0000000  0.0000000 )       ( -0.5000000 )
                  (  0.0000000  0.0000000 -1.0000000 )       ( -0.0000000 )


      isym =  7     inv. 180 deg rotation - cart. axis [0,1,0]   

 cryst.   s( 7) = (     1          0          0      )    f =( -0.5000000 )
                  (     0         -1          0      )       (  0.0000000 )
                  (     0          0          1      )       (  0.0000000 )

 cart.    s( 7) = (  1.0000000  0.0000000  0.0000000 )    f =( -0.5000000 )
                  (  0.0000000 -1.0000000  0.0000000 )       (  0.0000000 )
                  (  0.0000000  0.0000000  1.0000000 )       (  0.0000000 )


      isym =  8     inv. 180 deg rotation - cart. axis [1,0,0]   

 cryst.   s( 8) = (    -1          0          0      )    f =(  0.5000000 )
                  (     0          1          0      )       ( -0.5000000 )
                  (     0          0          1      )       (  0.0000000 )

 cart.    s( 8) = ( -1.0000000  0.0000000  0.0000000 )    f =(  0.5000000 )
                  (  0.0000000  1.0000000  0.0000000 )       ( -0.5000000 )
                  (  0.0000000  0.0000000  1.0000000 )       (  0.0000000 )


   Cartesian axes

     site n.     atom                  positions (alat units)
         1        In     tau(   1) = (   0.2500000   0.2500000   1.9270884  )
         2        In     tau(   2) = (   0.7500000   0.2500000   1.9270884  )
         3        In     tau(   3) = (   0.2500000   0.2500000   2.4270884  )
         4        In     tau(   4) = (   0.2500000   0.7500000   1.9270884  )
         5        In     tau(   5) = (   0.4661938   0.5000000   2.4270884  )
         6        In     tau(   6) = (   0.0338062   0.5000000   1.9270884  )
         7        In     tau(   7) = (   0.7500000   0.4661938   2.1770884  )
         8        In     tau(   8) = (   0.2500000   0.0338062   2.1770884  )
         9        In     tau(   9) = (   0.5000000   0.7500000   2.1432822  )
        10        In     tau(  10) = (   0.0338062   0.0000000   2.4270884  )
        11        In     tau(  11) = (   0.4661938   0.0000000   1.9270884  )
        12        In     tau(  12) = (   0.0000000   0.2500000   2.1432822  )
        13        O      tau(  13) = (   0.3897318   0.1544729   2.0594654  )
        14        O      tau(  14) = (   0.6102682   0.3455271   2.0594654  )
        15        O      tau(  15) = (   0.1102682   0.1544729   2.2947114  )
        16        O      tau(  16) = (   0.8897318   0.3455271   2.2947114  )
        17        O      tau(  17) = (   0.3823770   0.3897318   1.8315613  )
        18        O      tau(  18) = (   0.3823770   0.6102682   2.0226155  )
        19        O      tau(  19) = (   0.6176230   0.1102682   1.8315613  )
        20        O      tau(  20) = (   0.6176230   0.8897318   2.0226155  )
        21        O      tau(  21) = (   0.1544729   0.3823770   2.0668202  )
        22        O      tau(  22) = (   0.3455271   0.3823770   2.2873566  )
        23        O      tau(  23) = (   0.1544729   0.6176230   1.7873566  )
        24        O      tau(  24) = (   0.3455271   0.6176230   2.5668202  )
        25        O      tau(  25) = (   0.1102682   0.3455271   1.7947114  )
        26        O      tau(  26) = (   0.8897318   0.1544729   1.7947114  )
        27        O      tau(  27) = (   0.3897318   0.3455271   2.5594654  )
        28        O      tau(  28) = (   0.6102682   0.1544729   2.5594654  )
        29        O      tau(  29) = (   0.1176230   0.1102682   2.0226155  )
        30        O      tau(  30) = (   0.1176230   0.8897318   1.8315613  )
        31        O      tau(  31) = (   0.8823770   0.3897318   2.0226155  )
        32        O      tau(  32) = (   0.8823770   0.6102682   1.8315613  )
        33        O      tau(  33) = (   0.3455271   0.1176230   1.7873566  )
        34        O      tau(  34) = (   0.1544729   0.1176230   2.5668202  )
        35        O      tau(  35) = (   0.3455271   0.8823770   2.0668202  )
        36        O      tau(  36) = (   0.1544729   0.8823770   2.2873566  )
        37        In     tau(  37) = (   0.7500000   0.7500000   2.4270884  )
        38        In     tau(  38) = (   0.2500000   0.7500000   2.4270884  )
        39        In     tau(  39) = (   0.7500000   0.7500000   1.9270884  )
        40        In     tau(  40) = (   0.7500000   0.2500000   2.4270884  )
        41        In     tau(  41) = (   0.9661938   0.0000000   1.9270884  )
        42        In     tau(  42) = (   0.5338062   0.0000000   2.4270884  )
        43        In     tau(  43) = (   0.0000000   0.7500000   2.2108946  )
        44        In     tau(  44) = (   0.5338062   0.5000000   1.9270884  )
        45        In     tau(  45) = (   0.9661938   0.5000000   2.4270884  )
        46        In     tau(  46) = (   0.2500000   0.5338062   2.1770884  )
        47        In     tau(  47) = (   0.7500000   0.9661938   2.1770884  )
        48        In     tau(  48) = (   0.5000000   0.2500000   2.2108946  )
        49        O      tau(  49) = (   0.8897318   0.6544729   2.5594654  )
        50        O      tau(  50) = (   0.1102682   0.8455271   2.5594654  )
        51        O      tau(  51) = (   0.6102682   0.6544729   1.7947114  )
        52        O      tau(  52) = (   0.3897318   0.8455271   1.7947114  )
        53        O      tau(  53) = (   0.8823770   0.8897318   2.3315613  )
        54        O      tau(  54) = (   0.8823770   0.1102682   2.5226155  )
        55        O      tau(  55) = (   0.1176230   0.6102682   2.3315613  )
        56        O      tau(  56) = (   0.1176230   0.3897318   2.5226155  )
        57        O      tau(  57) = (   0.6544729   0.8823770   2.5668202  )
        58        O      tau(  58) = (   0.8455271   0.8823770   1.7873566  )
        59        O      tau(  59) = (   0.6544729   0.1176230   2.2873566  )
        60        O      tau(  60) = (   0.8455271   0.1176230   2.0668202  )
        61        O      tau(  61) = (   0.6102682   0.8455271   2.2947114  )
        62        O      tau(  62) = (   0.3897318   0.6544729   2.2947114  )
        63        O      tau(  63) = (   0.8897318   0.8455271   2.0594654  )
        64        O      tau(  64) = (   0.1102682   0.6544729   2.0594654  )
        65        O      tau(  65) = (   0.6176230   0.6102682   2.5226155  )
        66        O      tau(  66) = (   0.6176230   0.3897318   2.3315613  )
        67        O      tau(  67) = (   0.3823770   0.8897318   2.5226155  )
        68        O      tau(  68) = (   0.3823770   0.1102682   2.3315613  )
        69        O      tau(  69) = (   0.8455271   0.6176230   2.2873566  )
        70        O      tau(  70) = (   0.6544729   0.6176230   2.0668202  )
        71        O      tau(  71) = (   0.8455271   0.3823770   2.5668202  )
        72        O      tau(  72) = (   0.6544729   0.3823770   1.7873566  )
        73        H      tau(  73) = (   0.3774651   0.3686679   1.7399612  )
        74        H      tau(  74) = (   0.6225349   0.1313321   1.7399612  )
        75        H      tau(  75) = (   0.1262733   0.6085085   1.6980251  )
        76        H      tau(  76) = (   0.3737267   0.6085085   2.6561517  )
        77        H      tau(  77) = (   0.1204699   0.3542316   1.7015526  )
        78        H      tau(  78) = (   0.8795301   0.1457684   1.7015526  )
        79        H      tau(  79) = (   0.3795301   0.3542316   2.6526242  )
        80        H      tau(  80) = (   0.6204699   0.1457684   2.6526242  )
        81        H      tau(  81) = (   0.1225349   0.8686679   1.7399612  )
        82        H      tau(  82) = (   0.8774651   0.6313321   1.7399612  )
        83        H      tau(  83) = (   0.3737267   0.1085085   1.6980251  )
        84        H      tau(  84) = (   0.1262733   0.1085085   2.6561517  )
        85        H      tau(  85) = (   0.8795301   0.6457684   2.6526242  )
        86        H      tau(  86) = (   0.1204699   0.8542316   2.6526242  )
        87        H      tau(  87) = (   0.6204699   0.6457684   1.7015526  )
        88        H      tau(  88) = (   0.3795301   0.8542316   1.7015526  )
        89        H      tau(  89) = (   0.8774651   0.1313321   2.6142156  )
        90        H      tau(  90) = (   0.1225349   0.3686679   2.6142156  )
        91        H      tau(  91) = (   0.6262733   0.8914915   2.6561517  )
        92        H      tau(  92) = (   0.8737267   0.8914915   1.6980251  )
        93        H      tau(  93) = (   0.6225349   0.6313321   2.6142156  )
        94        H      tau(  94) = (   0.3774651   0.8686679   2.6142156  )
        95        H      tau(  95) = (   0.8737267   0.3914915   2.6561517  )
        96        H      tau(  96) = (   0.6262733   0.3914915   1.6980251  )

   Crystallographic axes

     site n.     atom                  positions (cryst. coord.)
         1        In     tau(   1) = (  0.2500000  0.2500000  0.4425839  )
         2        In     tau(   2) = (  0.7500000  0.2500000  0.4425839  )
         3        In     tau(   3) = (  0.2500000  0.2500000  0.5574161  )
         4        In     tau(   4) = (  0.2500000  0.7500000  0.4425839  )
         5        In     tau(   5) = (  0.4661938  0.5000000  0.5574161  )
         6        In     tau(   6) = (  0.0338062  0.5000000  0.4425839  )
         7        In     tau(   7) = (  0.7500000  0.4661938  0.5000000  )
         8        In     tau(   8) = (  0.2500000  0.0338062  0.5000000  )
         9        In     tau(   9) = (  0.5000000  0.7500000  0.4922359  )
        10        In     tau(  10) = (  0.0338062  0.0000000  0.5574161  )
        11        In     tau(  11) = (  0.4661938  0.0000000  0.4425839  )
        12        In     tau(  12) = (  0.0000000  0.2500000  0.4922359  )
        13        O      tau(  13) = (  0.3897318  0.1544729  0.4729862  )
        14        O      tau(  14) = (  0.6102682  0.3455271  0.4729862  )
        15        O      tau(  15) = (  0.1102682  0.1544729  0.5270138  )
        16        O      tau(  16) = (  0.8897318  0.3455271  0.5270138  )
        17        O      tau(  17) = (  0.3823770  0.3897318  0.4206447  )
        18        O      tau(  18) = (  0.3823770  0.6102682  0.4645230  )
        19        O      tau(  19) = (  0.6176230  0.1102682  0.4206447  )
        20        O      tau(  20) = (  0.6176230  0.8897318  0.4645230  )
        21        O      tau(  21) = (  0.1544729  0.3823770  0.4746753  )
        22        O      tau(  22) = (  0.3455271  0.3823770  0.5253247  )
        23        O      tau(  23) = (  0.1544729  0.6176230  0.4104924  )
        24        O      tau(  24) = (  0.3455271  0.6176230  0.5895076  )
        25        O      tau(  25) = (  0.1102682  0.3455271  0.4121816  )
        26        O      tau(  26) = (  0.8897318  0.1544729  0.4121816  )
        27        O      tau(  27) = (  0.3897318  0.3455271  0.5878184  )
        28        O      tau(  28) = (  0.6102682  0.1544729  0.5878184  )
        29        O      tau(  29) = (  0.1176230  0.1102682  0.4645230  )
        30        O      tau(  30) = (  0.1176230  0.8897318  0.4206447  )
        31        O      tau(  31) = (  0.8823770  0.3897318  0.4645230  )
        32        O      tau(  32) = (  0.8823770  0.6102682  0.4206447  )
        33        O      tau(  33) = (  0.3455271  0.1176230  0.4104924  )
        34        O      tau(  34) = (  0.1544729  0.1176230  0.5895076  )
        35        O      tau(  35) = (  0.3455271  0.8823770  0.4746753  )
        36        O      tau(  36) = (  0.1544729  0.8823770  0.5253247  )
        37        In     tau(  37) = (  0.7500000  0.7500000  0.5574161  )
        38        In     tau(  38) = (  0.2500000  0.7500000  0.5574161  )
        39        In     tau(  39) = (  0.7500000  0.7500000  0.4425839  )
        40        In     tau(  40) = (  0.7500000  0.2500000  0.5574161  )
        41        In     tau(  41) = (  0.9661938  0.0000000  0.4425839  )
        42        In     tau(  42) = (  0.5338062  0.0000000  0.5574161  )
        43        In     tau(  43) = (  0.0000000  0.7500000  0.5077641  )
        44        In     tau(  44) = (  0.5338062  0.5000000  0.4425839  )
        45        In     tau(  45) = (  0.9661938  0.5000000  0.5574161  )
        46        In     tau(  46) = (  0.2500000  0.5338062  0.5000000  )
        47        In     tau(  47) = (  0.7500000  0.9661938  0.5000000  )
        48        In     tau(  48) = (  0.5000000  0.2500000  0.5077641  )
        49        O      tau(  49) = (  0.8897318  0.6544729  0.5878184  )
        50        O      tau(  50) = (  0.1102682  0.8455271  0.5878184  )
        51        O      tau(  51) = (  0.6102682  0.6544729  0.4121816  )
        52        O      tau(  52) = (  0.3897318  0.8455271  0.4121816  )
        53        O      tau(  53) = (  0.8823770  0.8897318  0.5354770  )
        54        O      tau(  54) = (  0.8823770  0.1102682  0.5793553  )
        55        O      tau(  55) = (  0.1176230  0.6102682  0.5354770  )
        56        O      tau(  56) = (  0.1176230  0.3897318  0.5793553  )
        57        O      tau(  57) = (  0.6544729  0.8823770  0.5895076  )
        58        O      tau(  58) = (  0.8455271  0.8823770  0.4104924  )
        59        O      tau(  59) = (  0.6544729  0.1176230  0.5253247  )
        60        O      tau(  60) = (  0.8455271  0.1176230  0.4746753  )
        61        O      tau(  61) = (  0.6102682  0.8455271  0.5270138  )
        62        O      tau(  62) = (  0.3897318  0.6544729  0.5270138  )
        63        O      tau(  63) = (  0.8897318  0.8455271  0.4729862  )
        64        O      tau(  64) = (  0.1102682  0.6544729  0.4729862  )
        65        O      tau(  65) = (  0.6176230  0.6102682  0.5793553  )
        66        O      tau(  66) = (  0.6176230  0.3897318  0.5354770  )
        67        O      tau(  67) = (  0.3823770  0.8897318  0.5793553  )
        68        O      tau(  68) = (  0.3823770  0.1102682  0.5354770  )
        69        O      tau(  69) = (  0.8455271  0.6176230  0.5253247  )
        70        O      tau(  70) = (  0.6544729  0.6176230  0.4746753  )
        71        O      tau(  71) = (  0.8455271  0.3823770  0.5895076  )
        72        O      tau(  72) = (  0.6544729  0.3823770  0.4104924  )
        73        H      tau(  73) = (  0.3774651  0.3686679  0.3996074  )
        74        H      tau(  74) = (  0.6225349  0.1313321  0.3996074  )
        75        H      tau(  75) = (  0.1262733  0.6085085  0.3899762  )
        76        H      tau(  76) = (  0.3737267  0.6085085  0.6100238  )
        77        H      tau(  77) = (  0.1204699  0.3542316  0.3907863  )
        78        H      tau(  78) = (  0.8795301  0.1457684  0.3907863  )
        79        H      tau(  79) = (  0.3795301  0.3542316  0.6092137  )
        80        H      tau(  80) = (  0.6204699  0.1457684  0.6092137  )
        81        H      tau(  81) = (  0.1225349  0.8686679  0.3996074  )
        82        H      tau(  82) = (  0.8774651  0.6313321  0.3996074  )
        83        H      tau(  83) = (  0.3737267  0.1085085  0.3899762  )
        84        H      tau(  84) = (  0.1262733  0.1085085  0.6100238  )
        85        H      tau(  85) = (  0.8795301  0.6457684  0.6092137  )
        86        H      tau(  86) = (  0.1204699  0.8542316  0.6092137  )
        87        H      tau(  87) = (  0.6204699  0.6457684  0.3907863  )
        88        H      tau(  88) = (  0.3795301  0.8542316  0.3907863  )
        89        H      tau(  89) = (  0.8774651  0.1313321  0.6003926  )
        90        H      tau(  90) = (  0.1225349  0.3686679  0.6003926  )
        91        H      tau(  91) = (  0.6262733  0.8914915  0.6100238  )
        92        H      tau(  92) = (  0.8737267  0.8914915  0.3899762  )
        93        H      tau(  93) = (  0.6225349  0.6313321  0.6003926  )
        94        H      tau(  94) = (  0.3774651  0.8686679  0.6003926  )
        95        H      tau(  95) = (  0.8737267  0.3914915  0.6100238  )
        96        H      tau(  96) = (  0.6262733  0.3914915  0.3899762  )

     number of k points=     4
                       cart. coord. in units 2pi/alat
        k(    1) = (   0.0000000   0.0000000   0.0000000), wk =   0.2222222
        k(    2) = (   0.0000000   0.3333333   0.0000000), wk =   0.4444444
        k(    3) = (   0.3333333   0.3333333   0.0000000), wk =   0.8888889
        k(    4) = (   0.3333333   0.0000000   0.0000000), wk =   0.4444444

                       cryst. coord.
        k(    1) = (   0.0000000   0.0000000   0.0000000), wk =   0.2222222
        k(    2) = (   0.0000000   0.3333333   0.0000000), wk =   0.4444444
        k(    3) = (   0.3333333   0.3333333   0.0000000), wk =   0.8888889
        k(    4) = (   0.3333333   0.0000000   0.0000000), wk =   0.4444444

     Dense  grid:  7352879 G-vectors     FFT dimensions: ( 150, 150, 648)

     Smooth grid:  2599559 G-vectors     FFT dimensions: ( 108, 108, 480)

     Dynamical RAM for                 wfc:     406.59 MB

     Dynamical RAM for     wfc (w. buffer):     406.59 MB

     Dynamical RAM for           str. fact:      84.15 MB

     Dynamical RAM for           local pot:       0.00 MB

     Dynamical RAM for          nlocal pot:    1071.01 MB

     Dynamical RAM for                qrad:       5.74 MB

     Dynamical RAM for          rho,v,vnew:     167.57 MB

     Dynamical RAM for               rhoin:      55.86 MB

     Dynamical RAM for            rho*nmix:     448.78 MB

     Dynamical RAM for           G-vectors:     110.14 MB

     Dynamical RAM for          h,s,v(r/c):       4.92 MB

     Dynamical RAM for          <psi|beta>:       4.32 MB

     Dynamical RAM for                 psi:     813.17 MB

     Dynamical RAM for                hpsi:     813.17 MB

     Dynamical RAM for                spsi:     813.17 MB

     Dynamical RAM for      wfcinit/wfcrot:     815.64 MB

     Dynamical RAM for           addusdens:    1661.90 MB

     Dynamical RAM for          addusforce:    2314.22 MB

     Dynamical RAM for         addusstress:    1419.98 MB

     Estimated static dynamical RAM per process >       2.10 GB

     Estimated max dynamical RAM per process >       4.93 GB

     Estimated total dynamical RAM >      73.64 GB

     Initial potential from superposition of free atoms

     starting charge     623.9105, renormalised to     624.0000

     negative rho (up, down):  1.836E-03 0.000E+00
     Starting wfcs are  432 randomized atomic wfcs
     Checking if some PAW data can be deallocated... 
       PAW data deallocated on   12 nodes for type:  1
       PAW data deallocated on    8 nodes for type:  2
       PAW data deallocated on   12 nodes for type:  3

     total cpu time spent up to now is       34.5 secs

     Self-consistent Calculation

     iteration #  1     ecut=    71.00 Ry     beta= 0.20
     Davidson diagonalization with overlap

---- Real-time Memory Report at c_bands before calling an iterative solver
          3140 MiB given to the printing process from OS
         -1860 MiB allocation reported by mallinfo(arena+hblkhd)
        318800 MiB available memory on the node where the printing process lives
------------------
     ethr =  1.00E-02,  avg # of iterations =  2.0

     negative rho (up, down):  3.187E-04 0.000E+00

     total cpu time spent up to now is       91.9 secs

     total energy              =  -11890.42698282 Ry
     estimated scf accuracy    <      24.66999361 Ry

     iteration #  2     ecut=    71.00 Ry     beta= 0.20
     Davidson diagonalization with overlap

---- Real-time Memory Report at c_bands before calling an iterative solver
          4614 MiB given to the printing process from OS
         -1668 MiB allocation reported by mallinfo(arena+hblkhd)
        302303 MiB available memory on the node where the printing process lives
------------------
     ethr =  3.95E-03,  avg # of iterations =  1.2

     negative rho (up, down):  5.033E-04 0.000E+00

     total cpu time spent up to now is      150.0 secs

     total energy              =  -11882.73897559 Ry
     estimated scf accuracy    <      16.09613621 Ry

     iteration #  3     ecut=    71.00 Ry     beta= 0.20
     Davidson diagonalization with overlap

---- Real-time Memory Report at c_bands before calling an iterative solver
          4684 MiB given to the printing process from OS
         -1648 MiB allocation reported by mallinfo(arena+hblkhd)
        260186 MiB available memory on the node where the printing process lives
------------------
     ethr =  2.58E-03,  avg # of iterations =  6.5

     negative rho (up, down):  8.621E-05 0.000E+00

     total cpu time spent up to now is      259.3 secs

     total energy              =  -11886.63839999 Ry
     estimated scf accuracy    <       0.80718868 Ry

     iteration #  4     ecut=    71.00 Ry     beta= 0.20
     Davidson diagonalization with overlap

---- Real-time Memory Report at c_bands before calling an iterative solver
          4830 MiB given to the printing process from OS
         -1628 MiB allocation reported by mallinfo(arena+hblkhd)
        213441 MiB available memory on the node where the printing process lives
------------------
     ethr =  1.29E-04,  avg # of iterations = 11.8

     negative rho (up, down):  9.231E-06 0.000E+00

     total cpu time spent up to now is      471.7 secs

     total energy              =  -11888.66087698 Ry
     estimated scf accuracy    <       4.49582041 Ry

     iteration #  5     ecut=    71.00 Ry     beta= 0.20
     Davidson diagonalization with overlap

---- Real-time Memory Report at c_bands before calling an iterative solver
          4843 MiB given to the printing process from OS
         -1607 MiB allocation reported by mallinfo(arena+hblkhd)
        256487 MiB available memory on the node where the printing process lives
------------------
     ethr =  1.29E-04,  avg # of iterations =  2.0

     negative rho (up, down):  1.133E-04 0.000E+00

     total cpu time spent up to now is      548.4 secs

     total energy              =  -11887.27239694 Ry
     estimated scf accuracy    <       2.39858748 Ry

     iteration #  6     ecut=    71.00 Ry     beta= 0.20
     Davidson diagonalization with overlap

---- Real-time Memory Report at c_bands before calling an iterative solver
          4843 MiB given to the printing process from OS
         -1587 MiB allocation reported by mallinfo(arena+hblkhd)
        274972 MiB available memory on the node where the printing process lives
------------------
     ethr =  1.29E-04,  avg # of iterations =  6.2

     negative rho (up, down):  1.435E-04 0.000E+00

     total cpu time spent up to now is      692.6 secs

     total energy              =  -11888.85702065 Ry
     estimated scf accuracy    <       2.43615425 Ry

     iteration #  7     ecut=    71.00 Ry     beta= 0.20
     Davidson diagonalization with overlap

---- Real-time Memory Report at c_bands before calling an iterative solver
          4876 MiB given to the printing process from OS
         -1567 MiB allocation reported by mallinfo(arena+hblkhd)
        244650 MiB available memory on the node where the printing process lives
------------------
     ethr =  1.29E-04,  avg # of iterations =  1.0

     negative rho (up, down):  1.817E-04 0.000E+00

     total cpu time spent up to now is      749.8 secs

     total energy              =  -11889.32442180 Ry
     estimated scf accuracy    <       2.08040372 Ry

     iteration #  8     ecut=    71.00 Ry     beta= 0.20
     Davidson diagonalization with overlap

---- Real-time Memory Report at c_bands before calling an iterative solver
          4876 MiB given to the printing process from OS
         -1537 MiB allocation reported by mallinfo(arena+hblkhd)
        211615 MiB available memory on the node where the printing process lives
------------------
     ethr =  1.29E-04,  avg # of iterations =  1.5

     negative rho (up, down):  1.028E-03 0.000E+00

     total cpu time spent up to now is      815.4 secs

     total energy              =  -11888.93166270 Ry
     estimated scf accuracy    <       3.13864128 Ry

     iteration #  9     ecut=    71.00 Ry     beta= 0.20
     Davidson diagonalization with overlap

---- Real-time Memory Report at c_bands before calling an iterative solver
          4876 MiB given to the printing process from OS
         -1517 MiB allocation reported by mallinfo(arena+hblkhd)
        215623 MiB available memory on the node where the printing process lives
------------------
     ethr =  1.29E-04,  avg # of iterations =  1.0

     negative rho (up, down):  2.468E-04 0.000E+00

     total cpu time spent up to now is      881.8 secs

     total energy              =  -11889.41856027 Ry
     estimated scf accuracy    <       2.41812592 Ry

     iteration # 10     ecut=    71.00 Ry     beta= 0.20
     Davidson diagonalization with overlap

---- Real-time Memory Report at c_bands before calling an iterative solver
          4876 MiB given to the printing process from OS
         -1497 MiB allocation reported by mallinfo(arena+hblkhd)
        252128 MiB available memory on the node where the printing process lives
------------------
     ethr =  1.29E-04,  avg # of iterations =  1.0

     negative rho (up, down):  1.827E-04 0.000E+00

     total cpu time spent up to now is      937.7 secs

     total energy              =  -11889.33601303 Ry
     estimated scf accuracy    <       3.39729316 Ry

     iteration # 11     ecut=    71.00 Ry     beta= 0.20
     Davidson diagonalization with overlap

---- Real-time Memory Report at c_bands before calling an iterative solver
          4876 MiB given to the printing process from OS
         -1497 MiB allocation reported by mallinfo(arena+hblkhd)
        246093 MiB available memory on the node where the printing process lives
------------------
     ethr =  1.29E-04,  avg # of iterations =  1.0

     negative rho (up, down):  1.832E-04 0.000E+00

     total cpu time spent up to now is      992.2 secs

     total energy              =  -11889.33832676 Ry
     estimated scf accuracy    <       3.24500131 Ry

     iteration # 12     ecut=    71.00 Ry     beta= 0.20
     Davidson diagonalization with overlap

---- Real-time Memory Report at c_bands before calling an iterative solver
          4876 MiB given to the printing process from OS
         -1497 MiB allocation reported by mallinfo(arena+hblkhd)
        271117 MiB available memory on the node where the printing process lives
------------------
     ethr =  1.29E-04,  avg # of iterations =  1.0

     negative rho (up, down):  3.841E-03 0.000E+00

     total cpu time spent up to now is     1047.8 secs

     total energy              =  -11890.39316527 Ry
     estimated scf accuracy    <       3.43953191 Ry

     iteration # 13     ecut=    71.00 Ry     beta= 0.20
     Davidson diagonalization with overlap

---- Real-time Memory Report at c_bands before calling an iterative solver
          4876 MiB given to the printing process from OS
         -1497 MiB allocation reported by mallinfo(arena+hblkhd)
        319787 MiB available memory on the node where the printing process lives
------------------
     ethr =  1.29E-04,  avg # of iterations =  5.0

     negative rho (up, down):  9.861E-03 0.000E+00

     total cpu time spent up to now is     1112.0 secs

     total energy              =  -11891.98640192 Ry
     estimated scf accuracy    <       5.88394016 Ry

     iteration # 14     ecut=    71.00 Ry     beta= 0.20
     Davidson diagonalization with overlap

---- Real-time Memory Report at c_bands before calling an iterative solver
          4876 MiB given to the printing process from OS
         -1497 MiB allocation reported by mallinfo(arena+hblkhd)
        337050 MiB available memory on the node where the printing process lives
------------------
     ethr =  1.29E-04,  avg # of iterations =  6.5

     negative rho (up, down):  7.630E-03 0.000E+00

     total cpu time spent up to now is     1218.6 secs

     total energy              =  -11891.01087494 Ry
     estimated scf accuracy    <      15.40820855 Ry

     iteration # 15     ecut=    71.00 Ry     beta= 0.20
     Davidson diagonalization with overlap

---- Real-time Memory Report at c_bands before calling an iterative solver
          4888 MiB given to the printing process from OS
         -1497 MiB allocation reported by mallinfo(arena+hblkhd)
        244414 MiB available memory on the node where the printing process lives
------------------
     ethr =  1.29E-04,  avg # of iterations =  1.0

     negative rho (up, down):  5.123E-02 0.000E+00

     total cpu time spent up to now is     1278.0 secs

     total energy              =  -11890.12277131 Ry
     estimated scf accuracy    <      12.25061850 Ry

     iteration # 16     ecut=    71.00 Ry     beta= 0.20
     Davidson diagonalization with overlap

---- Real-time Memory Report at c_bands before calling an iterative solver
          4888 MiB given to the printing process from OS
         -1497 MiB allocation reported by mallinfo(arena+hblkhd)
        277354 MiB available memory on the node where the printing process lives
------------------
     ethr =  1.29E-04,  avg # of iterations =  2.0

     negative rho (up, down):  5.081E-03 0.000E+00

     total cpu time spent up to now is     1351.3 secs

     total energy              =  -11890.24682792 Ry
     estimated scf accuracy    <       8.32230678 Ry

     iteration # 17     ecut=    71.00 Ry     beta= 0.20
     Davidson diagonalization with overlap

---- Real-time Memory Report at c_bands before calling an iterative solver
          4888 MiB given to the printing process from OS
         -1497 MiB allocation reported by mallinfo(arena+hblkhd)
        239471 MiB available memory on the node where the printing process lives
------------------
     ethr =  1.29E-04,  avg # of iterations =  1.0

     negative rho (up, down):  5.264E-02 0.000E+00

     total cpu time spent up to now is     1448.1 secs

     total energy              =  -11889.01671420 Ry
     estimated scf accuracy    <       7.99775542 Ry

     iteration # 18     ecut=    71.00 Ry     beta= 0.20
     Davidson diagonalization with overlap

---- Real-time Memory Report at c_bands before calling an iterative solver
          4888 MiB given to the printing process from OS
         -1497 MiB allocation reported by mallinfo(arena+hblkhd)
        209063 MiB available memory on the node where the printing process lives
------------------
     ethr =  1.29E-04,  avg # of iterations =  2.8

     negative rho (up, down):  1.137E-01 0.000E+00

     total cpu time spent up to now is     1545.4 secs

     total energy              =  -11888.95925458 Ry
     estimated scf accuracy    <       5.06809264 Ry

     iteration # 19     ecut=    71.00 Ry     beta= 0.20
     Davidson diagonalization with overlap

---- Real-time Memory Report at c_bands before calling an iterative solver
          4888 MiB given to the printing process from OS
         -1497 MiB allocation reported by mallinfo(arena+hblkhd)
        206905 MiB available memory on the node where the printing process lives
------------------
     ethr =  1.29E-04,  avg # of iterations =  2.0

     negative rho (up, down):  9.343E-02 0.000E+00

     total cpu time spent up to now is     1614.9 secs

     total energy              =  -11887.64745028 Ry
     estimated scf accuracy    <       4.28865481 Ry

     iteration # 20     ecut=    71.00 Ry     beta= 0.20
     Davidson diagonalization with overlap

---- Real-time Memory Report at c_bands before calling an iterative solver
          4888 MiB given to the printing process from OS
         -1497 MiB allocation reported by mallinfo(arena+hblkhd)
        209147 MiB available memory on the node where the printing process lives
------------------
     ethr =  1.29E-04,  avg # of iterations = 10.2

     negative rho (up, down):  1.158E-02 0.000E+00

     total cpu time spent up to now is     1762.3 secs

     total energy              =  -11888.50855285 Ry
     estimated scf accuracy    <       0.25354224 Ry

     iteration # 21     ecut=    71.00 Ry     beta= 0.20
     Davidson diagonalization with overlap

---- Real-time Memory Report at c_bands before calling an iterative solver
          4888 MiB given to the printing process from OS
         -1497 MiB allocation reported by mallinfo(arena+hblkhd)
        227551 MiB available memory on the node where the printing process lives
------------------
     ethr =  4.06E-05,  avg # of iterations = 12.8

     negative rho (up, down):  1.202E-02 0.000E+00

     total cpu time spent up to now is     1889.6 secs

     total energy              =  -11888.37354313 Ry
     estimated scf accuracy    <       0.67623876 Ry

     iteration # 22     ecut=    71.00 Ry     beta= 0.20
     Davidson diagonalization with overlap

---- Real-time Memory Report at c_bands before calling an iterative solver
          4888 MiB given to the printing process from OS
         -1497 MiB allocation reported by mallinfo(arena+hblkhd)
        204167 MiB available memory on the node where the printing process lives
------------------
     ethr =  4.06E-05,  avg # of iterations =  2.0

     negative rho (up, down):  3.385E-02 0.000E+00

     total cpu time spent up to now is     1952.7 secs

     total energy              =  -11888.22131235 Ry
     estimated scf accuracy    <       0.37768521 Ry

     iteration # 23     ecut=    71.00 Ry     beta= 0.20
     Davidson diagonalization with overlap

---- Real-time Memory Report at c_bands before calling an iterative solver
          4888 MiB given to the printing process from OS
         -1497 MiB allocation reported by mallinfo(arena+hblkhd)
        212696 MiB available memory on the node where the printing process lives
------------------
     ethr =  4.06E-05,  avg # of iterations = 13.5

     negative rho (up, down):  2.954E-02 0.000E+00

     total cpu time spent up to now is     2040.7 secs

     total energy              =  -11888.30474523 Ry
     estimated scf accuracy    <       0.04404673 Ry

     iteration # 24     ecut=    71.00 Ry     beta= 0.20
     Davidson diagonalization with overlap

---- Real-time Memory Report at c_bands before calling an iterative solver
          4888 MiB given to the printing process from OS
         -1497 MiB allocation reported by mallinfo(arena+hblkhd)
        260239 MiB available memory on the node where the printing process lives
------------------
     ethr =  7.06E-06,  avg # of iterations =  6.8

     negative rho (up, down):  4.255E-02 0.000E+00

     total cpu time spent up to now is     2106.6 secs

     total energy              =  -11888.31631045 Ry
     estimated scf accuracy    <       0.07008099 Ry

     iteration # 25     ecut=    71.00 Ry     beta= 0.20
     Davidson diagonalization with overlap

---- Real-time Memory Report at c_bands before calling an iterative solver
          4888 MiB given to the printing process from OS
         -1497 MiB allocation reported by mallinfo(arena+hblkhd)
        376916 MiB available memory on the node where the printing process lives
------------------
     ethr =  7.06E-06,  avg # of iterations =  2.0

     negative rho (up, down):  4.370E-02 0.000E+00

     total cpu time spent up to now is     2151.9 secs

     total energy              =  -11888.31455854 Ry
     estimated scf accuracy    <       0.06458185 Ry

     iteration # 26     ecut=    71.00 Ry     beta= 0.20
     Davidson diagonalization with overlap

---- Real-time Memory Report at c_bands before calling an iterative solver
          4888 MiB given to the printing process from OS
         -1497 MiB allocation reported by mallinfo(arena+hblkhd)
        394265 MiB available memory on the node where the printing process lives
------------------
     ethr =  7.06E-06,  avg # of iterations =  2.0

     negative rho (up, down):  5.691E-02 0.000E+00

     total cpu time spent up to now is     2194.4 secs

     total energy              =  -11888.30963785 Ry
     estimated scf accuracy    <       0.06055185 Ry

     iteration # 27     ecut=    71.00 Ry     beta= 0.20
     Davidson diagonalization with overlap

---- Real-time Memory Report at c_bands before calling an iterative solver
          4888 MiB given to the printing process from OS
         -1497 MiB allocation reported by mallinfo(arena+hblkhd)
        404329 MiB available memory on the node where the printing process lives
------------------
     ethr =  7.06E-06,  avg # of iterations =  4.2

     negative rho (up, down):  8.281E-02 0.000E+00

     total cpu time spent up to now is     2237.8 secs

     total energy              =  -11888.38495414 Ry
     estimated scf accuracy    <       0.04544516 Ry

     iteration # 28     ecut=    71.00 Ry     beta= 0.20
     Davidson diagonalization with overlap

---- Real-time Memory Report at c_bands before calling an iterative solver
          4888 MiB given to the printing process from OS
         -1497 MiB allocation reported by mallinfo(arena+hblkhd)
        393026 MiB available memory on the node where the printing process lives
------------------
     ethr =  7.06E-06,  avg # of iterations =  6.0

     negative rho (up, down):  1.323E-01 0.000E+00

     total cpu time spent up to now is     2314.8 secs

     total energy              =  -11888.36421765 Ry
     estimated scf accuracy    <       0.52434076 Ry

     iteration # 29     ecut=    71.00 Ry     beta= 0.20
     Davidson diagonalization with overlap

---- Real-time Memory Report at c_bands before calling an iterative solver
          4888 MiB given to the printing process from OS
         -1497 MiB allocation reported by mallinfo(arena+hblkhd)
        441908 MiB available memory on the node where the printing process lives
------------------
     ethr =  7.06E-06,  avg # of iterations = 15.5

     negative rho (up, down):  1.147E-01 0.000E+00

     total cpu time spent up to now is     2375.6 secs

     total energy              =  -11888.40563438 Ry
     estimated scf accuracy    <       0.35374386 Ry

     iteration # 30     ecut=    71.00 Ry     beta= 0.20
     Davidson diagonalization with overlap

---- Real-time Memory Report at c_bands before calling an iterative solver
          4888 MiB given to the printing process from OS
         -1497 MiB allocation reported by mallinfo(arena+hblkhd)
        413090 MiB available memory on the node where the printing process lives
------------------
     ethr =  7.06E-06,  avg # of iterations =  2.0

     negative rho (up, down):  9.984E-02 0.000E+00

     total cpu time spent up to now is     2424.6 secs

     total energy              =  -11888.35063793 Ry
     estimated scf accuracy    <       0.42321515 Ry

     iteration # 31     ecut=    71.00 Ry     beta= 0.20
     Davidson diagonalization with overlap

---- Real-time Memory Report at c_bands before calling an iterative solver
          4888 MiB given to the printing process from OS
         -1497 MiB allocation reported by mallinfo(arena+hblkhd)
        404245 MiB available memory on the node where the printing process lives
------------------
     ethr =  7.06E-06,  avg # of iterations =  2.0

     negative rho (up, down):  1.406E-01 0.000E+00

     total cpu time spent up to now is     2471.1 secs

     total energy              =  -11888.21883517 Ry
     estimated scf accuracy    <       0.30940216 Ry

     iteration # 32     ecut=    71.00 Ry     beta= 0.20
     Davidson diagonalization with overlap

---- Real-time Memory Report at c_bands before calling an iterative solver
          4888 MiB given to the printing process from OS
         -1497 MiB allocation reported by mallinfo(arena+hblkhd)
        400434 MiB available memory on the node where the printing process lives
------------------
     c_bands:  1 eigenvalues not converged
     ethr =  7.06E-06,  avg # of iterations = 13.2

     negative rho (up, down):  7.033E-02 0.000E+00

     total cpu time spent up to now is     2553.9 secs

     total energy              =  -11888.30129131 Ry
     estimated scf accuracy    <       0.02656625 Ry

     iteration # 33     ecut=    71.00 Ry     beta= 0.20
     Davidson diagonalization with overlap

---- Real-time Memory Report at c_bands before calling an iterative solver
          4888 MiB given to the printing process from OS
         -1497 MiB allocation reported by mallinfo(arena+hblkhd)
        405369 MiB available memory on the node where the printing process lives
------------------
     c_bands:  1 eigenvalues not converged
     ethr =  4.26E-06,  avg # of iterations = 14.0

     negative rho (up, down):  4.606E-02 0.000E+00

     total cpu time spent up to now is     2613.3 secs

     total energy              =  -11888.30919493 Ry
     estimated scf accuracy    <       0.01735222 Ry

     iteration # 34     ecut=    71.00 Ry     beta= 0.20
     Davidson diagonalization with overlap

---- Real-time Memory Report at c_bands before calling an iterative solver
          4888 MiB given to the printing process from OS
         -1497 MiB allocation reported by mallinfo(arena+hblkhd)
        375517 MiB available memory on the node where the printing process lives
------------------
     c_bands:  1 eigenvalues not converged
     ethr =  2.78E-06,  avg # of iterations = 15.0

     negative rho (up, down):  4.821E-02 0.000E+00

     total cpu time spent up to now is     2684.4 secs

     total energy              =  -11888.30797979 Ry
     estimated scf accuracy    <       0.08559083 Ry

     iteration # 35     ecut=    71.00 Ry     beta= 0.20
     Davidson diagonalization with overlap

---- Real-time Memory Report at c_bands before calling an iterative solver
          4888 MiB given to the printing process from OS
         -1497 MiB allocation reported by mallinfo(arena+hblkhd)
        342542 MiB available memory on the node where the printing process lives
------------------
     ethr =  2.78E-06,  avg # of iterations =  3.8

     negative rho (up, down):  8.220E-02 0.000E+00

     total cpu time spent up to now is     2726.9 secs

     total energy              =  -11888.29357550 Ry
     estimated scf accuracy    <       0.05681965 Ry

     iteration # 36     ecut=    71.00 Ry     beta= 0.20
     Davidson diagonalization with overlap

---- Real-time Memory Report at c_bands before calling an iterative solver
          4888 MiB given to the printing process from OS
         -1497 MiB allocation reported by mallinfo(arena+hblkhd)
        344521 MiB available memory on the node where the printing process lives
------------------
     c_bands:  1 eigenvalues not converged
     ethr =  2.78E-06,  avg # of iterations = 15.2

     negative rho (up, down):  9.780E-02 0.000E+00

     total cpu time spent up to now is     2784.2 secs

     total energy              =  -11888.29209307 Ry
     estimated scf accuracy    <       0.01829622 Ry

     iteration # 37     ecut=    71.00 Ry     beta= 0.20
     Davidson diagonalization with overlap

---- Real-time Memory Report at c_bands before calling an iterative solver
          4888 MiB given to the printing process from OS
         -1497 MiB allocation reported by mallinfo(arena+hblkhd)
        319194 MiB available memory on the node where the printing process lives
------------------
     c_bands:  2 eigenvalues not converged
     ethr =  2.78E-06,  avg # of iterations = 16.8

     negative rho (up, down):  1.322E-01 0.000E+00

     total cpu time spent up to now is     2859.7 secs

     total energy              =  -11888.29607339 Ry
     estimated scf accuracy    <       0.00994896 Ry

     iteration # 38     ecut=    71.00 Ry     beta= 0.20
     Davidson diagonalization with overlap

---- Real-time Memory Report at c_bands before calling an iterative solver
          4888 MiB given to the printing process from OS
         -1497 MiB allocation reported by mallinfo(arena+hblkhd)
        257364 MiB available memory on the node where the printing process lives
------------------
     c_bands:  1 eigenvalues not converged
     ethr =  1.59E-06,  avg # of iterations = 20.0

     negative rho (up, down):  1.240E-01 0.000E+00

     total cpu time spent up to now is     2961.1 secs

     total energy              =  -11888.29551305 Ry
     estimated scf accuracy    <       0.00758806 Ry

     iteration # 39     ecut=    71.00 Ry     beta= 0.20
     Davidson diagonalization with overlap

---- Real-time Memory Report at c_bands before calling an iterative solver
          4888 MiB given to the printing process from OS
         -1497 MiB allocation reported by mallinfo(arena+hblkhd)
        261138 MiB available memory on the node where the printing process lives
------------------
     c_bands:  2 eigenvalues not converged
     ethr =  1.22E-06,  avg # of iterations = 16.5

     negative rho (up, down):  1.351E-01 0.000E+00

     total cpu time spent up to now is     3064.8 secs

     total energy              =  -11888.29483055 Ry
     estimated scf accuracy    <       0.00550229 Ry

     iteration # 40     ecut=    71.00 Ry     beta= 0.20
     Davidson diagonalization with overlap

---- Real-time Memory Report at c_bands before calling an iterative solver
          4888 MiB given to the printing process from OS
         -1497 MiB allocation reported by mallinfo(arena+hblkhd)
        227022 MiB available memory on the node where the printing process lives
------------------
     ethr =  8.82E-07,  avg # of iterations = 16.5

     negative rho (up, down):  1.248E-01 0.000E+00

     total cpu time spent up to now is     3150.8 secs

     total energy              =  -11888.29582517 Ry
     estimated scf accuracy    <       0.00766000 Ry

     iteration # 41     ecut=    71.00 Ry     beta= 0.20
     Davidson diagonalization with overlap

---- Real-time Memory Report at c_bands before calling an iterative solver
          4888 MiB given to the printing process from OS
         -1497 MiB allocation reported by mallinfo(arena+hblkhd)
        228658 MiB available memory on the node where the printing process lives
------------------
     ethr =  8.82E-07,  avg # of iterations =  6.8

     negative rho (up, down):  1.158E-01 0.000E+00

     total cpu time spent up to now is     3234.9 secs

     total energy              =  -11888.29191196 Ry
     estimated scf accuracy    <       0.02850183 Ry

     iteration # 42     ecut=    71.00 Ry     beta= 0.20
     Davidson diagonalization with overlap

---- Real-time Memory Report at c_bands before calling an iterative solver
          4888 MiB given to the printing process from OS
         -1497 MiB allocation reported by mallinfo(arena+hblkhd)
        270006 MiB available memory on the node where the printing process lives
------------------
     c_bands:  1 eigenvalues not converged
     ethr =  8.82E-07,  avg # of iterations = 20.0

     negative rho (up, down):  8.795E-02 0.000E+00

     total cpu time spent up to now is     3336.2 secs

     total energy              =  -11888.29095792 Ry
     estimated scf accuracy    <       0.00844289 Ry

     iteration # 43     ecut=    71.00 Ry     beta= 0.20
     Davidson diagonalization with overlap

---- Real-time Memory Report at c_bands before calling an iterative solver
          4888 MiB given to the printing process from OS
         -1497 MiB allocation reported by mallinfo(arena+hblkhd)
        280988 MiB available memory on the node where the printing process lives
------------------
     ethr =  8.82E-07,  avg # of iterations = 17.0

     negative rho (up, down):  6.098E-02 0.000E+00

     total cpu time spent up to now is     3406.5 secs

     total energy              =  -11888.29289396 Ry
     estimated scf accuracy    <       0.00146645 Ry

     iteration # 44     ecut=    71.00 Ry     beta= 0.20
     Davidson diagonalization with overlap

---- Real-time Memory Report at c_bands before calling an iterative solver
          4888 MiB given to the printing process from OS
         -1497 MiB allocation reported by mallinfo(arena+hblkhd)
        281735 MiB available memory on the node where the printing process lives
------------------
     ethr =  2.35E-07,  avg # of iterations = 11.0

     negative rho (up, down):  4.293E-02 0.000E+00

     total cpu time spent up to now is     3500.7 secs

     total energy              =  -11888.29265954 Ry
     estimated scf accuracy    <       0.00079607 Ry

     iteration # 45     ecut=    71.00 Ry     beta= 0.20
     Davidson diagonalization with overlap

---- Real-time Memory Report at c_bands before calling an iterative solver
          4888 MiB given to the printing process from OS
         -1497 MiB allocation reported by mallinfo(arena+hblkhd)
        228792 MiB available memory on the node where the printing process lives
------------------
     ethr =  1.28E-07,  avg # of iterations = 18.2

     negative rho (up, down):  3.582E-02 0.000E+00

     total cpu time spent up to now is     3632.8 secs

     total energy              =  -11888.29333204 Ry
     estimated scf accuracy    <       0.00223230 Ry

     iteration # 46     ecut=    71.00 Ry     beta= 0.20
     Davidson diagonalization with overlap

---- Real-time Memory Report at c_bands before calling an iterative solver
          4888 MiB given to the printing process from OS
         -1497 MiB allocation reported by mallinfo(arena+hblkhd)
        156685 MiB available memory on the node where the printing process lives
------------------
     ethr =  1.28E-07,  avg # of iterations =  7.0

     negative rho (up, down):  1.124E-02 0.000E+00

     total cpu time spent up to now is     3699.0 secs

     total energy              =  -11888.29220403 Ry
     estimated scf accuracy    <       0.00212243 Ry

     iteration # 47     ecut=    71.00 Ry     beta= 0.20
     Davidson diagonalization with overlap

---- Real-time Memory Report at c_bands before calling an iterative solver
          4888 MiB given to the printing process from OS
         -1497 MiB allocation reported by mallinfo(arena+hblkhd)
        134332 MiB available memory on the node where the printing process lives
------------------
     ethr =  1.28E-07,  avg # of iterations = 19.8

     negative rho (up, down):  1.204E-02 0.000E+00

     total cpu time spent up to now is     3925.2 secs

     total energy              =  -11888.29293140 Ry
     estimated scf accuracy    <       0.00054899 Ry

     iteration # 48     ecut=    71.00 Ry     beta= 0.20
     Davidson diagonalization with overlap

---- Real-time Memory Report at c_bands before calling an iterative solver
          4888 MiB given to the printing process from OS
         -1497 MiB allocation reported by mallinfo(arena+hblkhd)
        109624 MiB available memory on the node where the printing process lives
------------------
     ethr =  8.80E-08,  avg # of iterations =  9.5

     negative rho (up, down):  1.387E-02 0.000E+00

     total cpu time spent up to now is     3999.9 secs

     total energy              =  -11888.29264698 Ry
     estimated scf accuracy    <       0.00064957 Ry

     iteration # 49     ecut=    71.00 Ry     beta= 0.20
     Davidson diagonalization with overlap

---- Real-time Memory Report at c_bands before calling an iterative solver
          4888 MiB given to the printing process from OS
         -1497 MiB allocation reported by mallinfo(arena+hblkhd)
        128798 MiB available memory on the node where the printing process lives
------------------
     ethr =  8.80E-08,  avg # of iterations = 18.0

     negative rho (up, down):  8.839E-03 0.000E+00

     total cpu time spent up to now is     4149.7 secs

     total energy              =  -11888.29273909 Ry
     estimated scf accuracy    <       0.00021547 Ry

     iteration # 50     ecut=    71.00 Ry     beta= 0.20
     Davidson diagonalization with overlap

---- Real-time Memory Report at c_bands before calling an iterative solver
          4888 MiB given to the printing process from OS
         -1497 MiB allocation reported by mallinfo(arena+hblkhd)
        132176 MiB available memory on the node where the printing process lives
------------------
     ethr =  3.45E-08,  avg # of iterations =  8.0

     negative rho (up, down):  5.819E-03 0.000E+00

     total cpu time spent up to now is     4216.6 secs

     total energy              =  -11888.29266315 Ry
     estimated scf accuracy    <       0.00011035 Ry

     iteration # 51     ecut=    71.00 Ry     beta= 0.20
     Davidson diagonalization with overlap

---- Real-time Memory Report at c_bands before calling an iterative solver
          4888 MiB given to the printing process from OS
         -1497 MiB allocation reported by mallinfo(arena+hblkhd)
        207758 MiB available memory on the node where the printing process lives
------------------
     ethr =  1.77E-08,  avg # of iterations = 12.2

     negative rho (up, down):  7.221E-03 0.000E+00

     total cpu time spent up to now is     4306.7 secs

     total energy              =  -11888.29266158 Ry
     estimated scf accuracy    <       0.00024734 Ry

     iteration # 52     ecut=    71.00 Ry     beta= 0.20
     Davidson diagonalization with overlap

---- Real-time Memory Report at c_bands before calling an iterative solver
          4888 MiB given to the printing process from OS
         -1497 MiB allocation reported by mallinfo(arena+hblkhd)
        197419 MiB available memory on the node where the printing process lives
------------------
     ethr =  1.77E-08,  avg # of iterations = 15.5

     negative rho (up, down):  6.249E-03 0.000E+00

     total cpu time spent up to now is     4390.8 secs

     total energy              =  -11888.29273907 Ry
     estimated scf accuracy    <       0.00012661 Ry

     iteration # 53     ecut=    71.00 Ry     beta= 0.20
     Davidson diagonalization with overlap

---- Real-time Memory Report at c_bands before calling an iterative solver
          4888 MiB given to the printing process from OS
         -1497 MiB allocation reported by mallinfo(arena+hblkhd)
        208177 MiB available memory on the node where the printing process lives
------------------
     ethr =  1.77E-08,  avg # of iterations =  2.0

     negative rho (up, down):  6.457E-03 0.000E+00

     total cpu time spent up to now is     4446.6 secs

     total energy              =  -11888.29273427 Ry
     estimated scf accuracy    <       0.00007264 Ry

     iteration # 54     ecut=    71.00 Ry     beta= 0.20
     Davidson diagonalization with overlap

---- Real-time Memory Report at c_bands before calling an iterative solver
          4888 MiB given to the printing process from OS
         -1497 MiB allocation reported by mallinfo(arena+hblkhd)
        187115 MiB available memory on the node where the printing process lives
------------------
     ethr =  1.16E-08,  avg # of iterations =  2.0

     negative rho (up, down):  4.317E-03 0.000E+00

     total cpu time spent up to now is     4499.9 secs

     total energy              =  -11888.29270675 Ry
     estimated scf accuracy    <       0.00003995 Ry

     iteration # 55     ecut=    71.00 Ry     beta= 0.20
     Davidson diagonalization with overlap

---- Real-time Memory Report at c_bands before calling an iterative solver
          4888 MiB given to the printing process from OS
         -1497 MiB allocation reported by mallinfo(arena+hblkhd)
        182498 MiB available memory on the node where the printing process lives
------------------
     ethr =  6.40E-09,  avg # of iterations = 11.2

     negative rho (up, down):  4.687E-03 0.000E+00

     total cpu time spent up to now is     4561.6 secs

     total energy              =  -11888.29270149 Ry
     estimated scf accuracy    <       0.00003644 Ry

     iteration # 56     ecut=    71.00 Ry     beta= 0.20
     Davidson diagonalization with overlap

---- Real-time Memory Report at c_bands before calling an iterative solver
          4888 MiB given to the printing process from OS
         -1497 MiB allocation reported by mallinfo(arena+hblkhd)
        205870 MiB available memory on the node where the printing process lives
------------------
     ethr =  5.84E-09,  avg # of iterations =  9.8

     negative rho (up, down):  3.993E-03 0.000E+00

     total cpu time spent up to now is     4632.8 secs

     total energy              =  -11888.29271697 Ry
     estimated scf accuracy    <       0.00001768 Ry

     iteration # 57     ecut=    71.00 Ry     beta= 0.20
     Davidson diagonalization with overlap

---- Real-time Memory Report at c_bands before calling an iterative solver
          4888 MiB given to the printing process from OS
         -1497 MiB allocation reported by mallinfo(arena+hblkhd)
        207443 MiB available memory on the node where the printing process lives
------------------
     ethr =  2.83E-09,  avg # of iterations =  6.0

     negative rho (up, down):  2.983E-03 0.000E+00

     total cpu time spent up to now is     4717.7 secs

     total energy              =  -11888.29269233 Ry
     estimated scf accuracy    <       0.00010990 Ry

     iteration # 58     ecut=    71.00 Ry     beta= 0.20
     Davidson diagonalization with overlap

---- Real-time Memory Report at c_bands before calling an iterative solver
          4888 MiB given to the printing process from OS
         -1497 MiB allocation reported by mallinfo(arena+hblkhd)
        212798 MiB available memory on the node where the printing process lives
------------------
     ethr =  2.83E-09,  avg # of iterations =  6.0

     negative rho (up, down):  3.001E-03 0.000E+00

     total cpu time spent up to now is     4810.3 secs

     total energy              =  -11888.29270377 Ry
     estimated scf accuracy    <       0.00001581 Ry

     iteration # 59     ecut=    71.00 Ry     beta= 0.20
     Davidson diagonalization with overlap

---- Real-time Memory Report at c_bands before calling an iterative solver
          4888 MiB given to the printing process from OS
         -1497 MiB allocation reported by mallinfo(arena+hblkhd)
        237076 MiB available memory on the node where the printing process lives
------------------
     ethr =  2.53E-09,  avg # of iterations =  2.0

     negative rho (up, down):  2.809E-03 0.000E+00

     total cpu time spent up to now is     4876.0 secs

     total energy              =  -11888.29270116 Ry
     estimated scf accuracy    <       0.00000934 Ry

     iteration # 60     ecut=    71.00 Ry     beta= 0.20
     Davidson diagonalization with overlap

---- Real-time Memory Report at c_bands before calling an iterative solver
          4888 MiB given to the printing process from OS
         -1497 MiB allocation reported by mallinfo(arena+hblkhd)
        198148 MiB available memory on the node where the printing process lives
------------------
     ethr =  1.50E-09,  avg # of iterations =  5.8

     negative rho (up, down):  2.879E-03 0.000E+00

     total cpu time spent up to now is     5032.5 secs

     total energy              =  -11888.29270256 Ry
     estimated scf accuracy    <       0.00000189 Ry

     iteration # 61     ecut=    71.00 Ry     beta= 0.20
     Davidson diagonalization with overlap

---- Real-time Memory Report at c_bands before calling an iterative solver
          4888 MiB given to the printing process from OS
         -1497 MiB allocation reported by mallinfo(arena+hblkhd)
        106658 MiB available memory on the node where the printing process lives
------------------
     ethr =  3.03E-10,  avg # of iterations =  6.5

     negative rho (up, down):  2.908E-03 0.000E+00

     total cpu time spent up to now is     5143.1 secs

     total energy              =  -11888.29270320 Ry
     estimated scf accuracy    <       0.00000127 Ry

     iteration # 62     ecut=    71.00 Ry     beta= 0.20
     Davidson diagonalization with overlap

---- Real-time Memory Report at c_bands before calling an iterative solver
          4888 MiB given to the printing process from OS
         -1497 MiB allocation reported by mallinfo(arena+hblkhd)
        119249 MiB available memory on the node where the printing process lives
------------------
     ethr =  2.03E-10,  avg # of iterations =  2.0

     negative rho (up, down):  2.884E-03 0.000E+00

     total cpu time spent up to now is     5229.0 secs

     total energy              =  -11888.29270331 Ry
     estimated scf accuracy    <       0.00000135 Ry

     iteration # 63     ecut=    71.00 Ry     beta= 0.20
     Davidson diagonalization with overlap

---- Real-time Memory Report at c_bands before calling an iterative solver
          4888 MiB given to the printing process from OS
         -1497 MiB allocation reported by mallinfo(arena+hblkhd)
        100147 MiB available memory on the node where the printing process lives
------------------
     ethr =  2.03E-10,  avg # of iterations =  2.0

     negative rho (up, down):  2.774E-03 0.000E+00

     total cpu time spent up to now is     5304.7 secs

     total energy              =  -11888.29270344 Ry
     estimated scf accuracy    <       0.00000103 Ry

     iteration # 64     ecut=    71.00 Ry     beta= 0.20
     Davidson diagonalization with overlap

---- Real-time Memory Report at c_bands before calling an iterative solver
          4888 MiB given to the printing process from OS
         -1497 MiB allocation reported by mallinfo(arena+hblkhd)
        106784 MiB available memory on the node where the printing process lives
------------------
     ethr =  1.65E-10,  avg # of iterations =  5.2

     negative rho (up, down):  2.407E-03 0.000E+00

     total cpu time spent up to now is     5386.5 secs

     total energy              =  -11888.29270251 Ry
     estimated scf accuracy    <       0.00000137 Ry

     iteration # 65     ecut=    71.00 Ry     beta= 0.20
     Davidson diagonalization with overlap

---- Real-time Memory Report at c_bands before calling an iterative solver
          4888 MiB given to the printing process from OS
         -1497 MiB allocation reported by mallinfo(arena+hblkhd)
        116971 MiB available memory on the node where the printing process lives
------------------
     ethr =  1.65E-10,  avg # of iterations =  4.5

     negative rho (up, down):  2.312E-03 0.000E+00

     total cpu time spent up to now is     5461.0 secs

     total energy              =  -11888.29270293 Ry
     estimated scf accuracy    <       0.00000067 Ry

     iteration # 66     ecut=    71.00 Ry     beta= 0.20
     Davidson diagonalization with overlap

---- Real-time Memory Report at c_bands before calling an iterative solver
          4888 MiB given to the printing process from OS
         -1497 MiB allocation reported by mallinfo(arena+hblkhd)
        156108 MiB available memory on the node where the printing process lives
------------------
     ethr =  1.07E-10,  avg # of iterations =  8.5

     negative rho (up, down):  2.265E-03 0.000E+00

     total cpu time spent up to now is     5542.3 secs

     total energy              =  -11888.29270328 Ry
     estimated scf accuracy    <       0.00000018 Ry

     iteration # 67     ecut=    71.00 Ry     beta= 0.20
     Davidson diagonalization with overlap

---- Real-time Memory Report at c_bands before calling an iterative solver
          4888 MiB given to the printing process from OS
         -1497 MiB allocation reported by mallinfo(arena+hblkhd)
        124986 MiB available memory on the node where the printing process lives
------------------
     ethr =  2.88E-11,  avg # of iterations =  5.5

     negative rho (up, down):  2.213E-03 0.000E+00

     total cpu time spent up to now is     5631.2 secs

     total energy              =  -11888.29270335 Ry
     estimated scf accuracy    <       0.00000037 Ry

     iteration # 68     ecut=    71.00 Ry     beta= 0.20
     Davidson diagonalization with overlap

---- Real-time Memory Report at c_bands before calling an iterative solver
          4888 MiB given to the printing process from OS
         -1497 MiB allocation reported by mallinfo(arena+hblkhd)
        109823 MiB available memory on the node where the printing process lives
------------------
     ethr =  2.88E-11,  avg # of iterations =  6.0

     negative rho (up, down):  2.225E-03 0.000E+00

     total cpu time spent up to now is     5755.6 secs

     total energy              =  -11888.29270347 Ry
     estimated scf accuracy    <       0.00000027 Ry

     iteration # 69     ecut=    71.00 Ry     beta= 0.20
     Davidson diagonalization with overlap

---- Real-time Memory Report at c_bands before calling an iterative solver
          4888 MiB given to the printing process from OS
         -1497 MiB allocation reported by mallinfo(arena+hblkhd)
        109276 MiB available memory on the node where the printing process lives
------------------
     ethr =  2.88E-11,  avg # of iterations =  3.5

     negative rho (up, down):  2.216E-03 0.000E+00

     total cpu time spent up to now is     5822.8 secs

     total energy              =  -11888.29270345 Ry
     estimated scf accuracy    <       0.00000004 Ry

     iteration # 70     ecut=    71.00 Ry     beta= 0.20
     Davidson diagonalization with overlap

---- Real-time Memory Report at c_bands before calling an iterative solver
          4888 MiB given to the printing process from OS
         -1497 MiB allocation reported by mallinfo(arena+hblkhd)
        112008 MiB available memory on the node where the printing process lives
------------------
     c_bands:  1 eigenvalues not converged
     ethr =  7.20E-12,  avg # of iterations =  9.8

     negative rho (up, down):  2.202E-03 0.000E+00

     total cpu time spent up to now is     5917.3 secs

     total energy              =  -11888.29270349 Ry
     estimated scf accuracy    <       0.00000012 Ry

     iteration # 71     ecut=    71.00 Ry     beta= 0.20
     Davidson diagonalization with overlap

---- Real-time Memory Report at c_bands before calling an iterative solver
          4888 MiB given to the printing process from OS
         -1497 MiB allocation reported by mallinfo(arena+hblkhd)
        156814 MiB available memory on the node where the printing process lives
------------------
     ethr =  7.20E-12,  avg # of iterations =  4.5

     negative rho (up, down):  2.200E-03 0.000E+00

     total cpu time spent up to now is     5975.8 secs

     total energy              =  -11888.29270348 Ry
     estimated scf accuracy    <       0.00000003 Ry

     iteration # 72     ecut=    71.00 Ry     beta= 0.20
     Davidson diagonalization with overlap

---- Real-time Memory Report at c_bands before calling an iterative solver
          4888 MiB given to the printing process from OS
         -1497 MiB allocation reported by mallinfo(arena+hblkhd)
        143857 MiB available memory on the node where the printing process lives
------------------
     ethr =  5.21E-12,  avg # of iterations =  5.8

     negative rho (up, down):  2.185E-03 0.000E+00

     total cpu time spent up to now is     6059.3 secs

     total energy              =  -11888.29270345 Ry
     estimated scf accuracy    <       0.00000003 Ry

     iteration # 73     ecut=    71.00 Ry     beta= 0.20
     Davidson diagonalization with overlap

---- Real-time Memory Report at c_bands before calling an iterative solver
          4888 MiB given to the printing process from OS
         -1497 MiB allocation reported by mallinfo(arena+hblkhd)
        174932 MiB available memory on the node where the printing process lives
------------------
     ethr =  4.58E-12,  avg # of iterations =  2.0

     negative rho (up, down):  2.184E-03 0.000E+00

     total cpu time spent up to now is     6137.1 secs

     total energy              =  -11888.29270344 Ry
     estimated scf accuracy    <          4.9E-09 Ry

     iteration # 74     ecut=    71.00 Ry     beta= 0.20
     Davidson diagonalization with overlap

---- Real-time Memory Report at c_bands before calling an iterative solver
          4888 MiB given to the printing process from OS
         -1497 MiB allocation reported by mallinfo(arena+hblkhd)
        140870 MiB available memory on the node where the printing process lives
------------------
     ethr =  7.79E-13,  avg # of iterations =  5.0

     negative rho (up, down):  2.189E-03 0.000E+00

     total cpu time spent up to now is     6229.4 secs

     total energy              =  -11888.29270346 Ry
     estimated scf accuracy    <          2.9E-09 Ry

     iteration # 75     ecut=    71.00 Ry     beta= 0.20
     Davidson diagonalization with overlap

---- Real-time Memory Report at c_bands before calling an iterative solver
          4888 MiB given to the printing process from OS
         -1497 MiB allocation reported by mallinfo(arena+hblkhd)
        129999 MiB available memory on the node where the printing process lives
------------------
     ethr =  4.70E-13,  avg # of iterations =  3.8

     negative rho (up, down):  2.190E-03 0.000E+00

     total cpu time spent up to now is     6285.3 secs

     total energy              =  -11888.29270347 Ry
     estimated scf accuracy    <          3.5E-09 Ry

     iteration # 76     ecut=    71.00 Ry     beta= 0.20
     Davidson diagonalization with overlap

---- Real-time Memory Report at c_bands before calling an iterative solver
          4888 MiB given to the printing process from OS
         -1497 MiB allocation reported by mallinfo(arena+hblkhd)
        131006 MiB available memory on the node where the printing process lives
------------------
     ethr =  4.70E-13,  avg # of iterations =  3.0

     negative rho (up, down):  2.187E-03 0.000E+00

     total cpu time spent up to now is     6352.8 secs

     total energy              =  -11888.29270348 Ry
     estimated scf accuracy    <          2.4E-09 Ry

     iteration # 77     ecut=    71.00 Ry     beta= 0.20
     Davidson diagonalization with overlap

---- Real-time Memory Report at c_bands before calling an iterative solver
          4888 MiB given to the printing process from OS
         -1497 MiB allocation reported by mallinfo(arena+hblkhd)
        119141 MiB available memory on the node where the printing process lives
------------------
     ethr =  3.85E-13,  avg # of iterations =  5.2

     negative rho (up, down):  2.184E-03 0.000E+00

     total cpu time spent up to now is     6407.3 secs

     End of self-consistent calculation

          k = 0.0000 0.0000 0.0000 (324875 PWs)   bands (ev):

   -20.2752 -20.2397 -20.1088 -20.1071 -20.0643 -20.0628 -20.0531 -20.0500
   -19.9515 -19.9506 -19.9123 -19.9000 -19.8636 -19.8577 -19.8205 -19.8194
   -19.7439 -19.7043 -19.7037 -19.6422 -19.6414 -19.6412 -19.6376 -19.6045
   -19.5907 -19.5702 -19.4992 -19.4933 -19.4812 -19.4695 -19.4532 -19.2915
   -19.2751 -19.2746 -19.2562 -19.2423 -19.2421 -19.2076 -19.1956 -19.1748
   -19.1264 -19.1262 -19.0765 -19.0607 -19.0561 -19.0542 -19.0338 -18.9256
   -15.0062 -15.0009 -14.9774 -14.9760 -14.9757 -14.9625 -14.9515 -14.9368
   -14.9277 -14.9265 -14.9228 -14.9176 -14.9153 -14.9145 -14.9097 -14.9029
   -14.8993 -14.8941 -14.8830 -14.8768 -14.8705 -14.8670 -14.8542 -14.8534
   -14.8533 -14.8460 -14.8427 -14.8372 -14.8342 -14.8334 -14.8268 -14.8207
   -14.8156 -14.8154 -14.8110 -14.8086 -14.8011 -14.7900 -14.7769 -14.7572
   -14.7548 -14.7473 -14.7443 -14.7343 -14.7300 -14.7280 -14.7252 -14.7190
   -14.7188 -14.7160 -14.7127 -14.7048 -14.6950 -14.6916 -14.6887 -14.6868
   -14.6830 -14.6777 -14.6675 -14.6644 -14.6596 -14.6549 -14.6539 -14.6512
   -14.6468 -14.6460 -14.6380 -14.6339 -14.6325 -14.6323 -14.6310 -14.6295
   -14.6279 -14.6224 -14.6172 -14.6110 -14.6100 -14.5996 -14.5987 -14.5985
   -14.5923 -14.5907 -14.5881 -14.5763 -14.5742 -14.5694 -14.5675 -14.5661
   -14.5608 -14.5588 -14.5521 -14.5520 -14.5485 -14.5424 -14.5380 -14.5338
   -14.5208 -14.5187 -14.4984 -14.4865 -14.4748 -14.4744 -14.4240 -14.3943
   -14.3177 -14.3002 -14.2981 -14.2264 -14.1899 -14.1689 -14.1147 -14.1086
   -14.0646 -14.0069 -13.9545 -13.9445 -13.9221 -13.8507 -13.8238 -13.7609
    -8.5803  -8.4176  -8.3943  -8.3326  -8.3298  -8.3201  -8.3156  -8.1966
    -8.0960  -8.0542  -8.0144  -7.9577  -7.9397  -7.8235  -7.7988  -7.7525
    -7.6853  -7.5508  -7.5186  -7.4159  -7.4064  -7.3997  -7.3743  -7.2936
    -7.2161  -6.9983  -6.9825  -6.9637  -6.9567  -6.9531  -6.8500  -6.7322
    -6.7023  -6.4505  -6.2185  -6.1812  -6.1403  -6.1231  -5.9463  -5.9300
    -5.9208  -5.8079  -5.7801  -5.7608  -5.7306  -5.7277  -5.7122  -5.6920
    -5.6402  -5.4207  -5.4088  -5.3184  -5.2553  -5.2422  -5.2130  -5.1827
    -5.1807  -5.1621  -5.0515  -5.0044  -4.9947  -4.8714  -4.7747  -4.7443
    -4.7322  -4.4894  -4.4675  -4.4478  -4.4326  -4.4054  -4.3934  -4.3345
    -4.3079  -4.2968  -4.2859  -4.2797  -4.2257  -4.2104  -4.1698  -4.1331
    -4.1005  -4.0746  -4.0684  -4.0468  -3.9993  -3.9946  -3.9740  -3.9711
    -3.8646  -3.8237  -3.8174  -3.7457  -3.7014  -3.6632  -3.6563  -3.6447
    -3.5761  -3.5591  -3.5472  -3.4949  -3.4870  -3.4243  -3.3229  -3.3074
    -3.2933  -3.2175  -3.1486  -3.1403  -3.1389  -3.0860  -3.0828  -3.0568
    -3.0542  -3.0154  -2.9988  -2.9962  -2.9707  -2.9569  -2.9184  -2.8861
    -2.8773  -2.8123  -2.8094  -2.7975  -2.7726  -2.7722  -2.7100  -2.6897
    -2.5963  -2.5272  -2.5141  -2.5076  -2.3857  -2.3729  -2.3105  -2.3047
    -2.2689  -2.2682  -2.0843  -2.0768  -2.0737  -2.0734  -2.0272  -2.0262
    -1.0109   0.5569   1.4223   1.5223   1.5226   1.5366   1.5447   1.9799
     2.2065   2.2140   2.2361   2.2503   2.2539   2.3628   2.4918   2.6199

     occupation numbers 
     1.0000   1.0000   1.0000   1.0000   1.0000   1.0000   1.0000   1.0000
     1.0000   1.0000   1.0000   1.0000   1.0000   1.0000   1.0000   1.0000
     1.0000   1.0000   1.0000   1.0000   1.0000   1.0000   1.0000   1.0000
     1.0000   1.0000   1.0000   1.0000   1.0000   1.0000   1.0000   1.0000
     1.0000   1.0000   1.0000   1.0000   1.0000   1.0000   1.0000   1.0000
     1.0000   1.0000   1.0000   1.0000   1.0000   1.0000   1.0000   1.0000
     1.0000   1.0000   1.0000   1.0000   1.0000   1.0000   1.0000   1.0000
     1.0000   1.0000   1.0000   1.0000   1.0000   1.0000   1.0000   1.0000
     1.0000   1.0000   1.0000   1.0000   1.0000   1.0000   1.0000   1.0000
     1.0000   1.0000   1.0000   1.0000   1.0000   1.0000   1.0000   1.0000
     1.0000   1.0000   1.0000   1.0000   1.0000   1.0000   1.0000   1.0000
     1.0000   1.0000   1.0000   1.0000   1.0000   1.0000   1.0000   1.0000
     1.0000   1.0000   1.0000   1.0000   1.0000   1.0000   1.0000   1.0000
     1.0000   1.0000   1.0000   1.0000   1.0000   1.0000   1.0000   1.0000
     1.0000   1.0000   1.0000   1.0000   1.0000   1.0000   1.0000   1.0000
     1.0000   1.0000   1.0000   1.0000   1.0000   1.0000   1.0000   1.0000
     1.0000   1.0000   1.0000   1.0000   1.0000   1.0000   1.0000   1.0000
     1.0000   1.0000   1.0000   1.0000   1.0000   1.0000   1.0000   1.0000
     1.0000   1.0000   1.0000   1.0000   1.0000   1.0000   1.0000   1.0000
     1.0000   1.0000   1.0000   1.0000   1.0000   1.0000   1.0000   1.0000
     1.0000   1.0000   1.0000   1.0000   1.0000   1.0000   1.0000   1.0000
     1.0000   1.0000   1.0000   1.0000   1.0000   1.0000   1.0000   1.0000
     1.0000   1.0000   1.0000   1.0000   1.0000   1.0000   1.0000   1.0000
     1.0000   1.0000   1.0000   1.0000   1.0000   1.0000   1.0000   1.0000
     1.0000   1.0000   1.0000   1.0000   1.0000   1.0000   1.0000   1.0000
     1.0000   1.0000   1.0000   1.0000   1.0000   1.0000   1.0000   1.0000
     1.0000   1.0000   1.0000   1.0000   1.0000   1.0000   1.0000   1.0000
     1.0000   1.0000   1.0000   1.0000   1.0000   1.0000   1.0000   1.0000
     1.0000   1.0000   1.0000   1.0000   1.0000   1.0000   1.0000   1.0000
     1.0000   1.0000   1.0000   1.0000   1.0000   1.0000   1.0000   1.0000
     1.0000   1.0000   1.0000   1.0000   1.0000   1.0000   1.0000   1.0000
     1.0000   1.0000   1.0000   1.0000   1.0000   1.0000   1.0000   1.0000
     1.0000   1.0000   1.0000   1.0000   1.0000   1.0000   1.0000   1.0000
     1.0000   1.0000   1.0000   1.0000   1.0000   1.0000   1.0000   1.0000
     1.0000   1.0000   1.0000   1.0000   1.0000   1.0000   1.0000   1.0000
     1.0000   1.0000   1.0000   1.0000   1.0000   1.0000   1.0000   1.0000
     1.0000   1.0000   1.0000   1.0000   1.0000   1.0000   1.0000   1.0000
     1.0000   1.0000   1.0000   1.0000   1.0000   1.0000   1.0000   1.0000
     1.0000   1.0000   1.0000   1.0000   1.0000   1.0000   1.0000   1.0000
     0.0000   0.0000   0.0000   0.0000   0.0000   0.0000   0.0000   0.0000
     0.0000   0.0000   0.0000   0.0000   0.0000   0.0000   0.0000   0.0000

          k = 0.0000 0.3333 0.0000 (324936 PWs)   bands (ev):

   -20.2429 -20.2148 -20.1660 -20.1542 -20.0479 -20.0464 -20.0462 -20.0460
   -19.9558 -19.9516 -19.9381 -19.9286 -19.8299 -19.8262 -19.8053 -19.8051
   -19.7267 -19.7123 -19.7067 -19.6712 -19.6708 -19.6708 -19.6247 -19.6075
   -19.6027 -19.5997 -19.4829 -19.4719 -19.4669 -19.4604 -19.3770 -19.2857
   -19.2766 -19.2756 -19.2683 -19.2603 -19.2354 -19.2082 -19.2005 -19.1968
   -19.1272 -19.1269 -19.0902 -19.0837 -19.0594 -19.0563 -18.9832 -18.9411
   -14.9930 -14.9925 -14.9869 -14.9731 -14.9728 -14.9702 -14.9547 -14.9444
   -14.9394 -14.9305 -14.9260 -14.9213 -14.9175 -14.9120 -14.9101 -14.9050
   -14.8932 -14.8884 -14.8794 -14.8733 -14.8727 -14.8711 -14.8641 -14.8628
   -14.8472 -14.8394 -14.8384 -14.8314 -14.8216 -14.8210 -14.8187 -14.8179
   -14.8152 -14.8113 -14.8063 -14.8026 -14.7875 -14.7806 -14.7638 -14.7580
   -14.7551 -14.7501 -14.7480 -14.7456 -14.7347 -14.7338 -14.7305 -14.7193
   -14.7149 -14.7138 -14.7125 -14.7122 -14.7103 -14.6991 -14.6983 -14.6911
   -14.6877 -14.6862 -14.6823 -14.6775 -14.6668 -14.6657 -14.6648 -14.6598
   -14.6515 -14.6473 -14.6434 -14.6396 -14.6315 -14.6259 -14.6225 -14.6169
   -14.6141 -14.6082 -14.6078 -14.6064 -14.6037 -14.6005 -14.5950 -14.5943
   -14.5929 -14.5853 -14.5846 -14.5811 -14.5728 -14.5728 -14.5704 -14.5686
   -14.5607 -14.5587 -14.5542 -14.5504 -14.5487 -14.5463 -14.5431 -14.5414
   -14.5379 -14.5194 -14.5097 -14.4754 -14.4643 -14.4342 -14.4273 -14.4198
   -14.3544 -14.2615 -14.2409 -14.1975 -14.1903 -14.1537 -14.1355 -14.0923
   -14.0578 -14.0311 -14.0168 -14.0105 -13.8442 -13.8361 -13.8255 -13.7826
    -8.5485  -8.4555  -8.3955  -8.3538  -8.3532  -8.3085  -8.2355  -8.2284
    -8.1493  -8.1119  -7.9841  -7.9632  -7.8276  -7.8232  -7.7973  -7.6778
    -7.6281  -7.6128  -7.5447  -7.4526  -7.4354  -7.4236  -7.3916  -7.3613
    -7.1529  -7.0547  -6.9418  -6.9373  -6.9206  -6.9094  -6.7921  -6.6661
    -6.6516  -6.4964  -6.4697  -6.4428  -6.1684  -6.0891  -6.0673  -5.9584
    -5.9078  -5.8276  -5.7529  -5.7529  -5.7236  -5.7144  -5.5849  -5.5168
    -5.4466  -5.4205  -5.4193  -5.2809  -5.2431  -5.2389  -5.2083  -5.0447
    -5.0225  -4.9953  -4.9441  -4.9183  -4.9057  -4.8694  -4.8604  -4.8325
    -4.7644  -4.7289  -4.5722  -4.5418  -4.5317  -4.5299  -4.4545  -4.4284
    -4.4225  -4.3704  -4.3666  -4.3598  -4.2252  -4.1975  -4.1838  -4.1488
    -4.1224  -4.1068  -4.0672  -4.0165  -3.9569  -3.9279  -3.8784  -3.8762
    -3.8437  -3.8142  -3.8072  -3.7143  -3.6789  -3.6536  -3.6294  -3.6152
    -3.5399  -3.4530  -3.3789  -3.3701  -3.3250  -3.3177  -3.3144  -3.3069
    -3.2527  -3.2467  -3.1928  -3.1808  -3.1803  -3.1667  -3.0857  -3.0685
    -3.0461  -3.0277  -3.0230  -3.0061  -3.0042  -2.9638  -2.9595  -2.9502
    -2.9171  -2.8531  -2.8475  -2.8425  -2.7976  -2.7971  -2.7842  -2.7479
    -2.5961  -2.5957  -2.5568  -2.5472  -2.3732  -2.3731  -2.3591  -2.3441
    -2.1857  -2.1832  -2.1638  -2.1615  -2.0657  -2.0542  -2.0199  -2.0123
    -0.4828   0.5022   0.8226   1.4412   1.5867   1.7344   1.7383   2.0139
     2.1165   2.1653   2.2105   2.3561   2.3713   2.5194   2.5523   2.5602

     occupation numbers 
     1.0000   1.0000   1.0000   1.0000   1.0000   1.0000   1.0000   1.0000
     1.0000   1.0000   1.0000   1.0000   1.0000   1.0000   1.0000   1.0000
     1.0000   1.0000   1.0000   1.0000   1.0000   1.0000   1.0000   1.0000
     1.0000   1.0000   1.0000   1.0000   1.0000   1.0000   1.0000   1.0000
     1.0000   1.0000   1.0000   1.0000   1.0000   1.0000   1.0000   1.0000
     1.0000   1.0000   1.0000   1.0000   1.0000   1.0000   1.0000   1.0000
     1.0000   1.0000   1.0000   1.0000   1.0000   1.0000   1.0000   1.0000
     1.0000   1.0000   1.0000   1.0000   1.0000   1.0000   1.0000   1.0000
     1.0000   1.0000   1.0000   1.0000   1.0000   1.0000   1.0000   1.0000
     1.0000   1.0000   1.0000   1.0000   1.0000   1.0000   1.0000   1.0000
     1.0000   1.0000   1.0000   1.0000   1.0000   1.0000   1.0000   1.0000
     1.0000   1.0000   1.0000   1.0000   1.0000   1.0000   1.0000   1.0000
     1.0000   1.0000   1.0000   1.0000   1.0000   1.0000   1.0000   1.0000
     1.0000   1.0000   1.0000   1.0000   1.0000   1.0000   1.0000   1.0000
     1.0000   1.0000   1.0000   1.0000   1.0000   1.0000   1.0000   1.0000
     1.0000   1.0000   1.0000   1.0000   1.0000   1.0000   1.0000   1.0000
     1.0000   1.0000   1.0000   1.0000   1.0000   1.0000   1.0000   1.0000
     1.0000   1.0000   1.0000   1.0000   1.0000   1.0000   1.0000   1.0000
     1.0000   1.0000   1.0000   1.0000   1.0000   1.0000   1.0000   1.0000
     1.0000   1.0000   1.0000   1.0000   1.0000   1.0000   1.0000   1.0000
     1.0000   1.0000   1.0000   1.0000   1.0000   1.0000   1.0000   1.0000
     1.0000   1.0000   1.0000   1.0000   1.0000   1.0000   1.0000   1.0000
     1.0000   1.0000   1.0000   1.0000   1.0000   1.0000   1.0000   1.0000
     1.0000   1.0000   1.0000   1.0000   1.0000   1.0000   1.0000   1.0000
     1.0000   1.0000   1.0000   1.0000   1.0000   1.0000   1.0000   1.0000
     1.0000   1.0000   1.0000   1.0000   1.0000   1.0000   1.0000   1.0000
     1.0000   1.0000   1.0000   1.0000   1.0000   1.0000   1.0000   1.0000
     1.0000   1.0000   1.0000   1.0000   1.0000   1.0000   1.0000   1.0000
     1.0000   1.0000   1.0000   1.0000   1.0000   1.0000   1.0000   1.0000
     1.0000   1.0000   1.0000   1.0000   1.0000   1.0000   1.0000   1.0000
     1.0000   1.0000   1.0000   1.0000   1.0000   1.0000   1.0000   1.0000
     1.0000   1.0000   1.0000   1.0000   1.0000   1.0000   1.0000   1.0000
     1.0000   1.0000   1.0000   1.0000   1.0000   1.0000   1.0000   1.0000
     1.0000   1.0000   1.0000   1.0000   1.0000   1.0000   1.0000   1.0000
     1.0000   1.0000   1.0000   1.0000   1.0000   1.0000   1.0000   1.0000
     1.0000   1.0000   1.0000   1.0000   1.0000   1.0000   1.0000   1.0000
     1.0000   1.0000   1.0000   1.0000   1.0000   1.0000   1.0000   1.0000
     1.0000   1.0000   1.0000   1.0000   1.0000   1.0000   1.0000   1.0000
     1.0000   1.0000   1.0000   1.0000   1.0000   1.0000   1.0000   1.0000
     0.0000   0.0000   0.0000   0.0000   0.0000   0.0000   0.0000   0.0000
     0.0000   0.0000   0.0000   0.0000   0.0000   0.0000   0.0000   0.0000

          k = 0.3333 0.3333 0.0000 (324991 PWs)   bands (ev):

   -20.2147 -20.1936 -20.1609 -20.1602 -20.0912 -20.0902 -20.0725 -20.0709
   -19.9092 -19.9088 -19.9073 -19.9023 -19.8419 -19.8377 -19.8247 -19.8241
   -19.7147 -19.7088 -19.6946 -19.6925 -19.6767 -19.6434 -19.6351 -19.6212
   -19.5997 -19.5816 -19.5711 -19.5359 -19.4057 -19.3810 -19.3531 -19.3026
   -19.2787 -19.2687 -19.2555 -19.2317 -19.2301 -19.2216 -19.1867 -19.1695
   -19.1621 -19.1606 -19.1392 -19.1228 -19.0253 -19.0020 -18.9941 -18.9561
   -14.9958 -14.9854 -14.9823 -14.9799 -14.9705 -14.9642 -14.9551 -14.9526
   -14.9524 -14.9408 -14.9206 -14.9182 -14.9120 -14.9055 -14.9010 -14.8996
   -14.8945 -14.8907 -14.8871 -14.8853 -14.8752 -14.8671 -14.8608 -14.8570
   -14.8515 -14.8493 -14.8416 -14.8411 -14.8291 -14.8257 -14.8256 -14.8153
   -14.8083 -14.8023 -14.7959 -14.7953 -14.7817 -14.7745 -14.7712 -14.7655
   -14.7611 -14.7583 -14.7472 -14.7401 -14.7347 -14.7318 -14.7307 -14.7235
   -14.7165 -14.7153 -14.7107 -14.7070 -14.7051 -14.7000 -14.6985 -14.6972
   -14.6948 -14.6897 -14.6806 -14.6799 -14.6791 -14.6606 -14.6574 -14.6537
   -14.6427 -14.6375 -14.6342 -14.6322 -14.6310 -14.6277 -14.6229 -14.6220
   -14.6177 -14.6102 -14.6087 -14.6056 -14.6035 -14.5957 -14.5928 -14.5870
   -14.5837 -14.5836 -14.5814 -14.5780 -14.5749 -14.5727 -14.5644 -14.5641
   -14.5606 -14.5569 -14.5517 -14.5516 -14.5461 -14.5437 -14.5411 -14.5399
   -14.5222 -14.5137 -14.5123 -14.4986 -14.4531 -14.4324 -14.4281 -14.3944
   -14.3819 -14.3366 -14.2843 -14.2765 -14.1529 -14.1487 -14.1103 -14.1063
   -14.0132 -13.9876 -13.9554 -13.9281 -13.8927 -13.8641 -13.8442 -13.8326
    -8.5249  -8.4546  -8.4390  -8.4049  -8.3083  -8.2736  -8.2657  -8.2338
    -8.0766  -8.0672  -7.9735  -7.9702  -7.8351  -7.8136  -7.7230  -7.7163
    -7.6469  -7.5673  -7.5014  -7.4930  -7.4900  -7.4702  -7.4447  -7.4062
    -7.1920  -7.1612  -7.0713  -7.0333  -6.7467  -6.7317  -6.7006  -6.6898
    -6.5760  -6.5407  -6.4347  -6.3878  -6.3278  -6.2882  -6.1471  -6.1350
    -5.7683  -5.7640  -5.7064  -5.6989  -5.6251  -5.5962  -5.5753  -5.5634
    -5.3675  -5.3347  -5.2639  -5.2335  -5.2044  -5.1973  -5.1625  -5.1112
    -5.0799  -5.0250  -4.9938  -4.9301  -4.9185  -4.8803  -4.8633  -4.8068
    -4.7791  -4.7043  -4.6962  -4.6140  -4.5512  -4.5477  -4.5115  -4.4187
    -4.4048  -4.3750  -4.3385  -4.3214  -4.2742  -4.2521  -4.1752  -4.1442
    -4.0806  -4.0669  -4.0420  -3.9997  -3.9960  -3.9543  -3.9040  -3.8455
    -3.8069  -3.7709  -3.7354  -3.6930  -3.6690  -3.6626  -3.6565  -3.5479
    -3.5156  -3.4642  -3.4620  -3.4380  -3.4353  -3.3764  -3.3519  -3.2725
    -3.2544  -3.2292  -3.2097  -3.1873  -3.1843  -3.1505  -3.1297  -3.1240
    -3.1014  -3.0461  -3.0445  -3.0197  -2.9699  -2.9658  -2.9384  -2.9122
    -2.9117  -2.8991  -2.8152  -2.8079  -2.7762  -2.7643  -2.7452  -2.7286
    -2.5761  -2.5675  -2.5130  -2.5121  -2.4933  -2.4911  -2.3543  -2.3348
    -2.2792  -2.2772  -2.2150  -2.2129  -2.0029  -1.9985  -1.9710  -1.9695
    -0.0745   0.7816   0.7820   1.0489   1.4374   1.6089   1.6115   1.7330
     2.0987   2.2257   2.2376   2.2868   2.5295   2.5671   2.6665   2.6778

     occupation numbers 
     1.0000   1.0000   1.0000   1.0000   1.0000   1.0000   1.0000   1.0000
     1.0000   1.0000   1.0000   1.0000   1.0000   1.0000   1.0000   1.0000
     1.0000   1.0000   1.0000   1.0000   1.0000   1.0000   1.0000   1.0000
     1.0000   1.0000   1.0000   1.0000   1.0000   1.0000   1.0000   1.0000
     1.0000   1.0000   1.0000   1.0000   1.0000   1.0000   1.0000   1.0000
     1.0000   1.0000   1.0000   1.0000   1.0000   1.0000   1.0000   1.0000
     1.0000   1.0000   1.0000   1.0000   1.0000   1.0000   1.0000   1.0000
     1.0000   1.0000   1.0000   1.0000   1.0000   1.0000   1.0000   1.0000
     1.0000   1.0000   1.0000   1.0000   1.0000   1.0000   1.0000   1.0000
     1.0000   1.0000   1.0000   1.0000   1.0000   1.0000   1.0000   1.0000
     1.0000   1.0000   1.0000   1.0000   1.0000   1.0000   1.0000   1.0000
     1.0000   1.0000   1.0000   1.0000   1.0000   1.0000   1.0000   1.0000
     1.0000   1.0000   1.0000   1.0000   1.0000   1.0000   1.0000   1.0000
     1.0000   1.0000   1.0000   1.0000   1.0000   1.0000   1.0000   1.0000
     1.0000   1.0000   1.0000   1.0000   1.0000   1.0000   1.0000   1.0000
     1.0000   1.0000   1.0000   1.0000   1.0000   1.0000   1.0000   1.0000
     1.0000   1.0000   1.0000   1.0000   1.0000   1.0000   1.0000   1.0000
     1.0000   1.0000   1.0000   1.0000   1.0000   1.0000   1.0000   1.0000
     1.0000   1.0000   1.0000   1.0000   1.0000   1.0000   1.0000   1.0000
     1.0000   1.0000   1.0000   1.0000   1.0000   1.0000   1.0000   1.0000
     1.0000   1.0000   1.0000   1.0000   1.0000   1.0000   1.0000   1.0000
     1.0000   1.0000   1.0000   1.0000   1.0000   1.0000   1.0000   1.0000
     1.0000   1.0000   1.0000   1.0000   1.0000   1.0000   1.0000   1.0000
     1.0000   1.0000   1.0000   1.0000   1.0000   1.0000   1.0000   1.0000
     1.0000   1.0000   1.0000   1.0000   1.0000   1.0000   1.0000   1.0000
     1.0000   1.0000   1.0000   1.0000   1.0000   1.0000   1.0000   1.0000
     1.0000   1.0000   1.0000   1.0000   1.0000   1.0000   1.0000   1.0000
     1.0000   1.0000   1.0000   1.0000   1.0000   1.0000   1.0000   1.0000
     1.0000   1.0000   1.0000   1.0000   1.0000   1.0000   1.0000   1.0000
     1.0000   1.0000   1.0000   1.0000   1.0000   1.0000   1.0000   1.0000
     1.0000   1.0000   1.0000   1.0000   1.0000   1.0000   1.0000   1.0000
     1.0000   1.0000   1.0000   1.0000   1.0000   1.0000   1.0000   1.0000
     1.0000   1.0000   1.0000   1.0000   1.0000   1.0000   1.0000   1.0000
     1.0000   1.0000   1.0000   1.0000   1.0000   1.0000   1.0000   1.0000
     1.0000   1.0000   1.0000   1.0000   1.0000   1.0000   1.0000   1.0000
     1.0000   1.0000   1.0000   1.0000   1.0000   1.0000   1.0000   1.0000
     1.0000   1.0000   1.0000   1.0000   1.0000   1.0000   1.0000   1.0000
     1.0000   1.0000   1.0000   1.0000   1.0000   1.0000   1.0000   1.0000
     1.0000   1.0000   1.0000   1.0000   1.0000   1.0000   1.0000   1.0000
     0.0000   0.0000   0.0000   0.0000   0.0000   0.0000   0.0000   0.0000
     0.0000   0.0000   0.0000   0.0000   0.0000   0.0000   0.0000   0.0000

          k = 0.3333 0.0000 0.0000 (324936 PWs)   bands (ev):

   -20.2420 -20.2137 -20.1611 -20.1495 -20.0645 -20.0636 -20.0633 -20.0630
   -19.9049 -19.8998 -19.8961 -19.8911 -19.8792 -19.8713 -19.8394 -19.8390
   -19.7163 -19.6981 -19.6889 -19.6729 -19.6622 -19.6425 -19.6243 -19.6112
   -19.6018 -19.5983 -19.5473 -19.5128 -19.4623 -19.4513 -19.3413 -19.2905
   -19.2751 -19.2685 -19.2671 -19.2259 -19.2178 -19.2079 -19.1960 -19.1593
   -19.1575 -19.1493 -19.1471 -19.0992 -19.0339 -19.0315 -18.9915 -18.9414
   -14.9927 -14.9858 -14.9845 -14.9739 -14.9599 -14.9594 -14.9537 -14.9519
   -14.9489 -14.9468 -14.9392 -14.9257 -14.9169 -14.9069 -14.9030 -14.9009
   -14.8950 -14.8946 -14.8931 -14.8883 -14.8838 -14.8574 -14.8559 -14.8532
   -14.8514 -14.8509 -14.8348 -14.8253 -14.8246 -14.8199 -14.8032 -14.8003
   -14.7999 -14.7977 -14.7975 -14.7917 -14.7910 -14.7827 -14.7720 -14.7625
   -14.7617 -14.7603 -14.7559 -14.7397 -14.7384 -14.7338 -14.7333 -14.7305
   -14.7239 -14.7215 -14.7162 -14.7080 -14.7047 -14.7038 -14.7019 -14.6972
   -14.6815 -14.6787 -14.6743 -14.6712 -14.6689 -14.6642 -14.6593 -14.6503
   -14.6473 -14.6466 -14.6414 -14.6395 -14.6307 -14.6269 -14.6266 -14.6183
   -14.6175 -14.6172 -14.6142 -14.6129 -14.6124 -14.6003 -14.5965 -14.5892
   -14.5859 -14.5852 -14.5795 -14.5795 -14.5751 -14.5747 -14.5685 -14.5682
   -14.5667 -14.5618 -14.5554 -14.5508 -14.5496 -14.5453 -14.5434 -14.5387
   -14.5267 -14.5217 -14.5199 -14.4917 -14.4336 -14.4283 -14.4132 -14.3896
   -14.3815 -14.3210 -14.2893 -14.2206 -14.1629 -14.1403 -14.1185 -14.0908
   -14.0485 -14.0207 -13.9661 -13.9547 -13.8794 -13.8540 -13.8317 -13.8088
    -8.5580  -8.4880  -8.4185  -8.3869  -8.2490  -8.2330  -8.2129  -8.1745
    -8.1163  -8.1068  -8.0852  -8.0589  -7.7852  -7.7850  -7.7418  -7.6999
    -7.6985  -7.5302  -7.5157  -7.5078  -7.4850  -7.4506  -7.4461  -7.3782
    -7.2307  -7.2084  -6.9747  -6.9368  -6.7780  -6.7734  -6.7319  -6.7077
    -6.6446  -6.5235  -6.5159  -6.4273  -6.0843  -6.0538  -6.0174  -5.9980
    -5.8042  -5.7845  -5.7615  -5.7546  -5.7421  -5.7055  -5.6528  -5.6145
    -5.4215  -5.3903  -5.3265  -5.3151  -5.2323  -5.2213  -5.2162  -5.1731
    -5.0992  -5.0735  -4.9840  -4.9641  -4.9466  -4.8251  -4.8221  -4.8216
    -4.6876  -4.6639  -4.6497  -4.6266  -4.4838  -4.4683  -4.4576  -4.4295
    -4.3463  -4.3362  -4.3159  -4.2753  -4.2253  -4.1926  -4.1396  -4.0761
    -4.0728  -4.0704  -4.0537  -4.0258  -3.9886  -3.9734  -3.9649  -3.9120
    -3.8665  -3.8644  -3.7722  -3.7700  -3.6912  -3.6555  -3.6145  -3.5653
    -3.5321  -3.5230  -3.4811  -3.4712  -3.4197  -3.3942  -3.3787  -3.3163
    -3.2634  -3.2614  -3.2145  -3.2057  -3.1887  -3.1572  -3.0986  -3.0725
    -3.0376  -3.0013  -2.9904  -2.9764  -2.9694  -2.9586  -2.8764  -2.8666
    -2.8573  -2.8428  -2.8334  -2.8076  -2.7722  -2.7441  -2.7372  -2.7364
    -2.5678  -2.5558  -2.5503  -2.5437  -2.4690  -2.4644  -2.3726  -2.3602
    -2.1756  -2.1743  -2.1496  -2.1460  -2.0615  -2.0591  -2.0188  -2.0140
    -0.4831   0.5018   0.8173   1.4252   1.5870   1.7379   1.7491   2.0091
     2.1218   2.2116   2.2117   2.3538   2.3767   2.4166   2.5187   2.5663

     occupation numbers 
     1.0000   1.0000   1.0000   1.0000   1.0000   1.0000   1.0000   1.0000
     1.0000   1.0000   1.0000   1.0000   1.0000   1.0000   1.0000   1.0000
     1.0000   1.0000   1.0000   1.0000   1.0000   1.0000   1.0000   1.0000
     1.0000   1.0000   1.0000   1.0000   1.0000   1.0000   1.0000   1.0000
     1.0000   1.0000   1.0000   1.0000   1.0000   1.0000   1.0000   1.0000
     1.0000   1.0000   1.0000   1.0000   1.0000   1.0000   1.0000   1.0000
     1.0000   1.0000   1.0000   1.0000   1.0000   1.0000   1.0000   1.0000
     1.0000   1.0000   1.0000   1.0000   1.0000   1.0000   1.0000   1.0000
     1.0000   1.0000   1.0000   1.0000   1.0000   1.0000   1.0000   1.0000
     1.0000   1.0000   1.0000   1.0000   1.0000   1.0000   1.0000   1.0000
     1.0000   1.0000   1.0000   1.0000   1.0000   1.0000   1.0000   1.0000
     1.0000   1.0000   1.0000   1.0000   1.0000   1.0000   1.0000   1.0000
     1.0000   1.0000   1.0000   1.0000   1.0000   1.0000   1.0000   1.0000
     1.0000   1.0000   1.0000   1.0000   1.0000   1.0000   1.0000   1.0000
     1.0000   1.0000   1.0000   1.0000   1.0000   1.0000   1.0000   1.0000
     1.0000   1.0000   1.0000   1.0000   1.0000   1.0000   1.0000   1.0000
     1.0000   1.0000   1.0000   1.0000   1.0000   1.0000   1.0000   1.0000
     1.0000   1.0000   1.0000   1.0000   1.0000   1.0000   1.0000   1.0000
     1.0000   1.0000   1.0000   1.0000   1.0000   1.0000   1.0000   1.0000
     1.0000   1.0000   1.0000   1.0000   1.0000   1.0000   1.0000   1.0000
     1.0000   1.0000   1.0000   1.0000   1.0000   1.0000   1.0000   1.0000
     1.0000   1.0000   1.0000   1.0000   1.0000   1.0000   1.0000   1.0000
     1.0000   1.0000   1.0000   1.0000   1.0000   1.0000   1.0000   1.0000
     1.0000   1.0000   1.0000   1.0000   1.0000   1.0000   1.0000   1.0000
     1.0000   1.0000   1.0000   1.0000   1.0000   1.0000   1.0000   1.0000
     1.0000   1.0000   1.0000   1.0000   1.0000   1.0000   1.0000   1.0000
     1.0000   1.0000   1.0000   1.0000   1.0000   1.0000   1.0000   1.0000
     1.0000   1.0000   1.0000   1.0000   1.0000   1.0000   1.0000   1.0000
     1.0000   1.0000   1.0000   1.0000   1.0000   1.0000   1.0000   1.0000
     1.0000   1.0000   1.0000   1.0000   1.0000   1.0000   1.0000   1.0000
     1.0000   1.0000   1.0000   1.0000   1.0000   1.0000   1.0000   1.0000
     1.0000   1.0000   1.0000   1.0000   1.0000   1.0000   1.0000   1.0000
     1.0000   1.0000   1.0000   1.0000   1.0000   1.0000   1.0000   1.0000
     1.0000   1.0000   1.0000   1.0000   1.0000   1.0000   1.0000   1.0000
     1.0000   1.0000   1.0000   1.0000   1.0000   1.0000   1.0000   1.0000
     1.0000   1.0000   1.0000   1.0000   1.0000   1.0000   1.0000   1.0000
     1.0000   1.0000   1.0000   1.0000   1.0000   1.0000   1.0000   1.0000
     1.0000   1.0000   1.0000   1.0000   1.0000   1.0000   1.0000   1.0000
     1.0000   1.0000   1.0000   1.0000   1.0000   1.0000   1.0000   1.0000
     0.0000   0.0000   0.0000   0.0000   0.0000   0.0000   0.0000   0.0000
     0.0000   0.0000   0.0000   0.0000   0.0000   0.0000   0.0000   0.0000

     highest occupied, lowest unoccupied level (ev):    -1.9695   -1.0109

!    total energy              =  -11888.29270349 Ry
     total all-electron energy =   -289577.544627 Ry
     estimated scf accuracy    <          5.5E-10 Ry

     The total energy is the sum of the following terms:
     one-electron contribution = -116709.35026438 Ry
     hartree contribution      =   58663.85126590 Ry
     xc contribution           =   -1487.76968758 Ry
     ewald contribution        =   54648.40853996 Ry
     one-center paw contrib.   =   -7003.43255739 Ry
      -> PAW hartree energy AE =     566.81958352 Ry
      -> PAW hartree energy PS =    -564.33367166 Ry
      -> PAW xc energy AE      =   -1911.77292424 Ry
      -> PAW xc energy PS      =     273.48577518 Ry
      -> total E_H with PAW    =   58666.33717776 Ry
      -> total E_XC with PAW   =   -3126.05683664 Ry

     convergence has been achieved in  77 iterations

     negative rho (up, down):  2.184E-03 0.000E+00

     Forces acting on atoms (cartesian axes, Ry/au):

     atom    1 type  1   force =     0.01272231    0.00797269   -0.04545641
     atom    2 type  1   force =    -0.01272231   -0.00797269   -0.04545641
     atom    3 type  1   force =    -0.01272231    0.00797269    0.04545641
     atom    4 type  1   force =    -0.01272231    0.00797269   -0.04545641
     atom    5 type  1   force =    -0.00950772    0.01121852    0.04921306
     atom    6 type  1   force =     0.00950772    0.01121852   -0.04921306
     atom    7 type  1   force =     0.00000000   -0.00298953   -0.00000000
     atom    8 type  1   force =     0.00000000    0.00298953    0.00000000
     atom    9 type  1   force =     0.00000000    0.00000000    0.00018423
     atom   10 type  1   force =     0.00950772    0.01121852    0.04921306
     atom   11 type  1   force =    -0.00950772    0.01121852   -0.04921306
     atom   12 type  1   force =     0.00000000    0.00000000    0.00018423
     atom   13 type  2   force =    -0.00474032   -0.00325218   -0.00474706
     atom   14 type  2   force =     0.00474032    0.00325218   -0.00474706
     atom   15 type  2   force =     0.00474032   -0.00325218    0.00474706
     atom   16 type  2   force =    -0.00474032    0.00325218    0.00474706
     atom   17 type  2   force =    -0.01389631    0.00946638    0.03225153
     atom   18 type  2   force =     0.00053323   -0.00125570   -0.00012184
     atom   19 type  2   force =     0.01389631   -0.00946638    0.03225153
     atom   20 type  2   force =    -0.00053323    0.00125570   -0.00012184
     atom   21 type  2   force =    -0.00172514   -0.00320205   -0.00539172
     atom   22 type  2   force =     0.00172514   -0.00320205    0.00539172
     atom   23 type  2   force =     0.01355082   -0.01108262    0.02161494
     atom   24 type  2   force =    -0.01355082   -0.01108262   -0.02161494
     atom   25 type  2   force =    -0.01658047   -0.01348813    0.02776386
     atom   26 type  2   force =     0.01658047    0.01348813    0.02776386
     atom   27 type  2   force =     0.01658047   -0.01348813   -0.02776386
     atom   28 type  2   force =    -0.01658047    0.01348813   -0.02776386
     atom   29 type  2   force =    -0.00053323   -0.00125570   -0.00012184
     atom   30 type  2   force =     0.01389631    0.00946638    0.03225153
     atom   31 type  2   force =     0.00053323    0.00125570   -0.00012184
     atom   32 type  2   force =    -0.01389631   -0.00946638    0.03225153
     atom   33 type  2   force =    -0.01355082   -0.01108262    0.02161494
     atom   34 type  2   force =     0.01355082   -0.01108262   -0.02161494
     atom   35 type  2   force =     0.00172514   -0.00320205   -0.00539172
     atom   36 type  2   force =    -0.00172514   -0.00320205    0.00539172
     atom   37 type  1   force =    -0.01272231   -0.00797269    0.04545641
     atom   38 type  1   force =     0.01272231    0.00797269    0.04545641
     atom   39 type  1   force =     0.01272231   -0.00797269   -0.04545641
     atom   40 type  1   force =     0.01272231   -0.00797269    0.04545641
     atom   41 type  1   force =    -0.00950772   -0.01121852   -0.04921306
     atom   42 type  1   force =     0.00950772   -0.01121852    0.04921306
     atom   43 type  1   force =     0.00000000    0.00000000   -0.00018423
     atom   44 type  1   force =     0.00950772   -0.01121852   -0.04921306
     atom   45 type  1   force =    -0.00950772   -0.01121852    0.04921306
     atom   46 type  1   force =     0.00000000    0.00298953    0.00000000
     atom   47 type  1   force =     0.00000000   -0.00298953    0.00000000
     atom   48 type  1   force =     0.00000000    0.00000000   -0.00018423
     atom   49 type  2   force =     0.01658047    0.01348813   -0.02776386
     atom   50 type  2   force =    -0.01658047   -0.01348813   -0.02776386
     atom   51 type  2   force =    -0.01658047    0.01348813    0.02776386
     atom   52 type  2   force =     0.01658047   -0.01348813    0.02776386
     atom   53 type  2   force =     0.00053323    0.00125570    0.00012184
     atom   54 type  2   force =    -0.01389631   -0.00946638   -0.03225153
     atom   55 type  2   force =    -0.00053323   -0.00125570    0.00012184
     atom   56 type  2   force =     0.01389631    0.00946638   -0.03225153
     atom   57 type  2   force =     0.01355082    0.01108262   -0.02161494
     atom   58 type  2   force =    -0.01355082    0.01108262    0.02161494
     atom   59 type  2   force =    -0.00172514    0.00320205    0.00539172
     atom   60 type  2   force =     0.00172514    0.00320205   -0.00539172
     atom   61 type  2   force =     0.00474032    0.00325218    0.00474706
     atom   62 type  2   force =    -0.00474032   -0.00325218    0.00474706
     atom   63 type  2   force =    -0.00474032    0.00325218   -0.00474706
     atom   64 type  2   force =     0.00474032   -0.00325218   -0.00474706
     atom   65 type  2   force =     0.01389631   -0.00946638   -0.03225153
     atom   66 type  2   force =    -0.00053323    0.00125570    0.00012184
     atom   67 type  2   force =    -0.01389631    0.00946638   -0.03225153
     atom   68 type  2   force =     0.00053323   -0.00125570    0.00012184
     atom   69 type  2   force =     0.00172514    0.00320205    0.00539172
     atom   70 type  2   force =    -0.00172514    0.00320205   -0.00539172
     atom   71 type  2   force =    -0.01355082    0.01108262   -0.02161494
     atom   72 type  2   force =     0.01355082    0.01108262    0.02161494
     atom   73 type  3   force =     0.01085934    0.00200186    0.00703511
     atom   74 type  3   force =    -0.01085934   -0.00200186    0.00703511
     atom   75 type  3   force =     0.00811397    0.00918820    0.00707604
     atom   76 type  3   force =    -0.00811397    0.00918820   -0.00707604
     atom   77 type  3   force =     0.00341646    0.00210510    0.00936929
     atom   78 type  3   force =    -0.00341646   -0.00210510    0.00936929
     atom   79 type  3   force =    -0.00341646    0.00210510   -0.00936929
     atom   80 type  3   force =     0.00341646   -0.00210510   -0.00936929
     atom   81 type  3   force =    -0.01085934    0.00200186    0.00703511
     atom   82 type  3   force =     0.01085934   -0.00200186    0.00703511
     atom   83 type  3   force =    -0.00811397    0.00918820    0.00707604
     atom   84 type  3   force =     0.00811397    0.00918820   -0.00707604
     atom   85 type  3   force =    -0.00341646   -0.00210510   -0.00936929
     atom   86 type  3   force =     0.00341646    0.00210510   -0.00936929
     atom   87 type  3   force =     0.00341646   -0.00210510    0.00936929
     atom   88 type  3   force =    -0.00341646    0.00210510    0.00936929
     atom   89 type  3   force =     0.01085934   -0.00200186   -0.00703511
     atom   90 type  3   force =    -0.01085934    0.00200186   -0.00703511
     atom   91 type  3   force =     0.00811397   -0.00918820   -0.00707604
     atom   92 type  3   force =    -0.00811397   -0.00918820    0.00707604
     atom   93 type  3   force =    -0.01085934   -0.00200186   -0.00703511
     atom   94 type  3   force =     0.01085934    0.00200186   -0.00703511
     atom   95 type  3   force =    -0.00811397   -0.00918820   -0.00707604
     atom   96 type  3   force =     0.00811397   -0.00918820    0.00707604
     The non-local contrib.  to forces
     atom    1 type  1   force =    -0.00734152   -0.04147664    0.00694024
     atom    2 type  1   force =     0.00734152    0.04147664    0.00694024
     atom    3 type  1   force =     0.00734152   -0.04147664   -0.00694024
     atom    4 type  1   force =     0.00734152   -0.04147664    0.00694024
     atom    5 type  1   force =    -0.00278553   -0.00519557   -0.03342025
     atom    6 type  1   force =     0.00278553   -0.00519557    0.03342025
     atom    7 type  1   force =     0.00000000   -0.01357209    0.00000000
     atom    8 type  1   force =     0.00000000    0.01357209    0.00000000
     atom    9 type  1   force =     0.00000000    0.00000000   -0.01961972
     atom   10 type  1   force =     0.00278553   -0.00519557   -0.03342025
     atom   11 type  1   force =    -0.00278553   -0.00519557    0.03342025
     atom   12 type  1   force =     0.00000000    0.00000000   -0.01961972
     atom   13 type  2   force =    -0.10345153   -0.05512644    0.03847189
     atom   14 type  2   force =     0.10345153    0.05512644    0.03847189
     atom   15 type  2   force =     0.10345153   -0.05512644   -0.03847189
     atom   16 type  2   force =    -0.10345153    0.05512644   -0.03847189
     atom   17 type  2   force =     0.09040315   -0.40674269   -1.26326441
     atom   18 type  2   force =     0.07085851    0.07183065    0.04730755
     atom   19 type  2   force =    -0.09040315    0.40674269   -1.26326441
     atom   20 type  2   force =    -0.07085851   -0.07183065    0.04730755
     atom   21 type  2   force =    -0.04829647    0.05083196   -0.11623030
     atom   22 type  2   force =     0.04829647    0.05083196    0.11623030
     atom   23 type  2   force =    -0.53017221   -0.02670742   -1.22711629
     atom   24 type  2   force =     0.53017221   -0.02670742    1.22711629
     atom   25 type  2   force =     0.40479221    0.31346360   -1.27499951
     atom   26 type  2   force =    -0.40479221   -0.31346360   -1.27499951
     atom   27 type  2   force =    -0.40479221    0.31346360    1.27499951
     atom   28 type  2   force =     0.40479221   -0.31346360    1.27499951
     atom   29 type  2   force =    -0.07085851    0.07183065    0.04730755
     atom   30 type  2   force =    -0.09040315   -0.40674269   -1.26326441
     atom   31 type  2   force =     0.07085851   -0.07183065    0.04730755
     atom   32 type  2   force =     0.09040315    0.40674269   -1.26326441
     atom   33 type  2   force =     0.53017221   -0.02670742   -1.22711629
     atom   34 type  2   force =    -0.53017221   -0.02670742    1.22711629
     atom   35 type  2   force =     0.04829647    0.05083196   -0.11623030
     atom   36 type  2   force =    -0.04829647    0.05083196    0.11623030
     atom   37 type  1   force =     0.00734152    0.04147664   -0.00694024
     atom   38 type  1   force =    -0.00734152   -0.04147664   -0.00694024
     atom   39 type  1   force =    -0.00734152    0.04147664    0.00694024
     atom   40 type  1   force =    -0.00734152    0.04147664   -0.00694024
     atom   41 type  1   force =    -0.00278553    0.00519557    0.03342025
     atom   42 type  1   force =     0.00278553    0.00519557   -0.03342025
     atom   43 type  1   force =     0.00000000    0.00000000    0.01961972
     atom   44 type  1   force =     0.00278553    0.00519557    0.03342025
     atom   45 type  1   force =    -0.00278553    0.00519557   -0.03342025
     atom   46 type  1   force =     0.00000000    0.01357209   -0.00000000
     atom   47 type  1   force =     0.00000000   -0.01357209   -0.00000000
     atom   48 type  1   force =     0.00000000    0.00000000    0.01961972
     atom   49 type  2   force =    -0.40479221   -0.31346360    1.27499951
     atom   50 type  2   force =     0.40479221    0.31346360    1.27499951
     atom   51 type  2   force =     0.40479221   -0.31346360   -1.27499951
     atom   52 type  2   force =    -0.40479221    0.31346360   -1.27499951
     atom   53 type  2   force =     0.07085851   -0.07183065   -0.04730755
     atom   54 type  2   force =     0.09040315    0.40674269    1.26326441
     atom   55 type  2   force =    -0.07085851    0.07183065   -0.04730755
     atom   56 type  2   force =    -0.09040315   -0.40674269    1.26326441
     atom   57 type  2   force =    -0.53017221    0.02670742    1.22711629
     atom   58 type  2   force =     0.53017221    0.02670742   -1.22711629
     atom   59 type  2   force =    -0.04829647   -0.05083196    0.11623030
     atom   60 type  2   force =     0.04829647   -0.05083196   -0.11623030
     atom   61 type  2   force =     0.10345153    0.05512644   -0.03847189
     atom   62 type  2   force =    -0.10345153   -0.05512644   -0.03847189
     atom   63 type  2   force =    -0.10345153    0.05512644    0.03847189
     atom   64 type  2   force =     0.10345153   -0.05512644    0.03847189
     atom   65 type  2   force =    -0.09040315    0.40674269    1.26326441
     atom   66 type  2   force =    -0.07085851   -0.07183065   -0.04730755
     atom   67 type  2   force =     0.09040315   -0.40674269    1.26326441
     atom   68 type  2   force =     0.07085851    0.07183065   -0.04730755
     atom   69 type  2   force =     0.04829647   -0.05083196    0.11623030
     atom   70 type  2   force =    -0.04829647   -0.05083196   -0.11623030
     atom   71 type  2   force =     0.53017221    0.02670742    1.22711629
     atom   72 type  2   force =    -0.53017221    0.02670742   -1.22711629
     atom   73 type  3   force =     0.00668491    0.02378828    0.10269821
     atom   74 type  3   force =    -0.00668491   -0.02378828    0.10269821
     atom   75 type  3   force =     0.03107596    0.01099347    0.09886071
     atom   76 type  3   force =    -0.03107596    0.01099347   -0.09886071
     atom   77 type  3   force =    -0.01039023   -0.00888705    0.10414554
     atom   78 type  3   force =     0.01039023    0.00888705    0.10414554
     atom   79 type  3   force =     0.01039023   -0.00888705   -0.10414554
     atom   80 type  3   force =    -0.01039023    0.00888705   -0.10414554
     atom   81 type  3   force =    -0.00668491    0.02378828    0.10269821
     atom   82 type  3   force =     0.00668491   -0.02378828    0.10269821
     atom   83 type  3   force =    -0.03107596    0.01099347    0.09886071
     atom   84 type  3   force =     0.03107596    0.01099347   -0.09886071
     atom   85 type  3   force =     0.01039023    0.00888705   -0.10414554
     atom   86 type  3   force =    -0.01039023   -0.00888705   -0.10414554
     atom   87 type  3   force =    -0.01039023    0.00888705    0.10414554
     atom   88 type  3   force =     0.01039023   -0.00888705    0.10414554
     atom   89 type  3   force =     0.00668491   -0.02378828   -0.10269821
     atom   90 type  3   force =    -0.00668491    0.02378828   -0.10269821
     atom   91 type  3   force =     0.03107596   -0.01099347   -0.09886071
     atom   92 type  3   force =    -0.03107596   -0.01099347    0.09886071
     atom   93 type  3   force =    -0.00668491   -0.02378828   -0.10269821
     atom   94 type  3   force =     0.00668491    0.02378828   -0.10269821
     atom   95 type  3   force =    -0.03107596   -0.01099347   -0.09886071
     atom   96 type  3   force =     0.03107596   -0.01099347    0.09886071
     The ionic contribution  to forces
     atom    1 type  1   force =     1.28257918    0.67843470 -119.22114618
     atom    2 type  1   force =    -1.28257921   -0.67843471 -119.22114617
     atom    3 type  1   force =    -1.28257911    0.67843472  119.22114626
     atom    4 type  1   force =    -1.28257922    0.67843474 -119.22114619
     atom    5 type  1   force =     3.73836474    1.09839811  118.79878017
     atom    6 type  1   force =    -3.73836481    1.09839822 -118.79878011
     atom    7 type  1   force =     0.00000001    3.96182740    0.00000004
     atom    8 type  1   force =    -0.00000004   -3.96182742    0.00000006
     atom    9 type  1   force =    -0.00000005   -0.00000001  -11.91254366
     atom   10 type  1   force =    -3.73836476    1.09839813  118.79878018
     atom   11 type  1   force =     3.73836479    1.09839823 -118.79878011
     atom   12 type  1   force =     0.00000001   -0.00000002  -11.91254365
     atom   13 type  2   force =     2.76615379    1.89466357  -26.48168730
     atom   14 type  2   force =    -2.76615379   -1.89466358  -26.48168730
     atom   15 type  2   force =    -2.76615383    1.89466361   26.48168733
     atom   16 type  2   force =     2.76615385   -1.89466364   26.48168731
     atom   17 type  2   force =    -0.37668408    1.89302483  -72.92703607
     atom   18 type  2   force =    -0.17690347   -2.72953667  -35.91836437
     atom   19 type  2   force =     0.37668410   -1.89302482  -72.92703607
     atom   20 type  2   force =     0.17690342    2.72953668  -35.91836439
     atom   21 type  2   force =     1.85393723    0.00154413  -21.89050526
     atom   22 type  2   force =    -1.85393721    0.00154410   21.89050523
     atom   23 type  2   force =     2.14585719   -0.16531730  -81.68321468
     atom   24 type  2   force =    -2.14585724   -0.16531730   81.68321462
     atom   25 type  2   force =    -2.61146436   -2.12201657  -80.73945342
     atom   26 type  2   force =     2.61146438    2.12201659  -80.73945344
     atom   27 type  2   force =     2.61146435   -2.12201657   80.73945340
     atom   28 type  2   force =    -2.61146437    2.12201656   80.73945340
     atom   29 type  2   force =     0.17690343   -2.72953671  -35.91836441
     atom   30 type  2   force =     0.37668409    1.89302488  -72.92703603
     atom   31 type  2   force =    -0.17690345    2.72953666  -35.91836437
     atom   32 type  2   force =    -0.37668407   -1.89302484  -72.92703608
     atom   33 type  2   force =    -2.14585720   -0.16531731  -81.68321468
     atom   34 type  2   force =     2.14585723   -0.16531729   81.68321462
     atom   35 type  2   force =    -1.85393724    0.00154414  -21.89050527
     atom   36 type  2   force =     1.85393720    0.00154410   21.89050522
     atom   37 type  1   force =    -1.28257910   -0.67843468  119.22114629
     atom   38 type  1   force =     1.28257908    0.67843468  119.22114625
     atom   39 type  1   force =     1.28257919   -0.67843476 -119.22114622
     atom   40 type  1   force =     1.28257908   -0.67843475  119.22114623
     atom   41 type  1   force =     3.73836497   -1.09839820 -118.79878011
     atom   42 type  1   force =    -3.73836477   -1.09839810  118.79878018
     atom   43 type  1   force =     0.00000006   -0.00000001   11.91254358
     atom   44 type  1   force =    -3.73836483   -1.09839824 -118.79878011
     atom   45 type  1   force =     3.73836493   -1.09839812  118.79878018
     atom   46 type  1   force =     0.00000001   -3.96182744    0.00000009
     atom   47 type  1   force =    -0.00000003    3.96182760    0.00000010
     atom   48 type  1   force =     0.00000000   -0.00000002   11.91254357
     atom   49 type  2   force =     2.61146438    2.12201659   80.73945343
     atom   50 type  2   force =    -2.61146436   -2.12201653   80.73945339
     atom   51 type  2   force =    -2.61146437    2.12201656  -80.73945343
     atom   52 type  2   force =     2.61146435   -2.12201652  -80.73945341
     atom   53 type  2   force =    -0.17690338    2.72953666   35.91836433
     atom   54 type  2   force =    -0.37668409   -1.89302480   72.92703603
     atom   55 type  2   force =     0.17690339   -2.72953668   35.91836434
     atom   56 type  2   force =     0.37668410    1.89302484   72.92703599
     atom   57 type  2   force =     2.14585723    0.16531733   81.68321462
     atom   58 type  2   force =    -2.14585716    0.16531731  -81.68321468
     atom   59 type  2   force =     1.85393723   -0.00154412   21.89050518
     atom   60 type  2   force =    -1.85393726   -0.00154413  -21.89050519
     atom   61 type  2   force =    -2.76615387   -1.89466360   26.48168737
     atom   62 type  2   force =     2.76615382    1.89466360   26.48168734
     atom   63 type  2   force =     2.76615385   -1.89466360  -26.48168731
     atom   64 type  2   force =    -2.76615378    1.89466357  -26.48168730
     atom   65 type  2   force =     0.37668412   -1.89302480   72.92703604
     atom   66 type  2   force =     0.17690340    2.72953662   35.91836429
     atom   67 type  2   force =    -0.37668410    1.89302480   72.92703604
     atom   68 type  2   force =    -0.17690341   -2.72953663   35.91836430
     atom   69 type  2   force =    -1.85393719   -0.00154408   21.89050520
     atom   70 type  2   force =     1.85393722   -0.00154415  -21.89050528
     atom   71 type  2   force =    -2.14585721    0.16531729   81.68321462
     atom   72 type  2   force =     2.14585719    0.16531734  -81.68321467
     atom   73 type  3   force =    -0.08240330   -0.44884649  -17.56936066
     atom   74 type  3   force =     0.08240327    0.44884650  -17.56936067
     atom   75 type  3   force =    -0.84293740   -0.24154893  -18.01619247
     atom   76 type  3   force =     0.84293744   -0.24154894   18.01619256
     atom   77 type  3   force =     0.18069895    0.13122622  -18.08921886
     atom   78 type  3   force =    -0.18069895   -0.13122622  -18.08921886
     atom   79 type  3   force =    -0.18069896    0.13122623   18.08921889
     atom   80 type  3   force =     0.18069896   -0.13122623   18.08921889
     atom   81 type  3   force =     0.08240327   -0.44884649  -17.56936066
     atom   82 type  3   force =    -0.08240329    0.44884649  -17.56936066
     atom   83 type  3   force =     0.84293740   -0.24154893  -18.01619247
     atom   84 type  3   force =    -0.84293745   -0.24154894   18.01619256
     atom   85 type  3   force =    -0.18069896   -0.13122623   18.08921889
     atom   86 type  3   force =     0.18069896    0.13122619   18.08921890
     atom   87 type  3   force =     0.18069895   -0.13122622  -18.08921886
     atom   88 type  3   force =    -0.18069895    0.13122619  -18.08921887
     atom   89 type  3   force =    -0.08240329    0.44884646   17.56936057
     atom   90 type  3   force =     0.08240326   -0.44884646   17.56936057
     atom   91 type  3   force =    -0.84293745    0.24154892   18.01619256
     atom   92 type  3   force =     0.84293739    0.24154891  -18.01619252
     atom   93 type  3   force =     0.08240326    0.44884647   17.56936058
     atom   94 type  3   force =    -0.08240329   -0.44884646   17.56936057
     atom   95 type  3   force =     0.84293743    0.24154892   18.01619260
     atom   96 type  3   force =    -0.84293741    0.24154890  -18.01619248
     The local contribution  to forces
     atom    1 type  1   force =    -1.26178992   -0.63050020  119.16521792
     atom    2 type  1   force =     1.26179015    0.63050025  119.16521797
     atom    3 type  1   force =     1.26179008   -0.63050026 -119.16521836
     atom    4 type  1   force =     1.26179015   -0.63050021  119.16521795
     atom    5 type  1   force =    -3.74638531   -1.08129690 -118.71389007
     atom    6 type  1   force =     3.74638547   -1.08129691  118.71388972
     atom    7 type  1   force =     0.00000010   -3.95251758   -0.00000022
     atom    8 type  1   force =     0.00000009    3.95251751   -0.00000016
     atom    9 type  1   force =     0.00000010   -0.00000003   11.93104782
     atom   10 type  1   force =     3.74638546   -1.08129690 -118.71389007
     atom   11 type  1   force =    -3.74638530   -1.08129691  118.71388972
     atom   12 type  1   force =     0.00000007   -0.00000007   11.93104785
     atom   13 type  2   force =    -2.66812201   -1.84306265   26.43865805
     atom   14 type  2   force =     2.66812211    1.84306271   26.43865806
     atom   15 type  2   force =     2.66812211   -1.84306268  -26.43865824
     atom   16 type  2   force =    -2.66812202    1.84306271  -26.43865825
     atom   17 type  2   force =     0.27333868   -1.47992838   74.21254993
     atom   18 type  2   force =     0.10717986    2.65679586   35.87107551
     atom   19 type  2   force =    -0.27333860    1.47992843   74.21255000
     atom   20 type  2   force =    -0.10717980   -2.65679582   35.87107554
     atom   21 type  2   force =    -1.80757538   -0.05518138   22.00047470
     atom   22 type  2   force =     1.80757543   -0.05518137  -22.00047408
     atom   23 type  2   force =    -1.60617786    0.18093227   82.92182952
     atom   24 type  2   force =     1.60617790    0.18093227  -82.92183009
     atom   25 type  2   force =     2.19338743    1.79759619   82.03183227
     atom   26 type  2   force =    -2.19338734   -1.79759613   82.03183225
     atom   27 type  2   force =    -2.19338734    1.79759617  -82.03183281
     atom   28 type  2   force =     2.19338742   -1.79759614  -82.03183282
     atom   29 type  2   force =    -0.10717978    2.65679585   35.87107549
     atom   30 type  2   force =    -0.27333860   -1.47992839   74.21254993
     atom   31 type  2   force =     0.10717987   -2.65679582   35.87107556
     atom   32 type  2   force =     0.27333866    1.47992843   74.21254997
     atom   33 type  2   force =     1.60617791    0.18093226   82.92182951
     atom   34 type  2   force =    -1.60617786    0.18093225  -82.92183004
     atom   35 type  2   force =     1.80757542   -0.05518136   22.00047472
     atom   36 type  2   force =    -1.80757538   -0.05518134  -22.00047407
     atom   37 type  1   force =     1.26179020    0.63050018 -119.16521829
     atom   38 type  1   force =    -1.26178997   -0.63050013 -119.16521824
     atom   39 type  1   force =    -1.26179004    0.63050012  119.16521786
     atom   40 type  1   force =    -1.26178997    0.63050017 -119.16521826
     atom   41 type  1   force =    -3.74638407    1.08129689  118.71388978
     atom   42 type  1   force =     3.74638547    1.08129688 -118.71389013
     atom   43 type  1   force =     0.00000007   -0.00000007  -11.93104655
     atom   44 type  1   force =     3.74638546    1.08129689  118.71388978
     atom   45 type  1   force =    -3.74638406    1.08129687 -118.71389013
     atom   46 type  1   force =     0.00000010    3.95251749   -0.00000022
     atom   47 type  1   force =     0.00000009   -3.95251635   -0.00000016
     atom   48 type  1   force =     0.00000010   -0.00000003  -11.93104658
     atom   49 type  2   force =    -2.19338733   -1.79759614  -82.03183279
     atom   50 type  2   force =     2.19338742    1.79759619  -82.03183282
     atom   51 type  2   force =     2.19338742   -1.79759616   82.03183226
     atom   52 type  2   force =    -2.19338734    1.79759619   82.03183224
     atom   53 type  2   force =     0.10717987   -2.65679582  -35.87107493
     atom   54 type  2   force =     0.27333867    1.47992843  -74.21254937
     atom   55 type  2   force =    -0.10717978    2.65679585  -35.87107486
     atom   56 type  2   force =    -0.27333861   -1.47992839  -74.21254933
     atom   57 type  2   force =    -1.60617783   -0.18093225  -82.92183008
     atom   58 type  2   force =     1.60617787   -0.18093226   82.92182955
     atom   59 type  2   force =    -1.80757541    0.05518138  -22.00047407
     atom   60 type  2   force =     1.80757546    0.05518140   22.00047471
     atom   61 type  2   force =     2.66812212    1.84306270  -26.43865823
     atom   62 type  2   force =    -2.66812203   -1.84306264  -26.43865822
     atom   63 type  2   force =    -2.66812202    1.84306268   26.43865804
     atom   64 type  2   force =     2.66812211   -1.84306265   26.43865803
     atom   65 type  2   force =    -0.27333859    1.47992844  -74.21254937
     atom   66 type  2   force =    -0.10717979   -2.65679581  -35.87107491
     atom   67 type  2   force =     0.27333867   -1.47992839  -74.21254930
     atom   68 type  2   force =     0.10717985    2.65679585  -35.87107488
     atom   69 type  2   force =     1.80757546    0.05518136  -22.00047409
     atom   70 type  2   force =    -1.80757541    0.05518137   22.00047471
     atom   71 type  2   force =     1.60617788   -0.18093223  -82.92183007
     atom   72 type  2   force =    -1.60617783   -0.18093224   82.92182950
     atom   73 type  3   force =     0.08657768    0.42706008   17.47369815
     atom   74 type  3   force =    -0.08657762   -0.42706008   17.47369815
     atom   75 type  3   force =     0.81997558    0.23974369   17.92440849
     atom   76 type  3   force =    -0.81997559    0.23974369  -17.92440849
     atom   77 type  3   force =    -0.16689241   -0.12023429   17.99444432
     atom   78 type  3   force =     0.16689241    0.12023429   17.99444432
     atom   79 type  3   force =     0.16689241   -0.12023429  -17.99444432
     atom   80 type  3   force =    -0.16689241    0.12023429  -17.99444432
     atom   81 type  3   force =    -0.08657762    0.42706008   17.47369816
     atom   82 type  3   force =     0.08657769   -0.42706007   17.47369815
     atom   83 type  3   force =    -0.81997557    0.23974369   17.92440849
     atom   84 type  3   force =     0.81997559    0.23974369  -17.92440849
     atom   85 type  3   force =     0.16689241    0.12023428  -17.99444432
     atom   86 type  3   force =    -0.16689241   -0.12023422  -17.99444433
     atom   87 type  3   force =    -0.16689241    0.12023429   17.99444433
     atom   88 type  3   force =     0.16689241   -0.12023422   17.99444433
     atom   89 type  3   force =     0.08657768   -0.42706006  -17.47369815
     atom   90 type  3   force =    -0.08657762    0.42706007  -17.47369815
     atom   91 type  3   force =     0.81997559   -0.23974364  -17.92440850
     atom   92 type  3   force =    -0.81997552   -0.23974364   17.92440852
     atom   93 type  3   force =    -0.08657762   -0.42706007  -17.47369815
     atom   94 type  3   force =     0.08657769    0.42706007  -17.47369815
     atom   95 type  3   force =    -0.81997553   -0.23974364  -17.92440852
     atom   96 type  3   force =     0.81997558   -0.23974363   17.92440850
     The core correction contribution to forces
     atom    1 type  1   force =    -0.00072453    0.00151897    0.00353203
     atom    2 type  1   force =     0.00072455   -0.00151896    0.00353203
     atom    3 type  1   force =     0.00072454    0.00151896   -0.00353206
     atom    4 type  1   force =     0.00072455    0.00151896    0.00353203
     atom    5 type  1   force =     0.00129219   -0.00068676   -0.00225761
     atom    6 type  1   force =    -0.00129218   -0.00068676    0.00225757
     atom    7 type  1   force =     0.00000001    0.00127175   -0.00000002
     atom    8 type  1   force =     0.00000001   -0.00127176   -0.00000002
     atom    9 type  1   force =     0.00000001   -0.00000000    0.00130544
     atom   10 type  1   force =    -0.00129218   -0.00068676   -0.00225761
     atom   11 type  1   force =     0.00129219   -0.00068676    0.00225757
     atom   12 type  1   force =     0.00000000   -0.00000000    0.00130544
     atom   13 type  2   force =     0.00067939    0.00027342   -0.00018771
     atom   14 type  2   force =    -0.00067939   -0.00027342   -0.00018771
     atom   15 type  2   force =    -0.00067939    0.00027342    0.00018771
     atom   16 type  2   force =     0.00067939   -0.00027342    0.00018771
     atom   17 type  2   force =    -0.00095498    0.00311023    0.01000083
     atom   18 type  2   force =    -0.00060259   -0.00034451   -0.00013741
     atom   19 type  2   force =     0.00095498   -0.00311023    0.01000083
     atom   20 type  2   force =     0.00060259    0.00034451   -0.00013741
     atom   21 type  2   force =     0.00020971   -0.00039661    0.00087045
     atom   22 type  2   force =    -0.00020971   -0.00039661   -0.00087046
     atom   23 type  2   force =     0.00404364    0.00000880    0.01011826
     atom   24 type  2   force =    -0.00404364    0.00000880   -0.01011826
     atom   25 type  2   force =    -0.00329538   -0.00253152    0.01038561
     atom   26 type  2   force =     0.00329538    0.00253152    0.01038561
     atom   27 type  2   force =     0.00329538   -0.00253152   -0.01038561
     atom   28 type  2   force =    -0.00329538    0.00253152   -0.01038561
     atom   29 type  2   force =     0.00060259   -0.00034451   -0.00013741
     atom   30 type  2   force =     0.00095498    0.00311023    0.01000083
     atom   31 type  2   force =    -0.00060259    0.00034451   -0.00013741
     atom   32 type  2   force =    -0.00095498   -0.00311023    0.01000083
     atom   33 type  2   force =    -0.00404364    0.00000880    0.01011826
     atom   34 type  2   force =     0.00404364    0.00000880   -0.01011826
     atom   35 type  2   force =    -0.00020971   -0.00039661    0.00087045
     atom   36 type  2   force =     0.00020971   -0.00039661   -0.00087046
     atom   37 type  1   force =     0.00072455   -0.00151896   -0.00353206
     atom   38 type  1   force =    -0.00072453    0.00151897   -0.00353206
     atom   39 type  1   force =    -0.00072454   -0.00151897    0.00353203
     atom   40 type  1   force =    -0.00072454   -0.00151897   -0.00353206
     atom   41 type  1   force =     0.00129230    0.00068676    0.00225757
     atom   42 type  1   force =    -0.00129218    0.00068676   -0.00225761
     atom   43 type  1   force =     0.00000000   -0.00000000   -0.00130536
     atom   44 type  1   force =    -0.00129218    0.00068676    0.00225757
     atom   45 type  1   force =     0.00129231    0.00068676   -0.00225761
     atom   46 type  1   force =     0.00000001   -0.00127176   -0.00000002
     atom   47 type  1   force =     0.00000001    0.00127187   -0.00000002
     atom   48 type  1   force =     0.00000001   -0.00000000   -0.00130536
     atom   49 type  2   force =     0.00329538    0.00253152   -0.01038561
     atom   50 type  2   force =    -0.00329538   -0.00253152   -0.01038561
     atom   51 type  2   force =    -0.00329538    0.00253152    0.01038561
     atom   52 type  2   force =     0.00329538   -0.00253152    0.01038561
     atom   53 type  2   force =    -0.00060259    0.00034451    0.00013741
     atom   54 type  2   force =    -0.00095498   -0.00311023   -0.01000083
     atom   55 type  2   force =     0.00060259   -0.00034451    0.00013741
     atom   56 type  2   force =     0.00095498    0.00311023   -0.01000083
     atom   57 type  2   force =     0.00404364   -0.00000880   -0.01011826
     atom   58 type  2   force =    -0.00404364   -0.00000880    0.01011826
     atom   59 type  2   force =     0.00020971    0.00039661   -0.00087046
     atom   60 type  2   force =    -0.00020971    0.00039661    0.00087045
     atom   61 type  2   force =    -0.00067939   -0.00027342    0.00018771
     atom   62 type  2   force =     0.00067939    0.00027342    0.00018771
     atom   63 type  2   force =     0.00067939   -0.00027342   -0.00018771
     atom   64 type  2   force =    -0.00067939    0.00027342   -0.00018771
     atom   65 type  2   force =     0.00095498   -0.00311023   -0.01000083
     atom   66 type  2   force =     0.00060259    0.00034451    0.00013741
     atom   67 type  2   force =    -0.00095498    0.00311023   -0.01000083
     atom   68 type  2   force =    -0.00060259   -0.00034451    0.00013741
     atom   69 type  2   force =    -0.00020971    0.00039661   -0.00087046
     atom   70 type  2   force =     0.00020971    0.00039661    0.00087046
     atom   71 type  2   force =    -0.00404364   -0.00000880   -0.01011826
     atom   72 type  2   force =     0.00404364   -0.00000880    0.01011826
     atom   73 type  3   force =     0.00000000    0.00000000    0.00000000
     atom   74 type  3   force =     0.00000000    0.00000000    0.00000000
     atom   75 type  3   force =     0.00000000    0.00000000    0.00000000
     atom   76 type  3   force =     0.00000000    0.00000000    0.00000000
     atom   77 type  3   force =     0.00000000    0.00000000    0.00000000
     atom   78 type  3   force =     0.00000000    0.00000000    0.00000000
     atom   79 type  3   force =     0.00000000    0.00000000    0.00000000
     atom   80 type  3   force =     0.00000000    0.00000000    0.00000000
     atom   81 type  3   force =     0.00000000    0.00000000    0.00000000
     atom   82 type  3   force =     0.00000000    0.00000000    0.00000000
     atom   83 type  3   force =     0.00000000    0.00000000    0.00000000
     atom   84 type  3   force =     0.00000000    0.00000000    0.00000000
     atom   85 type  3   force =     0.00000000    0.00000000    0.00000000
     atom   86 type  3   force =     0.00000000    0.00000000    0.00000000
     atom   87 type  3   force =     0.00000000    0.00000000    0.00000000
     atom   88 type  3   force =     0.00000000    0.00000000    0.00000000
     atom   89 type  3   force =     0.00000000    0.00000000    0.00000000
     atom   90 type  3   force =     0.00000000    0.00000000    0.00000000
     atom   91 type  3   force =     0.00000000    0.00000000    0.00000000
     atom   92 type  3   force =     0.00000000    0.00000000    0.00000000
     atom   93 type  3   force =     0.00000000    0.00000000    0.00000000
     atom   94 type  3   force =     0.00000000    0.00000000    0.00000000
     atom   95 type  3   force =     0.00000000    0.00000000    0.00000000
     atom   96 type  3   force =     0.00000000    0.00000000    0.00000000
     The Hubbard contrib.    to forces
     atom    1 type  1   force =     0.00000000    0.00000000    0.00000000
     atom    2 type  1   force =     0.00000000    0.00000000    0.00000000
     atom    3 type  1   force =     0.00000000    0.00000000    0.00000000
     atom    4 type  1   force =     0.00000000    0.00000000    0.00000000
     atom    5 type  1   force =     0.00000000    0.00000000    0.00000000
     atom    6 type  1   force =     0.00000000    0.00000000    0.00000000
     atom    7 type  1   force =     0.00000000    0.00000000    0.00000000
     atom    8 type  1   force =     0.00000000    0.00000000    0.00000000
     atom    9 type  1   force =     0.00000000    0.00000000    0.00000000
     atom   10 type  1   force =     0.00000000    0.00000000    0.00000000
     atom   11 type  1   force =     0.00000000    0.00000000    0.00000000
     atom   12 type  1   force =     0.00000000    0.00000000    0.00000000
     atom   13 type  2   force =     0.00000000    0.00000000    0.00000000
     atom   14 type  2   force =     0.00000000    0.00000000    0.00000000
     atom   15 type  2   force =     0.00000000    0.00000000    0.00000000
     atom   16 type  2   force =     0.00000000    0.00000000    0.00000000
     atom   17 type  2   force =     0.00000000    0.00000000    0.00000000
     atom   18 type  2   force =     0.00000000    0.00000000    0.00000000
     atom   19 type  2   force =     0.00000000    0.00000000    0.00000000
     atom   20 type  2   force =     0.00000000    0.00000000    0.00000000
     atom   21 type  2   force =     0.00000000    0.00000000    0.00000000
     atom   22 type  2   force =     0.00000000    0.00000000    0.00000000
     atom   23 type  2   force =     0.00000000    0.00000000    0.00000000
     atom   24 type  2   force =     0.00000000    0.00000000    0.00000000
     atom   25 type  2   force =     0.00000000    0.00000000    0.00000000
     atom   26 type  2   force =     0.00000000    0.00000000    0.00000000
     atom   27 type  2   force =     0.00000000    0.00000000    0.00000000
     atom   28 type  2   force =     0.00000000    0.00000000    0.00000000
     atom   29 type  2   force =     0.00000000    0.00000000    0.00000000
     atom   30 type  2   force =     0.00000000    0.00000000    0.00000000
     atom   31 type  2   force =     0.00000000    0.00000000    0.00000000
     atom   32 type  2   force =     0.00000000    0.00000000    0.00000000
     atom   33 type  2   force =     0.00000000    0.00000000    0.00000000
     atom   34 type  2   force =     0.00000000    0.00000000    0.00000000
     atom   35 type  2   force =     0.00000000    0.00000000    0.00000000
     atom   36 type  2   force =     0.00000000    0.00000000    0.00000000
     atom   37 type  1   force =     0.00000000    0.00000000    0.00000000
     atom   38 type  1   force =     0.00000000    0.00000000    0.00000000
     atom   39 type  1   force =     0.00000000    0.00000000    0.00000000
     atom   40 type  1   force =     0.00000000    0.00000000    0.00000000
     atom   41 type  1   force =     0.00000000    0.00000000    0.00000000
     atom   42 type  1   force =     0.00000000    0.00000000    0.00000000
     atom   43 type  1   force =     0.00000000    0.00000000    0.00000000
     atom   44 type  1   force =     0.00000000    0.00000000    0.00000000
     atom   45 type  1   force =     0.00000000    0.00000000    0.00000000
     atom   46 type  1   force =     0.00000000    0.00000000    0.00000000
     atom   47 type  1   force =     0.00000000    0.00000000    0.00000000
     atom   48 type  1   force =     0.00000000    0.00000000    0.00000000
     atom   49 type  2   force =     0.00000000    0.00000000    0.00000000
     atom   50 type  2   force =     0.00000000    0.00000000    0.00000000
     atom   51 type  2   force =     0.00000000    0.00000000    0.00000000
     atom   52 type  2   force =     0.00000000    0.00000000    0.00000000
     atom   53 type  2   force =     0.00000000    0.00000000    0.00000000
     atom   54 type  2   force =     0.00000000    0.00000000    0.00000000
     atom   55 type  2   force =     0.00000000    0.00000000    0.00000000
     atom   56 type  2   force =     0.00000000    0.00000000    0.00000000
     atom   57 type  2   force =     0.00000000    0.00000000    0.00000000
     atom   58 type  2   force =     0.00000000    0.00000000    0.00000000
     atom   59 type  2   force =     0.00000000    0.00000000    0.00000000
     atom   60 type  2   force =     0.00000000    0.00000000    0.00000000
     atom   61 type  2   force =     0.00000000    0.00000000    0.00000000
     atom   62 type  2   force =     0.00000000    0.00000000    0.00000000
     atom   63 type  2   force =     0.00000000    0.00000000    0.00000000
     atom   64 type  2   force =     0.00000000    0.00000000    0.00000000
     atom   65 type  2   force =     0.00000000    0.00000000    0.00000000
     atom   66 type  2   force =     0.00000000    0.00000000    0.00000000
     atom   67 type  2   force =     0.00000000    0.00000000    0.00000000
     atom   68 type  2   force =     0.00000000    0.00000000    0.00000000
     atom   69 type  2   force =     0.00000000    0.00000000    0.00000000
     atom   70 type  2   force =     0.00000000    0.00000000    0.00000000
     atom   71 type  2   force =     0.00000000    0.00000000    0.00000000
     atom   72 type  2   force =     0.00000000    0.00000000    0.00000000
     atom   73 type  3   force =     0.00000000    0.00000000    0.00000000
     atom   74 type  3   force =     0.00000000    0.00000000    0.00000000
     atom   75 type  3   force =     0.00000000    0.00000000    0.00000000
     atom   76 type  3   force =     0.00000000    0.00000000    0.00000000
     atom   77 type  3   force =     0.00000000    0.00000000    0.00000000
     atom   78 type  3   force =     0.00000000    0.00000000    0.00000000
     atom   79 type  3   force =     0.00000000    0.00000000    0.00000000
     atom   80 type  3   force =     0.00000000    0.00000000    0.00000000
     atom   81 type  3   force =     0.00000000    0.00000000    0.00000000
     atom   82 type  3   force =     0.00000000    0.00000000    0.00000000
     atom   83 type  3   force =     0.00000000    0.00000000    0.00000000
     atom   84 type  3   force =     0.00000000    0.00000000    0.00000000
     atom   85 type  3   force =     0.00000000    0.00000000    0.00000000
     atom   86 type  3   force =     0.00000000    0.00000000    0.00000000
     atom   87 type  3   force =     0.00000000    0.00000000    0.00000000
     atom   88 type  3   force =     0.00000000    0.00000000    0.00000000
     atom   89 type  3   force =     0.00000000    0.00000000    0.00000000
     atom   90 type  3   force =     0.00000000    0.00000000    0.00000000
     atom   91 type  3   force =     0.00000000    0.00000000    0.00000000
     atom   92 type  3   force =     0.00000000    0.00000000    0.00000000
     atom   93 type  3   force =     0.00000000    0.00000000    0.00000000
     atom   94 type  3   force =     0.00000000    0.00000000    0.00000000
     atom   95 type  3   force =     0.00000000    0.00000000    0.00000000
     atom   96 type  3   force =     0.00000000    0.00000000    0.00000000
     The SCF correction term to forces
     atom    1 type  1   force =    -0.00000070   -0.00000415   -0.00000065
     atom    2 type  1   force =     0.00000069    0.00000420   -0.00000064
     atom    3 type  1   force =     0.00000071   -0.00000417    0.00000051
     atom    4 type  1   force =     0.00000073   -0.00000417   -0.00000066
     atom    5 type  1   force =     0.00000583   -0.00000042    0.00000061
     atom    6 type  1   force =    -0.00000585   -0.00000043   -0.00000076
     atom    7 type  1   force =    -0.00000000    0.00000053   -0.00000011
     atom    8 type  1   force =     0.00000001   -0.00000053   -0.00000008
     atom    9 type  1   force =    -0.00000000   -0.00000001   -0.00000514
     atom   10 type  1   force =    -0.00000582   -0.00000043    0.00000062
     atom   11 type  1   force =     0.00000583   -0.00000041   -0.00000075
     atom   12 type  1   force =     0.00000000    0.00000001   -0.00000512
     atom   13 type  2   force =     0.00000007   -0.00000007   -0.00000209
     atom   14 type  2   force =    -0.00000007    0.00000008   -0.00000210
     atom   15 type  2   force =    -0.00000006   -0.00000007    0.00000202
     atom   16 type  2   force =     0.00000007    0.00000008    0.00000201
     atom   17 type  2   force =     0.00000099    0.00000242    0.00000149
     atom   18 type  2   force =     0.00000091   -0.00000101   -0.00000288
     atom   19 type  2   force =    -0.00000099   -0.00000241    0.00000149
     atom   20 type  2   force =    -0.00000091    0.00000100   -0.00000287
     atom   21 type  2   force =    -0.00000019   -0.00000015   -0.00000109
     atom   22 type  2   force =     0.00000019   -0.00000015    0.00000100
     atom   23 type  2   force =     0.00000005    0.00000105   -0.00000220
     atom   24 type  2   force =    -0.00000006    0.00000106    0.00000217
     atom   25 type  2   force =    -0.00000031    0.00000019   -0.00000137
     atom   26 type  2   force =     0.00000031   -0.00000017   -0.00000137
     atom   27 type  2   force =     0.00000030    0.00000018    0.00000134
     atom   28 type  2   force =    -0.00000032   -0.00000018    0.00000134
     atom   29 type  2   force =    -0.00000090   -0.00000099   -0.00000286
     atom   30 type  2   force =    -0.00000097    0.00000242    0.00000148
     atom   31 type  2   force =     0.00000090    0.00000101   -0.00000287
     atom   32 type  2   force =     0.00000097   -0.00000243    0.00000148
     atom   33 type  2   force =    -0.00000004    0.00000106   -0.00000220
     atom   34 type  2   force =     0.00000005    0.00000105    0.00000217
     atom   35 type  2   force =     0.00000019   -0.00000014   -0.00000109
     atom   36 type  2   force =    -0.00000019   -0.00000014    0.00000102
     atom   37 type  1   force =     0.00000072    0.00000416    0.00000051
     atom   38 type  1   force =    -0.00000072   -0.00000416    0.00000053
     atom   39 type  1   force =    -0.00000073    0.00000413   -0.00000066
     atom   40 type  1   force =    -0.00000071    0.00000417    0.00000049
     atom   41 type  1   force =     0.00000585    0.00000043   -0.00000074
     atom   42 type  1   force =    -0.00000587    0.00000042    0.00000061
     atom   43 type  1   force =     0.00000001   -0.00000001    0.00000497
     atom   44 type  1   force =    -0.00000583    0.00000041   -0.00000076
     atom   45 type  1   force =     0.00000586    0.00000042    0.00000061
     atom   46 type  1   force =     0.00000000   -0.00000056   -0.00000009
     atom   47 type  1   force =    -0.00000001    0.00000056   -0.00000008
     atom   48 type  1   force =    -0.00000001    0.00000000    0.00000493
     atom   49 type  2   force =     0.00000033   -0.00000018    0.00000134
     atom   50 type  2   force =    -0.00000031    0.00000018    0.00000134
     atom   51 type  2   force =    -0.00000031   -0.00000019   -0.00000137
     atom   52 type  2   force =     0.00000032    0.00000018   -0.00000138
     atom   53 type  2   force =     0.00000091    0.00000101    0.00000280
     atom   54 type  2   force =     0.00000099   -0.00000242   -0.00000153
     atom   55 type  2   force =    -0.00000090   -0.00000100    0.00000280
     atom   56 type  2   force =    -0.00000098    0.00000242   -0.00000153
     atom   57 type  2   force =     0.00000004   -0.00000105    0.00000217
     atom   58 type  2   force =    -0.00000005   -0.00000106   -0.00000221
     atom   59 type  2   force =    -0.00000020    0.00000015    0.00000100
     atom   60 type  2   force =     0.00000019    0.00000016   -0.00000108
     atom   61 type  2   force =    -0.00000007    0.00000008    0.00000201
     atom   62 type  2   force =     0.00000006   -0.00000008    0.00000202
     atom   63 type  2   force =     0.00000006    0.00000007   -0.00000209
     atom   64 type  2   force =    -0.00000007   -0.00000008   -0.00000210
     atom   65 type  2   force =    -0.00000098   -0.00000242   -0.00000153
     atom   66 type  2   force =    -0.00000091    0.00000100    0.00000278
     atom   67 type  2   force =     0.00000096    0.00000242   -0.00000153
     atom   68 type  2   force =     0.00000090   -0.00000100    0.00000279
     atom   69 type  2   force =     0.00000019    0.00000014    0.00000100
     atom   70 type  2   force =    -0.00000019    0.00000013   -0.00000110
     atom   71 type  2   force =    -0.00000004   -0.00000105    0.00000217
     atom   72 type  2   force =     0.00000004   -0.00000105   -0.00000220
     atom   73 type  3   force =     0.00000005   -0.00000001   -0.00000063
     atom   74 type  3   force =    -0.00000005    0.00000001   -0.00000063
     atom   75 type  3   force =    -0.00000014   -0.00000001   -0.00000065
     atom   76 type  3   force =     0.00000014   -0.00000001    0.00000065
     atom   77 type  3   force =     0.00000014    0.00000021   -0.00000169
     atom   78 type  3   force =    -0.00000014   -0.00000020   -0.00000170
     atom   79 type  3   force =    -0.00000014    0.00000021    0.00000169
     atom   80 type  3   force =     0.00000014   -0.00000021    0.00000170
     atom   81 type  3   force =    -0.00000005   -0.00000001   -0.00000063
     atom   82 type  3   force =     0.00000005    0.00000001   -0.00000063
     atom   83 type  3   force =     0.00000014   -0.00000001   -0.00000065
     atom   84 type  3   force =    -0.00000014   -0.00000001    0.00000065
     atom   85 type  3   force =    -0.00000014   -0.00000021    0.00000169
     atom   86 type  3   force =     0.00000014    0.00000021    0.00000169
     atom   87 type  3   force =     0.00000014   -0.00000021   -0.00000169
     atom   88 type  3   force =    -0.00000014    0.00000021   -0.00000170
     atom   89 type  3   force =     0.00000005    0.00000001    0.00000063
     atom   90 type  3   force =    -0.00000005   -0.00000001    0.00000063
     atom   91 type  3   force =    -0.00000014    0.00000001    0.00000065
     atom   92 type  3   force =     0.00000014    0.00000001   -0.00000065
     atom   93 type  3   force =    -0.00000005    0.00000001    0.00000063
     atom   94 type  3   force =     0.00000005   -0.00000001    0.00000062
     atom   95 type  3   force =     0.00000014    0.00000001    0.00000065
     atom   96 type  3   force =    -0.00000014    0.00000001   -0.00000065

     Total force =     0.265842     Total SCF correction =     0.000029


     Computing stress (Cartesian axis) and pressure


     negative rho (up, down):  2.184E-03 0.000E+00
          total   stress  (Ry/bohr**3)                   (kbar)     P=       -2.40
   0.00001817   0.00000000   0.00000000            2.67        0.00        0.00
   0.00000000   0.00001483   0.00000000            0.00        2.18        0.00
   0.00000000   0.00000000  -0.00008199            0.00        0.00      -12.06

     kinetic stress (kbar)   5969.09      0.00      0.00
                                0.00   5968.28      0.00
                                0.00      0.00   5750.58

     local   stress (kbar)-527899.50     -0.00     -0.00
                               -0.00-528211.78      0.00
                               -0.00      0.00 525693.47

     nonloc. stress (kbar)   -413.45      0.00      0.00
                                0.00   -413.20      0.00
                                0.00      0.00   -421.96

     hartree stress (kbar) 264442.85     -0.00      0.00
                               -0.00 264575.82     -0.00
                                0.00     -0.00-260722.94

     exc-cor stress (kbar)   1921.92      0.00      0.00
                                0.00   1922.03     -0.00
                                0.00     -0.00   1924.55

     corecor stress (kbar)  -3341.71     -0.00     -0.00
                               -0.00  -3341.70     -0.00
                               -0.00     -0.00  -3340.88

     ewald   stress (kbar) 259323.47      0.00      0.00
                                0.00 259502.74     -0.00
                                0.00     -0.00-268894.88

     hubbard stress (kbar)      0.00      0.00      0.00
                                0.00      0.00      0.00
                                0.00      0.00      0.00

     DFT-D   stress (kbar)      0.00      0.00      0.00
                                0.00      0.00      0.00
                                0.00      0.00      0.00

     XDM     stress (kbar)      0.00      0.00      0.00
                                0.00      0.00      0.00
                                0.00      0.00      0.00

     dft-nl  stress (kbar)      0.00      0.00      0.00
                                0.00      0.00      0.00
                                0.00      0.00      0.00

     TS-vdW  stress (kbar)      0.00      0.00      0.00
                                0.00      0.00      0.00
                                0.00      0.00      0.00

     MDB     stress (kbar)      0.00      0.00      0.00
                                0.00      0.00      0.00
                                0.00      0.00      0.00

     3D-RISM stress (kbar)      0.00      0.00      0.00
                                0.00      0.00      0.00
                                0.00      0.00      0.00


     Writing all to output data dir ./tmp/slab.save/ :
     XML data file, charge density, pseudopotentials, collected wavefunctions

     init_run     :     66.88s CPU     34.27s WALL (       1 calls)
     electrons    :  27223.22s CPU   6373.01s WALL (       1 calls)
     forces       :     67.66s CPU     31.91s WALL (       1 calls)
     stress       :    229.39s CPU     43.61s WALL (       1 calls)

     Called by init_run:
     wfcinit      :     46.41s CPU     15.67s WALL (       1 calls)
     wfcinit:atom :      0.09s CPU      0.11s WALL (       1 calls)
     wfcinit:wfcr :     44.67s CPU     13.84s WALL (       1 calls)
     potinit      :      3.12s CPU      3.33s WALL (       1 calls)
     hinit0       :      1.64s CPU      1.71s WALL (       1 calls)

     Called by electrons:
     c_bands      :  24704.39s CPU   4972.30s WALL (      77 calls)
     sum_band     :   1707.78s CPU    687.92s WALL (      77 calls)
     v_of_rho     :    108.62s CPU    117.52s WALL (      78 calls)
     v_h          :      6.73s CPU      7.44s WALL (      78 calls)
     v_xc         :    104.29s CPU    112.70s WALL (      80 calls)
     newd         :    264.14s CPU    131.89s WALL (      78 calls)
     PAW_pot      :     75.74s CPU     76.40s WALL (      78 calls)
     mix_rho      :    355.45s CPU    377.54s WALL (      77 calls)

     Called by c_bands:
     init_us_2    :     44.84s CPU     36.27s WALL (     156 calls)
     cegterg      :  24015.96s CPU   4345.47s WALL (      77 calls)

     Called by sum_band:
     sum_band:wei :      0.41s CPU      0.16s WALL (      77 calls)
     sum_band:loo :   1024.49s CPU    464.97s WALL (      77 calls)
     sum_band:buf :      0.00s CPU      0.00s WALL (      77 calls)
     sum_band:ini :     26.70s CPU     18.17s WALL (      77 calls)
     sum_band:cal :    611.32s CPU     47.79s WALL (      77 calls)
     sum_band:bec :      0.79s CPU      0.07s WALL (      77 calls)
     addusdens    :    521.80s CPU    126.80s WALL (      77 calls)
                                        0.00s GPU  (      77 calls)
     addusd:skk   :      8.84s CPU     14.21s WALL (     231 calls)
                                        0.00s GPU  (     231 calls)

     Called by *egterg:
     cdiaghg      :   6415.14s CPU    696.17s WALL (     636 calls)
     cegterg:over :   3567.07s CPU    386.50s WALL (     559 calls)
     cegterg:upda :   1399.73s CPU    123.61s WALL (     559 calls)
     cegterg:last :   2412.29s CPU    185.08s WALL (     193 calls)
     cdiaghg:chol :    719.72s CPU    103.65s WALL (     636 calls)
     cdiaghg:inve :    149.43s CPU     25.26s WALL (     636 calls)
     cdiaghg:para :    731.74s CPU     88.53s WALL (    1272 calls)
     h_psi        :   6890.80s CPU   2646.30s WALL (     637 calls)
     s_psi        :   1365.17s CPU     93.37s WALL (     637 calls)
     g_psi        :    225.44s CPU     22.32s WALL (     559 calls)

     Called by h_psi:
     h_psi:calbec :   2668.63s CPU    246.24s WALL (     637 calls)
     vloc_psi     :   2558.89s CPU   2262.86s WALL (     637 calls)
                                        0.00s GPU  (     637 calls)
     add_vuspsi   :   1595.28s CPU    124.50s WALL (     637 calls)

     General routines
     calbec       :   3430.82s CPU    308.92s WALL (     731 calls)
     fft          :     89.33s CPU     96.95s WALL (    1037 calls)
     ffts         :    200.37s CPU    214.68s WALL (    9503 calls)
     fftw         :   2648.21s CPU   2397.79s WALL (  168880 calls)
     interpolate  :      8.86s CPU      9.50s WALL (      78 calls)

     Parallel routines

     PAW routines
     PAW_pot      :     75.74s CPU     76.40s WALL (      78 calls)
     PAW_symme    :      0.47s CPU      0.33s WALL (     155 calls)

     PWSCF        :      7h39m CPU      1h48m WALL


   This run was terminated on:   4:46: 0  27Sep2026            

=------------------------------------------------------------------------------=
   JOB DONE.
=------------------------------------------------------------------------------=
