    0.000000000    0.178032526    0.178032637
    0.028266863    0.178032552    0.178032638
    0.056533726    0.178032617    0.178032639
    0.084800589    0.178032694    0.178032640
    0.113067451    0.178032748    0.178032641
    0.141334314    0.178032757    0.178032641
    0.169601177    0.178032715    0.178032640
    0.197868040    0.178032642    0.178032639
    0.226134903    0.178032569    0.178032638
    0.254401766    0.178032529    0.178032637
    0.282668628    0.178032538    0.178032637
    0.310935491    0.178032594    0.178032638
    0.339202354    0.178032671    0.178032639
    0.367469217    0.178032735    0.178032640
    0.395736080    0.178032759    0.178032641
    0.424002943    0.178032732    0.178032640
    0.452269805    0.178032666    0.178032639
    0.480536668    0.178032589    0.178032638
    0.508803531    0.178032536    0.178032637
    0.537070394    0.178032529    0.178032636
    0.565337257    0.178032572    0.178032637
    0.593604120    0.178032646    0.178032638
    0.621870983    0.178032718    0.178032639
    0.650137845    0.178032756    0.178032640
    0.678404708    0.178032745    0.178032639
    0.706671571    0.178032688    0.178032638
    0.734938434    0.178032611    0.178032637
    0.763205297    0.178032547    0.178032636
    0.791472160    0.178032524    0.178032635
    0.819739022    0.178032553    0.178032636
    0.848005885    0.178032620    0.178032637
    0.876272748    0.178032696    0.178032638
    0.904539611    0.178032748    0.178032639
    0.932806474    0.178032753    0.178032639
    0.961073337    0.178032709    0.178032638
    0.989340200    0.178032634    0.178032636
    1.017607062    0.178032562    0.178032635
    1.045873925    0.178032525    0.178032634
    1.074140788    0.178032538    0.178032634
    1.102407651    0.178032595    0.178032635
    1.130674514    0.178032672    0.178032636
    1.158941377    0.178032735    0.178032637
    1.187208239    0.178032756    0.178032637
    1.215475102    0.178032726    0.178032637
    1.243741965    0.178032657    0.178032635
    1.272008828    0.178032581    0.178032634
    1.300275691    0.178032530    0.178032633
    1.328542554    0.178032526    0.178032633
    1.356809416    0.178032572    0.178032633
    1.385076279    0.178032647    0.178032634
    1.413343142    0.178032718    0.178032635
    1.441610005    0.178032754    0.178032636
    1.469876868    0.178032739    0.178032635
    1.498143731    0.178032680    0.178032634
    1.526410594    0.178032602    0.178032633
    1.554677456    0.178032540    0.178032631
    1.582944319    0.178032520    0.178032631
    1.611211182    0.178032551    0.178032631
    1.639478045    0.178032620    0.178032632
    1.667744908    0.178032696    0.178032633
    1.696011771    0.178032746    0.178032634
    1.724278633    0.178032747    0.178032634
    1.752545496    0.178032700    0.178032633
    1.780812359    0.178032624    0.178032631
    1.809079222    0.178032553    0.178032630
    1.837346085    0.178032518    0.178032629
    1.865612948    0.178032534    0.178032629
    1.893879811    0.178032594    0.178032630
    1.922146673    0.178032672    0.178032631
    1.950413536    0.178032733    0.178032632
    1.978680399    0.178032751    0.178032632
    2.006947262    0.178032717    0.178032631
    2.035214125    0.178032647    0.178032629
    2.063480988    0.178032571    0.178032628
    2.091747850    0.178032522    0.178032627
    2.120014713    0.178032521    0.178032627
    2.148281576    0.178032570    0.178032627
    2.176548439    0.178032645    0.178032628
    2.204815302    0.178032715    0.178032629
    2.233082165    0.178032748    0.178032629
    2.261349027    0.178032730    0.178032629
    2.289615890    0.178032669    0.178032627
    2.317882753    0.178032590    0.178032626
    2.346149616    0.178032530    0.178032625
    2.374416479    0.178032513    0.178032624
    2.402683342    0.178032547    0.178032624
    2.430950205    0.178032618    0.178032625
    2.459217067    0.178032694    0.178032626
    2.487483930    0.178032741    0.178032627
    2.515750793    0.178032739    0.178032626
    2.544017656    0.178032689    0.178032625
    2.572284519    0.178032612    0.178032624
    2.600551382    0.178032542    0.178032622
    2.628818244    0.178032509    0.178032621
    2.657085107    0.178032528    0.178032621
    2.685351970    0.178032591    0.178032622
    2.713618833    0.178032669    0.178032623
    2.741885696    0.178032728    0.178032624
    2.770152559    0.178032743    0.178032624
    2.798419422    0.178032706    0.178032623
    2.826686284    0.178032634    0.178032621
    2.854953147    0.178032558    0.178032619
    2.883220010    0.178032511    0.178032618
    2.911486873    0.178032514    0.178032618
    2.939753736    0.178032565    0.178032619
    2.968020599    0.178032642    0.178032619
    2.996287461    0.178032710    0.178032620
    3.024554324    0.178032741    0.178032620
    3.052821187    0.178032719    0.178032620
    3.081088050    0.178032655    0.178032618
    3.109354913    0.178032576    0.178032617
    3.137621776    0.178032517    0.178032615
    3.165888638    0.178032503    0.178032615
    3.194155501    0.178032541    0.178032615
    3.222422364    0.178032613    0.178032616
    3.250689227    0.178032689    0.178032617
    3.278956090    0.178032734    0.178032617
    3.307222953    0.178032728    0.178032616
    3.335489816    0.178032675    0.178032615
    3.363756678    0.178032597    0.178032614
    3.392023541    0.178032528    0.178032612
    3.420290404    0.178032498    0.178032611
    3.448557267    0.178032520    0.178032611
    3.476824130    0.178032585    0.178032612
    3.505090993    0.178032663    0.178032613
    3.533357855    0.178032721    0.178032613
    3.561624718    0.178032732    0.178032613
    3.589891581    0.178032692    0.178032612
    3.618158444    0.178032618    0.178032610
    3.646425307    0.178032542    0.178032609
    3.674692170    0.178032497    0.178032607
    3.702959032    0.178032503    0.178032607
    3.731225895    0.178032557    0.178032607
    3.759492758    0.178032635    0.178032608
    3.787759621    0.178032703    0.178032609
    3.816026484    0.178032731    0.178032609
    3.844293347    0.178032706    0.178032608
    3.872560210    0.178032639    0.178032607
    3.900827072    0.178032559    0.178032605
    3.929093935    0.178032502    0.178032603
    3.957360798    0.178032491    0.178032603
    3.985627661    0.178032532    0.178032603
    4.013894524    0.178032606    0.178032604
    4.042161387    0.178032681    0.178032605
    4.070428249    0.178032724    0.178032605
    4.098695112    0.178032715    0.178032604
    4.126961975    0.178032659    0.178032603
    4.155228838    0.178032579    0.178032601
    4.183495701    0.178032511    0.178032599
    4.211762564    0.178032484    0.178032598
    4.240029427    0.178032509    0.178032598
    4.268296289    0.178032577    0.178032599
    4.296563152    0.178032656    0.178032600
    4.324830015    0.178032712    0.178032600
    4.353096878    0.178032720    0.178032600
    4.381363741    0.178032676    0.178032599
    4.409630604    0.178032600    0.178032597
    4.437897466    0.178032524    0.178032595
    4.466164329    0.178032481    0.178032594
    4.494431192    0.178032491    0.178032593
    4.522698055    0.178032548    0.178032594
    4.550964918    0.178032627    0.178032595
    4.579231781    0.178032694    0.178032595
    4.607498643    0.178032719    0.178032595
    4.635765506    0.178032690    0.178032594
    4.664032369    0.178032621    0.178032592
    4.692299232    0.178032540    0.178032591
    4.720566095    0.178032484    0.178032589
    4.748832958    0.178032476    0.178032588
    4.777099821    0.178032520    0.178032589
    4.805366683    0.178032597    0.178032589
    4.833633546    0.178032672    0.178032590
    4.861900409    0.178032712    0.178032590
    4.890167272    0.178032700    0.178032589
    4.918434135    0.178032640    0.178032588
    4.946700998    0.178032559    0.178032586
    4.974967860    0.178032491    0.178032584
    5.003234723    0.178032467    0.178032583
    5.031501586    0.178032496    0.178032583
    5.059768449    0.178032566    0.178032584
    5.088035312    0.178032645    0.178032584
    5.116302175    0.178032700    0.178032585
    5.144569038    0.178032705    0.178032584
    5.172835900    0.178032658    0.178032583
    5.201102763    0.178032579    0.178032581
    5.229369626    0.178032503    0.178032579
    5.257636489    0.178032463    0.178032578
    5.285903352    0.178032475    0.178032577
    5.314170215    0.178032535    0.178032578
    5.342437077    0.178032616    0.178032579
    5.370703940    0.178032682    0.178032579
    5.398970803    0.178032704    0.178032579
    5.427237666    0.178032672    0.178032578
    5.455504529    0.178032599    0.178032576
    5.483771392    0.178032518    0.178032574
    5.512038254    0.178032463    0.178032572
    5.540305117    0.178032459    0.178032572
    5.568571980    0.178032506    0.178032572
    5.596838843    0.178032585    0.178032572
    5.625105706    0.178032660    0.178032573
    5.653372569    0.178032698    0.178032573
    5.681639432    0.178032682    0.178032572
    5.709906294    0.178032619    0.178032570
    5.738173157    0.178032536    0.178032568
    5.766440020    0.178032469    0.178032566
    5.794706883    0.178032447    0.178032565
    5.822973746    0.178032480    0.178032565
    5.851240609    0.178032553    0.178032566
    5.879507471    0.178032633    0.178032567
    5.907774334    0.178032686    0.178032567
    5.936041197    0.178032687    0.178032566
    5.964308060    0.178032636    0.178032565
    5.992574923    0.178032555    0.178032563
    6.020841786    0.178032479    0.178032561
    6.049108649    0.178032441    0.178032559
    6.077375511    0.178032457    0.178032559
    6.105642374    0.178032521    0.178032559
    6.133909237    0.178032603    0.178032560
    6.162176100    0.178032668    0.178032560
    6.190442963    0.178032687    0.178032560
    6.218709826    0.178032651    0.178032559
    6.246976688    0.178032576    0.178032557
    6.275243551    0.178032493    0.178032554
    6.303510414    0.178032440    0.178032553
    6.331777277    0.178032439    0.178032552
    6.360044140    0.178032490    0.178032552
    6.388311003    0.178032571    0.178032553
    6.416577865    0.178032645    0.178032553
    6.444844728    0.178032681    0.178032553
    6.473111591    0.178032661    0.178032552
    6.501378454    0.178032595    0.178032550
    6.529645317    0.178032510    0.178032548
    6.557912180    0.178032444    0.178032546
    6.586179043    0.178032425    0.178032545
    6.614445905    0.178032462    0.178032545
    6.642712768    0.178032537    0.178032545
    6.670979631    0.178032618    0.178032546
    6.699246494    0.178032669    0.178032546
    6.727513357    0.178032667    0.178032545
    6.755780220    0.178032613    0.178032544
    6.784047082    0.178032529    0.178032542
    6.812313945    0.178032453    0.178032539
    6.840580808    0.178032417    0.178032538
    6.868847671    0.178032437    0.178032538
    6.897114534    0.178032503    0.178032538
    6.925381397    0.178032587    0.178032539
    6.953648260    0.178032651    0.178032539
    6.981915122    0.178032667    0.178032538
    7.010181985    0.178032627    0.178032537
    7.038448848    0.178032549    0.178032535
    7.066715711    0.178032466    0.178032532
    7.094982574    0.178032414    0.178032531
    7.123249437    0.178032416    0.178032530
    7.151516299    0.178032471    0.178032530
    7.179783162    0.178032554    0.178032531
    7.208050025    0.178032629    0.178032531
    7.236316888    0.178032662    0.178032531
    7.264583751    0.178032638    0.178032530
    7.292850614    0.178032568    0.178032528
    7.321117476    0.178032482    0.178032525
    7.349384339    0.178032416    0.178032523
    7.377651202    0.178032401    0.178032522
    7.405918065    0.178032441    0.178032522
    7.434184928    0.178032519    0.178032522
    7.462451791    0.178032601    0.178032523
    7.490718654    0.178032650    0.178032523
    7.518985516    0.178032645    0.178032522
    7.547252379    0.178032586    0.178032520
    7.575519242    0.178032500    0.178032518
    7.603786105    0.178032424    0.178032516
    7.632052968    0.178032390    0.178032514
    7.660319831    0.178032414    0.178032514
    7.688586693    0.178032484    0.178032514
    7.716853556    0.178032569    0.178032515
    7.745120419    0.178032633    0.178032515
    7.773387282    0.178032645    0.178032514
    7.801654145    0.178032601    0.178032512
    7.829921008    0.178032520    0.178032510
    7.858187870    0.178032435    0.178032508
    7.886454733    0.178032385    0.178032506
    7.914721596    0.178032391    0.178032505
    7.942988459    0.178032449    0.178032505
    7.971255322    0.178032535    0.178032506
    7.999522185    0.178032609    0.178032506
    8.027789048    0.178032640    0.178032506
    8.056055910    0.178032613    0.178032504
    8.084322773    0.178032539    0.178032502
    8.112589636    0.178032450    0.178032500
    8.140856499    0.178032386    0.178032498
    8.169123362    0.178032373    0.178032497
    8.197390225    0.178032417    0.178032496
    8.225657087    0.178032499    0.178032497
    8.253923950    0.178032581    0.178032497
    8.282190813    0.178032629    0.178032497
    8.310457676    0.178032619    0.178032496
    8.338724539    0.178032557    0.178032494
    8.366991402    0.178032468    0.178032492
    8.395258265    0.178032392    0.178032489
    8.423525127    0.178032360    0.178032488
    8.451791990    0.178032388    0.178032487
    8.480058853    0.178032462    0.178032488
    8.508325716    0.178032549    0.178032488
    8.536592579    0.178032611    0.178032488
    8.564859442    0.178032621    0.178032487
    8.593126304    0.178032572    0.178032485
    8.621393167    0.178032487    0.178032483
    8.649660030    0.178032402    0.178032481
    8.677926893    0.178032353    0.178032479
    8.706193756    0.178032363    0.178032478
    8.734460619    0.178032425    0.178032478
    8.762727481    0.178032513    0.178032478
    8.790994344    0.178032588    0.178032479
    8.819261207    0.178032616    0.178032478
    8.847528070    0.178032584    0.178032477
    8.875794933    0.178032507    0.178032474
    8.904061796    0.178032416    0.178032472
    8.932328659    0.178032352    0.178032470
    8.960595521    0.178032342    0.178032468
    8.988862384    0.178032391    0.178032468
    9.017129247    0.178032476    0.178032468
    9.045396110    0.178032559    0.178032469
    9.073662973    0.178032605    0.178032469
    9.101929836    0.178032592    0.178032467
    9.130196698    0.178032525    0.178032465
    9.158463561    0.178032433    0.178032462
    9.186730424    0.178032356    0.178032460
    9.214997287    0.178032328    0.178032459
    9.243264150    0.178032359    0.178032458
    9.271531013    0.178032437    0.178032458
    9.299797876    0.178032526    0.178032459
    9.328064738    0.178032588    0.178032459
    9.356331601    0.178032594    0.178032458
    9.384598464    0.178032541    0.178032456
    9.412865327    0.178032452    0.178032453
    9.441132190    0.178032365    0.178032451
    9.469399053    0.178032319    0.178032449
    9.497665915    0.178032332    0.178032448
    9.525932778    0.178032398    0.178032448
    9.554199641    0.178032489    0.178032448
    9.582466504    0.178032564    0.178032448
    9.610733367    0.178032589    0.178032448
    9.639000230    0.178032553    0.178032446
    9.667267092    0.178032471    0.178032443
    9.695533955    0.178032379    0.178032441
    9.723800818    0.178032315    0.178032438
    9.752067681    0.178032309    0.178032437
    9.780334544    0.178032362    0.178032437
    9.808601407    0.178032450    0.178032437
    9.836868270    0.178032535    0.178032438
    9.865135132    0.178032579    0.178032437
    9.893401995    0.178032561    0.178032436
    9.921668858    0.178032490    0.178032433
    9.949935721    0.178032395    0.178032431
    9.978202584    0.178032318    0.178032428
   10.006469447    0.178032292    0.178032427
   10.034736309    0.178032328    0.178032426
   10.063003172    0.178032410    0.178032426
   10.091270035    0.178032501    0.178032426
   10.119536898    0.178032561    0.178032426
   10.147803761    0.178032564    0.178032425
   10.176070624    0.178032506    0.178032423
   10.204337487    0.178032414    0.178032420
   10.232604349    0.178032326    0.178032418
   10.260871212    0.178032281    0.178032416
   10.289138075    0.178032298    0.178032415
   10.317404938    0.178032369    0.178032415
   10.345671801    0.178032463    0.178032415
   10.373938664    0.178032538    0.178032415
   10.402205526    0.178032560    0.178032414
   10.430472389    0.178032519    0.178032412
   10.458739252    0.178032433    0.178032410
   10.487006115    0.178032338    0.178032407
   10.515272978    0.178032275    0.178032405
   10.543539841    0.178032272    0.178032403
   10.571806703    0.178032330    0.178032403
   10.600073566    0.178032422    0.178032403
   10.628340429    0.178032508    0.178032403
   10.656607292    0.178032550    0.178032403
   10.684874155    0.178032528    0.178032401
   10.713141018    0.178032452    0.178032399
   10.741407881    0.178032354    0.178032396
   10.769674743    0.178032276    0.178032393
   10.797941606    0.178032253    0.178032392
   10.826208469    0.178032293    0.178032391
   10.854475332    0.178032380    0.178032391
   10.882742195    0.178032473    0.178032391
   10.911009058    0.178032533    0.178032391
   10.939275920    0.178032531    0.178032390
   10.967542783    0.178032469    0.178032388
   10.995809646    0.178032372    0.178032385
   11.024076509    0.178032283    0.178032382
   11.052343372    0.178032239    0.178032380
   11.080610235    0.178032261    0.178032379
   11.108877097    0.178032337    0.178032379
   11.137143960    0.178032434    0.178032379
   11.165410823    0.178032509    0.178032379
   11.193677686    0.178032528    0.178032378
   11.221944549    0.178032483    0.178032376
   11.250211412    0.178032391    0.178032373
   11.278478275    0.178032294    0.178032370
   11.306745137    0.178032232    0.178032368
   11.335012000    0.178032233    0.178032366
   11.363278863    0.178032295    0.178032366
   11.391545726    0.178032392    0.178032366
   11.419812589    0.178032479    0.178032366
   11.448079452    0.178032518    0.178032366
   11.476346314    0.178032492    0.178032364
   11.504613177    0.178032411    0.178032361
   11.532880040    0.178032309    0.178032358
   11.561146903    0.178032231    0.178032355
   11.589413766    0.178032211    0.178032354
   11.617680629    0.178032256    0.178032353
   11.645947492    0.178032347    0.178032353
   11.674214354    0.178032443    0.178032353
   11.702481217    0.178032502    0.178032353
   11.730748080    0.178032496    0.178032352
   11.759014943    0.178032428    0.178032349
   11.787281806    0.178032327    0.178032346
   11.815548669    0.178032236    0.178032343
   11.843815531    0.178032195    0.178032341
   11.872082394    0.178032221    0.178032340
   11.900349257    0.178032302    0.178032340
   11.928616120    0.178032403    0.178032340
   11.956882983    0.178032478    0.178032340
   11.985149846    0.178032494    0.178032339
   12.013416708    0.178032443    0.178032337
   12.041683571    0.178032347    0.178032333
   12.069950434    0.178032246    0.178032330
   12.098217297    0.178032185    0.178032328
   12.126484160    0.178032190    0.178032326
   12.154751023    0.178032258    0.178032326
   12.183017886    0.178032358    0.178032326
   12.211284748    0.178032447    0.178032326
   12.239551611    0.178032485    0.178032326
   12.267818474    0.178032453    0.178032324
   12.296085337    0.178032366    0.178032321
   12.324352200    0.178032261    0.178032317
   12.352619063    0.178032183    0.178032315
   12.380885925    0.178032165    0.178032313
   12.409152788    0.178032216    0.178032312
   12.437419651    0.178032312    0.178032312
   12.465686514    0.178032411    0.178032312
   12.493953377    0.178032468    0.178032312
   12.522220240    0.178032458    0.178032310
   12.550487103    0.178032384    0.178032308
   12.578753965    0.178032279    0.178032304
   12.607020828    0.178032186    0.178032301
   12.635287691    0.178032147    0.178032299
   12.663554554    0.178032177    0.178032298
   12.691821417    0.178032264    0.178032298
   12.720088280    0.178032369    0.178032298
   12.748355142    0.178032444    0.178032298
   12.776622005    0.178032457    0.178032297
   12.804888868    0.178032400    0.178032294
   12.833155731    0.178032298    0.178032291
   12.861422594    0.178032195    0.178032287
   12.889689457    0.178032135    0.178032285
   12.917956319    0.178032144    0.178032283
   12.946223182    0.178032217    0.178032283
   12.974490045    0.178032323    0.178032283
   13.002756908    0.178032413    0.178032283
   13.031023771    0.178032448    0.178032282
   13.059290634    0.178032411    0.178032280
   13.087557497    0.178032318    0.178032277
   13.115824359    0.178032209    0.178032274
   13.144091222    0.178032130    0.178032271
   13.172358085    0.178032116    0.178032269
   13.200624948    0.178032172    0.178032268
   13.228891811    0.178032274    0.178032268
   13.257158674    0.178032375    0.178032268
   13.285425536    0.178032432    0.178032268
   13.313692399    0.178032417    0.178032266
   13.341959262    0.178032337    0.178032263
   13.370226125    0.178032226    0.178032259
   13.398492988    0.178032132    0.178032256
   13.426759851    0.178032095    0.178032254
   13.455026714    0.178032131    0.178032253
   13.483293576    0.178032224    0.178032253
   13.511560439    0.178032332    0.178032253
   13.539827302    0.178032408    0.178032252
   13.568094165    0.178032417    0.178032251
   13.596361028    0.178032354    0.178032248
   13.624627891    0.178032246    0.178032245
   13.652894753    0.178032140    0.178032241
   13.681161616    0.178032081    0.178032239
   13.709428479    0.178032094    0.178032237
   13.737695342    0.178032174    0.178032237
   13.765962205    0.178032284    0.178032237
   13.794229068    0.178032376    0.178032237
   13.822495930    0.178032409    0.178032236
   13.850762793    0.178032366    0.178032233
   13.879029656    0.178032267    0.178032230
   13.907296519    0.178032153    0.178032226
   13.935563382    0.178032074    0.178032223
   13.963830245    0.178032063    0.178032221
   13.992097108    0.178032126    0.178032221
   14.020363970    0.178032233    0.178032221
   14.048630833    0.178032338    0.178032221
   14.076897696    0.178032393    0.178032220
   14.105164559    0.178032373    0.178032218
   14.133431422    0.178032287    0.178032215
   14.161698285    0.178032170    0.178032211
   14.189965147    0.178032074    0.178032208
   14.218232010    0.178032039    0.178032205
   14.246498873    0.178032081    0.178032204
   14.274765736    0.178032180    0.178032204
   14.303032599    0.178032293    0.178032204
   14.331299462    0.178032369    0.178032204
   14.359566324    0.178032374    0.178032202
   14.387833187    0.178032305    0.178032199
   14.416100050    0.178032190    0.178032196
   14.444366913    0.178032081    0.178032192
   14.472633776    0.178032023    0.178032189
   14.500900639    0.178032041    0.178032188
   14.529167502    0.178032127    0.178032187
   14.557434364    0.178032243    0.178032187
   14.585701227    0.178032337    0.178032187
   14.613968090    0.178032367    0.178032186
   14.642234953    0.178032318    0.178032183
   14.670501816    0.178032212    0.178032180
   14.698768679    0.178032093    0.178032176
   14.727035541    0.178032013    0.178032173
   14.755302404    0.178032007    0.178032171
   14.783569267    0.178032076    0.178032170
   14.811836130    0.178032190    0.178032170
   14.840102993    0.178032298    0.178032170
   14.868369856    0.178032351    0.178032169
   14.896636719    0.178032326    0.178032167
   14.924903581    0.178032233    0.178032163
   14.953170444    0.178032110    0.178032159
   14.981437307    0.178032012    0.178032156
   15.009704170    0.178031980    0.178032153
   15.037971033    0.178032028    0.178032152
   15.066237896    0.178032134    0.178032152
   15.094504758    0.178032251    0.178032152
   15.122771621    0.178032328    0.178032152
   15.151038484    0.178032328    0.178032150
   15.179305347    0.178032252    0.178032147
   15.207572210    0.178032131    0.178032143
   15.235839073    0.178032017    0.178032139
   15.264105935    0.178031960    0.178032136
   15.292372798    0.178031984    0.178032134
   15.320639661    0.178032078    0.178032134
   15.348906524    0.178032199    0.178032134
   15.377173387    0.178032295    0.178032134
   15.405440250    0.178032322    0.178032132
   15.433707113    0.178032267    0.178032130
   15.461973975    0.178032153    0.178032126
   15.490240838    0.178032029    0.178032122
   15.518507701    0.178031948    0.178032118
   15.546774564    0.178031946    0.178032116
   15.575041427    0.178032023    0.178032116
   15.603308290    0.178032143    0.178032116
   15.631575152    0.178032255    0.178032116
   15.659842015    0.178032307    0.178032115
   15.688108878    0.178032276    0.178032112
   15.716375741    0.178032175    0.178032108
   15.744642604    0.178032046    0.178032104
   15.772909467    0.178031945    0.178032100
   15.801176330    0.178031916    0.178032098
   15.829443192    0.178031970    0.178032097
   15.857710055    0.178032084    0.178032097
   15.885976918    0.178032207    0.178032097
   15.914243781    0.178032284    0.178032096
   15.942510644    0.178032279    0.178032094
   15.970777507    0.178032195    0.178032091
   15.999044369    0.178032066    0.178032086
   16.027311232    0.178031949    0.178032082
   16.055578095    0.178031893    0.178032079
   16.083844958    0.178031923    0.178032078
   16.112111821    0.178032025    0.178032077
   16.140378684    0.178032153    0.178032077
   16.168645546    0.178032251    0.178032077
   16.196912409    0.178032274    0.178032075
   16.225179272    0.178032212    0.178032072
   16.253446135    0.178032089    0.178032068
   16.281712998    0.178031960    0.178032064
   16.309979861    0.178031879    0.178032060
   16.338246724    0.178031881    0.178032058
   16.366513586    0.178031966    0.178032058
   16.394780449    0.178032094    0.178032058
   16.423047312    0.178032209    0.178032057
   16.451314175    0.178032260    0.178032056
   16.479581038    0.178032223    0.178032054
   16.507847901    0.178032113    0.178032050
   16.536114763    0.178031976    0.178032045
   16.564381626    0.178031873    0.178032041
   16.592648489    0.178031847    0.178032039
   16.620915352    0.178031909    0.178032037
   16.649182215    0.178032032    0.178032037
   16.677449078    0.178032160    0.178032037
   16.705715941    0.178032237    0.178032037
   16.733982803    0.178032227    0.178032034
   16.762249666    0.178032135    0.178032031
   16.790516529    0.178031998    0.178032026
   16.818783392    0.178031876    0.178032022
   16.847050255    0.178031821    0.178032019
   16.875317118    0.178031857    0.178032017
   16.903583980    0.178031968    0.178032017
   16.931850843    0.178032104    0.178032017
   16.960117706    0.178032204    0.178032016
   16.988384569    0.178032224    0.178032014
   17.016651432    0.178032153    0.178032011
   17.044918295    0.178032022    0.178032007
   17.073185157    0.178031886    0.178032002
   17.101452020    0.178031804    0.178031998
   17.129718883    0.178031812    0.178031996
   17.157985746    0.178031905    0.178031996
   17.186252609    0.178032042    0.178031996
   17.214519472    0.178032162    0.178031995
   17.242786335    0.178032211    0.178031994
   17.271053197    0.178032166    0.178031991
   17.299320060    0.178032046    0.178031987
   17.327586923    0.178031902    0.178031982
   17.355853786    0.178031796    0.178031978
   17.384120649    0.178031774    0.178031975
   17.412387512    0.178031844    0.178031974
   17.440654374    0.178031976    0.178031974
   17.468921237    0.178032110    0.178031974
   17.497188100    0.178032188    0.178031973
   17.525454963    0.178032172    0.178031971
   17.553721826    0.178032070    0.178031967
   17.581988689    0.178031924    0.178031962
   17.610255551    0.178031797    0.178031957
   17.638522414    0.178031744    0.178031954
   17.666789277    0.178031788    0.178031952
   17.695056140    0.178031908    0.178031952
   17.723323003    0.178032052    0.178031952
   17.751589866    0.178032154    0.178031952
   17.779856729    0.178032170    0.178031949
   17.808123591    0.178032091    0.178031946
   17.836390454    0.178031949    0.178031941
   17.864657317    0.178031806    0.178031936
   17.892924180    0.178031724    0.178031932
   17.921191043    0.178031737    0.178031930
   17.949457906    0.178031840    0.178031929
   17.977724768    0.178031986    0.178031930
   18.005991631    0.178032111    0.178031929
   18.034258494    0.178032158    0.178031928
   18.062525357    0.178032106    0.178031924
   18.090792220    0.178031975    0.178031920
   18.119059083    0.178031822    0.178031915
   18.147325946    0.178031713    0.178031910
   18.175592808    0.178031695    0.178031908
   18.203859671    0.178031774    0.178031907
   18.232126534    0.178031917    0.178031906
   18.260393397    0.178032058    0.178031906
   18.288660260    0.178032136    0.178031905
   18.316927123    0.178032114    0.178031903
   18.345193985    0.178032001    0.178031898
   18.373460848    0.178031845    0.178031893
   18.401727711    0.178031712    0.178031888
   18.429994574    0.178031661    0.178031885
   18.458261437    0.178031713    0.178031883
   18.486528300    0.178031844    0.178031883
   18.514795162    0.178031997    0.178031883
   18.543062025    0.178032102    0.178031882
   18.571328888    0.178032114    0.178031880
   18.599595751    0.178032024    0.178031876
   18.627862614    0.178031871    0.178031871
   18.656129477    0.178031721    0.178031866
   18.684396340    0.178031637    0.178031862
   18.712663202    0.178031658    0.178031859
   18.740930065    0.178031771    0.178031859
   18.769196928    0.178031928    0.178031859
   18.797463791    0.178032058    0.178031859
   18.825730654    0.178032103    0.178031857
   18.853997517    0.178032042    0.178031853
   18.882264379    0.178031899    0.178031848
   18.910531242    0.178031737    0.178031843
   18.938798105    0.178031624    0.178031838
   18.967064968    0.178031610    0.178031835
   18.995331831    0.178031700    0.178031834
   19.023598694    0.178031854    0.178031834
   19.051865557    0.178032003    0.178031834
   19.080132419    0.178032081    0.178031833
   19.108399282    0.178032052    0.178031830
   19.136666145    0.178031927    0.178031825
   19.164933008    0.178031760    0.178031820
   19.193199871    0.178031621    0.178031814
   19.221466734    0.178031572    0.178031811
   19.249733596    0.178031633    0.178031809
   19.278000459    0.178031776    0.178031809
   19.306267322    0.178031939    0.178031809
   19.334534185    0.178032048    0.178031808
   19.362801048    0.178032054    0.178031806
   19.391067911    0.178031953    0.178031801
   19.419334773    0.178031787    0.178031796
   19.447601636    0.178031628    0.178031790
   19.475868499    0.178031545    0.178031786
   19.504135362    0.178031572    0.178031784
   19.532402225    0.178031698    0.178031783
   19.560669088    0.178031866    0.178031783
   19.588935951    0.178032003    0.178031783
   19.617202813    0.178032045    0.178031781
   19.645469676    0.178031974    0.178031777
   19.673736539    0.178031818    0.178031771
   19.702003402    0.178031644    0.178031766
   19.730270265    0.178031528    0.178031761
   19.758537128    0.178031519    0.178031758
   19.786803990    0.178031621    0.178031756
   19.815070853    0.178031788    0.178031757
   19.843337716    0.178031946    0.178031756
   19.871604579    0.178032024    0.178031755
   19.899871442    0.178031987    0.178031752
   19.928138305    0.178031849    0.178031746
   19.956405168    0.178031668    0.178031740
   19.984672030    0.178031523    0.178031735
   20.012938893    0.178031476    0.178031731
   20.041205756    0.178031547    0.178031729
   20.069472619    0.178031705    0.178031729
   20.097739482    0.178031878    0.178031729
   20.126006345    0.178031991    0.178031728
   20.154273207    0.178031991    0.178031725
   20.182540070    0.178031877    0.178031720
   20.210806933    0.178031697    0.178031714
   20.239073796    0.178031529    0.178031708
   20.267340659    0.178031444    0.178031704
   20.295607522    0.178031480    0.178031701
   20.323874384    0.178031620    0.178031701
   20.352141247    0.178031801    0.178031701
   20.380408110    0.178031944    0.178031700
   20.408674973    0.178031984    0.178031698
   20.436941836    0.178031901    0.178031694
   20.465208699    0.178031730    0.178031688
   20.493475562    0.178031544    0.178031681
   20.521742424    0.178031424    0.178031676
   20.550009287    0.178031421    0.178031673
   20.578276150    0.178031536    0.178031672
   20.606543013    0.178031717    0.178031672
   20.634809876    0.178031885    0.178031671
   20.663076739    0.178031964    0.178031670
   20.691343601    0.178031917    0.178031666
   20.719610464    0.178031764    0.178031660
   20.747877327    0.178031569    0.178031653
   20.776144190    0.178031416    0.178031647
   20.804411053    0.178031372    0.178031643
   20.832677916    0.178031455    0.178031641
   20.860944779    0.178031628    0.178031641
   20.889211641    0.178031814    0.178031641
   20.917478504    0.178031930    0.178031640
   20.945745367    0.178031924    0.178031637
   20.974012230    0.178031796    0.178031631
   21.002279093    0.178031599    0.178031624
   21.030545956    0.178031420    0.178031618
   21.058812818    0.178031334    0.178031613
   21.087079681    0.178031380    0.178031610
   21.115346544    0.178031536    0.178031609
   21.143613407    0.178031732    0.178031609
   21.171880270    0.178031883    0.178031608
   21.200147133    0.178031919    0.178031605
   21.228413995    0.178031823    0.178031600
   21.256680858    0.178031635    0.178031594
   21.284947721    0.178031435    0.178031586
   21.313214584    0.178031310    0.178031581
   21.341481447    0.178031313    0.178031577
   21.369748310    0.178031443    0.178031575
   21.398015173    0.178031642    0.178031575
   21.426282035    0.178031821    0.178031575
   21.454548898    0.178031900    0.178031572
   21.482815761    0.178031842    0.178031568
   21.511082624    0.178031671    0.178031561
   21.539349487    0.178031459    0.178031553
   21.567616350    0.178031298    0.178031546
   21.595883212    0.178031257    0.178031542
   21.624150075    0.178031354    0.178031539
   21.652416938    0.178031545    0.178031539
   21.680683801    0.178031745    0.178031538
   21.708950664    0.178031866    0.178031536
   21.737217527    0.178031852    0.178031532
   21.765484389    0.178031706    0.178031526
   21.793751252    0.178031491    0.178031518
   21.822018115    0.178031299    0.178031510
   21.850284978    0.178031213    0.178031504
   21.878551841    0.178031269    0.178031501
   21.906818704    0.178031443    0.178031499
   21.935085567    0.178031657    0.178031499
   21.963352429    0.178031816    0.178031497
   21.991619292    0.178031848    0.178031493
   22.019886155    0.178031737    0.178031487
   22.048153018    0.178031528    0.178031478
   22.076419881    0.178031312    0.178031470
   22.104686744    0.178031182    0.178031463
   22.132953606    0.178031193    0.178031458
   22.161220469    0.178031340    0.178031456
   22.189487332    0.178031558    0.178031455
   22.217754195    0.178031750    0.178031453
   22.246021058    0.178031829    0.178031449
   22.274287921    0.178031759    0.178031443
   22.302554784    0.178031567    0.178031435
   22.330821646    0.178031336    0.178031425
   22.359088509    0.178031164    0.178031417
   22.387355372    0.178031127    0.178031410
   22.415622235    0.178031239    0.178031407
   22.443889098    0.178031451    0.178031405
   22.472155961    0.178031668    0.178031403
   22.500422823    0.178031793    0.178031400
   22.528689686    0.178031770    0.178031393
   22.556956549    0.178031604    0.178031384
   22.585223412    0.178031367    0.178031374
   22.613490275    0.178031160    0.178031364
   22.641757138    0.178031073    0.178031356
   22.670024000    0.178031142    0.178031351
   22.698290863    0.178031337    0.178031347
   22.726557726    0.178031571    0.178031345
   22.754824589    0.178031739    0.178031341
   22.783091452    0.178031766    0.178031335
   22.811358315    0.178031636    0.178031325
   22.839625178    0.178031404    0.178031314
   22.867892040    0.178031168    0.178031302
   22.896158903    0.178031031    0.178031292
   22.924425766    0.178031051    0.178031284
   22.952692629    0.178031219    0.178031279
   22.980959492    0.178031459    0.178031275
   23.009226355    0.178031665    0.178031271
   23.037493217    0.178031744    0.178031264
   23.065760080    0.178031658    0.178031253
   23.094026943    0.178031441    0.178031241
   23.122293806    0.178031187    0.178031227
   23.150560669    0.178031003    0.178031214
   23.178827532    0.178030969    0.178031204
   23.207094395    0.178031099    0.178031196
   23.235361257    0.178031334    0.178031190
   23.263628120    0.178031570    0.178031184
   23.291894983    0.178031700    0.178031176
   23.320161846    0.178031665    0.178031164
   23.348428709    0.178031475    0.178031150
   23.376695572    0.178031211    0.178031133
   23.404962434    0.178030986    0.178031117
   23.433229297    0.178030896    0.178031103
   23.461496160    0.178030980    0.178031092
   23.489763023    0.178031198    0.178031083
   23.518029886    0.178031454    0.178031074
   23.546296749    0.178031633    0.178031064
   23.574563611    0.178031652    0.178031050
   23.602830474    0.178031500    0.178031033
   23.631097337    0.178031238    0.178031014
   23.659364200    0.178030979    0.178030993
   23.687631063    0.178030833    0.178030975
   23.715897926    0.178030862    0.178030959
   23.744164789    0.178031052    0.178030945
   23.772431651    0.178031317    0.178030932
   23.800698514    0.178031539    0.178030918
   23.828965377    0.178031615    0.178030901
   23.857232240    0.178031509    0.178030880
   23.885499103    0.178031262    0.178030856
   23.913765966    0.178030979    0.178030831
   23.942032828    0.178030779    0.178030806
   23.970299691    0.178030748    0.178030783
   23.998566554    0.178030898    0.178030763
   24.026833417    0.178031159    0.178030744
   24.055100280    0.178031415    0.178030725
   24.083367143    0.178031549    0.178030702
   24.111634006    0.178031497    0.178030676
   24.139900868    0.178031276    0.178030645
   24.168167731    0.178030979    0.178030612
   24.196434594    0.178030730    0.178030579
   24.224701457    0.178030635    0.178030547
   24.252968320    0.178030734    0.178030518
   24.281235183    0.178030978    0.178030490
   24.309502045    0.178031258    0.178030462
   24.337768908    0.178031446    0.178030432
   24.366035771    0.178031454    0.178030397
   24.394302634    0.178031271    0.178030357
   24.422569497    0.178030972    0.178030313
   24.450836360    0.178030681    0.178030268
   24.479103222    0.178030522    0.178030224
   24.507370085    0.178030559    0.178030182
   24.535636948    0.178030773    0.178030141
   24.563903811    0.178031064    0.178030101
   24.592170674    0.178031300    0.178030058
   24.620437537    0.178031370    0.178030010
   24.648704400    0.178031236    0.178029956
   24.676971262    0.178030948    0.178029898
   24.705238125    0.178030625    0.178029836
   24.733504988    0.178030401    0.178029774
   24.761771851    0.178030369    0.178029714
   24.790038714    0.178030538    0.178029655
   24.818305577    0.178030826    0.178029595
   24.846572439    0.178031101    0.178029534
   24.874839302    0.178031233    0.178029467
   24.903106165    0.178031156    0.178029393
   24.931373028    0.178030892    0.178029313
   24.959639891    0.178030547    0.178029228
   24.987906754    0.178030263    0.178029141
   25.016173616    0.178030157    0.178029054
   25.044440479    0.178030266    0.178028968
   25.072707342    0.178030535    0.178028881
   25.100974205    0.178030836    0.178028791
   25.129241068    0.178031027    0.178028696
   25.157507931    0.178031012    0.178028592
   25.185774794    0.178030784    0.178028481
   25.214041656    0.178030430    0.178028362
   25.242308519    0.178030092    0.178028238
   25.270575382    0.178029906    0.178028113
   25.298842245    0.178029943    0.178027987
   25.327109108    0.178030174    0.178027859
   25.355375971    0.178030487    0.178027728
   25.383642833    0.178030729    0.178027589
   25.411909696    0.178030779    0.178027441
   25.440176559    0.178030598    0.178027283
   25.468443422    0.178030246    0.178027114
   25.496710285    0.178029862    0.178026938
   25.524977148    0.178029595    0.178026757
   25.553244011    0.178029548    0.178026573
   25.581510873    0.178029724    0.178026385
   25.609777736    0.178030029    0.178026192
   25.638044599    0.178030311    0.178025990
   25.666311462    0.178030424    0.178025776
   25.694578325    0.178030297    0.178025549
   25.722845188    0.178029961    0.178025308
   25.751112050    0.178029539    0.178025054
   25.779378913    0.178029192    0.178024792
   25.807645776    0.178029049    0.178024522
   25.835912639    0.178029150    0.178024246
   25.864179502    0.178029426    0.178023962
   25.892446365    0.178029730    0.178023665
   25.920713227    0.178029901    0.178023354
   25.948980090    0.178029831    0.178023024
   25.977246953    0.178029520    0.178022675
   26.005513816    0.178029070    0.178022308
   26.033780679    0.178028643    0.178021926
   26.062047542    0.178028395    0.178021531
   26.090314405    0.178028400    0.178021124
   26.118581267    0.178028622    0.178020704
   26.146848130    0.178028926    0.178020267
   26.175114993    0.178029140    0.178019809
   26.203381856    0.178029128    0.178019327
   26.231648719    0.178028848    0.178018818
   26.259915582    0.178028378    0.178018283
   26.288182444    0.178027874    0.178017724
   26.316449307    0.178027510    0.178017143
   26.344716170    0.178027397    0.178016542
   26.372983033    0.178027536    0.178015920
   26.401249896    0.178027813    0.178015273
   26.429516759    0.178028051    0.178014597
   26.457783622    0.178028086    0.178013887
   26.486050484    0.178027840    0.178013139
   26.514317347    0.178027354    0.178012354
   26.542584210    0.178026773    0.178011532
   26.570851073    0.178026282    0.178010675
   26.599117936    0.178026028    0.178009785
   26.627384799    0.178026049    0.178008861
   26.655651661    0.178026262    0.178007900
   26.683918524    0.178026494    0.178006896
   26.712185387    0.178026559    0.178005844
   26.740452250    0.178026338    0.178004738
   26.768719113    0.178025835    0.178003578
   26.796985976    0.178025173    0.178002362
   26.825252838    0.178024541    0.178001092
   26.853519701    0.178024116    0.177999769
   26.881786564    0.178023979    0.177998392
   26.910053427    0.178024082    0.177996959
   26.938320290    0.178024266    0.177995463
   26.966587153    0.178024329    0.177993896
   26.994854016    0.178024116    0.177992253
   27.023120878    0.178023585    0.177990528
   27.051387741    0.178022830    0.177988720
   27.079654604    0.178022036    0.177986829
   27.107921467    0.178021405    0.177984856
   27.136188330    0.178021060    0.177982799
   27.164455193    0.178020995    0.177980654
   27.192722055    0.178021073    0.177978415
   27.220988918    0.178021086    0.177976071
   27.249255781    0.178020843    0.177973615
   27.277522644    0.178020259    0.177971039
   27.305789507    0.178019385    0.177968338
   27.334056370    0.178018397    0.177965510
   27.362323233    0.178017511    0.177962554
   27.390590095    0.178016892    0.177959468
   27.418856958    0.178016580    0.177956247
   27.447123821    0.178016471    0.177952881
   27.475390684    0.178016358    0.177949360
   27.503657547    0.178016021    0.177945671
   27.531924410    0.178015326    0.177941803
   27.560191272    0.178014281    0.177937748
   27.588458135    0.178013036    0.177933500
   27.616724998    0.178011816    0.177929055
   27.644991861    0.178010826    0.177924408
   27.673258724    0.178010157    0.177919552
   27.701525587    0.178009745    0.177914475
   27.729792449    0.178009396    0.177909163
   27.758059312    0.178008870    0.177903598
   27.786326175    0.178007984    0.177897764
   27.814593038    0.178006695    0.177891648
   27.842859901    0.178005116    0.177885238
   27.871126764    0.178003471    0.177878524
   27.899393627    0.178001996    0.177871499
   27.927660489    0.178000834    0.177864151
   27.955927352    0.177999968    0.177856463
   27.984194215    0.177999229    0.177848415
   28.012461078    0.177998365    0.177839984
   28.040727941    0.177997150    0.177831145
   28.068994804    0.177995483    0.177821877
   28.097261666    0.177993433    0.177812159
   28.125528529    0.177991208    0.177801976
   28.153795392    0.177989068    0.177791310
   28.182062255    0.177987206    0.177780143
   28.210329118    0.177985661    0.177768452
   28.238595981    0.177984301    0.177756209
   28.266862843    0.177982871    0.177743378
   28.295129706    0.177981106    0.177729926
   28.323396569    0.177978847    0.177715817
   28.351663432    0.177976105    0.177701019
   28.379930295    0.177973064    0.177685503
   28.408197158    0.177969995    0.177669240
   28.436464021    0.177967137    0.177652200
   28.464730883    0.177964593    0.177634348
   28.492997746    0.177962274    0.177615641
   28.521264609    0.177959937    0.177596030
   28.549531472    0.177957286    0.177575463
   28.577798335    0.177954101    0.177553886
   28.606065198    0.177950329    0.177531247
   28.634332060    0.177946110    0.177507497
   28.662598923    0.177941717    0.177482587
   28.690865786    0.177937431    0.177456468
   28.719132649    0.177933414    0.177429083
   28.747399512    0.177929636    0.177400371
   28.775666375    0.177925878    0.177370256
   28.803933238    0.177921822    0.177338661
   28.832200100    0.177917187    0.177305501
   28.860466963    0.177911849    0.177270694
   28.888733826    0.177905891    0.177234160
   28.917000689    0.177899570    0.177195817
   28.945267552    0.177893197    0.177155585
   28.973534415    0.177887000    0.177113376
   29.001801277    0.177881013    0.177069090
   29.030068140    0.177875054    0.177022617
   29.058335003    0.177868797    0.176973836
   29.086601866    0.177861904    0.176922617
   29.114868729    0.177854170    0.176868830
   29.143135592    0.177845609    0.176812342
   29.171402454    0.177836441    0.176753022
   29.199669317    0.177826997    0.176690738
   29.227936180    0.177817564    0.176625347
   29.256203043    0.177808249    0.176556695
   29.284469906    0.177798922    0.176484609
   29.312736769    0.177789257    0.176408902
   29.341003632    0.177778868    0.176329371
   29.369270494    0.177767463    0.176245807
   29.397537357    0.177754966    0.176157996
   29.425804220    0.177741546    0.176065726
   29.454071083    0.177727533    0.175968777
   29.482337946    0.177713263    0.175866924
   29.510604809    0.177698920    0.175759920
   29.538871671    0.177684438    0.175647496
   29.567138534    0.177669510    0.175529353
   29.595405397    0.177653703    0.175405174
   29.623672260    0.177636637    0.175274623
   29.651939123    0.177618131    0.175137356
   29.680205986    0.177598276    0.174993028
   29.708472849    0.177577377    0.174841288
   29.736739711    0.177555812    0.174681772
   29.765006574    0.177533840    0.174514089
   29.793273437    0.177511469    0.174337812
   29.821540300    0.177488423    0.174152468
   29.849807163    0.177464238    0.173957545
   29.878074026    0.177438438    0.173752504
   29.906340888    0.177410720    0.173536802
   29.934607751    0.177381068    0.173309907
   29.962874614    0.177349736    0.173071308
   29.991141477    0.177317119    0.172820506
   30.019408340    0.177283546    0.172556975
   30.047675203    0.177249106    0.172280118
   30.075942065    0.177213570    0.171989206
   30.104208928    0.177176445    0.171683326
   30.132475791    0.177137158    0.171361356
   30.160742654    0.177095260    0.171021971
   30.189009517    0.177050594    0.170663693
   30.217276380    0.177003325    0.170284984
   30.245543243    0.176953835    0.169884363
   30.273810105    0.176902507    0.169460541
   30.302076968    0.176849512    0.169012548
   30.330343831    0.176794676    0.168539834
   30.358610694    0.176737489    0.168042342
   30.386877557    0.176677273    0.167520524
   30.415144420    0.176613410    0.166975333
   30.443411282    0.176545558    0.166408168
   30.471678145    0.176473746    0.165820804
   30.499945008    0.176398299    0.165215310
   30.528211871    0.176319629    0.164593964
   30.556478734    0.176237985    0.163959188
   30.584745597    0.176153251    0.163313485
   30.613012460    0.176064906    0.162659399
   30.641279322    0.175972154    0.161999488
   30.669546185    0.175874174    0.161336304
   30.697813048    0.175770386    0.160672376
   30.726079911    0.175660608    0.160010194
   30.754346774    0.175545048    0.159352185
   30.782613637    0.175424101    0.158700675
   30.810880499    0.175298067    0.158057847
   30.839147362    0.175166882    0.157425670
   30.867414225    0.175030005    0.156805841
   30.895681088    0.174886501    0.156199694
   30.923947951    0.174735290    0.155608137
   30.952214814    0.174575468    0.155031578
   30.980481676    0.174406552    0.154469881
   31.008748539    0.174228533    0.153922340
   31.037015402    0.174041714    0.153387695
   31.065282265    0.173846404    0.152864174
   31.093549128    0.173642567    0.152349570
   31.121815991    0.173429625    0.151841353
   31.150082854    0.173206460    0.151336786
   31.178349716    0.172971658    0.150833058
   31.206616579    0.172723881    0.150327392
   31.234883442    0.172462197    0.149817139
   31.263150305    0.172186244    0.149299827
   31.291417168    0.171896124    0.148773179
   31.319684031    0.171592072    0.148235087
   31.347950893    0.171274040    0.147683560
   31.376217756    0.170941362    0.147116655
   31.404484619    0.170592667    0.146532405
   31.432751482    0.170226079    0.145928757
   31.461018345    0.169839633    0.145303526
   31.489285208    0.169431728    0.144654379
   31.517552070    0.169001418    0.143978838
   31.545818933    0.168548410    0.143274297
   31.574085796    0.168072734    0.142538055
   31.602352659    0.167574230    0.141767343
   31.630619522    0.167052063    0.140959354
   31.658886385    0.166504471    0.140111257
   31.687153248    0.165928896    0.139220202
   31.715420110    0.165322431    0.138283319
   31.743686973    0.164682431    0.137297712
   31.771953836    0.164007003    0.136260452
   31.800220699    0.163295165    0.135168576
   31.828487562    0.162546552    0.134019106
   31.856754425    0.161760792    0.132809077
   31.885021287    0.160936778    0.131535589
   31.913288150    0.160072170    0.130195876
   31.941555013    0.159163357    0.128787392
   31.969821876    0.158205945    0.127307904
   31.998088739    0.157195587    0.125755588
   32.026355602    0.156128829    0.124129105
   32.054622465    0.155003572    0.122427665
   32.082889327    0.153818895    0.120651057
   32.111156190    0.152574243    0.118799647
   32.139423053    0.151268258    0.116874355
   32.167689916    0.149897728    0.114876604
   32.195956779    0.148457172    0.112808264
   32.224223642    0.146939361    0.110671592
   32.252490504    0.145336722    0.108469179
   32.280757367    0.143643205    0.106203916
   32.309024230    0.141855857    0.103878957
   32.337291093    0.139975378    0.101497704
   32.365557956    0.138005108    0.099063781
   32.393824819    0.135948430    0.096581016
   32.422091681    0.133805111    0.094053402
   32.450358544    0.131567600    0.091485061
   32.478625407    0.129218506    0.088880199
   32.506892270    0.126730327    0.086243058
   32.535159133    0.124068013    0.083577875
   32.563425996    0.121194213    0.080888843
   32.591692859    0.118076380    0.078180080
   32.619959721    0.114694309    0.075455605
   32.648226584    0.111046571    0.072719311
   32.676493447    0.107154451    0.069974943
   32.704760310    0.103062597    0.067226073
   32.733027173    0.098836276    0.064476077
   32.761294036    0.094555839    0.061728107
   32.789560898    0.090309534    0.058985071
   32.817827761    0.086185976    0.056249619
   32.846094624    0.082267515    0.053524133
   32.874361487    0.078625386    0.050810719
   32.902628350    0.075317020    0.048111211
   32.930895213    0.072385478    0.045427172
   32.959162076    0.069860572    0.042759895
   32.987428938    0.067761056    0.040110407
   33.015695801    0.066097244    0.037479469
   33.043962664    0.064873491    0.034867578
   33.072229527    0.064090115    0.032274978
   33.100496390    0.063744517    0.029701663
   33.128763253    0.063831388    0.027147396
   33.157030115    0.064342001    0.024611718
   33.185296978    0.065262735    0.022093967
   33.213563841    0.066573018    0.019593290
   33.241830704    0.068243017    0.017108654
   33.270097567    0.070231479    0.014638851
   33.298364430    0.072484147    0.012182509
   33.326631292    0.074933200    0.009738094
   33.354898155    0.077498080    0.007303918
   33.383165018    0.080087886    0.004878148
   33.411431881    0.082605343    0.002458815
   33.439698744    0.084952061    0.000043825
   33.467965607    0.087034575   -0.002369032
   33.496232470    0.088770464   -0.004782079
   33.524499332    0.090093722   -0.007197748
   33.552766195    0.090958609   -0.009618587
   33.581033058    0.091341327   -0.012047266
   33.609299921    0.091239186   -0.014486585
   33.637566784    0.090667302   -0.016939475
   33.665833647    0.089653251   -0.019409000
   33.694100509    0.088230499   -0.021898342
   33.722367372    0.086431624   -0.024410785
   33.750634235    0.084282421   -0.026949687
   33.778901098    0.081797766   -0.029518452
   33.807167961    0.078979798   -0.032120501
   33.835434824    0.075818514   -0.034759245
   33.863701687    0.072294370   -0.037438072
   33.891968549    0.068382163   -0.040160329
   33.920235412    0.064055267   -0.042929322
   33.948502275    0.059289323   -0.045748311
   33.976769138    0.054064733   -0.048620506
   34.005036001    0.048367654   -0.051549055
   34.033302864    0.042189558   -0.054537030
   34.061569726    0.035525742   -0.057587398
   34.089836589    0.028373347   -0.060702995
   34.118103452    0.020729497   -0.063886490
   34.146370315    0.012590060   -0.067140358
   34.174637178    0.003949369   -0.070466853
   34.202904041   -0.005198943   -0.073867986
   34.231170903   -0.014860044   -0.077345518
   34.259437766   -0.025035147   -0.080900936
   34.287704629   -0.035718215   -0.084535452
   34.315971492   -0.046892579   -0.088249979
   34.344238355   -0.058527966   -0.092045126
   34.372505218   -0.070578467   -0.095921176
   34.400772081   -0.082981913   -0.099878079
   34.429038943   -0.095660959   -0.103915448
   34.457305806   -0.108525909   -0.108032557
   34.485572669   -0.121479000   -0.112228357
   34.513839532   -0.134419537   -0.116501480
   34.542106395   -0.147249070   -0.120850249
   34.570373258   -0.159875769   -0.125272687
   34.598640120   -0.172217311   -0.129766511
   34.626906983   -0.184201970   -0.134329129
   34.655173846   -0.195768008   -0.138957636
   34.683440709   -0.206861889   -0.143648814
   34.711707572   -0.217436070   -0.148399147
   34.739974435   -0.227447144   -0.153204844
   34.768241298   -0.236854908   -0.158061873
   34.796508160   -0.245622564   -0.162965990
   34.824775023   -0.253717839   -0.167912762
   34.853041886   -0.261114559   -0.172897574
   34.881308749   -0.267794053   -0.177915610
   34.909575612   -0.273745922   -0.182961821
   34.937842475   -0.278967920   -0.188030881
   34.966109337   -0.283465068   -0.193117153
   34.994376200   -0.287248356   -0.198214680
   35.022643063   -0.290333487   -0.203317207
   35.050909926   -0.292740043   -0.208418254
   35.079176789   -0.294491259   -0.213511226
   35.107443652   -0.295614265   -0.218589555
   35.135710514   -0.296140537   -0.223646855
   35.163977377   -0.296106137   -0.228677068
   35.192244240   -0.295551494   -0.233674590
   35.220511103   -0.294520618   -0.238634352
   35.248777966   -0.293059897   -0.243551867
   35.277044829   -0.291216795   -0.248423231
   35.305311692   -0.289038770   -0.253245092
   35.333578554   -0.286572677   -0.258014597
   35.361845417   -0.283864673   -0.262729328
   35.390112280   -0.280960477   -0.267387244
   35.418379143   -0.277905694   -0.271986624
   35.446646006   -0.274745899   -0.276526024
   35.474912869   -0.271526330   -0.281004251
   35.503179731   -0.268291190   -0.285420345
   35.531446594   -0.265082767   -0.289773574
   35.559713457   -0.261940687   -0.294063426
   35.587980320   -0.258901539   -0.298289610
   35.616247183   -0.255999033   -0.302452038
   35.644514046   -0.253264600   -0.306550807
   35.672780908   -0.250728197   -0.310586154
   35.701047771   -0.248419001   -0.314558410
   35.729314634   -0.246365731   -0.318467928
   35.757581497   -0.244596483   -0.322315011
   35.785848360   -0.243138185   -0.326099839
   35.814115223   -0.242015948   -0.329822406
   35.842382086   -0.241252630   -0.333482475
   35.870648948   -0.240868898   -0.337079557
   35.898915811   -0.240883854   -0.340612925
   35.927182674   -0.241316115   -0.344081657
   35.955449537   -0.242184991   -0.347484706
   35.983716400   -0.243511395   -0.350821006
   36.011983263   -0.245318123   -0.354089571
   36.040250125   -0.247629347   -0.357289610
   36.068516988   -0.250469396   -0.360420624
   36.096783851   -0.253861109   -0.363482475
   36.125050714   -0.257824168   -0.366475417
   36.153317577   -0.262373822   -0.369400095
   36.181584440   -0.267520270   -0.372257489
   36.209851303   -0.273268802   -0.375048844
   36.238118165   -0.279620553   -0.377775565
   36.266385028   -0.286573590   -0.380439125
   36.294651891   -0.294124003   -0.383040972
   36.322918754   -0.302266677   -0.385582472
   36.351185617   -0.310995582   -0.388064874
   36.379452480   -0.320303549   -0.390489312
   36.407719342   -0.330181619   -0.392856819
   36.435986205   -0.340618196   -0.395168351
   36.464253068   -0.351598174   -0.397424809
   36.492519931   -0.363102253   -0.399627048
   36.520786794   -0.375106532   -0.401775860
   36.549053657   -0.387582415   -0.403871957
   36.577320519   -0.400496785   -0.405915928
   36.605587382   -0.413812378   -0.407908208
   36.633854245   -0.427488261   -0.409849057
   36.662121108   -0.441480352   -0.411738551
   36.690387971   -0.455741913   -0.413576603
   36.718654834   -0.470224012   -0.415363003
   36.746921697   -0.484875947   -0.417097481
   36.775188559   -0.499645635   -0.418779784
   36.803455422   -0.514480003   -0.420409760
   36.831722285   -0.529325366   -0.421987450
   36.859989148   -0.544127808   -0.423513172
   36.888256011   -0.558833546   -0.424987589
   36.916522874   -0.573389259   -0.426411766
   36.944789736   -0.587742349   -0.427787193
   36.973056599   -0.601841142   -0.429115790
   37.001323462   -0.615635014   -0.430399875
   37.029590325   -0.629074482   -0.431642119
   37.057857188   -0.642111280   -0.432845477
   37.086124051   -0.654698472   -0.434013126
   37.114390914   -0.666790620   -0.435148391
   37.142657776   -0.678344011   -0.436254696
   37.170924639   -0.689316917   -0.437335522
   37.199191502   -0.699669852   -0.438394371
   37.227458365   -0.709365778   -0.439434743
   37.255725228   -0.718370244   -0.440460103
   37.283992091   -0.726651443   -0.441473848
   37.312258953   -0.734180240   -0.442479256
   37.340525816   -0.740930193   -0.443479439
   37.368792679   -0.746877639   -0.444477280
   37.397059542   -0.752001843   -0.445475391
   37.425326405   -0.756285202   -0.446476065
   37.453593268   -0.759713472   -0.447481254
   37.481860130   -0.762275941   -0.448492549
   37.510126993   -0.763965513   -0.449511176
   37.538393856   -0.764778682   -0.450537988
   37.566660719   -0.764715427   -0.451573464
   37.594927582   -0.763779071   -0.452617702
   37.623194445   -0.761976183   -0.453670419
   37.651461308   -0.759316549   -0.454730947
   37.679728170   -0.755813228   -0.455798244
   37.707995033   -0.751482642   -0.456870918
   37.736261896   -0.746344639   -0.457947260
   37.764528759   -0.740422463   -0.459025286
   37.792795622   -0.733742607   -0.460102787
   37.821062485   -0.726334544   -0.461177373
   37.849329347   -0.718230426   -0.462246520
   37.877596210   -0.709464807   -0.463307604
   37.905863073   -0.700074470   -0.464357939
   37.934129936   -0.690098368   -0.465394807
   37.962396799   -0.679577655   -0.466415502
   37.990663662   -0.668555719   -0.467417372
   38.018930525   -0.657078137   -0.468397865
   38.047197387   -0.645192494   -0.469354588
   38.075464250   -0.632948067   -0.470285346
   38.103731113   -0.620395439   -0.471188195
   38.131997976   -0.607586125   -0.472061464
   38.160264839   -0.594572313   -0.472903789
   38.188531702   -0.581406762   -0.473714116
   38.216798564   -0.568142810   -0.474491719
   38.245065427   -0.554834417   -0.475236191
   38.273332290   -0.541536120   -0.475947450
   38.301599153   -0.528302787   -0.476625729
   38.329866016   -0.515189172   -0.477271558
   38.358132879   -0.502249283   -0.477885743
   38.386399741   -0.489535710   -0.478469326
   38.414666604   -0.477099007   -0.479023545
   38.442933467   -0.464987244   -0.479549779
   38.471200330   -0.453245711   -0.480049498
   38.499467193   -0.441916716   -0.480524212
   38.527734056   -0.431039356   -0.480975426
   38.556000919   -0.420649178   -0.481404608
   38.584267781   -0.410777701   -0.481813154
   38.612534644   -0.401451910   -0.482202370
   38.640801507   -0.392693897   -0.482573439
   38.669068370   -0.384520843   -0.482927409
   38.697335233   -0.376945481   -0.483265164
   38.725602096   -0.369977004   -0.483587408
   38.753868958   -0.363622238   -0.483894650
   38.782135821   -0.357886738   -0.484187192
   38.810402684   -0.352775469   -0.484465137
   38.838669547   -0.348292800   -0.484728389
   38.866936410   -0.344441751   -0.484976674
   38.895203273   -0.341222702   -0.485209556
   38.923470135   -0.338631944   -0.485426464
   38.951736998   -0.336660542   -0.485626710
   38.980003861   -0.335293936   -0.485809520
   39.008270724   -0.334512442   -0.485974059
   39.036537587   -0.334292590   -0.486119454
   39.064804450   -0.334608943   -0.486244828
   39.093071313   -0.335435913   -0.486349321
   39.121338175   -0.336749113   -0.486432116
   39.149605038   -0.338525945   -0.486492461
   39.177871901   -0.340745391   -0.486529679
   39.206138764   -0.343387206   -0.486543177
   39.234405627   -0.346430911   -0.486532451
   39.262672490   -0.349854934   -0.486497084
   39.290939352   -0.353636202   -0.486436745
   39.319206215   -0.357750223   -0.486351190
   39.347473078   -0.362171508   -0.486240265
   39.375739941   -0.366874087   -0.486103910
   39.404006804   -0.371831816   -0.485942162
   39.432273667   -0.377018315   -0.485755165
   39.460540530   -0.382406546   -0.485543172
   39.488807392   -0.387968158   -0.485306545
   39.517074255   -0.393672872   -0.485045763
   39.545341118   -0.399488098   -0.484761414
   39.573607981   -0.405378912   -0.484454198
   39.601874844   -0.411308344   -0.484124926
   39.630141707   -0.417237823   -0.483774516
   39.658408569   -0.423127575   -0.483403994
   39.686675432   -0.428936827   -0.483014481
   39.714942295   -0.434623767   -0.482607199
   39.743209158   -0.440145375   -0.482183453
   39.771476021   -0.445457299   -0.481744630
   39.799742884   -0.450513967   -0.481292189
   39.828009746   -0.455269059   -0.480827650
   39.856276609   -0.459676318   -0.480352587
   39.884543472   -0.463690552   -0.479868620
   39.912810335   -0.467268629   -0.479377405
   39.941077198   -0.470370262   -0.478880620
   39.969344061   -0.472958496   -0.478379960
   39.997610924   -0.474999936   -0.477877120
   40.025877786   -0.476464864   -0.477373786
   40.054144649   -0.477327441   -0.476871623
   40.082411512   -0.477566154   -0.476372267
   40.110678375   -0.477164537   -0.475877313
   40.138945238   -0.476112075   -0.475388307
   40.167212101   -0.474405082   -0.474906740
   40.195478963   -0.472047328   -0.474434031
   40.223745826   -0.469050234   -0.473971526
   40.252012689   -0.465432628   -0.473520477
   40.280279552   -0.461220138   -0.473082043
   40.308546415   -0.456444466   -0.472657277
   40.336813278   -0.451142779   -0.472247123
   40.365080141   -0.445357381   -0.471852409
   40.393347003   -0.439135748   -0.471473852
   40.421613866   -0.432530805   -0.471112048
   40.449880729   -0.425601266   -0.470767475
   40.478147592   -0.418411793   -0.470440485
   40.506414455   -0.411032794   -0.470131309
   40.534681318   -0.403539760   -0.469840046
   40.562948180   -0.396012181   -0.469566676
   40.591215043   -0.388532153   -0.469311056
   40.619481906   -0.381182848   -0.469072933
   40.647748769   -0.374047004   -0.468851947
   40.676015632   -0.367205535   -0.468647643
   40.704282495   -0.360736316   -0.468459470
   40.732549357   -0.354713143   -0.468286787
   40.760816220   -0.349204854   -0.468128860
   40.789083083   -0.344274585   -0.467984861
   40.817349946   -0.339979152   -0.467853871
   40.845616809   -0.336368550   -0.467734886
   40.873883672   -0.333485535   -0.467626827
   40.902150535   -0.331365257   -0.467528561
   40.930417397   -0.330034899   -0.467438917
   40.958684260   -0.329513285   -0.467356721
   40.986951123   -0.329810501   -0.467280812
   41.015217986   -0.330927599   -0.467210075
   41.043484849   -0.332856531   -0.467143467
   41.071751712   -0.335580462   -0.467080043
   41.100018574   -0.339074574   -0.467018982
   41.128285437   -0.343307350   -0.466959614
   41.156552300   -0.348242232   -0.466901445
   41.184819163   -0.353839412   -0.466844170
   41.213086026   -0.360057467   -0.466787695
   41.241352889   -0.366854596   -0.466732135
   41.269619752   -0.374189296   -0.466677814
   41.297886614   -0.382020518   -0.466625257
   41.326153477   -0.390307443   -0.466575177
   41.354420340   -0.399009135   -0.466528461
   41.382687203   -0.408084320   -0.466486151
   41.410954066   -0.417491446   -0.466449434
   41.439220929   -0.427189028   -0.466419614
   41.467487791   -0.437136166   -0.466398088
   41.495754654   -0.447293020   -0.466386312
   41.524021517   -0.457621040   -0.466385757
   41.552288380   -0.468082840   -0.466397858
   41.580555243   -0.478641741   -0.466423959
   41.608822106   -0.489261137   -0.466465261
   41.637088968   -0.499903911   -0.466522777
   41.665355831   -0.510532107   -0.466597286
   41.693622694   -0.521106998   -0.466689309
   41.721889557   -0.531589522   -0.466799081
   41.750156420   -0.541940960   -0.466926532
   41.778423283   -0.552123658   -0.467071280
   41.806690146   -0.562101587   -0.467232613
   41.834957008   -0.571840638   -0.467409491
   41.863223871   -0.581308628   -0.467600544
   41.891490734   -0.590475125   -0.467804090
   41.919757597   -0.599311223   -0.468018155
   41.948024460   -0.607789390   -0.468240512
   41.976291323   -0.615883478   -0.468468726
   42.004558185   -0.623568845   -0.468700197
   42.032825048   -0.630822546   -0.468932211
   42.061091911   -0.637623458   -0.469161981
   42.089358774   -0.643952295   -0.469386688
   42.117625637   -0.649791487   -0.469603514
   42.145892500   -0.655124991   -0.469809684
   42.174159362   -0.659938106   -0.470002498
   42.202426225   -0.664217387   -0.470179387
   42.230693088   -0.667950683   -0.470337950
   42.258959951   -0.671127296   -0.470476013
   42.287226814   -0.673738159   -0.470591668
   42.315493677   -0.675775979   -0.470683315
   42.343760540   -0.677235273   -0.470749690
   42.372027402   -0.678112287   -0.470789881
   42.400294265   -0.678404860   -0.470803339
   42.428561128   -0.678112287   -0.470789881
   42.456827991   -0.677235272   -0.470749689
   42.485094854   -0.675775979   -0.470683313
   42.513361717   -0.673738158   -0.470591666
   42.541628579   -0.671127295   -0.470476010
   42.569895442   -0.667950682   -0.470337947
   42.598162305   -0.664217385   -0.470179383
   42.626429168   -0.659938104   -0.470002494
   42.654696031   -0.655124989   -0.469809679
   42.682962894   -0.649791484   -0.469603509
   42.711229757   -0.643952292   -0.469386682
   42.739496619   -0.637623455   -0.469161975
   42.767763482   -0.630822543   -0.468932204
   42.796030345   -0.623568841   -0.468700189
   42.824297208   -0.615883474   -0.468468718
   42.852564071   -0.607789386   -0.468240504
   42.880830934   -0.599311218   -0.468018146
   42.909097796   -0.590475120   -0.467804080
   42.937364659   -0.581308622   -0.467600534
   42.965631522   -0.571840632   -0.467409480
   42.993898385   -0.562101581   -0.467232602
   43.022165248   -0.552123652   -0.467071268
   43.050432111   -0.541940953   -0.466926520
   43.078698973   -0.531589515   -0.466799068
   43.106965836   -0.521106990   -0.466689296
   43.135232699   -0.510532099   -0.466597272
   43.163499562   -0.499903902   -0.466522762
   43.191766425   -0.489261128   -0.466465246
   43.220033288   -0.478641731   -0.466423943
   43.248300151   -0.468082830   -0.466397842
   43.276567013   -0.457621030   -0.466385740
   43.304833876   -0.447293009   -0.466386295
   43.333100739   -0.437136154   -0.466398070
   43.361367602   -0.427189016   -0.466419595
   43.389634465   -0.417491433   -0.466449415
   43.417901328   -0.408084307   -0.466486132
   43.446168190   -0.399009121   -0.466528440
   43.474435053   -0.390307428   -0.466575157
   43.502701916   -0.382020503   -0.466625236
   43.530968779   -0.374189280   -0.466677792
   43.559235642   -0.366854579   -0.466732113
   43.587502505   -0.360057450   -0.466787672
   43.615769368   -0.353839394   -0.466844146
   43.644036230   -0.348242213   -0.466901420
   43.672303093   -0.343307331   -0.466959590
   43.700569956   -0.339074554   -0.467018957
   43.728836819   -0.335580441   -0.467080017
   43.757103682   -0.332856509   -0.467143441
   43.785370545   -0.330927577   -0.467210048
   43.813637407   -0.329810478   -0.467280784
   43.841904270   -0.329513261   -0.467356693
   43.870171133   -0.330034874   -0.467438889
   43.898437996   -0.331365232   -0.467528531
   43.926704859   -0.333485508   -0.467626798
   43.954971722   -0.336368523   -0.467734856
   43.983238584   -0.339979124   -0.467853840
   44.011505447   -0.344274556   -0.467984829
   44.039772310   -0.349204824   -0.468128828
   44.068039173   -0.354713112   -0.468286754
   44.096306036   -0.360736285   -0.468459437
   44.124572899   -0.367205503   -0.468647609
   44.152839762   -0.374046971   -0.468851913
   44.181106624   -0.381182814   -0.469072898
   44.209373487   -0.388532118   -0.469311021
   44.237640350   -0.396012146   -0.469566640
   44.265907213   -0.403539725   -0.469840010
   44.294174076   -0.411032758   -0.470131272
   44.322440939   -0.418411757   -0.470440448
   44.350707801   -0.425601229   -0.470767437
   44.378974664   -0.432530768   -0.471112010
   44.407241527   -0.439135710   -0.471473813
   44.435508390   -0.445357342   -0.471852370
   44.463775253   -0.451142739   -0.472247083
   44.492042116   -0.456444427   -0.472657237
   44.520308979   -0.461220097   -0.473082003
   44.548575841   -0.465432587   -0.473520436
   44.576842704   -0.469050193   -0.473971484
   44.605109567   -0.472047286   -0.474433989
   44.633376430   -0.474405040   -0.474906697
   44.661643293   -0.476112032   -0.475388264
   44.689910156   -0.477164494   -0.475877269
   44.718177018   -0.477566111   -0.476372223
   44.746443881   -0.477327398   -0.476871579
   44.774710744   -0.476464820   -0.477373741
   44.802977607   -0.474999891   -0.477877075
   44.831244470   -0.472958450   -0.478379915
   44.859511333   -0.470370216   -0.478880574
   44.887778195   -0.467268583   -0.479377358
   44.916045058   -0.463690505   -0.479868574
   44.944311921   -0.459676270   -0.480352540
   44.972578784   -0.455269011   -0.480827602
   45.000845647   -0.450513918   -0.481292141
   45.029112510   -0.445457250   -0.481744582
   45.057379373   -0.440145325   -0.482183404
   45.085646235   -0.434623716   -0.482607150
   45.113913098   -0.428936775   -0.483014432
   45.142179961   -0.423127523   -0.483403944
   45.170446824   -0.417237770   -0.483774466
   45.198713687   -0.411308290   -0.484124875
   45.226980550   -0.405378857   -0.484454147
   45.255247412   -0.399488042   -0.484761362
   45.283514275   -0.393672815   -0.485045711
   45.311781138   -0.387968101   -0.485306493
   45.340048001   -0.382406488   -0.485543119
   45.368314864   -0.377018256   -0.485755112
   45.396581727   -0.371831755   -0.485942109
   45.424848590   -0.366874026   -0.486103856
   45.453115452   -0.362171446   -0.486240212
   45.481382315   -0.357750160   -0.486351136
   45.509649178   -0.353636138   -0.486436691
   45.537916041   -0.349854869   -0.486497030
   45.566182904   -0.346430845   -0.486532396
   45.594449767   -0.343387140   -0.486543122
   45.622716629   -0.340745323   -0.486529623
   45.650983492   -0.338525877   -0.486492405
   45.679250355   -0.336749043   -0.486432060
   45.707517218   -0.335435842   -0.486349264
   45.735784081   -0.334608871   -0.486244771
   45.764050944   -0.334292518   -0.486119397
   45.792317806   -0.334512369   -0.485974001
   45.820584669   -0.335293863   -0.485809462
   45.848851532   -0.336660468   -0.485626652
   45.877118395   -0.338631869   -0.485426405
   45.905385258   -0.341222626   -0.485209497
   45.933652121   -0.344441674   -0.484976615
   45.961918984   -0.348292723   -0.484728329
   45.990185846   -0.352775392   -0.484465077
   46.018452709   -0.357886659   -0.484187132
   46.046719572   -0.363622159   -0.483894589
   46.074986435   -0.369976925   -0.483587348
   46.103253298   -0.376945401   -0.483265104
   46.131520161   -0.384520763   -0.482927348
   46.159787023   -0.392693817   -0.482573378
   46.188053886   -0.401451830   -0.482202308
   46.216320749   -0.410777620   -0.481813092
   46.244587612   -0.420649097   -0.481404545
   46.272854475   -0.431039275   -0.480975363
   46.301121338   -0.441916634   -0.480524149
   46.329388200   -0.453245629   -0.480049435
   46.357655063   -0.464987162   -0.479549716
   46.385921926   -0.477098925   -0.479023482
   46.414188789   -0.489535627   -0.478469262
   46.442455652   -0.502249201   -0.477885679
   46.470722515   -0.515189089   -0.477271494
   46.498989378   -0.528302704   -0.476625665
   46.527256240   -0.541536037   -0.475947385
   46.555523103   -0.554834335   -0.475236126
   46.583789966   -0.568142727   -0.474491653
   46.612056829   -0.581406679   -0.473714051
   46.640323692   -0.594572230   -0.472903722
   46.668590555   -0.607586042   -0.472061398
   46.696857417   -0.620395357   -0.471188128
   46.725124280   -0.632947986   -0.470285279
   46.753391143   -0.645192412   -0.469354521
   46.781658006   -0.657078056   -0.468397798
   46.809924869   -0.668555638   -0.467417304
   46.838191732   -0.679577574   -0.466415434
   46.866458595   -0.690098288   -0.465394739
   46.894725457   -0.700074390   -0.464357870
   46.922992320   -0.709464728   -0.463307536
   46.951259183   -0.718230347   -0.462246451
   46.979526046   -0.726334466   -0.461177304
   47.007792909   -0.733742529   -0.460102717
   47.036059772   -0.740422386   -0.459025216
   47.064326634   -0.746344562   -0.457947190
   47.092593497   -0.751482566   -0.456870848
   47.120860360   -0.755813152   -0.455798173
   47.149127223   -0.759316474   -0.454730876
   47.177394086   -0.761976108   -0.453670348
   47.205660949   -0.763778996   -0.452617631
   47.233927811   -0.764715353   -0.451573392
   47.262194674   -0.764778609   -0.450537916
   47.290461537   -0.763965440   -0.449511104
   47.318728400   -0.762275869   -0.448492477
   47.346995263   -0.759713401   -0.447481181
   47.375262126   -0.756285131   -0.446475992
   47.403528989   -0.752001772   -0.445475317
   47.431795851   -0.746877570   -0.444477207
   47.460062714   -0.740930124   -0.443479365
   47.488329577   -0.734180171   -0.442479183
   47.516596440   -0.726651375   -0.441473774
   47.544863303   -0.718370176   -0.440460029
   47.573130166   -0.709365711   -0.439434669
   47.601397028   -0.699669785   -0.438394297
   47.629663891   -0.689316851   -0.437335447
   47.657930754   -0.678343945   -0.436254622
   47.686197617   -0.666790555   -0.435148316
   47.714464480   -0.654698407   -0.434013051
   47.742731343   -0.642111215   -0.432845403
   47.770998206   -0.629074418   -0.431642044
   47.799265068   -0.615634950   -0.430399800
   47.827531931   -0.601841078   -0.429115715
   47.855798794   -0.587742286   -0.427787118
   47.884065657   -0.573389196   -0.426411691
   47.912332520   -0.558833483   -0.424987514
   47.940599383   -0.544127745   -0.423513097
   47.968866245   -0.529325303   -0.421987375
   47.997133108   -0.514479940   -0.420409685
   48.025399971   -0.499645573   -0.418779709
   48.053666834   -0.484875884   -0.417097406
   48.081933697   -0.470223949   -0.415362928
   48.110200560   -0.455741850   -0.413576528
   48.138467422   -0.441480289   -0.411738476
   48.166734285   -0.427488198   -0.409848982
   48.195001148   -0.413812314   -0.407908134
   48.223268011   -0.400496722   -0.405915853
   48.251534874   -0.387582352   -0.403871883
   48.279801737   -0.375106468   -0.401775786
   48.308068600   -0.363102188   -0.399626973
   48.336335462   -0.351598109   -0.397424735
   48.364602325   -0.340618131   -0.395168277
   48.392869188   -0.330181554   -0.392856745
   48.421136051   -0.320303483   -0.390489239
   48.449402914   -0.310995516   -0.388064800
   48.477669777   -0.302266610   -0.385582398
   48.505936639   -0.294123936   -0.383040899
   48.534203502   -0.286573522   -0.380439052
   48.562470365   -0.279620485   -0.377775492
   48.590737228   -0.273268734   -0.375048770
   48.619004091   -0.267520201   -0.372257416
   48.647270954   -0.262373752   -0.369400021
   48.675537817   -0.257824097   -0.366475344
   48.703804679   -0.253861037   -0.363482402
   48.732071542   -0.250469324   -0.360420551
   48.760338405   -0.247629274   -0.357289537
   48.788605268   -0.245318049   -0.354089498
   48.816872131   -0.243511321   -0.350820934
   48.845138994   -0.242184915   -0.347484634
   48.873405856   -0.241316038   -0.344081584
   48.901672719   -0.240883777   -0.340612853
   48.929939582   -0.240868819   -0.337079485
   48.958206445   -0.241252552   -0.333482403
   48.986473308   -0.242015868   -0.329822334
   49.014740171   -0.243138104   -0.326099767
   49.043007033   -0.244596401   -0.322314939
   49.071273896   -0.246365649   -0.318467856
   49.099540759   -0.248418918   -0.314558339
   49.127807622   -0.250728112   -0.310586083
   49.156074485   -0.253264515   -0.306550736
   49.184341348   -0.255998947   -0.302451967
   49.212608211   -0.258901452   -0.298289539
   49.240875073   -0.261940600   -0.294063355
   49.269141936   -0.265082680   -0.289773503
   49.297408799   -0.268291101   -0.285420274
   49.325675662   -0.271526241   -0.281004180
   49.353942525   -0.274745810   -0.276525953
   49.382209388   -0.277905604   -0.271986554
   49.410476250   -0.280960388   -0.267387174
   49.438743113   -0.283864583   -0.262729258
   49.467009976   -0.286572587   -0.258014527
   49.495276839   -0.289038680   -0.253245022
   49.523543702   -0.291216705   -0.248423161
   49.551810565   -0.293059808   -0.243551797
   49.580077427   -0.294520529   -0.238634282
   49.608344290   -0.295551406   -0.233674520
   49.636611153   -0.296106049   -0.228676999
   49.664878016   -0.296140450   -0.223646785
   49.693144879   -0.295614179   -0.218589486
   49.721411742   -0.294491173   -0.213511157
   49.749678605   -0.292739959   -0.208418185
   49.777945467   -0.290333403   -0.203317138
   49.806212330   -0.287248274   -0.198214611
   49.834479193   -0.283464987   -0.193117084
   49.862746056   -0.278967840   -0.188030811
   49.891012919   -0.273745843   -0.182961751
   49.919279782   -0.267793976   -0.177915541
   49.947546644   -0.261114482   -0.172897505
   49.975813507   -0.253717764   -0.167912693
   50.004080370   -0.245622490   -0.162965921
   50.032347233   -0.236854836   -0.158061804
   50.060614096   -0.227447072   -0.153204775
   50.088880959   -0.217436000   -0.148399078
   50.117147822   -0.206861820   -0.143648745
   50.145414684   -0.195767940   -0.138957567
   50.173681547   -0.184201902   -0.134329060
   50.201948410   -0.172217245   -0.129766442
   50.230215273   -0.159875704   -0.125272618
   50.258482136   -0.147249006   -0.120850180
   50.286748999   -0.134419473   -0.116501411
   50.315015861   -0.121478937   -0.112228288
   50.343282724   -0.108525846   -0.108032488
   50.371549587   -0.095660897   -0.103915378
   50.399816450   -0.082981851   -0.099878010
   50.428083313   -0.070578405   -0.095921107
   50.456350176   -0.058527905   -0.092045057
   50.484617038   -0.046892518   -0.088249910
   50.512883901   -0.035718153   -0.084535382
   50.541150764   -0.025035085   -0.080900867
   50.569417627   -0.014859982   -0.077345449
   50.597684490   -0.005198881   -0.073867917
   50.625951353    0.003949430   -0.070466783
   50.654218216    0.012590122   -0.067140289
   50.682485078    0.020729559   -0.063886421
   50.710751941    0.028373409   -0.060702926
   50.739018804    0.035525804   -0.057587329
   50.767285667    0.042189620   -0.054536961
   50.795552530    0.048367716   -0.051548986
   50.823819393    0.054064795   -0.048620437
   50.852086255    0.059289385   -0.045748242
   50.880353118    0.064055330   -0.042929253
   50.908619981    0.068382225   -0.040160260
   50.936886844    0.072294432   -0.037438003
   50.965153707    0.075818577   -0.034759176
   50.993420570    0.078979861   -0.032120432
   51.021687433    0.081797828   -0.029518383
   51.049954295    0.084282484   -0.026949618
   51.078221158    0.086431687   -0.024410716
   51.106488021    0.088230561   -0.021898273
   51.134754884    0.089653314   -0.019408931
   51.163021747    0.090667365   -0.016939406
   51.191288610    0.091239249   -0.014486516
   51.219555472    0.091341390   -0.012047197
   51.247822335    0.090958673   -0.009618518
   51.276089198    0.090093786   -0.007197680
   51.304356061    0.088770527   -0.004782011
   51.332622924    0.087034639   -0.002368964
   51.360889787    0.084952125    0.000043893
   51.389156649    0.082605407    0.002458883
   51.417423512    0.080087950    0.004878216
   51.445690375    0.077498144    0.007303986
   51.473957238    0.074933265    0.009738162
   51.502224101    0.072484211    0.012182577
   51.530490964    0.070231544    0.014638919
   51.558757827    0.068243081    0.017108721
   51.587024689    0.066573082    0.019593358
   51.615291552    0.065262800    0.022094034
   51.643558415    0.064342065    0.024611785
   51.671825278    0.063831452    0.027147462
   51.700092141    0.063744581    0.029701730
   51.728359004    0.064090179    0.032275044
   51.756625866    0.064873555    0.034867645
   51.784892729    0.066097308    0.037479535
   51.813159592    0.067761120    0.040110474
   51.841426455    0.069860636    0.042759961
   51.869693318    0.072385542    0.045427237
   51.897960181    0.075317083    0.048111276
   51.926227044    0.078625450    0.050810784
   51.954493906    0.082267579    0.053524198
   51.982760769    0.086186039    0.056249685
   52.011027632    0.090309598    0.058985136
   52.039294495    0.094555902    0.061728171
   52.067561358    0.098836339    0.064476142
   52.095828221    0.103062661    0.067226138
   52.124095083    0.107154515    0.069975007
   52.152361946    0.111046635    0.072719375
   52.180628809    0.114694373    0.075455669
   52.208895672    0.118076443    0.078180144
   52.237162535    0.121194277    0.080888906
   52.265429398    0.124068077    0.083577938
   52.293696260    0.126730391    0.086243121
   52.321963123    0.129218570    0.088880262
   52.350229986    0.131567664    0.091485124
   52.378496849    0.133805175    0.094053465
   52.406763712    0.135948494    0.096581079
   52.435030575    0.138005172    0.099063844
   52.463297438    0.139975442    0.101497767
   52.491564300    0.141855921    0.103879020
   52.519831163    0.143643269    0.106203979
   52.548098026    0.145336786    0.108469242
   52.576364889    0.146939425    0.110671654
   52.604631752    0.148457236    0.112808327
   52.632898615    0.149897792    0.114876667
   52.661165477    0.151268322    0.116874417
   52.689432340    0.152574307    0.118799709
   52.717699203    0.153818959    0.120651119
   52.745966066    0.155003636    0.122427728
   52.774232929    0.156128893    0.124129167
   52.802499792    0.157195651    0.125755650
   52.830766654    0.158206009    0.127307967
   52.859033517    0.159163421    0.128787454
   52.887300380    0.160072233    0.130195938
   52.915567243    0.160936841    0.131535652
   52.943834106    0.161760855    0.132809140
   52.972100969    0.162546616    0.134019168
   53.000367832    0.163295229    0.135168638
   53.028634694    0.164007067    0.136260514
   53.056901557    0.164682494    0.137297775
   53.085168420    0.165322495    0.138283382
   53.113435283    0.165928960    0.139220264
   53.141702146    0.166504535    0.140111319
   53.169969009    0.167052126    0.140959417
   53.198235871    0.167574294    0.141767405
   53.226502734    0.168072797    0.142538117
   53.254769597    0.168548473    0.143274360
   53.283036460    0.169001482    0.143978900
   53.311303323    0.169431791    0.144654441
   53.339570186    0.169839697    0.145303588
   53.367837049    0.170226142    0.145928819
   53.396103911    0.170592730    0.146532468
   53.424370774    0.170941425    0.147116717
   53.452637637    0.171274103    0.147683622
   53.480904500    0.171592135    0.148235149
   53.509171363    0.171896187    0.148773241
   53.537438226    0.172186307    0.149299889
   53.565705088    0.172462260    0.149817201
   53.593971951    0.172723943    0.150327454
   53.622238814    0.172971721    0.150833120
   53.650505677    0.173206522    0.151336848
   53.678772540    0.173429688    0.151841415
   53.707039403    0.173642630    0.152349632
   53.735306265    0.173846466    0.152864236
   53.763573128    0.174041777    0.153387757
   53.791839991    0.174228595    0.153922402
   53.820106854    0.174406615    0.154469942
   53.848373717    0.174575531    0.155031640
   53.876640580    0.174735352    0.155608199
   53.904907443    0.174886563    0.156199756
   53.933174305    0.175030068    0.156805902
   53.961441168    0.175166944    0.157425732
   53.989708031    0.175298129    0.158057908
   54.017974894    0.175424163    0.158700737
   54.046241757    0.175545110    0.159352246
   54.074508620    0.175660670    0.160010255
   54.102775482    0.175770447    0.160672437
   54.131042345    0.175874236    0.161336365
   54.159309208    0.175972215    0.161999549
   54.187576071    0.176064967    0.162659460
   54.215842934    0.176153312    0.163313546
   54.244109797    0.176238046    0.163959249
   54.272376660    0.176319691    0.164594025
   54.300643522    0.176398360    0.165215371
   54.328910385    0.176473808    0.165820865
   54.357177248    0.176545620    0.166408229
   54.385444111    0.176613471    0.166975394
   54.413710974    0.176677334    0.167520585
   54.441977837    0.176737550    0.168042403
   54.470244699    0.176794737    0.168539895
   54.498511562    0.176849573    0.169012608
   54.526778425    0.176902568    0.169460602
   54.555045288    0.176953896    0.169884424
   54.583312151    0.177003386    0.170285045
   54.611579014    0.177050654    0.170663754
   54.639845876    0.177095320    0.171022032
   54.668112739    0.177137218    0.171361417
   54.696379602    0.177176506    0.171683387
   54.724646465    0.177213630    0.171989266
   54.752913328    0.177249167    0.172280179
   54.781180191    0.177283606    0.172557035
   54.809447054    0.177317179    0.172820566
   54.837713916    0.177349796    0.173071369
   54.865980779    0.177381128    0.173309967
   54.894247642    0.177410780    0.173536862
   54.922514505    0.177438499    0.173752564
   54.950781368    0.177464299    0.173957605
   54.979048231    0.177488483    0.174152528
   55.007315093    0.177511529    0.174337872
   55.035581956    0.177533900    0.174514149
   55.063848819    0.177555872    0.174681832
   55.092115682    0.177577437    0.174841348
   55.120382545    0.177598335    0.174993088
   55.148649408    0.177618191    0.175137416
   55.176916271    0.177636697    0.175274682
   55.205183133    0.177653763    0.175405234
   55.233449996    0.177669569    0.175529413
   55.261716859    0.177684498    0.175647555
   55.289983722    0.177698980    0.175759980
   55.318250585    0.177713322    0.175866984
   55.346517448    0.177727592    0.175968837
   55.374784310    0.177741606    0.176065785
   55.403051173    0.177755025    0.176158055
   55.431318036    0.177767522    0.176245866
   55.459584899    0.177778927    0.176329430
   55.487851762    0.177789316    0.176408961
   55.516118625    0.177798981    0.176484668
   55.544385487    0.177808308    0.176556753
   55.572652350    0.177817623    0.176625406
   55.600919213    0.177827056    0.176690796
   55.629186076    0.177836500    0.176753081
   55.657452939    0.177845667    0.176812400
   55.685719802    0.177854229    0.176868888
   55.713986665    0.177861963    0.176922676
   55.742253527    0.177868856    0.176973894
   55.770520390    0.177875113    0.177022676
   55.798787253    0.177881071    0.177069148
   55.827054116    0.177887058    0.177113434
   55.855320979    0.177893256    0.177155643
   55.883587842    0.177899628    0.177195875
   55.911854704    0.177905950    0.177234218
   55.940121567    0.177911907    0.177270752
   55.968388430    0.177917245    0.177305559
   55.996655293    0.177921880    0.177338719
   56.024922156    0.177925936    0.177370314
   56.053189019    0.177929694    0.177400428
   56.081455881    0.177933472    0.177429141
   56.109722744    0.177937488    0.177456525
   56.137989607    0.177941775    0.177482645
   56.166256470    0.177946168    0.177507555
   56.194523333    0.177950386    0.177531305
   56.222790196    0.177954158    0.177553944
   56.251057059    0.177957344    0.177575521
   56.279323921    0.177959994    0.177596088
   56.307590784    0.177962331    0.177615698
   56.335857647    0.177964650    0.177634405
   56.364124510    0.177967195    0.177652257
   56.392391373    0.177970052    0.177669297
   56.420658236    0.177973121    0.177685560
   56.448925098    0.177976162    0.177701076
   56.477191961    0.177978904    0.177715874
   56.505458824    0.177981163    0.177729983
   56.533725687    0.177982928    0.177743435
   56.561992550    0.177984358    0.177756265
   56.590259413    0.177985718    0.177768509
   56.618526276    0.177987263    0.177780200
   56.646793138    0.177989125    0.177791367
   56.675060001    0.177991265    0.177802032
   56.703326864    0.177993489    0.177812216
   56.731593727    0.177995540    0.177821933
   56.759860590    0.177997207    0.177831201
   56.788127453    0.177998421    0.177840040
   56.816394315    0.177999285    0.177848471
   56.844661178    0.178000024    0.177856519
   56.872928041    0.178000890    0.177864207
   56.901194904    0.178002053    0.177871555
   56.929461767    0.178003528    0.177878581
   56.957728630    0.178005172    0.177885294
   56.985995492    0.178006751    0.177891704
   57.014262355    0.178008040    0.177897820
   57.042529218    0.178008926    0.177903654
   57.070796081    0.178009452    0.177909219
   57.099062944    0.178009801    0.177914531
   57.127329807    0.178010213    0.177919608
   57.155596670    0.178010882    0.177924464
   57.183863532    0.178011872    0.177929110
   57.212130395    0.178013091    0.177933556
   57.240397258    0.178014337    0.177937804
   57.268664121    0.178015382    0.177941859
   57.296930984    0.178016077    0.177945727
   57.325197847    0.178016413    0.177949416
   57.353464709    0.178016527    0.177952937
   57.381731572    0.178016636    0.177956302
   57.409998435    0.178016947    0.177959524
   57.438265298    0.178017566    0.177962609
   57.466532161    0.178018452    0.177965565
   57.494799024    0.178019440    0.177968393
   57.523065887    0.178020314    0.177971094
   57.551332749    0.178020898    0.177973670
   57.579599612    0.178021140    0.177976126
   57.607866475    0.178021127    0.177978469
   57.636133338    0.178021049    0.177980709
   57.664400201    0.178021114    0.177982854
   57.692667064    0.178021459    0.177984911
   57.720933926    0.178022091    0.177986884
   57.749200789    0.178022884    0.177988775
   57.777467652    0.178023640    0.177990582
   57.805734515    0.178024170    0.177992307
   57.834001378    0.178024383    0.177993950
   57.862268241    0.178024320    0.177995517
   57.890535103    0.178024136    0.177997013
   57.918801966    0.178024033    0.177998447
   57.947068829    0.178024170    0.177999823
   57.975335692    0.178024595    0.178001146
   58.003602555    0.178025227    0.178002416
   58.031869418    0.178025889    0.178003632
   58.060136281    0.178026392    0.178004792
   58.088403143    0.178026612    0.178005897
   58.116670006    0.178026547    0.178006950
   58.144936869    0.178026315    0.178007953
   58.173203732    0.178026103    0.178008914
   58.201470595    0.178026081    0.178009838
   58.229737458    0.178026336    0.178010728
   58.258004320    0.178026826    0.178011585
   58.286271183    0.178027407    0.178012407
   58.314538046    0.178027894    0.178013193
   58.342804909    0.178028140    0.178013940
   58.371071772    0.178028104    0.178014650
   58.399338635    0.178027866    0.178015326
   58.427605498    0.178027589    0.178015973
   58.455872360    0.178027451    0.178016595
   58.484139223    0.178027563    0.178017196
   58.512406086    0.178027927    0.178017777
   58.540672949    0.178028430    0.178018336
   58.568939812    0.178028901    0.178018871
   58.597206675    0.178029181    0.178019379
   58.625473537    0.178029193    0.178019862
   58.653740400    0.178028979    0.178020319
   58.682007263    0.178028674    0.178020756
   58.710274126    0.178028453    0.178021177
   58.738540989    0.178028448    0.178021584
   58.766807852    0.178028696    0.178021978
   58.795074714    0.178029122    0.178022360
   58.823341577    0.178029572    0.178022727
   58.851608440    0.178029884    0.178023076
   58.879875303    0.178029953    0.178023406
   58.908142166    0.178029782    0.178023717
   58.936409029    0.178029478    0.178024014
   58.964675892    0.178029202    0.178024298
   58.992942754    0.178029101    0.178024574
   59.021209617    0.178029244    0.178024844
   59.049476480    0.178029591    0.178025106
   59.077743343    0.178030013    0.178025359
   59.106010206    0.178030349    0.178025601
   59.134277069    0.178030476    0.178025828
   59.162543931    0.178030363    0.178026042
   59.190810794    0.178030081    0.178026243
   59.219077657    0.178029776    0.178026437
   59.247344520    0.178029600    0.178026624
   59.275611383    0.178029647    0.178026809
   59.303878246    0.178029913    0.178026990
   59.332145109    0.178030298    0.178027166
   59.360411971    0.178030649    0.178027334
   59.388678834    0.178030830    0.178027493
   59.416945697    0.178030780    0.178027640
   59.445212560    0.178030538    0.178027779
   59.473479423    0.178030225    0.178027910
   59.501746286    0.178029994    0.178028038
   59.530013148    0.178029957    0.178028164
   59.558280011    0.178030142    0.178028289
   59.586546874    0.178030480    0.178028413
   59.614813737    0.178030835    0.178028531
   59.643080600    0.178031063    0.178028643
   59.671347463    0.178031078    0.178028746
   59.699614325    0.178030886    0.178028842
   59.727881188    0.178030585    0.178028932
   59.756148051    0.178030316    0.178029018
   59.784414914    0.178030207    0.178029105
   59.812681777    0.178030314    0.178029191
   59.840948640    0.178030597    0.178029278
   59.869215503    0.178030942    0.178029363
   59.897482365    0.178031206    0.178029443
   59.925749228    0.178031283    0.178029517
   59.954016091    0.178031151    0.178029584
   59.982282954    0.178030876    0.178029645
   60.010549817    0.178030588    0.178029705
   60.038816680    0.178030419    0.178029764
   60.067083542    0.178030451    0.178029824
   60.095350405    0.178030674    0.178029886
   60.123617268    0.178030997    0.178029947
   60.151884131    0.178031285    0.178030006
   60.180150994    0.178031420    0.178030059
   60.208417857    0.178031350    0.178030107
   60.236684719    0.178031114    0.178030150
   60.264951582    0.178030822    0.178030191
   60.293218445    0.178030609    0.178030231
   60.321485308    0.178030571    0.178030273
   60.349752171    0.178030731    0.178030317
   60.378019034    0.178031021    0.178030362
   60.406285897    0.178031320    0.178030406
   60.434552759    0.178031503    0.178030446
   60.462819622    0.178031495    0.178030481
   60.491086485    0.178031307    0.178030511
   60.519353348    0.178031027    0.178030539
   60.547620211    0.178030782    0.178030567
   60.575887074    0.178030684    0.178030596
   60.604153936    0.178030779    0.178030627
   60.632420799    0.178031027    0.178030661
   60.660687662    0.178031325    0.178030694
   60.688954525    0.178031545    0.178030724
   60.717221388    0.178031597    0.178030751
   60.745488251    0.178031463    0.178030773
   60.773755114    0.178031208    0.178030793
   60.802021976    0.178030946    0.178030811
   60.830288839    0.178030796    0.178030831
   60.858555702    0.178030827    0.178030854
   60.886822565    0.178031027    0.178030879
   60.915089428    0.178031310    0.178030904
   60.943356291    0.178031557    0.178030929
   60.971623153    0.178031663    0.178030949
   60.999890016    0.178031587    0.178030966
   61.028156879    0.178031365    0.178030980
   61.056423742    0.178031100    0.178030993
   61.084690605    0.178030910    0.178031006
   61.112957468    0.178030881    0.178031022
   61.141224330    0.178031027    0.178031041
   61.169491193    0.178031286    0.178031061
   61.197758056    0.178031547    0.178031081
   61.226024919    0.178031700    0.178031098
   61.254291782    0.178031680    0.178031111
   61.282558645    0.178031502    0.178031122
   61.310825508    0.178031246    0.178031130
   61.339092370    0.178031027    0.178031139
   61.367359233    0.178030943    0.178031151
   61.395626096    0.178031033    0.178031164
   61.423892959    0.178031258    0.178031180
   61.452159822    0.178031522    0.178031197
   61.480426685    0.178031711    0.178031211
   61.508693547    0.178031747    0.178031223
   61.536960410    0.178031617    0.178031231
   61.565227273    0.178031381    0.178031237
   61.593494136    0.178031146    0.178031243
   61.621760999    0.178031016    0.178031250
   61.650027862    0.178031050    0.178031261
   61.678294725    0.178031233    0.178031274
   61.706561587    0.178031488    0.178031287
   61.734828450    0.178031704    0.178031300
   61.763095313    0.178031790    0.178031310
   61.791362176    0.178031711    0.178031317
   61.819629039    0.178031505    0.178031322
   61.847895902    0.178031265    0.178031325
   61.876162764    0.178031098    0.178031330
   61.904429627    0.178031077    0.178031338
   61.932696490    0.178031215    0.178031348
   61.960963353    0.178031450    0.178031360
   61.989230216    0.178031682    0.178031371
   62.017497079    0.178031812    0.178031380
   62.045763941    0.178031785    0.178031387
   62.074030804    0.178031616    0.178031391
   62.102297667    0.178031382    0.178031393
   62.130564530    0.178031188    0.178031396
   62.158831393    0.178031118    0.178031402
   62.187098256    0.178031206    0.178031410
   62.215365119    0.178031413    0.178031420
   62.243631981    0.178031650    0.178031430
   62.271898844    0.178031815    0.178031439
   62.300165707    0.178031839    0.178031445
   62.328432570    0.178031713    0.178031448
   62.356699433    0.178031496    0.178031450
   62.384966296    0.178031284    0.178031452
   62.413233158    0.178031172    0.178031456
   62.441500021    0.178031209    0.178031462
   62.469766884    0.178031381    0.178031470
   62.498033747    0.178031612    0.178031480
   62.526300610    0.178031804    0.178031488
   62.554567473    0.178031874    0.178031494
   62.582834336    0.178031795    0.178031498
   62.611101198    0.178031603    0.178031499
   62.639368061    0.178031385    0.178031500
   62.667634924    0.178031238    0.178031503
   62.695901787    0.178031226    0.178031507
   62.724168650    0.178031357    0.178031514
   62.752435513    0.178031573    0.178031523
   62.780702375    0.178031781    0.178031531
   62.808969238    0.178031892    0.178031537
   62.837236101    0.178031860    0.178031541
   62.865502964    0.178031701    0.178031543
   62.893769827    0.178031487    0.178031543
   62.922036690    0.178031313    0.178031545
   62.950303552    0.178031257    0.178031548
   62.978570415    0.178031343    0.178031554
   63.006837278    0.178031535    0.178031561
   63.035104141    0.178031750    0.178031569
   63.063371004    0.178031896    0.178031576
   63.091637867    0.178031910    0.178031580
   63.119904730    0.178031789    0.178031582
   63.148171592    0.178031588    0.178031582
   63.176438455    0.178031397    0.178031583
   63.204705318    0.178031301    0.178031585
   63.232972181    0.178031341    0.178031590
   63.261239044    0.178031503    0.178031597
   63.289505907    0.178031715    0.178031604
   63.317772769    0.178031886    0.178031611
   63.346039632    0.178031943    0.178031616
   63.374306495    0.178031864    0.178031618
   63.402573358    0.178031685    0.178031618
   63.430840221    0.178031486    0.178031618
   63.459107084    0.178031356    0.178031620
   63.487373946    0.178031353    0.178031623
   63.515640809    0.178031478    0.178031629
   63.543907672    0.178031677    0.178031636
   63.572174535    0.178031866    0.178031643
   63.600441398    0.178031962    0.178031648
   63.628708261    0.178031925    0.178031651
   63.656975124    0.178031775    0.178031652
   63.685241986    0.178031578    0.178031652
   63.713508849    0.178031422    0.178031652
   63.741775712    0.178031377    0.178031655
   63.770042575    0.178031462    0.178031660
   63.798309438    0.178031642    0.178031667
   63.826576301    0.178031838    0.178031673
   63.854843163    0.178031966    0.178031679
   63.883110026    0.178031973    0.178031682
   63.911376889    0.178031856    0.178031683
   63.939643752    0.178031670    0.178031683
   63.967910615    0.178031497    0.178031683
   63.996177478    0.178031414    0.178031685
   64.024444341    0.178031458    0.178031689
   64.052711203    0.178031610    0.178031695
   64.080978066    0.178031805    0.178031702
   64.109244929    0.178031959    0.178031707
   64.137511792    0.178032006    0.178031711
   64.165778655    0.178031927    0.178031713
   64.194045518    0.178031759    0.178031713
   64.222312380    0.178031577    0.178031713
   64.250579243    0.178031462    0.178031714
   64.278846106    0.178031465    0.178031717
   64.307112969    0.178031586    0.178031723
   64.335379832    0.178031771    0.178031729
   64.363646695    0.178031942    0.178031735
   64.391913557    0.178032025    0.178031739
   64.420180420    0.178031985    0.178031741
   64.448447283    0.178031842    0.178031742
   64.476714146    0.178031661    0.178031742
   64.504981009    0.178031521    0.178031742
   64.533247872    0.178031485    0.178031745
   64.561514735    0.178031569    0.178031749
   64.589781597    0.178031738    0.178031755
   64.618048460    0.178031918    0.178031761
   64.646315323    0.178032032    0.178031766
   64.674582186    0.178032031    0.178031769
   64.702849049    0.178031919    0.178031770
   64.731115912    0.178031745    0.178031770
   64.759382774    0.178031588    0.178031770
   64.787649637    0.178031516    0.178031771
   64.815916500    0.178031563    0.178031775
   64.844183363    0.178031708    0.178031781
   64.872450226    0.178031889    0.178031786
   64.900717089    0.178032027    0.178031792
   64.928983952    0.178032064    0.178031795
   64.957250814    0.178031986    0.178031796
   64.985517677    0.178031828    0.178031796
   65.013784540    0.178031661    0.178031796
   65.042051403    0.178031559    0.178031797
   65.070318266    0.178031568    0.178031800
   65.098585129    0.178031684    0.178031805
   65.126851991    0.178031857    0.178031811
   65.155118854    0.178032013    0.178031816
   65.183385717    0.178032085    0.178031820
   65.211652580    0.178032042    0.178031822
   65.239919443    0.178031906    0.178031823
   65.268186306    0.178031737    0.178031822
   65.296453168    0.178031611    0.178031823
   65.324720031    0.178031584    0.178031825
   65.352986894    0.178031668    0.178031829
   65.381253757    0.178031826    0.178031835
   65.409520620    0.178031992    0.178031840
   65.437787483    0.178032093    0.178031845
   65.466054346    0.178032087    0.178031847
   65.494321208    0.178031978    0.178031848
   65.522588071    0.178031815    0.178031848
   65.550854934    0.178031672    0.178031848
   65.579121797    0.178031611    0.178031850
   65.607388660    0.178031660    0.178031853
   65.635655523    0.178031798    0.178031858
   65.663922385    0.178031966    0.178031864
   65.692189248    0.178032091    0.178031868
   65.720456111    0.178032120    0.178031871
   65.748722974    0.178032042    0.178031873
   65.776989837    0.178031892    0.178031873
   65.805256700    0.178031738    0.178031872
   65.833523563    0.178031648    0.178031874
   65.861790425    0.178031662    0.178031876
   65.890057288    0.178031775    0.178031881
   65.918324151    0.178031937    0.178031886
   65.946591014    0.178032080    0.178031891
   65.974857877    0.178032141    0.178031895
   66.003124740    0.178032096    0.178031896
   66.031391602    0.178031966    0.178031897
   66.059658465    0.178031809    0.178031897
   66.087925328    0.178031695    0.178031897
   66.116192191    0.178031675    0.178031899
   66.144459054    0.178031758    0.178031903
   66.172725917    0.178031909    0.178031908
   66.200992779    0.178032061    0.178031914
   66.229259642    0.178032151    0.178031917
   66.257526505    0.178032140    0.178031920
   66.285793368    0.178032034    0.178031920
   66.314060231    0.178031881    0.178031920
   66.342327094    0.178031750    0.178031920
   66.370593957    0.178031698    0.178031922
   66.398860819    0.178031749    0.178031925
   66.427127682    0.178031882    0.178031930
   66.455394545    0.178032038    0.178031935
   66.483661408    0.178032151    0.178031939
   66.511928271    0.178032173    0.178031942
   66.540195134    0.178032095    0.178031943
   66.568461996    0.178031953    0.178031943
   66.596728859    0.178031811    0.178031943
   66.624995722    0.178031731    0.178031944
   66.653262585    0.178031750    0.178031947
   66.681529448    0.178031859    0.178031951
   66.709796311    0.178032012    0.178031956
   66.738063173    0.178032142    0.178031961
   66.766330036    0.178032195    0.178031964
   66.794596899    0.178032147    0.178031966
   66.822863762    0.178032023    0.178031966
   66.851130625    0.178031876    0.178031966
   66.879397488    0.178031773    0.178031966
   66.907664351    0.178031760    0.178031968
   66.935931213    0.178031842    0.178031972
   66.964198076    0.178031985    0.178031977
   66.992464939    0.178032126    0.178031982
   67.020731802    0.178032206    0.178031985
   67.048998665    0.178032190    0.178031987
   67.077265528    0.178032087    0.178031988
   67.105532390    0.178031944    0.178031988
   67.133799253    0.178031823    0.178031988
   67.162066116    0.178031779    0.178031989
   67.190332979    0.178031832    0.178031993
   67.218599842    0.178031959    0.178031997
   67.246866705    0.178032105    0.178032002
   67.275133568    0.178032208    0.178032006
   67.303400430    0.178032223    0.178032008
   67.331667293    0.178032146    0.178032009
   67.359934156    0.178032011    0.178032009
   67.388201019    0.178031879    0.178032009
   67.416467882    0.178031809    0.178032010
   67.444734745    0.178031831    0.178032013
   67.473001607    0.178031937    0.178032017
   67.501268470    0.178032081    0.178032022
   67.529535333    0.178032201    0.178032026
   67.557802196    0.178032245    0.178032029
   67.586069059    0.178032196    0.178032030
   67.614335922    0.178032076    0.178032030
   67.642602784    0.178031939    0.178032030
   67.670869647    0.178031846    0.178032031
   67.699136510    0.178031838    0.178032033
   67.727403373    0.178031920    0.178032036
   67.755670236    0.178032056    0.178032041
   67.783937099    0.178032187    0.178032045
   67.812203962    0.178032258    0.178032049
   67.840470824    0.178032238    0.178032050
   67.868737687    0.178032138    0.178032051
   67.897004550    0.178032002    0.178032051
   67.925271413    0.178031891    0.178032051
   67.953538276    0.178031855    0.178032053
   67.981805139    0.178031909    0.178032056
   68.010072001    0.178032031    0.178032060
   68.038338864    0.178032168    0.178032064
   68.066605727    0.178032261    0.178032068
   68.094872590    0.178032271    0.178032070
   68.123139453    0.178032194    0.178032071
   68.151406316    0.178032065    0.178032071
   68.179673179    0.178031943    0.178032071
   68.207940041    0.178031880    0.178032072
   68.236206904    0.178031906    0.178032075
   68.264473767    0.178032010    0.178032078
   68.292740630    0.178032146    0.178032083
   68.321007493    0.178032256    0.178032087
   68.349274356    0.178032293    0.178032089
   68.377541218    0.178032243    0.178032091
   68.405808081    0.178032127    0.178032091
   68.434074944    0.178031998    0.178032091
   68.462341807    0.178031914    0.178032091
   68.490608670    0.178031912    0.178032093
   68.518875533    0.178031992    0.178032097
   68.547142395    0.178032122    0.178032101
   68.575409258    0.178032244    0.178032105
   68.603676121    0.178032307    0.178032108
   68.631942984    0.178032283    0.178032110
   68.660209847    0.178032185    0.178032110
   68.688476710    0.178032057    0.178032110
   68.716743573    0.178031955    0.178032110
   68.745010435    0.178031925    0.178032112
   68.773277298    0.178031981    0.178032115
   68.801544161    0.178032099    0.178032119
   68.829811024    0.178032227    0.178032123
   68.858077887    0.178032311    0.178032126
   68.886344750    0.178032316    0.178032128
   68.914611612    0.178032239    0.178032129
   68.942878475    0.178032116    0.178032129
   68.971145338    0.178032002    0.178032129
   68.999412201    0.178031947    0.178032130
   69.027679064    0.178031977    0.178032132
   69.055945927    0.178032077    0.178032136
   69.084212790    0.178032206    0.178032140
   69.112479652    0.178032308    0.178032144
   69.140746515    0.178032339    0.178032146
   69.169013378    0.178032286    0.178032147
   69.197280241    0.178032175    0.178032147
   69.225547104    0.178032054    0.178032147
   69.253813967    0.178031978    0.178032148
   69.282080829    0.178031980    0.178032150
   69.310347692    0.178032060    0.178032153
   69.338614555    0.178032184    0.178032157
   69.366881418    0.178032298    0.178032161
   69.395148281    0.178032353    0.178032163
   69.423415144    0.178032326    0.178032165
   69.451682006    0.178032230    0.178032165
   69.479948869    0.178032108    0.178032165
   69.508215732    0.178032015    0.178032165
   69.536482595    0.178031991    0.178032167
   69.564749458    0.178032048    0.178032170
   69.593016321    0.178032161    0.178032173
   69.621283184    0.178032282    0.178032177
   69.649550046    0.178032359    0.178032180
   69.677816909    0.178032358    0.178032182
   69.706083772    0.178032282    0.178032183
   69.734350635    0.178032164    0.178032183
   69.762617498    0.178032058    0.178032183
   69.790884361    0.178032010    0.178032184
   69.819151223    0.178032042    0.178032186
   69.847418086    0.178032140    0.178032190
   69.875684949    0.178032263    0.178032193
   69.903951812    0.178032356    0.178032197
   69.932218675    0.178032381    0.178032199
   69.960485538    0.178032327    0.178032200
   69.988752400    0.178032219    0.178032200
   70.017019263    0.178032106    0.178032200
   70.045286126    0.178032037    0.178032200
   70.073552989    0.178032043    0.178032202
   70.101819852    0.178032123    0.178032205
   70.130086715    0.178032241    0.178032209
   70.158353578    0.178032348    0.178032213
   70.186620440    0.178032396    0.178032215
   70.214887303    0.178032366    0.178032217
   70.243154166    0.178032273    0.178032217
   70.271421029    0.178032157    0.178032216
   70.299687892    0.178032070    0.178032217
   70.327954755    0.178032052    0.178032218
   70.356221617    0.178032110    0.178032221
   70.384488480    0.178032219    0.178032225
   70.412755343    0.178032334    0.178032228
   70.441022206    0.178032403    0.178032231
   70.469289069    0.178032398    0.178032233
   70.497555932    0.178032322    0.178032233
   70.525822795    0.178032209    0.178032233
   70.554089657    0.178032110    0.178032233
   70.582356520    0.178032068    0.178032234
   70.610623383    0.178032103    0.178032236
   70.638890246    0.178032199    0.178032240
   70.667157109    0.178032315    0.178032243
   70.695423972    0.178032402    0.178032246
   70.723690834    0.178032421    0.178032248
   70.751957697    0.178032366    0.178032249
   70.780224560    0.178032261    0.178032249
   70.808491423    0.178032154    0.178032249
   70.836758286    0.178032092    0.178032250
   70.865025149    0.178032102    0.178032251
   70.893292011    0.178032181    0.178032254
   70.921558874    0.178032295    0.178032258
   70.949825737    0.178032394    0.178032261
   70.978092600    0.178032437    0.178032264
   71.006359463    0.178032404    0.178032265
   71.034626326    0.178032312    0.178032265
   71.062893189    0.178032202    0.178032264
   71.091160051    0.178032122    0.178032265
   71.119426914    0.178032108    0.178032266
   71.147693777    0.178032167    0.178032269
   71.175960640    0.178032274    0.178032272
   71.204227503    0.178032381    0.178032276
   71.232494366    0.178032444    0.178032278
   71.260761228    0.178032435    0.178032280
   71.289028091    0.178032359    0.178032280
   71.317294954    0.178032251    0.178032280
   71.345561817    0.178032158    0.178032280
   71.373828680    0.178032122    0.178032281
   71.402095543    0.178032159    0.178032283
   71.430362406    0.178032253    0.178032286
   71.458629268    0.178032364    0.178032290
   71.486896131    0.178032444    0.178032293
   71.515162994    0.178032458    0.178032294
   71.543429857    0.178032402    0.178032295
   71.571696720    0.178032301    0.178032295
   71.599963583    0.178032199    0.178032295
   71.628230445    0.178032143    0.178032295
   71.656497308    0.178032157    0.178032297
   71.684764171    0.178032235    0.178032300
   71.713031034    0.178032345    0.178032303
   71.741297897    0.178032438    0.178032306
   71.769564760    0.178032474    0.178032309
   71.797831622    0.178032439    0.178032309
   71.826098485    0.178032349    0.178032309
   71.854365348    0.178032243    0.178032309
   71.882632211    0.178032170    0.178032309
   71.910899074    0.178032161    0.178032311
   71.939165937    0.178032221    0.178032313
   71.967432800    0.178032324    0.178032317
   71.995699662    0.178032426    0.178032320
   72.023966525    0.178032482    0.178032322
   72.052233388    0.178032470    0.178032323
   72.080500251    0.178032394    0.178032324
   72.108767114    0.178032290    0.178032323
   72.137033977    0.178032203    0.178032323
   72.165300839    0.178032172    0.178032324
   72.193567702    0.178032211    0.178032327
   72.221834565    0.178032304    0.178032330
   72.250101428    0.178032410    0.178032333
   72.278368291    0.178032483    0.178032335
   72.306635154    0.178032493    0.178032337
   72.334902017    0.178032436    0.178032338
   72.363168879    0.178032337    0.178032337
   72.391435742    0.178032241    0.178032337
   72.419702605    0.178032190    0.178032338
   72.447969468    0.178032207    0.178032339
   72.476236331    0.178032286    0.178032342
   72.504503194    0.178032391    0.178032345
   72.532770056    0.178032478    0.178032348
   72.561036919    0.178032509    0.178032350
   72.589303782    0.178032472    0.178032351
   72.617570645    0.178032383    0.178032351
   72.645837508    0.178032282    0.178032351
   72.674104371    0.178032214    0.178032351
   72.702371233    0.178032210    0.178032352
   72.730638096    0.178032271    0.178032355
   72.758904959    0.178032371    0.178032358
   72.787171822    0.178032467    0.178032361
   72.815438685    0.178032518    0.178032363
   72.843705548    0.178032502    0.178032364
   72.871972411    0.178032427    0.178032364
   72.900239273    0.178032326    0.178032364
   72.928506136    0.178032245    0.178032364
   72.956772999    0.178032219    0.178032365
   72.985039862    0.178032260    0.178032367
   73.013306725    0.178032351    0.178032370
   73.041573588    0.178032452    0.178032373
   73.069840450    0.178032520    0.178032375
   73.098107313    0.178032525    0.178032377
   73.126374176    0.178032467    0.178032377
   73.154641039    0.178032371    0.178032377
   73.182907902    0.178032280    0.178032377
   73.211174765    0.178032234    0.178032377
   73.239441628    0.178032254    0.178032379
   73.267708490    0.178032332    0.178032381
   73.295975353    0.178032434    0.178032384
   73.324242216    0.178032515    0.178032387
   73.352509079    0.178032542    0.178032389
   73.380775942    0.178032502    0.178032389
   73.409042805    0.178032415    0.178032389
   73.437309667    0.178032318    0.178032389
   73.465576530    0.178032256    0.178032389
   73.493843393    0.178032255    0.178032391
   73.522110256    0.178032317    0.178032393
   73.550377119    0.178032414    0.178032396
   73.578643982    0.178032505    0.178032399
   73.606910844    0.178032551    0.178032401
   73.635177707    0.178032532    0.178032402
   73.663444570    0.178032457    0.178032402
   73.691711433    0.178032359    0.178032401
   73.719978296    0.178032283    0.178032401
   73.748245159    0.178032262    0.178032402
   73.776512022    0.178032305    0.178032404
   73.804778884    0.178032394    0.178032407
   73.833045747    0.178032491    0.178032410
   73.861312610    0.178032553    0.178032412
   73.889579473    0.178032555    0.178032413
   73.917846336    0.178032495    0.178032413
   73.946113199    0.178032402    0.178032413
   73.974380061    0.178032315    0.178032413
   74.002646924    0.178032275    0.178032413
   74.030913787    0.178032298    0.178032415
   74.059180650    0.178032375    0.178032418
   74.087447513    0.178032473    0.178032420
   74.115714376    0.178032550    0.178032423
   74.143981238    0.178032571    0.178032424
   74.172248101    0.178032530    0.178032425
   74.200514964    0.178032443    0.178032425
   74.228781827    0.178032351    0.178032424
   74.257048690    0.178032294    0.178032424
   74.285315553    0.178032297    0.178032426
   74.313582416    0.178032359    0.178032428
   74.341849278    0.178032454    0.178032431
   74.370116141    0.178032540    0.178032433
   74.398383004    0.178032581    0.178032435
   74.426649867    0.178032559    0.178032436
   74.454916730    0.178032484    0.178032436
   74.483183593    0.178032390    0.178032435
   74.511450455    0.178032318    0.178032435
   74.539717318    0.178032301    0.178032436
   74.567984181    0.178032346    0.178032438
   74.596251044    0.178032434    0.178032441
   74.624517907    0.178032527    0.178032444
   74.652784770    0.178032584    0.178032446
   74.681051633    0.178032582    0.178032447
   74.709318495    0.178032521    0.178032447
   74.737585358    0.178032430    0.178032446
   74.765852221    0.178032348    0.178032446
   74.794119084    0.178032312    0.178032447
   74.822385947    0.178032338    0.178032448
   74.850652810    0.178032415    0.178032451
   74.878919672    0.178032510    0.178032453
   74.907186535    0.178032581    0.178032456
   74.935453398    0.178032599    0.178032457
   74.963720261    0.178032555    0.178032457
   74.991987124    0.178032470    0.178032457
   75.020253987    0.178032381    0.178032457
   75.048520849    0.178032329    0.178032457
   75.076787712    0.178032335    0.178032458
   75.105054575    0.178032398    0.178032460
   75.133321438    0.178032491    0.178032463
   75.161588301    0.178032573    0.178032465
   75.189855164    0.178032609    0.178032467
   75.218122027    0.178032583    0.178032468
   75.246388889    0.178032509    0.178032467
   75.274655752    0.178032418    0.178032467
   75.302922615    0.178032351    0.178032467
   75.331189478    0.178032338    0.178032468
   75.359456341    0.178032384    0.178032470
   75.387723204    0.178032471    0.178032472
   75.415990066    0.178032560    0.178032475
   75.444256929    0.178032612    0.178032476
   75.472523792    0.178032606    0.178032477
   75.500790655    0.178032545    0.178032477
   75.529057518    0.178032456    0.178032477
   75.557324381    0.178032378    0.178032477
   75.585591244    0.178032346    0.178032477
   75.613858106    0.178032375    0.178032479
   75.642124969    0.178032452    0.178032481
   75.670391832    0.178032543    0.178032483
   75.698658695    0.178032610    0.178032486
   75.726925558    0.178032623    0.178032487
   75.755192421    0.178032578    0.178032487
   75.783459283    0.178032494    0.178032487
   75.811726146    0.178032409    0.178032486
   75.839993009    0.178032360    0.178032486
   75.868259872    0.178032370    0.178032488
   75.896526735    0.178032434    0.178032490
   75.924793598    0.178032524    0.178032492
   75.953060460    0.178032602    0.178032494
   75.981327323    0.178032634    0.178032496
   76.009594186    0.178032606    0.178032496
   76.037861049    0.178032531    0.178032496
   76.066127912    0.178032443    0.178032496
   76.094394775    0.178032380    0.178032495
   76.122661638    0.178032371    0.178032496
   76.150928500    0.178032419    0.178032498
   76.179195363    0.178032505    0.178032500
   76.207462226    0.178032590    0.178032503
   76.235729089    0.178032638    0.178032504
   76.263995952    0.178032628    0.178032505
   76.292262815    0.178032566    0.178032505
   76.320529677    0.178032479    0.178032505
   76.348796540    0.178032405    0.178032504
   76.377063403    0.178032377    0.178032505
   76.405330266    0.178032408    0.178032506
   76.433597129    0.178032485    0.178032508
   76.461863992    0.178032574    0.178032511
   76.490130855    0.178032636    0.178032513
   76.518397717    0.178032645    0.178032514
   76.546664580    0.178032598    0.178032514
   76.574931443    0.178032515    0.178032513
   76.603198306    0.178032434    0.178032513
   76.631465169    0.178032389    0.178032513
   76.659732032    0.178032402    0.178032514
   76.687998894    0.178032467    0.178032516
   76.716265757    0.178032555    0.178032519
   76.744532620    0.178032629    0.178032521
   76.772799483    0.178032656    0.178032522
   76.801066346    0.178032626    0.178032522
   76.829333209    0.178032551    0.178032522
   76.857600071    0.178032465    0.178032521
   76.885866934    0.178032407    0.178032521
   76.914133797    0.178032401    0.178032522
   76.942400660    0.178032451    0.178032524
   76.970667523    0.178032535    0.178032526
   76.998934386    0.178032617    0.178032528
   77.027201249    0.178032661    0.178032530
   77.055468111    0.178032648    0.178032530
   77.083734974    0.178032585    0.178032530
   77.112001837    0.178032499    0.178032530
   77.140268700    0.178032429    0.178032529
   77.168535563    0.178032405    0.178032530
   77.196802426    0.178032439    0.178032531
   77.225069288    0.178032515    0.178032533
   77.253336151    0.178032601    0.178032535
   77.281603014    0.178032660    0.178032537
   77.309869877    0.178032665    0.178032538
   77.338136740    0.178032616    0.178032538
   77.366403603    0.178032534    0.178032537
   77.394670465    0.178032456    0.178032537
   77.422937328    0.178032415    0.178032537
   77.451204191    0.178032431    0.178032538
   77.479471054    0.178032497    0.178032540
   77.507737917    0.178032583    0.178032542
   77.536004780    0.178032653    0.178032544
   77.564271643    0.178032676    0.178032545
   77.592538505    0.178032643    0.178032546
   77.620805368    0.178032568    0.178032545
   77.649072231    0.178032485    0.178032544
   77.677339094    0.178032431    0.178032544
   77.705605957    0.178032428    0.178032545
   77.733872820    0.178032480    0.178032547
   77.762139682    0.178032563    0.178032549
   77.790406545    0.178032642    0.178032551
   77.818673408    0.178032681    0.178032552
   77.846940271    0.178032665    0.178032553
   77.875207134    0.178032601    0.178032552
   77.903473997    0.178032517    0.178032552
   77.931740860    0.178032451    0.178032551
   77.960007722    0.178032431    0.178032552
   77.988274585    0.178032467    0.178032553
   78.016541448    0.178032543    0.178032555
   78.044808311    0.178032626    0.178032557
   78.073075174    0.178032681    0.178032559
   78.101342037    0.178032683    0.178032560
   78.129608899    0.178032632    0.178032560
   78.157875762    0.178032550    0.178032559
   78.186142625    0.178032475    0.178032558
   78.214409488    0.178032439    0.178032558
   78.242676351    0.178032457    0.178032559
   78.270943214    0.178032524    0.178032561
   78.299210076    0.178032608    0.178032563
   78.327476939    0.178032674    0.178032565
   78.355743802    0.178032694    0.178032566
   78.384010665    0.178032658    0.178032566
   78.412277528    0.178032583    0.178032566
   78.440544391    0.178032503    0.178032565
   78.468811254    0.178032452    0.178032565
   78.497078116    0.178032453    0.178032566
   78.525344979    0.178032506    0.178032567
   78.553611842    0.178032588    0.178032569
   78.581878705    0.178032663    0.178032571
   78.610145568    0.178032699    0.178032572
   78.638412431    0.178032680    0.178032573
   78.666679293    0.178032615    0.178032572
   78.694946156    0.178032533    0.178032571
   78.723213019    0.178032470    0.178032571
   78.751479882    0.178032453    0.178032571
   78.779746745    0.178032492    0.178032573
   78.808013608    0.178032568    0.178032575
   78.836280471    0.178032648    0.178032577
   78.864547333    0.178032699    0.178032578
   78.892814196    0.178032697    0.178032579
   78.921081059    0.178032645    0.178032578
   78.949347922    0.178032564    0.178032578
   78.977614785    0.178032492    0.178032577
   79.005881648    0.178032459    0.178032577
   79.034148510    0.178032481    0.178032578
   79.062415373    0.178032548    0.178032580
   79.090682236    0.178032630    0.178032582
   79.118949099    0.178032693    0.178032583
   79.147215962    0.178032709    0.178032584
   79.175482825    0.178032671    0.178032584
   79.203749687    0.178032596    0.178032584
   79.232016550    0.178032518    0.178032583
   79.260283413    0.178032470    0.178032583
   79.288550276    0.178032474    0.178032583
   79.316817139    0.178032529    0.178032585
   79.345084002    0.178032610    0.178032587
   79.373350865    0.178032683    0.178032589
   79.401617727    0.178032715    0.178032590
   79.429884590    0.178032693    0.178032590
   79.458151453    0.178032627    0.178032589
   79.486418316    0.178032546    0.178032588
   79.514685179    0.178032486    0.178032588
   79.542952042    0.178032473    0.178032588
   79.571218904    0.178032513    0.178032590
   79.599485767    0.178032589    0.178032591
   79.627752630    0.178032668    0.178032593
   79.656019493    0.178032715    0.178032595
   79.684286356    0.178032710    0.178032595
   79.712553219    0.178032656    0.178032595
   79.740820082    0.178032576    0.178032594
   79.769086944    0.178032506    0.178032593
   79.797353807    0.178032477    0.178032593
   79.825620670    0.178032501    0.178032594
   79.853887533    0.178032569    0.178032596
   79.882154396    0.178032650    0.178032598
   79.910421259    0.178032710    0.178032599
   79.938688121    0.178032722    0.178032600
   79.966954984    0.178032681    0.178032600
   79.995221847    0.178032606    0.178032599
   80.023488710    0.178032530    0.178032598
   80.051755573    0.178032486    0.178032598
   80.080022436    0.178032493    0.178032599
   80.108289298    0.178032550    0.178032600
   80.136556161    0.178032630    0.178032602
   80.164823024    0.178032699    0.178032603
   80.193089887    0.178032728    0.178032604
   80.221356750    0.178032703    0.178032605
   80.249623613    0.178032636    0.178032604
   80.277890476    0.178032557    0.178032603
   80.306157338    0.178032500    0.178032603
   80.334424201    0.178032490    0.178032603
   80.362691064    0.178032533    0.178032604
   80.390957927    0.178032609    0.178032606
   80.419224790    0.178032685    0.178032607
   80.447491653    0.178032728    0.178032609
   80.475758515    0.178032720    0.178032609
   80.504025378    0.178032664    0.178032608
   80.532292241    0.178032585    0.178032608
   80.560559104    0.178032518    0.178032607
   80.588825967    0.178032492    0.178032607
   80.617092830    0.178032519    0.178032608
   80.645359692    0.178032587    0.178032609
   80.673626555    0.178032667    0.178032611
   80.701893418    0.178032724    0.178032612
   80.730160281    0.178032732    0.178032613
   80.758427144    0.178032689    0.178032613
   80.786694007    0.178032614    0.178032612
   80.814960870    0.178032540    0.178032611
   80.843227732    0.178032499    0.178032611
   80.871494595    0.178032510    0.178032611
   80.899761458    0.178032567    0.178032613
   80.928028321    0.178032647    0.178032614
   80.956295184    0.178032714    0.178032616
   80.984562047    0.178032739    0.178032617
   81.012828909    0.178032711    0.178032617
   81.041095772    0.178032643    0.178032616
   81.069362635    0.178032565    0.178032615
   81.097629498    0.178032511    0.178032614
   81.125896361    0.178032505    0.178032615
   81.154163224    0.178032549    0.178032616
   81.182430087    0.178032625    0.178032617
   81.210696949    0.178032700    0.178032619
   81.238963812    0.178032740    0.178032620
   81.267230675    0.178032728    0.178032620
   81.295497538    0.178032670    0.178032620
   81.323764401    0.178032592    0.178032619
   81.352031264    0.178032527    0.178032618
   81.380298126    0.178032505    0.178032618
   81.408564989    0.178032534    0.178032619
   81.436831852    0.178032603    0.178032620
   81.465098715    0.178032682    0.178032622
   81.493365578    0.178032735    0.178032623
   81.521632441    0.178032740    0.178032624
   81.549899303    0.178032695    0.178032623
   81.578166166    0.178032620    0.178032622
   81.606433029    0.178032547    0.178032621
   81.634699892    0.178032510    0.178032621
   81.662966755    0.178032523    0.178032622
   81.691233618    0.178032582    0.178032623
   81.719500481    0.178032661    0.178032624
   81.747767343    0.178032726    0.178032626
   81.776034206    0.178032747    0.178032627
   81.804301069    0.178032716    0.178032626
   81.832567932    0.178032648    0.178032625
   81.860834795    0.178032571    0.178032624
   81.889101658    0.178032519    0.178032624
   81.917368520    0.178032517    0.178032624
   81.945635383    0.178032563    0.178032625
   81.973902246    0.178032639    0.178032627
   82.002169109    0.178032711    0.178032628
   82.030435972    0.178032748    0.178032629
   82.058702835    0.178032734    0.178032629
   82.086969698    0.178032674    0.178032628
   82.115236560    0.178032596    0.178032627
   82.143503423    0.178032534    0.178032627
   82.171770286    0.178032515    0.178032627
   82.200037149    0.178032547    0.178032627
   82.228304012    0.178032617    0.178032629
   82.256570875    0.178032694    0.178032630
   82.284837737    0.178032744    0.178032631
   82.313104600    0.178032746    0.178032632
   82.341371463    0.178032698    0.178032631
   82.369638326    0.178032623    0.178032630
   82.397905189    0.178032552    0.178032629
   82.426172052    0.178032518    0.178032629
   82.454438914    0.178032534    0.178032629
   82.482705777    0.178032595    0.178032631
   82.510972640    0.178032673    0.178032632
   82.539239503    0.178032735    0.178032633
   82.567506366    0.178032753    0.178032634
   82.595773229    0.178032720    0.178032633
   82.624040092    0.178032650    0.178032633
   82.652306954    0.178032574    0.178032631
   82.680573817    0.178032525    0.178032631
   82.708840680    0.178032526    0.178032631
   82.737107543    0.178032575    0.178032632
   82.765374406    0.178032651    0.178032634
   82.793641269    0.178032721    0.178032635
   82.821908131    0.178032754    0.178032636
   82.850174994    0.178032737    0.178032636
   82.878441857    0.178032676    0.178032635
   82.906708720    0.178032598    0.178032634
   82.934975583    0.178032538    0.178032633
   82.963242446    0.178032522    0.178032633
   82.991509309    0.178032557    0.178032633
   83.019776171    0.178032628    0.178032635
   83.048043034    0.178032703    0.178032636
   83.076309897    0.178032751    0.178032637
   83.104576760    0.178032749    0.178032637
   83.132843623    0.178032699    0.178032637
   83.161110486    0.178032624    0.178032635
   83.189377348    0.178032555    0.178032634
   83.217644211    0.178032523    0.178032634
   83.245911074    0.178032543    0.178032635
   83.274177937    0.178032605    0.178032636
   83.302444800    0.178032683    0.178032637
   83.330711663    0.178032742    0.178032638
   83.358978525    0.178032756    0.178032639
   83.387245388    0.178032720    0.178032638
   83.415512251    0.178032649    0.178032637
   83.443779114    0.178032575    0.178032636
   83.472045977    0.178032529    0.178032635
   83.500312840    0.178032532    0.178032636
   83.528579703    0.178032584    0.178032637
   83.556846565    0.178032660    0.178032638
   83.585113428    0.178032728    0.178032639
   83.613380291    0.178032758    0.178032640
   83.641647154    0.178032738    0.178032639
   83.669914017    0.178032675    0.178032639
   83.698180880    0.178032597    0.178032637
   83.726447742    0.178032540    0.178032636
   83.754714605    0.178032527    0.178032636
   83.782981468    0.178032564    0.178032637
   83.811248331    0.178032636    0.178032638
   83.839515194    0.178032711    0.178032640
   83.867782057    0.178032755    0.178032640
   83.896048919    0.178032750    0.178032640
   83.924315782    0.178032698    0.178032640
   83.952582645    0.178032622    0.178032638
   83.980849508    0.178032555    0.178032637
   84.009116371    0.178032526    0.178032637
   84.037383234    0.178032549    0.178032637
   84.065650097    0.178032612    0.178032639
   84.093916959    0.178032690    0.178032640
   84.122183822    0.178032746    0.178032641
   84.150450685    0.178032758    0.178032641
   84.178717548    0.178032719    0.178032640
   84.206984411    0.178032647    0.178032639
   84.235251274    0.178032573    0.178032638
   84.263518136    0.178032530    0.178032637
   84.291784999    0.178032537    0.178032638
   84.320051862    0.178032590    0.178032638
   84.348318725    0.178032666    0.178032640
   84.376585588    0.178032733    0.178032641
   84.404852451    0.178032760    0.178032641
   84.433119314    0.178032736    0.178032641
   84.461386176    0.178032671    0.178032640
   84.489653039    0.178032594    0.178032639
   84.517919902    0.178032539    0.178032638
   84.546186765    0.178032529    0.178032638
   84.574453628    0.178032569    0.178032638
   84.602720491    0.178032642    0.178032639
   84.630987353    0.178032715    0.178032641
   84.659254216    0.178032757    0.178032641
   84.687521079    0.178032749    0.178032641
   84.715787942    0.178032694    0.178032640
   84.744054805    0.178032618    0.178032639
   84.772321668    0.178032552    0.178032638
