
*** this is deckbuild version 5.0.10.R ***

go atlas


                                   A T L A S

            Version:  atlas 5.28.1.R (Wed Jun  5 11:14:46 PDT 2019)

                           Copyright (c) 1984 - 2019
                        Silvaco Inc. All rights reserved

    We acknowledge the contribution of the following collaborative partners:

                              Stanford University



               ======================================================

                  ATLAS                           : enabled

                  S-PISCES                        : enabled

                  BLAZE                           : enabled

                  GIGA                            : enabled

                  LUMINOUS                        : enabled

                  LED                             : enabled

                  TFT                             : enabled

                  ORGANIC DISPLAY                 : enabled

                  ORGANIC SOLAR                   : enabled

                  MIXEDMODE                       : enabled

                  LASER                           : enabled

                  VCSEL                           : enabled

                  FERRO                           : enabled

                  QUANTUM                         : enabled

                  NOISE                           : enabled

                  REM                             : enabled

                  MAGNETIC                        : enabled

                  DEVICE3D                        : enabled

                  THERMAL3D                       : enabled

                  GIGA3D                          : enabled

                  MIXEDMODE3D                     : enabled

                  TFT3D                           : enabled

                  QUANTUM3D                       : enabled

                  LUMINOUS3D                      : enabled

                  REM3D                           : enabled

                  MAGNETIC3D                      : enabled

                  LED3D                           : enabled

                  LASER3D                         : enabled

                  MIXEDMODE XL                    : enabled

                  S-PISCES BUNDLE                 : not licensed

                  BLAZE BUNDLE                    : not licensed

                  TFT BUNDLE                      : not licensed

                  ORGANIC BUNDLE                  : not licensed

                  DEVICE3D BUNDLE                 : not licensed

                  TFT3D BUNDLE                    : not licensed

               ======================================================

                           Sat Sep 12 21:41:05 2026

                            Executing on host: dell
                     Current SFLM Server: 127.0.0.1:3162/



ATLAS> title IWO 13.2 nm - independent rebuild - uncalibrated
************************************************
IWO 13.2 nm - independent rebuild - uncalibrated
************************************************
ATLAS> # Units: um. Geometry fixed by the target; electronic parameters are hypotheses.
ATLAS> # n+Si support is screened by ideal TiN and excluded from this electrical domain.
ATLAS> # Physical stack: n+Si / TiN50 / HfO2 15 / Al2O3 2 / IWO / Pd70 nm.
ATLAS> # Air above the exposed channel; no artificial SiO2 overlayer.
ATLAS> # Width-one currents are A/um. Physical device total current is 290 times that.
ATLAS> 
ATLAS> # 1. Direct rectangular mesh; no imported process mesh.
ATLAS> mesh width=1
	####################################################
	######                                        ######
	######           Running on 1 CPU             ######
	######           20 CPUs available            ######
	######                                        ######
	####################################################
ATLAS> x.mesh loc=0 spac=0.5
ATLAS> x.mesh loc=1.8 spac=0.1
ATLAS> x.mesh loc=2 spac=0.05
ATLAS> x.mesh loc=2.2 spac=0.1
ATLAS> x.mesh loc=12 spac=0.5
ATLAS> x.mesh loc=21.8 spac=0.1
ATLAS> x.mesh loc=22 spac=0.05
ATLAS> x.mesh loc=22.2 spac=0.1
ATLAS> x.mesh loc=24 spac=0.5
ATLAS> y.mesh loc=-0.0832 spac=0.015
ATLAS> y.mesh loc=-0.0332 spac=0.005
ATLAS> y.mesh loc=-0.0152 spac=0.001
ATLAS> y.mesh loc=-0.0132 spac=0.000125
ATLAS> y.mesh loc=-0.012375 spac=0.000825
ATLAS> y.mesh loc=-0.01155 spac=0.000825
ATLAS> y.mesh loc=-0.010725 spac=0.000825
ATLAS> y.mesh loc=-0.0099 spac=0.000825
ATLAS> y.mesh loc=-0.009075 spac=0.000825
ATLAS> y.mesh loc=-0.00825 spac=0.000825
ATLAS> y.mesh loc=-0.007425 spac=0.000825
ATLAS> y.mesh loc=-0.0066 spac=0.000825
ATLAS> y.mesh loc=-0.005775 spac=0.000825
ATLAS> y.mesh loc=-0.00495 spac=0.000825
ATLAS> y.mesh loc=-0.004125 spac=0.000825
ATLAS> y.mesh loc=-0.0033 spac=0.000825
ATLAS> y.mesh loc=-0.002475 spac=0.000825
ATLAS> y.mesh loc=-0.00165 spac=0.000825
ATLAS> y.mesh loc=-0.000825 spac=0.000825
ATLAS> y.mesh loc=0 spac=0.000125
ATLAS> y.mesh loc=0.00025 spac=0.00025
ATLAS> y.mesh loc=0.0005 spac=0.00025
ATLAS> y.mesh loc=0.00075 spac=0.00025
ATLAS> y.mesh loc=0.001 spac=0.00025
ATLAS> y.mesh loc=0.00125 spac=0.00025
ATLAS> y.mesh loc=0.0015 spac=0.00025
ATLAS> y.mesh loc=0.00175 spac=0.00025
ATLAS> y.mesh loc=0.002 spac=0.00025
ATLAS> y.mesh loc=0.00275 spac=0.00075
ATLAS> y.mesh loc=0.0035 spac=0.00075
ATLAS> y.mesh loc=0.00425 spac=0.00075
ATLAS> y.mesh loc=0.005 spac=0.00075
ATLAS> y.mesh loc=0.00575 spac=0.00075
ATLAS> y.mesh loc=0.0065 spac=0.00075
ATLAS> y.mesh loc=0.00725 spac=0.00075
ATLAS> y.mesh loc=0.008 spac=0.00075
ATLAS> y.mesh loc=0.00875 spac=0.00075
ATLAS> y.mesh loc=0.0095 spac=0.00075
ATLAS> y.mesh loc=0.01025 spac=0.00075
ATLAS> y.mesh loc=0.011 spac=0.00075
ATLAS> y.mesh loc=0.01175 spac=0.00075
ATLAS> y.mesh loc=0.0125 spac=0.00075
ATLAS> y.mesh loc=0.01325 spac=0.00075
ATLAS> y.mesh loc=0.014 spac=0.00075
ATLAS> y.mesh loc=0.01475 spac=0.00075
ATLAS> y.mesh loc=0.0155 spac=0.00075
ATLAS> y.mesh loc=0.01625 spac=0.00075
ATLAS> y.mesh loc=0.017 spac=0.00075
ATLAS> y.mesh loc=0.067 spac=0.01
ATLAS> 
ATLAS> # 2. Active stack and physical metal volumes.
ATLAS> region num=1 material=Air y.min=-0.0832 y.max=-0.0132
ATLAS> region num=2 user.material=IWO y.min=-0.0132 y.max=0
ATLAS> region num=3 material=Al2O3 y.min=0 y.max=0.002
ATLAS> region num=4 material=HfO2 y.min=0.002 y.max=0.017
ATLAS> region num=5 material=Conductor y.min=0.017 y.max=0.067
ATLAS> electrode num=1 name=gate material=Conductor x.min=0 x.max=24 y.min=0.017 y.max=0.067
 
Electrode #1
Name: gate                
 Number of boundary nodes: 1470
 Dimensions in microns: 
       min         max
 x 0.000e+000  2.400e+001 
 y 1.700e-002  6.700e-002 

ATLAS> electrode num=2 name=source material=Palladium x.min=0 x.max=2 y.min=-0.0832 y.max=-0.0132
 
Electrode #2
Name: source              
 Number of boundary nodes: 187
 Dimensions in microns: 
       min         max
 x 0.000e+000  2.000e+000 
 y -8.320e-002  -1.320e-002 

ATLAS> electrode num=3 name=drain material=Palladium x.min=22 x.max=24 y.min=-0.0832 y.max=-0.0132
 
Electrode #3
Name: drain               
 Number of boundary nodes: 187
 Dimensions in microns: 
       min         max
 x 2.200e+001  2.400e+001 
 y -8.320e-002  -1.320e-002 

ATLAS> 
ATLAS> # 3. Custom IWO; unlisted inherited constants remain a limitation.
ATLAS> material material=IWO user.group=semiconductor user.default=silicon  eg300=3.05 affinity=4.3 permittivity=9.3  nc300=5e+18 nv300=1e+19  mun=55 mup=0.01  taun0=1e-06 taup0=1e-06

Mesh
 Type:               non-cylindrical
 Width:              1
 Total grid points:  9345
 Total triangles  :  18304
 Obtuse triangles :  0  (0 %)
ATLAS> material material=Al2O3 permittivity=9
ATLAS> material material=HfO2 permittivity=19.57
ATLAS> material material=Air permittivity=1
ATLAS> doping uniform n.type conc=8.9e+17 region=2
  
 Warning: Statement out of order. Structure 
 creation statements (MESH, X.MESH, Y.MESH, REGION,
 ELECTRODE and DOPING) preceed all output, contact,
 material, models or solution control statements.
  
ATLAS> 
ATLAS> # 4. Native electrical boundary conditions.
ATLAS> contact name=gate workfunction=4.765
ATLAS> contact name=source workfunction=4.45 surf.rec
ATLAS> contact name=drain workfunction=4.45 surf.rec
ATLAS> models srh fermi temp=300 print
ATLAS> 
ATLAS> # 5. Native bulk DOS: peak cm^-3/eV; donor center referenced to Ev.
ATLAS> defects region=2 continuous numa=192 numd=96  nta=7.14285714e+19 wta=0.035 ntd=0 wtd=0.1  nga=0 ega=0.3 wga=0.15  ngd=0 egd=2.85 wgd=0.1  sigtae=1e-15 sigtah=1e-15 sigtde=1e-15 sigtdh=1e-15  siggae=1e-15 siggah=1e-15 siggde=1e-15 siggdh=1e-15  afile=bulk_acceptor.dat dfile=bulk_donor.dat
ATLAS> 
ATLAS> # 7. Numerical controls and independent interior-point diagnostics.
ATLAS> method newton carriers=1 electrons trap maxtrap=10 itlimit=60 climit=1e-6 cr.toler=1e-20 ir.tol=1e-20 cx.toler=1e-6

Continuous trap energy used for DEFECTS statement 1


CONSTANTS:
 Boltzmann's constant  = 1.38066e-023 J/K
 Elementary charge     = 1.60219e-019 C
 Permitivity in vacuum = 8.85419e-014 F/cm
 Temperature           = 300 K
 Thermal voltage       = 0.025852 V

REGIONAL MATERIAL PARAMETERS:
 Region       :        1         2         3         4         5         6         7         8   
 Material     :        Air       IWO     Al2O3      HfO2 Conductor Conductor Palladium Palladium 
 Type         :    insulator semicond. insulator insulator   metal     metal     metal     metal  

 Average Composition Fraction 
 X-composition:         0         0         0         0         0         0         0         0 
 Y-composition:         0         0         0         0         0         0         0         0 

 Band Parameters
 Epsilon      :         1       9.3         9      19.6                                         
 Eg (eV)      :         9      3.05         9       5.7                                         
 Chi (eV)     :       0.9       4.3       0.9         0                                         
 Nc (per cc)  :              5e+018                                                             
 Nv (per cc)  :              1e+019                                                             
 ni (per cc)  :            1.7e-007                                                             

 Bandgap narrowing parameters 
 bgn.e (eV)   :               0.009                                                             
 bgn.n (/cc)  :              1e+017                                                             
 bgn.c        :                 0.5                                                             
 ubgn.b       :            3.1e+012                                                             
 ubgn.c       :            3.9e-005                                                             
 bgn.shnk.me  :               0.321                                                             
 bgn.shnk.mh  :               0.346                                                             
 bgn.shnk.eps :                11.7                                                             
 bgn.shnk.ge  :                  12                                                             
 bgn.shnk.gh  :                   4                                                             
 bgn.lind.anc :             0.00974                                                             
 bgn.lind.bnc :             0.00139                                                             
 bgn.lind.anv :              0.0127                                                             
 bgn.lind.bnv :              0.0014                                                             
 bgn.lind.apc :              0.0114                                                             
 bgn.lind.bpc :             0.00205                                                             
 bgn.lind.apv :              0.0111                                                             
 bgn.lind.bpv :             0.00206                                                             
 bgn.lind.cpv :                   0                                                             
 bgn.lind.nd  :              1e+018                                                             
 bgn.lind.na  :              1e+018                                                             

 Effective Richardson Constants
 An*          :                 110                                                             
 Ap*          :                  30                                                             

 Recombination Parameters
 taun0        :              1e-006                                                             
 taup0        :              1e-006                                                             
 etrap        :                   0                                                             
 lt.taun      :                   0                                                             
 lt.taup      :                   0                                                             
 nsrhn        :              5e+016                                                             
 nsrhp        :              5e+016                                                             
 ksrhtn       :              0.0025                                                             
 ksrhtp       :              0.0025                                                             
 ksrhcn       :              3e-013                                                             
 ksrhcp       :           1.18e-012                                                             
 ksrhgn       :                1.77                                                             
 ksrhgp       :                0.57                                                             
 nsrhn        :              5e+016                                                             
 nsrhp        :              5e+016                                                             
 augn         :            2.8e-031                                                             
 augp         :            9.9e-032                                                             
 augkn        :                   0                                                             
 augkp        :                   0                                                             
 kaugcn       :           1.83e-031                                                             
 kaugcp       :           2.78e-031                                                             
 kaugdn       :                1.18                                                             
 kaugdp       :                0.72                                                             
 aug.cnl      :            2.2e-031                                                             
 aug.cpl      :            9.2e-032                                                             
 aug.chi      :           1.66e-030                                                             
 hns.ae       :            6.7e-032                                                             
 hns.ah       :            7.2e-032                                                             
 hns.be       :           2.45e-031                                                             
 hns.bh       :            4.5e-033                                                             
 hns.ce       :           -2.2e-032                                                             
 hns.ch       :           2.63e-032                                                             
 hns.he       :                3.47                                                             
 hns.hh       :                8.26                                                             
 hns.n0e      :              1e+018                                                             
 hns.p0e      :              1e+018                                                             
 copt         :                   0                                                             

 Band-to-band tunneling Parameters
 mass.tunnel  :                0.25                                                             
 me.tunnel    :               0.322                                                             
 mh.tunnel    :               0.549                                                             

 Thermal Velocities
 vn (cm/s)    :           1.08e+007                                                             
 vp (cm/s)    :            1.3e+007                                                             

 Saturation Velocities
 vsatn (cm/s) :           1.03e+007                                                             
 vsatp (cm/s) :           1.03e+007                                                             

 Piezoelectric Parameters
 e33 (C/m^2)  :                   0                                                             
 e31 (C/m^2)  :                   0                                                             
 Psp (C/m^2)  :                   0                                                             
 Alattice (Å) :         0      5.43         0         0                                         

REGIONAL MODEL FLAGS:
 Region:          1    2    3    4    5    6    7    8 
 SRH                   T                                
 consrh                F                                
 klasrh                F                                
 Auger                 F                                
 klaaug                F                                
 picaug                F                                
 hnsaug                F                                
 auggen                F                                
 kerraug               F                                
 richteraug            F                                
 optr                  F                                
 optr.gb               F                                
 bgn(std/kla)          F                                
 ubgn                  F                                
 bgn.alamo             F                                
 bgn.bennett           F                                
 bgn.schenk            F                                
 bgn.lind              F                                
 bgn.persson           F                                
 incomplete            F                                
 inc.two_level         F                                
 inc.ion               F                                
 ioniz                 F                                
 inc.cryo              F                                
 bbt                   F                                
 bbtauto               F                                
 bbthurkx              F                                
 bbtkane               F                                
 bbtschenk             F                                
 bbtheigl              F                                
 bbtnonlocal           F                                
 tat(local)            F                                
 tatnonlocal           F                                
 tat(coulombic)        F                                
 impact                F                                
 Boltzmann             F                                
 Fermi-Dirac           T                                

Gain and Rsp scaling
  Gain scale factor  :         1         1         1         1 
  Rsp scale factor   :         1         1         1         1 


REGIONAL MOBILITY MODEL SUMMARY:

  Region #2:

    Model for Electrons:

      Concentration Independent Mobility
      @ Temperature =     300 Kelvin 
        mu  = 55
        tmu = 1.5



    Model for Holes:

      Concentration Independent Mobility
      @ Temperature =     300 Kelvin 
        mu  = 0.01
        tmu = 1.5




Contacts:
Name         Num  Work fn    Resist.    Capacit.   Induct.
                   (eV)      (Ohms)     (Farads)   (Henries)
gate          1     4.765   0.000E+00  0.000E+00  0.000E+00
source        2     4.450   0.000E+00  0.000E+00  0.000E+00
drain         3     4.450   0.000E+00  0.000E+00  0.000E+00
  
ATLAS> output con.band val.band e.mobility traps traps.ft int.charge charge
ATLAS> probe name=channel_mobility x=12.037 y=-0.006204 n.mob dir=0
ATLAS> probe name=channel_electrons x=12.037 y=-0.006204 n.conc
ATLAS> probe name=bulk_free_electrons region=2 average n.conc x.min=2 x.max=22 y.min=-0.0132 y.max=0
ATLAS> probe name=bulk_ionized_acceptors region=2 average concacc.ctrap x.min=2 x.max=22 y.min=-0.0132 y.max=0
ATLAS> probe name=bulk_ionized_donors region=2 average concdon.ctrap x.min=2 x.max=22 y.min=-0.0132 y.max=0
ATLAS> probe name=bulk_front_electrons x=12.037 y=-0.001 n.conc
ATLAS> probe name=bulk_back_electrons x=12.037 y=-0.0122 n.conc
ATLAS> save outf=geometry.str

Starting module:   BLAZE                          


Starting module:   TFT                            


MASTER format file written to geometry.str at Sat Sep 12 21:41:11 2026

ATLAS> solve init

Obtaining static solution:


init           psi    psi 
direct          x     rhs 
   i    j  m  -5.00* -26.0*
---------------------------
   1    1  G   0.000 -13.27
   1    2  G  -0.301 -13.37
   1    3  G  -0.477 -13.51
   1    4  G  -0.602 -13.72
   1    5  G  -0.900 -14.12
   1    6  G  -4.076 -20.17
   1    7  G  -8.25* -24.34
  
ATLAS> save outf=equilibrium.str

MASTER format file written to equilibrium.str at Sat Sep 12 21:41:14 2026

ATLAS> solve vsource=0

Obtaining static solution:


prev           psi     n     psi     n  
direct          x      x     rhs    rhs 
   i    j  m  -5.00* -6.00* -26.0* -20.0*
-----------------------------------------
   1       N  -12.3* -12.3* -28.4* -17.07

Electrode       Va(V)        In(A)       Ic(A)       It(A)
=============================================================
gate           0.000e+000  0.000e+000  0.000e+000  0.000e+000
source         0.000e+000  0.000e+000  0.000e+000  0.000e+000
drain          0.000e+000  0.000e+000  0.000e+000  0.000e+000
Total                                              0.000e+000

Time for bias point:   1.33 sec. 
Total time:           10.72 sec. 
  
ATLAS> solve vgate=-0.1

Obtaining static solution:

 V(   gate  ) = -0.1        


prev           psi     n     psi     n  
direct          x      x     rhs    rhs 
   i    j  m  -5.00* -6.00* -26.0* -20.0*
-----------------------------------------
   1       N   0.583 -0.023 -17.02 -4.349
   2       N  -0.115  0.790 -17.57 -4.817
   3       N  -1.118  3.234 -18.00 -7.458
   4       N  -1.392 -0.648 -20.33 -9.381
   5       N  -3.649 -2.562 -24.05 -13.15
   6       N  -7.20* -6.46* -28.4* -17.44

Electrode       Va(V)        In(A)       Ic(A)       It(A)
=============================================================
gate          -1.000e-001  0.000e+000  0.000e+000  0.000e+000
source         0.000e+000  0.000e+000  0.000e+000  0.000e+000
drain          0.000e+000  0.000e+000  0.000e+000  0.000e+000
Total                                              0.000e+000

Time for bias point:   6.33 sec. 
Total time:           17.13 sec. 
  
ATLAS> solve vgate=-0.2

Obtaining static solution:

 V(   gate  ) = -0.2        


proj           psi     n     psi     n  
direct          x      x     rhs    rhs 
   i    j  m  -5.00* -6.00* -26.0* -20.0*
-----------------------------------------
   1       N  -0.021 -0.021 -19.52 -8.322
   2       N  -2.241  0.857 -19.64 -10.90
   3       N  -2.666 -3.125 -26.8* -14.48
   4       N  -8.32* -6.13* -28.1* -17.37

Electrode       Va(V)        In(A)       Ic(A)       It(A)
=============================================================
gate          -2.000e-001  0.000e+000  0.000e+000  0.000e+000
source         0.000e+000  0.000e+000  0.000e+000  0.000e+000
drain          0.000e+000  0.000e+000  0.000e+000  0.000e+000
Total                                              0.000e+000

Time for bias point:   4.06 sec. 
Total time:           21.36 sec. 
  
ATLAS> solve vgate=-0.3

Obtaining static solution:

 V(   gate  ) = -0.3        


proj           psi     n     psi     n  
direct          x      x     rhs    rhs 
   i    j  m  -5.00* -6.00* -26.0* -20.0*
-----------------------------------------
   1       N  -0.849 -0.849 -22.89 -9.617
   2       N  -5.29* -1.952 -25.27 -16.36
   3       N  -8.04* -7.61* -28.1* -17.38

Electrode       Va(V)        In(A)       Ic(A)       It(A)
=============================================================
gate          -3.000e-001  0.000e+000  0.000e+000  0.000e+000
source         0.000e+000  0.000e+000  0.000e+000  0.000e+000
drain          0.000e+000  0.000e+000  0.000e+000  0.000e+000
Total                                              0.000e+000

Time for bias point:   3.04 sec. 
Total time:           24.50 sec. 
  
ATLAS> solve vgate=-0.4

Obtaining static solution:

 V(   gate  ) = -0.4        


proj           psi     n     psi     n  
direct          x      x     rhs    rhs 
   i    j  m  -5.00* -6.00* -26.0* -20.0*
-----------------------------------------
   1       N  -1.915 -1.915 -23.60 -10.17
   2       N  -7.06* -4.127 -28.1* -17.58
   3       N  -11.7* -11.5* -28.1* -17.60

Electrode       Va(V)        In(A)       Ic(A)       It(A)
=============================================================
gate          -4.000e-001  0.000e+000  0.000e+000  0.000e+000
source         0.000e+000  0.000e+000  0.000e+000  0.000e+000
drain          0.000e+000  0.000e+000  0.000e+000  0.000e+000
Total                                              0.000e+000

Time for bias point:   2.92 sec. 
Total time:           27.52 sec. 
  
ATLAS> solve vgate=-0.5

Obtaining static solution:

 V(   gate  ) = -0.5        


proj           psi     n     psi     n  
direct          x      x     rhs    rhs 
   i    j  m  -5.00* -6.00* -26.0* -20.0*
-----------------------------------------
   1       N  -2.474 -2.472 -24.21 -10.70
   2       N  -7.78* -5.243 -27.9* -17.54
   3       N  -11.6* -11.6* -28.1* -17.70

Electrode       Va(V)        In(A)       Ic(A)       It(A)
=============================================================
gate          -5.000e-001  0.000e+000  0.000e+000  0.000e+000
source         0.000e+000  0.000e+000  0.000e+000  0.000e+000
drain          0.000e+000  0.000e+000  0.000e+000  0.000e+000
Total                                              0.000e+000

Time for bias point:   3.83 sec. 
Total time:           31.47 sec. 
  
ATLAS> solve vgate=-0.6

Obtaining static solution:

 V(   gate  ) = -0.6        


proj           psi     n     psi     n  
direct          x      x     rhs    rhs 
   i    j  m  -5.00* -6.00* -26.0* -20.0*
-----------------------------------------
   1       N  -2.727 -2.726 -24.78 -11.10
   2       N  -8.42* -5.749 -27.9* -17.60
   3       N  -11.5* -11.5* -27.9* -17.67

Electrode       Va(V)        In(A)       Ic(A)       It(A)
=============================================================
gate          -6.000e-001  0.000e+000  0.000e+000  0.000e+000
source         0.000e+000  0.000e+000  0.000e+000  0.000e+000
drain          0.000e+000  0.000e+000  0.000e+000  0.000e+000
Total                                              0.000e+000

Time for bias point:   3.65 sec. 
Total time:           35.25 sec. 
  
ATLAS> solve vgate=-0.7

Obtaining static solution:

 V(   gate  ) = -0.7        


proj           psi     n     psi     n  
direct          x      x     rhs    rhs 
   i    j  m  -5.00* -6.00* -26.0* -20.0*
-----------------------------------------
   1       N  -2.956 -2.955 -25.24 -11.48
   2       N  -8.99* -6.21* -27.9* -17.62

Electrode       Va(V)        In(A)       Ic(A)       It(A)
=============================================================
gate          -7.000e-001  0.000e+000  0.000e+000  0.000e+000
source         0.000e+000  0.000e+000  0.000e+000  0.000e+000
drain          0.000e+000  0.000e+000  0.000e+000  0.000e+000
Total                                              0.000e+000

Time for bias point:   2.52 sec. 
Total time:           37.89 sec. 
  
ATLAS> solve vgate=-0.8

Obtaining static solution:

 V(   gate  ) = -0.8        


proj           psi     n     psi     n  
direct          x      x     rhs    rhs 
   i    j  m  -5.00* -6.00* -26.0* -20.0*
-----------------------------------------
   1       N  -3.163 -3.162 -25.67 -11.86
   2       N  -9.51* -6.62* -27.8* -17.49

Electrode       Va(V)        In(A)       Ic(A)       It(A)
=============================================================
gate          -8.000e-001  0.000e+000  0.000e+000  0.000e+000
source         0.000e+000  0.000e+000  0.000e+000  0.000e+000
drain          0.000e+000  0.000e+000  0.000e+000  0.000e+000
Total                                              0.000e+000

Time for bias point:   2.23 sec. 
Total time:           40.19 sec. 
  
ATLAS> solve vgate=-0.9

Obtaining static solution:

 V(   gate  ) = -0.9        


proj           psi     n     psi     n  
direct          x      x     rhs    rhs 
   i    j  m  -5.00* -6.00* -26.0* -20.0*
-----------------------------------------
   1       N  -3.353 -3.351 -26.1* -12.23
   2       N  -9.98* -7.00* -27.9* -17.59

Electrode       Va(V)        In(A)       Ic(A)       It(A)
=============================================================
gate          -9.000e-001  0.000e+000  0.000e+000  0.000e+000
source         0.000e+000  0.000e+000  0.000e+000  0.000e+000
drain          0.000e+000  0.000e+000  0.000e+000  0.000e+000
Total                                              0.000e+000

Time for bias point:   2.19 sec. 
Total time:           42.50 sec. 
  
ATLAS> solve vgate=-1

Obtaining static solution:

 V(   gate  ) = -1          


proj           psi     n     psi     n  
direct          x      x     rhs    rhs 
   i    j  m  -5.00* -6.00* -26.0* -20.0*
-----------------------------------------
   1       N  -3.525 -3.524 -26.5* -12.56
   2       N  -10.4* -7.34* -27.8* -17.68

Electrode       Va(V)        In(A)       Ic(A)       It(A)
=============================================================
gate          -1.000e+000  0.000e+000  0.000e+000  0.000e+000
source         0.000e+000  0.000e+000  0.000e+000  0.000e+000
drain          0.000e+000  0.000e+000  0.000e+000  0.000e+000
Total                                              0.000e+000

Time for bias point:   2.45 sec. 
Total time:           45.09 sec. 
  
ATLAS> solve vgate=-1.1

Obtaining static solution:

 V(   gate  ) = -1.1        


proj           psi     n     psi     n  
direct          x      x     rhs    rhs 
   i    j  m  -5.00* -6.00* -26.0* -20.0*
-----------------------------------------
   1       N  -3.685 -3.684 -26.8* -12.80
   2       N  -10.8* -7.65* -27.8* -17.63

Electrode       Va(V)        In(A)       Ic(A)       It(A)
=============================================================
gate          -1.100e+000  0.000e+000  0.000e+000  0.000e+000
source         0.000e+000  0.000e+000  0.000e+000  0.000e+000
drain          0.000e+000  0.000e+000  0.000e+000  0.000e+000
Total                                              0.000e+000

Time for bias point:   2.52 sec. 
Total time:           47.66 sec. 
  
ATLAS> solve vgate=-1.2

Obtaining static solution:

 V(   gate  ) = -1.2        


proj           psi     n     psi     n  
direct          x      x     rhs    rhs 
   i    j  m  -5.00* -6.00* -26.0* -20.0*
-----------------------------------------
   1       N  -3.833 -3.831 -27.2* -13.05
   2       N  -11.2* -7.95* -27.7* -17.48

Electrode       Va(V)        In(A)       Ic(A)       It(A)
=============================================================
gate          -1.200e+000  0.000e+000  0.000e+000  0.000e+000
source         0.000e+000  0.000e+000  0.000e+000  0.000e+000
drain          0.000e+000  0.000e+000  0.000e+000  0.000e+000
Total                                              0.000e+000

Time for bias point:   2.40 sec. 
Total time:           50.14 sec. 
  
ATLAS> solve vgate=-1.3

Obtaining static solution:

 V(   gate  ) = -1.3        


proj           psi     n     psi     n  
direct          x      x     rhs    rhs 
   i    j  m  -5.00* -6.00* -26.0* -20.0*
-----------------------------------------
   1       N  -3.968 -3.967 -27.5* -13.28
   2       N  -11.2* -8.22* -27.7* -17.65

Electrode       Va(V)        In(A)       Ic(A)       It(A)
=============================================================
gate          -1.300e+000  0.000e+000  0.000e+000  0.000e+000
source         0.000e+000  0.000e+000  0.000e+000  0.000e+000
drain          0.000e+000  0.000e+000  0.000e+000  0.000e+000
Total                                              0.000e+000

Time for bias point:   2.01 sec. 
Total time:           52.36 sec. 
  
ATLAS> solve vgate=-1.4

Obtaining static solution:

 V(   gate  ) = -1.4        


proj           psi     n     psi     n  
direct          x      x     rhs    rhs 
   i    j  m  -5.00* -6.00* -26.0* -20.0*
-----------------------------------------
   1       N  -4.096 -4.095 -27.6* -13.51
   2       N  -11.1* -8.47* -27.6* -17.63

Electrode       Va(V)        In(A)       Ic(A)       It(A)
=============================================================
gate          -1.400e+000  0.000e+000  0.000e+000  0.000e+000
source         0.000e+000  0.000e+000  0.000e+000  0.000e+000
drain          0.000e+000  0.000e+000  0.000e+000  0.000e+000
Total                                              0.000e+000

Time for bias point:   2.33 sec. 
Total time:           54.82 sec. 
  
ATLAS> solve vgate=-1.5

Obtaining static solution:

 V(   gate  ) = -1.5        


proj           psi     n     psi     n  
direct          x      x     rhs    rhs 
   i    j  m  -5.00* -6.00* -26.0* -20.0*
-----------------------------------------
   1       N  -4.216 -4.215 -27.6* -13.73
   2       N  -11.1* -8.71* -27.6* -17.73

Electrode       Va(V)        In(A)       Ic(A)       It(A)
=============================================================
gate          -1.500e+000  0.000e+000  0.000e+000  0.000e+000
source         0.000e+000  0.000e+000  0.000e+000  0.000e+000
drain          0.000e+000  0.000e+000  0.000e+000  0.000e+000
Total                                              0.000e+000

Time for bias point:   2.59 sec. 
Total time:           57.50 sec. 
  
ATLAS> solve vgate=-1.6

Obtaining static solution:

 V(   gate  ) = -1.6        


proj           psi     n     psi     n  
direct          x      x     rhs    rhs 
   i    j  m  -5.00* -6.00* -26.0* -20.0*
-----------------------------------------
   1       N  -4.330 -4.329 -27.5* -13.94
   2       N  -11.1* -8.93* -27.6* -17.73

Electrode       Va(V)        In(A)       Ic(A)       It(A)
=============================================================
gate          -1.600e+000  0.000e+000  0.000e+000  0.000e+000
source         0.000e+000  0.000e+000  0.000e+000  0.000e+000
drain          0.000e+000  0.000e+000  0.000e+000  0.000e+000
Total                                              0.000e+000

Time for bias point:   1.89 sec. 
Total time:           59.46 sec. 
  
ATLAS> solve vgate=-1.7

Obtaining static solution:

 V(   gate  ) = -1.7        


proj           psi     n     psi     n  
direct          x      x     rhs    rhs 
   i    j  m  -5.00* -6.00* -26.0* -20.0*
-----------------------------------------
   1       N  -4.435 -4.433 -27.6* -14.11
   2       N  -11.1* -9.14* -27.5* -17.74

Electrode       Va(V)        In(A)       Ic(A)       It(A)
=============================================================
gate          -1.700e+000  0.000e+000  0.000e+000  0.000e+000
source         0.000e+000  0.000e+000  0.000e+000  0.000e+000
drain          0.000e+000  0.000e+000  0.000e+000  0.000e+000
Total                                              0.000e+000

Time for bias point:   2.75 sec. 
Total time:            1.04 min. 
  
ATLAS> solve vgate=-1.8

Obtaining static solution:

 V(   gate  ) = -1.8        


proj           psi     n     psi     n  
direct          x      x     rhs    rhs 
   i    j  m  -5.00* -6.00* -26.0* -20.0*
-----------------------------------------
   1       N  -4.534 -4.532 -27.6* -14.27
   2       N  -11.1* -9.33* -27.5* -17.67

Electrode       Va(V)        In(A)       Ic(A)       It(A)
=============================================================
gate          -1.800e+000  0.000e+000  0.000e+000  0.000e+000
source         0.000e+000  0.000e+000  0.000e+000  0.000e+000
drain          0.000e+000  0.000e+000  0.000e+000  0.000e+000
Total                                              0.000e+000

Time for bias point:   1.90 sec. 
Total time:            1.07 min. 
  
ATLAS> solve vgate=-1.9

Obtaining static solution:

 V(   gate  ) = -1.9        


proj           psi     n     psi     n  
direct          x      x     rhs    rhs 
   i    j  m  -5.00* -6.00* -26.0* -20.0*
-----------------------------------------
   1       N  -4.628 -4.626 -27.5* -14.43
   2       N  -11.1* -9.51* -27.4* -17.68

Electrode       Va(V)        In(A)       Ic(A)       It(A)
=============================================================
gate          -1.900e+000  0.000e+000  0.000e+000  0.000e+000
source         0.000e+000  0.000e+000  0.000e+000  0.000e+000
drain          0.000e+000  0.000e+000  0.000e+000  0.000e+000
Total                                              0.000e+000

Time for bias point:   2.28 sec. 
Total time:            1.11 min. 
  
ATLAS> solve vgate=-2

Obtaining static solution:

 V(   gate  ) = -2          


proj           psi     n     psi     n  
direct          x      x     rhs    rhs 
   i    j  m  -5.00* -6.00* -26.0* -20.0*
-----------------------------------------
   1       N  -4.717 -4.716 -27.5* -14.58
   2       N  -11.0* -9.69* -27.5* -17.70

Electrode       Va(V)        In(A)       Ic(A)       It(A)
=============================================================
gate          -2.000e+000  0.000e+000  0.000e+000  0.000e+000
source         0.000e+000  0.000e+000  0.000e+000  0.000e+000
drain          0.000e+000  0.000e+000  0.000e+000  0.000e+000
Total                                              0.000e+000

Time for bias point:   2.11 sec. 
Total time:            1.15 min. 
  
ATLAS> solve vgate=-2.1

Obtaining static solution:

 V(   gate  ) = -2.1        


proj           psi     n     psi     n  
direct          x      x     rhs    rhs 
   i    j  m  -5.00* -6.00* -26.0* -20.0*
-----------------------------------------
   1       N  -4.802 -4.801 -27.5* -14.72
   2       N  -10.9* -9.85* -27.5* -17.73

Electrode       Va(V)        In(A)       Ic(A)       It(A)
=============================================================
gate          -2.100e+000  0.000e+000  0.000e+000  0.000e+000
source         0.000e+000  0.000e+000  0.000e+000  0.000e+000
drain          0.000e+000  0.000e+000  0.000e+000  0.000e+000
Total                                              0.000e+000

Time for bias point:   2.29 sec. 
Total time:            1.19 min. 
  
ATLAS> solve vgate=-2.2

Obtaining static solution:

 V(   gate  ) = -2.2        


proj           psi     n     psi     n  
direct          x      x     rhs    rhs 
   i    j  m  -5.00* -6.00* -26.0* -20.0*
-----------------------------------------
   1       N  -4.883 -4.882 -27.5* -14.84
   2       N  -11.0* -10.0* -27.5* -17.65

Electrode       Va(V)        In(A)       Ic(A)       It(A)
=============================================================
gate          -2.200e+000  0.000e+000  0.000e+000  0.000e+000
source         0.000e+000  0.000e+000  0.000e+000  0.000e+000
drain          0.000e+000  0.000e+000  0.000e+000  0.000e+000
Total                                              0.000e+000

Time for bias point:   2.15 sec. 
Total time:            1.22 min. 
  
ATLAS> solve vgate=-2.3

Obtaining static solution:

 V(   gate  ) = -2.3        


proj           psi     n     psi     n  
direct          x      x     rhs    rhs 
   i    j  m  -5.00* -6.00* -26.0* -20.0*
-----------------------------------------
   1       N  -4.961 -4.960 -27.4* -14.95
   2       N  -11.0* -10.2* -27.3* -17.77

Electrode       Va(V)        In(A)       Ic(A)       It(A)
=============================================================
gate          -2.300e+000  0.000e+000  0.000e+000  0.000e+000
source         0.000e+000  0.000e+000  0.000e+000  0.000e+000
drain          0.000e+000  0.000e+000  0.000e+000  0.000e+000
Total                                              0.000e+000

Time for bias point:   1.99 sec. 
Total time:            1.26 min. 
  
ATLAS> solve vgate=-2.4

Obtaining static solution:

 V(   gate  ) = -2.4        


proj           psi     n     psi     n  
direct          x      x     rhs    rhs 
   i    j  m  -5.00* -6.00* -26.0* -20.0*
-----------------------------------------
   1       N  -5.03* -5.032 -27.5* -15.06
   2       N  -10.9* -10.3* -27.5* -17.92

Electrode       Va(V)        In(A)       Ic(A)       It(A)
=============================================================
gate          -2.400e+000  0.000e+000  0.000e+000  0.000e+000
source         0.000e+000  0.000e+000  0.000e+000  0.000e+000
drain          0.000e+000  0.000e+000  0.000e+000  0.000e+000
Total                                              0.000e+000

Time for bias point:   2.14 sec. 
Total time:            1.30 min. 
  
ATLAS> solve vgate=-2.5

Obtaining static solution:

 V(   gate  ) = -2.5        


proj           psi     n     psi     n  
direct          x      x     rhs    rhs 
   i    j  m  -5.00* -6.00* -26.0* -20.0*
-----------------------------------------
   1       N  -3.959 -5.100 -27.4* -15.16
   2       N  -10.8* -10.4* -27.4* -17.74

Electrode       Va(V)        In(A)       Ic(A)       It(A)
=============================================================
gate          -2.500e+000  0.000e+000  0.000e+000  0.000e+000
source         0.000e+000  0.000e+000  0.000e+000  0.000e+000
drain          0.000e+000  0.000e+000  0.000e+000  0.000e+000
Total                                              0.000e+000

Time for bias point:   2.33 sec. 
Total time:            1.34 min. 
  
ATLAS> solve vgate=-2.6

Obtaining static solution:

 V(   gate  ) = -2.6        


proj           psi     n     psi     n  
direct          x      x     rhs    rhs 
   i    j  m  -5.00* -6.00* -26.0* -20.0*
-----------------------------------------
   1       N  -2.281 -5.166 -23.95 -15.26
   2       N  -7.19* -10.6* -27.4* -17.79

Electrode       Va(V)        In(A)       Ic(A)       It(A)
=============================================================
gate          -2.600e+000  0.000e+000  0.000e+000  0.000e+000
source         0.000e+000  0.000e+000  0.000e+000  0.000e+000
drain          0.000e+000  0.000e+000  0.000e+000  0.000e+000
Total                                              0.000e+000

Time for bias point:   2.18 sec. 
Total time:            1.38 min. 
  
ATLAS> solve vgate=-2.7

Obtaining static solution:

 V(   gate  ) = -2.7        


proj           psi     n     psi     n  
direct          x      x     rhs    rhs 
   i    j  m  -5.00* -6.00* -26.0* -20.0*
-----------------------------------------
   1       N  -0.698 -3.642 -19.14 -14.85
   2       N  -2.456 -5.837 -22.72 -17.83
   3       N  -6.03* -9.99* -27.4* -17.81

Electrode       Va(V)        In(A)       Ic(A)       It(A)
=============================================================
gate          -2.700e+000  0.000e+000  0.000e+000  0.000e+000
source         0.000e+000  0.000e+000  0.000e+000  0.000e+000
drain          0.000e+000  0.000e+000  0.000e+000  0.000e+000
Total                                              0.000e+000

Time for bias point:   3.29 sec. 
Total time:            1.43 min. 
  
ATLAS> solve vgate=-2.8

Obtaining static solution:

 V(   gate  ) = -2.8        


proj           psi     n     psi     n  
direct          x      x     rhs    rhs 
   i    j  m  -5.00* -6.00* -26.0* -20.0*
-----------------------------------------
   1       N  -0.032 -2.726 -16.46 -12.83
   2       N  -0.290 -3.215 -17.34 -13.79
   3       N  -1.035 -4.165 -18.96 -15.69
   4       N  -2.631 -6.12* -22.17 -18.04
   5       N  -5.83* -9.86* -27.5* -17.84

Electrode       Va(V)        In(A)       Ic(A)       It(A)
=============================================================
gate          -2.800e+000  0.000e+000  0.000e+000  0.000e+000
source         0.000e+000  0.000e+000  0.000e+000  0.000e+000
drain          0.000e+000  0.000e+000  0.000e+000  0.000e+000
Total                                              0.000e+000

Time for bias point:   4.65 sec. 
Total time:            1.51 min. 
  
ATLAS> solve vgate=-2.9

Obtaining static solution:

 V(   gate  ) = -2.9        


proj           psi     n     psi     n  
direct          x      x     rhs    rhs 
   i    j  m  -5.00* -6.00* -26.0* -20.0*
-----------------------------------------
   1       N  -0.029 -2.014 -16.28 -11.43
   2       N  -0.297 -2.892 -17.22 -13.20
   3       N  -1.026 -3.891 -18.96 -15.14
   4       N  -2.589 -5.466 -22.40 -17.77
   5       N  -5.72* -8.59* -27.4* -17.80

Electrode       Va(V)        In(A)       Ic(A)       It(A)
=============================================================
gate          -2.900e+000  0.000e+000  0.000e+000  0.000e+000
source         0.000e+000  0.000e+000  0.000e+000  0.000e+000
drain          0.000e+000  0.000e+000  0.000e+000  0.000e+000
Total                                              0.000e+000

Time for bias point:   4.93 sec. 
Total time:            1.60 min. 
  
ATLAS> solve vgate=-3

Obtaining static solution:

 V(   gate  ) = -3          


proj           psi     n     psi     n  
direct          x      x     rhs    rhs 
   i    j  m  -5.00* -6.00* -26.0* -20.0*
-----------------------------------------
   1       N  -0.031 -1.634 -17.08 -10.68
   2       N  -0.389 -1.990 -18.34 -11.41
   3       N  -1.268 -2.861 -20.18 -13.16
   4       N  -3.092 -4.681 -23.83 -16.81
   5       N  -6.75* -8.33* -27.5* -17.93

Electrode       Va(V)        In(A)       Ic(A)       It(A)
=============================================================
gate          -3.000e+000  0.000e+000  0.000e+000  0.000e+000
source         0.000e+000  0.000e+000  0.000e+000  0.000e+000
drain          0.000e+000  0.000e+000  0.000e+000  0.000e+000
Total                                              0.000e+000

Time for bias point:   5.17 sec. 
Total time:            1.68 min. 
  
ATLAS> solve vdrain=0.1
  
 Warning: Projection cannot be done with
 current bias step.  Using previous solution
 for initial guess.
  

Obtaining static solution:

 V(  drain  ) = 0.1         


prev           psi     n     psi     n  
direct          x      x     rhs    rhs 
   i    j  m  -5.00* -6.00* -26.0* -20.0*
-----------------------------------------
   1       N   0.585 -0.001 -19.87 -4.124
   2       N  -2.703  0.749 -21.41 -8.604
   3       N  -6.01* -4.767 -27.4* -15.89
   4       N  -11.2* -11.9* -27.4* -17.91

Electrode       Va(V)        In(A)       Ic(A)       It(A)
=============================================================
gate          -3.000e+000  0.000e+000  0.000e+000  0.000e+000
source         0.000e+000  0.000e+000  0.000e+000  0.000e+000
drain          1.000e-001  0.000e+000  0.000e+000  0.000e+000
Total                                              0.000e+000

Time for bias point:   4.31 sec. 
Total time:            1.76 min. 
  
ATLAS> solve vdrain=0.2

Obtaining static solution:

 V(  drain  ) = 0.2         


proj           psi     n     psi     n  
direct          x      x     rhs    rhs 
   i    j  m  -5.00* -6.00* -26.0* -20.0*
-----------------------------------------
   1       N  -2.385 -4.022 -22.51 -15.61
   2       N  -5.39* -6.99* -27.5* -17.97

Electrode       Va(V)        In(A)       Ic(A)       It(A)
=============================================================
gate          -3.000e+000  0.000e+000  0.000e+000  0.000e+000
source         0.000e+000  0.000e+000  0.000e+000  0.000e+000
drain          2.000e-001  0.000e+000  0.000e+000  0.000e+000
Total                                              0.000e+000

Time for bias point:   2.20 sec. 
Total time:            1.80 min. 
  
ATLAS> solve vdrain=0.3

Obtaining static solution:

 V(  drain  ) = 0.3         


proj           psi     n     psi     n  
direct          x      x     rhs    rhs 
   i    j  m  -5.00* -6.00* -26.0* -20.0*
-----------------------------------------
   1       N  -2.360 -4.042 -22.49 -15.54
   2       N  -5.34* -6.99* -27.4* -17.87

Electrode       Va(V)        In(A)       Ic(A)       It(A)
=============================================================
gate          -3.000e+000  0.000e+000  0.000e+000  0.000e+000
source         0.000e+000  0.000e+000  0.000e+000  0.000e+000
drain          3.000e-001  0.000e+000  0.000e+000  0.000e+000
Total                                              0.000e+000

Time for bias point:   2.44 sec. 
Total time:            1.84 min. 
  
ATLAS> solve vdrain=0.4

Obtaining static solution:

 V(  drain  ) = 0.4         


proj           psi     n     psi     n  
direct          x      x     rhs    rhs 
   i    j  m  -5.00* -6.00* -26.0* -20.0*
-----------------------------------------
   1       N  -2.335 -4.015 -22.46 -15.47
   2       N  -5.29* -6.94* -27.5* -17.72

Electrode       Va(V)        In(A)       Ic(A)       It(A)
=============================================================
gate          -3.000e+000  0.000e+000  0.000e+000  0.000e+000
source         0.000e+000  0.000e+000  0.000e+000  0.000e+000
drain          4.000e-001  0.000e+000  0.000e+000  0.000e+000
Total                                              0.000e+000

Time for bias point:   2.66 sec. 
Total time:            1.89 min. 
  
ATLAS> solve vdrain=0.5

Obtaining static solution:

 V(  drain  ) = 0.5         


proj           psi     n     psi     n  
direct          x      x     rhs    rhs 
   i    j  m  -5.00* -6.00* -26.0* -20.0*
-----------------------------------------
   1       N  -2.310 -3.987 -22.44 -15.40
   2       N  -5.25* -6.90* -27.5* -18.00

Electrode       Va(V)        In(A)       Ic(A)       It(A)
=============================================================
gate          -3.000e+000  0.000e+000  0.000e+000  0.000e+000
source         0.000e+000  0.000e+000  0.000e+000  0.000e+000
drain          5.000e-001  0.000e+000  0.000e+000  0.000e+000
Total                                              0.000e+000

Time for bias point:   2.53 sec. 
Total time:            1.93 min. 
  
ATLAS> solve vdrain=0.6

Obtaining static solution:

 V(  drain  ) = 0.6         


proj           psi     n     psi     n  
direct          x      x     rhs    rhs 
   i    j  m  -5.00* -6.00* -26.0* -20.0*
-----------------------------------------
   1       N  -2.285 -3.960 -22.42 -15.34
   2       N  -5.21* -6.86* -27.3* -17.74

Electrode       Va(V)        In(A)       Ic(A)       It(A)
=============================================================
gate          -3.000e+000  0.000e+000  0.000e+000  0.000e+000
source         0.000e+000  0.000e+000  0.000e+000  0.000e+000
drain          6.000e-001  0.000e+000  0.000e+000  0.000e+000
Total                                              0.000e+000

Time for bias point:   2.26 sec. 
Total time:            1.97 min. 
  
ATLAS> solve vdrain=0.7

Obtaining static solution:

 V(  drain  ) = 0.7         


proj           psi     n     psi     n  
direct          x      x     rhs    rhs 
   i    j  m  -5.00* -6.00* -26.0* -20.0*
-----------------------------------------
   1       N  -2.260 -3.934 -22.41 -15.28
   2       N  -5.17* -6.82* -27.5* -17.92

Electrode       Va(V)        In(A)       Ic(A)       It(A)
=============================================================
gate          -3.000e+000  0.000e+000  0.000e+000  0.000e+000
source         0.000e+000  0.000e+000  0.000e+000  0.000e+000
drain          7.000e-001  0.000e+000  0.000e+000  0.000e+000
Total                                              0.000e+000

Time for bias point:   2.27 sec. 
Total time:            2.01 min. 
  
ATLAS> save outf=off.str

MASTER format file written to off.str at Sat Sep 12 21:43:08 2026

ATLAS> 
ATLAS> # 8. Every original gate point; fresh signed terminal exports.
ATLAS> log outf=transfer.log
ATLAS> solve vgate=-3

Obtaining static solution:


prev           psi     n     psi     n  
direct          x      x     rhs    rhs 
   i    j  m  -5.00* -6.00* -26.0* -20.0*
-----------------------------------------
   1       N  -10.9* -12.2* -27.4* -17.77

Electrode       Va(V)        In(A)       Ic(A)       It(A)
=============================================================
gate          -3.000e+000  0.000e+000  0.000e+000  0.000e+000
source         0.000e+000  0.000e+000  0.000e+000  0.000e+000
drain          7.000e-001  0.000e+000  0.000e+000  0.000e+000
Total                                              0.000e+000

Time for bias point:   1.33 sec. 
Total time:            2.07 min. 
  
ATLAS> solve vgate=-2.95

Obtaining static solution:

 V(   gate  ) = -2.95       


prev           psi     n     psi     n  
direct          x      x     rhs    rhs 
   i    j  m  -5.00* -6.00* -26.0* -20.0*
-----------------------------------------
   1       N   0.280 -0.369 -17.52 -7.315
   2       N  -0.726 -1.121 -19.64 -11.99
   3       N  -2.263 -3.743 -22.77 -15.18
   4       N  -5.39* -7.02* -27.4* -17.81

Electrode       Va(V)        In(A)       Ic(A)       It(A)
=============================================================
gate          -2.950e+000  0.000e+000  0.000e+000  0.000e+000
source         0.000e+000  0.000e+000  0.000e+000  0.000e+000
drain          7.000e-001  0.000e+000  0.000e+000  0.000e+000
Total                                              0.000e+000

Time for bias point:   3.85 sec. 
Total time:            2.18 min. 
  
ATLAS> solve vgate=-2.9

Obtaining static solution:

 V(   gate  ) = -2.9        


proj           psi     n     psi     n  
direct          x      x     rhs    rhs 
   i    j  m  -5.00* -6.00* -26.0* -20.0*
-----------------------------------------
   1       N  -0.403 -2.068 -18.89 -11.46
   2       N  -1.749 -3.322 -21.82 -14.12
   3       N  -4.395 -5.959 -27.1* -17.76
   4       N  -9.69* -11.3* -27.5* -17.74

Electrode       Va(V)        In(A)       Ic(A)       It(A)
=============================================================
gate          -2.900e+000  0.000e+000  0.000e+000  0.000e+000
source         0.000e+000  0.000e+000  0.000e+000  0.000e+000
drain          7.000e-001  0.000e+000  0.000e+000  0.000e+000
Total                                              0.000e+000

Time for bias point:   4.11 sec. 
Total time:            2.28 min. 
  
ATLAS> solve vgate=-2.85

Obtaining static solution:

 V(   gate  ) = -2.85       


proj           psi     n     psi     n  
direct          x      x     rhs    rhs 
   i    j  m  -5.00* -6.00* -26.0* -20.0*
-----------------------------------------
   1       N  -0.403 -2.007 -18.63 -11.42
   2       N  -2.096 -3.605 -21.66 -14.80
   3       N  -5.15* -7.03* -27.5* -17.73

Electrode       Va(V)        In(A)       Ic(A)       It(A)
=============================================================
gate          -2.850e+000  0.000e+000  0.000e+000  0.000e+000
source         0.000e+000  0.000e+000  0.000e+000  0.000e+000
drain          7.000e-001  0.000e+000  0.000e+000  0.000e+000
Total                                              0.000e+000

Time for bias point:   2.25 sec. 
Total time:            2.36 min. 
  
ATLAS> solve vgate=-2.8

Obtaining static solution:

 V(   gate  ) = -2.8        


proj           psi     n     psi     n  
direct          x      x     rhs    rhs 
   i    j  m  -5.00* -6.00* -26.0* -20.0*
-----------------------------------------
   1       N  -0.648 -2.249 -18.37 -11.90
   2       N  -1.893 -4.324 -21.00 -16.37
   3       N  -4.389 -7.20* -26.2* -17.66

Electrode       Va(V)        In(A)       Ic(A)       It(A)
=============================================================
gate          -2.800e+000  0.000e+000  0.000e+000  0.000e+000
source         0.000e+000  0.000e+000  0.000e+000  0.000e+000
drain          7.000e-001  0.000e+000  0.000e+000  0.000e+000
Total                                              0.000e+000

Time for bias point:   2.60 sec. 
Total time:            2.44 min. 
  
ATLAS> solve vgate=-2.75

Obtaining static solution:

 V(   gate  ) = -2.75       


proj           psi     n     psi     n  
direct          x      x     rhs    rhs 
   i    j  m  -5.00* -6.00* -26.0* -20.0*
-----------------------------------------
   1       N  -0.428 -2.687 -18.16 -12.77
   2       N  -1.581 -4.329 -20.54 -16.06
   3       N  -3.991 -6.75* -25.27 -17.67
   4       N  -8.73* -11.6* -27.4* -17.64

Electrode       Va(V)        In(A)       Ic(A)       It(A)
=============================================================
gate          -2.750e+000  0.000e+000  0.000e+000  0.000e+000
source         0.000e+000  0.000e+000  0.000e+000  0.000e+000
drain          7.000e-001  0.000e+000  0.000e+000  0.000e+000
Total                                              0.000e+000

Time for bias point:   4.12 sec. 
Total time:            2.55 min. 
  
ATLAS> solve vgate=-2.7

Obtaining static solution:

 V(   gate  ) = -2.7        


proj           psi     n     psi     n  
direct          x      x     rhs    rhs 
   i    j  m  -5.00* -6.00* -26.0* -20.0*
-----------------------------------------
   1       N  -0.300 -2.892 -18.26 -13.25
   2       N  -1.581 -4.473 -20.96 -16.41
   3       N  -4.278 -7.54* -26.4* -17.69

Electrode       Va(V)        In(A)       Ic(A)       It(A)
=============================================================
gate          -2.700e+000  0.000e+000  0.000e+000  0.000e+000
source         0.000e+000  0.000e+000  0.000e+000  0.000e+000
drain          7.000e-001  0.000e+000  0.000e+000  0.000e+000
Total                                              0.000e+000

Time for bias point:   2.75 sec. 
Total time:            2.63 min. 
  
ATLAS> solve vgate=-2.65

Obtaining static solution:

 V(   gate  ) = -2.65       


proj           psi     n     psi     n  
direct          x      x     rhs    rhs 
   i    j  m  -5.00* -6.00* -26.0* -20.0*
-----------------------------------------
   1       N  -0.363 -3.172 -19.16 -13.80
   2       N  -2.418 -5.615 -23.40 -17.43
   3       N  -6.66* -10.4* -27.4* -17.58

Electrode       Va(V)        In(A)       Ic(A)       It(A)
=============================================================
gate          -2.650e+000  0.000e+000  0.000e+000  0.000e+000
source         0.000e+000  0.000e+000  0.000e+000  0.000e+000
drain          7.000e-001  0.000e+000  0.000e+000  0.000e+000
Total                                              0.000e+000

Time for bias point:   3.28 sec. 
Total time:            2.74 min. 
  
ATLAS> solve vgate=-2.6

Obtaining static solution:

 V(   gate  ) = -2.6        


proj           psi     n     psi     n  
direct          x      x     rhs    rhs 
   i    j  m  -5.00* -6.00* -26.0* -20.0*
-----------------------------------------
   1       N  -0.834 -3.767 -21.01 -15.01
   2       N  -4.256 -7.45* -27.4* -17.82

Electrode       Va(V)        In(A)       Ic(A)       It(A)
=============================================================
gate          -2.600e+000  0.000e+000  0.000e+000  0.000e+000
source         0.000e+000  0.000e+000  0.000e+000  0.000e+000
drain          7.000e-001  0.000e+000  0.000e+000  0.000e+000
Total                                              0.000e+000

Time for bias point:   1.87 sec. 
Total time:            2.81 min. 
  
ATLAS> solve vgate=-2.55

Obtaining static solution:

 V(   gate  ) = -2.55       


proj           psi     n     psi     n  
direct          x      x     rhs    rhs 
   i    j  m  -5.00* -6.00* -26.0* -20.0*
-----------------------------------------
   1       N  -1.576 -4.558 -23.37 -16.55
   2       N  -6.61* -9.33* -27.5* -17.47

Electrode       Va(V)        In(A)       Ic(A)       It(A)
=============================================================
gate          -2.550e+000  0.000e+000  0.000e+000  0.000e+000
source         0.000e+000  0.000e+000  0.000e+000  0.000e+000
drain          7.000e-001  0.000e+000  0.000e+000  0.000e+000
Total                                              0.000e+000

Time for bias point:   2.52 sec. 
Total time:            2.89 min. 
  
ATLAS> solve vgate=-2.5

Obtaining static solution:

 V(   gate  ) = -2.5        


proj           psi     n     psi     n  
direct          x      x     rhs    rhs 
   i    j  m  -5.00* -6.00* -26.0* -20.0*
-----------------------------------------
   1       N  -2.399 -5.496 -25.85 -16.51
   2       N  -9.09* -11.3* -27.5* -17.67

Electrode       Va(V)        In(A)       Ic(A)       It(A)
=============================================================
gate          -2.500e+000  0.000e+000  0.000e+000  0.000e+000
source         0.000e+000  0.000e+000  0.000e+000  0.000e+000
drain          7.000e-001  0.000e+000  0.000e+000  0.000e+000
Total                                              0.000e+000

Time for bias point:   2.45 sec. 
Total time:            2.98 min. 
  
ATLAS> solve vgate=-2.45

Obtaining static solution:

 V(   gate  ) = -2.45       


proj           psi     n     psi     n  
direct          x      x     rhs    rhs 
   i    j  m  -5.00* -6.00* -26.0* -20.0*
-----------------------------------------
   1       N  -3.236 -5.769 -27.5* -16.47
   2       N  -10.9* -11.7* -27.5* -17.84

Electrode       Va(V)        In(A)       Ic(A)       It(A)
=============================================================
gate          -2.450e+000  0.000e+000  0.000e+000  0.000e+000
source         0.000e+000  0.000e+000  0.000e+000  0.000e+000
drain          7.000e-001  0.000e+000  0.000e+000  0.000e+000
Total                                              0.000e+000

Time for bias point:   2.24 sec. 
Total time:            3.07 min. 
  
ATLAS> solve vgate=-2.4

Obtaining static solution:

 V(   gate  ) = -2.4        


proj           psi     n     psi     n  
direct          x      x     rhs    rhs 
   i    j  m  -5.00* -6.00* -26.0* -20.0*
-----------------------------------------
   1       N  -4.076 -5.736 -27.5* -16.41
   2       N  -10.9* -11.7* -27.6* -17.59

Electrode       Va(V)        In(A)       Ic(A)       It(A)
=============================================================
gate          -2.400e+000  0.000e+000  0.000e+000  0.000e+000
source         0.000e+000  0.000e+000  0.000e+000  0.000e+000
drain          7.000e-001  0.000e+000  0.000e+000  0.000e+000
Total                                              0.000e+000

Time for bias point:   2.24 sec. 
Total time:            3.15 min. 
  
ATLAS> solve vgate=-2.35

Obtaining static solution:

 V(   gate  ) = -2.35       


proj           psi     n     psi     n  
direct          x      x     rhs    rhs 
   i    j  m  -5.00* -6.00* -26.0* -20.0*
-----------------------------------------
   1       N  -4.916 -5.703 -27.5* -16.36
   2       N  -11.0* -11.6* -27.4* -17.77

Electrode       Va(V)        In(A)       Ic(A)       It(A)
=============================================================
gate          -2.350e+000  0.000e+000  0.000e+000  0.000e+000
source         0.000e+000  0.000e+000  0.000e+000  0.000e+000
drain          7.000e-001  0.000e+000  0.000e+000  0.000e+000
Total                                              0.000e+000

Time for bias point:   2.37 sec. 
Total time:            3.24 min. 
  
ATLAS> solve vgate=-2.3

Obtaining static solution:

 V(   gate  ) = -2.3        


proj           psi     n     psi     n  
direct          x      x     rhs    rhs 
   i    j  m  -5.00* -6.00* -26.0* -20.0*
-----------------------------------------
   1       N  -5.67* -5.669 -27.5* -16.31
   2       N  -11.0* -11.5* -27.5* -17.62

Electrode       Va(V)        In(A)       Ic(A)       It(A)
=============================================================
gate          -2.300e+000  0.000e+000  0.000e+000  0.000e+000
source         0.000e+000  0.000e+000  0.000e+000  0.000e+000
drain          7.000e-001  0.000e+000  0.000e+000  0.000e+000
Total                                              0.000e+000

Time for bias point:   2.29 sec. 
Total time:            3.33 min. 
  
ATLAS> solve vgate=-2.25

Obtaining static solution:

 V(   gate  ) = -2.25       


proj           psi     n     psi     n  
direct          x      x     rhs    rhs 
   i    j  m  -5.00* -6.00* -26.0* -20.0*
-----------------------------------------
   1       N  -5.64* -5.635 -27.5* -16.26
   2       N  -11.0* -11.5* -27.5* -17.77

Electrode       Va(V)        In(A)       Ic(A)       It(A)
=============================================================
gate          -2.250e+000  0.000e+000  0.000e+000  0.000e+000
source         0.000e+000  0.000e+000  0.000e+000  0.000e+000
drain          7.000e-001  0.000e+000  0.000e+000  0.000e+000
Total                                              0.000e+000

Time for bias point:   1.76 sec. 
Total time:            3.40 min. 
  
ATLAS> solve vgate=-2.2

Obtaining static solution:

 V(   gate  ) = -2.2        


proj           psi     n     psi     n  
direct          x      x     rhs    rhs 
   i    j  m  -5.00* -6.00* -26.0* -20.0*
-----------------------------------------
   1       N  -5.60* -5.600 -27.5* -16.20
   2       N  -11.1* -11.4* -27.5* -17.49

Electrode       Va(V)        In(A)       Ic(A)       It(A)
=============================================================
gate          -2.200e+000  0.000e+000  0.000e+000  0.000e+000
source         0.000e+000  0.000e+000  0.000e+000  0.000e+000
drain          7.000e-001  0.000e+000  0.000e+000  0.000e+000
Total                                              0.000e+000

Time for bias point:   1.92 sec. 
Total time:            3.47 min. 
  
ATLAS> solve vgate=-2.15

Obtaining static solution:

 V(   gate  ) = -2.15       


proj           psi     n     psi     n  
direct          x      x     rhs    rhs 
   i    j  m  -5.00* -6.00* -26.0* -20.0*
-----------------------------------------
   1       N  -5.56* -5.563 -27.6* -16.14
   2       N  -10.7* -11.4* -27.5* -17.68

Electrode       Va(V)        In(A)       Ic(A)       It(A)
=============================================================
gate          -2.150e+000  0.000e+000  0.000e+000  0.000e+000
source         0.000e+000  0.000e+000  0.000e+000  0.000e+000
drain          7.000e-001  0.000e+000  0.000e+000  0.000e+000
Total                                              0.000e+000

Time for bias point:   2.36 sec. 
Total time:            3.55 min. 
  
ATLAS> solve vgate=-2.1

Obtaining static solution:

 V(   gate  ) = -2.1        


proj           psi     n     psi     n  
direct          x      x     rhs    rhs 
   i    j  m  -5.00* -6.00* -26.0* -20.0*
-----------------------------------------
   1       N  -5.53* -5.525 -27.4* -16.08
   2       N  -11.1* -11.3* -27.6* -17.77

Electrode       Va(V)        In(A)       Ic(A)       It(A)
=============================================================
gate          -2.100e+000  0.000e+000  0.000e+000  0.000e+000
source         0.000e+000  0.000e+000  0.000e+000  0.000e+000
drain          7.000e-001  0.000e+000  0.000e+000  0.000e+000
Total                                              0.000e+000

Time for bias point:   2.16 sec. 
Total time:            3.64 min. 
  
ATLAS> solve vgate=-2.05

Obtaining static solution:

 V(   gate  ) = -2.05       


proj           psi     n     psi     n  
direct          x      x     rhs    rhs 
   i    j  m  -5.00* -6.00* -26.0* -20.0*
-----------------------------------------
   1       N  -5.49* -5.486 -27.4* -16.02
   2       N  -11.1* -11.2* -27.3* -17.71

Electrode       Va(V)        In(A)       Ic(A)       It(A)
=============================================================
gate          -2.050e+000  0.000e+000  0.000e+000  0.000e+000
source         0.000e+000  0.000e+000  0.000e+000  0.000e+000
drain          7.000e-001  0.000e+000  0.000e+000  0.000e+000
Total                                              0.000e+000

Time for bias point:   2.40 sec. 
Total time:            3.72 min. 
  
ATLAS> solve vgate=-2

Obtaining static solution:

 V(   gate  ) = -2          


proj           psi     n     psi     n  
direct          x      x     rhs    rhs 
   i    j  m  -5.00* -6.00* -26.0* -20.0*
-----------------------------------------
   1       N  -5.45* -5.445 -27.5* -15.96
   2       N  -11.2* -11.1* -27.5* -17.54

Electrode       Va(V)        In(A)       Ic(A)       It(A)
=============================================================
gate          -2.000e+000  0.000e+000  0.000e+000  0.000e+000
source         0.000e+000  0.000e+000  0.000e+000  0.000e+000
drain          7.000e-001  0.000e+000  0.000e+000  0.000e+000
Total                                              0.000e+000

Time for bias point:   2.60 sec. 
Total time:            3.81 min. 
  
ATLAS> solve vgate=-1.95

Obtaining static solution:

 V(   gate  ) = -1.95       


proj           psi     n     psi     n  
direct          x      x     rhs    rhs 
   i    j  m  -5.00* -6.00* -26.0* -20.0*
-----------------------------------------
   1       N  -5.41* -5.404 -27.4* -15.89
   2       N  -11.1* -11.1* -27.5* -17.54

Electrode       Va(V)        In(A)       Ic(A)       It(A)
=============================================================
gate          -1.950e+000  0.000e+000  0.000e+000  0.000e+000
source         0.000e+000  0.000e+000  0.000e+000  0.000e+000
drain          7.000e-001  0.000e+000  0.000e+000  0.000e+000
Total                                              0.000e+000

Time for bias point:   2.29 sec. 
Total time:            3.90 min. 
  
ATLAS> solve vgate=-1.9

Obtaining static solution:

 V(   gate  ) = -1.9        


proj           psi     n     psi     n  
direct          x      x     rhs    rhs 
   i    j  m  -5.00* -6.00* -26.0* -20.0*
-----------------------------------------
   1       N  -5.36* -5.362 -27.4* -15.82
   2       N  -11.0* -11.0* -27.5* -17.76

Electrode       Va(V)        In(A)       Ic(A)       It(A)
=============================================================
gate          -1.900e+000  0.000e+000  0.000e+000  0.000e+000
source         0.000e+000  0.000e+000  0.000e+000  0.000e+000
drain          7.000e-001  0.000e+000  0.000e+000  0.000e+000
Total                                              0.000e+000

Time for bias point:   2.32 sec. 
Total time:            3.99 min. 
  
ATLAS> solve vgate=-1.85

Obtaining static solution:

 V(   gate  ) = -1.85       


proj           psi     n     psi     n  
direct          x      x     rhs    rhs 
   i    j  m  -5.00* -6.00* -26.0* -20.0*
-----------------------------------------
   1       N  -5.32* -5.319 -27.6* -15.75
   2       N  -11.1* -10.9* -27.5* -17.86

Electrode       Va(V)        In(A)       Ic(A)       It(A)
=============================================================
gate          -1.850e+000  0.000e+000  0.000e+000  0.000e+000
source         0.000e+000  0.000e+000  0.000e+000  0.000e+000
drain          7.000e-001  0.000e+000  0.000e+000  0.000e+000
Total                                              0.000e+000

Time for bias point:   2.45 sec. 
Total time:            4.08 min. 
  
ATLAS> solve vgate=-1.8

Obtaining static solution:

 V(   gate  ) = -1.8        


proj           psi     n     psi     n  
direct          x      x     rhs    rhs 
   i    j  m  -5.00* -6.00* -26.0* -20.0*
-----------------------------------------
   1       N  -5.28* -5.275 -27.5* -15.68
   2       N  -11.1* -10.8* -27.5* -17.76

Electrode       Va(V)        In(A)       Ic(A)       It(A)
=============================================================
gate          -1.800e+000  0.000e+000  0.000e+000  0.000e+000
source         0.000e+000  0.000e+000  0.000e+000  0.000e+000
drain          7.000e-001  0.000e+000  0.000e+000  0.000e+000
Total                                              0.000e+000

Time for bias point:   2.31 sec. 
Total time:            4.17 min. 
  
ATLAS> solve vgate=-1.75

Obtaining static solution:

 V(   gate  ) = -1.75       


proj           psi     n     psi     n  
direct          x      x     rhs    rhs 
   i    j  m  -5.00* -6.00* -26.0* -20.0*
-----------------------------------------
   1       N  -5.23* -5.229 -27.5* -15.61
   2       N  -11.2* -10.7* -27.5* -17.57

Electrode       Va(V)        In(A)       Ic(A)       It(A)
=============================================================
gate          -1.750e+000  0.000e+000  0.000e+000  0.000e+000
source         0.000e+000  0.000e+000  0.000e+000  0.000e+000
drain          7.000e-001  0.000e+000  0.000e+000  0.000e+000
Total                                              0.000e+000

Time for bias point:   1.90 sec. 
Total time:            4.24 min. 
  
ATLAS> solve vgate=-1.7

Obtaining static solution:

 V(   gate  ) = -1.7        


proj           psi     n     psi     n  
direct          x      x     rhs    rhs 
   i    j  m  -5.00* -6.00* -26.0* -20.0*
-----------------------------------------
   1       N  -5.18* -5.183 -27.5* -15.53
   2       N  -11.2* -10.6* -27.6* -17.60

Electrode       Va(V)        In(A)       Ic(A)       It(A)
=============================================================
gate          -1.700e+000  0.000e+000  0.000e+000  0.000e+000
source         0.000e+000  0.000e+000  0.000e+000  0.000e+000
drain          7.000e-001  0.000e+000  0.000e+000  0.000e+000
Total                                              0.000e+000

Time for bias point:   2.30 sec. 
Total time:            4.33 min. 
  
ATLAS> solve vgate=-1.65

Obtaining static solution:

 V(   gate  ) = -1.65       


proj           psi     n     psi     n  
direct          x      x     rhs    rhs 
   i    j  m  -5.00* -6.00* -26.0* -20.0*
-----------------------------------------
   1       N  -5.14* -5.136 -27.6* -15.45
   2       N  -11.1* -10.5* -27.6* -17.39

Electrode       Va(V)        In(A)       Ic(A)       It(A)
=============================================================
gate          -1.650e+000  0.000e+000  0.000e+000  0.000e+000
source         0.000e+000  0.000e+000  0.000e+000  0.000e+000
drain          7.000e-001  0.000e+000  0.000e+000  0.000e+000
Total                                              0.000e+000

Time for bias point:   1.94 sec. 
Total time:            4.41 min. 
  
ATLAS> solve vgate=-1.6

Obtaining static solution:

 V(   gate  ) = -1.6        


proj           psi     n     psi     n  
direct          x      x     rhs    rhs 
   i    j  m  -5.00* -6.00* -26.0* -20.0*
-----------------------------------------
   1       N  -5.09* -5.087 -27.6* -15.37
   2       N  -11.0* -10.4* -27.6* -17.57

Electrode       Va(V)        In(A)       Ic(A)       It(A)
=============================================================
gate          -1.600e+000  0.000e+000  0.000e+000  0.000e+000
source         0.000e+000  0.000e+000  0.000e+000  0.000e+000
drain          7.000e-001  0.000e+000  0.000e+000  0.000e+000
Total                                              0.000e+000

Time for bias point:   1.99 sec. 
Total time:            4.49 min. 
  
ATLAS> solve vgate=-1.55

Obtaining static solution:

 V(   gate  ) = -1.55       


proj           psi     n     psi     n  
direct          x      x     rhs    rhs 
   i    j  m  -5.00* -6.00* -26.0* -20.0*
-----------------------------------------
   1       N  -5.04* -5.037 -27.6* -15.29
   2       N  -11.2* -10.3* -27.6* -17.31

Electrode       Va(V)        In(A)       Ic(A)       It(A)
=============================================================
gate          -1.550e+000  0.000e+000  0.000e+000  0.000e+000
source         0.000e+000  0.000e+000  0.000e+000  0.000e+000
drain          7.000e-001  0.000e+000  0.000e+000  0.000e+000
Total                                              0.000e+000

Time for bias point:   2.13 sec. 
Total time:            4.56 min. 
  
ATLAS> solve vgate=-1.5

Obtaining static solution:

 V(   gate  ) = -1.5        


proj           psi     n     psi     n  
direct          x      x     rhs    rhs 
   i    j  m  -5.00* -6.00* -26.0* -20.0*
-----------------------------------------
   1       N  -4.988 -4.986 -27.6* -15.20
   2       N  -11.1* -10.2* -27.7* -17.62

Electrode       Va(V)        In(A)       Ic(A)       It(A)
=============================================================
gate          -1.500e+000  0.000e+000  0.000e+000  0.000e+000
source         0.000e+000  0.000e+000  0.000e+000  0.000e+000
drain          7.000e-001  0.000e+000  0.000e+000  0.000e+000
Total                                              0.000e+000

Time for bias point:   2.23 sec. 
Total time:            4.65 min. 
  
ATLAS> solve vgate=-1.45

Obtaining static solution:

 V(   gate  ) = -1.45       


proj           psi     n     psi     n  
direct          x      x     rhs    rhs 
   i    j  m  -5.00* -6.00* -26.0* -20.0*
-----------------------------------------
   1       N  -4.934 -4.933 -27.6* -15.09
   2       N  -11.2* -10.1* -27.6* -17.51

Electrode       Va(V)        In(A)       Ic(A)       It(A)
=============================================================
gate          -1.450e+000  0.000e+000  0.000e+000  0.000e+000
source         0.000e+000  0.000e+000  0.000e+000  0.000e+000
drain          7.000e-001  0.000e+000  0.000e+000  0.000e+000
Total                                              0.000e+000

Time for bias point:   2.05 sec. 
Total time:            4.74 min. 
  
ATLAS> solve vgate=-1.4

Obtaining static solution:

 V(   gate  ) = -1.4        


proj           psi     n     psi     n  
direct          x      x     rhs    rhs 
   i    j  m  -5.00* -6.00* -26.0* -20.0*
-----------------------------------------
   1       N  -4.878 -4.877 -27.7* -14.99
   2       N  -11.2* -10.0* -27.7* -17.49

Electrode       Va(V)        In(A)       Ic(A)       It(A)
=============================================================
gate          -1.400e+000  0.000e+000  0.000e+000  0.000e+000
source         0.000e+000  0.000e+000  0.000e+000  0.000e+000
drain          7.000e-001  0.000e+000  0.000e+000  0.000e+000
Total                                              0.000e+000

Time for bias point:   2.47 sec. 
Total time:            4.82 min. 
  
ATLAS> solve vgate=-1.35

Obtaining static solution:

 V(   gate  ) = -1.35       


proj           psi     n     psi     n  
direct          x      x     rhs    rhs 
   i    j  m  -5.00* -6.00* -26.0* -20.0*
-----------------------------------------
   1       N  -4.820 -4.820 -27.7* -14.88
   2       N  -11.2* -9.91* -27.7* -17.65

Electrode       Va(V)        In(A)       Ic(A)       It(A)
=============================================================
gate          -1.350e+000  0.000e+000  0.000e+000  0.000e+000
source         0.000e+000  0.000e+000  0.000e+000  0.000e+000
drain          7.000e-001  0.000e+000  0.000e+000  0.000e+000
Total                                              0.000e+000

Time for bias point:   2.42 sec. 
Total time:            4.91 min. 
  
ATLAS> solve vgate=-1.3

Obtaining static solution:

 V(   gate  ) = -1.3        


proj           psi     n     psi     n  
direct          x      x     rhs    rhs 
   i    j  m  -5.00* -6.00* -26.0* -20.0*
-----------------------------------------
   1       N  -4.761 -4.760 -27.7* -14.77
   2       N  -11.1* -9.80* -27.6* -17.50

Electrode       Va(V)        In(A)       Ic(A)       It(A)
=============================================================
gate          -1.300e+000  0.000e+000  0.000e+000  0.000e+000
source         0.000e+000  0.000e+000  0.000e+000  0.000e+000
drain          7.000e-001  0.000e+000  0.000e+000  0.000e+000
Total                                              0.000e+000

Time for bias point:   2.53 sec. 
Total time:            5.00 min. 
  
ATLAS> solve vgate=-1.25

Obtaining static solution:

 V(   gate  ) = -1.25       


proj           psi     n     psi     n  
direct          x      x     rhs    rhs 
   i    j  m  -5.00* -6.00* -26.0* -20.0*
-----------------------------------------
   1       N  -4.700 -4.699 -27.7* -14.66
   2       N  -11.4* -9.68* -27.8* -17.70

Electrode       Va(V)        In(A)       Ic(A)       It(A)
=============================================================
gate          -1.250e+000  0.000e+000  0.000e+000  0.000e+000
source         0.000e+000  0.000e+000  0.000e+000  0.000e+000
drain          7.000e-001  0.000e+000  0.000e+000  0.000e+000
Total                                              0.000e+000

Time for bias point:   2.42 sec. 
Total time:            5.08 min. 
  
ATLAS> solve vgate=-1.2

Obtaining static solution:

 V(   gate  ) = -1.2        


proj           psi     n     psi     n  
direct          x      x     rhs    rhs 
   i    j  m  -5.00* -6.00* -26.0* -20.0*
-----------------------------------------
   1       N  -4.638 -4.637 -27.7* -14.55
   2       N  -11.1* -9.55* -27.6* -17.47

Electrode       Va(V)        In(A)       Ic(A)       It(A)
=============================================================
gate          -1.200e+000  0.000e+000  0.000e+000  0.000e+000
source         0.000e+000  0.000e+000  0.000e+000  0.000e+000
drain          7.000e-001  0.000e+000  0.000e+000  0.000e+000
Total                                              0.000e+000

Time for bias point:   2.40 sec. 
Total time:            5.16 min. 
  
ATLAS> solve vgate=-1.15

Obtaining static solution:

 V(   gate  ) = -1.15       


proj           psi     n     psi     n  
direct          x      x     rhs    rhs 
   i    j  m  -5.00* -6.00* -26.0* -20.0*
-----------------------------------------
   1       N  -4.573 -4.572 -27.8* -14.44
   2       N  -11.3* -9.43* -27.7* -17.77

Electrode       Va(V)        In(A)       Ic(A)       It(A)
=============================================================
gate          -1.150e+000  0.000e+000  0.000e+000  0.000e+000
source         0.000e+000  0.000e+000  0.000e+000  0.000e+000
drain          7.000e-001  0.000e+000  0.000e+000  0.000e+000
Total                                              0.000e+000

Time for bias point:   2.12 sec. 
Total time:            5.25 min. 
  
ATLAS> solve vgate=-1.1

Obtaining static solution:

 V(   gate  ) = -1.1        


proj           psi     n     psi     n  
direct          x      x     rhs    rhs 
   i    j  m  -5.00* -6.00* -26.0* -20.0*
-----------------------------------------
   1       N  -4.507 -4.505 -27.8* -14.33
   2       N  -11.3* -9.30* -27.7* -17.51

Electrode       Va(V)        In(A)       Ic(A)       It(A)
=============================================================
gate          -1.100e+000  0.000e+000  0.000e+000  0.000e+000
source         0.000e+000  0.000e+000  0.000e+000  0.000e+000
drain          7.000e-001  0.000e+000  0.000e+000  0.000e+000
Total                                              0.000e+000

Time for bias point:   2.42 sec. 
Total time:            5.33 min. 
  
ATLAS> solve vgate=-1.05

Obtaining static solution:

 V(   gate  ) = -1.05       


proj           psi     n     psi     n  
direct          x      x     rhs    rhs 
   i    j  m  -5.00* -6.00* -26.0* -20.0*
-----------------------------------------
   1       N  -4.438 -4.436 -27.8* -14.22
   2       N  -11.2* -9.16* -27.7* -17.58

Electrode       Va(V)        In(A)       Ic(A)       It(A)
=============================================================
gate          -1.050e+000  0.000e+000  0.000e+000  0.000e+000
source         0.000e+000  0.000e+000  0.000e+000  0.000e+000
drain          7.000e-001  0.000e+000  0.000e+000  0.000e+000
Total                                              0.000e+000

Time for bias point:   2.51 sec. 
Total time:            5.42 min. 
  
ATLAS> solve vgate=-1

Obtaining static solution:

 V(   gate  ) = -1          


proj           psi     n     psi     n  
direct          x      x     rhs    rhs 
   i    j  m  -5.00* -6.00* -26.0* -20.0*
-----------------------------------------
   1       N  -4.366 -4.365 -27.8* -14.10
   2       N  -11.4* -9.02* -27.8* -17.42

Electrode       Va(V)        In(A)       Ic(A)       It(A)
=============================================================
gate          -1.000e+000  0.000e+000  0.000e+000  0.000e+000
source         0.000e+000  0.000e+000  0.000e+000  0.000e+000
drain          7.000e-001  0.000e+000  0.000e+000  0.000e+000
Total                                              0.000e+000

Time for bias point:   2.51 sec. 
Total time:            5.51 min. 
  
ATLAS> solve vgate=-0.95

Obtaining static solution:

 V(   gate  ) = -0.95       


proj           psi     n     psi     n  
direct          x      x     rhs    rhs 
   i    j  m  -5.00* -6.00* -26.0* -20.0*
-----------------------------------------
   1       N  -4.291 -4.290 -27.8* -13.99
   2       N  -11.3* -8.87* -27.8* -17.40

Electrode       Va(V)        In(A)       Ic(A)       It(A)
=============================================================
gate          -9.500e-001  0.000e+000  0.000e+000  0.000e+000
source         0.000e+000  0.000e+000  0.000e+000  0.000e+000
drain          7.000e-001  0.000e+000  0.000e+000  0.000e+000
Total                                              0.000e+000

Time for bias point:   1.86 sec. 
Total time:            5.59 min. 
  
ATLAS> solve vgate=-0.9

Obtaining static solution:

 V(   gate  ) = -0.9        


proj           psi     n     psi     n  
direct          x      x     rhs    rhs 
   i    j  m  -5.00* -6.00* -26.0* -20.0*
-----------------------------------------
   1       N  -4.212 -4.212 -27.7* -13.85
   2       N  -11.4* -8.71* -27.9* -17.26

Electrode       Va(V)        In(A)       Ic(A)       It(A)
=============================================================
gate          -9.000e-001  0.000e+000  0.000e+000  0.000e+000
source         0.000e+000  0.000e+000  0.000e+000  0.000e+000
drain          7.000e-001  0.000e+000  0.000e+000  0.000e+000
Total                                              0.000e+000

Time for bias point:   2.14 sec. 
Total time:            5.67 min. 
  
ATLAS> solve vgate=-0.85

Obtaining static solution:

 V(   gate  ) = -0.85       


proj           psi     n     psi     n  
direct          x      x     rhs    rhs 
   i    j  m  -5.00* -6.00* -26.0* -20.0*
-----------------------------------------
   1       N  -4.131 -4.130 -27.5* -13.68
   2       N  -11.4* -8.55* -27.8* -17.41

Electrode       Va(V)        In(A)       Ic(A)       It(A)
=============================================================
gate          -8.500e-001  0.000e+000  0.000e+000  0.000e+000
source         0.000e+000  0.000e+000  0.000e+000  0.000e+000
drain          7.000e-001  0.000e+000  0.000e+000  0.000e+000
Total                                              0.000e+000

Time for bias point:   2.39 sec. 
Total time:            5.76 min. 
  
ATLAS> solve vgate=-0.8

Obtaining static solution:

 V(   gate  ) = -0.8        


proj           psi     n     psi     n  
direct          x      x     rhs    rhs 
   i    j  m  -5.00* -6.00* -26.0* -20.0*
-----------------------------------------
   1       N  -4.047 -4.046 -27.3* -13.51
   2       N  -11.2* -8.38* -27.8* -17.59

Electrode       Va(V)        In(A)       Ic(A)       It(A)
=============================================================
gate          -8.000e-001  0.000e+000  0.000e+000  0.000e+000
source         0.000e+000  0.000e+000  0.000e+000  0.000e+000
drain          7.000e-001  0.000e+000  0.000e+000  0.000e+000
Total                                              0.000e+000

Time for bias point:   2.22 sec. 
Total time:            5.84 min. 
  
ATLAS> solve vgate=-0.75

Obtaining static solution:

 V(   gate  ) = -0.75       


proj           psi     n     psi     n  
direct          x      x     rhs    rhs 
   i    j  m  -5.00* -6.00* -26.0* -20.0*
-----------------------------------------
   1       N  -3.960 -3.959 -27.2* -13.34
   2       N  -11.0* -8.21* -27.8* -17.39

Electrode       Va(V)        In(A)       Ic(A)       It(A)
=============================================================
gate          -7.500e-001  0.000e+000  0.000e+000  0.000e+000
source         0.000e+000  0.000e+000  0.000e+000  0.000e+000
drain          7.000e-001  0.000e+000  0.000e+000  0.000e+000
Total                                              0.000e+000

Time for bias point:   2.48 sec. 
Total time:            5.93 min. 
  
ATLAS> solve vgate=-0.7

Obtaining static solution:

 V(   gate  ) = -0.7        


proj           psi     n     psi     n  
direct          x      x     rhs    rhs 
   i    j  m  -5.00* -6.00* -26.0* -20.0*
-----------------------------------------
   1       N  -3.869 -3.868 -27.0* -13.16
   2       N  -10.7* -8.03* -27.9* -17.29

Electrode       Va(V)        In(A)       Ic(A)       It(A)
=============================================================
gate          -7.000e-001  0.000e+000  0.000e+000  0.000e+000
source         0.000e+000 -1.032e-021 -1.032e-021 -1.032e-021
drain          7.000e-001  1.032e-021  1.032e-021  1.032e-021
Total                                             -4.646e-035

Time for bias point:   2.51 sec. 
Total time:            6.02 min. 
  
ATLAS> solve vgate=-0.65

Obtaining static solution:

 V(   gate  ) = -0.65       


proj           psi     n     psi     n  
direct          x      x     rhs    rhs 
   i    j  m  -5.00* -6.00* -26.0* -20.0*
-----------------------------------------
   1       N  -3.772 -3.478 -26.8* -12.99
   2       N  -10.5* -7.84* -27.9* -17.29

Electrode       Va(V)        In(A)       Ic(A)       It(A)
=============================================================
gate          -6.500e-001  0.000e+000  0.000e+000  0.000e+000
source         0.000e+000 -6.194e-021 -6.194e-021 -6.194e-021
drain          7.000e-001  6.194e-021  6.194e-021  6.194e-021
Total                                             -2.791e-034

Time for bias point:   2.44 sec. 
Total time:            6.11 min. 
  
ATLAS> solve vgate=-0.6

Obtaining static solution:

 V(   gate  ) = -0.6        


proj           psi     n     psi     n  
direct          x      x     rhs    rhs 
   i    j  m  -5.00* -6.00* -26.0* -20.0*
-----------------------------------------
   1       N  -3.671 -2.967 -26.5* -12.81
   2       N  -10.2* -7.64* -27.9* -17.71

Electrode       Va(V)        In(A)       Ic(A)       It(A)
=============================================================
gate          -6.000e-001  0.000e+000  0.000e+000  0.000e+000
source         0.000e+000 -4.129e-020 -4.129e-020 -4.129e-020
drain          7.000e-001  4.129e-020  4.129e-020  4.129e-020
Total                                             -1.860e-033

Time for bias point:   2.43 sec. 
Total time:            6.20 min. 
  
ATLAS> solve vgate=-0.55

Obtaining static solution:

 V(   gate  ) = -0.55       


proj           psi     n     psi     n  
direct          x      x     rhs    rhs 
   i    j  m  -5.00* -6.00* -26.0* -20.0*
-----------------------------------------
   1       N  -3.566 -2.826 -26.3* -12.64
   2       N  -9.96* -7.43* -28.1* -17.23

Electrode       Va(V)        In(A)       Ic(A)       It(A)
=============================================================
gate          -5.500e-001  0.000e+000  0.000e+000  0.000e+000
source         0.000e+000 -2.870e-019 -2.870e-019 -2.870e-019
drain          7.000e-001  2.880e-019  2.880e-019  2.880e-019
Total                                              1.032e-021

Time for bias point:   1.97 sec. 
Total time:            6.28 min. 
  
ATLAS> solve vgate=-0.5

Obtaining static solution:

 V(   gate  ) = -0.5        


proj           psi     n     psi     n  
direct          x      x     rhs    rhs 
   i    j  m  -5.00* -6.00* -26.0* -20.0*
-----------------------------------------
   1       N  -3.456 -2.748 -26.1* -12.47
   2       N  -9.67* -7.21* -28.0* -17.26

Electrode       Va(V)        In(A)       Ic(A)       It(A)
=============================================================
gate          -5.000e-001  0.000e+000  0.000e+000  0.000e+000
source         0.000e+000 -1.990e-018 -1.990e-018 -1.990e-018
drain          7.000e-001  1.991e-018  1.991e-018  1.991e-018
Total                                              5.162e-022

Time for bias point:   2.08 sec. 
Total time:            6.36 min. 
  
ATLAS> solve vgate=-0.45

Obtaining static solution:

 V(   gate  ) = -0.45       


proj           psi     n     psi     n  
direct          x      x     rhs    rhs 
   i    j  m  -5.00* -6.00* -26.0* -20.0*
-----------------------------------------
   1       N  -3.339 -2.673 -25.79 -12.27
   2       N  -9.36* -6.97* -28.1* -17.39

Electrode       Va(V)        In(A)       Ic(A)       It(A)
=============================================================
gate          -4.500e-001  0.000e+000  0.000e+000  0.000e+000
source         0.000e+000 -1.377e-017 -1.377e-017 -1.377e-017
drain          7.000e-001  1.377e-017  1.377e-017  1.377e-017
Total                                             -2.581e-021

Time for bias point:   2.54 sec. 
Total time:            6.45 min. 
  
ATLAS> solve vgate=-0.4

Obtaining static solution:

 V(   gate  ) = -0.4        


proj           psi     n     psi     n  
direct          x      x     rhs    rhs 
   i    j  m  -5.00* -6.00* -26.0* -20.0*
-----------------------------------------
   1       N  -3.216 -2.591 -25.52 -12.03
   2       N  -9.03* -6.73* -28.1* -17.44

Electrode       Va(V)        In(A)       Ic(A)       It(A)
=============================================================
gate          -4.000e-001  0.000e+000  0.000e+000  0.000e+000
source         0.000e+000 -9.523e-017 -9.523e-017 -9.523e-017
drain          7.000e-001  9.524e-017  9.524e-017  9.524e-017
Total                                              2.065e-021

Time for bias point:   2.65 sec. 
Total time:            6.54 min. 
  
ATLAS> solve vgate=-0.35

Obtaining static solution:

 V(   gate  ) = -0.35       


proj           psi     n     psi     n  
direct          x      x     rhs    rhs 
   i    j  m  -5.00* -6.00* -26.0* -20.0*
-----------------------------------------
   1       N  -3.087 -2.545 -25.23 -11.79
   2       N  -8.69* -6.47* -28.1* -17.37

Electrode       Va(V)        In(A)       Ic(A)       It(A)
=============================================================
gate          -3.500e-001  0.000e+000  0.000e+000  0.000e+000
source         0.000e+000 -6.586e-016 -6.586e-016 -6.586e-016
drain          7.000e-001  6.586e-016  6.586e-016  6.586e-016
Total                                             -2.323e-021

Time for bias point:   2.39 sec. 
Total time:            6.63 min. 
  
ATLAS> solve vgate=-0.3

Obtaining static solution:

 V(   gate  ) = -0.3        


proj           psi     n     psi     n  
direct          x      x     rhs    rhs 
   i    j  m  -5.00* -6.00* -26.0* -20.0*
-----------------------------------------
   1       N  -2.951 -2.350 -24.91 -11.56
   2       N  -8.32* -6.20* -27.9* -17.63

Electrode       Va(V)        In(A)       Ic(A)       It(A)
=============================================================
gate          -3.000e-001  0.000e+000  0.000e+000  0.000e+000
source         0.000e+000 -4.553e-015 -4.553e-015 -4.553e-015
drain          7.000e-001  4.553e-015  4.553e-015  4.553e-015
Total                                              2.581e-021

Time for bias point:   2.32 sec. 
Total time:            6.71 min. 
  
ATLAS> solve vgate=-0.25

Obtaining static solution:

 V(   gate  ) = -0.25       


proj           psi     n     psi     n  
direct          x      x     rhs    rhs 
   i    j  m  -5.00* -6.00* -26.0* -20.0*
-----------------------------------------
   1       N  -2.679 -1.954 -24.57 -11.28
   2       N  -7.94* -5.655 -28.2* -17.45

Electrode       Va(V)        In(A)       Ic(A)       It(A)
=============================================================
gate          -2.500e-001  0.000e+000  0.000e+000  0.000e+000
source         0.000e+000 -3.145e-014 -3.145e-014 -3.145e-014
drain          7.000e-001  3.145e-014  3.145e-014  3.145e-014
Total                                             -5.162e-022

Time for bias point:   2.19 sec. 
Total time:            6.79 min. 
  
ATLAS> solve vgate=-0.2

Obtaining static solution:

 V(   gate  ) = -0.2        


proj           psi     n     psi     n  
direct          x      x     rhs    rhs 
   i    j  m  -5.00* -6.00* -26.0* -20.0*
-----------------------------------------
   1       N  -2.135 -1.569 -24.22 -10.98
   2       N  -6.76* -4.569 -28.2* -17.43

Electrode       Va(V)        In(A)       Ic(A)       It(A)
=============================================================
gate          -2.000e-001  0.000e+000  0.000e+000  0.000e+000
source         0.000e+000 -2.165e-013 -2.165e-013 -2.165e-013
drain          7.000e-001  2.165e-013  2.165e-013  2.165e-013
Total                                             -6.448e-022

Time for bias point:   2.08 sec. 
Total time:            6.88 min. 
  
ATLAS> solve vgate=-0.15

Obtaining static solution:

 V(   gate  ) = -0.15       


proj           psi     n     psi     n  
direct          x      x     rhs    rhs 
   i    j  m  -5.00* -6.00* -26.0* -20.0*
-----------------------------------------
   1       N  -1.596 -1.217 -23.08 -10.67
   2       N  -5.14* -3.493 -27.1* -17.16
   3       N  -9.40* -9.22* -28.3* -17.40

Electrode       Va(V)        In(A)       Ic(A)       It(A)
=============================================================
gate          -1.500e-001  0.000e+000  0.000e+000  0.000e+000
source         0.000e+000 -1.471e-012 -1.471e-012 -1.471e-012
drain          7.000e-001  1.471e-012  1.471e-012  1.471e-012
Total                                             -1.028e-021

Time for bias point:   3.40 sec. 
Total time:            6.98 min. 
  
ATLAS> solve vgate=-0.1

Obtaining static solution:

 V(   gate  ) = -0.1        


proj           psi     n     psi     n  
direct          x      x     rhs    rhs 
   i    j  m  -5.00* -6.00* -26.0* -20.0*
-----------------------------------------
   1       N  -1.064 -0.968 -21.34 -9.581
   2       N  -3.577 -2.429 -24.25 -13.58
   3       N  -6.72* -6.76* -28.2* -17.37

Electrode       Va(V)        In(A)       Ic(A)       It(A)
=============================================================
gate          -1.000e-001  0.000e+000  0.000e+000  0.000e+000
source         0.000e+000 -9.513e-012 -9.513e-012 -9.513e-012
drain          7.000e-001  9.513e-012  9.513e-012  9.513e-012
Total                                              1.083e-021

Time for bias point:   3.54 sec. 
Total time:            7.09 min. 
  
ATLAS> solve vgate=-0.05

Obtaining static solution:

 V(   gate  ) = -0.05       


proj           psi     n     psi     n  
direct          x      x     rhs    rhs 
   i    j  m  -5.00* -6.00* -26.0* -20.0*
-----------------------------------------
   1       N  -0.636 -0.633 -19.86 -7.950
   2       N  -2.274 -1.568 -21.98 -10.69
   3       N  -4.436 -4.552 -28.2* -15.95

Electrode       Va(V)        In(A)       Ic(A)       It(A)
=============================================================
gate          -5.000e-002  0.000e+000  0.000e+000  0.000e+000
source         0.000e+000 -5.322e-011 -5.322e-011 -5.322e-011
drain          7.000e-001  5.322e-011  5.322e-011  5.322e-011
Total                                              3.481e-021

Time for bias point:   3.32 sec. 
Total time:            7.20 min. 
  
ATLAS> solve vgate=0

Obtaining static solution:

 V(   gate  ) = 0           


proj           psi     n     psi     n  
direct          x      x     rhs    rhs 
   i    j  m  -5.00* -6.00* -26.0* -20.0*
-----------------------------------------
   1       N  -0.439 -0.435 -18.92 -6.935
   2       N  -1.596 -1.174 -20.72 -9.024
   3       N  -3.251 -3.636 -25.83 -13.24

Electrode       Va(V)        In(A)       Ic(A)       It(A)
=============================================================
gate           0.000e+000  0.000e+000  0.000e+000  0.000e+000
source         0.000e+000 -2.263e-010 -2.263e-010 -2.263e-010
drain          7.000e-001  2.263e-010  2.263e-010  2.263e-010
Total                                              3.383e-021

Time for bias point:   3.50 sec. 
Total time:            7.30 min. 
  
ATLAS> solve vgate=0.05

Obtaining static solution:

 V(   gate  ) = 0.05        


proj           psi     n     psi     n  
direct          x      x     rhs    rhs 
   i    j  m  -5.00* -6.00* -26.0* -20.0*
-----------------------------------------
   1       N  -0.464 -0.458 -18.64 -6.627
   2       N  -1.523 -1.303 -20.57 -8.620
   3       N  -3.206 -3.823 -25.83 -12.94

Electrode       Va(V)        In(A)       Ic(A)       It(A)
=============================================================
gate           5.000e-002  0.000e+000  0.000e+000  0.000e+000
source         0.000e+000 -7.036e-010 -7.036e-010 -7.036e-010
drain          7.000e-001  7.036e-010  7.036e-010  7.036e-010
Total                                              1.046e-020

Time for bias point:   2.97 sec. 
Total time:            7.40 min. 
  
ATLAS> solve vgate=0.1

Obtaining static solution:

 V(   gate  ) = 0.1         


proj           psi     n     psi     n  
direct          x      x     rhs    rhs 
   i    j  m  -5.00* -6.00* -26.0* -20.0*
-----------------------------------------
   1       N  -0.614 -0.578 -18.78 -6.845
   2       N  -1.774 -1.671 -21.13 -8.988
   3       N  -3.766 -4.551 -27.1* -13.94

Electrode       Va(V)        In(A)       Ic(A)       It(A)
=============================================================
gate           1.000e-001  0.000e+000  0.000e+000  0.000e+000
source         0.000e+000 -1.695e-009 -1.695e-009 -1.695e-009
drain          7.000e-001  1.695e-009  1.695e-009  1.695e-009
Total                                              5.958e-022

Time for bias point:   3.51 sec. 
Total time:            7.51 min. 
  
ATLAS> solve vgate=0.15

Obtaining static solution:

 V(   gate  ) = 0.15        


proj           psi     n     psi     n  
direct          x      x     rhs    rhs 
   i    j  m  -5.00* -6.00* -26.0* -20.0*
-----------------------------------------
   1       N  -0.791 -0.730 -19.05 -7.207
   2       N  -2.103 -2.075 -21.90 -9.640
   3       N  -4.447 -5.392 -28.3* -15.26

Electrode       Va(V)        In(A)       Ic(A)       It(A)
=============================================================
gate           1.500e-001  0.000e+000  0.000e+000  0.000e+000
source         0.000e+000 -3.403e-009 -3.403e-009 -3.403e-009
drain          7.000e-001  3.403e-009  3.403e-009  3.403e-009
Total                                              4.396e-021

Time for bias point:   3.09 sec. 
Total time:            7.61 min. 
  
ATLAS> solve vgate=0.2

Obtaining static solution:

 V(   gate  ) = 0.2         


proj           psi     n     psi     n  
direct          x      x     rhs    rhs 
   i    j  m  -5.00* -6.00* -26.0* -20.0*
-----------------------------------------
   1       N  -0.917 -0.884 -19.34 -7.129
   2       N  -2.408 -2.347 -22.60 -10.28
   3       N  -5.04* -5.909 -28.6* -16.40

Electrode       Va(V)        In(A)       Ic(A)       It(A)
=============================================================
gate           2.000e-001  0.000e+000  0.000e+000  0.000e+000
source         0.000e+000 -6.019e-009 -6.019e-009 -6.019e-009
drain          7.000e-001  6.019e-009  6.019e-009  6.019e-009
Total                                              3.990e-021

Time for bias point:   3.56 sec. 
Total time:            7.72 min. 
  
ATLAS> solve vgate=0.25

Obtaining static solution:

 V(   gate  ) = 0.25        


proj           psi     n     psi     n  
direct          x      x     rhs    rhs 
   i    j  m  -5.00* -6.00* -26.0* -20.0*
-----------------------------------------
   1       N  -0.994 -0.992 -19.61 -7.002
   2       N  -2.641 -2.469 -22.97 -10.33
   3       N  -5.48* -6.15* -28.3* -16.60

Electrode       Va(V)        In(A)       Ic(A)       It(A)
=============================================================
gate           2.500e-001  0.000e+000  0.000e+000  0.000e+000
source         0.000e+000 -9.730e-009 -9.730e-009 -9.730e-009
drain          7.000e-001  9.730e-009  9.730e-009  9.730e-009
Total                                              7.180e-022

Time for bias point:   2.93 sec. 
Total time:            7.82 min. 
  
ATLAS> solve vgate=0.3

Obtaining static solution:

 V(   gate  ) = 0.3         


proj           psi     n     psi     n  
direct          x      x     rhs    rhs 
   i    j  m  -5.00* -6.00* -26.0* -20.0*
-----------------------------------------
   1       N  -1.043 -1.039 -19.80 -6.572
   2       N  -2.787 -2.551 -23.02 -10.10
   3       N  -5.81* -6.39* -28.3* -16.49

Electrode       Va(V)        In(A)       Ic(A)       It(A)
=============================================================
gate           3.000e-001  0.000e+000  0.000e+000  0.000e+000
source         0.000e+000 -1.473e-008 -1.473e-008 -1.473e-008
drain          7.000e-001  1.473e-008  1.473e-008  1.473e-008
Total                                              6.105e-022

Time for bias point:   3.31 sec. 
Total time:            7.91 min. 
  
ATLAS> solve vgate=0.35

Obtaining static solution:

 V(   gate  ) = 0.35        


proj           psi     n     psi     n  
direct          x      x     rhs    rhs 
   i    j  m  -5.00* -6.00* -26.0* -20.0*
-----------------------------------------
   1       N  -1.083 -1.075 -19.67 -6.123
   2       N  -2.858 -2.598 -22.73 -9.657
   3       N  -6.10* -6.50* -28.4* -16.35

Electrode       Va(V)        In(A)       Ic(A)       It(A)
=============================================================
gate           3.500e-001  0.000e+000  0.000e+000  0.000e+000
source         0.000e+000 -2.124e-008 -2.124e-008 -2.124e-008
drain          7.000e-001  2.124e-008  2.124e-008  2.124e-008
Total                                              1.264e-021

Time for bias point:   3.55 sec. 
Total time:            8.01 min. 
  
ATLAS> solve vgate=0.4

Obtaining static solution:

 V(   gate  ) = 0.4         


proj           psi     n     psi     n  
direct          x      x     rhs    rhs 
   i    j  m  -5.00* -6.00* -26.0* -20.0*
-----------------------------------------
   1       N  -1.093 -1.078 -19.49 -5.777
   2       N  -2.901 -2.622 -22.61 -9.282
   3       N  -6.34* -6.56* -28.2* -16.34

Electrode       Va(V)        In(A)       Ic(A)       It(A)
=============================================================
gate           4.000e-001  0.000e+000  0.000e+000  0.000e+000
source         0.000e+000 -2.951e-008 -2.951e-008 -2.951e-008
drain          7.000e-001  2.951e-008  2.951e-008  2.951e-008
Total                                             -2.415e-021

Time for bias point:   3.29 sec. 
Total time:            8.11 min. 
  
ATLAS> solve vgate=0.45

Obtaining static solution:

 V(   gate  ) = 0.45        


proj           psi     n     psi     n  
direct          x      x     rhs    rhs 
   i    j  m  -5.00* -6.00* -26.0* -20.0*
-----------------------------------------
   1       N  -1.115 -1.093 -19.41 -5.507
   2       N  -2.945 -2.699 -22.66 -9.095
   3       N  -6.44* -6.67* -28.3* -16.33

Electrode       Va(V)        In(A)       Ic(A)       It(A)
=============================================================
gate           4.500e-001  0.000e+000  0.000e+000  0.000e+000
source         0.000e+000 -3.982e-008 -3.982e-008 -3.982e-008
drain          7.000e-001  3.982e-008  3.982e-008  3.982e-008
Total                                              7.458e-021

Time for bias point:   3.37 sec. 
Total time:            8.21 min. 
  
ATLAS> solve vgate=0.5

Obtaining static solution:

 V(   gate  ) = 0.5         


proj           psi     n     psi     n  
direct          x      x     rhs    rhs 
   i    j  m  -5.00* -6.00* -26.0* -20.0*
-----------------------------------------
   1       N  -1.160 -0.882 -19.40 -5.399
   2       N  -2.990 -2.828 -22.83 -9.269
   3       N  -6.65* -6.83* -28.3* -16.25

Electrode       Va(V)        In(A)       Ic(A)       It(A)
=============================================================
gate           5.000e-001  0.000e+000  0.000e+000  0.000e+000
source         0.000e+000 -5.247e-008 -5.247e-008 -5.247e-008
drain          7.000e-001  5.247e-008  5.247e-008  5.247e-008
Total                                              9.834e-021

Time for bias point:   3.49 sec. 
Total time:            8.32 min. 
  
ATLAS> solve vgate=0.55

Obtaining static solution:

 V(   gate  ) = 0.55        


proj           psi     n     psi     n  
direct          x      x     rhs    rhs 
   i    j  m  -5.00* -6.00* -26.0* -20.0*
-----------------------------------------
   1       N  -1.212 -0.225 -18.90 -3.907
   2       N  -2.477 -2.460 -22.59 -7.918
   3       N  -5.77* -5.328 -28.5* -14.38

Electrode       Va(V)        In(A)       Ic(A)       It(A)
=============================================================
gate           5.500e-001  0.000e+000  0.000e+000  0.000e+000
source         0.000e+000 -6.779e-008 -6.779e-008 -6.779e-008
drain          7.000e-001  6.779e-008  6.779e-008  6.779e-008
Total                                             -1.946e-021

Time for bias point:   3.54 sec. 
Total time:            8.42 min. 
  
ATLAS> solve vgate=0.6

Obtaining static solution:

 V(   gate  ) = 0.6         


proj           psi     n     psi     n  
direct          x      x     rhs    rhs 
   i    j  m  -5.00* -6.00* -26.0* -20.0*
-----------------------------------------
   1       N  -0.954 -0.293 -18.96 -3.440
   2       N  -2.684 -2.201 -22.89 -7.017
   3       N  -6.33* -5.706 -28.2* -14.12

Electrode       Va(V)        In(A)       Ic(A)       It(A)
=============================================================
gate           6.000e-001  0.000e+000  0.000e+000  0.000e+000
source         0.000e+000 -8.610e-008 -8.610e-008 -8.610e-008
drain          7.000e-001  8.610e-008  8.610e-008  8.610e-008
Total                                             -5.413e-021

Time for bias point:   3.46 sec. 
Total time:            8.52 min. 
  
ATLAS> solve vgate=0.65

Obtaining static solution:

 V(   gate  ) = 0.65        


proj           psi     n     psi     n  
direct          x      x     rhs    rhs 
   i    j  m  -5.00* -6.00* -26.0* -20.0*
-----------------------------------------
   1       N  -0.716 -0.362 -19.06 -3.084
   2       N  -2.689 -2.113 -22.73 -6.388
   3       N  -5.81* -5.301 -28.4* -12.83

Electrode       Va(V)        In(A)       Ic(A)       It(A)
=============================================================
gate           6.500e-001  0.000e+000  0.000e+000  0.000e+000
source         0.000e+000 -1.076e-007 -1.076e-007 -1.076e-007
drain          7.000e-001  1.076e-007  1.076e-007  1.076e-007
Total                                              6.631e-021

Time for bias point:   3.32 sec. 
Total time:            8.63 min. 
  
ATLAS> solve vgate=0.7

Obtaining static solution:

 V(   gate  ) = 0.7         


proj           psi     n     psi     n  
direct          x      x     rhs    rhs 
   i    j  m  -5.00* -6.00* -26.0* -20.0*
-----------------------------------------
   1       N  -0.595 -0.431 -19.13 -2.808
   2       N  -2.767 -2.062 -22.59 -5.965
   3       N  -6.17* -5.105 -28.5* -12.20

Electrode       Va(V)        In(A)       Ic(A)       It(A)
=============================================================
gate           7.000e-001  0.000e+000  0.000e+000  0.000e+000
source         0.000e+000 -1.326e-007 -1.326e-007 -1.326e-007
drain          7.000e-001  1.326e-007  1.326e-007  1.326e-007
Total                                             -5.215e-021

Time for bias point:   3.48 sec. 
Total time:            8.74 min. 
  
ATLAS> solve vgate=0.75

Obtaining static solution:

 V(   gate  ) = 0.75        


proj           psi     n     psi     n  
direct          x      x     rhs    rhs 
   i    j  m  -5.00* -6.00* -26.0* -20.0*
-----------------------------------------
   1       N  -0.583 -0.499 -19.23 -2.594
   2       N  -2.217 -2.036 -22.55 -5.676
   3       N  -4.807 -5.035 -28.3* -11.85

Electrode       Va(V)        In(A)       Ic(A)       It(A)
=============================================================
gate           7.500e-001  0.000e+000  0.000e+000  0.000e+000
source         0.000e+000 -1.611e-007 -1.611e-007 -1.611e-007
drain          7.000e-001  1.611e-007  1.611e-007  1.611e-007
Total                                             -1.591e-020

Time for bias point:   3.59 sec. 
Total time:            8.85 min. 
  
ATLAS> solve vgate=0.8

Obtaining static solution:

 V(   gate  ) = 0.8         


proj           psi     n     psi     n  
direct          x      x     rhs    rhs 
   i    j  m  -5.00* -6.00* -26.0* -20.0*
-----------------------------------------
   1       N  -0.659 -0.564 -19.34 -2.428
   2       N  -2.095 -2.127 -22.59 -5.483
   3       N  -4.701 -5.034 -28.4* -11.65

Electrode       Va(V)        In(A)       Ic(A)       It(A)
=============================================================
gate           8.000e-001  0.000e+000  0.000e+000  0.000e+000
source         0.000e+000 -1.931e-007 -1.931e-007 -1.931e-007
drain          7.000e-001  1.931e-007  1.931e-007  1.931e-007
Total                                             -2.700e-021

Time for bias point:   2.78 sec. 
Total time:            8.94 min. 
  
ATLAS> solve vgate=0.85

Obtaining static solution:

 V(   gate  ) = 0.85        


proj           psi     n     psi     n  
direct          x      x     rhs    rhs 
   i    j  m  -5.00* -6.00* -26.0* -20.0*
-----------------------------------------
   1       N  -0.769 -0.626 -19.45 -2.302
   2       N  -2.223 -2.174 -22.67 -5.359
   3       N  -4.966 -5.078 -28.2* -11.56

Electrode       Va(V)        In(A)       Ic(A)       It(A)
=============================================================
gate           8.500e-001  0.000e+000  0.000e+000  0.000e+000
source         0.000e+000 -2.287e-007 -2.287e-007 -2.287e-007
drain          7.000e-001  2.287e-007  2.287e-007  2.287e-007
Total                                              1.030e-020

Time for bias point:   3.23 sec. 
Total time:            9.03 min. 
  
ATLAS> solve vgate=0.9

Obtaining static solution:

 V(   gate  ) = 0.9         


proj           psi     n     psi     n  
direct          x      x     rhs    rhs 
   i    j  m  -5.00* -6.00* -26.0* -20.0*
-----------------------------------------
   1       N  -0.871 -0.684 -19.57 -2.206
   2       N  -2.411 -2.230 -22.78 -5.279
   3       N  -5.35* -5.150 -28.4* -11.47

Electrode       Va(V)        In(A)       Ic(A)       It(A)
=============================================================
gate           9.000e-001  0.000e+000  0.000e+000  0.000e+000
source         0.000e+000 -2.679e-007 -2.679e-007 -2.679e-007
drain          7.000e-001  2.679e-007  2.679e-007  2.679e-007
Total                                             -9.794e-021

Time for bias point:   3.24 sec. 
Total time:            9.13 min. 
  
ATLAS> solve vgate=0.95

Obtaining static solution:

 V(   gate  ) = 0.95        


proj           psi     n     psi     n  
direct          x      x     rhs    rhs 
   i    j  m  -5.00* -6.00* -26.0* -20.0*
-----------------------------------------
   1       N  -0.950 -0.739 -19.69 -2.136
   2       N  -2.608 -2.289 -22.90 -5.236
   3       N  -5.69* -5.236 -28.2* -11.45

Electrode       Va(V)        In(A)       Ic(A)       It(A)
=============================================================
gate           9.500e-001  0.000e+000  0.000e+000  0.000e+000
source         0.000e+000 -3.105e-007 -3.105e-007 -3.105e-007
drain          7.000e-001  3.105e-007  3.105e-007  3.105e-007
Total                                             -7.570e-021

Time for bias point:   3.48 sec. 
Total time:            9.23 min. 
  
ATLAS> solve vgate=1

Obtaining static solution:

 V(   gate  ) = 1           


proj           psi     n     psi     n  
direct          x      x     rhs    rhs 
   i    j  m  -5.00* -6.00* -26.0* -20.0*
-----------------------------------------
   1       N  -1.011 -0.789 -19.80 -2.082
   2       N  -2.777 -2.352 -23.02 -5.219
   3       N  -5.95* -5.335 -28.3* -11.48

Electrode       Va(V)        In(A)       Ic(A)       It(A)
=============================================================
gate           1.000e+000  0.000e+000  0.000e+000  0.000e+000
source         0.000e+000 -3.565e-007 -3.565e-007 -3.565e-007
drain          7.000e-001  3.565e-007  3.565e-007  3.565e-007
Total                                              2.065e-021

Time for bias point:   3.32 sec. 
Total time:            9.34 min. 
  
ATLAS> solve vgate=1.05

Obtaining static solution:

 V(   gate  ) = 1.05        


proj           psi     n     psi     n  
direct          x      x     rhs    rhs 
   i    j  m  -5.00* -6.00* -26.0* -20.0*
-----------------------------------------
   1       N  -1.062 -0.837 -19.67 -2.054
   2       N  -2.891 -2.417 -22.73 -5.220
   3       N  -6.18* -5.443 -28.3* -11.55

Electrode       Va(V)        In(A)       Ic(A)       It(A)
=============================================================
gate           1.050e+000  0.000e+000  0.000e+000  0.000e+000
source         0.000e+000 -4.057e-007 -4.057e-007 -4.057e-007
drain          7.000e-001  4.057e-007  4.057e-007  4.057e-007
Total                                             -3.018e-021

Time for bias point:   3.47 sec. 
Total time:            9.44 min. 
  
ATLAS> solve vgate=1.1

Obtaining static solution:

 V(   gate  ) = 1.1         


proj           psi     n     psi     n  
direct          x      x     rhs    rhs 
   i    j  m  -5.00* -6.00* -26.0* -20.0*
-----------------------------------------
   1       N  -1.088 -0.881 -19.49 -2.035
   2       N  -2.973 -2.484 -22.61 -5.225
   3       N  -6.32* -5.556 -28.2* -11.62

Electrode       Va(V)        In(A)       Ic(A)       It(A)
=============================================================
gate           1.100e+000  0.000e+000  0.000e+000  0.000e+000
source         0.000e+000 -4.580e-007 -4.580e-007 -4.580e-007
drain          7.000e-001  4.580e-007  4.580e-007  4.580e-007
Total                                             -4.394e-021

Time for bias point:   2.83 sec. 
Total time:            9.53 min. 
  
ATLAS> solve vgate=1.15

Obtaining static solution:

 V(   gate  ) = 1.15        


proj           psi     n     psi     n  
direct          x      x     rhs    rhs 
   i    j  m  -5.00* -6.00* -26.0* -20.0*
-----------------------------------------
   1       N  -1.111 -0.921 -19.41 -2.007
   2       N  -3.019 -2.547 -22.66 -5.227
   3       N  -6.42* -5.667 -28.1* -11.68

Electrode       Va(V)        In(A)       Ic(A)       It(A)
=============================================================
gate           1.150e+000  0.000e+000  0.000e+000  0.000e+000
source         0.000e+000 -5.131e-007 -5.131e-007 -5.131e-007
drain          7.000e-001  5.131e-007  5.131e-007  5.131e-007
Total                                             -1.355e-020

Time for bias point:   2.85 sec. 
Total time:            9.63 min. 
  
ATLAS> solve vgate=1.2

Obtaining static solution:

 V(   gate  ) = 1.2         


proj           psi     n     psi     n  
direct          x      x     rhs    rhs 
   i    j  m  -5.00* -6.00* -26.0* -20.0*
-----------------------------------------
   1       N  -1.156 -0.959 -19.40 -1.982
   2       N  -3.099 -2.601 -22.83 -5.234
   3       N  -6.62* -5.761 -28.2* -11.75

Electrode       Va(V)        In(A)       Ic(A)       It(A)
=============================================================
gate           1.200e+000  0.000e+000  0.000e+000  0.000e+000
source         0.000e+000 -5.708e-007 -5.708e-007 -5.708e-007
drain          7.000e-001  5.708e-007  5.708e-007  5.708e-007
Total                                             -8.894e-021

Time for bias point:   3.07 sec. 
Total time:            9.73 min. 
  
ATLAS> solve vgate=1.25

Obtaining static solution:

 V(   gate  ) = 1.25        


proj           psi     n     psi     n  
direct          x      x     rhs    rhs 
   i    j  m  -5.00* -6.00* -26.0* -20.0*
-----------------------------------------
   1       N  -1.215 -0.994 -19.45 -1.961
   2       N  -3.224 -2.652 -23.08 -5.245
   3       N  -6.68* -5.852 -28.3* -11.82

Electrode       Va(V)        In(A)       Ic(A)       It(A)
=============================================================
gate           1.250e+000  0.000e+000  0.000e+000  0.000e+000
source         0.000e+000 -6.308e-007 -6.308e-007 -6.308e-007
drain          7.000e-001  6.308e-007  6.308e-007  6.308e-007
Total                                             -3.727e-020

Time for bias point:   3.36 sec. 
Total time:            9.84 min. 
  
ATLAS> solve vgate=1.3

Obtaining static solution:

 V(   gate  ) = 1.3         


proj           psi     n     psi     n  
direct          x      x     rhs    rhs 
   i    j  m  -5.00* -6.00* -26.0* -20.0*
-----------------------------------------
   1       N  -1.282 -1.028 -19.54 -1.943
   2       N  -3.384 -2.702 -23.39 -5.259
   3       N  -6.74* -5.941 -28.3* -11.90

Electrode       Va(V)        In(A)       Ic(A)       It(A)
=============================================================
gate           1.300e+000  0.000e+000  0.000e+000  0.000e+000
source         0.000e+000 -6.928e-007 -6.928e-007 -6.928e-007
drain          7.000e-001  6.928e-007  6.928e-007  6.928e-007
Total                                             -3.282e-021

Time for bias point:   3.62 sec. 
Total time:            9.95 min. 
  
ATLAS> solve vgate=1.35

Obtaining static solution:

 V(   gate  ) = 1.35        


proj           psi     n     psi     n  
direct          x      x     rhs    rhs 
   i    j  m  -5.00* -6.00* -26.0* -20.0*
-----------------------------------------
   1       N  -1.354 -1.059 -19.65 -1.927
   2       N  -3.499 -2.750 -23.72 -5.274
   3       N  -6.80* -6.03* -28.2* -11.97

Electrode       Va(V)        In(A)       Ic(A)       It(A)
=============================================================
gate           1.350e+000  0.000e+000  0.000e+000  0.000e+000
source         0.000e+000 -7.565e-007 -7.565e-007 -7.565e-007
drain          7.000e-001  7.565e-007  7.565e-007  7.565e-007
Total                                             -3.282e-021

Time for bias point:   2.79 sec. 
Total time:           10.04 min. 
  
ATLAS> solve vgate=1.4

Obtaining static solution:

 V(   gate  ) = 1.4         


proj           psi     n     psi     n  
direct          x      x     rhs    rhs 
   i    j  m  -5.00* -6.00* -26.0* -20.0*
-----------------------------------------
   1       N  -1.396 -1.088 -19.79 -1.912
   2       N  -3.522 -2.795 -23.99 -5.291
   3       N  -6.86* -6.11* -28.2* -12.05

Electrode       Va(V)        In(A)       Ic(A)       It(A)
=============================================================
gate           1.400e+000  0.000e+000  0.000e+000  0.000e+000
source         0.000e+000 -8.216e-007 -8.216e-007 -8.216e-007
drain          7.000e-001  8.216e-007  8.216e-007  8.216e-007
Total                                              1.694e-021

Time for bias point:   3.03 sec. 
Total time:           10.16 min. 
  
ATLAS> solve vgate=1.45

Obtaining static solution:

 V(   gate  ) = 1.45        


proj           psi     n     psi     n  
direct          x      x     rhs    rhs 
   i    j  m  -5.00* -6.00* -26.0* -20.0*
-----------------------------------------
   1       N  -1.441 -1.115 -19.95 -1.899
   2       N  -3.544 -2.839 -24.09 -5.308
   3       N  -6.92* -6.19* -28.2* -12.13

Electrode       Va(V)        In(A)       Ic(A)       It(A)
=============================================================
gate           1.450e+000  0.000e+000  0.000e+000  0.000e+000
source         0.000e+000 -8.879e-007 -8.879e-007 -8.879e-007
drain          7.000e-001  8.879e-007  8.879e-007  8.879e-007
Total                                             -5.823e-021

Time for bias point:   3.37 sec. 
Total time:           10.26 min. 
  
ATLAS> solve vgate=1.5

Obtaining static solution:

 V(   gate  ) = 1.5         


proj           psi     n     psi     n  
direct          x      x     rhs    rhs 
   i    j  m  -5.00* -6.00* -26.0* -20.0*
-----------------------------------------
   1       N  -1.489 -1.141 -20.10 -1.887
   2       N  -3.564 -2.881 -24.19 -5.326
   3       N  -6.97* -6.27* -28.2* -12.21

Electrode       Va(V)        In(A)       Ic(A)       It(A)
=============================================================
gate           1.500e+000  0.000e+000  0.000e+000  0.000e+000
source         0.000e+000 -9.553e-007 -9.553e-007 -9.553e-007
drain          7.000e-001  9.553e-007  9.553e-007  9.553e-007
Total                                              1.334e-020

Time for bias point:   3.47 sec. 
Total time:           10.37 min. 
  
ATLAS> solve vgate=1.55

Obtaining static solution:

 V(   gate  ) = 1.55        


proj           psi     n     psi     n  
direct          x      x     rhs    rhs 
   i    j  m  -5.00* -6.00* -26.0* -20.0*
-----------------------------------------
   1       N  -1.540 -1.166 -20.27 -1.877
   2       N  -3.584 -2.921 -24.28 -5.345
   3       N  -7.03* -6.34* -28.1* -12.29

Electrode       Va(V)        In(A)       Ic(A)       It(A)
=============================================================
gate           1.550e+000  0.000e+000  0.000e+000  0.000e+000
source         0.000e+000 -1.024e-006 -1.024e-006 -1.024e-006
drain          7.000e-001  1.024e-006  1.024e-006  1.024e-006
Total                                             -2.562e-020

Time for bias point:   3.48 sec. 
Total time:           10.48 min. 
  
ATLAS> solve vgate=1.6

Obtaining static solution:

 V(   gate  ) = 1.6         


proj           psi     n     psi     n  
direct          x      x     rhs    rhs 
   i    j  m  -5.00* -6.00* -26.0* -20.0*
-----------------------------------------
   1       N  -1.593 -1.190 -20.43 -1.867
   2       N  -3.603 -2.960 -24.37 -5.363
   3       N  -7.08* -6.41* -28.2* -12.35

Electrode       Va(V)        In(A)       Ic(A)       It(A)
=============================================================
gate           1.600e+000  0.000e+000  0.000e+000  0.000e+000
source         0.000e+000 -1.093e-006 -1.093e-006 -1.093e-006
drain          7.000e-001  1.093e-006  1.093e-006  1.093e-006
Total                                              2.689e-020

Time for bias point:   3.04 sec. 
Total time:           10.58 min. 
  
ATLAS> solve vgate=1.65

Obtaining static solution:

 V(   gate  ) = 1.65        


proj           psi     n     psi     n  
direct          x      x     rhs    rhs 
   i    j  m  -5.00* -6.00* -26.0* -20.0*
-----------------------------------------
   1       N  -1.647 -1.212 -20.58 -1.858
   2       N  -3.621 -2.997 -24.45 -5.381
   3       N  -7.13* -6.48* -28.2* -12.43

Electrode       Va(V)        In(A)       Ic(A)       It(A)
=============================================================
gate           1.650e+000  0.000e+000  0.000e+000  0.000e+000
source         0.000e+000 -1.162e-006 -1.162e-006 -1.162e-006
drain          7.000e-001  1.162e-006  1.162e-006  1.162e-006
Total                                             -2.118e-022

Time for bias point:   3.33 sec. 
Total time:           10.67 min. 
  
ATLAS> solve vgate=1.7

Obtaining static solution:

 V(   gate  ) = 1.7         


proj           psi     n     psi     n  
direct          x      x     rhs    rhs 
   i    j  m  -5.00* -6.00* -26.0* -20.0*
-----------------------------------------
   1       N  -1.701 -1.233 -20.73 -1.849
   2       N  -3.639 -3.032 -24.54 -5.399
   3       N  -7.18* -6.55* -28.0* -12.49

Electrode       Va(V)        In(A)       Ic(A)       It(A)
=============================================================
gate           1.700e+000  0.000e+000  0.000e+000  0.000e+000
source         0.000e+000 -1.233e-006 -1.233e-006 -1.233e-006
drain          7.000e-001  1.233e-006  1.233e-006  1.233e-006
Total                                             -2.372e-020

Time for bias point:   3.35 sec. 
Total time:           10.78 min. 
  
ATLAS> solve vgate=1.75

Obtaining static solution:

 V(   gate  ) = 1.75        


proj           psi     n     psi     n  
direct          x      x     rhs    rhs 
   i    j  m  -5.00* -6.00* -26.0* -20.0*
-----------------------------------------
   1       N  -1.755 -1.253 -20.88 -1.841
   2       N  -3.655 -3.066 -24.62 -5.416
   3       N  -7.22* -6.61* -28.2* -12.58

Electrode       Va(V)        In(A)       Ic(A)       It(A)
=============================================================
gate           1.750e+000  0.000e+000  0.000e+000  0.000e+000
source         0.000e+000 -1.303e-006 -1.303e-006 -1.303e-006
drain          7.000e-001  1.303e-006  1.303e-006  1.303e-006
Total                                              7.412e-021

Time for bias point:   3.52 sec. 
Total time:           10.89 min. 
  
ATLAS> solve vgate=1.8

Obtaining static solution:

 V(   gate  ) = 1.8         


proj           psi     n     psi     n  
direct          x      x     rhs    rhs 
   i    j  m  -5.00* -6.00* -26.0* -20.0*
-----------------------------------------
   1       N  -1.807 -1.273 -21.01 -1.833
   2       N  -3.671 -3.099 -24.69 -5.433
   3       N  -7.26* -6.67* -28.2* -12.64

Electrode       Va(V)        In(A)       Ic(A)       It(A)
=============================================================
gate           1.800e+000  0.000e+000  0.000e+000  0.000e+000
source         0.000e+000 -1.375e-006 -1.375e-006 -1.375e-006
drain          7.000e-001  1.375e-006  1.375e-006  1.375e-006
Total                                             -1.969e-020

Time for bias point:   3.41 sec. 
Total time:           10.99 min. 
  
ATLAS> solve vgate=1.85

Obtaining static solution:

 V(   gate  ) = 1.85        


proj           psi     n     psi     n  
direct          x      x     rhs    rhs 
   i    j  m  -5.00* -6.00* -26.0* -20.0*
-----------------------------------------
   1       N  -1.858 -1.292 -21.07 -1.826
   2       N  -3.687 -3.131 -24.76 -5.450
   3       N  -7.31* -6.73* -28.1* -12.67

Electrode       Va(V)        In(A)       Ic(A)       It(A)
=============================================================
gate           1.850e+000  0.000e+000  0.000e+000  0.000e+000
source         0.000e+000 -1.446e-006 -1.446e-006 -1.446e-006
drain          7.000e-001  1.446e-006  1.446e-006  1.446e-006
Total                                             -1.059e-020

Time for bias point:   3.03 sec. 
Total time:           11.09 min. 
  
ATLAS> solve vgate=1.9

Obtaining static solution:

 V(   gate  ) = 1.9         


proj           psi     n     psi     n  
direct          x      x     rhs    rhs 
   i    j  m  -5.00* -6.00* -26.0* -20.0*
-----------------------------------------
   1       N  -1.907 -1.309 -21.12 -1.819
   2       N  -3.701 -3.161 -24.84 -5.466
   3       N  -7.35* -6.79* -28.1* -12.74

Electrode       Va(V)        In(A)       Ic(A)       It(A)
=============================================================
gate           1.900e+000  0.000e+000  0.000e+000  0.000e+000
source         0.000e+000 -1.518e-006 -1.518e-006 -1.518e-006
drain          7.000e-001  1.518e-006  1.518e-006  1.518e-006
Total                                             -3.176e-021

Time for bias point:   2.63 sec. 
Total time:           11.17 min. 
  
ATLAS> solve vgate=1.95

Obtaining static solution:

 V(   gate  ) = 1.95        


proj           psi     n     psi     n  
direct          x      x     rhs    rhs 
   i    j  m  -5.00* -6.00* -26.0* -20.0*
-----------------------------------------
   1       N  -1.956 -1.327 -21.17 -1.813
   2       N  -3.715 -3.191 -24.90 -5.482
   3       N  -7.39* -6.85* -28.1* -12.82

Electrode       Va(V)        In(A)       Ic(A)       It(A)
=============================================================
gate           1.950e+000  0.000e+000  0.000e+000  0.000e+000
source         0.000e+000 -1.590e-006 -1.590e-006 -1.590e-006
drain          7.000e-001  1.590e-006  1.590e-006  1.590e-006
Total                                             -6.565e-021

Time for bias point:   3.32 sec. 
Total time:           11.28 min. 
  
ATLAS> solve vgate=2

Obtaining static solution:

 V(   gate  ) = 2           


proj           psi     n     psi     n  
direct          x      x     rhs    rhs 
   i    j  m  -5.00* -6.00* -26.0* -20.0*
-----------------------------------------
   1       N  -2.002 -1.343 -21.21 -1.806
   2       N  -3.729 -3.219 -24.97 -5.498
   3       N  -7.43* -6.90* -28.1* -12.88

Electrode       Va(V)        In(A)       Ic(A)       It(A)
=============================================================
gate           2.000e+000  0.000e+000  0.000e+000  0.000e+000
source         0.000e+000 -1.663e-006 -1.663e-006 -1.663e-006
drain          7.000e-001  1.663e-006  1.663e-006  1.663e-006
Total                                              2.012e-020

Time for bias point:   3.37 sec. 
Total time:           11.40 min. 
  
ATLAS> solve vgate=2.05

Obtaining static solution:

 V(   gate  ) = 2.05        


proj           psi     n     psi     n  
direct          x      x     rhs    rhs 
   i    j  m  -5.00* -6.00* -26.0* -20.0*
-----------------------------------------
   1       N  -2.047 -1.359 -21.26 -1.800
   2       N  -3.742 -3.247 -25.04 -5.513
   3       N  -7.46* -6.95* -28.1* -12.91

Electrode       Va(V)        In(A)       Ic(A)       It(A)
=============================================================
gate           2.050e+000  0.000e+000  0.000e+000  0.000e+000
source         0.000e+000 -1.736e-006 -1.736e-006 -1.736e-006
drain          7.000e-001  1.736e-006  1.736e-006  1.736e-006
Total                                              1.271e-021

Time for bias point:   3.38 sec. 
Total time:           11.51 min. 
  
ATLAS> solve vgate=2.1

Obtaining static solution:

 V(   gate  ) = 2.1         


proj           psi     n     psi     n  
direct          x      x     rhs    rhs 
   i    j  m  -5.00* -6.00* -26.0* -20.0*
-----------------------------------------
   1       N  -2.090 -1.375 -21.30 -1.795
   2       N  -3.755 -3.273 -25.10 -5.527
   3       N  -7.50* -7.00* -28.0* -12.98

Electrode       Va(V)        In(A)       Ic(A)       It(A)
=============================================================
gate           2.100e+000  0.000e+000  0.000e+000  0.000e+000
source         0.000e+000 -1.809e-006 -1.809e-006 -1.809e-006
drain          7.000e-001  1.809e-006  1.809e-006  1.809e-006
Total                                              1.969e-020

Time for bias point:   3.09 sec. 
Total time:           11.61 min. 
  
ATLAS> solve vgate=2.15

Obtaining static solution:

 V(   gate  ) = 2.15        


proj           psi     n     psi     n  
direct          x      x     rhs    rhs 
   i    j  m  -5.00* -6.00* -26.0* -20.0*
-----------------------------------------
   1       N  -2.132 -1.389 -21.34 -1.789
   2       N  -3.767 -3.299 -25.16 -5.541
   3       N  -7.53* -7.05* -28.1* -13.04

Electrode       Va(V)        In(A)       Ic(A)       It(A)
=============================================================
gate           2.150e+000  0.000e+000  0.000e+000  0.000e+000
source         0.000e+000 -1.882e-006 -1.882e-006 -1.882e-006
drain          7.000e-001  1.882e-006  1.882e-006  1.882e-006
Total                                             -3.028e-020

Time for bias point:   3.50 sec. 
Total time:           11.73 min. 
  
ATLAS> solve vgate=2.2

Obtaining static solution:

 V(   gate  ) = 2.2         


proj           psi     n     psi     n  
direct          x      x     rhs    rhs 
   i    j  m  -5.00* -6.00* -26.0* -20.0*
-----------------------------------------
   1       N  -2.172 -1.403 -21.38 -1.784
   2       N  -3.776 -3.322 -25.22 -5.555
   3       N  -7.56* -7.09* -28.0* -13.00

Electrode       Va(V)        In(A)       Ic(A)       It(A)
=============================================================
gate           2.200e+000  0.000e+000  0.000e+000  0.000e+000
source         0.000e+000 -1.955e-006 -1.955e-006 -1.955e-006
drain          7.000e-001  1.955e-006  1.955e-006  1.955e-006
Total                                              1.186e-020

Time for bias point:   3.41 sec. 
Total time:           11.84 min. 
  
ATLAS> solve vgate=2.25

Obtaining static solution:

 V(   gate  ) = 2.25        


proj           psi     n     psi     n  
direct          x      x     rhs    rhs 
   i    j  m  -5.00* -6.00* -26.0* -20.0*
-----------------------------------------
   1       N  -2.211 -1.416 -21.42 -1.780
   2       N  -3.785 -3.345 -25.28 -5.571
   3       N  -7.59* -7.14* -28.0* -13.16

Electrode       Va(V)        In(A)       Ic(A)       It(A)
=============================================================
gate           2.250e+000  0.000e+000  0.000e+000  0.000e+000
source         0.000e+000 -2.029e-006 -2.029e-006 -2.029e-006
drain          7.000e-001  2.029e-006  2.029e-006  2.029e-006
Total                                             -2.202e-020

Time for bias point:   3.59 sec. 
Total time:           11.95 min. 
  
ATLAS> solve vgate=2.3

Obtaining static solution:

 V(   gate  ) = 2.3         


proj           psi     n     psi     n  
direct          x      x     rhs    rhs 
   i    j  m  -5.00* -6.00* -26.0* -20.0*
-----------------------------------------
   1       N  -2.249 -1.430 -21.46 -1.777
   2       N  -3.796 -3.369 -25.34 -5.589
   3       N  -7.62* -7.18* -28.1* -13.19

Electrode       Va(V)        In(A)       Ic(A)       It(A)
=============================================================
gate           2.300e+000  0.000e+000  0.000e+000  0.000e+000
source         0.000e+000 -2.102e-006 -2.102e-006 -2.102e-006
drain          7.000e-001  2.102e-006  2.102e-006  2.102e-006
Total                                              1.101e-020

Time for bias point:   3.39 sec. 
Total time:           12.06 min. 
  
ATLAS> solve vgate=2.35

Obtaining static solution:

 V(   gate  ) = 2.35        


proj           psi     n     psi     n  
direct          x      x     rhs    rhs 
   i    j  m  -5.00* -6.00* -26.0* -20.0*
-----------------------------------------
   1       N  -2.285 -1.443 -21.50 -1.775
   2       N  -3.807 -3.391 -25.40 -5.607
   3       N  -7.65* -7.22* -28.0* -13.31

Electrode       Va(V)        In(A)       Ic(A)       It(A)
=============================================================
gate           2.350e+000  0.000e+000  0.000e+000  0.000e+000
source         0.000e+000 -2.176e-006 -2.176e-006 -2.176e-006
drain          7.000e-001  2.176e-006  2.176e-006  2.176e-006
Total                                              2.329e-020

Time for bias point:   3.15 sec. 
Total time:           12.16 min. 
  
ATLAS> solve vgate=2.4

Obtaining static solution:

 V(   gate  ) = 2.4         


proj           psi     n     psi     n  
direct          x      x     rhs    rhs 
   i    j  m  -5.00* -6.00* -26.0* -20.0*
-----------------------------------------
   1       N  -2.320 -1.456 -21.54 -1.773
   2       N  -3.817 -3.414 -25.45 -5.624
   3       N  -7.68* -7.27* -28.0* -13.16

Electrode       Va(V)        In(A)       Ic(A)       It(A)
=============================================================
gate           2.400e+000  0.000e+000  0.000e+000  0.000e+000
source         0.000e+000 -2.250e-006 -2.250e-006 -2.250e-006
drain          7.000e-001  2.250e-006  2.250e-006  2.250e-006
Total                                             -2.965e-021

Time for bias point:   2.51 sec. 
Total time:           12.24 min. 
  
ATLAS> solve vgate=2.45

Obtaining static solution:

 V(   gate  ) = 2.45        


proj           psi     n     psi     n  
direct          x      x     rhs    rhs 
   i    j  m  -5.00* -6.00* -26.0* -20.0*
-----------------------------------------
   1       N  -2.353 -1.468 -21.58 -1.771
   2       N  -3.827 -3.435 -25.51 -5.641
   3       N  -7.71* -7.31* -28.0* -13.34

Electrode       Va(V)        In(A)       Ic(A)       It(A)
=============================================================
gate           2.450e+000  0.000e+000  0.000e+000  0.000e+000
source         0.000e+000 -2.324e-006 -2.324e-006 -2.324e-006
drain          7.000e-001  2.324e-006  2.324e-006  2.324e-006
Total                                              1.440e-020

Time for bias point:   3.58 sec. 
Total time:           12.34 min. 
  
ATLAS> solve vgate=2.5

Obtaining static solution:

 V(   gate  ) = 2.5         


proj           psi     n     psi     n  
direct          x      x     rhs    rhs 
   i    j  m  -5.00* -6.00* -26.0* -20.0*
-----------------------------------------
   1       N  -2.386 -1.480 -21.61 -1.769
   2       N  -3.837 -3.456 -25.56 -5.657
   3       N  -7.74* -7.35* -28.0* -13.21

Electrode       Va(V)        In(A)       Ic(A)       It(A)
=============================================================
gate           2.500e+000  0.000e+000  0.000e+000  0.000e+000
source         0.000e+000 -2.399e-006 -2.399e-006 -2.399e-006
drain          7.000e-001  2.399e-006  2.399e-006  2.399e-006
Total                                              3.812e-021

Time for bias point:   2.91 sec. 
Total time:           12.44 min. 
  
ATLAS> solve vgate=2.55

Obtaining static solution:

 V(   gate  ) = 2.55        


proj           psi     n     psi     n  
direct          x      x     rhs    rhs 
   i    j  m  -5.00* -6.00* -26.0* -20.0*
-----------------------------------------
   1       N  -2.417 -1.492 -21.65 -1.767
   2       N  -3.846 -3.476 -25.62 -5.673
   3       N  -7.76* -7.38* -28.0* -13.25

Electrode       Va(V)        In(A)       Ic(A)       It(A)
=============================================================
gate           2.550e+000  0.000e+000  0.000e+000  0.000e+000
source         0.000e+000 -2.473e-006 -2.473e-006 -2.473e-006
drain          7.000e-001  2.473e-006  2.473e-006  2.473e-006
Total                                             -2.711e-020

Time for bias point:   3.53 sec. 
Total time:           12.55 min. 
  
ATLAS> solve vgate=2.6

Obtaining static solution:

 V(   gate  ) = 2.6         


proj           psi     n     psi     n  
direct          x      x     rhs    rhs 
   i    j  m  -5.00* -6.00* -26.0* -20.0*
-----------------------------------------
   1       N  -2.448 -1.504 -21.68 -1.764
   2       N  -3.855 -3.496 -25.67 -5.688
   3       N  -7.79* -7.42* -28.0* -13.35

Electrode       Va(V)        In(A)       Ic(A)       It(A)
=============================================================
gate           2.600e+000  0.000e+000  0.000e+000  0.000e+000
source         0.000e+000 -2.547e-006 -2.547e-006 -2.547e-006
drain          7.000e-001  2.547e-006  2.547e-006  2.547e-006
Total                                              0.000e+000

Time for bias point:   3.24 sec. 
Total time:           12.66 min. 
  
ATLAS> solve vgate=2.65

Obtaining static solution:

 V(   gate  ) = 2.65        


proj           psi     n     psi     n  
direct          x      x     rhs    rhs 
   i    j  m  -5.00* -6.00* -26.0* -20.0*
-----------------------------------------
   1       N  -2.477 -1.515 -21.72 -1.762
   2       N  -3.864 -3.516 -25.72 -5.703
   3       N  -7.81* -7.46* -28.0* -13.13

Electrode       Va(V)        In(A)       Ic(A)       It(A)
=============================================================
gate           2.650e+000  0.000e+000  0.000e+000  0.000e+000
source         0.000e+000 -2.622e-006 -2.622e-006 -2.622e-006
drain          7.000e-001  2.622e-006  2.622e-006  2.622e-006
Total                                             -9.317e-021

Time for bias point:   2.81 sec. 
Total time:           12.75 min. 
  
ATLAS> solve vgate=2.7

Obtaining static solution:

 V(   gate  ) = 2.7         


proj           psi     n     psi     n  
direct          x      x     rhs    rhs 
   i    j  m  -5.00* -6.00* -26.0* -20.0*
-----------------------------------------
   1       N  -2.506 -1.526 -21.75 -1.760
   2       N  -3.872 -3.534 -25.77 -5.717

Electrode       Va(V)        In(A)       Ic(A)       It(A)
=============================================================
gate           2.700e+000  0.000e+000  0.000e+000  0.000e+000
source         0.000e+000 -2.697e-006 -2.697e-006 -2.697e-006
drain          7.000e-001  2.697e-006  2.697e-006  2.697e-006
Total                                              1.006e-017

Time for bias point:   2.56 sec. 
Total time:           12.85 min. 
  
ATLAS> solve vgate=2.75

Obtaining static solution:

 V(   gate  ) = 2.75        


proj           psi     n     psi     n  
direct          x      x     rhs    rhs 
   i    j  m  -5.00* -6.00* -26.0* -20.0*
-----------------------------------------
   1       N  -2.533 -1.536 -21.78 -1.758
   2       N  -3.880 -3.553 -25.82 -5.731

Electrode       Va(V)        In(A)       Ic(A)       It(A)
=============================================================
gate           2.750e+000  0.000e+000  0.000e+000  0.000e+000
source         0.000e+000 -2.771e-006 -2.771e-006 -2.771e-006
drain          7.000e-001  2.771e-006  2.771e-006  2.771e-006
Total                                              8.470e-022

Time for bias point:   2.47 sec. 
Total time:           12.94 min. 
  
ATLAS> solve vgate=2.8

Obtaining static solution:

 V(   gate  ) = 2.8         


proj           psi     n     psi     n  
direct          x      x     rhs    rhs 
   i    j  m  -5.00* -6.00* -26.0* -20.0*
-----------------------------------------
   1       N  -2.560 -1.547 -21.81 -1.756
   2       N  -3.888 -3.571 -25.86 -5.745

Electrode       Va(V)        In(A)       Ic(A)       It(A)
=============================================================
gate           2.800e+000  0.000e+000  0.000e+000  0.000e+000
source         0.000e+000 -2.846e-006 -2.846e-006 -2.846e-006
drain          7.000e-001  2.846e-006  2.846e-006  2.846e-006
Total                                             -5.113e-018

Time for bias point:   2.58 sec. 
Total time:           13.03 min. 
  
ATLAS> solve vgate=2.85

Obtaining static solution:

 V(   gate  ) = 2.85        


proj           psi     n     psi     n  
direct          x      x     rhs    rhs 
   i    j  m  -5.00* -6.00* -26.0* -20.0*
-----------------------------------------
   1       N  -2.586 -1.557 -21.85 -1.754
   2       N  -3.896 -3.588 -25.91 -5.758

Electrode       Va(V)        In(A)       Ic(A)       It(A)
=============================================================
gate           2.850e+000  0.000e+000  0.000e+000  0.000e+000
source         0.000e+000 -2.921e-006 -2.921e-006 -2.921e-006
drain          7.000e-001  2.921e-006  2.921e-006  2.921e-006
Total                                             -1.840e-018

Time for bias point:   2.33 sec. 
Total time:           13.12 min. 
  
ATLAS> solve vgate=2.9

Obtaining static solution:

 V(   gate  ) = 2.9         


proj           psi     n     psi     n  
direct          x      x     rhs    rhs 
   i    j  m  -5.00* -6.00* -26.0* -20.0*
-----------------------------------------
   1       N  -2.611 -1.567 -21.88 -1.752
   2       N  -3.903 -3.605 -25.95 -5.771

Electrode       Va(V)        In(A)       Ic(A)       It(A)
=============================================================
gate           2.900e+000  0.000e+000  0.000e+000  0.000e+000
source         0.000e+000 -2.996e-006 -2.996e-006 -2.996e-006
drain          7.000e-001  2.996e-006  2.996e-006  2.996e-006
Total                                             -4.189e-018

Time for bias point:   2.37 sec. 
Total time:           13.21 min. 
  
ATLAS> solve vgate=2.95

Obtaining static solution:

 V(   gate  ) = 2.95        


proj           psi     n     psi     n  
direct          x      x     rhs    rhs 
   i    j  m  -5.00* -6.00* -26.0* -20.0*
-----------------------------------------
   1       N  -2.635 -1.576 -21.91 -1.750
   2       N  -3.911 -3.622 -26.00 -5.783

Electrode       Va(V)        In(A)       Ic(A)       It(A)
=============================================================
gate           2.950e+000  0.000e+000  0.000e+000  0.000e+000
source         0.000e+000 -3.071e-006 -3.071e-006 -3.071e-006
drain          7.000e-001  3.071e-006  3.071e-006  3.071e-006
Total                                             -4.984e-018

Time for bias point:   2.11 sec. 
Total time:           13.29 min. 
  
ATLAS> solve vgate=3

Obtaining static solution:

 V(   gate  ) = 3           


proj           psi     n     psi     n  
direct          x      x     rhs    rhs 
   i    j  m  -5.00* -6.00* -26.0* -20.0*
-----------------------------------------
   1       N  -2.658 -1.586 -21.93 -1.748
   2       N  -3.918 -3.638 -26.0* -5.795

Electrode       Va(V)        In(A)       Ic(A)       It(A)
=============================================================
gate           3.000e+000  0.000e+000  0.000e+000  0.000e+000
source         0.000e+000 -3.146e-006 -3.146e-006 -3.146e-006
drain          7.000e-001  3.146e-006  3.146e-006  3.146e-006
Total                                             -1.016e-017

Time for bias point:   2.32 sec. 
Total time:           13.37 min. 
  
ATLAS> log off
ATLAS> save outf=final.str

MASTER format file written to final.str at Sat Sep 12 21:54:32 2026

ATLAS> EXTRACT> init infile="transfer.log"
EXTRACT> extract name="idvg" curve(v."gate",i."drain") outfile="idvg.dat"
EXTRACT> extract name="isvg" curve(v."gate",i."source") outfile="isvg.dat"
EXTRACT> extract name="igvg" curve(v."gate",i."gate") outfile="igvg.dat"
EXTRACT> extract name="vdvg" curve(v."gate",v."drain") outfile="vdvg.dat"
EXTRACT> extract name="vsvg" curve(v."gate",v."source") outfile="vsvg.dat"
EXTRACT> extract name="mobility_vg" curve(v."gate",probe."channel_mobility") outfile="mobility_vg.dat"
EXTRACT> extract name="electrons_vg" curve(v."gate",probe."channel_electrons") outfile="electrons_vg.dat"
EXTRACT> extract name="bulk_free_electrons_vg" curve(v."gate",probe."bulk_free_electrons") outfile="bulk_free_electrons_vg.dat"
EXTRACT> extract name="bulk_ionized_acceptors_vg" curve(v."gate",probe."bulk_ionized_acceptors") outfile="bulk_ionized_acceptors_vg.dat"
EXTRACT> extract name="bulk_ionized_donors_vg" curve(v."gate",probe."bulk_ionized_donors") outfile="bulk_ionized_donors_vg.dat"
EXTRACT> extract name="bulk_front_electrons_vg" curve(v."gate",probe."bulk_front_electrons") outfile="bulk_front_electrons_vg.dat"
EXTRACT> extract name="bulk_back_electrons_vg" curve(v."gate",probe."bulk_back_electrons") outfile="bulk_back_electrons_vg.dat"
EXTRACT> quit
quit

ATLAS version 5.28.1.R finished at Sat Sep 12 21:54:34 2026
