
*** this is deckbuild version 5.0.10.R ***

go atlas


                                   A T L A S

            Version:  atlas 5.28.1.R (Wed Jun  5 11:14:46 PDT 2019)

                           Copyright (c) 1984 - 2019
                        Silvaco Inc. All rights reserved

    We acknowledge the contribution of the following collaborative partners:

                              Stanford University



               ======================================================

                  ATLAS                           : enabled

                  S-PISCES                        : enabled

                  BLAZE                           : enabled

                  GIGA                            : enabled

                  LUMINOUS                        : enabled

                  LED                             : enabled

                  TFT                             : enabled

                  ORGANIC DISPLAY                 : enabled

                  ORGANIC SOLAR                   : enabled

                  MIXEDMODE                       : enabled

                  LASER                           : enabled

                  VCSEL                           : enabled

                  FERRO                           : enabled

                  QUANTUM                         : enabled

                  NOISE                           : enabled

                  REM                             : enabled

                  MAGNETIC                        : enabled

                  DEVICE3D                        : enabled

                  THERMAL3D                       : enabled

                  GIGA3D                          : enabled

                  MIXEDMODE3D                     : enabled

                  TFT3D                           : enabled

                  QUANTUM3D                       : enabled

                  LUMINOUS3D                      : enabled

                  REM3D                           : enabled

                  MAGNETIC3D                      : enabled

                  LED3D                           : enabled

                  LASER3D                         : enabled

                  MIXEDMODE XL                    : enabled

                  S-PISCES BUNDLE                 : not licensed

                  BLAZE BUNDLE                    : not licensed

                  TFT BUNDLE                      : not licensed

                  ORGANIC BUNDLE                  : not licensed

                  DEVICE3D BUNDLE                 : not licensed

                  TFT3D BUNDLE                    : not licensed

               ======================================================

                           Sat Sep 12 15:51:53 2026

                            Executing on host: dell
                     Current SFLM Server: 127.0.0.1:3162/



ATLAS> title IWO 2 nm - independent rebuild - uncalibrated
*********************************************
IWO 2 nm - independent rebuild - uncalibrated
*********************************************
ATLAS> # Units: um. Geometry fixed by the target; electronic parameters are hypotheses.
ATLAS> # n+Si support is screened by ideal TiN and excluded from this electrical domain.
ATLAS> # Physical stack: n+Si / TiN50 / HfO2 15 / Al2O3 2 / IWO / Pd70 nm.
ATLAS> # Air above the exposed channel; no artificial SiO2 overlayer.
ATLAS> # Width-one currents are A/um. Physical device total current is 290 times that.
ATLAS> 
ATLAS> # 1. Direct rectangular mesh; no imported process mesh.
ATLAS> mesh width=2
	####################################################
	######                                        ######
	######           Running on 1 CPU             ######
	######           20 CPUs available            ######
	######                                        ######
	####################################################
ATLAS> x.mesh loc=0 spac=0.5
ATLAS> x.mesh loc=1.8 spac=0.1
ATLAS> x.mesh loc=2 spac=0.05
ATLAS> x.mesh loc=2.2 spac=0.1
ATLAS> x.mesh loc=12 spac=0.5
ATLAS> x.mesh loc=21.8 spac=0.1
ATLAS> x.mesh loc=22 spac=0.05
ATLAS> x.mesh loc=22.2 spac=0.1
ATLAS> x.mesh loc=24 spac=0.5
ATLAS> y.mesh loc=-0.072 spac=0.015
ATLAS> y.mesh loc=-0.022 spac=0.005
ATLAS> y.mesh loc=-0.004 spac=0.001
ATLAS> y.mesh loc=-0.002 spac=0.00025
ATLAS> y.mesh loc=-0.00175 spac=0.00025
ATLAS> y.mesh loc=-0.0015 spac=0.00025
ATLAS> y.mesh loc=-0.00125 spac=0.00025
ATLAS> y.mesh loc=-0.001 spac=0.00025
ATLAS> y.mesh loc=-0.00075 spac=0.00025
ATLAS> y.mesh loc=-0.0005 spac=0.00025
ATLAS> y.mesh loc=-0.00025 spac=0.00025
ATLAS> y.mesh loc=0 spac=0.00025
ATLAS> y.mesh loc=0.0005 spac=0.0005
ATLAS> y.mesh loc=0.001 spac=0.0005
ATLAS> y.mesh loc=0.0015 spac=0.0005
ATLAS> y.mesh loc=0.002 spac=0.0005
ATLAS> y.mesh loc=0.0035 spac=0.0015
ATLAS> y.mesh loc=0.005 spac=0.0015
ATLAS> y.mesh loc=0.0065 spac=0.0015
ATLAS> y.mesh loc=0.008 spac=0.0015
ATLAS> y.mesh loc=0.0095 spac=0.0015
ATLAS> y.mesh loc=0.011 spac=0.0015
ATLAS> y.mesh loc=0.0125 spac=0.0015
ATLAS> y.mesh loc=0.014 spac=0.0015
ATLAS> y.mesh loc=0.0155 spac=0.0015
ATLAS> y.mesh loc=0.017 spac=0.0015
ATLAS> y.mesh loc=0.067 spac=0.01
ATLAS> 
ATLAS> # 2. Active stack and physical metal volumes.
ATLAS> region num=1 material=Air y.min=-0.072 y.max=-0.002
ATLAS> region num=2 user.material=IWO y.min=-0.002 y.max=0
ATLAS> region num=3 material=Al2O3 y.min=0 y.max=0.002
ATLAS> region num=4 material=HfO2 y.min=0.002 y.max=0.017
ATLAS> region num=5 material=Conductor y.min=0.017 y.max=0.067
ATLAS> electrode num=1 name=gate material=Conductor x.min=0 x.max=24 y.min=0.017 y.max=0.067
 
Electrode #1
Name: gate                
 Number of boundary nodes: 1260
 Dimensions in microns: 
       min         max
 x 0.000e+000  2.400e+001 
 y 1.700e-002  6.700e-002 

ATLAS> electrode num=2 name=source material=Palladium x.min=0 x.max=2 y.min=-0.072 y.max=-0.002
 
Electrode #2
Name: source              
 Number of boundary nodes: 176
 Dimensions in microns: 
       min         max
 x 0.000e+000  2.000e+000 
 y -7.200e-002  -2.000e-003 

ATLAS> electrode num=3 name=drain material=Palladium x.min=22 x.max=24 y.min=-0.072 y.max=-0.002
 
Electrode #3
Name: drain               
 Number of boundary nodes: 176
 Dimensions in microns: 
       min         max
 x 2.200e+001  2.400e+001 
 y -7.200e-002  -2.000e-003 

ATLAS> 
ATLAS> # 3. Custom IWO; unlisted inherited constants remain a limitation.
ATLAS> material material=IWO user.group=semiconductor user.default=silicon  eg300=3.05 affinity=4.3 permittivity=9.3  nc300=5e+18 nv300=1e+19  mun=13.3 mup=0.01  taun0=1e-06 taup0=1e-06

Mesh
 Type:               non-cylindrical
 Width:              2
 Total grid points:  5460
 Total triangles  :  10608
 Obtuse triangles :  0  (0 %)
ATLAS> material material=Al2O3 permittivity=9
ATLAS> material material=HfO2 permittivity=19.57
ATLAS> material material=Air permittivity=1
ATLAS> doping uniform n.type conc=2e+17 region=2
  
 Warning: Statement out of order. Structure 
 creation statements (MESH, X.MESH, Y.MESH, REGION,
 ELECTRODE and DOPING) preceed all output, contact,
 material, models or solution control statements.
  
ATLAS> 
ATLAS> # 4. Native electrical boundary conditions.
ATLAS> contact name=gate workfunction=4.765
ATLAS> contact name=source workfunction=4.45 surf.rec
ATLAS> contact name=drain workfunction=4.45 surf.rec
ATLAS> models srh fermi temp=300 print
ATLAS> 
ATLAS> # 5. Native bulk DOS: peak cm^-3/eV; donor center referenced to Ev.
ATLAS> defects region=2 continuous numa=384 numd=192  nta=5.5e+20 wta=0.04 ntd=0 wtd=0.1  nga=0 ega=0.3 wga=0.15  ngd=0 egd=2.85 wgd=0.1  sigtae=1e-15 sigtah=1e-15 sigtde=1e-15 sigtdh=1e-15  siggae=1e-15 siggah=1e-15 siggde=1e-15 siggdh=1e-15  afile=bulk_acceptor.dat dfile=bulk_donor.dat
ATLAS> 
ATLAS> # 7. Numerical controls and independent interior-point diagnostics.
ATLAS> method newton carriers=1 electrons trap maxtrap=10 itlimit=60 climit=1e-6 cr.toler=1e-20 ir.tol=1e-20 cx.toler=1e-6

Continuous trap energy used for DEFECTS statement 1


CONSTANTS:
 Boltzmann's constant  = 1.38066e-023 J/K
 Elementary charge     = 1.60219e-019 C
 Permitivity in vacuum = 8.85419e-014 F/cm
 Temperature           = 300 K
 Thermal voltage       = 0.025852 V

REGIONAL MATERIAL PARAMETERS:
 Region       :        1         2         3         4         5         6         7         8   
 Material     :        Air       IWO     Al2O3      HfO2 Conductor Conductor Palladium Palladium 
 Type         :    insulator semicond. insulator insulator   metal     metal     metal     metal  

 Average Composition Fraction 
 X-composition:         0         0         0         0         0         0         0         0 
 Y-composition:         0         0         0         0         0         0         0         0 

 Band Parameters
 Epsilon      :         1       9.3         9      19.6                                         
 Eg (eV)      :         9      3.05         9       5.7                                         
 Chi (eV)     :       0.9       4.3       0.9         0                                         
 Nc (per cc)  :              5e+018                                                             
 Nv (per cc)  :              1e+019                                                             
 ni (per cc)  :            1.7e-007                                                             

 Bandgap narrowing parameters 
 bgn.e (eV)   :               0.009                                                             
 bgn.n (/cc)  :              1e+017                                                             
 bgn.c        :                 0.5                                                             
 ubgn.b       :            3.1e+012                                                             
 ubgn.c       :            3.9e-005                                                             
 bgn.shnk.me  :               0.321                                                             
 bgn.shnk.mh  :               0.346                                                             
 bgn.shnk.eps :                11.7                                                             
 bgn.shnk.ge  :                  12                                                             
 bgn.shnk.gh  :                   4                                                             
 bgn.lind.anc :             0.00974                                                             
 bgn.lind.bnc :             0.00139                                                             
 bgn.lind.anv :              0.0127                                                             
 bgn.lind.bnv :              0.0014                                                             
 bgn.lind.apc :              0.0114                                                             
 bgn.lind.bpc :             0.00205                                                             
 bgn.lind.apv :              0.0111                                                             
 bgn.lind.bpv :             0.00206                                                             
 bgn.lind.cpv :                   0                                                             
 bgn.lind.nd  :              1e+018                                                             
 bgn.lind.na  :              1e+018                                                             

 Effective Richardson Constants
 An*          :                 110                                                             
 Ap*          :                  30                                                             

 Recombination Parameters
 taun0        :              1e-006                                                             
 taup0        :              1e-006                                                             
 etrap        :                   0                                                             
 lt.taun      :                   0                                                             
 lt.taup      :                   0                                                             
 nsrhn        :              5e+016                                                             
 nsrhp        :              5e+016                                                             
 ksrhtn       :              0.0025                                                             
 ksrhtp       :              0.0025                                                             
 ksrhcn       :              3e-013                                                             
 ksrhcp       :           1.18e-012                                                             
 ksrhgn       :                1.77                                                             
 ksrhgp       :                0.57                                                             
 nsrhn        :              5e+016                                                             
 nsrhp        :              5e+016                                                             
 augn         :            2.8e-031                                                             
 augp         :            9.9e-032                                                             
 augkn        :                   0                                                             
 augkp        :                   0                                                             
 kaugcn       :           1.83e-031                                                             
 kaugcp       :           2.78e-031                                                             
 kaugdn       :                1.18                                                             
 kaugdp       :                0.72                                                             
 aug.cnl      :            2.2e-031                                                             
 aug.cpl      :            9.2e-032                                                             
 aug.chi      :           1.66e-030                                                             
 hns.ae       :            6.7e-032                                                             
 hns.ah       :            7.2e-032                                                             
 hns.be       :           2.45e-031                                                             
 hns.bh       :            4.5e-033                                                             
 hns.ce       :           -2.2e-032                                                             
 hns.ch       :           2.63e-032                                                             
 hns.he       :                3.47                                                             
 hns.hh       :                8.26                                                             
 hns.n0e      :              1e+018                                                             
 hns.p0e      :              1e+018                                                             
 copt         :                   0                                                             

 Band-to-band tunneling Parameters
 mass.tunnel  :                0.25                                                             
 me.tunnel    :               0.322                                                             
 mh.tunnel    :               0.549                                                             

 Thermal Velocities
 vn (cm/s)    :           1.08e+007                                                             
 vp (cm/s)    :            1.3e+007                                                             

 Saturation Velocities
 vsatn (cm/s) :           1.03e+007                                                             
 vsatp (cm/s) :           1.03e+007                                                             

 Piezoelectric Parameters
 e33 (C/m^2)  :                   0                                                             
 e31 (C/m^2)  :                   0                                                             
 Psp (C/m^2)  :                   0                                                             
 Alattice (Å) :         0      5.43         0         0                                         

REGIONAL MODEL FLAGS:
 Region:          1    2    3    4    5    6    7    8 
 SRH                   T                                
 consrh                F                                
 klasrh                F                                
 Auger                 F                                
 klaaug                F                                
 picaug                F                                
 hnsaug                F                                
 auggen                F                                
 kerraug               F                                
 richteraug            F                                
 optr                  F                                
 optr.gb               F                                
 bgn(std/kla)          F                                
 ubgn                  F                                
 bgn.alamo             F                                
 bgn.bennett           F                                
 bgn.schenk            F                                
 bgn.lind              F                                
 bgn.persson           F                                
 incomplete            F                                
 inc.two_level         F                                
 inc.ion               F                                
 ioniz                 F                                
 inc.cryo              F                                
 bbt                   F                                
 bbtauto               F                                
 bbthurkx              F                                
 bbtkane               F                                
 bbtschenk             F                                
 bbtheigl              F                                
 bbtnonlocal           F                                
 tat(local)            F                                
 tatnonlocal           F                                
 tat(coulombic)        F                                
 impact                F                                
 Boltzmann             F                                
 Fermi-Dirac           T                                

Gain and Rsp scaling
  Gain scale factor  :         1         1         1         1 
  Rsp scale factor   :         1         1         1         1 


REGIONAL MOBILITY MODEL SUMMARY:

  Region #2:

    Model for Electrons:

      Concentration Independent Mobility
      @ Temperature =     300 Kelvin 
        mu  = 13.3
        tmu = 1.5



    Model for Holes:

      Concentration Independent Mobility
      @ Temperature =     300 Kelvin 
        mu  = 0.01
        tmu = 1.5




Contacts:
Name         Num  Work fn    Resist.    Capacit.   Induct.
                   (eV)      (Ohms)     (Farads)   (Henries)
gate          1     4.765   0.000E+00  0.000E+00  0.000E+00
source        2     4.450   0.000E+00  0.000E+00  0.000E+00
drain         3     4.450   0.000E+00  0.000E+00  0.000E+00
  
ATLAS> output con.band val.band e.mobility traps traps.ft int.charge charge
ATLAS> probe name=channel_mobility x=12.037 y=-0.00094 n.mob dir=0
ATLAS> probe name=channel_electrons x=12.037 y=-0.00094 n.conc
ATLAS> probe name=bulk_free_electrons region=2 average n.conc x.min=2 x.max=22 y.min=-0.002 y.max=0
ATLAS> probe name=bulk_ionized_acceptors region=2 average concacc.ctrap x.min=2 x.max=22 y.min=-0.002 y.max=0
ATLAS> probe name=bulk_ionized_donors region=2 average concdon.ctrap x.min=2 x.max=22 y.min=-0.002 y.max=0
ATLAS> save outf=geometry.str

Starting module:   BLAZE                          


Starting module:   TFT                            


MASTER format file written to geometry.str at Sat Sep 12 15:51:56 2026

ATLAS> solve init

Obtaining static solution:


init           psi    psi 
direct          x     rhs 
   i    j  m  -5.00* -26.0*
---------------------------
   1    1  G   0.000 -13.57
   1    2  G  -0.301 -13.68
   1    3  G  -0.477 -13.81
   1    4  G  -0.602 -13.88
   1    5  G  -0.858 -14.03
   1    6  G  -9.58* -25.18
  
ATLAS> save outf=equilibrium.str

MASTER format file written to equilibrium.str at Sat Sep 12 15:51:58 2026

ATLAS> solve vsource=0

Obtaining static solution:


prev           psi     n     psi     n  
direct          x      x     rhs    rhs 
   i    j  m  -5.00* -6.00* -26.0* -20.0*
-----------------------------------------
   1       N  -12.3* -12.3* -28.5* -18.61

Electrode       Va(V)        In(A)       Ic(A)       It(A)
=============================================================
gate           0.000e+000  0.000e+000  0.000e+000  0.000e+000
source         0.000e+000  0.000e+000  0.000e+000  0.000e+000
drain          0.000e+000  0.000e+000  0.000e+000  0.000e+000
Total                                              0.000e+000

Time for bias point:   0.57 sec. 
Total time:            5.37 sec. 
  
ATLAS> solve vgate=-0.1

Obtaining static solution:

 V(   gate  ) = -0.1        


prev           psi     n     psi     n  
direct          x      x     rhs    rhs 
   i    j  m  -5.00* -6.00* -26.0* -20.0*
-----------------------------------------
   1       N   0.587 -0.154 -18.47 -5.996
   2       N  -2.695 -0.019 -19.39 -9.513
   3       N  -3.708 -1.989 -26.0* -13.40
   4       N  -9.29* -6.61* -28.4* -18.62

Electrode       Va(V)        In(A)       Ic(A)       It(A)
=============================================================
gate          -1.000e-001  0.000e+000  0.000e+000  0.000e+000
source         0.000e+000  0.000e+000  0.000e+000  0.000e+000
drain          0.000e+000  0.000e+000  0.000e+000  0.000e+000
Total                                              0.000e+000

Time for bias point:   1.43 sec. 
Total time:            6.87 sec. 
  
ATLAS> solve vgate=-0.2

Obtaining static solution:

 V(   gate  ) = -0.2        


proj           psi     n     psi     n  
direct          x      x     rhs    rhs 
   i    j  m  -5.00* -6.00* -26.0* -20.0*
-----------------------------------------
   1       N  -2.525 -2.520 -23.44 -10.73
   2       N  -7.49* -5.348 -28.4* -18.60
   3       N  -12.3* -12.3* -28.5* -18.79

Electrode       Va(V)        In(A)       Ic(A)       It(A)
=============================================================
gate          -2.000e-001  0.000e+000  0.000e+000  0.000e+000
source         0.000e+000  0.000e+000  0.000e+000  0.000e+000
drain          0.000e+000  0.000e+000  0.000e+000  0.000e+000
Total                                              0.000e+000

Time for bias point:   1.54 sec. 
Total time:            8.48 sec. 
  
ATLAS> solve vgate=-0.3

Obtaining static solution:

 V(   gate  ) = -0.3        


proj           psi     n     psi     n  
direct          x      x     rhs    rhs 
   i    j  m  -5.00* -6.00* -26.0* -20.0*
-----------------------------------------
   1       N  -2.657 -2.654 -23.79 -10.97
   2       N  -7.86* -5.612 -28.3* -18.79
   3       N  -12.1* -12.1* -28.4* -18.82

Electrode       Va(V)        In(A)       Ic(A)       It(A)
=============================================================
gate          -3.000e-001  0.000e+000  0.000e+000  0.000e+000
source         0.000e+000  0.000e+000  0.000e+000  0.000e+000
drain          0.000e+000  0.000e+000  0.000e+000  0.000e+000
Total                                              0.000e+000

Time for bias point:   1.45 sec. 
Total time:           10.02 sec. 
  
ATLAS> solve vgate=-0.4

Obtaining static solution:

 V(   gate  ) = -0.4        


proj           psi     n     psi     n  
direct          x      x     rhs    rhs 
   i    j  m  -5.00* -6.00* -26.0* -20.0*
-----------------------------------------
   1       N  -2.789 -2.786 -24.13 -11.21
   2       N  -8.22* -5.875 -28.3* -18.93
   3       N  -12.1* -12.2* -28.2* -18.77

Electrode       Va(V)        In(A)       Ic(A)       It(A)
=============================================================
gate          -4.000e-001  0.000e+000  0.000e+000  0.000e+000
source         0.000e+000  0.000e+000  0.000e+000  0.000e+000
drain          0.000e+000  0.000e+000  0.000e+000  0.000e+000
Total                                              0.000e+000

Time for bias point:   1.56 sec. 
Total time:           11.64 sec. 
  
ATLAS> solve vgate=-0.5

Obtaining static solution:

 V(   gate  ) = -0.5        


proj           psi     n     psi     n  
direct          x      x     rhs    rhs 
   i    j  m  -5.00* -6.00* -26.0* -20.0*
-----------------------------------------
   1       N  -2.916 -2.914 -24.45 -11.45
   2       N  -8.57* -6.13* -28.2* -19.03

Electrode       Va(V)        In(A)       Ic(A)       It(A)
=============================================================
gate          -5.000e-001  0.000e+000  0.000e+000  0.000e+000
source         0.000e+000  0.000e+000  0.000e+000  0.000e+000
drain          0.000e+000  0.000e+000  0.000e+000  0.000e+000
Total                                              0.000e+000

Time for bias point:   0.65 sec. 
Total time:           12.41 sec. 
  
ATLAS> solve vgate=-0.6

Obtaining static solution:

 V(   gate  ) = -0.6        


proj           psi     n     psi     n  
direct          x      x     rhs    rhs 
   i    j  m  -5.00* -6.00* -26.0* -20.0*
-----------------------------------------
   1       N  -3.040 -3.039 -24.75 -11.68
   2       N  -8.91* -6.38* -28.2* -18.74

Electrode       Va(V)        In(A)       Ic(A)       It(A)
=============================================================
gate          -6.000e-001  0.000e+000  0.000e+000  0.000e+000
source         0.000e+000  0.000e+000  0.000e+000  0.000e+000
drain          0.000e+000  0.000e+000  0.000e+000  0.000e+000
Total                                              0.000e+000

Time for bias point:   0.98 sec. 
Total time:           13.51 sec. 
  
ATLAS> solve vgate=-0.7

Obtaining static solution:

 V(   gate  ) = -0.7        


proj           psi     n     psi     n  
direct          x      x     rhs    rhs 
   i    j  m  -5.00* -6.00* -26.0* -20.0*
-----------------------------------------
   1       N  -3.163 -3.162 -25.04 -11.90
   2       N  -9.25* -6.62* -27.9* -18.85

Electrode       Va(V)        In(A)       Ic(A)       It(A)
=============================================================
gate          -7.000e-001  0.000e+000  0.000e+000  0.000e+000
source         0.000e+000  0.000e+000  0.000e+000  0.000e+000
drain          0.000e+000  0.000e+000  0.000e+000  0.000e+000
Total                                              0.000e+000

Time for bias point:   1.00 sec. 
Total time:           14.59 sec. 
  
ATLAS> solve vgate=-0.8

Obtaining static solution:

 V(   gate  ) = -0.8        


proj           psi     n     psi     n  
direct          x      x     rhs    rhs 
   i    j  m  -5.00* -6.00* -26.0* -20.0*
-----------------------------------------
   1       N  -3.283 -3.282 -25.32 -12.12
   2       N  -9.57* -6.86* -28.1* -18.98

Electrode       Va(V)        In(A)       Ic(A)       It(A)
=============================================================
gate          -8.000e-001  0.000e+000  0.000e+000  0.000e+000
source         0.000e+000  0.000e+000  0.000e+000  0.000e+000
drain          0.000e+000  0.000e+000  0.000e+000  0.000e+000
Total                                              0.000e+000

Time for bias point:   0.92 sec. 
Total time:           15.63 sec. 
  
ATLAS> solve vgate=-0.9

Obtaining static solution:

 V(   gate  ) = -0.9        


proj           psi     n     psi     n  
direct          x      x     rhs    rhs 
   i    j  m  -5.00* -6.00* -26.0* -20.0*
-----------------------------------------
   1       N  -3.399 -3.399 -25.58 -12.33
   2       N  -9.88* -7.09* -28.1* -19.12

Electrode       Va(V)        In(A)       Ic(A)       It(A)
=============================================================
gate          -9.000e-001  0.000e+000  0.000e+000  0.000e+000
source         0.000e+000  0.000e+000  0.000e+000  0.000e+000
drain          0.000e+000  0.000e+000  0.000e+000  0.000e+000
Total                                              0.000e+000

Time for bias point:   0.92 sec. 
Total time:           16.67 sec. 
  
ATLAS> solve vgate=-1

Obtaining static solution:

 V(   gate  ) = -1          


proj           psi     n     psi     n  
direct          x      x     rhs    rhs 
   i    j  m  -5.00* -6.00* -26.0* -20.0*
-----------------------------------------
   1       N  -3.513 -3.512 -25.82 -12.54
   2       N  -10.2* -7.32* -28.0* -18.97

Electrode       Va(V)        In(A)       Ic(A)       It(A)
=============================================================
gate          -1.000e+000  0.000e+000  0.000e+000  0.000e+000
source         0.000e+000  0.000e+000  0.000e+000  0.000e+000
drain          0.000e+000  0.000e+000  0.000e+000  0.000e+000
Total                                              0.000e+000

Time for bias point:   0.92 sec. 
Total time:           17.64 sec. 
  
ATLAS> solve vgate=-1.1

Obtaining static solution:

 V(   gate  ) = -1.1        


proj           psi     n     psi     n  
direct          x      x     rhs    rhs 
   i    j  m  -5.00* -6.00* -26.0* -20.0*
-----------------------------------------
   1       N  -3.622 -3.622 -26.1* -12.73
   2       N  -10.5* -7.54* -28.1* -18.83

Electrode       Va(V)        In(A)       Ic(A)       It(A)
=============================================================
gate          -1.100e+000  0.000e+000  0.000e+000  0.000e+000
source         0.000e+000  0.000e+000  0.000e+000  0.000e+000
drain          0.000e+000  0.000e+000  0.000e+000  0.000e+000
Total                                              0.000e+000

Time for bias point:   0.67 sec. 
Total time:           18.43 sec. 
  
ATLAS> solve vgate=-1.2

Obtaining static solution:

 V(   gate  ) = -1.2        


proj           psi     n     psi     n  
direct          x      x     rhs    rhs 
   i    j  m  -5.00* -6.00* -26.0* -20.0*
-----------------------------------------
   1       N  -3.727 -3.727 -26.3* -12.92
   2       N  -10.7* -7.75* -27.9* -19.06

Electrode       Va(V)        In(A)       Ic(A)       It(A)
=============================================================
gate          -1.200e+000  0.000e+000  0.000e+000  0.000e+000
source         0.000e+000  0.000e+000  0.000e+000  0.000e+000
drain          0.000e+000  0.000e+000  0.000e+000  0.000e+000
Total                                              0.000e+000

Time for bias point:   0.76 sec. 
Total time:           19.37 sec. 
  
ATLAS> solve vgate=-1.3

Obtaining static solution:

 V(   gate  ) = -1.3        


proj           psi     n     psi     n  
direct          x      x     rhs    rhs 
   i    j  m  -5.00* -6.00* -26.0* -20.0*
-----------------------------------------
   1       N  -3.828 -3.828 -26.5* -13.10
   2       N  -11.0* -7.95* -28.0* -18.82

Electrode       Va(V)        In(A)       Ic(A)       It(A)
=============================================================
gate          -1.300e+000  0.000e+000  0.000e+000  0.000e+000
source         0.000e+000  0.000e+000  0.000e+000  0.000e+000
drain          0.000e+000  0.000e+000  0.000e+000  0.000e+000
Total                                              0.000e+000

Time for bias point:   0.89 sec. 
Total time:           20.26 sec. 
  
ATLAS> solve vgate=-1.4

Obtaining static solution:

 V(   gate  ) = -1.4        


proj           psi     n     psi     n  
direct          x      x     rhs    rhs 
   i    j  m  -5.00* -6.00* -26.0* -20.0*
-----------------------------------------
   1       N  -3.925 -3.925 -26.7* -13.28
   2       N  -11.2* -8.14* -27.9* -19.04

Electrode       Va(V)        In(A)       Ic(A)       It(A)
=============================================================
gate          -1.400e+000  0.000e+000  0.000e+000  0.000e+000
source         0.000e+000  0.000e+000  0.000e+000  0.000e+000
drain          0.000e+000  0.000e+000  0.000e+000  0.000e+000
Total                                              0.000e+000

Time for bias point:   0.85 sec. 
Total time:           21.22 sec. 
  
ATLAS> solve vgate=-1.5

Obtaining static solution:

 V(   gate  ) = -1.5        


proj           psi     n     psi     n  
direct          x      x     rhs    rhs 
   i    j  m  -5.00* -6.00* -26.0* -20.0*
-----------------------------------------
   1       N  -4.019 -4.019 -26.9* -13.45
   2       N  -11.5* -8.33* -27.9* -19.18

Electrode       Va(V)        In(A)       Ic(A)       It(A)
=============================================================
gate          -1.500e+000  0.000e+000  0.000e+000  0.000e+000
source         0.000e+000  0.000e+000  0.000e+000  0.000e+000
drain          0.000e+000  0.000e+000  0.000e+000  0.000e+000
Total                                              0.000e+000

Time for bias point:   0.65 sec. 
Total time:           21.97 sec. 
  
ATLAS> solve vgate=-1.6

Obtaining static solution:

 V(   gate  ) = -1.6        


proj           psi     n     psi     n  
direct          x      x     rhs    rhs 
   i    j  m  -5.00* -6.00* -26.0* -20.0*
-----------------------------------------
   1       N  -4.110 -4.109 -27.1* -13.61
   2       N  -11.7* -8.51* -27.9* -19.12

Electrode       Va(V)        In(A)       Ic(A)       It(A)
=============================================================
gate          -1.600e+000  0.000e+000  0.000e+000  0.000e+000
source         0.000e+000  0.000e+000  0.000e+000  0.000e+000
drain          0.000e+000  0.000e+000  0.000e+000  0.000e+000
Total                                              0.000e+000

Time for bias point:   0.94 sec. 
Total time:           23.12 sec. 
  
ATLAS> solve vgate=-1.7

Obtaining static solution:

 V(   gate  ) = -1.7        


proj           psi     n     psi     n  
direct          x      x     rhs    rhs 
   i    j  m  -5.00* -6.00* -26.0* -20.0*
-----------------------------------------
   1       N  -4.196 -4.196 -27.3* -13.77
   2       N  -11.8* -8.68* -27.8* -19.16

Electrode       Va(V)        In(A)       Ic(A)       It(A)
=============================================================
gate          -1.700e+000  0.000e+000  0.000e+000  0.000e+000
source         0.000e+000  0.000e+000  0.000e+000  0.000e+000
drain          0.000e+000  0.000e+000  0.000e+000  0.000e+000
Total                                              0.000e+000

Time for bias point:   0.88 sec. 
Total time:           24.16 sec. 
  
ATLAS> solve vgate=-1.8

Obtaining static solution:

 V(   gate  ) = -1.8        


proj           psi     n     psi     n  
direct          x      x     rhs    rhs 
   i    j  m  -5.00* -6.00* -26.0* -20.0*
-----------------------------------------
   1       N  -4.278 -4.278 -27.4* -13.92
   2       N  -11.7* -8.85* -27.8* -19.04

Electrode       Va(V)        In(A)       Ic(A)       It(A)
=============================================================
gate          -1.800e+000  0.000e+000  0.000e+000  0.000e+000
source         0.000e+000  0.000e+000  0.000e+000  0.000e+000
drain          0.000e+000  0.000e+000  0.000e+000  0.000e+000
Total                                              0.000e+000

Time for bias point:   1.08 sec. 
Total time:           25.32 sec. 
  
ATLAS> solve vgate=-1.9

Obtaining static solution:

 V(   gate  ) = -1.9        


proj           psi     n     psi     n  
direct          x      x     rhs    rhs 
   i    j  m  -5.00* -6.00* -26.0* -20.0*
-----------------------------------------
   1       N  -4.357 -4.357 -27.6* -14.06
   2       N  -11.6* -9.00* -27.8* -19.23

Electrode       Va(V)        In(A)       Ic(A)       It(A)
=============================================================
gate          -1.900e+000  0.000e+000  0.000e+000  0.000e+000
source         0.000e+000  0.000e+000  0.000e+000  0.000e+000
drain          0.000e+000  0.000e+000  0.000e+000  0.000e+000
Total                                              0.000e+000

Time for bias point:   1.05 sec. 
Total time:           26.45 sec. 
  
ATLAS> solve vgate=-2

Obtaining static solution:

 V(   gate  ) = -2          


proj           psi     n     psi     n  
direct          x      x     rhs    rhs 
   i    j  m  -5.00* -6.00* -26.0* -20.0*
-----------------------------------------
   1       N  -4.434 -4.433 -27.7* -14.20
   2       N  -11.6* -9.15* -27.7* -19.14

Electrode       Va(V)        In(A)       Ic(A)       It(A)
=============================================================
gate          -2.000e+000  0.000e+000  0.000e+000  0.000e+000
source         0.000e+000  0.000e+000  0.000e+000  0.000e+000
drain          0.000e+000  0.000e+000  0.000e+000  0.000e+000
Total                                              0.000e+000

Time for bias point:   0.91 sec. 
Total time:           27.44 sec. 
  
ATLAS> solve vgate=-2.1

Obtaining static solution:

 V(   gate  ) = -2.1        


proj           psi     n     psi     n  
direct          x      x     rhs    rhs 
   i    j  m  -5.00* -6.00* -26.0* -20.0*
-----------------------------------------
   1       N  -4.507 -4.507 -27.8* -14.34
   2       N  -11.5* -9.30* -27.8* -19.35

Electrode       Va(V)        In(A)       Ic(A)       It(A)
=============================================================
gate          -2.100e+000  0.000e+000  0.000e+000  0.000e+000
source         0.000e+000  0.000e+000  0.000e+000  0.000e+000
drain          0.000e+000  0.000e+000  0.000e+000  0.000e+000
Total                                              0.000e+000

Time for bias point:   0.92 sec. 
Total time:           28.49 sec. 
  
ATLAS> solve vgate=-2.2

Obtaining static solution:

 V(   gate  ) = -2.2        


proj           psi     n     psi     n  
direct          x      x     rhs    rhs 
   i    j  m  -5.00* -6.00* -26.0* -20.0*
-----------------------------------------
   1       N  -4.578 -4.578 -27.8* -14.47
   2       N  -11.3* -9.44* -27.7* -19.41

Electrode       Va(V)        In(A)       Ic(A)       It(A)
=============================================================
gate          -2.200e+000  0.000e+000  0.000e+000  0.000e+000
source         0.000e+000  0.000e+000  0.000e+000  0.000e+000
drain          0.000e+000  0.000e+000  0.000e+000  0.000e+000
Total                                              0.000e+000

Time for bias point:   1.05 sec. 
Total time:           29.62 sec. 
  
ATLAS> solve vgate=-2.3

Obtaining static solution:

 V(   gate  ) = -2.3        


proj           psi     n     psi     n  
direct          x      x     rhs    rhs 
   i    j  m  -5.00* -6.00* -26.0* -20.0*
-----------------------------------------
   1       N  -3.749 -4.646 -27.7* -14.60
   2       N  -11.3* -9.58* -27.7* -19.39

Electrode       Va(V)        In(A)       Ic(A)       It(A)
=============================================================
gate          -2.300e+000  0.000e+000  0.000e+000  0.000e+000
source         0.000e+000  0.000e+000  0.000e+000  0.000e+000
drain          0.000e+000  0.000e+000  0.000e+000  0.000e+000
Total                                              0.000e+000

Time for bias point:   0.92 sec. 
Total time:           30.58 sec. 
  
ATLAS> solve vgate=-2.4

Obtaining static solution:

 V(   gate  ) = -2.4        


proj           psi     n     psi     n  
direct          x      x     rhs    rhs 
   i    j  m  -5.00* -6.00* -26.0* -20.0*
-----------------------------------------
   1       N  -2.073 -4.711 -23.39 -14.73
   2       N  -6.53* -9.71* -27.7* -19.37

Electrode       Va(V)        In(A)       Ic(A)       It(A)
=============================================================
gate          -2.400e+000  0.000e+000  0.000e+000  0.000e+000
source         0.000e+000  0.000e+000  0.000e+000  0.000e+000
drain          0.000e+000  0.000e+000  0.000e+000  0.000e+000
Total                                              0.000e+000

Time for bias point:   0.97 sec. 
Total time:           31.57 sec. 
  
ATLAS> solve vgate=-2.5

Obtaining static solution:

 V(   gate  ) = -2.5        


proj           psi     n     psi     n  
direct          x      x     rhs    rhs 
   i    j  m  -5.00* -6.00* -26.0* -20.0*
-----------------------------------------
   1       N  -0.547 -4.228 -18.72 -14.85
   2       N  -1.969 -5.938 -21.64 -19.30
   3       N  -4.893 -9.35* -27.3* -19.02

Electrode       Va(V)        In(A)       Ic(A)       It(A)
=============================================================
gate          -2.500e+000  0.000e+000  0.000e+000  0.000e+000
source         0.000e+000  0.000e+000  0.000e+000  0.000e+000
drain          0.000e+000  0.000e+000  0.000e+000  0.000e+000
Total                                              0.000e+000

Time for bias point:   1.07 sec. 
Total time:           32.73 sec. 
  
ATLAS> solve vgate=-2.6

Obtaining static solution:

 V(   gate  ) = -2.6        


proj           psi     n     psi     n  
direct          x      x     rhs    rhs 
   i    j  m  -5.00* -6.00* -26.0* -20.0*
-----------------------------------------
   1       N   0.007 -3.100 -16.53 -13.79
   2       N  -0.302 -3.908 -17.39 -15.37
   3       N  -1.022 -4.713 -18.95 -16.98
   4       N  -2.555 -6.39* -22.04 -19.53
   5       N  -5.64* -9.76* -27.6* -19.19

Electrode       Va(V)        In(A)       Ic(A)       It(A)
=============================================================
gate          -2.600e+000  0.000e+000  0.000e+000  0.000e+000
source         0.000e+000  0.000e+000  0.000e+000  0.000e+000
drain          0.000e+000  0.000e+000  0.000e+000  0.000e+000
Total                                              0.000e+000

Time for bias point:   2.05 sec. 
Total time:           34.86 sec. 
  
ATLAS> solve vgate=-2.7

Obtaining static solution:

 V(   gate  ) = -2.7        


proj           psi     n     psi     n  
direct          x      x     rhs    rhs 
   i    j  m  -5.00* -6.00* -26.0* -20.0*
-----------------------------------------
   1       N  -0.051 -2.281 -16.63 -12.13
   2       N  -0.486 -2.830 -17.73 -13.23
   3       N  -1.426 -4.072 -19.83 -15.72
   4       N  -3.353 -6.53* -24.03 -19.43
   5       N  -7.21* -10.9* -27.7* -19.50

Electrode       Va(V)        In(A)       Ic(A)       It(A)
=============================================================
gate          -2.700e+000  0.000e+000  0.000e+000  0.000e+000
source         0.000e+000  0.000e+000  0.000e+000  0.000e+000
drain          0.000e+000  0.000e+000  0.000e+000  0.000e+000
Total                                              0.000e+000

Time for bias point:   1.65 sec. 
Total time:           36.56 sec. 
  
ATLAS> solve vgate=-2.8

Obtaining static solution:

 V(   gate  ) = -2.8        


proj           psi     n     psi     n  
direct          x      x     rhs    rhs 
   i    j  m  -5.00* -6.00* -26.0* -20.0*
-----------------------------------------
   1       N  -0.015 -2.153 -17.39 -11.90
   2       N  -0.390 -2.549 -18.39 -12.69
   3       N  -1.224 -3.381 -20.12 -14.36
   4       N  -2.955 -5.109 -23.59 -17.81
   5       N  -6.43* -8.58* -27.8* -19.51

Electrode       Va(V)        In(A)       Ic(A)       It(A)
=============================================================
gate          -2.800e+000  0.000e+000  0.000e+000  0.000e+000
source         0.000e+000  0.000e+000  0.000e+000  0.000e+000
drain          0.000e+000  0.000e+000  0.000e+000  0.000e+000
Total                                              0.000e+000

Time for bias point:   2.17 sec. 
Total time:           38.82 sec. 
  
ATLAS> solve vgate=-2.9

Obtaining static solution:

 V(   gate  ) = -2.9        


proj           psi     n     psi     n  
direct          x      x     rhs    rhs 
   i    j  m  -5.00* -6.00* -26.0* -20.0*
-----------------------------------------
   1       N  -0.321 -2.451 -18.01 -12.53
   2       N  -1.083 -3.244 -19.68 -14.11
   3       N  -2.683 -4.847 -22.89 -17.32
   4       N  -5.90* -8.06* -27.8* -19.47

Electrode       Va(V)        In(A)       Ic(A)       It(A)
=============================================================
gate          -2.900e+000  0.000e+000  0.000e+000  0.000e+000
source         0.000e+000  0.000e+000  0.000e+000  0.000e+000
drain          0.000e+000  0.000e+000  0.000e+000  0.000e+000
Total                                              0.000e+000

Time for bias point:   1.62 sec. 
Total time:           40.51 sec. 
  
ATLAS> solve vgate=-3

Obtaining static solution:

 V(   gate  ) = -3          


proj           psi     n     psi     n  
direct          x      x     rhs    rhs 
   i    j  m  -5.00* -6.00* -26.0* -20.0*
-----------------------------------------
   1       N  -0.695 -2.816 -18.50 -13.29
   2       N  -1.902 -4.065 -21.26 -15.78
   3       N  -4.363 -6.54* -26.2* -19.60

Electrode       Va(V)        In(A)       Ic(A)       It(A)
=============================================================
gate          -3.000e+000  0.000e+000  0.000e+000  0.000e+000
source         0.000e+000  0.000e+000  0.000e+000  0.000e+000
drain          0.000e+000  0.000e+000  0.000e+000  0.000e+000
Total                                              0.000e+000

Time for bias point:   3.51 sec. 
Total time:           44.10 sec. 
  
ATLAS> solve vdrain=0.1
  
 Warning: Projection cannot be done with
 current bias step.  Using previous solution
 for initial guess.
  

Obtaining static solution:

 V(  drain  ) = 0.1         


prev           psi     n     psi     n  
direct          x      x     rhs    rhs 
   i    j  m  -5.00* -6.00* -26.0* -20.0*
-----------------------------------------
   1       N   0.578 -0.005 -19.25 -5.149
   2       N  -3.680  1.606 -19.38 -9.398
   3       N  -4.786 -4.969 -27.6* -15.16
   4       N  -12.3* -10.5* -27.7* -19.62

Electrode       Va(V)        In(A)       Ic(A)       It(A)
=============================================================
gate          -3.000e+000  0.000e+000  0.000e+000  0.000e+000
source         0.000e+000  0.000e+000  0.000e+000  0.000e+000
drain          1.000e-001  0.000e+000  0.000e+000  0.000e+000
Total                                              0.000e+000

Time for bias point:   1.69 sec. 
Total time:           45.86 sec. 
  
ATLAS> solve vdrain=0.2

Obtaining static solution:

 V(  drain  ) = 0.2         


proj           psi     n     psi     n  
direct          x      x     rhs    rhs 
   i    j  m  -5.00* -6.00* -26.0* -20.0*
-----------------------------------------
   1       N  -3.528 -5.162 -24.52 -15.65
   2       N  -7.62* -9.78* -27.8* -19.58

Electrode       Va(V)        In(A)       Ic(A)       It(A)
=============================================================
gate          -3.000e+000  0.000e+000  0.000e+000  0.000e+000
source         0.000e+000  0.000e+000  0.000e+000  0.000e+000
drain          2.000e-001  0.000e+000  0.000e+000  0.000e+000
Total                                              0.000e+000

Time for bias point:   1.23 sec. 
Total time:           47.15 sec. 
  
ATLAS> solve vdrain=0.3

Obtaining static solution:

 V(  drain  ) = 0.3         


proj           psi     n     psi     n  
direct          x      x     rhs    rhs 
   i    j  m  -5.00* -6.00* -26.0* -20.0*
-----------------------------------------
   1       N  -3.516 -5.210 -24.50 -15.75
   2       N  -7.60* -9.76* -27.8* -19.56

Electrode       Va(V)        In(A)       Ic(A)       It(A)
=============================================================
gate          -3.000e+000  0.000e+000  0.000e+000  0.000e+000
source         0.000e+000  0.000e+000  0.000e+000  0.000e+000
drain          3.000e-001  0.000e+000  0.000e+000  0.000e+000
Total                                              0.000e+000

Time for bias point:   0.99 sec. 
Total time:           48.21 sec. 
  
ATLAS> solve vdrain=0.4

Obtaining static solution:

 V(  drain  ) = 0.4         


proj           psi     n     psi     n  
direct          x      x     rhs    rhs 
   i    j  m  -5.00* -6.00* -26.0* -20.0*
-----------------------------------------
   1       N  -3.503 -5.257 -24.48 -15.85
   2       N  -7.57* -9.74* -27.7* -19.52

Electrode       Va(V)        In(A)       Ic(A)       It(A)
=============================================================
gate          -3.000e+000  0.000e+000  0.000e+000  0.000e+000
source         0.000e+000  0.000e+000  0.000e+000  0.000e+000
drain          4.000e-001  0.000e+000  0.000e+000  0.000e+000
Total                                              0.000e+000

Time for bias point:   0.94 sec. 
Total time:           49.23 sec. 
  
ATLAS> solve vdrain=0.5

Obtaining static solution:

 V(  drain  ) = 0.5         


proj           psi     n     psi     n  
direct          x      x     rhs    rhs 
   i    j  m  -5.00* -6.00* -26.0* -20.0*
-----------------------------------------
   1       N  -3.490 -5.303 -24.45 -15.96
   2       N  -7.54* -9.72* -27.7* -19.23

Electrode       Va(V)        In(A)       Ic(A)       It(A)
=============================================================
gate          -3.000e+000  0.000e+000  0.000e+000  0.000e+000
source         0.000e+000  0.000e+000  0.000e+000  0.000e+000
drain          5.000e-001  0.000e+000  0.000e+000  0.000e+000
Total                                              0.000e+000

Time for bias point:   0.96 sec. 
Total time:           50.23 sec. 
  
ATLAS> solve vdrain=0.6

Obtaining static solution:

 V(  drain  ) = 0.6         


proj           psi     n     psi     n  
direct          x      x     rhs    rhs 
   i    j  m  -5.00* -6.00* -26.0* -20.0*
-----------------------------------------
   1       N  -3.477 -5.348 -24.43 -16.06
   2       N  -7.51* -9.69* -27.8* -19.39

Electrode       Va(V)        In(A)       Ic(A)       It(A)
=============================================================
gate          -3.000e+000  0.000e+000  0.000e+000  0.000e+000
source         0.000e+000  0.000e+000  0.000e+000  0.000e+000
drain          6.000e-001  0.000e+000  0.000e+000  0.000e+000
Total                                              0.000e+000

Time for bias point:   0.86 sec. 
Total time:           51.21 sec. 
  
ATLAS> solve vdrain=0.7

Obtaining static solution:

 V(  drain  ) = 0.7         


proj           psi     n     psi     n  
direct          x      x     rhs    rhs 
   i    j  m  -5.00* -6.00* -26.0* -20.0*
-----------------------------------------
   1       N  -3.463 -5.392 -24.40 -16.16
   2       N  -7.48* -9.66* -27.7* -19.60

Electrode       Va(V)        In(A)       Ic(A)       It(A)
=============================================================
gate          -3.000e+000  0.000e+000  0.000e+000  0.000e+000
source         0.000e+000  0.000e+000  0.000e+000  0.000e+000
drain          7.000e-001  0.000e+000  0.000e+000  0.000e+000
Total                                              0.000e+000

Time for bias point:   0.87 sec. 
Total time:           52.22 sec. 
  
ATLAS> save outf=off.str

MASTER format file written to off.str at Sat Sep 12 15:52:46 2026

ATLAS> 
ATLAS> # 8. Every original gate point; fresh signed terminal exports.
ATLAS> log outf=transfer.log
ATLAS> solve vgate=-3

Obtaining static solution:


prev           psi     n     psi     n  
direct          x      x     rhs    rhs 
   i    j  m  -5.00* -6.00* -26.0* -20.0*
-----------------------------------------
   1       N  -12.3* -12.8* -27.7* -19.29

Electrode       Va(V)        In(A)       Ic(A)       It(A)
=============================================================
gate          -3.000e+000  0.000e+000  0.000e+000  0.000e+000
source         0.000e+000  0.000e+000  0.000e+000  0.000e+000
drain          7.000e-001  0.000e+000  0.000e+000  0.000e+000
Total                                              0.000e+000

Time for bias point:   0.63 sec. 
Total time:           53.91 sec. 
  
ATLAS> solve vgate=-2.95

Obtaining static solution:

 V(   gate  ) = -2.95       


prev           psi     n     psi     n  
direct          x      x     rhs    rhs 
   i    j  m  -5.00* -6.00* -26.0* -20.0*
-----------------------------------------
   1       N   0.258 -0.462 -17.72 -7.623
   2       N  -1.752 -1.301 -20.66 -14.04
   3       N  -4.010 -5.581 -25.50 -19.47
   4       N  -8.55* -10.7* -27.7* -19.47

Electrode       Va(V)        In(A)       Ic(A)       It(A)
=============================================================
gate          -2.950e+000  0.000e+000  0.000e+000  0.000e+000
source         0.000e+000  0.000e+000  0.000e+000  0.000e+000
drain          7.000e-001  0.000e+000  0.000e+000  0.000e+000
Total                                              0.000e+000

Time for bias point:   1.69 sec. 
Total time:           57.03 sec. 
  
ATLAS> solve vgate=-2.9

Obtaining static solution:

 V(   gate  ) = -2.9        


proj           psi     n     psi     n  
direct          x      x     rhs    rhs 
   i    j  m  -5.00* -6.00* -26.0* -20.0*
-----------------------------------------
   1       N  -1.350 -3.469 -19.94 -14.77
   2       N  -3.184 -5.332 -23.90 -18.48
   3       N  -6.88* -9.04* -27.9* -19.47

Electrode       Va(V)        In(A)       Ic(A)       It(A)
=============================================================
gate          -2.900e+000  0.000e+000  0.000e+000  0.000e+000
source         0.000e+000  0.000e+000  0.000e+000  0.000e+000
drain          7.000e-001  0.000e+000  0.000e+000  0.000e+000
Total                                              0.000e+000

Time for bias point:   1.31 sec. 
Total time:           59.82 sec. 
  
ATLAS> solve vgate=-2.85

Obtaining static solution:

 V(   gate  ) = -2.85       


proj           psi     n     psi     n  
direct          x      x     rhs    rhs 
   i    j  m  -5.00* -6.00* -26.0* -20.0*
-----------------------------------------
   1       N  -1.178 -3.301 -19.75 -14.41
   2       N  -2.830 -4.976 -23.28 -17.76
   3       N  -6.17* -8.32* -27.7* -19.41

Electrode       Va(V)        In(A)       Ic(A)       It(A)
=============================================================
gate          -2.850e+000  0.000e+000  0.000e+000  0.000e+000
source         0.000e+000  0.000e+000  0.000e+000  0.000e+000
drain          7.000e-001  0.000e+000  0.000e+000  0.000e+000
Total                                              0.000e+000

Time for bias point:   1.37 sec. 
Total time:            1.05 min. 
  
ATLAS> solve vgate=-2.8

Obtaining static solution:

 V(   gate  ) = -2.8        


proj           psi     n     psi     n  
direct          x      x     rhs    rhs 
   i    j  m  -5.00* -6.00* -26.0* -20.0*
-----------------------------------------
   1       N  -0.974 -3.104 -19.55 -14.00
   2       N  -2.433 -4.579 -22.63 -16.95
   3       N  -5.39* -7.54* -27.8* -19.33

Electrode       Va(V)        In(A)       Ic(A)       It(A)
=============================================================
gate          -2.800e+000  0.000e+000  0.000e+000  0.000e+000
source         0.000e+000  0.000e+000  0.000e+000  0.000e+000
drain          7.000e-001  0.000e+000  0.000e+000  0.000e+000
Total                                              0.000e+000

Time for bias point:   1.41 sec. 
Total time:            1.10 min. 
  
ATLAS> solve vgate=-2.75

Obtaining static solution:

 V(   gate  ) = -2.75       


proj           psi     n     psi     n  
direct          x      x     rhs    rhs 
   i    j  m  -5.00* -6.00* -26.0* -20.0*
-----------------------------------------
   1       N  -0.738 -2.875 -19.34 -13.53
   2       N  -2.016 -4.162 -22.03 -16.11
   3       N  -4.631 -6.78* -27.3* -19.67

Electrode       Va(V)        In(A)       Ic(A)       It(A)
=============================================================
gate          -2.750e+000  0.000e+000  0.000e+000  0.000e+000
source         0.000e+000  0.000e+000  0.000e+000  0.000e+000
drain          7.000e-001  0.000e+000  0.000e+000  0.000e+000
Total                                              0.000e+000

Time for bias point:   1.26 sec. 
Total time:            1.14 min. 
  
ATLAS> solve vgate=-2.7

Obtaining static solution:

 V(   gate  ) = -2.7        


proj           psi     n     psi     n  
direct          x      x     rhs    rhs 
   i    j  m  -5.00* -6.00* -26.0* -20.0*
-----------------------------------------
   1       N  -0.496 -2.639 -19.11 -13.04
   2       N  -1.705 -3.848 -21.80 -15.47
   3       N  -4.216 -6.36* -26.8* -19.25

Electrode       Va(V)        In(A)       Ic(A)       It(A)
=============================================================
gate          -2.700e+000  0.000e+000  0.000e+000  0.000e+000
source         0.000e+000  0.000e+000  0.000e+000  0.000e+000
drain          7.000e-001  0.000e+000  0.000e+000  0.000e+000
Total                                              0.000e+000

Time for bias point:   1.14 sec. 
Total time:            1.18 min. 
  
ATLAS> solve vgate=-2.65

Obtaining static solution:

 V(   gate  ) = -2.65       


proj           psi     n     psi     n  
direct          x      x     rhs    rhs 
   i    j  m  -5.00* -6.00* -26.0* -20.0*
-----------------------------------------
   1       N  -0.363 -2.510 -18.86 -12.72
   2       N  -1.678 -3.819 -21.91 -15.21
   3       N  -4.268 -6.41* -27.1* -19.49

Electrode       Va(V)        In(A)       Ic(A)       It(A)
=============================================================
gate          -2.650e+000  0.000e+000  0.000e+000  0.000e+000
source         0.000e+000  0.000e+000  0.000e+000  0.000e+000
drain          7.000e-001  0.000e+000  0.000e+000  0.000e+000
Total                                              0.000e+000

Time for bias point:   1.23 sec. 
Total time:            1.22 min. 
  
ATLAS> solve vgate=-2.6

Obtaining static solution:

 V(   gate  ) = -2.6        


proj           psi     n     psi     n  
direct          x      x     rhs    rhs 
   i    j  m  -5.00* -6.00* -26.0* -20.0*
-----------------------------------------
   1       N  -0.373 -2.521 -18.60 -12.58
   2       N  -2.080 -4.197 -21.38 -15.99
   3       N  -4.728 -7.64* -26.8* -19.26

Electrode       Va(V)        In(A)       Ic(A)       It(A)
=============================================================
gate          -2.600e+000  0.000e+000  0.000e+000  0.000e+000
source         0.000e+000  0.000e+000  0.000e+000  0.000e+000
drain          7.000e-001  0.000e+000  0.000e+000  0.000e+000
Total                                              0.000e+000

Time for bias point:   1.06 sec. 
Total time:            1.26 min. 
  
ATLAS> solve vgate=-2.55

Obtaining static solution:

 V(   gate  ) = -2.55       


proj           psi     n     psi     n  
direct          x      x     rhs    rhs 
   i    j  m  -5.00* -6.00* -26.0* -20.0*
-----------------------------------------
   1       N  -0.535 -2.797 -18.37 -13.12
   2       N  -1.689 -5.025 -20.79 -17.70
   3       N  -4.082 -7.62* -25.65 -19.53
   4       N  -8.87* -12.4* -27.7* -19.38

Electrode       Va(V)        In(A)       Ic(A)       It(A)
=============================================================
gate          -2.550e+000  0.000e+000  0.000e+000  0.000e+000
source         0.000e+000  0.000e+000  0.000e+000  0.000e+000
drain          7.000e-001  0.000e+000  0.000e+000  0.000e+000
Total                                              0.000e+000

Time for bias point:   1.31 sec. 
Total time:            1.30 min. 
  
ATLAS> solve vgate=-2.5

Obtaining static solution:

 V(   gate  ) = -2.5        


proj           psi     n     psi     n  
direct          x      x     rhs    rhs 
   i    j  m  -5.00* -6.00* -26.0* -20.0*
-----------------------------------------
   1       N  -0.328 -3.296 -18.32 -14.12
   2       N  -1.570 -5.143 -20.84 -17.83
   3       N  -4.090 -7.84* -25.89 -19.41
   4       N  -9.14* -13.2* -27.8* -19.40

Electrode       Va(V)        In(A)       Ic(A)       It(A)
=============================================================
gate          -2.500e+000  0.000e+000  0.000e+000  0.000e+000
source         0.000e+000  0.000e+000  0.000e+000  0.000e+000
drain          7.000e-001  0.000e+000  0.000e+000  0.000e+000
Total                                              0.000e+000

Time for bias point:   1.24 sec. 
Total time:            1.34 min. 
  
ATLAS> solve vgate=-2.45

Obtaining static solution:

 V(   gate  ) = -2.45       


proj           psi     n     psi     n  
direct          x      x     rhs    rhs 
   i    j  m  -5.00* -6.00* -26.0* -20.0*
-----------------------------------------
   1       N  -0.328 -3.731 -18.94 -15.02
   2       N  -2.107 -5.930 -22.64 -19.40
   3       N  -5.80* -10.1* -27.8* -19.50

Electrode       Va(V)        In(A)       Ic(A)       It(A)
=============================================================
gate          -2.450e+000  0.000e+000  0.000e+000  0.000e+000
source         0.000e+000  0.000e+000  0.000e+000  0.000e+000
drain          7.000e-001  0.000e+000  0.000e+000  0.000e+000
Total                                              0.000e+000

Time for bias point:   1.05 sec. 
Total time:            1.38 min. 
  
ATLAS> solve vgate=-2.4

Obtaining static solution:

 V(   gate  ) = -2.4        


proj           psi     n     psi     n  
direct          x      x     rhs    rhs 
   i    j  m  -5.00* -6.00* -26.0* -20.0*
-----------------------------------------
   1       N  -0.689 -4.297 -20.56 -16.08
   2       N  -3.706 -7.69* -26.6* -19.56

Electrode       Va(V)        In(A)       Ic(A)       It(A)
=============================================================
gate          -2.400e+000  0.000e+000  0.000e+000  0.000e+000
source         0.000e+000  0.000e+000  0.000e+000  0.000e+000
drain          7.000e-001  0.000e+000  0.000e+000  0.000e+000
Total                                              0.000e+000

Time for bias point:   1.05 sec. 
Total time:            1.41 min. 
  
ATLAS> solve vgate=-2.35

Obtaining static solution:

 V(   gate  ) = -2.35       


proj           psi     n     psi     n  
direct          x      x     rhs    rhs 
   i    j  m  -5.00* -6.00* -26.0* -20.0*
-----------------------------------------
   1       N  -1.380 -5.206 -22.83 -16.02
   2       N  -5.97* -9.96* -27.8* -19.31

Electrode       Va(V)        In(A)       Ic(A)       It(A)
=============================================================
gate          -2.350e+000  0.000e+000  0.000e+000  0.000e+000
source         0.000e+000  0.000e+000  0.000e+000  0.000e+000
drain          7.000e-001  0.000e+000  0.000e+000  0.000e+000
Total                                              0.000e+000

Time for bias point:   0.84 sec. 
Total time:            1.45 min. 
  
ATLAS> solve vgate=-2.3

Obtaining static solution:

 V(   gate  ) = -2.3        


proj           psi     n     psi     n  
direct          x      x     rhs    rhs 
   i    j  m  -5.00* -6.00* -26.0* -20.0*
-----------------------------------------
   1       N  -2.192 -5.345 -25.30 -15.96
   2       N  -8.44* -11.0* -27.8* -19.20

Electrode       Va(V)        In(A)       Ic(A)       It(A)
=============================================================
gate          -2.300e+000  0.000e+000  0.000e+000  0.000e+000
source         0.000e+000  0.000e+000  0.000e+000  0.000e+000
drain          7.000e-001  0.000e+000  0.000e+000  0.000e+000
Total                                              0.000e+000

Time for bias point:   0.82 sec. 
Total time:            1.48 min. 
  
ATLAS> solve vgate=-2.25

Obtaining static solution:

 V(   gate  ) = -2.25       


proj           psi     n     psi     n  
direct          x      x     rhs    rhs 
   i    j  m  -5.00* -6.00* -26.0* -20.0*
-----------------------------------------
   1       N  -3.027 -5.314 -27.5* -15.90
   2       N  -10.9* -10.9* -27.8* -19.14

Electrode       Va(V)        In(A)       Ic(A)       It(A)
=============================================================
gate          -2.250e+000  0.000e+000  0.000e+000  0.000e+000
source         0.000e+000  0.000e+000  0.000e+000  0.000e+000
drain          7.000e-001  0.000e+000  0.000e+000  0.000e+000
Total                                              0.000e+000

Time for bias point:   0.72 sec. 
Total time:            1.52 min. 
  
ATLAS> solve vgate=-2.2

Obtaining static solution:

 V(   gate  ) = -2.2        


proj           psi     n     psi     n  
direct          x      x     rhs    rhs 
   i    j  m  -5.00* -6.00* -26.0* -20.0*
-----------------------------------------
   1       N  -3.867 -5.282 -27.8* -15.83
   2       N  -11.5* -10.8* -27.7* -19.64

Electrode       Va(V)        In(A)       Ic(A)       It(A)
=============================================================
gate          -2.200e+000  0.000e+000  0.000e+000  0.000e+000
source         0.000e+000  0.000e+000  0.000e+000  0.000e+000
drain          7.000e-001  0.000e+000  0.000e+000  0.000e+000
Total                                              0.000e+000

Time for bias point:   0.77 sec. 
Total time:            1.55 min. 
  
ATLAS> solve vgate=-2.15

Obtaining static solution:

 V(   gate  ) = -2.15       


proj           psi     n     psi     n  
direct          x      x     rhs    rhs 
   i    j  m  -5.00* -6.00* -26.0* -20.0*
-----------------------------------------
   1       N  -4.706 -5.249 -27.7* -15.77
   2       N  -11.4* -10.8* -27.6* -19.27

Electrode       Va(V)        In(A)       Ic(A)       It(A)
=============================================================
gate          -2.150e+000  0.000e+000  0.000e+000  0.000e+000
source         0.000e+000  0.000e+000  0.000e+000  0.000e+000
drain          7.000e-001  0.000e+000  0.000e+000  0.000e+000
Total                                              0.000e+000

Time for bias point:   0.81 sec. 
Total time:            1.58 min. 
  
ATLAS> solve vgate=-2.1

Obtaining static solution:

 V(   gate  ) = -2.1        


proj           psi     n     psi     n  
direct          x      x     rhs    rhs 
   i    j  m  -5.00* -6.00* -26.0* -20.0*
-----------------------------------------
   1       N  -5.22* -5.215 -27.8* -15.71
   2       N  -11.5* -10.7* -27.8* -19.22

Electrode       Va(V)        In(A)       Ic(A)       It(A)
=============================================================
gate          -2.100e+000  0.000e+000  0.000e+000  0.000e+000
source         0.000e+000  0.000e+000  0.000e+000  0.000e+000
drain          7.000e-001  0.000e+000  0.000e+000  0.000e+000
Total                                              0.000e+000

Time for bias point:   0.89 sec. 
Total time:            1.62 min. 
  
ATLAS> solve vgate=-2.05

Obtaining static solution:

 V(   gate  ) = -2.05       


proj           psi     n     psi     n  
direct          x      x     rhs    rhs 
   i    j  m  -5.00* -6.00* -26.0* -20.0*
-----------------------------------------
   1       N  -5.18* -5.181 -27.8* -15.64
   2       N  -11.6* -10.6* -27.9* -19.33

Electrode       Va(V)        In(A)       Ic(A)       It(A)
=============================================================
gate          -2.050e+000  0.000e+000  0.000e+000  0.000e+000
source         0.000e+000  0.000e+000  0.000e+000  0.000e+000
drain          7.000e-001  0.000e+000  0.000e+000  0.000e+000
Total                                              0.000e+000

Time for bias point:   0.85 sec. 
Total time:            1.65 min. 
  
ATLAS> solve vgate=-2

Obtaining static solution:

 V(   gate  ) = -2          


proj           psi     n     psi     n  
direct          x      x     rhs    rhs 
   i    j  m  -5.00* -6.00* -26.0* -20.0*
-----------------------------------------
   1       N  -5.15* -5.146 -27.6* -15.58
   2       N  -11.6* -10.6* -27.8* -19.28

Electrode       Va(V)        In(A)       Ic(A)       It(A)
=============================================================
gate          -2.000e+000  0.000e+000  0.000e+000  0.000e+000
source         0.000e+000  0.000e+000  0.000e+000  0.000e+000
drain          7.000e-001  0.000e+000  0.000e+000  0.000e+000
Total                                              0.000e+000

Time for bias point:   0.91 sec. 
Total time:            1.69 min. 
  
ATLAS> solve vgate=-1.95

Obtaining static solution:

 V(   gate  ) = -1.95       


proj           psi     n     psi     n  
direct          x      x     rhs    rhs 
   i    j  m  -5.00* -6.00* -26.0* -20.0*
-----------------------------------------
   1       N  -5.11* -5.110 -27.8* -15.51
   2       N  -11.6* -10.5* -27.8* -19.02

Electrode       Va(V)        In(A)       Ic(A)       It(A)
=============================================================
gate          -1.950e+000  0.000e+000  0.000e+000  0.000e+000
source         0.000e+000  0.000e+000  0.000e+000  0.000e+000
drain          7.000e-001  0.000e+000  0.000e+000  0.000e+000
Total                                              0.000e+000

Time for bias point:   1.02 sec. 
Total time:            1.73 min. 
  
ATLAS> solve vgate=-1.9

Obtaining static solution:

 V(   gate  ) = -1.9        


proj           psi     n     psi     n  
direct          x      x     rhs    rhs 
   i    j  m  -5.00* -6.00* -26.0* -20.0*
-----------------------------------------
   1       N  -5.07* -5.074 -27.8* -15.44
   2       N  -11.7* -10.4* -27.6* -19.01

Electrode       Va(V)        In(A)       Ic(A)       It(A)
=============================================================
gate          -1.900e+000  0.000e+000  0.000e+000  0.000e+000
source         0.000e+000  0.000e+000  0.000e+000  0.000e+000
drain          7.000e-001  0.000e+000  0.000e+000  0.000e+000
Total                                              0.000e+000

Time for bias point:   0.99 sec. 
Total time:            1.76 min. 
  
ATLAS> solve vgate=-1.85

Obtaining static solution:

 V(   gate  ) = -1.85       


proj           psi     n     psi     n  
direct          x      x     rhs    rhs 
   i    j  m  -5.00* -6.00* -26.0* -20.0*
-----------------------------------------
   1       N  -5.04* -5.036 -27.8* -15.37
   2       N  -11.6* -10.4* -27.9* -19.00

Electrode       Va(V)        In(A)       Ic(A)       It(A)
=============================================================
gate          -1.850e+000  0.000e+000  0.000e+000  0.000e+000
source         0.000e+000  0.000e+000  0.000e+000  0.000e+000
drain          7.000e-001  0.000e+000  0.000e+000  0.000e+000
Total                                              0.000e+000

Time for bias point:   1.11 sec. 
Total time:            1.80 min. 
  
ATLAS> solve vgate=-1.8

Obtaining static solution:

 V(   gate  ) = -1.8        


proj           psi     n     psi     n  
direct          x      x     rhs    rhs 
   i    j  m  -5.00* -6.00* -26.0* -20.0*
-----------------------------------------
   1       N  -4.999 -4.999 -27.9* -15.30
   2       N  -11.8* -10.3* -27.7* -19.46

Electrode       Va(V)        In(A)       Ic(A)       It(A)
=============================================================
gate          -1.800e+000  0.000e+000  0.000e+000  0.000e+000
source         0.000e+000  0.000e+000  0.000e+000  0.000e+000
drain          7.000e-001  0.000e+000  0.000e+000  0.000e+000
Total                                              0.000e+000

Time for bias point:   0.78 sec. 
Total time:            1.84 min. 
  
ATLAS> solve vgate=-1.75

Obtaining static solution:

 V(   gate  ) = -1.75       


proj           psi     n     psi     n  
direct          x      x     rhs    rhs 
   i    j  m  -5.00* -6.00* -26.0* -20.0*
-----------------------------------------
   1       N  -4.960 -4.960 -28.0* -15.23
   2       N  -11.7* -10.2* -27.8* -19.29

Electrode       Va(V)        In(A)       Ic(A)       It(A)
=============================================================
gate          -1.750e+000  0.000e+000  0.000e+000  0.000e+000
source         0.000e+000  0.000e+000  0.000e+000  0.000e+000
drain          7.000e-001  0.000e+000  0.000e+000  0.000e+000
Total                                              0.000e+000

Time for bias point:   0.77 sec. 
Total time:            1.87 min. 
  
ATLAS> solve vgate=-1.7

Obtaining static solution:

 V(   gate  ) = -1.7        


proj           psi     n     psi     n  
direct          x      x     rhs    rhs 
   i    j  m  -5.00* -6.00* -26.0* -20.0*
-----------------------------------------
   1       N  -4.921 -4.921 -27.7* -15.16
   2       N  -11.6* -10.1* -27.9* -19.00

Electrode       Va(V)        In(A)       Ic(A)       It(A)
=============================================================
gate          -1.700e+000  0.000e+000  0.000e+000  0.000e+000
source         0.000e+000  0.000e+000  0.000e+000  0.000e+000
drain          7.000e-001  0.000e+000  0.000e+000  0.000e+000
Total                                              0.000e+000

Time for bias point:   1.03 sec. 
Total time:            1.91 min. 
  
ATLAS> solve vgate=-1.65

Obtaining static solution:

 V(   gate  ) = -1.65       


proj           psi     n     psi     n  
direct          x      x     rhs    rhs 
   i    j  m  -5.00* -6.00* -26.0* -20.0*
-----------------------------------------
   1       N  -4.881 -4.881 -27.9* -15.09
   2       N  -11.7* -10.1* -27.9* -19.20

Electrode       Va(V)        In(A)       Ic(A)       It(A)
=============================================================
gate          -1.650e+000  0.000e+000  0.000e+000  0.000e+000
source         0.000e+000  0.000e+000  0.000e+000  0.000e+000
drain          7.000e-001  0.000e+000  0.000e+000  0.000e+000
Total                                              0.000e+000

Time for bias point:   0.87 sec. 
Total time:            1.95 min. 
  
ATLAS> solve vgate=-1.6

Obtaining static solution:

 V(   gate  ) = -1.6        


proj           psi     n     psi     n  
direct          x      x     rhs    rhs 
   i    j  m  -5.00* -6.00* -26.0* -20.0*
-----------------------------------------
   1       N  -4.841 -4.841 -27.9* -15.01
   2       N  -11.7* -9.97* -28.0* -19.29

Electrode       Va(V)        In(A)       Ic(A)       It(A)
=============================================================
gate          -1.600e+000  0.000e+000  0.000e+000  0.000e+000
source         0.000e+000  0.000e+000  0.000e+000  0.000e+000
drain          7.000e-001  0.000e+000  0.000e+000  0.000e+000
Total                                              0.000e+000

Time for bias point:   1.06 sec. 
Total time:            1.99 min. 
  
ATLAS> solve vgate=-1.55

Obtaining static solution:

 V(   gate  ) = -1.55       


proj           psi     n     psi     n  
direct          x      x     rhs    rhs 
   i    j  m  -5.00* -6.00* -26.0* -20.0*
-----------------------------------------
   1       N  -4.800 -4.799 -27.8* -14.94
   2       N  -11.7* -9.89* -28.0* -19.13

Electrode       Va(V)        In(A)       Ic(A)       It(A)
=============================================================
gate          -1.550e+000  0.000e+000  0.000e+000  0.000e+000
source         0.000e+000  0.000e+000  0.000e+000  0.000e+000
drain          7.000e-001  0.000e+000  0.000e+000  0.000e+000
Total                                              0.000e+000

Time for bias point:   0.85 sec. 
Total time:            2.02 min. 
  
ATLAS> solve vgate=-1.5

Obtaining static solution:

 V(   gate  ) = -1.5        


proj           psi     n     psi     n  
direct          x      x     rhs    rhs 
   i    j  m  -5.00* -6.00* -26.0* -20.0*
-----------------------------------------
   1       N  -4.757 -4.757 -27.9* -14.86
   2       N  -11.7* -9.80* -27.9* -19.26

Electrode       Va(V)        In(A)       Ic(A)       It(A)
=============================================================
gate          -1.500e+000  0.000e+000  0.000e+000  0.000e+000
source         0.000e+000  0.000e+000  0.000e+000  0.000e+000
drain          7.000e-001  0.000e+000  0.000e+000  0.000e+000
Total                                              0.000e+000

Time for bias point:   0.93 sec. 
Total time:            2.06 min. 
  
ATLAS> solve vgate=-1.45

Obtaining static solution:

 V(   gate  ) = -1.45       


proj           psi     n     psi     n  
direct          x      x     rhs    rhs 
   i    j  m  -5.00* -6.00* -26.0* -20.0*
-----------------------------------------
   1       N  -4.713 -4.713 -27.9* -14.78
   2       N  -11.8* -9.72* -28.0* -19.15

Electrode       Va(V)        In(A)       Ic(A)       It(A)
=============================================================
gate          -1.450e+000  0.000e+000  0.000e+000  0.000e+000
source         0.000e+000  0.000e+000  0.000e+000  0.000e+000
drain          7.000e-001  0.000e+000  0.000e+000  0.000e+000
Total                                              0.000e+000

Time for bias point:   0.66 sec. 
Total time:            2.09 min. 
  
ATLAS> solve vgate=-1.4

Obtaining static solution:

 V(   gate  ) = -1.4        


proj           psi     n     psi     n  
direct          x      x     rhs    rhs 
   i    j  m  -5.00* -6.00* -26.0* -20.0*
-----------------------------------------
   1       N  -4.668 -4.668 -27.9* -14.70
   2       N  -11.7* -9.63* -27.9* -19.09

Electrode       Va(V)        In(A)       Ic(A)       It(A)
=============================================================
gate          -1.400e+000  0.000e+000  0.000e+000  0.000e+000
source         0.000e+000  0.000e+000  0.000e+000  0.000e+000
drain          7.000e-001  0.000e+000  0.000e+000  0.000e+000
Total                                              0.000e+000

Time for bias point:   0.96 sec. 
Total time:            2.13 min. 
  
ATLAS> solve vgate=-1.35

Obtaining static solution:

 V(   gate  ) = -1.35       


proj           psi     n     psi     n  
direct          x      x     rhs    rhs 
   i    j  m  -5.00* -6.00* -26.0* -20.0*
-----------------------------------------
   1       N  -4.623 -4.623 -27.9* -14.62
   2       N  -11.7* -9.54* -28.0* -19.38

Electrode       Va(V)        In(A)       Ic(A)       It(A)
=============================================================
gate          -1.350e+000  0.000e+000  0.000e+000  0.000e+000
source         0.000e+000  0.000e+000  0.000e+000  0.000e+000
drain          7.000e-001  0.000e+000  0.000e+000  0.000e+000
Total                                              0.000e+000

Time for bias point:   0.90 sec. 
Total time:            2.16 min. 
  
ATLAS> solve vgate=-1.3

Obtaining static solution:

 V(   gate  ) = -1.3        


proj           psi     n     psi     n  
direct          x      x     rhs    rhs 
   i    j  m  -5.00* -6.00* -26.0* -20.0*
-----------------------------------------
   1       N  -4.576 -4.576 -27.9* -14.53
   2       N  -11.7* -9.44* -27.9* -18.99

Electrode       Va(V)        In(A)       Ic(A)       It(A)
=============================================================
gate          -1.300e+000  0.000e+000  0.000e+000  0.000e+000
source         0.000e+000  0.000e+000  0.000e+000  0.000e+000
drain          7.000e-001  0.000e+000  0.000e+000  0.000e+000
Total                                              0.000e+000

Time for bias point:   0.85 sec. 
Total time:            2.20 min. 
  
ATLAS> solve vgate=-1.25

Obtaining static solution:

 V(   gate  ) = -1.25       


proj           psi     n     psi     n  
direct          x      x     rhs    rhs 
   i    j  m  -5.00* -6.00* -26.0* -20.0*
-----------------------------------------
   1       N  -4.529 -4.529 -27.8* -14.45
   2       N  -11.6* -9.35* -28.0* -19.22

Electrode       Va(V)        In(A)       Ic(A)       It(A)
=============================================================
gate          -1.250e+000  0.000e+000  0.000e+000  0.000e+000
source         0.000e+000  0.000e+000  0.000e+000  0.000e+000
drain          7.000e-001  0.000e+000  0.000e+000  0.000e+000
Total                                              0.000e+000

Time for bias point:   1.06 sec. 
Total time:            2.24 min. 
  
ATLAS> solve vgate=-1.2

Obtaining static solution:

 V(   gate  ) = -1.2        


proj           psi     n     psi     n  
direct          x      x     rhs    rhs 
   i    j  m  -5.00* -6.00* -26.0* -20.0*
-----------------------------------------
   1       N  -4.481 -4.481 -27.8* -14.36
   2       N  -11.7* -9.25* -28.0* -19.09

Electrode       Va(V)        In(A)       Ic(A)       It(A)
=============================================================
gate          -1.200e+000  0.000e+000  0.000e+000  0.000e+000
source         0.000e+000  0.000e+000  0.000e+000  0.000e+000
drain          7.000e-001  0.000e+000  0.000e+000  0.000e+000
Total                                              0.000e+000

Time for bias point:   0.93 sec. 
Total time:            2.28 min. 
  
ATLAS> solve vgate=-1.15

Obtaining static solution:

 V(   gate  ) = -1.15       


proj           psi     n     psi     n  
direct          x      x     rhs    rhs 
   i    j  m  -5.00* -6.00* -26.0* -20.0*
-----------------------------------------
   1       N  -4.432 -4.431 -27.6* -14.28
   2       N  -11.7* -9.16* -28.1* -19.40

Electrode       Va(V)        In(A)       Ic(A)       It(A)
=============================================================
gate          -1.150e+000  0.000e+000  0.000e+000  0.000e+000
source         0.000e+000  0.000e+000  0.000e+000  0.000e+000
drain          7.000e-001  0.000e+000  0.000e+000  0.000e+000
Total                                              0.000e+000

Time for bias point:   0.85 sec. 
Total time:            2.31 min. 
  
ATLAS> solve vgate=-1.1

Obtaining static solution:

 V(   gate  ) = -1.1        


proj           psi     n     psi     n  
direct          x      x     rhs    rhs 
   i    j  m  -5.00* -6.00* -26.0* -20.0*
-----------------------------------------
   1       N  -4.382 -4.381 -27.5* -14.19
   2       N  -11.7* -9.06* -28.0* -18.97

Electrode       Va(V)        In(A)       Ic(A)       It(A)
=============================================================
gate          -1.100e+000  0.000e+000  0.000e+000  0.000e+000
source         0.000e+000  0.000e+000  0.000e+000  0.000e+000
drain          7.000e-001  0.000e+000  0.000e+000  0.000e+000
Total                                              0.000e+000

Time for bias point:   0.69 sec. 
Total time:            2.35 min. 
  
ATLAS> solve vgate=-1.05

Obtaining static solution:

 V(   gate  ) = -1.05       


proj           psi     n     psi     n  
direct          x      x     rhs    rhs 
   i    j  m  -5.00* -6.00* -26.0* -20.0*
-----------------------------------------
   1       N  -4.331 -4.331 -27.4* -14.09
   2       N  -11.8* -8.96* -28.1* -19.30

Electrode       Va(V)        In(A)       Ic(A)       It(A)
=============================================================
gate          -1.050e+000  0.000e+000  0.000e+000  0.000e+000
source         0.000e+000  0.000e+000  0.000e+000  0.000e+000
drain          7.000e-001  0.000e+000  0.000e+000  0.000e+000
Total                                              0.000e+000

Time for bias point:   0.94 sec. 
Total time:            2.38 min. 
  
ATLAS> solve vgate=-1

Obtaining static solution:

 V(   gate  ) = -1          


proj           psi     n     psi     n  
direct          x      x     rhs    rhs 
   i    j  m  -5.00* -6.00* -26.0* -20.0*
-----------------------------------------
   1       N  -4.279 -4.279 -27.3* -14.00
   2       N  -11.7* -8.85* -28.0* -18.90

Electrode       Va(V)        In(A)       Ic(A)       It(A)
=============================================================
gate          -1.000e+000  0.000e+000  0.000e+000  0.000e+000
source         0.000e+000  0.000e+000  0.000e+000  0.000e+000
drain          7.000e-001  0.000e+000  0.000e+000  0.000e+000
Total                                              0.000e+000

Time for bias point:   0.98 sec. 
Total time:            2.42 min. 
  
ATLAS> solve vgate=-0.95

Obtaining static solution:

 V(   gate  ) = -0.95       


proj           psi     n     psi     n  
direct          x      x     rhs    rhs 
   i    j  m  -5.00* -6.00* -26.0* -20.0*
-----------------------------------------
   1       N  -4.226 -4.226 -27.2* -13.91
   2       N  -11.5* -8.75* -28.1* -19.17

Electrode       Va(V)        In(A)       Ic(A)       It(A)
=============================================================
gate          -9.500e-001  0.000e+000  0.000e+000  0.000e+000
source         0.000e+000  0.000e+000  0.000e+000  0.000e+000
drain          7.000e-001  0.000e+000  0.000e+000  0.000e+000
Total                                              0.000e+000

Time for bias point:   0.80 sec. 
Total time:            2.46 min. 
  
ATLAS> solve vgate=-0.9

Obtaining static solution:

 V(   gate  ) = -0.9        


proj           psi     n     psi     n  
direct          x      x     rhs    rhs 
   i    j  m  -5.00* -6.00* -26.0* -20.0*
-----------------------------------------
   1       N  -4.172 -4.172 -27.1* -13.81
   2       N  -11.4* -8.64* -28.1* -19.09

Electrode       Va(V)        In(A)       Ic(A)       It(A)
=============================================================
gate          -9.000e-001  0.000e+000  0.000e+000  0.000e+000
source         0.000e+000  0.000e+000  0.000e+000  0.000e+000
drain          7.000e-001  0.000e+000  0.000e+000  0.000e+000
Total                                              0.000e+000

Time for bias point:   0.91 sec. 
Total time:            2.49 min. 
  
ATLAS> solve vgate=-0.85

Obtaining static solution:

 V(   gate  ) = -0.85       


proj           psi     n     psi     n  
direct          x      x     rhs    rhs 
   i    j  m  -5.00* -6.00* -26.0* -20.0*
-----------------------------------------
   1       N  -4.117 -4.116 -27.0* -13.71
   2       N  -11.2* -8.53* -28.1* -18.89

Electrode       Va(V)        In(A)       Ic(A)       It(A)
=============================================================
gate          -8.500e-001  0.000e+000  0.000e+000  0.000e+000
source         0.000e+000  0.000e+000  0.000e+000  0.000e+000
drain          7.000e-001  0.000e+000  0.000e+000  0.000e+000
Total                                              0.000e+000

Time for bias point:   0.93 sec. 
Total time:            2.52 min. 
  
ATLAS> solve vgate=-0.8

Obtaining static solution:

 V(   gate  ) = -0.8        


proj           psi     n     psi     n  
direct          x      x     rhs    rhs 
   i    j  m  -5.00* -6.00* -26.0* -20.0*
-----------------------------------------
   1       N  -4.061 -4.060 -26.8* -13.61
   2       N  -11.1* -8.42* -28.0* -18.91

Electrode       Va(V)        In(A)       Ic(A)       It(A)
=============================================================
gate          -8.000e-001  0.000e+000  0.000e+000  0.000e+000
source         0.000e+000  0.000e+000  0.000e+000  0.000e+000
drain          7.000e-001  0.000e+000  0.000e+000  0.000e+000
Total                                              0.000e+000

Time for bias point:   0.80 sec. 
Total time:            2.56 min. 
  
ATLAS> solve vgate=-0.75

Obtaining static solution:

 V(   gate  ) = -0.75       


proj           psi     n     psi     n  
direct          x      x     rhs    rhs 
   i    j  m  -5.00* -6.00* -26.0* -20.0*
-----------------------------------------
   1       N  -4.004 -4.003 -26.7* -13.51
   2       N  -10.9* -8.30* -28.1* -18.67

Electrode       Va(V)        In(A)       Ic(A)       It(A)
=============================================================
gate          -7.500e-001  0.000e+000  0.000e+000  0.000e+000
source         0.000e+000  0.000e+000  0.000e+000  0.000e+000
drain          7.000e-001  0.000e+000  0.000e+000  0.000e+000
Total                                              0.000e+000

Time for bias point:   0.79 sec. 
Total time:            2.59 min. 
  
ATLAS> solve vgate=-0.7

Obtaining static solution:

 V(   gate  ) = -0.7        


proj           psi     n     psi     n  
direct          x      x     rhs    rhs 
   i    j  m  -5.00* -6.00* -26.0* -20.0*
-----------------------------------------
   1       N  -3.946 -3.945 -26.6* -13.40
   2       N  -10.8* -8.19* -28.0* -18.99

Electrode       Va(V)        In(A)       Ic(A)       It(A)
=============================================================
gate          -7.000e-001  0.000e+000  0.000e+000  0.000e+000
source         0.000e+000  0.000e+000  0.000e+000  0.000e+000
drain          7.000e-001  0.000e+000  0.000e+000  0.000e+000
Total                                              0.000e+000

Time for bias point:   0.91 sec. 
Total time:            2.63 min. 
  
ATLAS> solve vgate=-0.65

Obtaining static solution:

 V(   gate  ) = -0.65       


proj           psi     n     psi     n  
direct          x      x     rhs    rhs 
   i    j  m  -5.00* -6.00* -26.0* -20.0*
-----------------------------------------
   1       N  -3.887 -3.886 -26.4* -13.30
   2       N  -10.6* -8.07* -28.3* -19.08

Electrode       Va(V)        In(A)       Ic(A)       It(A)
=============================================================
gate          -6.500e-001  0.000e+000  0.000e+000  0.000e+000
source         0.000e+000  0.000e+000  0.000e+000  0.000e+000
drain          7.000e-001  0.000e+000  0.000e+000  0.000e+000
Total                                              0.000e+000

Time for bias point:   1.07 sec. 
Total time:            2.67 min. 
  
ATLAS> solve vgate=-0.6

Obtaining static solution:

 V(   gate  ) = -0.6        


proj           psi     n     psi     n  
direct          x      x     rhs    rhs 
   i    j  m  -5.00* -6.00* -26.0* -20.0*
-----------------------------------------
   1       N  -3.827 -3.827 -26.3* -13.19
   2       N  -10.5* -7.95* -28.2* -18.89

Electrode       Va(V)        In(A)       Ic(A)       It(A)
=============================================================
gate          -6.000e-001  0.000e+000  0.000e+000  0.000e+000
source         0.000e+000  0.000e+000  0.000e+000  0.000e+000
drain          7.000e-001  0.000e+000  0.000e+000  0.000e+000
Total                                              0.000e+000

Time for bias point:   0.98 sec. 
Total time:            2.71 min. 
  
ATLAS> solve vgate=-0.55

Obtaining static solution:

 V(   gate  ) = -0.55       


proj           psi     n     psi     n  
direct          x      x     rhs    rhs 
   i    j  m  -5.00* -6.00* -26.0* -20.0*
-----------------------------------------
   1       N  -3.767 -3.766 -26.1* -13.08
   2       N  -10.3* -7.83* -28.2* -18.88

Electrode       Va(V)        In(A)       Ic(A)       It(A)
=============================================================
gate          -5.500e-001  0.000e+000  0.000e+000  0.000e+000
source         0.000e+000  0.000e+000  0.000e+000  0.000e+000
drain          7.000e-001  0.000e+000  0.000e+000  0.000e+000
Total                                              0.000e+000

Time for bias point:   1.11 sec. 
Total time:            2.75 min. 
  
ATLAS> solve vgate=-0.5

Obtaining static solution:

 V(   gate  ) = -0.5        


proj           psi     n     psi     n  
direct          x      x     rhs    rhs 
   i    j  m  -5.00* -6.00* -26.0* -20.0*
-----------------------------------------
   1       N  -3.706 -3.705 -25.99 -12.97
   2       N  -10.1* -7.71* -28.2* -18.73

Electrode       Va(V)        In(A)       Ic(A)       It(A)
=============================================================
gate          -5.000e-001  0.000e+000  0.000e+000  0.000e+000
source         0.000e+000  0.000e+000  0.000e+000  0.000e+000
drain          7.000e-001  0.000e+000  0.000e+000  0.000e+000
Total                                              0.000e+000

Time for bias point:   1.00 sec. 
Total time:            2.79 min. 
  
ATLAS> solve vgate=-0.45

Obtaining static solution:

 V(   gate  ) = -0.45       


proj           psi     n     psi     n  
direct          x      x     rhs    rhs 
   i    j  m  -5.00* -6.00* -26.0* -20.0*
-----------------------------------------
   1       N  -3.645 -3.644 -25.85 -12.85
   2       N  -9.96* -7.59* -28.2* -18.76

Electrode       Va(V)        In(A)       Ic(A)       It(A)
=============================================================
gate          -4.500e-001  0.000e+000  0.000e+000  0.000e+000
source         0.000e+000  0.000e+000  0.000e+000  0.000e+000
drain          7.000e-001  0.000e+000  0.000e+000  0.000e+000
Total                                              0.000e+000

Time for bias point:   1.03 sec. 
Total time:            2.84 min. 
  
ATLAS> solve vgate=-0.4

Obtaining static solution:

 V(   gate  ) = -0.4        


proj           psi     n     psi     n  
direct          x      x     rhs    rhs 
   i    j  m  -5.00* -6.00* -26.0* -20.0*
-----------------------------------------
   1       N  -3.583 -3.581 -25.68 -12.74
   2       N  -9.78* -7.46* -28.3* -18.85

Electrode       Va(V)        In(A)       Ic(A)       It(A)
=============================================================
gate          -4.000e-001  0.000e+000  0.000e+000  0.000e+000
source         0.000e+000  0.000e+000  0.000e+000  0.000e+000
drain          7.000e-001  0.000e+000  0.000e+000  0.000e+000
Total                                              0.000e+000

Time for bias point:   0.92 sec. 
Total time:            2.88 min. 
  
ATLAS> solve vgate=-0.35

Obtaining static solution:

 V(   gate  ) = -0.35       


proj           psi     n     psi     n  
direct          x      x     rhs    rhs 
   i    j  m  -5.00* -6.00* -26.0* -20.0*
-----------------------------------------
   1       N  -3.520 -3.518 -25.52 -12.62
   2       N  -9.61* -7.34* -28.4* -18.63

Electrode       Va(V)        In(A)       Ic(A)       It(A)
=============================================================
gate          -3.500e-001  0.000e+000  0.000e+000  0.000e+000
source         0.000e+000  0.000e+000  0.000e+000  0.000e+000
drain          7.000e-001  0.000e+000  0.000e+000  0.000e+000
Total                                              0.000e+000

Time for bias point:   1.09 sec. 
Total time:            2.92 min. 
  
ATLAS> solve vgate=-0.3

Obtaining static solution:

 V(   gate  ) = -0.3        


proj           psi     n     psi     n  
direct          x      x     rhs    rhs 
   i    j  m  -5.00* -6.00* -26.0* -20.0*
-----------------------------------------
   1       N  -3.457 -3.455 -25.36 -12.50
   2       N  -9.43* -7.21* -28.3* -18.86

Electrode       Va(V)        In(A)       Ic(A)       It(A)
=============================================================
gate          -3.000e-001  0.000e+000  0.000e+000  0.000e+000
source         0.000e+000 -2.065e-021 -2.065e-021 -2.065e-021
drain          7.000e-001  2.065e-021  2.065e-021  2.065e-021
Total                                             -9.291e-035

Time for bias point:   0.89 sec. 
Total time:            2.96 min. 
  
ATLAS> solve vgate=-0.25

Obtaining static solution:

 V(   gate  ) = -0.25       


proj           psi     n     psi     n  
direct          x      x     rhs    rhs 
   i    j  m  -5.00* -6.00* -26.0* -20.0*
-----------------------------------------
   1       N  -3.393 -3.299 -25.19 -12.39
   2       N  -9.25* -7.09* -28.5* -18.83

Electrode       Va(V)        In(A)       Ic(A)       It(A)
=============================================================
gate          -2.500e-001  0.000e+000  0.000e+000  0.000e+000
source         0.000e+000 -8.259e-021 -8.259e-021 -8.259e-021
drain          7.000e-001  8.259e-021  8.259e-021  8.259e-021
Total                                             -3.716e-034

Time for bias point:   1.00 sec. 
Total time:            3.00 min. 
  
ATLAS> solve vgate=-0.2

Obtaining static solution:

 V(   gate  ) = -0.2        


proj           psi     n     psi     n  
direct          x      x     rhs    rhs 
   i    j  m  -5.00* -6.00* -26.0* -20.0*
-----------------------------------------
   1       N  -3.328 -2.810 -25.02 -12.27
   2       N  -9.07* -6.95* -28.3* -18.63

Electrode       Va(V)        In(A)       Ic(A)       It(A)
=============================================================
gate          -2.000e-001  0.000e+000  0.000e+000  0.000e+000
source         0.000e+000 -4.955e-020 -4.955e-020 -4.955e-020
drain          7.000e-001  4.955e-020  4.955e-020  4.955e-020
Total                                             -2.233e-033

Time for bias point:   0.98 sec. 
Total time:            3.04 min. 
  
ATLAS> solve vgate=-0.15

Obtaining static solution:

 V(   gate  ) = -0.15       


proj           psi     n     psi     n  
direct          x      x     rhs    rhs 
   i    j  m  -5.00* -6.00* -26.0* -20.0*
-----------------------------------------
   1       N  -3.262 -2.769 -24.84 -12.15
   2       N  -8.88* -6.82* -28.4* -18.74

Electrode       Va(V)        In(A)       Ic(A)       It(A)
=============================================================
gate          -1.500e-001  0.000e+000  0.000e+000  0.000e+000
source         0.000e+000 -3.489e-019 -3.489e-019 -3.489e-019
drain          7.000e-001  3.489e-019  3.489e-019  3.489e-019
Total                                             -1.579e-032

Time for bias point:   1.14 sec. 
Total time:            3.08 min. 
  
ATLAS> solve vgate=-0.1

Obtaining static solution:

 V(   gate  ) = -0.1        


proj           psi     n     psi     n  
direct          x      x     rhs    rhs 
   i    j  m  -5.00* -6.00* -26.0* -20.0*
-----------------------------------------
   1       N  -3.196 -2.735 -24.66 -12.01
   2       N  -8.70* -6.69* -28.5* -18.55

Electrode       Va(V)        In(A)       Ic(A)       It(A)
=============================================================
gate          -1.000e-001  0.000e+000  0.000e+000  0.000e+000
source         0.000e+000 -2.407e-018 -2.407e-018 -2.407e-018
drain          7.000e-001  2.407e-018  2.407e-018  2.407e-018
Total                                             -1.082e-031

Time for bias point:   1.05 sec. 
Total time:            3.12 min. 
  
ATLAS> solve vgate=-0.05

Obtaining static solution:

 V(   gate  ) = -0.05       


proj           psi     n     psi     n  
direct          x      x     rhs    rhs 
   i    j  m  -5.00* -6.00* -26.0* -20.0*
-----------------------------------------
   1       N  -3.130 -2.708 -24.48 -11.85
   2       N  -8.51* -6.56* -28.5* -18.70

Electrode       Va(V)        In(A)       Ic(A)       It(A)
=============================================================
gate          -5.000e-002  0.000e+000  0.000e+000  0.000e+000
source         0.000e+000 -1.666e-017 -1.666e-017 -1.666e-017
drain          7.000e-001  1.666e-017  1.666e-017  1.666e-017
Total                                              1.032e-021

Time for bias point:   0.85 sec. 
Total time:            3.16 min. 
  
ATLAS> solve vgate=0

Obtaining static solution:

 V(   gate  ) = 0           


proj           psi     n     psi     n  
direct          x      x     rhs    rhs 
   i    j  m  -5.00* -6.00* -26.0* -20.0*
-----------------------------------------
   1       N  -3.063 -2.703 -24.28 -11.69
   2       N  -8.32* -6.43* -28.6* -18.58

Electrode       Va(V)        In(A)       Ic(A)       It(A)
=============================================================
gate           0.000e+000  0.000e+000  0.000e+000  0.000e+000
source         0.000e+000 -1.152e-016 -1.152e-016 -1.152e-016
drain          7.000e-001  1.152e-016  1.152e-016  1.152e-016
Total                                             -3.097e-021

Time for bias point:   0.85 sec. 
Total time:            3.20 min. 
  
ATLAS> solve vgate=0.05

Obtaining static solution:

 V(   gate  ) = 0.05        


proj           psi     n     psi     n  
direct          x      x     rhs    rhs 
   i    j  m  -5.00* -6.00* -26.0* -20.0*
-----------------------------------------
   1       N  -2.743 -2.741 -24.09 -11.54
   2       N  -8.13* -5.785 -28.7* -18.50

Electrode       Va(V)        In(A)       Ic(A)       It(A)
=============================================================
gate           5.000e-002  0.000e+000  0.000e+000  0.000e+000
source         0.000e+000 -7.956e-016 -7.956e-016 -7.956e-016
drain          7.000e-001  7.956e-016  7.956e-016  7.956e-016
Total                                              2.065e-021

Time for bias point:   0.84 sec. 
Total time:            3.24 min. 
  
ATLAS> solve vgate=0.1

Obtaining static solution:

 V(   gate  ) = 0.1         


proj           psi     n     psi     n  
direct          x      x     rhs    rhs 
   i    j  m  -5.00* -6.00* -26.0* -20.0*
-----------------------------------------
   1       N  -2.237 -2.235 -23.89 -11.39
   2       N  -7.11* -4.773 -28.5* -18.57

Electrode       Va(V)        In(A)       Ic(A)       It(A)
=============================================================
gate           1.000e-001  0.000e+000  0.000e+000  0.000e+000
source         0.000e+000 -5.479e-015 -5.479e-015 -5.479e-015
drain          7.000e-001  5.479e-015  5.479e-015  5.479e-015
Total                                              5.162e-021

Time for bias point:   0.81 sec. 
Total time:            3.28 min. 
  
ATLAS> solve vgate=0.15

Obtaining static solution:

 V(   gate  ) = 0.15        


proj           psi     n     psi     n  
direct          x      x     rhs    rhs 
   i    j  m  -5.00* -6.00* -26.0* -20.0*
-----------------------------------------
   1       N  -1.737 -1.736 -23.13 -11.24
   2       N  -5.61* -3.775 -27.4* -18.27

Electrode       Va(V)        In(A)       Ic(A)       It(A)
=============================================================
gate           1.500e-001  0.000e+000  0.000e+000  0.000e+000
source         0.000e+000 -3.735e-014 -3.735e-014 -3.735e-014
drain          7.000e-001  3.735e-014  3.735e-014  3.735e-014
Total                                              3.613e-021

Time for bias point:   1.00 sec. 
Total time:            3.31 min. 
  
ATLAS> solve vgate=0.2

Obtaining static solution:

 V(   gate  ) = 0.2         


proj           psi     n     psi     n  
direct          x      x     rhs    rhs 
   i    j  m  -5.00* -6.00* -26.0* -20.0*
-----------------------------------------
   1       N  -1.265 -1.264 -21.58 -10.26
   2       N  -4.194 -2.832 -24.86 -14.95
   3       N  -7.58* -7.55* -28.6* -18.63

Electrode       Va(V)        In(A)       Ic(A)       It(A)
=============================================================
gate           2.000e-001  0.000e+000  0.000e+000  0.000e+000
source         0.000e+000 -2.464e-013 -2.464e-013 -2.464e-013
drain          7.000e-001  2.464e-013  2.464e-013  2.464e-013
Total                                             -2.065e-021

Time for bias point:   1.17 sec. 
Total time:            3.36 min. 
  
ATLAS> solve vgate=0.25

Obtaining static solution:

 V(   gate  ) = 0.25        


proj           psi     n     psi     n  
direct          x      x     rhs    rhs 
   i    j  m  -5.00* -6.00* -26.0* -20.0*
-----------------------------------------
   1       N  -0.846 -0.844 -20.18 -8.610
   2       N  -2.952 -1.988 -22.65 -12.05
   3       N  -5.44* -5.681 -28.8* -18.45

Electrode       Va(V)        In(A)       Ic(A)       It(A)
=============================================================
gate           2.500e-001  0.000e+000  0.000e+000  0.000e+000
source         0.000e+000 -1.483e-012 -1.483e-012 -1.483e-012
drain          7.000e-001  1.483e-012  1.483e-012  1.483e-012
Total                                              5.162e-021

Time for bias point:   1.46 sec. 
Total time:            3.40 min. 
  
ATLAS> solve vgate=0.3

Obtaining static solution:

 V(   gate  ) = 0.3         


proj           psi     n     psi     n  
direct          x      x     rhs    rhs 
   i    j  m  -5.00* -6.00* -26.0* -20.0*
-----------------------------------------
   1       N  -0.574 -0.572 -19.12 -7.337
   2       N  -2.102 -1.437 -21.08 -9.971
   3       N  -3.948 -4.482 -27.6* -15.21

Electrode       Va(V)        In(A)       Ic(A)       It(A)
=============================================================
gate           3.000e-001  0.000e+000  0.000e+000  0.000e+000
source         0.000e+000 -7.369e-012 -7.369e-012 -7.369e-012
drain          7.000e-001  7.369e-012  7.369e-012  7.369e-012
Total                                              4.129e-021

Time for bias point:   1.15 sec. 
Total time:            3.44 min. 
  
ATLAS> solve vgate=0.35

Obtaining static solution:

 V(   gate  ) = 0.35        


proj           psi     n     psi     n  
direct          x      x     rhs    rhs 
   i    j  m  -5.00* -6.00* -26.0* -20.0*
-----------------------------------------
   1       N  -0.497 -0.495 -18.56 -6.604
   2       N  -1.781 -1.298 -20.40 -8.946
   3       N  -3.397 -4.049 -26.3* -13.48

Electrode       Va(V)        In(A)       Ic(A)       It(A)
=============================================================
gate           3.500e-001  0.000e+000  0.000e+000  0.000e+000
source         0.000e+000 -2.797e-011 -2.797e-011 -2.797e-011
drain          7.000e-001  2.797e-011  2.797e-011  2.797e-011
Total                                              2.322e-021

Time for bias point:   1.05 sec. 
Total time:            3.48 min. 
  
ATLAS> solve vgate=0.4

Obtaining static solution:

 V(   gate  ) = 0.4         


proj           psi     n     psi     n  
direct          x      x     rhs    rhs 
   i    j  m  -5.00* -6.00* -26.0* -20.0*
-----------------------------------------
   1       N  -0.572 -0.553 -18.46 -6.342
   2       N  -1.871 -1.494 -20.50 -8.790
   3       N  -3.609 -4.263 -26.3* -13.35

Electrode       Va(V)        In(A)       Ic(A)       It(A)
=============================================================
gate           4.000e-001  0.000e+000  0.000e+000  0.000e+000
source         0.000e+000 -8.171e-011 -8.171e-011 -8.171e-011
drain          7.000e-001  8.171e-011  8.171e-011  8.171e-011
Total                                              3.613e-021

Time for bias point:   1.05 sec. 
Total time:            3.52 min. 
  
ATLAS> solve vgate=0.45

Obtaining static solution:

 V(   gate  ) = 0.45        


proj           psi     n     psi     n  
direct          x      x     rhs    rhs 
   i    j  m  -5.00* -6.00* -26.0* -20.0*
-----------------------------------------
   1       N  -0.723 -0.668 -18.60 -6.340
   2       N  -2.161 -1.813 -20.99 -9.092
   3       N  -4.179 -4.814 -27.1* -14.09

Electrode       Va(V)        In(A)       Ic(A)       It(A)
=============================================================
gate           4.500e-001  0.000e+000  0.000e+000  0.000e+000
source         0.000e+000 -1.939e-010 -1.939e-010 -1.939e-010
drain          7.000e-001  1.939e-010  1.939e-010  1.939e-010
Total                                              5.193e-022

Time for bias point:   0.97 sec. 
Total time:            3.56 min. 
  
ATLAS> solve vgate=0.5

Obtaining static solution:

 V(   gate  ) = 0.5         


proj           psi     n     psi     n  
direct          x      x     rhs    rhs 
   i    j  m  -5.00* -6.00* -26.0* -20.0*
-----------------------------------------
   1       N  -0.894 -0.803 -18.80 -6.431
   2       N  -2.508 -2.151 -21.59 -9.532
   3       N  -4.835 -5.446 -28.1* -15.07

Electrode       Va(V)        In(A)       Ic(A)       It(A)
=============================================================
gate           5.000e-001  0.000e+000  0.000e+000  0.000e+000
source         0.000e+000 -3.950e-010 -3.950e-010 -3.950e-010
drain          7.000e-001  3.950e-010  3.950e-010  3.950e-010
Total                                             -6.687e-021

Time for bias point:   1.19 sec. 
Total time:            3.60 min. 
  
ATLAS> solve vgate=0.55

Obtaining static solution:

 V(   gate  ) = 0.55        


proj           psi     n     psi     n  
direct          x      x     rhs    rhs 
   i    j  m  -5.00* -6.00* -26.0* -20.0*
-----------------------------------------
   1       N  -1.033 -0.420 -18.76 -6.524
   2       N  -2.327 -2.478 -22.49 -10.06
   3       N  -5.55* -5.369 -28.3* -16.02

Electrode       Va(V)        In(A)       Ic(A)       It(A)
=============================================================
gate           5.500e-001  0.000e+000  0.000e+000  0.000e+000
source         0.000e+000 -7.200e-010 -7.200e-010 -7.200e-010
drain          7.000e-001  7.200e-010  7.200e-010  7.200e-010
Total                                              2.411e-021

Time for bias point:   1.05 sec. 
Total time:            3.64 min. 
  
ATLAS> solve vgate=0.6

Obtaining static solution:

 V(   gate  ) = 0.6         


proj           psi     n     psi     n  
direct          x      x     rhs    rhs 
   i    j  m  -5.00* -6.00* -26.0* -20.0*
-----------------------------------------
   1       N  -1.147 -0.237 -18.30 -5.917
   2       N  -1.955 -2.170 -21.78 -9.026
   3       N  -4.958 -4.713 -26.9* -14.91

Electrode       Va(V)        In(A)       Ic(A)       It(A)
=============================================================
gate           6.000e-001  0.000e+000  0.000e+000  0.000e+000
source         0.000e+000 -1.209e-009 -1.209e-009 -1.209e-009
drain          7.000e-001  1.209e-009  1.209e-009  1.209e-009
Total                                             -5.133e-021

Time for bias point:   1.16 sec. 
Total time:            3.68 min. 
  
ATLAS> solve vgate=0.65

Obtaining static solution:

 V(   gate  ) = 0.65        


proj           psi     n     psi     n  
direct          x      x     rhs    rhs 
   i    j  m  -5.00* -6.00* -26.0* -20.0*
-----------------------------------------
   1       N  -1.290 -0.293 -18.30 -5.507
   2       N  -2.098 -2.275 -21.91 -8.752
   3       N  -5.30* -4.919 -27.3* -14.80

Electrode       Va(V)        In(A)       Ic(A)       It(A)
=============================================================
gate           6.500e-001  0.000e+000  0.000e+000  0.000e+000
source         0.000e+000 -1.908e-009 -1.908e-009 -1.908e-009
drain          7.000e-001  1.908e-009  1.908e-009  1.908e-009
Total                                             -1.724e-021

Time for bias point:   0.99 sec. 
Total time:            3.72 min. 
  
ATLAS> solve vgate=0.7

Obtaining static solution:

 V(   gate  ) = 0.7         


proj           psi     n     psi     n  
direct          x      x     rhs    rhs 
   i    j  m  -5.00* -6.00* -26.0* -20.0*
-----------------------------------------
   1       N  -1.398 -0.340 -18.31 -5.201
   2       N  -2.194 -2.364 -21.98 -8.598
   3       N  -5.60* -5.081 -27.6* -14.56

Electrode       Va(V)        In(A)       Ic(A)       It(A)
=============================================================
gate           7.000e-001  0.000e+000  0.000e+000  0.000e+000
source         0.000e+000 -2.869e-009 -2.869e-009 -2.869e-009
drain          7.000e-001  2.869e-009  2.869e-009  2.869e-009
Total                                             -1.143e-020

Time for bias point:   1.03 sec. 
Total time:            3.75 min. 
  
ATLAS> solve vgate=0.75

Obtaining static solution:

 V(   gate  ) = 0.75        


proj           psi     n     psi     n  
direct          x      x     rhs    rhs 
   i    j  m  -5.00* -6.00* -26.0* -20.0*
-----------------------------------------
   1       N  -1.452 -0.382 -18.32 -4.950
   2       N  -2.271 -2.425 -22.04 -8.514
   3       N  -5.83* -5.235 -27.8* -14.49

Electrode       Va(V)        In(A)       Ic(A)       It(A)
=============================================================
gate           7.500e-001  0.000e+000  0.000e+000  0.000e+000
source         0.000e+000 -4.154e-009 -4.154e-009 -4.154e-009
drain          7.000e-001  4.154e-009  4.154e-009  4.154e-009
Total                                             -4.920e-021

Time for bias point:   1.00 sec. 
Total time:            3.79 min. 
  
ATLAS> solve vgate=0.8

Obtaining static solution:

 V(   gate  ) = 0.8         


proj           psi     n     psi     n  
direct          x      x     rhs    rhs 
   i    j  m  -5.00* -6.00* -26.0* -20.0*
-----------------------------------------
   1       N  -1.488 -0.420 -18.33 -4.737
   2       N  -2.326 -2.471 -22.08 -8.499
   3       N  -5.86* -5.365 -28.0* -14.46

Electrode       Va(V)        In(A)       Ic(A)       It(A)
=============================================================
gate           8.000e-001  0.000e+000  0.000e+000  0.000e+000
source         0.000e+000 -5.834e-009 -5.834e-009 -5.834e-009
drain          7.000e-001  5.834e-009  5.834e-009  5.834e-009
Total                                              6.555e-021

Time for bias point:   1.05 sec. 
Total time:            3.83 min. 
  
ATLAS> solve vgate=0.85

Obtaining static solution:

 V(   gate  ) = 0.85        


proj           psi     n     psi     n  
direct          x      x     rhs    rhs 
   i    j  m  -5.00* -6.00* -26.0* -20.0*
-----------------------------------------
   1       N  -1.319 -0.457 -18.36 -4.554
   2       N  -2.353 -2.516 -22.13 -8.669
   3       N  -5.88* -5.490 -28.2* -14.49

Electrode       Va(V)        In(A)       Ic(A)       It(A)
=============================================================
gate           8.500e-001  0.000e+000  0.000e+000  0.000e+000
source         0.000e+000 -7.989e-009 -7.989e-009 -7.989e-009
drain          7.000e-001  7.989e-009  7.989e-009  7.989e-009
Total                                              3.600e-021

Time for bias point:   1.03 sec. 
Total time:            3.86 min. 
  
ATLAS> solve vgate=0.9

Obtaining static solution:

 V(   gate  ) = 0.9         


proj           psi     n     psi     n  
direct          x      x     rhs    rhs 
   i    j  m  -5.00* -6.00* -26.0* -20.0*
-----------------------------------------
   1       N  -1.095 -0.493 -18.41 -4.375
   2       N  -2.382 -2.546 -22.21 -8.343
   3       N  -5.73* -5.619 -28.3* -15.03

Electrode       Va(V)        In(A)       Ic(A)       It(A)
=============================================================
gate           9.000e-001  0.000e+000  0.000e+000  0.000e+000
source         0.000e+000 -1.071e-008 -1.071e-008 -1.071e-008
drain          7.000e-001  1.071e-008  1.071e-008  1.071e-008
Total                                             -5.706e-021

Time for bias point:   1.01 sec. 
Total time:            3.90 min. 
  
ATLAS> solve vgate=0.95

Obtaining static solution:

 V(   gate  ) = 0.95        


proj           psi     n     psi     n  
direct          x      x     rhs    rhs 
   i    j  m  -5.00* -6.00* -26.0* -20.0*
-----------------------------------------
   1       N  -0.866 -0.529 -18.46 -4.216
   2       N  -2.415 -2.435 -22.22 -7.826
   3       N  -5.60* -5.716 -28.5* -14.47

Electrode       Va(V)        In(A)       Ic(A)       It(A)
=============================================================
gate           9.500e-001  0.000e+000  0.000e+000  0.000e+000
source         0.000e+000 -1.410e-008 -1.410e-008 -1.410e-008
drain          7.000e-001  1.410e-008  1.410e-008  1.410e-008
Total                                             -3.330e-021

Time for bias point:   1.07 sec. 
Total time:            3.94 min. 
  
ATLAS> solve vgate=1

Obtaining static solution:

 V(   gate  ) = 1           


proj           psi     n     psi     n  
direct          x      x     rhs    rhs 
   i    j  m  -5.00* -6.00* -26.0* -20.0*
-----------------------------------------
   1       N  -0.687 -0.566 -18.53 -4.076
   2       N  -2.449 -2.367 -22.09 -7.471
   3       N  -5.49* -5.807 -28.5* -14.74

Electrode       Va(V)        In(A)       Ic(A)       It(A)
=============================================================
gate           1.000e+000  0.000e+000  0.000e+000  0.000e+000
source         0.000e+000 -1.826e-008 -1.826e-008 -1.826e-008
drain          7.000e-001  1.826e-008  1.826e-008  1.826e-008
Total                                             -6.538e-021

Time for bias point:   1.07 sec. 
Total time:            3.97 min. 
  
ATLAS> solve vgate=1.05

Obtaining static solution:

 V(   gate  ) = 1.05        


proj           psi     n     psi     n  
direct          x      x     rhs    rhs 
   i    j  m  -5.00* -6.00* -26.0* -20.0*
-----------------------------------------
   1       N  -0.616 -0.604 -18.62 -3.956
   2       N  -2.484 -2.329 -22.03 -7.206
   3       N  -5.43* -5.607 -28.6* -13.89

Electrode       Va(V)        In(A)       Ic(A)       It(A)
=============================================================
gate           1.050e+000  0.000e+000  0.000e+000  0.000e+000
source         0.000e+000 -2.329e-008 -2.329e-008 -2.329e-008
drain          7.000e-001  2.329e-008  2.329e-008  2.329e-008
Total                                             -9.298e-022

Time for bias point:   1.01 sec. 
Total time:            4.02 min. 
  
ATLAS> solve vgate=1.1

Obtaining static solution:

 V(   gate  ) = 1.1         


proj           psi     n     psi     n  
direct          x      x     rhs    rhs 
   i    j  m  -5.00* -6.00* -26.0* -20.0*
-----------------------------------------
   1       N  -0.658 -0.644 -18.71 -3.855
   2       N  -2.496 -2.316 -22.03 -7.009
   3       N  -5.24* -5.455 -28.3* -13.35

Electrode       Va(V)        In(A)       Ic(A)       It(A)
=============================================================
gate           1.100e+000  0.000e+000  0.000e+000  0.000e+000
source         0.000e+000 -2.930e-008 -2.930e-008 -2.930e-008
drain          7.000e-001  2.930e-008  2.930e-008  2.930e-008
Total                                              9.307e-021

Time for bias point:   1.22 sec. 
Total time:            4.06 min. 
  
ATLAS> solve vgate=1.15

Obtaining static solution:

 V(   gate  ) = 1.15        


proj           psi     n     psi     n  
direct          x      x     rhs    rhs 
   i    j  m  -5.00* -6.00* -26.0* -20.0*
-----------------------------------------
   1       N  -0.721 -0.684 -18.82 -3.770
   2       N  -2.421 -2.320 -22.07 -6.864
   3       N  -5.15* -5.387 -28.2* -13.04

Electrode       Va(V)        In(A)       Ic(A)       It(A)
=============================================================
gate           1.150e+000  0.000e+000  0.000e+000  0.000e+000
source         0.000e+000 -3.639e-008 -3.639e-008 -3.639e-008
drain          7.000e-001  3.639e-008  3.639e-008  3.639e-008
Total                                              2.065e-021

Time for bias point:   1.13 sec. 
Total time:            4.10 min. 
  
ATLAS> solve vgate=1.2

Obtaining static solution:

 V(   gate  ) = 1.2         


proj           psi     n     psi     n  
direct          x      x     rhs    rhs 
   i    j  m  -5.00* -6.00* -26.0* -20.0*
-----------------------------------------
   1       N  -0.829 -0.725 -18.92 -3.700
   2       N  -2.517 -2.339 -22.13 -6.759
   3       N  -5.38* -5.368 -28.2* -12.86

Electrode       Va(V)        In(A)       Ic(A)       It(A)
=============================================================
gate           1.200e+000  0.000e+000  0.000e+000  0.000e+000
source         0.000e+000 -4.464e-008 -4.464e-008 -4.464e-008
drain          7.000e-001  4.464e-008  4.464e-008  4.464e-008
Total                                             -5.234e-021

Time for bias point:   1.26 sec. 
Total time:            4.14 min. 
  
ATLAS> solve vgate=1.25

Obtaining static solution:

 V(   gate  ) = 1.25        


proj           psi     n     psi     n  
direct          x      x     rhs    rhs 
   i    j  m  -5.00* -6.00* -26.0* -20.0*
-----------------------------------------
   1       N  -0.944 -0.766 -19.03 -3.641
   2       N  -2.609 -2.367 -22.22 -6.688
   3       N  -5.41* -5.381 -28.3* -12.76

Electrode       Va(V)        In(A)       Ic(A)       It(A)
=============================================================
gate           1.250e+000  0.000e+000  0.000e+000  0.000e+000
source         0.000e+000 -5.414e-008 -5.414e-008 -5.414e-008
drain          7.000e-001  5.414e-008  5.414e-008  5.414e-008
Total                                              7.239e-021

Time for bias point:   1.18 sec. 
Total time:            4.18 min. 
  
ATLAS> solve vgate=1.3

Obtaining static solution:

 V(   gate  ) = 1.3         


proj           psi     n     psi     n  
direct          x      x     rhs    rhs 
   i    j  m  -5.00* -6.00* -26.0* -20.0*
-----------------------------------------
   1       N  -1.061 -0.806 -19.14 -3.594
   2       N  -2.638 -2.402 -22.33 -6.641
   3       N  -5.44* -5.418 -28.4* -12.71

Electrode       Va(V)        In(A)       Ic(A)       It(A)
=============================================================
gate           1.300e+000  0.000e+000  0.000e+000  0.000e+000
source         0.000e+000 -6.495e-008 -6.495e-008 -6.495e-008
drain          7.000e-001  6.495e-008  6.495e-008  6.495e-008
Total                                             -8.563e-021

Time for bias point:   1.16 sec. 
Total time:            4.22 min. 
  
ATLAS> solve vgate=1.35

Obtaining static solution:

 V(   gate  ) = 1.35        


proj           psi     n     psi     n  
direct          x      x     rhs    rhs 
   i    j  m  -5.00* -6.00* -26.0* -20.0*
-----------------------------------------
   1       N  -1.180 -0.845 -19.25 -3.554
   2       N  -2.666 -2.443 -22.44 -6.614
   3       N  -5.48* -5.471 -28.5* -12.71

Electrode       Va(V)        In(A)       Ic(A)       It(A)
=============================================================
gate           1.350e+000  0.000e+000  0.000e+000  0.000e+000
source         0.000e+000 -7.714e-008 -7.714e-008 -7.714e-008
drain          7.000e-001  7.714e-008  7.714e-008  7.714e-008
Total                                             -2.621e-020

Time for bias point:   1.27 sec. 
Total time:            4.26 min. 
  
ATLAS> solve vgate=1.4

Obtaining static solution:

 V(   gate  ) = 1.4         


proj           psi     n     psi     n  
direct          x      x     rhs    rhs 
   i    j  m  -5.00* -6.00* -26.0* -20.0*
-----------------------------------------
   1       N  -1.295 -0.883 -19.36 -3.522
   2       N  -2.695 -2.486 -22.56 -6.602
   3       N  -5.53* -5.534 -28.4* -12.74

Electrode       Va(V)        In(A)       Ic(A)       It(A)
=============================================================
gate           1.400e+000  0.000e+000  0.000e+000  0.000e+000
source         0.000e+000 -9.076e-008 -9.076e-008 -9.076e-008
drain          7.000e-001  9.076e-008  9.076e-008  9.076e-008
Total                                              1.338e-020

Time for bias point:   1.03 sec. 
Total time:            4.30 min. 
  
ATLAS> solve vgate=1.45

Obtaining static solution:

 V(   gate  ) = 1.45        


proj           psi     n     psi     n  
direct          x      x     rhs    rhs 
   i    j  m  -5.00* -6.00* -26.0* -20.0*
-----------------------------------------
   1       N  -1.401 -0.919 -19.46 -3.496
   2       N  -2.725 -2.531 -22.69 -6.601
   3       N  -5.59* -5.604 -28.5* -12.79

Electrode       Va(V)        In(A)       Ic(A)       It(A)
=============================================================
gate           1.450e+000  0.000e+000  0.000e+000  0.000e+000
source         0.000e+000 -1.058e-007 -1.058e-007 -1.058e-007
drain          7.000e-001  1.058e-007  1.058e-007  1.058e-007
Total                                             -1.378e-020

Time for bias point:   1.11 sec. 
Total time:            4.34 min. 
  
ATLAS> solve vgate=1.5

Obtaining static solution:

 V(   gate  ) = 1.5         


proj           psi     n     psi     n  
direct          x      x     rhs    rhs 
   i    j  m  -5.00* -6.00* -26.0* -20.0*
-----------------------------------------
   1       N  -1.489 -0.954 -19.56 -3.474
   2       N  -2.754 -2.576 -22.81 -6.608
   3       N  -5.65* -5.679 -28.6* -12.86

Electrode       Va(V)        In(A)       Ic(A)       It(A)
=============================================================
gate           1.500e+000  0.000e+000  0.000e+000  0.000e+000
source         0.000e+000 -1.223e-007 -1.223e-007 -1.223e-007
drain          7.000e-001  1.223e-007  1.223e-007  1.223e-007
Total                                              1.143e-020

Time for bias point:   1.22 sec. 
Total time:            4.38 min. 
  
ATLAS> solve vgate=1.55

Obtaining static solution:

 V(   gate  ) = 1.55        


proj           psi     n     psi     n  
direct          x      x     rhs    rhs 
   i    j  m  -5.00* -6.00* -26.0* -20.0*
-----------------------------------------
   1       N  -1.556 -0.987 -19.65 -3.456
   2       N  -2.783 -2.622 -22.93 -6.621
   3       N  -5.71* -5.755 -28.6* -12.94

Electrode       Va(V)        In(A)       Ic(A)       It(A)
=============================================================
gate           1.550e+000  0.000e+000  0.000e+000  0.000e+000
source         0.000e+000 -1.403e-007 -1.403e-007 -1.403e-007
drain          7.000e-001  1.403e-007  1.403e-007  1.403e-007
Total                                             -1.080e-020

Time for bias point:   1.10 sec. 
Total time:            4.42 min. 
  
ATLAS> solve vgate=1.6

Obtaining static solution:

 V(   gate  ) = 1.6         


proj           psi     n     psi     n  
direct          x      x     rhs    rhs 
   i    j  m  -5.00* -6.00* -26.0* -20.0*
-----------------------------------------
   1       N  -1.597 -1.019 -19.74 -3.441
   2       N  -2.812 -2.667 -23.05 -6.638
   3       N  -5.78* -5.832 -28.5* -13.02

Electrode       Va(V)        In(A)       Ic(A)       It(A)
=============================================================
gate           1.600e+000  0.000e+000  0.000e+000  0.000e+000
source         0.000e+000 -1.597e-007 -1.597e-007 -1.597e-007
drain          7.000e-001  1.597e-007  1.597e-007  1.597e-007
Total                                             -2.885e-021

Time for bias point:   1.19 sec. 
Total time:            4.46 min. 
  
ATLAS> solve vgate=1.65

Obtaining static solution:

 V(   gate  ) = 1.65        


proj           psi     n     psi     n  
direct          x      x     rhs    rhs 
   i    j  m  -5.00* -6.00* -26.0* -20.0*
-----------------------------------------
   1       N  -1.616 -1.049 -19.83 -3.428
   2       N  -2.841 -2.711 -23.17 -6.659
   3       N  -5.84* -5.909 -28.5* -13.10

Electrode       Va(V)        In(A)       Ic(A)       It(A)
=============================================================
gate           1.650e+000  0.000e+000  0.000e+000  0.000e+000
source         0.000e+000 -1.805e-007 -1.805e-007 -1.805e-007
drain          7.000e-001  1.805e-007  1.805e-007  1.805e-007
Total                                              7.517e-021

Time for bias point:   1.13 sec. 
Total time:            4.50 min. 
  
ATLAS> solve vgate=1.7

Obtaining static solution:

 V(   gate  ) = 1.7         


proj           psi     n     psi     n  
direct          x      x     rhs    rhs 
   i    j  m  -5.00* -6.00* -26.0* -20.0*
-----------------------------------------
   1       N  -1.619 -1.078 -19.92 -3.417
   2       N  -2.869 -2.754 -23.28 -6.681
   3       N  -5.91* -5.984 -28.5* -13.19

Electrode       Va(V)        In(A)       Ic(A)       It(A)
=============================================================
gate           1.700e+000  0.000e+000  0.000e+000  0.000e+000
source         0.000e+000 -2.026e-007 -2.026e-007 -2.026e-007
drain          7.000e-001  2.026e-007  2.026e-007  2.026e-007
Total                                             -5.082e-021

Time for bias point:   0.97 sec. 
Total time:            4.53 min. 
  
ATLAS> solve vgate=1.75

Obtaining static solution:

 V(   gate  ) = 1.75        


proj           psi     n     psi     n  
direct          x      x     rhs    rhs 
   i    j  m  -5.00* -6.00* -26.0* -20.0*
-----------------------------------------
   1       N  -1.617 -1.106 -20.00 -3.408
   2       N  -2.897 -2.796 -23.39 -6.705
   3       N  -5.97* -6.06* -28.4* -13.27

Electrode       Va(V)        In(A)       Ic(A)       It(A)
=============================================================
gate           1.750e+000  0.000e+000  0.000e+000  0.000e+000
source         0.000e+000 -2.260e-007 -2.260e-007 -2.260e-007
drain          7.000e-001  2.260e-007  2.260e-007  2.260e-007
Total                                              3.150e-021

Time for bias point:   1.07 sec. 
Total time:            4.57 min. 
  
ATLAS> solve vgate=1.8

Obtaining static solution:

 V(   gate  ) = 1.8         


proj           psi     n     psi     n  
direct          x      x     rhs    rhs 
   i    j  m  -5.00* -6.00* -26.0* -20.0*
-----------------------------------------
   1       N  -1.616 -1.132 -20.07 -3.400
   2       N  -2.924 -2.836 -23.50 -6.729
   3       N  -6.04* -6.13* -28.4* -13.36

Electrode       Va(V)        In(A)       Ic(A)       It(A)
=============================================================
gate           1.800e+000  0.000e+000  0.000e+000  0.000e+000
source         0.000e+000 -2.506e-007 -2.506e-007 -2.506e-007
drain          7.000e-001  2.506e-007  2.506e-007  2.506e-007
Total                                              1.138e-020

Time for bias point:   1.02 sec. 
Total time:            4.61 min. 
  
ATLAS> solve vgate=1.85

Obtaining static solution:

 V(   gate  ) = 1.85        


proj           psi     n     psi     n  
direct          x      x     rhs    rhs 
   i    j  m  -5.00* -6.00* -26.0* -20.0*
-----------------------------------------
   1       N  -1.619 -1.157 -20.15 -3.393
   2       N  -2.950 -2.875 -23.60 -6.754
   3       N  -6.10* -6.20* -28.4* -13.44

Electrode       Va(V)        In(A)       Ic(A)       It(A)
=============================================================
gate           1.850e+000  0.000e+000  0.000e+000  0.000e+000
source         0.000e+000 -2.763e-007 -2.763e-007 -2.763e-007
drain          7.000e-001  2.763e-007  2.763e-007  2.763e-007
Total                                              2.928e-020

Time for bias point:   1.10 sec. 
Total time:            4.64 min. 
  
ATLAS> solve vgate=1.9

Obtaining static solution:

 V(   gate  ) = 1.9         


proj           psi     n     psi     n  
direct          x      x     rhs    rhs 
   i    j  m  -5.00* -6.00* -26.0* -20.0*
-----------------------------------------
   1       N  -1.628 -1.181 -20.22 -3.387
   2       N  -2.976 -2.913 -23.70 -6.778
   3       N  -6.16* -6.27* -28.3* -13.53

Electrode       Va(V)        In(A)       Ic(A)       It(A)
=============================================================
gate           1.900e+000  0.000e+000  0.000e+000  0.000e+000
source         0.000e+000 -3.030e-007 -3.030e-007 -3.030e-007
drain          7.000e-001  3.030e-007  3.030e-007  3.030e-007
Total                                              9.000e-022

Time for bias point:   1.11 sec. 
Total time:            4.68 min. 
  
ATLAS> solve vgate=1.95

Obtaining static solution:

 V(   gate  ) = 1.95        


proj           psi     n     psi     n  
direct          x      x     rhs    rhs 
   i    j  m  -5.00* -6.00* -26.0* -20.0*
-----------------------------------------
   1       N  -1.641 -1.204 -20.28 -3.381
   2       N  -3.002 -2.949 -23.80 -6.803
   3       N  -6.22* -6.33* -28.5* -13.61

Electrode       Va(V)        In(A)       Ic(A)       It(A)
=============================================================
gate           1.950e+000  0.000e+000  0.000e+000  0.000e+000
source         0.000e+000 -3.306e-007 -3.306e-007 -3.306e-007
drain          7.000e-001  3.306e-007  3.306e-007  3.306e-007
Total                                             -7.147e-021

Time for bias point:   1.04 sec. 
Total time:            4.72 min. 
  
ATLAS> solve vgate=2

Obtaining static solution:

 V(   gate  ) = 2           


proj           psi     n     psi     n  
direct          x      x     rhs    rhs 
   i    j  m  -5.00* -6.00* -26.0* -20.0*
-----------------------------------------
   1       N  -1.660 -1.226 -20.35 -3.376
   2       N  -3.026 -2.984 -23.89 -6.827
   3       N  -6.28* -6.40* -28.3* -13.69

Electrode       Va(V)        In(A)       Ic(A)       It(A)
=============================================================
gate           2.000e+000  0.000e+000  0.000e+000  0.000e+000
source         0.000e+000 -3.591e-007 -3.591e-007 -3.591e-007
drain          7.000e-001  3.591e-007  3.591e-007  3.591e-007
Total                                             -1.572e-020

Time for bias point:   1.08 sec. 
Total time:            4.75 min. 
  
ATLAS> solve vgate=2.05

Obtaining static solution:

 V(   gate  ) = 2.05        


proj           psi     n     psi     n  
direct          x      x     rhs    rhs 
   i    j  m  -5.00* -6.00* -26.0* -20.0*
-----------------------------------------
   1       N  -1.683 -1.246 -20.41 -3.372
   2       N  -3.050 -3.017 -23.98 -6.850
   3       N  -6.33* -6.46* -28.4* -13.77

Electrode       Va(V)        In(A)       Ic(A)       It(A)
=============================================================
gate           2.050e+000  0.000e+000  0.000e+000  0.000e+000
source         0.000e+000 -3.884e-007 -3.884e-007 -3.884e-007
drain          7.000e-001  3.884e-007  3.884e-007  3.884e-007
Total                                             -2.128e-020

Time for bias point:   1.06 sec. 
Total time:            4.79 min. 
  
ATLAS> solve vgate=2.1

Obtaining static solution:

 V(   gate  ) = 2.1         


proj           psi     n     psi     n  
direct          x      x     rhs    rhs 
   i    j  m  -5.00* -6.00* -26.0* -20.0*
-----------------------------------------
   1       N  -1.709 -1.266 -20.47 -3.368
   2       N  -3.074 -3.050 -24.06 -6.873
   3       N  -6.39* -6.52* -28.5* -13.84

Electrode       Va(V)        In(A)       Ic(A)       It(A)
=============================================================
gate           2.100e+000  0.000e+000  0.000e+000  0.000e+000
source         0.000e+000 -4.184e-007 -4.184e-007 -4.184e-007
drain          7.000e-001  4.184e-007  4.184e-007  4.184e-007
Total                                             -1.376e-021

Time for bias point:   1.18 sec. 
Total time:            4.83 min. 
  
ATLAS> solve vgate=2.15

Obtaining static solution:

 V(   gate  ) = 2.15        


proj           psi     n     psi     n  
direct          x      x     rhs    rhs 
   i    j  m  -5.00* -6.00* -26.0* -20.0*
-----------------------------------------
   1       N  -1.739 -1.286 -20.53 -3.364
   2       N  -3.096 -3.081 -24.15 -6.895
   3       N  -6.44* -6.58* -28.4* -13.91

Electrode       Va(V)        In(A)       Ic(A)       It(A)
=============================================================
gate           2.150e+000  0.000e+000  0.000e+000  0.000e+000
source         0.000e+000 -4.490e-007 -4.490e-007 -4.490e-007
drain          7.000e-001  4.490e-007  4.490e-007  4.490e-007
Total                                              7.147e-021

Time for bias point:   1.14 sec. 
Total time:            4.87 min. 
  
ATLAS> solve vgate=2.2

Obtaining static solution:

 V(   gate  ) = 2.2         


proj           psi     n     psi     n  
direct          x      x     rhs    rhs 
   i    j  m  -5.00* -6.00* -26.0* -20.0*
-----------------------------------------
   1       N  -1.770 -1.304 -20.58 -3.360
   2       N  -3.118 -3.111 -24.23 -6.917
   3       N  -6.49* -6.63* -28.4* -13.97

Electrode       Va(V)        In(A)       Ic(A)       It(A)
=============================================================
gate           2.200e+000  0.000e+000  0.000e+000  0.000e+000
source         0.000e+000 -4.802e-007 -4.802e-007 -4.802e-007
drain          7.000e-001  4.802e-007  4.802e-007  4.802e-007
Total                                              2.086e-020

Time for bias point:   1.11 sec. 
Total time:            4.91 min. 
  
ATLAS> solve vgate=2.25

Obtaining static solution:

 V(   gate  ) = 2.25        


proj           psi     n     psi     n  
direct          x      x     rhs    rhs 
   i    j  m  -5.00* -6.00* -26.0* -20.0*
-----------------------------------------
   1       N  -1.804 -1.322 -20.64 -3.357
   2       N  -3.140 -3.141 -24.30 -6.938
   3       N  -6.54* -6.68* -28.4* -14.06

Electrode       Va(V)        In(A)       Ic(A)       It(A)
=============================================================
gate           2.250e+000  0.000e+000  0.000e+000  0.000e+000
source         0.000e+000 -5.120e-007 -5.120e-007 -5.120e-007
drain          7.000e-001  5.120e-007  5.120e-007  5.120e-007
Total                                             -3.812e-021

Time for bias point:   1.09 sec. 
Total time:            4.95 min. 
  
ATLAS> solve vgate=2.3

Obtaining static solution:

 V(   gate  ) = 2.3         


proj           psi     n     psi     n  
direct          x      x     rhs    rhs 
   i    j  m  -5.00* -6.00* -26.0* -20.0*
-----------------------------------------
   1       N  -1.839 -1.339 -20.68 -3.353
   2       N  -3.161 -3.169 -24.38 -6.958
   3       N  -6.59* -6.73* -28.4* -14.11

Electrode       Va(V)        In(A)       Ic(A)       It(A)
=============================================================
gate           2.300e+000  0.000e+000  0.000e+000  0.000e+000
source         0.000e+000 -5.441e-007 -5.441e-007 -5.441e-007
drain          7.000e-001  5.441e-007  5.441e-007  5.441e-007
Total                                              1.313e-020

Time for bias point:   1.08 sec. 
Total time:            4.99 min. 
  
ATLAS> solve vgate=2.35

Obtaining static solution:

 V(   gate  ) = 2.35        


proj           psi     n     psi     n  
direct          x      x     rhs    rhs 
   i    j  m  -5.00* -6.00* -26.0* -20.0*
-----------------------------------------
   1       N  -1.874 -1.355 -20.68 -3.350
   2       N  -3.181 -3.196 -24.45 -6.977
   3       N  -6.63* -6.78* -28.4* -14.19

Electrode       Va(V)        In(A)       Ic(A)       It(A)
=============================================================
gate           2.350e+000  0.000e+000  0.000e+000  0.000e+000
source         0.000e+000 -5.767e-007 -5.767e-007 -5.767e-007
drain          7.000e-001  5.767e-007  5.767e-007  5.767e-007
Total                                             -7.623e-021

Time for bias point:   1.09 sec. 
Total time:            5.03 min. 
  
ATLAS> solve vgate=2.4

Obtaining static solution:

 V(   gate  ) = 2.4         


proj           psi     n     psi     n  
direct          x      x     rhs    rhs 
   i    j  m  -5.00* -6.00* -26.0* -20.0*
-----------------------------------------
   1       N  -1.910 -1.371 -20.69 -3.347
   2       N  -3.200 -3.222 -24.52 -6.995
   3       N  -6.68* -6.83* -28.3* -14.23

Electrode       Va(V)        In(A)       Ic(A)       It(A)
=============================================================
gate           2.400e+000  0.000e+000  0.000e+000  0.000e+000
source         0.000e+000 -6.097e-007 -6.097e-007 -6.097e-007
drain          7.000e-001  6.097e-007  6.097e-007  6.097e-007
Total                                              1.165e-020

Time for bias point:   1.09 sec. 
Total time:            5.07 min. 
  
ATLAS> solve vgate=2.45

Obtaining static solution:

 V(   gate  ) = 2.45        


proj           psi     n     psi     n  
direct          x      x     rhs    rhs 
   i    j  m  -5.00* -6.00* -26.0* -20.0*
-----------------------------------------
   1       N  -1.947 -1.387 -20.71 -3.344
   2       N  -3.219 -3.247 -24.59 -7.013
   3       N  -6.72* -6.88* -28.4* -14.28

Electrode       Va(V)        In(A)       Ic(A)       It(A)
=============================================================
gate           2.450e+000  0.000e+000  0.000e+000  0.000e+000
source         0.000e+000 -6.431e-007 -6.431e-007 -6.431e-007
drain          7.000e-001  6.431e-007  6.431e-007  6.431e-007
Total                                             -2.901e-020

Time for bias point:   1.15 sec. 
Total time:            5.11 min. 
  
ATLAS> solve vgate=2.5

Obtaining static solution:

 V(   gate  ) = 2.5         


proj           psi     n     psi     n  
direct          x      x     rhs    rhs 
   i    j  m  -5.00* -6.00* -26.0* -20.0*
-----------------------------------------
   1       N  -1.983 -1.402 -20.75 -3.341
   2       N  -3.238 -3.272 -24.65 -7.030
   3       N  -6.76* -6.92* -28.2* -14.37

Electrode       Va(V)        In(A)       Ic(A)       It(A)
=============================================================
gate           2.500e+000  0.000e+000  0.000e+000  0.000e+000
source         0.000e+000 -6.767e-007 -6.767e-007 -6.767e-007
drain          7.000e-001  6.767e-007  6.767e-007  6.767e-007
Total                                             -1.599e-020

Time for bias point:   1.02 sec. 
Total time:            5.14 min. 
  
ATLAS> solve vgate=2.55

Obtaining static solution:

 V(   gate  ) = 2.55        


proj           psi     n     psi     n  
direct          x      x     rhs    rhs 
   i    j  m  -5.00* -6.00* -26.0* -20.0*
-----------------------------------------
   1       N  -2.020 -1.416 -20.80 -3.338
   2       N  -3.256 -3.296 -24.71 -7.047
   3       N  -6.80* -6.96* -28.3* -14.41

Electrode       Va(V)        In(A)       Ic(A)       It(A)
=============================================================
gate           2.550e+000  0.000e+000  0.000e+000  0.000e+000
source         0.000e+000 -7.106e-007 -7.106e-007 -7.106e-007
drain          7.000e-001  7.106e-007  7.106e-007  7.106e-007
Total                                             -7.306e-021

Time for bias point:   0.99 sec. 
Total time:            5.18 min. 
  
ATLAS> solve vgate=2.6

Obtaining static solution:

 V(   gate  ) = 2.6         


proj           psi     n     psi     n  
direct          x      x     rhs    rhs 
   i    j  m  -5.00* -6.00* -26.0* -20.0*
-----------------------------------------
   1       N  -2.056 -1.430 -20.85 -3.336
   2       N  -3.273 -3.319 -24.77 -7.063
   3       N  -6.84* -7.00* -28.2* -14.42

Electrode       Va(V)        In(A)       Ic(A)       It(A)
=============================================================
gate           2.600e+000  0.000e+000  0.000e+000  0.000e+000
source         0.000e+000 -7.448e-007 -7.448e-007 -7.448e-007
drain          7.000e-001  7.448e-007  7.448e-007  7.448e-007
Total                                              4.066e-020

Time for bias point:   1.02 sec. 
Total time:            5.21 min. 
  
ATLAS> solve vgate=2.65

Obtaining static solution:

 V(   gate  ) = 2.65        


proj           psi     n     psi     n  
direct          x      x     rhs    rhs 
   i    j  m  -5.00* -6.00* -26.0* -20.0*
-----------------------------------------
   1       N  -2.092 -1.443 -20.91 -3.333
   2       N  -3.290 -3.341 -24.83 -7.078
   3       N  -6.88* -7.04* -28.1* -14.41

Electrode       Va(V)        In(A)       Ic(A)       It(A)
=============================================================
gate           2.650e+000  0.000e+000  0.000e+000  0.000e+000
source         0.000e+000 -7.792e-007 -7.792e-007 -7.792e-007
drain          7.000e-001  7.792e-007  7.792e-007  7.792e-007
Total                                             -1.281e-020

Time for bias point:   1.10 sec. 
Total time:            5.25 min. 
  
ATLAS> solve vgate=2.7

Obtaining static solution:

 V(   gate  ) = 2.7         


proj           psi     n     psi     n  
direct          x      x     rhs    rhs 
   i    j  m  -5.00* -6.00* -26.0* -20.0*
-----------------------------------------
   1       N  -2.127 -1.456 -20.98 -3.330
   2       N  -3.307 -3.362 -24.89 -7.093
   3       N  -6.92* -7.08* -28.2* -14.48

Electrode       Va(V)        In(A)       Ic(A)       It(A)
=============================================================
gate           2.700e+000  0.000e+000  0.000e+000  0.000e+000
source         0.000e+000 -8.138e-007 -8.138e-007 -8.138e-007
drain          7.000e-001  8.138e-007  8.138e-007  8.138e-007
Total                                              1.207e-020

Time for bias point:   1.01 sec. 
Total time:            5.29 min. 
  
ATLAS> solve vgate=2.75

Obtaining static solution:

 V(   gate  ) = 2.75        


proj           psi     n     psi     n  
direct          x      x     rhs    rhs 
   i    j  m  -5.00* -6.00* -26.0* -20.0*
-----------------------------------------
   1       N  -2.162 -1.469 -21.05 -3.327
   2       N  -3.323 -3.383 -24.95 -7.107
   3       N  -6.95* -7.12* -28.2* -14.52

Electrode       Va(V)        In(A)       Ic(A)       It(A)
=============================================================
gate           2.750e+000  0.000e+000  0.000e+000  0.000e+000
source         0.000e+000 -8.486e-007 -8.486e-007 -8.486e-007
drain          7.000e-001  8.486e-007  8.486e-007  8.486e-007
Total                                             -1.218e-020

Time for bias point:   1.05 sec. 
Total time:            5.33 min. 
  
ATLAS> solve vgate=2.8

Obtaining static solution:

 V(   gate  ) = 2.8         


proj           psi     n     psi     n  
direct          x      x     rhs    rhs 
   i    j  m  -5.00* -6.00* -26.0* -20.0*
-----------------------------------------
   1       N  -2.196 -1.481 -21.12 -3.325
   2       N  -3.338 -3.404 -25.00 -7.121
   3       N  -6.99* -7.16* -28.0* -14.51

Electrode       Va(V)        In(A)       Ic(A)       It(A)
=============================================================
gate           2.800e+000  0.000e+000  0.000e+000  0.000e+000
source         0.000e+000 -8.836e-007 -8.836e-007 -8.836e-007
drain          7.000e-001  8.836e-007  8.836e-007  8.836e-007
Total                                              2.118e-020

Time for bias point:   1.24 sec. 
Total time:            5.37 min. 
  
ATLAS> solve vgate=2.85

Obtaining static solution:

 V(   gate  ) = 2.85        


proj           psi     n     psi     n  
direct          x      x     rhs    rhs 
   i    j  m  -5.00* -6.00* -26.0* -20.0*
-----------------------------------------
   1       N  -2.230 -1.493 -21.16 -3.322
   2       N  -3.353 -3.423 -25.05 -7.134
   3       N  -7.02* -7.19* -28.2* -14.25

Electrode       Va(V)        In(A)       Ic(A)       It(A)
=============================================================
gate           2.850e+000  0.000e+000  0.000e+000  0.000e+000
source         0.000e+000 -9.187e-007 -9.187e-007 -9.187e-007
drain          7.000e-001  9.187e-007  9.187e-007  9.187e-007
Total                                             -1.800e-020

Time for bias point:   1.13 sec. 
Total time:            5.40 min. 
  
ATLAS> solve vgate=2.9

Obtaining static solution:

 V(   gate  ) = 2.9         


proj           psi     n     psi     n  
direct          x      x     rhs    rhs 
   i    j  m  -5.00* -6.00* -26.0* -20.0*
-----------------------------------------
   1       N  -2.262 -1.505 -21.19 -3.319
   2       N  -3.368 -3.443 -25.11 -7.146
   3       N  -7.05* -7.23* -28.1* -14.40

Electrode       Va(V)        In(A)       Ic(A)       It(A)
=============================================================
gate           2.900e+000  0.000e+000  0.000e+000  0.000e+000
source         0.000e+000 -9.540e-007 -9.540e-007 -9.540e-007
drain          7.000e-001  9.540e-007  9.540e-007  9.540e-007
Total                                             -3.388e-021

Time for bias point:   1.00 sec. 
Total time:            5.44 min. 
  
ATLAS> solve vgate=2.95

Obtaining static solution:

 V(   gate  ) = 2.95        


proj           psi     n     psi     n  
direct          x      x     rhs    rhs 
   i    j  m  -5.00* -6.00* -26.0* -20.0*
-----------------------------------------
   1       N  -2.294 -1.517 -21.23 -3.317
   2       N  -3.382 -3.461 -25.16 -7.159
   3       N  -7.08* -7.26* -28.3* -14.30

Electrode       Va(V)        In(A)       Ic(A)       It(A)
=============================================================
gate           2.950e+000  0.000e+000  0.000e+000  0.000e+000
source         0.000e+000 -9.894e-007 -9.894e-007 -9.894e-007
drain          7.000e-001  9.894e-007  9.894e-007  9.894e-007
Total                                              2.943e-020

Time for bias point:   1.05 sec. 
Total time:            5.48 min. 
  
ATLAS> solve vgate=3

Obtaining static solution:

 V(   gate  ) = 3           


proj           psi     n     psi     n  
direct          x      x     rhs    rhs 
   i    j  m  -5.00* -6.00* -26.0* -20.0*
-----------------------------------------
   1       N  -2.325 -1.528 -21.26 -3.314
   2       N  -3.396 -3.480 -25.20 -7.170
   3       N  -7.12* -7.29* -28.2* -14.25

Electrode       Va(V)        In(A)       Ic(A)       It(A)
=============================================================
gate           3.000e+000  0.000e+000  0.000e+000  0.000e+000
source         0.000e+000 -1.025e-006 -1.025e-006 -1.025e-006
drain          7.000e-001  1.025e-006  1.025e-006  1.025e-006
Total                                             -2.901e-020

Time for bias point:   1.02 sec. 
Total time:            5.51 min. 
  
ATLAS> log off
ATLAS> save outf=final.str

MASTER format file written to final.str at Sat Sep 12 15:57:26 2026

ATLAS> EXTRACT> init infile="transfer.log"
EXTRACT> extract name="idvg" curve(v."gate",i."drain") outfile="idvg.dat"
EXTRACT> extract name="isvg" curve(v."gate",i."source") outfile="isvg.dat"
EXTRACT> extract name="igvg" curve(v."gate",i."gate") outfile="igvg.dat"
EXTRACT> extract name="vdvg" curve(v."gate",v."drain") outfile="vdvg.dat"
EXTRACT> extract name="vsvg" curve(v."gate",v."source") outfile="vsvg.dat"
EXTRACT> extract name="mobility_vg" curve(v."gate",probe."channel_mobility") outfile="mobility_vg.dat"
EXTRACT> extract name="electrons_vg" curve(v."gate",probe."channel_electrons") outfile="electrons_vg.dat"
EXTRACT> extract name="bulk_free_electrons_vg" curve(v."gate",probe."bulk_free_electrons") outfile="bulk_free_electrons_vg.dat"
EXTRACT> extract name="bulk_ionized_acceptors_vg" curve(v."gate",probe."bulk_ionized_acceptors") outfile="bulk_ionized_acceptors_vg.dat"
EXTRACT> extract name="bulk_ionized_donors_vg" curve(v."gate",probe."bulk_ionized_donors") outfile="bulk_ionized_donors_vg.dat"
EXTRACT> quit
quit

ATLAS version 5.28.1.R finished at Sat Sep 12 15:57:26 2026
