[b9g12p0692][[61373,1],10][btl_tcp_proc.c:266:mca_btl_tcp_proc_create_interface_graph] Unable to find reachable pairing between local and remote interfaces
[b9g12p0692][[61373,1],1][btl_tcp_proc.c:266:mca_btl_tcp_proc_create_interface_graph] Unable to find reachable pairing between local and remote interfaces
[b9g12p0692][[61373,1],3][btl_tcp_proc.c:266:mca_btl_tcp_proc_create_interface_graph] Unable to find reachable pairing between local and remote interfaces
[b9g12p0692][[61373,1],21][btl_tcp_proc.c:266:mca_btl_tcp_proc_create_interface_graph] Unable to find reachable pairing between local and remote interfaces
[b9g12p0692][[61373,1],1][btl_tcp_proc.c:266:mca_btl_tcp_proc_create_interface_graph] Unable to find reachable pairing between local and remote interfaces
[b9g12p0692][[61373,1],10][btl_tcp_proc.c:266:mca_btl_tcp_proc_create_interface_graph] Unable to find reachable pairing between local and remote interfaces
[b9g12p0692][[61373,1],21][btl_tcp_proc.c:266:mca_btl_tcp_proc_create_interface_graph] Unable to find reachable pairing between local and remote interfaces
[b9g12p0692][[61373,1],3][btl_tcp_proc.c:266:mca_btl_tcp_proc_create_interface_graph] Unable to find reachable pairing between local and remote interfaces
[b9g12p0692][[61373,1],1][btl_tcp_proc.c:266:mca_btl_tcp_proc_create_interface_graph] Unable to find reachable pairing between local and remote interfaces
[b9g12p0692][[61373,1],10][btl_tcp_proc.c:266:mca_btl_tcp_proc_create_interface_graph] Unable to find reachable pairing between local and remote interfaces
[b9g12p0692][[61373,1],21][btl_tcp_proc.c:266:mca_btl_tcp_proc_create_interface_graph] Unable to find reachable pairing between local and remote interfaces
[b9g12p0692][[61373,1],3][btl_tcp_proc.c:266:mca_btl_tcp_proc_create_interface_graph] Unable to find reachable pairing between local and remote interfaces
[b9g12p0692][[61373,1],1][btl_tcp_proc.c:266:mca_btl_tcp_proc_create_interface_graph] Unable to find reachable pairing between local and remote interfaces
[b9g12p0692][[61373,1],10][btl_tcp_proc.c:266:mca_btl_tcp_proc_create_interface_graph] Unable to find reachable pairing between local and remote interfaces
[b9g12p0692][[61373,1],21][btl_tcp_proc.c:266:mca_btl_tcp_proc_create_interface_graph] Unable to find reachable pairing between local and remote interfaces
[b9g12p0692][[61373,1],3][btl_tcp_proc.c:266:mca_btl_tcp_proc_create_interface_graph] Unable to find reachable pairing between local and remote interfaces
[b9g12p0692][[61373,1],1][btl_tcp_proc.c:266:mca_btl_tcp_proc_create_interface_graph] Unable to find reachable pairing between local and remote interfaces
[b9g12p0692][[61373,1],10][btl_tcp_proc.c:266:mca_btl_tcp_proc_create_interface_graph] Unable to find reachable pairing between local and remote interfaces
[b9g12p0692][[61373,1],21][btl_tcp_proc.c:266:mca_btl_tcp_proc_create_interface_graph] Unable to find reachable pairing between local and remote interfaces
[b9g12p0692][[61373,1],3][btl_tcp_proc.c:266:mca_btl_tcp_proc_create_interface_graph] Unable to find reachable pairing between local and remote interfaces
[b9g12p0692][[61373,1],10][btl_tcp_proc.c:266:mca_btl_tcp_proc_create_interface_graph] Unable to find reachable pairing between local and remote interfaces
[b9g12p0692][[61373,1],1][btl_tcp_proc.c:266:mca_btl_tcp_proc_create_interface_graph] Unable to find reachable pairing between local and remote interfaces
[b9g12p0692][[61373,1],21][btl_tcp_proc.c:266:mca_btl_tcp_proc_create_interface_graph] Unable to find reachable pairing between local and remote interfaces
[b9g12p0692][[61373,1],10][btl_tcp_proc.c:266:mca_btl_tcp_proc_create_interface_graph] Unable to find reachable pairing between local and remote interfaces
[b9g12p0692][[61373,1],3][btl_tcp_proc.c:266:mca_btl_tcp_proc_create_interface_graph] Unable to find reachable pairing between local and remote interfaces
[b9g12p0692][[61373,1],1][btl_tcp_proc.c:266:mca_btl_tcp_proc_create_interface_graph] Unable to find reachable pairing between local and remote interfaces
[b9g12p0692][[61373,1],0][btl_tcp_proc.c:266:mca_btl_tcp_proc_create_interface_graph] Unable to find reachable pairing between local and remote interfaces
[b9g12p0692][[61373,1],7][btl_tcp_proc.c:266:mca_btl_tcp_proc_create_interface_graph] Unable to find reachable pairing between local and remote interfaces
[b9g12p0692][[61373,1],28][btl_tcp_proc.c:266:mca_btl_tcp_proc_create_interface_graph] Unable to find reachable pairing between local and remote interfaces
[b9g12p0692][[61373,1],21][btl_tcp_proc.c:266:mca_btl_tcp_proc_create_interface_graph] Unable to find reachable pairing between local and remote interfaces
[b9g12p0692][[61373,1],6][btl_tcp_proc.c:266:mca_btl_tcp_proc_create_interface_graph] Unable to find reachable pairing between local and remote interfaces
[b9g12p0692][[61373,1],10][btl_tcp_proc.c:266:mca_btl_tcp_proc_create_interface_graph] Unable to find reachable pairing between local and remote interfaces
[b9g12p0692][[61373,1],1][btl_tcp_proc.c:266:mca_btl_tcp_proc_create_interface_graph] Unable to find reachable pairing between local and remote interfaces
[b9g12p0692][[61373,1],27][btl_tcp_proc.c:266:mca_btl_tcp_proc_create_interface_graph] Unable to find reachable pairing between local and remote interfaces
[b9g12p0692][[61373,1],3][btl_tcp_proc.c:266:mca_btl_tcp_proc_create_interface_graph] Unable to find reachable pairing between local and remote interfaces
[b9g12p0692][[61373,1],23][btl_tcp_proc.c:266:mca_btl_tcp_proc_create_interface_graph] Unable to find reachable pairing between local and remote interfaces
[b9g12p0692][[61373,1],17][btl_tcp_proc.c:266:mca_btl_tcp_proc_create_interface_graph] Unable to find reachable pairing between local and remote interfaces
[b9g12p0692][[61373,1],7][btl_tcp_proc.c:266:mca_btl_tcp_proc_create_interface_graph] Unable to find reachable pairing between local and remote interfaces
[b9g12p0692][[61373,1],0][btl_tcp_proc.c:266:mca_btl_tcp_proc_create_interface_graph] Unable to find reachable pairing between local and remote interfaces
[b9g12p0692][[61373,1],18][btl_tcp_proc.c:266:mca_btl_tcp_proc_create_interface_graph] Unable to find reachable pairing between local and remote interfaces
[b9g12p0692][[61373,1],14][btl_tcp_proc.c:266:mca_btl_tcp_proc_create_interface_graph] Unable to find reachable pairing between local and remote interfaces
[b9g12p0692][[61373,1],10][btl_tcp_proc.c:266:mca_btl_tcp_proc_create_interface_graph] Unable to find reachable pairing between local and remote interfaces
[b9g12p0692][[61373,1],21][btl_tcp_proc.c:266:mca_btl_tcp_proc_create_interface_graph] Unable to find reachable pairing between local and remote interfaces
[b9g12p0692][[61373,1],6][btl_tcp_proc.c:266:mca_btl_tcp_proc_create_interface_graph] Unable to find reachable pairing between local and remote interfaces
[b9g12p0692][[61373,1],28][btl_tcp_proc.c:266:mca_btl_tcp_proc_create_interface_graph] Unable to find reachable pairing between local and remote interfaces
[b9g12p0692][[61373,1],16][btl_tcp_proc.c:266:mca_btl_tcp_proc_create_interface_graph] Unable to find reachable pairing between local and remote interfaces
[b9g12p0692][[61373,1],15][btl_tcp_proc.c:266:mca_btl_tcp_proc_create_interface_graph] Unable to find reachable pairing between local and remote interfaces
[b9g12p0692][[61373,1],1][btl_tcp_proc.c:266:mca_btl_tcp_proc_create_interface_graph] Unable to find reachable pairing between local and remote interfaces
[b9g12p0692][[61373,1],17][btl_tcp_proc.c:266:mca_btl_tcp_proc_create_interface_graph] Unable to find reachable pairing between local and remote interfaces
[b9g12p0692][[61373,1],8][btl_tcp_proc.c:266:mca_btl_tcp_proc_create_interface_graph] Unable to find reachable pairing between local and remote interfaces
[b9g12p0692][[61373,1],3][btl_tcp_proc.c:266:mca_btl_tcp_proc_create_interface_graph] Unable to find reachable pairing between local and remote interfaces
[b9g12p0692][[61373,1],0][btl_tcp_proc.c:266:mca_btl_tcp_proc_create_interface_graph] Unable to find reachable pairing between local and remote interfaces
[b9g12p0692][[61373,1],27][btl_tcp_proc.c:266:mca_btl_tcp_proc_create_interface_graph] Unable to find reachable pairing between local and remote interfaces
[b9g12p0692][[61373,1],7][btl_tcp_proc.c:266:mca_btl_tcp_proc_create_interface_graph] Unable to find reachable pairing between local and remote interfaces
[b9g12p0692][[61373,1],18][btl_tcp_proc.c:266:mca_btl_tcp_proc_create_interface_graph] Unable to find reachable pairing between local and remote interfaces
[b9g12p0692][[61373,1],23][btl_tcp_proc.c:266:mca_btl_tcp_proc_create_interface_graph] Unable to find reachable pairing between local and remote interfaces
[b9g12p0692][[61373,1],10][btl_tcp_proc.c:266:mca_btl_tcp_proc_create_interface_graph] Unable to find reachable pairing between local and remote interfaces
[b9g12p0692][[61373,1],26][btl_tcp_proc.c:266:mca_btl_tcp_proc_create_interface_graph] Unable to find reachable pairing between local and remote interfaces
[b9g12p0692][[61373,1],14][btl_tcp_proc.c:266:mca_btl_tcp_proc_create_interface_graph] Unable to find reachable pairing between local and remote interfaces
[b9g12p0692][[61373,1],17][btl_tcp_proc.c:266:mca_btl_tcp_proc_create_interface_graph] Unable to find reachable pairing between local and remote interfaces
[b9g12p0692][[61373,1],21][btl_tcp_proc.c:266:mca_btl_tcp_proc_create_interface_graph] Unable to find reachable pairing between local and remote interfaces
[b9g12p0692][[61373,1],1][btl_tcp_proc.c:266:mca_btl_tcp_proc_create_interface_graph] Unable to find reachable pairing between local and remote interfaces
[b9g12p0692][[61373,1],15][btl_tcp_proc.c:266:mca_btl_tcp_proc_create_interface_graph] Unable to find reachable pairing between local and remote interfaces
[b9g12p0692][[61373,1],16][btl_tcp_proc.c:266:mca_btl_tcp_proc_create_interface_graph] Unable to find reachable pairing between local and remote interfaces
[b9g12p0692][[61373,1],0][btl_tcp_proc.c:266:mca_btl_tcp_proc_create_interface_graph] Unable to find reachable pairing between local and remote interfaces
[b9g12p0692][[61373,1],28][btl_tcp_proc.c:266:mca_btl_tcp_proc_create_interface_graph] Unable to find reachable pairing between local and remote interfaces
[b9g12p0692][[61373,1],6][btl_tcp_proc.c:266:mca_btl_tcp_proc_create_interface_graph] Unable to find reachable pairing between local and remote interfaces
[b9g12p0692][[61373,1],8][btl_tcp_proc.c:266:mca_btl_tcp_proc_create_interface_graph] Unable to find reachable pairing between local and remote interfaces
[b9g12p0692][[61373,1],3][btl_tcp_proc.c:266:mca_btl_tcp_proc_create_interface_graph] Unable to find reachable pairing between local and remote interfaces
[b9g12p0692][[61373,1],27][btl_tcp_proc.c:266:mca_btl_tcp_proc_create_interface_graph] Unable to find reachable pairing between local and remote interfaces
[b9g12p0692][[61373,1],7][btl_tcp_proc.c:266:mca_btl_tcp_proc_create_interface_graph] Unable to find reachable pairing between local and remote interfaces
[b9g12p0692][[61373,1],17][btl_tcp_proc.c:266:mca_btl_tcp_proc_create_interface_graph] Unable to find reachable pairing between local and remote interfaces
[b9g12p0692][[61373,1],10][btl_tcp_proc.c:266:mca_btl_tcp_proc_create_interface_graph] Unable to find reachable pairing between local and remote interfaces
[b9g12p0692][[61373,1],21][btl_tcp_proc.c:266:mca_btl_tcp_proc_create_interface_graph] Unable to find reachable pairing between local and remote interfaces
[b9g12p0692][[61373,1],18][btl_tcp_proc.c:266:mca_btl_tcp_proc_create_interface_graph] Unable to find reachable pairing between local and remote interfaces
[b9g12p0692][[61373,1],26][btl_tcp_proc.c:266:mca_btl_tcp_proc_create_interface_graph] Unable to find reachable pairing between local and remote interfaces
[b9g12p0692][[61373,1],1][btl_tcp_proc.c:266:mca_btl_tcp_proc_create_interface_graph] Unable to find reachable pairing between local and remote interfaces
[b9g12p0692][[61373,1],15][btl_tcp_proc.c:266:mca_btl_tcp_proc_create_interface_graph] Unable to find reachable pairing between local and remote interfaces
[b9g12p0692][[61373,1],23][btl_tcp_proc.c:266:mca_btl_tcp_proc_create_interface_graph] Unable to find reachable pairing between local and remote interfaces
[b9g12p0692][[61373,1],14][btl_tcp_proc.c:266:mca_btl_tcp_proc_create_interface_graph] Unable to find reachable pairing between local and remote interfaces
[b9g12p0692][[61373,1],3][btl_tcp_proc.c:266:mca_btl_tcp_proc_create_interface_graph] Unable to find reachable pairing between local and remote interfaces
[b9g12p0692][[61373,1],8][btl_tcp_proc.c:266:mca_btl_tcp_proc_create_interface_graph] Unable to find reachable pairing between local and remote interfaces
[b9g12p0692][[61373,1],28][btl_tcp_proc.c:266:mca_btl_tcp_proc_create_interface_graph] Unable to find reachable pairing between local and remote interfaces
[b9g12p0692][[61373,1],16][btl_tcp_proc.c:266:mca_btl_tcp_proc_create_interface_graph] Unable to find reachable pairing between local and remote interfaces
[b9g12p0692][[61373,1],6][btl_tcp_proc.c:266:mca_btl_tcp_proc_create_interface_graph] Unable to find reachable pairing between local and remote interfaces
[b9g12p0692][[61373,1],7][btl_tcp_proc.c:266:mca_btl_tcp_proc_create_interface_graph] Unable to find reachable pairing between local and remote interfaces
[b9g12p0692][[61373,1],0][btl_tcp_proc.c:266:mca_btl_tcp_proc_create_interface_graph] Unable to find reachable pairing between local and remote interfaces
[b9g12p0692][[61373,1],17][btl_tcp_proc.c:266:mca_btl_tcp_proc_create_interface_graph] Unable to find reachable pairing between local and remote interfaces
[b9g12p0692][[61373,1],1][btl_tcp_proc.c:266:mca_btl_tcp_proc_create_interface_graph] Unable to find reachable pairing between local and remote interfaces
[b9g12p0692][[61373,1],10][btl_tcp_proc.c:266:mca_btl_tcp_proc_create_interface_graph] Unable to find reachable pairing between local and remote interfaces
[b9g12p0692][[61373,1],27][btl_tcp_proc.c:266:mca_btl_tcp_proc_create_interface_graph] Unable to find reachable pairing between local and remote interfaces
[b9g12p0692][[61373,1],26][btl_tcp_proc.c:266:mca_btl_tcp_proc_create_interface_graph] Unable to find reachable pairing between local and remote interfaces
[b9g12p0692][[61373,1],3][btl_tcp_proc.c:266:mca_btl_tcp_proc_create_interface_graph] Unable to find reachable pairing between local and remote interfaces
[b9g12p0692][[61373,1],21][btl_tcp_proc.c:266:mca_btl_tcp_proc_create_interface_graph] Unable to find reachable pairing between local and remote interfaces
[b9g12p0692][[61373,1],18][btl_tcp_proc.c:266:mca_btl_tcp_proc_create_interface_graph] Unable to find reachable pairing between local and remote interfaces
[b9g12p0692][[61373,1],14][btl_tcp_proc.c:266:mca_btl_tcp_proc_create_interface_graph] Unable to find reachable pairing between local and remote interfaces
[b9g12p0692][[61373,1],23][btl_tcp_proc.c:266:mca_btl_tcp_proc_create_interface_graph] Unable to find reachable pairing between local and remote interfaces
[b9g12p0692][[61373,1],16][btl_tcp_proc.c:266:mca_btl_tcp_proc_create_interface_graph] Unable to find reachable pairing between local and remote interfaces
[b9g12p0692][[61373,1],15][btl_tcp_proc.c:266:mca_btl_tcp_proc_create_interface_graph] Unable to find reachable pairing between local and remote interfaces
[b9g12p0692][[61373,1],28][btl_tcp_proc.c:266:mca_btl_tcp_proc_create_interface_graph] Unable to find reachable pairing between local and remote interfaces
[b9g12p0692][[61373,1],8][btl_tcp_proc.c:266:mca_btl_tcp_proc_create_interface_graph] Unable to find reachable pairing between local and remote interfaces
[b9g12p0692][[61373,1],6][btl_tcp_proc.c:266:mca_btl_tcp_proc_create_interface_graph] Unable to find reachable pairing between local and remote interfaces
[b9g12p0692][[61373,1],0][btl_tcp_proc.c:266:mca_btl_tcp_proc_create_interface_graph] Unable to find reachable pairing between local and remote interfaces
[b9g12p0692][[61373,1],17][btl_tcp_proc.c:266:mca_btl_tcp_proc_create_interface_graph] Unable to find reachable pairing between local and remote interfaces
[b9g12p0692][[61373,1],7][btl_tcp_proc.c:266:mca_btl_tcp_proc_create_interface_graph] Unable to find reachable pairing between local and remote interfaces
[b9g12p0692][[61373,1],10][btl_tcp_proc.c:266:mca_btl_tcp_proc_create_interface_graph] Unable to find reachable pairing between local and remote interfaces
[b9g12p0692][[61373,1],1][btl_tcp_proc.c:266:mca_btl_tcp_proc_create_interface_graph] Unable to find reachable pairing between local and remote interfaces
[b9g12p0692][[61373,1],3][btl_tcp_proc.c:266:mca_btl_tcp_proc_create_interface_graph] Unable to find reachable pairing between local and remote interfaces
[b9g12p0692][[61373,1],21][btl_tcp_proc.c:266:mca_btl_tcp_proc_create_interface_graph] Unable to find reachable pairing between local and remote interfaces
[b9g12p0692][[61373,1],27][btl_tcp_proc.c:266:mca_btl_tcp_proc_create_interface_graph] Unable to find reachable pairing between local and remote interfaces
[b9g12p0692][[61373,1],14][btl_tcp_proc.c:266:mca_btl_tcp_proc_create_interface_graph] Unable to find reachable pairing between local and remote interfaces
[b9g12p0692][[61373,1],26][btl_tcp_proc.c:266:mca_btl_tcp_proc_create_interface_graph] Unable to find reachable pairing between local and remote interfaces
[b9g12p0692][[61373,1],28][btl_tcp_proc.c:266:mca_btl_tcp_proc_create_interface_graph] Unable to find reachable pairing between local and remote interfaces
[b9g12p0692][[61373,1],28][btl_tcp_proc.c:266:mca_btl_tcp_proc_create_interface_graph] Unable to find reachable pairing between local and remote interfaces
[b9g12p0692][[61373,1],23][btl_tcp_proc.c:266:mca_btl_tcp_proc_create_interface_graph] Unable to find reachable pairing between local and remote interfaces
[b9g12p0692][[61373,1],23][btl_tcp_proc.c:266:mca_btl_tcp_proc_create_interface_graph] Unable to find reachable pairing between local and remote interfaces
[b9g12p0692][[61373,1],16][btl_tcp_proc.c:266:mca_btl_tcp_proc_create_interface_graph] Unable to find reachable pairing between local and remote interfaces
[b9g12p0692][[61373,1],18][btl_tcp_proc.c:266:mca_btl_tcp_proc_create_interface_graph] Unable to find reachable pairing between local and remote interfaces
[b9g12p0692][[61373,1],18][btl_tcp_proc.c:266:mca_btl_tcp_proc_create_interface_graph] [b9g12p0692][[61373,1],8][btl_tcp_proc.c:266:mca_btl_tcp_proc_create_interface_graph] Unable to find reachable pairing between local and remote interfaces
[b9g12p0692][[61373,1],8][btl_tcp_proc.c:266:mca_btl_tcp_proc_create_interface_graph] Unable to find reachable pairing between local and remote interfaces
[b9g12p0692][[61373,1],15][btl_tcp_proc.c:266:mca_btl_tcp_proc_create_interface_graph] Unable to find reachable pairing between local and remote interfaces
[b9g12p0692][[61373,1],9][btl_tcp_proc.c:266:mca_btl_tcp_proc_create_interface_graph] Unable to find reachable pairing between local and remote interfaces
[b9g12p0692][[61373,1],9][btl_tcp_proc.c:266:mca_btl_tcp_proc_create_interface_graph] Unable to find reachable pairing between local and remote interfaces
[b9g12p0692][[61373,1],6][btl_tcp_proc.c:266:mca_btl_tcp_proc_create_interface_graph] Unable to find reachable pairing between local and remote interfaces
[b9g12p0692][[61373,1],6][btl_tcp_proc.c:266:mca_btl_tcp_proc_create_interface_graph] Unable to find reachable pairing between local and remote interfaces
[b9g12p0692][[61373,1],7][btl_tcp_proc.c:266:mca_btl_tcp_proc_create_interface_graph] Unable to find reachable pairing between local and remote interfaces
[b9g12p0692][[61373,1],7][btl_tcp_proc.c:266:mca_btl_tcp_proc_create_interface_graph] Unable to find reachable pairing between local and remote interfaces[b9g12p0692][[61373,1],17][btl_tcp_proc.c:266:mca_btl_tcp_proc_create_interface_graph] Unable to find reachable pairing between local and remote interfaces
[b9g12p0692][[61373,1],0][btl_tcp_proc.c:266:mca_btl_tcp_proc_create_interface_graph] Unable to find reachable pairing between local and remote interfaces
[b9g12p0692][[61373,1],3][btl_tcp_proc.c:266:mca_btl_tcp_proc_create_interface_graph] Unable to find reachable pairing between local and remote interfaces
[b9g12p0692][[61373,1],3][btl_tcp_proc.c:266:mca_btl_tcp_proc_create_interface_graph] Unable to find reachable pairing between local and remote interfaces
[b9g12p0692][[61373,1],10][btl_tcp_proc.c:266:mca_btl_tcp_proc_create_interface_graph] Unable to find reachable pairing between local and remote interfaces
[b9g12p0692][[61373,1],14][btl_tcp_proc.c:266:mca_btl_tcp_proc_create_interface_graph] Unable to find reachable pairing between local and remote interfaces
[b9g12p0692][[61373,1],14][btl_tcp_proc.c:266:mca_btl_tcp_proc_create_interface_graph] Unable to find reachable pairing between local and remote interfaces
[b9g12p0692][[61373,1],27][btl_tcp_proc.c:266:mca_btl_tcp_proc_create_interface_graph] Unable to find reachable pairing between local and remote interfaces
[b9g12p0692][[61373,1],27][btl_tcp_proc.c:266:mca_btl_tcp_proc_create_interface_graph] Unable to find reachable pairing between local and remote interfaces
[b9g12p0692][[61373,1],21][btl_tcp_proc.c:266:mca_btl_tcp_proc_create_interface_graph] Unable to find reachable pairing between local and remote interfaces
[b9g12p0692][[61373,1],21][btl_tcp_proc.c:266:mca_btl_tcp_proc_create_interface_graph] Unable to find reachable pairing between local and remote interfaces
[b9g12p0692][[61373,1],19][btl_tcp_proc.c:266:mca_btl_tcp_proc_create_interface_graph] Unable to find reachable pairing between local and remote interfaces
[b9g12p0692][[61373,1],19][btl_tcp_proc.c:266:mca_btl_tcp_proc_create_interface_graph] Unable to find reachable pairing between local and remote interfaces
[b9g12p0692][[61373,1],26][btl_tcp_proc.c:266:mca_btl_tcp_proc_create_interface_graph] Unable to find reachable pairing between local and remote interfaces
[b9g12p0692][[61373,1],26][btl_tcp_proc.c:266:mca_btl_tcp_proc_create_interface_graph] Unable to find reachable pairing between local and remote interfaces
[b9g12p0692][[61373,1],1][btl_tcp_proc.c:266:mca_btl_tcp_proc_create_interface_graph] Unable to find reachable pairing between local and remote interfaces
[b9g12p0692][[61373,1],13][btl_tcp_proc.c:266:mca_btl_tcp_proc_create_interface_graph] Unable to find reachable pairing between local and remote interfaces
[b9g12p0692][[61373,1],13][btl_tcp_proc.c:266:mca_btl_tcp_proc_create_interface_graph] Unable to find reachable pairing between local and remote interfaces
[b9g12p0692][[61373,1],4][btl_tcp_proc.c:266:mca_btl_tcp_proc_create_interface_graph] Unable to find reachable pairing between local and remote interfaces
[b9g12p0692][[61373,1],4][btl_tcp_proc.c:266:mca_btl_tcp_proc_create_interface_graph] Unable to find reachable pairing between local and remote interfaces
Unable to find reachable pairing between local and remote interfaces
[b9g12p0692][[61373,1],2][btl_tcp_proc.c:266:mca_btl_tcp_proc_create_interface_graph] Unable to find reachable pairing between local and remote interfaces
[b9g12p0692][[61373,1],2][btl_tcp_proc.c:266:mca_btl_tcp_proc_create_interface_graph] Unable to find reachable pairing between local and remote interfaces
[b9g12p0692][[61373,1],15][btl_tcp_proc.c:266:mca_btl_tcp_proc_create_interface_graph] Unable to find reachable pairing between local and remote interfaces
[b9g12p0692][[61373,1],15][btl_tcp_proc.c:266:mca_btl_tcp_proc_create_interface_graph] Unable to find reachable pairing between local and remote interfaces
[b9g12p0692][[61373,1],29][btl_tcp_proc.c:266:mca_btl_tcp_proc_create_interface_graph] Unable to find reachable pairing between local and remote interfaces
[b9g12p0692][[61373,1],29][btl_tcp_proc.c:266:mca_btl_tcp_proc_create_interface_graph] Unable to find reachable pairing between local and remote interfaces

[b9g12p0692][[61373,1],7][btl_tcp_proc.c:266:mca_btl_tcp_proc_create_interface_graph] Unable to find reachable pairing between local and remote interfaces
[b9g12p0692][[61373,1],11][btl_tcp_proc.c:266:mca_btl_tcp_proc_create_interface_graph] Unable to find reachable pairing between local and remote interfaces
[b9g12p0692][[61373,1],11][btl_tcp_proc.c:266:mca_btl_tcp_proc_create_interface_graph] Unable to find reachable pairing between local and remote interfaces
[b9g12p0692][[61373,1],0][btl_tcp_proc.c:266:mca_btl_tcp_proc_create_interface_graph] Unable to find reachable pairing between local and remote interfaces
[b9g12p0692][[61373,1],0][btl_tcp_proc.c:266:mca_btl_tcp_proc_create_interface_graph] Unable to find reachable pairing between local and remote interfaces
[b9g12p0692][[61373,1],22][btl_tcp_proc.c:266:mca_btl_tcp_proc_create_interface_graph] Unable to find reachable pairing between local and remote interfaces
[b9g12p0692][[61373,1],22][btl_tcp_proc.c:266:mca_btl_tcp_proc_create_interface_graph] [b9g12p0692][[61373,1],10][btl_tcp_proc.c:266:mca_btl_tcp_proc_create_interface_graph] Unable to find reachable pairing between local and remote interfaces
[b9g12p0692][[61373,1],10][btl_tcp_proc.c:266:mca_btl_tcp_proc_create_interface_graph] Unable to find reachable pairing between local and remote interfaces
[b9g12p0692][[61373,1],20][btl_tcp_proc.c:266:mca_btl_tcp_proc_create_interface_graph] Unable to find reachable pairing between local and remote interfaces
[b9g12p0692][[61373,1],20][btl_tcp_proc.c:266:mca_btl_tcp_proc_create_interface_graph] Unable to find reachable pairing between local and remote interfaces
[b9g12p0692][[61373,1],5][btl_tcp_proc.c:266:mca_btl_tcp_proc_create_interface_graph] Unable to find reachable pairing between local and remote interfaces
[b9g12p0692][[61373,1],5][btl_tcp_proc.c:266:mca_btl_tcp_proc_create_interface_graph] Unable to find reachable pairing between local and remote interfaces
[b9g12p0692][[61373,1],28][btl_tcp_proc.c:266:mca_btl_tcp_proc_create_interface_graph] Unable to find reachable pairing between local and remote interfaces
[b9g12p0692][[61373,1],28][btl_tcp_proc.c:266:mca_btl_tcp_proc_create_interface_graph] Unable to find reachable pairing between local and remote interfaces
[b9g12p0692][[61373,1],23][btl_tcp_proc.c:266:mca_btl_tcp_proc_create_interface_graph] Unable to find reachable pairing between local and remote interfaces
[b9g12p0692][[61373,1],23][btl_tcp_proc.c:266:mca_btl_tcp_proc_create_interface_graph] Unable to find reachable pairing between local and remote interfaces
[b9g12p0692][[61373,1],16][btl_tcp_proc.c:266:mca_btl_tcp_proc_create_interface_graph] Unable to find reachable pairing between local and remote interfaces
[b9g12p0692][[61373,1],25][btl_tcp_proc.c:266:mca_btl_tcp_proc_create_interface_graph] Unable to find reachable pairing between local and remote interfaces
[b9g12p0692][[61373,1],25][btl_tcp_proc.c:266:mca_btl_tcp_proc_create_interface_graph] Unable to find reachable pairing between local and remote interfaces
[b9g12p0692][[61373,1],8][btl_tcp_proc.c:266:mca_btl_tcp_proc_create_interface_graph] Unable to find reachable pairing between local and remote interfaces
[b9g12p0692][[61373,1],8][btl_tcp_proc.c:266:mca_btl_tcp_proc_create_interface_graph] Unable to find reachable pairing between local and remote interfaces
[b9g12p0692][[61373,1],1][btl_tcp_proc.c:266:mca_btl_tcp_proc_create_interface_graph] Unable to find reachable pairing between local and remote interfaces
[b9g12p0692][[61373,1],1][btl_tcp_proc.c:266:mca_btl_tcp_proc_create_interface_graph] Unable to find reachable pairing between local and remote interfaces
[b9g12p0692][[61373,1],9][btl_tcp_proc.c:266:mca_btl_tcp_proc_create_interface_graph] Unable to find reachable pairing between local and remote interfaces
[b9g12p0692][[61373,1],9][btl_tcp_proc.c:266:mca_btl_tcp_proc_create_interface_graph] Unable to find reachable pairing between local and remote interfaces
[b9g12p0692][[61373,1],30][btl_tcp_proc.c:266:mca_btl_tcp_proc_create_interface_graph] Unable to find reachable pairing between local and remote interfaces
[b9g12p0692][[61373,1],30][btl_tcp_proc.c:266:mca_btl_tcp_proc_create_interface_graph] Unable to find reachable pairing between local and remote interfaces
[b9g12p0692][[61373,1],14][btl_tcp_proc.c:266:mca_btl_tcp_proc_create_interface_graph] Unable to find reachable pairing between local and remote interfaces
[b9g12p0692][[61373,1],14][btl_tcp_proc.c:266:mca_btl_tcp_proc_create_interface_graph] Unable to find reachable pairing between local and remote interfaces
[b9g12p0692][[61373,1],18][btl_tcp_proc.c:266:mca_btl_tcp_proc_create_interface_graph] Unable to find reachable pairing between local and remote interfaces
[b9g12p0692][[61373,1],18][btl_tcp_proc.c:266:mca_btl_tcp_proc_create_interface_graph] Unable to find reachable pairing between local and remote interfaces
[b9g12p0692][[61373,1],6][btl_tcp_proc.c:266:mca_btl_tcp_proc_create_interface_graph] Unable to find reachable pairing between local and remote interfaces
[b9g12p0692][[61373,1],6][btl_tcp_proc.c:266:mca_btl_tcp_proc_create_interface_graph] Unable to find reachable pairing between local and remote interfaces
[b9g12p0692][[61373,1],3][btl_tcp_proc.c:266:mca_btl_tcp_proc_create_interface_graph] Unable to find reachable pairing between local and remote interfaces
[b9g12p0692][[61373,1],3][btl_tcp_proc.c:266:mca_btl_tcp_proc_create_interface_graph] Unable to find reachable pairing between local and remote interfaces
[b9g12p0692][[61373,1],17][btl_tcp_proc.c:266:mca_btl_tcp_proc_create_interface_graph] Unable to find reachable pairing between local and remote interfaces
[b9g12p0692][[61373,1],17][btl_tcp_proc.c:266:mca_btl_tcp_proc_create_interface_graph] Unable to find reachable pairing between local and remote interfaces
[b9g12p0692][[61373,1],21][btl_tcp_proc.c:266:mca_btl_tcp_proc_create_interface_graph] Unable to find reachable pairing between local and remote interfaces
[b9g12p0692][[61373,1],21][btl_tcp_proc.c:266:mca_btl_tcp_proc_create_interface_graph] Unable to find reachable pairing between local and remote interfaces
[b9g12p0692][[61373,1],27][btl_tcp_proc.c:266:mca_btl_tcp_proc_create_interface_graph] Unable to find reachable pairing between local and remote interfaces
[b9g12p0692][[61373,1],27][btl_tcp_proc.c:266:mca_btl_tcp_proc_create_interface_graph] Unable to find reachable pairing between local and remote interfaces
Unable to find reachable pairing between local and remote interfaces
[b9g12p0692][[61373,1],22][btl_tcp_proc.c:266:mca_btl_tcp_proc_create_interface_graph] Unable to find reachable pairing between local and remote interfaces
[b9g12p0692][[61373,1],26][btl_tcp_proc.c:266:mca_btl_tcp_proc_create_interface_graph] Unable to find reachable pairing between local and remote interfaces
[b9g12p0692][[61373,1],13][btl_tcp_proc.c:266:mca_btl_tcp_proc_create_interface_graph] Unable to find reachable pairing between local and remote interfaces
[b9g12p0692][[61373,1],13][btl_tcp_proc.c:266:mca_btl_tcp_proc_create_interface_graph] Unable to find reachable pairing between local and remote interfaces
[b9g12p0692][[61373,1],31][btl_tcp_proc.c:266:mca_btl_tcp_proc_create_interface_graph] Unable to find reachable pairing between local and remote interfaces
[b9g12p0692][[61373,1],31][btl_tcp_proc.c:266:mca_btl_tcp_proc_create_interface_graph] Unable to find reachable pairing between local and remote interfaces
[b9g12p0692][[61373,1],7][btl_tcp_proc.c:266:mca_btl_tcp_proc_create_interface_graph] Unable to find reachable pairing between local and remote interfaces
[b9g12p0692][[61373,1],7][btl_tcp_proc.c:266:mca_btl_tcp_proc_create_interface_graph] Unable to find reachable pairing between local and remote interfaces
[b9g12p0692][[61373,1],19][btl_tcp_proc.c:266:mca_btl_tcp_proc_create_interface_graph] Unable to find reachable pairing between local and remote interfaces
[b9g12p0692][[61373,1],19][btl_tcp_proc.c:266:mca_btl_tcp_proc_create_interface_graph] Unable to find reachable pairing between local and remote interfaces
[b9g12p0692][[61373,1],0][btl_tcp_proc.c:266:mca_btl_tcp_proc_create_interface_graph] Unable to find reachable pairing between local and remote interfaces
[b9g12p0692][[61373,1],0][btl_tcp_proc.c:266:mca_btl_tcp_proc_create_interface_graph] Unable to find reachable pairing between local and remote interfaces
[b9g12p0692][[61373,1],15][btl_tcp_proc.c:266:mca_btl_tcp_proc_create_interface_graph] Unable to find reachable pairing between local and remote interfaces
[b9g12p0692][[61373,1],15][btl_tcp_proc.c:266:mca_btl_tcp_proc_create_interface_graph] Unable to find reachable pairing between local and remote interfaces
[b9g12p0692][[61373,1],16][btl_tcp_proc.c:266:mca_btl_tcp_proc_create_interface_graph] Unable to find reachable pairing between local and remote interfaces
[b9g12p0692][[61373,1],16][btl_tcp_proc.c:266:mca_btl_tcp_proc_create_interface_graph] Unable to find reachable pairing between local and remote interfaces
[b9g12p0692][[61373,1],29][btl_tcp_proc.c:266:mca_btl_tcp_proc_create_interface_graph] Unable to find reachable pairing between local and remote interfaces
[b9g12p0692][[61373,1],29][btl_tcp_proc.c:266:mca_btl_tcp_proc_create_interface_graph] Unable to find reachable pairing between local and remote interfaces
[b9g12p0692][[61373,1],11][btl_tcp_proc.c:266:mca_btl_tcp_proc_create_interface_graph] Unable to find reachable pairing between local and remote interfaces
[b9g12p0692][[61373,1],11][btl_tcp_proc.c:266:mca_btl_tcp_proc_create_interface_graph] Unable to find reachable pairing between local and remote interfaces
[b9g12p0692][[61373,1],28][btl_tcp_proc.c:266:mca_btl_tcp_proc_create_interface_graph] Unable to find reachable pairing between local and remote interfaces
[b9g12p0692][[61373,1],10][btl_tcp_proc.c:266:mca_btl_tcp_proc_create_interface_graph] Unable to find reachable pairing between local and remote interfaces
[b9g12p0692][[61373,1],10][btl_tcp_proc.c:266:mca_btl_tcp_proc_create_interface_graph] Unable to find reachable pairing between local and remote interfaces
[b9g12p0692][[61373,1],23][btl_tcp_proc.c:266:mca_btl_tcp_proc_create_interface_graph] Unable to find reachable pairing between local and remote interfaces
[b9g12p0692][[61373,1],23][btl_tcp_proc.c:266:mca_btl_tcp_proc_create_interface_graph] Unable to find reachable pairing between local and remote interfaces
[b9g12p0692][[61373,1],20][btl_tcp_proc.c:266:mca_btl_tcp_proc_create_interface_graph] Unable to find reachable pairing between local and remote interfaces
[b9g12p0692][[61373,1],20][btl_tcp_proc.c:266:mca_btl_tcp_proc_create_interface_graph] Unable to find reachable pairing between local and remote interfaces
[b9g12p0692][[61373,1],4][btl_tcp_proc.c:266:mca_btl_tcp_proc_create_interface_graph] Unable to find reachable pairing between local and remote interfaces
[b9g12p0692][[61373,1],4][btl_tcp_proc.c:266:mca_btl_tcp_proc_create_interface_graph] Unable to find reachable pairing between local and remote interfaces
[b9g12p0692][[61373,1],5][btl_tcp_proc.c:266:mca_btl_tcp_proc_create_interface_graph] Unable to find reachable pairing between local and remote interfaces
[b9g12p0692][[61373,1],5][btl_tcp_proc.c:266:mca_btl_tcp_proc_create_interface_graph] Unable to find reachable pairing between local and remote interfaces
[b9g12p0692][[61373,1],25][btl_tcp_proc.c:266:mca_btl_tcp_proc_create_interface_graph] Unable to find reachable pairing between local and remote interfaces
[b9g12p0692][[61373,1],25][btl_tcp_proc.c:266:mca_btl_tcp_proc_create_interface_graph] Unable to find reachable pairing between local and remote interfaces
[b9g12p0692][[61373,1],8][btl_tcp_proc.c:266:mca_btl_tcp_proc_create_interface_graph] Unable to find reachable pairing between local and remote interfaces
[b9g12p0692][[61373,1],8][btl_tcp_proc.c:266:mca_btl_tcp_proc_create_interface_graph] Unable to find reachable pairing between local and remote interfaces
[b9g12p0692][[61373,1],14][btl_tcp_proc.c:266:mca_btl_tcp_proc_create_interface_graph] Unable to find reachable pairing between local and remote interfaces
[b9g12p0692][[61373,1],14][btl_tcp_proc.c:266:mca_btl_tcp_proc_create_interface_graph] Unable to find reachable pairing between local and remote interfaces
[b9g12p0692][[61373,1],9][btl_tcp_proc.c:266:mca_btl_tcp_proc_create_interface_graph] Unable to find reachable pairing between local and remote interfaces
[b9g12p0692][[61373,1],9][btl_tcp_proc.c:266:mca_btl_tcp_proc_create_interface_graph] Unable to find reachable pairing between local and remote interfaces
[b9g12p0692][[61373,1],18][btl_tcp_proc.c:266:mca_btl_tcp_proc_create_interface_graph] Unable to find reachable pairing between local and remote interfaces
[b9g12p0692][[61373,1],18][btl_tcp_proc.c:266:mca_btl_tcp_proc_create_interface_graph] Unable to find reachable pairing between local and remote interfaces
[b9g12p0692][[61373,1],3][btl_tcp_proc.c:266:mca_btl_tcp_proc_create_interface_graph] Unable to find reachable pairing between local and remote interfaces
[b9g12p0692][[61373,1],1][btl_tcp_proc.c:266:mca_btl_tcp_proc_create_interface_graph] Unable to find reachable pairing between local and remote interfaces
[b9g12p0692][[61373,1],1][btl_tcp_proc.c:266:mca_btl_tcp_proc_create_interface_graph] Unable to find reachable pairing between local and remote interfaces
[b9g12p0692][[61373,1],6][btl_tcp_proc.c:266:mca_btl_tcp_proc_create_interface_graph] Unable to find reachable pairing between local and remote interfaces
[b9g12p0692][[61373,1],6][btl_tcp_proc.c:266:mca_btl_tcp_proc_create_interface_graph] Unable to find reachable pairing between local and remote interfaces
[b9g12p0692][[61373,1],30][btl_tcp_proc.c:266:mca_btl_tcp_proc_create_interface_graph] Unable to find reachable pairing between local and remote interfaces
[b9g12p0692][[61373,1],30][btl_tcp_proc.c:266:mca_btl_tcp_proc_create_interface_graph] Unable to find reachable pairing between local and remote interfaces
[b9g12p0692][[61373,1],2][btl_tcp_proc.c:266:mca_btl_tcp_proc_create_interface_graph] Unable to find reachable pairing between local and remote interfaces
[b9g12p0692][[61373,1],2][btl_tcp_proc.c:266:mca_btl_tcp_proc_create_interface_graph] Unable to find reachable pairing between local and remote interfaces
[b9g12p0692][[61373,1],26][btl_tcp_proc.c:266:mca_btl_tcp_proc_create_interface_graph] Unable to find reachable pairing between local and remote interfaces
[b9g12p0692][[61373,1],26][btl_tcp_proc.c:266:mca_btl_tcp_proc_create_interface_graph] Unable to find reachable pairing between local and remote interfaces
[b9g12p0692][[61373,1],27][btl_tcp_proc.c:266:mca_btl_tcp_proc_create_interface_graph] Unable to find reachable pairing between local and remote interfaces
[b9g12p0692][[61373,1],27][btl_tcp_proc.c:266:mca_btl_tcp_proc_create_interface_graph] Unable to find reachable pairing between local and remote interfaces
[b9g12p0692][[61373,1],17][btl_tcp_proc.c:266:mca_btl_tcp_proc_create_interface_graph] Unable to find reachable pairing between local and remote interfaces
[b9g12p0692][[61373,1],17][btl_tcp_proc.c:266:mca_btl_tcp_proc_create_interface_graph] Unable to find reachable pairing between local and remote interfaces
[b9g12p0692][[61373,1],21][btl_tcp_proc.c:266:mca_btl_tcp_proc_create_interface_graph] Unable to find reachable pairing between local and remote interfaces
[b9g12p0692][[61373,1],21][btl_tcp_proc.c:266:mca_btl_tcp_proc_create_interface_graph] Unable to find reachable pairing between local and remote interfaces
[b9g12p0692][[61373,1],22][btl_tcp_proc.c:266:mca_btl_tcp_proc_create_interface_graph] Unable to find reachable pairing between local and remote interfaces
[b9g12p0692][[61373,1],22][btl_tcp_proc.c:266:mca_btl_tcp_proc_create_interface_graph] Unable to find reachable pairing between local and remote interfaces
[b9g12p0692][[61373,1],24][btl_tcp_proc.c:266:mca_btl_tcp_proc_create_interface_graph] Unable to find reachable pairing between local and remote interfaces
[b9g12p0692][[61373,1],24][btl_tcp_proc.c:266:mca_btl_tcp_proc_create_interface_graph] Unable to find reachable pairing between local and remote interfaces
[b9g12p0692][[61373,1],7][btl_tcp_proc.c:266:mca_btl_tcp_proc_create_interface_graph] Unable to find reachable pairing between local and remote interfaces
[b9g12p0692][[61373,1],7][btl_tcp_proc.c:266:mca_btl_tcp_proc_create_interface_graph] Unable to find reachable pairing between local and remote interfaces
[b9g12p0692][[61373,1],0][btl_tcp_proc.c:266:mca_btl_tcp_proc_create_interface_graph] Unable to find reachable pairing between local and remote interfaces
[b9g12p0692][[61373,1],0][btl_tcp_proc.c:266:mca_btl_tcp_proc_create_interface_graph] Unable to find reachable pairing between local and remote interfaces
[b9g12p0692][[61373,1],13][btl_tcp_proc.c:266:mca_btl_tcp_proc_create_interface_graph] Unable to find reachable pairing between local and remote interfaces
[b9g12p0692][[61373,1],13][btl_tcp_proc.c:266:mca_btl_tcp_proc_create_interface_graph] Unable to find reachable pairing between local and remote interfaces
[b9g12p0692][[61373,1],12][btl_tcp_proc.c:266:mca_btl_tcp_proc_create_interface_graph] Unable to find reachable pairing between local and remote interfaces
[b9g12p0692][[61373,1],12][btl_tcp_proc.c:266:mca_btl_tcp_proc_create_interface_graph] Unable to find reachable pairing between local and remote interfaces
[b9g12p0692][[61373,1],31][btl_tcp_proc.c:266:mca_btl_tcp_proc_create_interface_graph] Unable to find reachable pairing between local and remote interfaces
[b9g12p0692][[61373,1],31][btl_tcp_proc.c:266:mca_btl_tcp_proc_create_interface_graph] Unable to find reachable pairing between local and remote interfaces
[b9g12p0692][[61373,1],19][btl_tcp_proc.c:266:mca_btl_tcp_proc_create_interface_graph] Unable to find reachable pairing between local and remote interfaces
[b9g12p0692][[61373,1],19][btl_tcp_proc.c:266:mca_btl_tcp_proc_create_interface_graph] Unable to find reachable pairing between local and remote interfaces
[b9g12p0692][[61373,1],28][btl_tcp_proc.c:266:mca_btl_tcp_proc_create_interface_graph] Unable to find reachable pairing between local and remote interfaces
[b9g12p0692][[61373,1],28][btl_tcp_proc.c:266:mca_btl_tcp_proc_create_interface_graph] Unable to find reachable pairing between local and remote interfaces
[b9g12p0692][[61373,1],15][btl_tcp_proc.c:266:mca_btl_tcp_proc_create_interface_graph] Unable to find reachable pairing between local and remote interfaces
[b9g12p0692][[61373,1],15][btl_tcp_proc.c:266:mca_btl_tcp_proc_create_interface_graph] Unable to find reachable pairing between local and remote interfaces
[b9g12p0692][[61373,1],16][btl_tcp_proc.c:266:mca_btl_tcp_proc_create_interface_graph] Unable to find reachable pairing between local and remote interfaces
[b9g12p0692][[61373,1],16][btl_tcp_proc.c:266:mca_btl_tcp_proc_create_interface_graph] Unable to find reachable pairing between local and remote interfaces
[b9g12p0692][[61373,1],29][btl_tcp_proc.c:266:mca_btl_tcp_proc_create_interface_graph] Unable to find reachable pairing between local and remote interfaces
[b9g12p0692][[61373,1],29][btl_tcp_proc.c:266:mca_btl_tcp_proc_create_interface_graph] Unable to find reachable pairing between local and remote interfaces
[b9g12p0692][[61373,1],11][btl_tcp_proc.c:266:mca_btl_tcp_proc_create_interface_graph] Unable to find reachable pairing between local and remote interfaces
[b9g12p0692][[61373,1],11][btl_tcp_proc.c:266:mca_btl_tcp_proc_create_interface_graph] Unable to find reachable pairing between local and remote interfaces
[b9g12p0692][[61373,1],25][btl_tcp_proc.c:266:mca_btl_tcp_proc_create_interface_graph] Unable to find reachable pairing between local and remote interfaces
[b9g12p0692][[61373,1],25][btl_tcp_proc.c:266:mca_btl_tcp_proc_create_interface_graph] Unable to find reachable pairing between local and remote interfaces
[b9g12p0692][[61373,1],10][btl_tcp_proc.c:266:mca_btl_tcp_proc_create_interface_graph] Unable to find reachable pairing between local and remote interfaces
[b9g12p0692][[61373,1],10][btl_tcp_proc.c:266:mca_btl_tcp_proc_create_interface_graph] Unable to find reachable pairing between local and remote interfaces
[b9g12p0692][[61373,1],23][btl_tcp_proc.c:266:mca_btl_tcp_proc_create_interface_graph] Unable to find reachable pairing between local and remote interfaces
[b9g12p0692][[61373,1],23][btl_tcp_proc.c:266:mca_btl_tcp_proc_create_interface_graph] Unable to find reachable pairing between local and remote interfaces
[b9g12p0692][[61373,1],5][btl_tcp_proc.c:266:mca_btl_tcp_proc_create_interface_graph] Unable to find reachable pairing between local and remote interfaces
[b9g12p0692][[61373,1],5][btl_tcp_proc.c:266:mca_btl_tcp_proc_create_interface_graph] Unable to find reachable pairing between local and remote interfaces
[b9g12p0692][[61373,1],20][btl_tcp_proc.c:266:mca_btl_tcp_proc_create_interface_graph] Unable to find reachable pairing between local and remote interfaces
[b9g12p0692][[61373,1],20][btl_tcp_proc.c:266:mca_btl_tcp_proc_create_interface_graph] Unable to find reachable pairing between local and remote interfaces
[b9g12p0692][[61373,1],3][btl_tcp_proc.c:266:mca_btl_tcp_proc_create_interface_graph] Unable to find reachable pairing between local and remote interfaces
[b9g12p0692][[61373,1],3][btl_tcp_proc.c:266:mca_btl_tcp_proc_create_interface_graph] Unable to find reachable pairing between local and remote interfaces
[b9g12p0692][[61373,1],9][btl_tcp_proc.c:266:mca_btl_tcp_proc_create_interface_graph] Unable to find reachable pairing between local and remote interfaces
[b9g12p0692][[61373,1],9][btl_tcp_proc.c:266:mca_btl_tcp_proc_create_interface_graph] Unable to find reachable pairing between local and remote interfaces
[b9g12p0692][[61373,1],4][btl_tcp_proc.c:266:mca_btl_tcp_proc_create_interface_graph] Unable to find reachable pairing between local and remote interfaces
[b9g12p0692][[61373,1],4][btl_tcp_proc.c:266:mca_btl_tcp_proc_create_interface_graph] Unable to find reachable pairing between local and remote interfaces
[b9g12p0692][[61373,1],18][btl_tcp_proc.c:266:mca_btl_tcp_proc_create_interface_graph] Unable to find reachable pairing between local and remote interfaces
[b9g12p0692][[61373,1],18][btl_tcp_proc.c:266:mca_btl_tcp_proc_create_interface_graph] Unable to find reachable pairing between local and remote interfaces
[b9g12p0692][[61373,1],1][btl_tcp_proc.c:266:mca_btl_tcp_proc_create_interface_graph] Unable to find reachable pairing between local and remote interfaces
[b9g12p0692][[61373,1],1][btl_tcp_proc.c:266:mca_btl_tcp_proc_create_interface_graph] Unable to find reachable pairing between local and remote interfaces
[b9g12p0692][[61373,1],30][btl_tcp_proc.c:266:mca_btl_tcp_proc_create_interface_graph] Unable to find reachable pairing between local and remote interfaces
[b9g12p0692][[61373,1],30][btl_tcp_proc.c:266:mca_btl_tcp_proc_create_interface_graph] Unable to find reachable pairing between local and remote interfaces[b9g12p0692][[61373,1],6][btl_tcp_proc.c:266:mca_btl_tcp_proc_create_interface_graph] Unable to find reachable pairing between local and remote interfaces
[b9g12p0692][[61373,1],6][btl_tcp_proc.c:266:mca_btl_tcp_proc_create_interface_graph] Unable to find reachable pairing between local and remote interfaces
[b9g12p0692][[61373,1],21][btl_tcp_proc.c:266:mca_btl_tcp_proc_create_interface_graph] Unable to find reachable pairing between local and remote interfaces
[b9g12p0692][[61373,1],21][btl_tcp_proc.c:266:mca_btl_tcp_proc_create_interface_graph] Unable to find reachable pairing between local and remote interfaces
[b9g12p0692][[61373,1],8][btl_tcp_proc.c:266:mca_btl_tcp_proc_create_interface_graph] Unable to find reachable pairing between local and remote interfaces
[b9g12p0692][[61373,1],8][btl_tcp_proc.c:266:mca_btl_tcp_proc_create_interface_graph] Unable to find reachable pairing between local and remote interfaces
[b9g12p0692][[61373,1],2][btl_tcp_proc.c:266:mca_btl_tcp_proc_create_interface_graph] Unable to find reachable pairing between local and remote interfaces
[b9g12p0692][[61373,1],2][btl_tcp_proc.c:266:mca_btl_tcp_proc_create_interface_graph] Unable to find reachable pairing between local and remote interfaces
[b9g12p0692][[61373,1],14][btl_tcp_proc.c:266:mca_btl_tcp_proc_create_interface_graph] Unable to find reachable pairing between local and remote interfaces
[b9g12p0692][[61373,1],14][btl_tcp_proc.c:266:mca_btl_tcp_proc_create_interface_graph] Unable to find reachable pairing between local and remote interfaces
[b9g12p0692][[61373,1],7][btl_tcp_proc.c:266:mca_btl_tcp_proc_create_interface_graph] Unable to find reachable pairing between local and remote interfaces
[b9g12p0692][[61373,1],7][btl_tcp_proc.c:266:mca_btl_tcp_proc_create_interface_graph] Unable to find reachable pairing between local and remote interfaces
[b9g12p0692][[61373,1],27][btl_tcp_proc.c:266:mca_btl_tcp_proc_create_interface_graph] Unable to find reachable pairing between local and remote interfaces
[b9g12p0692][[61373,1],27][btl_tcp_proc.c:266:mca_btl_tcp_proc_create_interface_graph] Unable to find reachable pairing between local and remote interfaces
[b9g12p0692][[61373,1],17][btl_tcp_proc.c:266:mca_btl_tcp_proc_create_interface_graph] Unable to find reachable pairing between local and remote interfaces
[b9g12p0692][[61373,1],17][btl_tcp_proc.c:266:mca_btl_tcp_proc_create_interface_graph] Unable to find reachable pairing between local and remote interfaces
[b9g12p0692][[61373,1],0][btl_tcp_proc.c:266:mca_btl_tcp_proc_create_interface_graph] Unable to find reachable pairing between local and remote interfaces
[b9g12p0692][[61373,1],22][btl_tcp_proc.c:266:mca_btl_tcp_proc_create_interface_graph] Unable to find reachable pairing between local and remote interfaces
[b9g12p0692][[61373,1],22][btl_tcp_proc.c:266:mca_btl_tcp_proc_create_interface_graph] Unable to find reachable pairing between local and remote interfaces
[b9g12p0692][[61373,1],26][btl_tcp_proc.c:266:mca_btl_tcp_proc_create_interface_graph] Unable to find reachable pairing between local and remote interfaces
[b9g12p0692][[61373,1],26][btl_tcp_proc.c:266:mca_btl_tcp_proc_create_interface_graph] Unable to find reachable pairing between local and remote interfaces
[b9g12p0692][[61373,1],28][btl_tcp_proc.c:266:mca_btl_tcp_proc_create_interface_graph] Unable to find reachable pairing between local and remote interfaces
[b9g12p0692][[61373,1],28][btl_tcp_proc.c:266:mca_btl_tcp_proc_create_interface_graph] Unable to find reachable pairing between local and remote interfaces
[b9g12p0692][[61373,1],12][btl_tcp_proc.c:266:mca_btl_tcp_proc_create_interface_graph] Unable to find reachable pairing between local and remote interfaces
[b9g12p0692][[61373,1],12][btl_tcp_proc.c:266:mca_btl_tcp_proc_create_interface_graph] Unable to find reachable pairing between local and remote interfaces
[b9g12p0692][[61373,1],24][btl_tcp_proc.c:266:mca_btl_tcp_proc_create_interface_graph] Unable to find reachable pairing between local and remote interfaces
[b9g12p0692][[61373,1],24][btl_tcp_proc.c:266:mca_btl_tcp_proc_create_interface_graph] Unable to find reachable pairing between local and remote interfaces
[b9g12p0692][[61373,1],13][btl_tcp_proc.c:266:mca_btl_tcp_proc_create_interface_graph] Unable to find reachable pairing between local and remote interfaces
[b9g12p0692][[61373,1],13][btl_tcp_proc.c:266:mca_btl_tcp_proc_create_interface_graph] Unable to find reachable pairing between local and remote interfaces
[b9g12p0692][[61373,1],19][btl_tcp_proc.c:266:mca_btl_tcp_proc_create_interface_graph] Unable to find reachable pairing between local and remote interfaces
[b9g12p0692][[61373,1],19][btl_tcp_proc.c:266:mca_btl_tcp_proc_create_interface_graph] Unable to find reachable pairing between local and remote interfaces
[b9g12p0692][[61373,1],15][btl_tcp_proc.c:266:mca_btl_tcp_proc_create_interface_graph] Unable to find reachable pairing between local and remote interfaces
[b9g12p0692][[61373,1],15][btl_tcp_proc.c:266:mca_btl_tcp_proc_create_interface_graph] Unable to find reachable pairing between local and remote interfaces
[b9g12p0692][[61373,1],16][btl_tcp_proc.c:266:mca_btl_tcp_proc_create_interface_graph] Unable to find reachable pairing between local and remote interfaces
[b9g12p0692][[61373,1],16][btl_tcp_proc.c:266:mca_btl_tcp_proc_create_interface_graph] Unable to find reachable pairing between local and remote interfaces
[b9g12p0692][[61373,1],11][btl_tcp_proc.c:266:mca_btl_tcp_proc_create_interface_graph] Unable to find reachable pairing between local and remote interfaces
[b9g12p0692][[61373,1],11][btl_tcp_proc.c:266:mca_btl_tcp_proc_create_interface_graph] Unable to find reachable pairing between local and remote interfaces
[b9g12p0692][[61373,1],29][btl_tcp_proc.c:266:mca_btl_tcp_proc_create_interface_graph] Unable to find reachable pairing between local and remote interfaces
[b9g12p0692][[61373,1],29][btl_tcp_proc.c:266:mca_btl_tcp_proc_create_interface_graph] Unable to find reachable pairing between local and remote interfaces

[b9g12p0692][[61373,1],31][btl_tcp_proc.c:266:mca_btl_tcp_proc_create_interface_graph] Unable to find reachable pairing between local and remote interfaces
[b9g12p0692][[61373,1],31][btl_tcp_proc.c:266:mca_btl_tcp_proc_create_interface_graph] Unable to find reachable pairing between local and remote interfaces
[b9g12p0692][[61373,1],25][btl_tcp_proc.c:266:mca_btl_tcp_proc_create_interface_graph] Unable to find reachable pairing between local and remote interfaces
[b9g12p0692][[61373,1],25][btl_tcp_proc.c:266:mca_btl_tcp_proc_create_interface_graph] Unable to find reachable pairing between local and remote interfaces
[b9g12p0692][[61373,1],5][btl_tcp_proc.c:266:mca_btl_tcp_proc_create_interface_graph] Unable to find reachable pairing between local and remote interfaces
[b9g12p0692][[61373,1],5][btl_tcp_proc.c:266:mca_btl_tcp_proc_create_interface_graph] Unable to find reachable pairing between local and remote interfaces
[b9g12p0692][[61373,1],9][btl_tcp_proc.c:266:mca_btl_tcp_proc_create_interface_graph] Unable to find reachable pairing between local and remote interfaces
[b9g12p0692][[61373,1],9][btl_tcp_proc.c:266:mca_btl_tcp_proc_create_interface_graph] Unable to find reachable pairing between local and remote interfaces
[b9g12p0692][[61373,1],3][btl_tcp_proc.c:266:mca_btl_tcp_proc_create_interface_graph] Unable to find reachable pairing between local and remote interfaces
[b9g12p0692][[61373,1],3][btl_tcp_proc.c:266:mca_btl_tcp_proc_create_interface_graph] Unable to find reachable pairing between local and remote interfaces
[b9g12p0692][[61373,1],10][btl_tcp_proc.c:266:mca_btl_tcp_proc_create_interface_graph] Unable to find reachable pairing between local and remote interfaces
[b9g12p0692][[61373,1],10][btl_tcp_proc.c:266:mca_btl_tcp_proc_create_interface_graph] Unable to find reachable pairing between local and remote interfaces
[b9g12p0692][[61373,1],23][btl_tcp_proc.c:266:mca_btl_tcp_proc_create_interface_graph] Unable to find reachable pairing between local and remote interfaces
[b9g12p0692][[61373,1],23][btl_tcp_proc.c:266:mca_btl_tcp_proc_create_interface_graph] Unable to find reachable pairing between local and remote interfaces
[b9g12p0692][[61373,1],4][btl_tcp_proc.c:266:mca_btl_tcp_proc_create_interface_graph] Unable to find reachable pairing between local and remote interfaces
[b9g12p0692][[61373,1],4][btl_tcp_proc.c:266:mca_btl_tcp_proc_create_interface_graph] Unable to find reachable pairing between local and remote interfaces
[b9g12p0692][[61373,1],20][btl_tcp_proc.c:266:mca_btl_tcp_proc_create_interface_graph] Unable to find reachable pairing between local and remote interfaces
[b9g12p0692][[61373,1],20][btl_tcp_proc.c:266:mca_btl_tcp_proc_create_interface_graph] Unable to find reachable pairing between local and remote interfaces
[b9g12p0692][[61373,1],18][btl_tcp_proc.c:266:mca_btl_tcp_proc_create_interface_graph] Unable to find reachable pairing between local and remote interfaces
[b9g12p0692][[61373,1],18][btl_tcp_proc.c:266:mca_btl_tcp_proc_create_interface_graph] Unable to find reachable pairing between local and remote interfaces
[b9g12p0692][[61373,1],1][btl_tcp_proc.c:266:mca_btl_tcp_proc_create_interface_graph] Unable to find reachable pairing between local and remote interfaces
[b9g12p0692][[61373,1],1][btl_tcp_proc.c:266:mca_btl_tcp_proc_create_interface_graph] Unable to find reachable pairing between local and remote interfaces
[b9g12p0692][[61373,1],6][btl_tcp_proc.c:266:mca_btl_tcp_proc_create_interface_graph] Unable to find reachable pairing between local and remote interfaces
[b9g12p0692][[61373,1],6][btl_tcp_proc.c:266:mca_btl_tcp_proc_create_interface_graph] Unable to find reachable pairing between local and remote interfaces
[b9g12p0692][[61373,1],0][btl_tcp_proc.c:266:mca_btl_tcp_proc_create_interface_graph] Unable to find reachable pairing between local and remote interfaces
[b9g12p0692][[61373,1],0][btl_tcp_proc.c:266:mca_btl_tcp_proc_create_interface_graph] Unable to find reachable pairing between local and remote interfaces
[b9g12p0692][[61373,1],8][btl_tcp_proc.c:266:mca_btl_tcp_proc_create_interface_graph] Unable to find reachable pairing between local and remote interfaces
[b9g12p0692][[61373,1],8][btl_tcp_proc.c:266:mca_btl_tcp_proc_create_interface_graph] Unable to find reachable pairing between local and remote interfaces
[b9g12p0692][[61373,1],7][btl_tcp_proc.c:266:mca_btl_tcp_proc_create_interface_graph] Unable to find reachable pairing between local and remote interfaces
[b9g12p0692][[61373,1],7][btl_tcp_proc.c:266:mca_btl_tcp_proc_create_interface_graph] Unable to find reachable pairing between local and remote interfaces
[b9g12p0692][[61373,1],14][btl_tcp_proc.c:266:mca_btl_tcp_proc_create_interface_graph] Unable to find reachable pairing between local and remote interfaces
[b9g12p0692][[61373,1],14][btl_tcp_proc.c:266:mca_btl_tcp_proc_create_interface_graph] Unable to find reachable pairing between local and remote interfaces
[b9g12p0692][[61373,1],21][btl_tcp_proc.c:266:mca_btl_tcp_proc_create_interface_graph] Unable to find reachable pairing between local and remote interfaces
[b9g12p0692][[61373,1],21][btl_tcp_proc.c:266:mca_btl_tcp_proc_create_interface_graph] Unable to find reachable pairing between local and remote interfaces
[b9g12p0692][[61373,1],2][btl_tcp_proc.c:266:mca_btl_tcp_proc_create_interface_graph] Unable to find reachable pairing between local and remote interfaces
[b9g12p0692][[61373,1],2][btl_tcp_proc.c:266:mca_btl_tcp_proc_create_interface_graph] Unable to find reachable pairing between local and remote interfaces
[b9g12p0692][[61373,1],17][btl_tcp_proc.c:266:mca_btl_tcp_proc_create_interface_graph] Unable to find reachable pairing between local and remote interfaces
[b9g12p0692][[61373,1],17][btl_tcp_proc.c:266:mca_btl_tcp_proc_create_interface_graph] Unable to find reachable pairing between local and remote interfaces
[b9g12p0692][[61373,1],28][btl_tcp_proc.c:266:mca_btl_tcp_proc_create_interface_graph] Unable to find reachable pairing between local and remote interfaces
[b9g12p0692][[61373,1],28][btl_tcp_proc.c:266:mca_btl_tcp_proc_create_interface_graph] Unable to find reachable pairing between local and remote interfaces
[b9g12p0692][[61373,1],27][btl_tcp_proc.c:266:mca_btl_tcp_proc_create_interface_graph] Unable to find reachable pairing between local and remote interfaces
[b9g12p0692][[61373,1],27][btl_tcp_proc.c:266:mca_btl_tcp_proc_create_interface_graph] Unable to find reachable pairing between local and remote interfaces
[b9g12p0692][[61373,1],22][btl_tcp_proc.c:266:mca_btl_tcp_proc_create_interface_graph] Unable to find reachable pairing between local and remote interfaces
[b9g12p0692][[61373,1],22][btl_tcp_proc.c:266:mca_btl_tcp_proc_create_interface_graph] Unable to find reachable pairing between local and remote interfaces
[b9g12p0692][[61373,1],26][btl_tcp_proc.c:266:mca_btl_tcp_proc_create_interface_graph] Unable to find reachable pairing between local and remote interfaces
[b9g12p0692][[61373,1],26][btl_tcp_proc.c:266:mca_btl_tcp_proc_create_interface_graph] Unable to find reachable pairing between local and remote interfaces
[b9g12p0692][[61373,1],24][btl_tcp_proc.c:266:mca_btl_tcp_proc_create_interface_graph] Unable to find reachable pairing between local and remote interfaces
[b9g12p0692][[61373,1],24][btl_tcp_proc.c:266:mca_btl_tcp_proc_create_interface_graph] Unable to find reachable pairing between local and remote interfaces
[b9g12p0692][[61373,1],12][btl_tcp_proc.c:266:mca_btl_tcp_proc_create_interface_graph] Unable to find reachable pairing between local and remote interfaces
[b9g12p0692][[61373,1],12][btl_tcp_proc.c:266:mca_btl_tcp_proc_create_interface_graph] Unable to find reachable pairing between local and remote interfaces
[b9g12p0692][[61373,1],13][btl_tcp_proc.c:266:mca_btl_tcp_proc_create_interface_graph] Unable to find reachable pairing between local and remote interfaces
[b9g12p0692][[61373,1],13][btl_tcp_proc.c:266:mca_btl_tcp_proc_create_interface_graph] Unable to find reachable pairing between local and remote interfaces
[b9g12p0692][[61373,1],30][btl_tcp_proc.c:266:mca_btl_tcp_proc_create_interface_graph] Unable to find reachable pairing between local and remote interfaces
[b9g12p0692][[61373,1],30][btl_tcp_proc.c:266:mca_btl_tcp_proc_create_interface_graph] Unable to find reachable pairing between local and remote interfaces
[b9g12p0692][[61373,1],11][btl_tcp_proc.c:266:mca_btl_tcp_proc_create_interface_graph] Unable to find reachable pairing between local and remote interfaces
[b9g12p0692][[61373,1],11][btl_tcp_proc.c:266:mca_btl_tcp_proc_create_interface_graph] Unable to find reachable pairing between local and remote interfaces
[b9g12p0692][[61373,1],16][btl_tcp_proc.c:266:mca_btl_tcp_proc_create_interface_graph] Unable to find reachable pairing between local and remote interfaces
[b9g12p0692][[61373,1],16][btl_tcp_proc.c:266:mca_btl_tcp_proc_create_interface_graph] Unable to find reachable pairing between local and remote interfaces
[b9g12p0692][[61373,1],15][btl_tcp_proc.c:266:mca_btl_tcp_proc_create_interface_graph] Unable to find reachable pairing between local and remote interfaces
[b9g12p0692][[61373,1],15][btl_tcp_proc.c:266:mca_btl_tcp_proc_create_interface_graph] Unable to find reachable pairing between local and remote interfaces
[b9g12p0692][[61373,1],19][btl_tcp_proc.c:266:mca_btl_tcp_proc_create_interface_graph] Unable to find reachable pairing between local and remote interfaces
[b9g12p0692][[61373,1],19][btl_tcp_proc.c:266:mca_btl_tcp_proc_create_interface_graph] Unable to find reachable pairing between local and remote interfaces
[b9g12p0692][[61373,1],29][btl_tcp_proc.c:266:mca_btl_tcp_proc_create_interface_graph] Unable to find reachable pairing between local and remote interfaces
[b9g12p0692][[61373,1],29][btl_tcp_proc.c:266:mca_btl_tcp_proc_create_interface_graph] Unable to find reachable pairing between local and remote interfaces
[b9g12p0692][[61373,1],3][btl_tcp_proc.c:266:mca_btl_tcp_proc_create_interface_graph] Unable to find reachable pairing between local and remote interfaces
[b9g12p0692][[61373,1],3][btl_tcp_proc.c:266:mca_btl_tcp_proc_create_interface_graph] Unable to find reachable pairing between local and remote interfaces
[b9g12p0692][[61373,1],31][btl_tcp_proc.c:266:mca_btl_tcp_proc_create_interface_graph] Unable to find reachable pairing between local and remote interfaces
[b9g12p0692][[61373,1],31][btl_tcp_proc.c:266:mca_btl_tcp_proc_create_interface_graph] Unable to find reachable pairing between local and remote interfaces
[b9g12p0692][[61373,1],25][btl_tcp_proc.c:266:mca_btl_tcp_proc_create_interface_graph] Unable to find reachable pairing between local and remote interfaces
[b9g12p0692][[61373,1],25][btl_tcp_proc.c:266:mca_btl_tcp_proc_create_interface_graph] Unable to find reachable pairing between local and remote interfaces
[b9g12p0692][[61373,1],9][btl_tcp_proc.c:266:mca_btl_tcp_proc_create_interface_graph] Unable to find reachable pairing between local and remote interfaces
[b9g12p0692][[61373,1],9][btl_tcp_proc.c:266:mca_btl_tcp_proc_create_interface_graph] Unable to find reachable pairing between local and remote interfaces
[b9g12p0692][[61373,1],5][btl_tcp_proc.c:266:mca_btl_tcp_proc_create_interface_graph] Unable to find reachable pairing between local and remote interfaces
[b9g12p0692][[61373,1],5][btl_tcp_proc.c:266:mca_btl_tcp_proc_create_interface_graph] Unable to find reachable pairing between local and remote interfaces
[b9g12p0692][[61373,1],1][btl_tcp_proc.c:266:mca_btl_tcp_proc_create_interface_graph] Unable to find reachable pairing between local and remote interfaces
[b9g12p0692][[61373,1],1][btl_tcp_proc.c:266:mca_btl_tcp_proc_create_interface_graph] Unable to find reachable pairing between local and remote interfaces
[b9g12p0692][[61373,1],23][btl_tcp_proc.c:266:mca_btl_tcp_proc_create_interface_graph] Unable to find reachable pairing between local and remote interfaces
[b9g12p0692][[61373,1],23][btl_tcp_proc.c:266:mca_btl_tcp_proc_create_interface_graph] Unable to find reachable pairing between local and remote interfaces
[b9g12p0692][[61373,1],4][btl_tcp_proc.c:266:mca_btl_tcp_proc_create_interface_graph] Unable to find reachable pairing between local and remote interfaces
[b9g12p0692][[61373,1],4][btl_tcp_proc.c:266:mca_btl_tcp_proc_create_interface_graph] Unable to find reachable pairing between local and remote interfaces
[b9g12p0692][[61373,1],10][btl_tcp_proc.c:266:mca_btl_tcp_proc_create_interface_graph] Unable to find reachable pairing between local and remote interfaces
[b9g12p0692][[61373,1],10][btl_tcp_proc.c:266:mca_btl_tcp_proc_create_interface_graph] Unable to find reachable pairing between local and remote interfaces
[b9g12p0692][[61373,1],20][btl_tcp_proc.c:266:mca_btl_tcp_proc_create_interface_graph] Unable to find reachable pairing between local and remote interfaces
[b9g12p0692][[61373,1],20][btl_tcp_proc.c:266:mca_btl_tcp_proc_create_interface_graph] Unable to find reachable pairing between local and remote interfaces
[b9g12p0692][[61373,1],18][btl_tcp_proc.c:266:mca_btl_tcp_proc_create_interface_graph] Unable to find reachable pairing between local and remote interfaces
[b9g12p0692][[61373,1],18][btl_tcp_proc.c:266:mca_btl_tcp_proc_create_interface_graph] Unable to find reachable pairing between local and remote interfaces
[b9g12p0692][[61373,1],0][btl_tcp_proc.c:266:mca_btl_tcp_proc_create_interface_graph] Unable to find reachable pairing between local and remote interfaces
[b9g12p0692][[61373,1],0][btl_tcp_proc.c:266:mca_btl_tcp_proc_create_interface_graph] Unable to find reachable pairing between local and remote interfaces
[b9g12p0692][[61373,1],6][btl_tcp_proc.c:266:mca_btl_tcp_proc_create_interface_graph] Unable to find reachable pairing between local and remote interfaces
[b9g12p0692][[61373,1],6][btl_tcp_proc.c:266:mca_btl_tcp_proc_create_interface_graph] Unable to find reachable pairing between local and remote interfaces
[b9g12p0692][[61373,1],7][btl_tcp_proc.c:266:mca_btl_tcp_proc_create_interface_graph] Unable to find reachable pairing between local and remote interfaces
[b9g12p0692][[61373,1],7][btl_tcp_proc.c:266:mca_btl_tcp_proc_create_interface_graph] Unable to find reachable pairing between local and remote interfaces
[b9g12p0692][[61373,1],17][btl_tcp_proc.c:266:mca_btl_tcp_proc_create_interface_graph] Unable to find reachable pairing between local and remote interfaces
[b9g12p0692][[61373,1],17][btl_tcp_proc.c:266:mca_btl_tcp_proc_create_interface_graph] Unable to find reachable pairing between local and remote interfaces
[b9g12p0692][[61373,1],8][btl_tcp_proc.c:266:mca_btl_tcp_proc_create_interface_graph] Unable to find reachable pairing between local and remote interfaces
[b9g12p0692][[61373,1],8][btl_tcp_proc.c:266:mca_btl_tcp_proc_create_interface_graph] Unable to find reachable pairing between local and remote interfaces
[b9g12p0692][[61373,1],14][btl_tcp_proc.c:266:mca_btl_tcp_proc_create_interface_graph] Unable to find reachable pairing between local and remote interfaces
[b9g12p0692][[61373,1],14][btl_tcp_proc.c:266:mca_btl_tcp_proc_create_interface_graph] Unable to find reachable pairing between local and remote interfaces
[b9g12p0692][[61373,1],2][btl_tcp_proc.c:266:mca_btl_tcp_proc_create_interface_graph] Unable to find reachable pairing between local and remote interfaces
[b9g12p0692][[61373,1],22][btl_tcp_proc.c:266:mca_btl_tcp_proc_create_interface_graph] Unable to find reachable pairing between local and remote interfaces
[b9g12p0692][[61373,1],22][btl_tcp_proc.c:266:mca_btl_tcp_proc_create_interface_graph] Unable to find reachable pairing between local and remote interfaces
[b9g12p0692][[61373,1],21][btl_tcp_proc.c:266:mca_btl_tcp_proc_create_interface_graph] Unable to find reachable pairing between local and remote interfaces
[b9g12p0692][[61373,1],21][btl_tcp_proc.c:266:mca_btl_tcp_proc_create_interface_graph] Unable to find reachable pairing between local and remote interfaces
[b9g12p0692][[61373,1],24][btl_tcp_proc.c:266:mca_btl_tcp_proc_create_interface_graph] Unable to find reachable pairing between local and remote interfaces
[b9g12p0692][[61373,1],24][btl_tcp_proc.c:266:mca_btl_tcp_proc_create_interface_graph] Unable to find reachable pairing between local and remote interfaces
[b9g12p0692][[61373,1],28][btl_tcp_proc.c:266:mca_btl_tcp_proc_create_interface_graph] Unable to find reachable pairing between local and remote interfaces
[b9g12p0692][[61373,1],28][btl_tcp_proc.c:266:mca_btl_tcp_proc_create_interface_graph] Unable to find reachable pairing between local and remote interfaces
[b9g12p0692][[61373,1],27][btl_tcp_proc.c:266:mca_btl_tcp_proc_create_interface_graph] Unable to find reachable pairing between local and remote interfaces
[b9g12p0692][[61373,1],27][btl_tcp_proc.c:266:mca_btl_tcp_proc_create_interface_graph] Unable to find reachable pairing between local and remote interfaces
[b9g12p0692][[61373,1],26][btl_tcp_proc.c:266:mca_btl_tcp_proc_create_interface_graph] Unable to find reachable pairing between local and remote interfaces
[b9g12p0692][[61373,1],26][btl_tcp_proc.c:266:mca_btl_tcp_proc_create_interface_graph] Unable to find reachable pairing between local and remote interfaces
[b9g12p0692][[61373,1],26][btl_tcp_proc.c:266:mca_btl_tcp_proc_create_interface_graph] [b9g12p0692][[61373,1],12][btl_tcp_proc.c:266:mca_btl_tcp_proc_create_interface_graph] Unable to find reachable pairing between local and remote interfaces
[b9g12p0692][[61373,1],12][btl_tcp_proc.c:266:mca_btl_tcp_proc_create_interface_graph] Unable to find reachable pairing between local and remote interfaces
[b9g12p0692][[61373,1],30][btl_tcp_proc.c:266:mca_btl_tcp_proc_create_interface_graph] Unable to find reachable pairing between local and remote interfaces
[b9g12p0692][[61373,1],30][btl_tcp_proc.c:266:mca_btl_tcp_proc_create_interface_graph] Unable to find reachable pairing between local and remote interfaces
[b9g12p0692][[61373,1],13][btl_tcp_proc.c:266:mca_btl_tcp_proc_create_interface_graph] Unable to find reachable pairing between local and remote interfaces
[b9g12p0692][[61373,1],13][btl_tcp_proc.c:266:mca_btl_tcp_proc_create_interface_graph] Unable to find reachable pairing between local and remote interfaces
[b9g12p0692][[61373,1],16][btl_tcp_proc.c:266:mca_btl_tcp_proc_create_interface_graph] Unable to find reachable pairing between local and remote interfaces
[b9g12p0692][[61373,1],16][btl_tcp_proc.c:266:mca_btl_tcp_proc_create_interface_graph] Unable to find reachable pairing between local and remote interfaces
[b9g12p0692][[61373,1],19][btl_tcp_proc.c:266:mca_btl_tcp_proc_create_interface_graph] Unable to find reachable pairing between local and remote interfaces
[b9g12p0692][[61373,1],19][btl_tcp_proc.c:266:mca_btl_tcp_proc_create_interface_graph] Unable to find reachable pairing between local and remote interfaces
[b9g12p0692][[61373,1],11][btl_tcp_proc.c:266:mca_btl_tcp_proc_create_interface_graph] Unable to find reachable pairing between local and remote interfaces
[b9g12p0692][[61373,1],11][btl_tcp_proc.c:266:mca_btl_tcp_proc_create_interface_graph] Unable to find reachable pairing between local and remote interfaces
[b9g12p0692][[61373,1],11][btl_tcp_proc.c:266:mca_btl_tcp_proc_create_interface_graph] Unable to find reachable pairing between local and remote interfaces[b9g12p0692][[61373,1],15][btl_tcp_proc.c:266:mca_btl_tcp_proc_create_interface_graph] Unable to find reachable pairing between local and remote interfaces
[b9g12p0692][[61373,1],15][btl_tcp_proc.c:266:mca_btl_tcp_proc_create_interface_graph] Unable to find reachable pairing between local and remote interfaces
[b9g12p0692][[61373,1],15][btl_tcp_proc.c:266:mca_btl_tcp_proc_create_interface_graph] Unable to find reachable pairing between local and remote interfaces
[b9g12p0692][[61373,1],29][btl_tcp_proc.c:266:mca_btl_tcp_proc_create_interface_graph] Unable to find reachable pairing between local and remote interfaces
[b9g12p0692][[61373,1],29][btl_tcp_proc.c:266:mca_btl_tcp_proc_create_interface_graph] Unable to find reachable pairing between local and remote interfaces
[b9g12p0692][[61373,1],31][btl_tcp_proc.c:266:mca_btl_tcp_proc_create_interface_graph] Unable to find reachable pairing between local and remote interfaces
[b9g12p0692][[61373,1],31][btl_tcp_proc.c:266:mca_btl_tcp_proc_create_interface_graph] Unable to find reachable pairing between local and remote interfaces
[b9g12p0692][[61373,1],3][btl_tcp_proc.c:266:mca_btl_tcp_proc_create_interface_graph] Unable to find reachable pairing between local and remote interfaces
[b9g12p0692][[61373,1],3][btl_tcp_proc.c:266:mca_btl_tcp_proc_create_interface_graph] Unable to find reachable pairing between local and remote interfaces
[b9g12p0692][[61373,1],9][btl_tcp_proc.c:266:mca_btl_tcp_proc_create_interface_graph] Unable to find reachable pairing between local and remote interfaces
[b9g12p0692][[61373,1],9][btl_tcp_proc.c:266:mca_btl_tcp_proc_create_interface_graph] Unable to find reachable pairing between local and remote interfaces
[b9g12p0692][[61373,1],1][btl_tcp_proc.c:266:mca_btl_tcp_proc_create_interface_graph] Unable to find reachable pairing between local and remote interfaces
[b9g12p0692][[61373,1],1][btl_tcp_proc.c:266:mca_btl_tcp_proc_create_interface_graph] Unable to find reachable pairing between local and remote interfaces
[b9g12p0692][[61373,1],25][btl_tcp_proc.c:266:mca_btl_tcp_proc_create_interface_graph] Unable to find reachable pairing between local and remote interfaces
[b9g12p0692][[61373,1],4][btl_tcp_proc.c:266:mca_btl_tcp_proc_create_interface_graph] Unable to find reachable pairing between local and remote interfaces
[b9g12p0692][[61373,1],4][btl_tcp_proc.c:266:mca_btl_tcp_proc_create_interface_graph] Unable to find reachable pairing between local and remote interfaces
[b9g12p0692][[61373,1],10][btl_tcp_proc.c:266:mca_btl_tcp_proc_create_interface_graph] Unable to find reachable pairing between local and remote interfaces
[b9g12p0692][[61373,1],10][btl_tcp_proc.c:266:mca_btl_tcp_proc_create_interface_graph] Unable to find reachable pairing between local and remote interfaces
[b9g12p0692][[61373,1],20][btl_tcp_proc.c:266:mca_btl_tcp_proc_create_interface_graph] Unable to find reachable pairing between local and remote interfaces
[b9g12p0692][[61373,1],20][btl_tcp_proc.c:266:mca_btl_tcp_proc_create_interface_graph] Unable to find reachable pairing between local and remote interfaces
[b9g12p0692][[61373,1],23][btl_tcp_proc.c:266:mca_btl_tcp_proc_create_interface_graph] Unable to find reachable pairing between local and remote interfaces
[b9g12p0692][[61373,1],23][btl_tcp_proc.c:266:mca_btl_tcp_proc_create_interface_graph] Unable to find reachable pairing between local and remote interfaces
[b9g12p0692][[61373,1],18][btl_tcp_proc.c:266:mca_btl_tcp_proc_create_interface_graph] Unable to find reachable pairing between local and remote interfaces
[b9g12p0692][[61373,1],18][btl_tcp_proc.c:266:mca_btl_tcp_proc_create_interface_graph] Unable to find reachable pairing between local and remote interfaces
[b9g12p0692][[61373,1],6][btl_tcp_proc.c:266:mca_btl_tcp_proc_create_interface_graph] Unable to find reachable pairing between local and remote interfaces
[b9g12p0692][[61373,1],6][btl_tcp_proc.c:266:mca_btl_tcp_proc_create_interface_graph] Unable to find reachable pairing between local and remote interfaces
[b9g12p0692][[61373,1],0][btl_tcp_proc.c:266:mca_btl_tcp_proc_create_interface_graph] Unable to find reachable pairing between local and remote interfaces
[b9g12p0692][[61373,1],0][btl_tcp_proc.c:266:mca_btl_tcp_proc_create_interface_graph] Unable to find reachable pairing between local and remote interfaces
[b9g12p0692][[61373,1],5][btl_tcp_proc.c:266:mca_btl_tcp_proc_create_interface_graph] Unable to find reachable pairing between local and remote interfaces
[b9g12p0692][[61373,1],5][btl_tcp_proc.c:266:mca_btl_tcp_proc_create_interface_graph] Unable to find reachable pairing between local and remote interfaces
[b9g12p0692][[61373,1],2][btl_tcp_proc.c:266:mca_btl_tcp_proc_create_interface_graph] Unable to find reachable pairing between local and remote interfaces
[b9g12p0692][[61373,1],2][btl_tcp_proc.c:266:mca_btl_tcp_proc_create_interface_graph] Unable to find reachable pairing between local and remote interfaces
[b9g12p0692][[61373,1],17][btl_tcp_proc.c:266:mca_btl_tcp_proc_create_interface_graph] Unable to find reachable pairing between local and remote interfaces
[b9g12p0692][[61373,1],17][btl_tcp_proc.c:266:mca_btl_tcp_proc_create_interface_graph] Unable to find reachable pairing between local and remote interfaces
[b9g12p0692][[61373,1],7][btl_tcp_proc.c:266:mca_btl_tcp_proc_create_interface_graph] Unable to find reachable pairing between local and remote interfaces
[b9g12p0692][[61373,1],7][btl_tcp_proc.c:266:mca_btl_tcp_proc_create_interface_graph] Unable to find reachable pairing between local and remote interfaces
[b9g12p0692][[61373,1],8][btl_tcp_proc.c:266:mca_btl_tcp_proc_create_interface_graph] Unable to find reachable pairing between local and remote interfaces
[b9g12p0692][[61373,1],8][btl_tcp_proc.c:266:mca_btl_tcp_proc_create_interface_graph] Unable to find reachable pairing between local and remote interfaces
[b9g12p0692][[61373,1],8][btl_tcp_proc.c:266:mca_btl_tcp_proc_create_interface_graph] Unable to find reachable pairing between local and remote interfaces
[b9g12p0692][[61373,1],22][btl_tcp_proc.c:266:mca_btl_tcp_proc_create_interface_graph] Unable to find reachable pairing between local and remote interfaces
[b9g12p0692][[61373,1],22][btl_tcp_proc.c:266:mca_btl_tcp_proc_create_interface_graph] Unable to find reachable pairing between local and remote interfaces
[b9g12p0692][[61373,1],28][btl_tcp_proc.c:266:mca_btl_tcp_proc_create_interface_graph] Unable to find reachable pairing between local and remote interfaces
[b9g12p0692][[61373,1],28][btl_tcp_proc.c:266:mca_btl_tcp_proc_create_interface_graph] Unable to find reachable pairing between local and remote interfaces
Unable to find reachable pairing between local and remote interfaces
[b9g12p0692][[61373,1],26][btl_tcp_proc.c:266:mca_btl_tcp_proc_create_interface_graph] Unable to find reachable pairing between local and remote interfaces
[b9g12p0692][[61373,1],26][btl_tcp_proc.c:266:mca_btl_tcp_proc_create_interface_graph] Unable to find reachable pairing between local and remote interfaces
[b9g12p0692][[61373,1],24][btl_tcp_proc.c:266:mca_btl_tcp_proc_create_interface_graph] Unable to find reachable pairing between local and remote interfaces
[b9g12p0692][[61373,1],24][btl_tcp_proc.c:266:mca_btl_tcp_proc_create_interface_graph] Unable to find reachable pairing between local and remote interfaces
[b9g12p0692][[61373,1],12][btl_tcp_proc.c:266:mca_btl_tcp_proc_create_interface_graph] Unable to find reachable pairing between local and remote interfaces
[b9g12p0692][[61373,1],12][btl_tcp_proc.c:266:mca_btl_tcp_proc_create_interface_graph] Unable to find reachable pairing between local and remote interfaces
[b9g12p0692][[61373,1],12][btl_tcp_proc.c:266:mca_btl_tcp_proc_create_interface_graph] Unable to find reachable pairing between local and remote interfaces
[b9g12p0692][[61373,1],27][btl_tcp_proc.c:266:mca_btl_tcp_proc_create_interface_graph] Unable to find reachable pairing between local and remote interfaces
[b9g12p0692][[61373,1],27][btl_tcp_proc.c:266:mca_btl_tcp_proc_create_interface_graph] Unable to find reachable pairing between local and remote interfaces
[b9g12p0692][[61373,1],27][btl_tcp_proc.c:266:mca_btl_tcp_proc_create_interface_graph] Unable to find reachable pairing between local and remote interfaces
[b9g12p0692][[61373,1],21][btl_tcp_proc.c:266:mca_btl_tcp_proc_create_interface_graph] Unable to find reachable pairing between local and remote interfaces
[b9g12p0692][[61373,1],21][btl_tcp_proc.c:266:mca_btl_tcp_proc_create_interface_graph] Unable to find reachable pairing between local and remote interfaces
[b9g12p0692][[61373,1],13][btl_tcp_proc.c:266:mca_btl_tcp_proc_create_interface_graph] Unable to find reachable pairing between local and remote interfaces
[b9g12p0692][[61373,1],13][btl_tcp_proc.c:266:mca_btl_tcp_proc_create_interface_graph] Unable to find reachable pairing between local and remote interfaces
[b9g12p0692][[61373,1],14][btl_tcp_proc.c:266:mca_btl_tcp_proc_create_interface_graph] Unable to find reachable pairing between local and remote interfaces
[b9g12p0692][[61373,1],14][btl_tcp_proc.c:266:mca_btl_tcp_proc_create_interface_graph] Unable to find reachable pairing between local and remote interfaces
[b9g12p0692][[61373,1],19][btl_tcp_proc.c:266:mca_btl_tcp_proc_create_interface_graph] Unable to find reachable pairing between local and remote interfaces
[b9g12p0692][[61373,1],19][btl_tcp_proc.c:266:mca_btl_tcp_proc_create_interface_graph] Unable to find reachable pairing between local and remote interfaces
[b9g12p0692][[61373,1],19][btl_tcp_proc.c:266:mca_btl_tcp_proc_create_interface_graph] Unable to find reachable pairing between local and remote interfaces

[b9g12p0692][[61373,1],11][btl_tcp_proc.c:266:mca_btl_tcp_proc_create_interface_graph] Unable to find reachable pairing between local and remote interfaces
[b9g12p0692][[61373,1],29][btl_tcp_proc.c:266:mca_btl_tcp_proc_create_interface_graph] Unable to find reachable pairing between local and remote interfaces
[b9g12p0692][[61373,1],29][btl_tcp_proc.c:266:mca_btl_tcp_proc_create_interface_graph] Unable to find reachable pairing between local and remote interfaces
[b9g12p0692][[61373,1],3][btl_tcp_proc.c:266:mca_btl_tcp_proc_create_interface_graph] Unable to find reachable pairing between local and remote interfaces
[b9g12p0692][[61373,1],3][btl_tcp_proc.c:266:mca_btl_tcp_proc_create_interface_graph] Unable to find reachable pairing between local and remote interfaces
[b9g12p0692][[61373,1],30][btl_tcp_proc.c:266:mca_btl_tcp_proc_create_interface_graph] Unable to find reachable pairing between local and remote interfaces
[b9g12p0692][[61373,1],30][btl_tcp_proc.c:266:mca_btl_tcp_proc_create_interface_graph] Unable to find reachable pairing between local and remote interfaces
[b9g12p0692][[61373,1],31][btl_tcp_proc.c:266:mca_btl_tcp_proc_create_interface_graph] Unable to find reachable pairing between local and remote interfaces
[b9g12p0692][[61373,1],31][btl_tcp_proc.c:266:mca_btl_tcp_proc_create_interface_graph] Unable to find reachable pairing between local and remote interfaces
[b9g12p0692][[61373,1],25][btl_tcp_proc.c:266:mca_btl_tcp_proc_create_interface_graph] Unable to find reachable pairing between local and remote interfaces
[b9g12p0692][[61373,1],25][btl_tcp_proc.c:266:mca_btl_tcp_proc_create_interface_graph] Unable to find reachable pairing between local and remote interfaces
[b9g12p0692][[61373,1],9][btl_tcp_proc.c:266:mca_btl_tcp_proc_create_interface_graph] Unable to find reachable pairing between local and remote interfaces
[b9g12p0692][[61373,1],9][btl_tcp_proc.c:266:mca_btl_tcp_proc_create_interface_graph] Unable to find reachable pairing between local and remote interfaces
[b9g12p0692][[61373,1],1][btl_tcp_proc.c:266:mca_btl_tcp_proc_create_interface_graph] Unable to find reachable pairing between local and remote interfaces
[b9g12p0692][[61373,1],1][btl_tcp_proc.c:266:mca_btl_tcp_proc_create_interface_graph] Unable to find reachable pairing between local and remote interfaces
[b9g12p0692][[61373,1],10][btl_tcp_proc.c:266:mca_btl_tcp_proc_create_interface_graph] Unable to find reachable pairing between local and remote interfaces
[b9g12p0692][[61373,1],10][btl_tcp_proc.c:266:mca_btl_tcp_proc_create_interface_graph] Unable to find reachable pairing between local and remote interfaces
[b9g12p0692][[61373,1],10][btl_tcp_proc.c:266:mca_btl_tcp_proc_create_interface_graph] Unable to find reachable pairing between local and remote interfaces
[b9g12p0692][[61373,1],4][btl_tcp_proc.c:266:mca_btl_tcp_proc_create_interface_graph] Unable to find reachable pairing between local and remote interfaces
[b9g12p0692][[61373,1],4][btl_tcp_proc.c:266:mca_btl_tcp_proc_create_interface_graph] Unable to find reachable pairing between local and remote interfaces
[b9g12p0692][[61373,1],20][btl_tcp_proc.c:266:mca_btl_tcp_proc_create_interface_graph] Unable to find reachable pairing between local and remote interfaces
[b9g12p0692][[61373,1],20][btl_tcp_proc.c:266:mca_btl_tcp_proc_create_interface_graph] Unable to find reachable pairing between local and remote interfaces
[b9g12p0692][[61373,1],16][btl_tcp_proc.c:266:mca_btl_tcp_proc_create_interface_graph] Unable to find reachable pairing between local and remote interfaces
[b9g12p0692][[61373,1],16][btl_tcp_proc.c:266:mca_btl_tcp_proc_create_interface_graph] Unable to find reachable pairing between local and remote interfaces
[b9g12p0692][[61373,1],18][btl_tcp_proc.c:266:mca_btl_tcp_proc_create_interface_graph] Unable to find reachable pairing between local and remote interfaces
[b9g12p0692][[61373,1],18][btl_tcp_proc.c:266:mca_btl_tcp_proc_create_interface_graph] Unable to find reachable pairing between local and remote interfaces
[b9g12p0692][[61373,1],6][btl_tcp_proc.c:266:mca_btl_tcp_proc_create_interface_graph] Unable to find reachable pairing between local and remote interfaces
[b9g12p0692][[61373,1],6][btl_tcp_proc.c:266:mca_btl_tcp_proc_create_interface_graph] Unable to find reachable pairing between local and remote interfaces
[b9g12p0692][[61373,1],0][btl_tcp_proc.c:266:mca_btl_tcp_proc_create_interface_graph] Unable to find reachable pairing between local and remote interfaces
[b9g12p0692][[61373,1],0][btl_tcp_proc.c:266:mca_btl_tcp_proc_create_interface_graph] Unable to find reachable pairing between local and remote interfaces
[b9g12p0692][[61373,1],0][btl_tcp_proc.c:266:mca_btl_tcp_proc_create_interface_graph] Unable to find reachable pairing between local and remote interfaces[b9g12p0692][[61373,1],15][btl_tcp_proc.c:266:mca_btl_tcp_proc_create_interface_graph] Unable to find reachable pairing between local and remote interfaces
[b9g12p0692][[61373,1],15][btl_tcp_proc.c:266:mca_btl_tcp_proc_create_interface_graph] Unable to find reachable pairing between local and remote interfaces
[b9g12p0692][[61373,1],5][btl_tcp_proc.c:266:mca_btl_tcp_proc_create_interface_graph] Unable to find reachable pairing between local and remote interfaces
[b9g12p0692][[61373,1],5][btl_tcp_proc.c:266:mca_btl_tcp_proc_create_interface_graph] Unable to find reachable pairing between local and remote interfaces
[b9g12p0692][[61373,1],5][btl_tcp_proc.c:266:mca_btl_tcp_proc_create_interface_graph] Unable to find reachable pairing between local and remote interfaces
[b9g12p0692][[61373,1],2][btl_tcp_proc.c:266:mca_btl_tcp_proc_create_interface_graph] Unable to find reachable pairing between local and remote interfaces
[b9g12p0692][[61373,1],2][btl_tcp_proc.c:266:mca_btl_tcp_proc_create_interface_graph] Unable to find reachable pairing between local and remote interfaces
[b9g12p0692][[61373,1],2][btl_tcp_proc.c:266:mca_btl_tcp_proc_create_interface_graph] Unable to find reachable pairing between local and remote interfaces
[b9g12p0692][[61373,1],7][btl_tcp_proc.c:266:mca_btl_tcp_proc_create_interface_graph] Unable to find reachable pairing between local and remote interfaces
[b9g12p0692][[61373,1],7][btl_tcp_proc.c:266:mca_btl_tcp_proc_create_interface_graph] Unable to find reachable pairing between local and remote interfaces
[b9g12p0692][[61373,1],7][btl_tcp_proc.c:266:mca_btl_tcp_proc_create_interface_graph] [b9g12p0692][[61373,1],17][btl_tcp_proc.c:266:mca_btl_tcp_proc_create_interface_graph] Unable to find reachable pairing between local and remote interfaces
[b9g12p0692][[61373,1],17][btl_tcp_proc.c:266:mca_btl_tcp_proc_create_interface_graph] Unable to find reachable pairing between local and remote interfaces
[b9g12p0692][[61373,1],17][btl_tcp_proc.c:266:mca_btl_tcp_proc_create_interface_graph] Unable to find reachable pairing between local and remote interfaces
[b9g12p0692][[61373,1],28][btl_tcp_proc.c:266:mca_btl_tcp_proc_create_interface_graph] Unable to find reachable pairing between local and remote interfaces
[b9g12p0692][[61373,1],28][btl_tcp_proc.c:266:mca_btl_tcp_proc_create_interface_graph] Unable to find reachable pairing between local and remote interfaces
[b9g12p0692][[61373,1],28][btl_tcp_proc.c:266:mca_btl_tcp_proc_create_interface_graph] Unable to find reachable pairing between local and remote interfaces
[b9g12p0692][[61373,1],24][btl_tcp_proc.c:266:mca_btl_tcp_proc_create_interface_graph] Unable to find reachable pairing between local and remote interfaces
[b9g12p0692][[61373,1],24][btl_tcp_proc.c:266:mca_btl_tcp_proc_create_interface_graph] Unable to find reachable pairing between local and remote interfaces
[b9g12p0692][[61373,1],24][btl_tcp_proc.c:266:mca_btl_tcp_proc_create_interface_graph] Unable to find reachable pairing between local and remote interfaces
[b9g12p0692][[61373,1],22][btl_tcp_proc.c:266:mca_btl_tcp_proc_create_interface_graph] Unable to find reachable pairing between local and remote interfaces
[b9g12p0692][[61373,1],22][btl_tcp_proc.c:266:mca_btl_tcp_proc_create_interface_graph] Unable to find reachable pairing between local and remote interfaces
[b9g12p0692][[61373,1],23][btl_tcp_proc.c:266:mca_btl_tcp_proc_create_interface_graph] Unable to find reachable pairing between local and remote interfaces
[b9g12p0692][[61373,1],23][btl_tcp_proc.c:266:mca_btl_tcp_proc_create_interface_graph] Unable to find reachable pairing between local and remote interfaces
[b9g12p0692][[61373,1],23][btl_tcp_proc.c:266:mca_btl_tcp_proc_create_interface_graph] Unable to find reachable pairing between local and remote interfaces
[b9g12p0692][[61373,1],21][btl_tcp_proc.c:266:mca_btl_tcp_proc_create_interface_graph] Unable to find reachable pairing between local and remote interfaces
[b9g12p0692][[61373,1],21][btl_tcp_proc.c:266:mca_btl_tcp_proc_create_interface_graph] Unable to find reachable pairing between local and remote interfaces
[b9g12p0692][[61373,1],13][btl_tcp_proc.c:266:mca_btl_tcp_proc_create_interface_graph] Unable to find reachable pairing between local and remote interfaces
[b9g12p0692][[61373,1],13][btl_tcp_proc.c:266:mca_btl_tcp_proc_create_interface_graph] Unable to find reachable pairing between local and remote interfaces
[b9g12p0692][[61373,1],8][btl_tcp_proc.c:266:mca_btl_tcp_proc_create_interface_graph] Unable to find reachable pairing between local and remote interfaces
[b9g12p0692][[61373,1],8][btl_tcp_proc.c:266:mca_btl_tcp_proc_create_interface_graph] Unable to find reachable pairing between local and remote interfaces
[b9g12p0692][[61373,1],26][btl_tcp_proc.c:266:mca_btl_tcp_proc_create_interface_graph] Unable to find reachable pairing between local and remote interfaces
[b9g12p0692][[61373,1],11][btl_tcp_proc.c:266:mca_btl_tcp_proc_create_interface_graph] Unable to find reachable pairing between local and remote interfaces
[b9g12p0692][[61373,1],11][btl_tcp_proc.c:266:mca_btl_tcp_proc_create_interface_graph] Unable to find reachable pairing between local and remote interfaces
[b9g12p0692][[61373,1],3][btl_tcp_proc.c:266:mca_btl_tcp_proc_create_interface_graph] Unable to find reachable pairing between local and remote interfaces
[b9g12p0692][[61373,1],3][btl_tcp_proc.c:266:mca_btl_tcp_proc_create_interface_graph] Unable to find reachable pairing between local and remote interfaces
[b9g12p0692][[61373,1],29][btl_tcp_proc.c:266:mca_btl_tcp_proc_create_interface_graph] Unable to find reachable pairing between local and remote interfaces
[b9g12p0692][[61373,1],29][btl_tcp_proc.c:266:mca_btl_tcp_proc_create_interface_graph] Unable to find reachable pairing between local and remote interfaces
[b9g12p0692][[61373,1],31][btl_tcp_proc.c:266:mca_btl_tcp_proc_create_interface_graph] Unable to find reachable pairing between local and remote interfaces
[b9g12p0692][[61373,1],31][btl_tcp_proc.c:266:mca_btl_tcp_proc_create_interface_graph] Unable to find reachable pairing between local and remote interfaces
[b9g12p0692][[61373,1],27][btl_tcp_proc.c:266:mca_btl_tcp_proc_create_interface_graph] Unable to find reachable pairing between local and remote interfaces
[b9g12p0692][[61373,1],27][btl_tcp_proc.c:266:mca_btl_tcp_proc_create_interface_graph] Unable to find reachable pairing between local and remote interfaces
[b9g12p0692][[61373,1],27][btl_tcp_proc.c:266:mca_btl_tcp_proc_create_interface_graph] Unable to find reachable pairing between local and remote interfaces
[b9g12p0692][[61373,1],14][btl_tcp_proc.c:266:mca_btl_tcp_proc_create_interface_graph] Unable to find reachable pairing between local and remote interfaces
[b9g12p0692][[61373,1],14][btl_tcp_proc.c:266:mca_btl_tcp_proc_create_interface_graph] Unable to find reachable pairing between local and remote interfaces
[b9g12p0692][[61373,1],30][btl_tcp_proc.c:266:mca_btl_tcp_proc_create_interface_graph] Unable to find reachable pairing between local and remote interfaces
[b9g12p0692][[61373,1],30][btl_tcp_proc.c:266:mca_btl_tcp_proc_create_interface_graph] Unable to find reachable pairing between local and remote interfaces
[b9g12p0692][[61373,1],12][btl_tcp_proc.c:266:mca_btl_tcp_proc_create_interface_graph] Unable to find reachable pairing between local and remote interfaces
[b9g12p0692][[61373,1],12][btl_tcp_proc.c:266:mca_btl_tcp_proc_create_interface_graph] Unable to find reachable pairing between local and remote interfaces
[b9g12p0692][[61373,1],12][btl_tcp_proc.c:266:mca_btl_tcp_proc_create_interface_graph] Unable to find reachable pairing between local and remote interfaces
[b9g12p0692][[61373,1],25][btl_tcp_proc.c:266:mca_btl_tcp_proc_create_interface_graph] Unable to find reachable pairing between local and remote interfaces
[b9g12p0692][[61373,1],25][btl_tcp_proc.c:266:mca_btl_tcp_proc_create_interface_graph] Unable to find reachable pairing between local and remote interfaces
[b9g12p0692][[61373,1],1][btl_tcp_proc.c:266:mca_btl_tcp_proc_create_interface_graph] Unable to find reachable pairing between local and remote interfaces
[b9g12p0692][[61373,1],1][btl_tcp_proc.c:266:mca_btl_tcp_proc_create_interface_graph] Unable to find reachable pairing between local and remote interfaces
[b9g12p0692][[61373,1],1][btl_tcp_proc.c:266:mca_btl_tcp_proc_create_interface_graph] Unable to find reachable pairing between local and remote interfaces
[b9g12p0692][[61373,1],4][btl_tcp_proc.c:266:mca_btl_tcp_proc_create_interface_graph] Unable to find reachable pairing between local and remote interfaces
[b9g12p0692][[61373,1],4][btl_tcp_proc.c:266:mca_btl_tcp_proc_create_interface_graph] Unable to find reachable pairing between local and remote interfaces
[b9g12p0692][[61373,1],9][btl_tcp_proc.c:266:mca_btl_tcp_proc_create_interface_graph] Unable to find reachable pairing between local and remote interfaces
[b9g12p0692][[61373,1],9][btl_tcp_proc.c:266:mca_btl_tcp_proc_create_interface_graph] Unable to find reachable pairing between local and remote interfaces
[b9g12p0692][[61373,1],18][btl_tcp_proc.c:266:mca_btl_tcp_proc_create_interface_graph] Unable to find reachable pairing between local and remote interfaces
[b9g12p0692][[61373,1],18][btl_tcp_proc.c:266:mca_btl_tcp_proc_create_interface_graph] Unable to find reachable pairing between local and remote interfaces
[b9g12p0692][[61373,1],6][btl_tcp_proc.c:266:mca_btl_tcp_proc_create_interface_graph] Unable to find reachable pairing between local and remote interfaces
[b9g12p0692][[61373,1],6][btl_tcp_proc.c:266:mca_btl_tcp_proc_create_interface_graph] Unable to find reachable pairing between local and remote interfaces
[b9g12p0692][[61373,1],6][btl_tcp_proc.c:266:mca_btl_tcp_proc_create_interface_graph] Unable to find reachable pairing between local and remote interfaces
[b9g12p0692][[61373,1],19][btl_tcp_proc.c:266:mca_btl_tcp_proc_create_interface_graph] Unable to find reachable pairing between local and remote interfaces
[b9g12p0692][[61373,1],19][btl_tcp_proc.c:266:mca_btl_tcp_proc_create_interface_graph] Unable to find reachable pairing between local and remote interfaces
[b9g12p0692][[61373,1],19][btl_tcp_proc.c:266:mca_btl_tcp_proc_create_interface_graph] 
[b9g12p0692][[61373,1],0][btl_tcp_proc.c:266:mca_btl_tcp_proc_create_interface_graph] Unable to find reachable pairing between local and remote interfaces
[b9g12p0692][[61373,1],0][btl_tcp_proc.c:266:mca_btl_tcp_proc_create_interface_graph] Unable to find reachable pairing between local and remote interfaces
[b9g12p0692][[61373,1],15][btl_tcp_proc.c:266:mca_btl_tcp_proc_create_interface_graph] Unable to find reachable pairing between local and remote interfaces
[b9g12p0692][[61373,1],15][btl_tcp_proc.c:266:mca_btl_tcp_proc_create_interface_graph] Unable to find reachable pairing between local and remote interfaces
Unable to find reachable pairing between local and remote interfaces
[b9g12p0692][[61373,1],7][btl_tcp_proc.c:266:mca_btl_tcp_proc_create_interface_graph] Unable to find reachable pairing between local and remote interfaces
[b9g12p0692][[61373,1],7][btl_tcp_proc.c:266:mca_btl_tcp_proc_create_interface_graph] Unable to find reachable pairing between local and remote interfaces
[b9g12p0692][[61373,1],16][btl_tcp_proc.c:266:mca_btl_tcp_proc_create_interface_graph] Unable to find reachable pairing between local and remote interfaces
[b9g12p0692][[61373,1],16][btl_tcp_proc.c:266:mca_btl_tcp_proc_create_interface_graph] Unable to find reachable pairing between local and remote interfaces
[b9g12p0692][[61373,1],10][btl_tcp_proc.c:266:mca_btl_tcp_proc_create_interface_graph] Unable to find reachable pairing between local and remote interfaces
[b9g12p0692][[61373,1],10][btl_tcp_proc.c:266:mca_btl_tcp_proc_create_interface_graph] Unable to find reachable pairing between local and remote interfaces
[b9g12p0692][[61373,1],20][btl_tcp_proc.c:266:mca_btl_tcp_proc_create_interface_graph] Unable to find reachable pairing between local and remote interfaces
[b9g12p0692][[61373,1],20][btl_tcp_proc.c:266:mca_btl_tcp_proc_create_interface_graph] Unable to find reachable pairing between local and remote interfaces
[b9g12p0692][[61373,1],20][btl_tcp_proc.c:266:mca_btl_tcp_proc_create_interface_graph] Unable to find reachable pairing between local and remote interfaces
[b9g12p0692][[61373,1],22][btl_tcp_proc.c:266:mca_btl_tcp_proc_create_interface_graph] Unable to find reachable pairing between local and remote interfaces
[b9g12p0692][[61373,1],22][btl_tcp_proc.c:266:mca_btl_tcp_proc_create_interface_graph] Unable to find reachable pairing between local and remote interfaces
[b9g12p0692][[61373,1],21][btl_tcp_proc.c:266:mca_btl_tcp_proc_create_interface_graph] Unable to find reachable pairing between local and remote interfaces
[b9g12p0692][[61373,1],21][btl_tcp_proc.c:266:mca_btl_tcp_proc_create_interface_graph] Unable to find reachable pairing between local and remote interfaces
[b9g12p0692][[61373,1],8][btl_tcp_proc.c:266:mca_btl_tcp_proc_create_interface_graph] Unable to find reachable pairing between local and remote interfaces
[b9g12p0692][[61373,1],8][btl_tcp_proc.c:266:mca_btl_tcp_proc_create_interface_graph] Unable to find reachable pairing between local and remote interfaces
[b9g12p0692][[61373,1],2][btl_tcp_proc.c:266:mca_btl_tcp_proc_create_interface_graph] Unable to find reachable pairing between local and remote interfaces
[b9g12p0692][[61373,1],2][btl_tcp_proc.c:266:mca_btl_tcp_proc_create_interface_graph] Unable to find reachable pairing between local and remote interfaces
[b9g12p0692][[61373,1],5][btl_tcp_proc.c:266:mca_btl_tcp_proc_create_interface_graph] Unable to find reachable pairing between local and remote interfaces
[b9g12p0692][[61373,1],5][btl_tcp_proc.c:266:mca_btl_tcp_proc_create_interface_graph] Unable to find reachable pairing between local and remote interfaces
[b9g12p0692][[61373,1],26][btl_tcp_proc.c:266:mca_btl_tcp_proc_create_interface_graph] Unable to find reachable pairing between local and remote interfaces
[b9g12p0692][[61373,1],26][btl_tcp_proc.c:266:mca_btl_tcp_proc_create_interface_graph] Unable to find reachable pairing between local and remote interfaces
[b9g12p0692][[61373,1],17][btl_tcp_proc.c:266:mca_btl_tcp_proc_create_interface_graph] Unable to find reachable pairing between local and remote interfaces
[b9g12p0692][[61373,1],17][btl_tcp_proc.c:266:mca_btl_tcp_proc_create_interface_graph] Unable to find reachable pairing between local and remote interfaces
[b9g12p0692][[61373,1],28][btl_tcp_proc.c:266:mca_btl_tcp_proc_create_interface_graph] Unable to find reachable pairing between local and remote interfaces
[b9g12p0692][[61373,1],28][btl_tcp_proc.c:266:mca_btl_tcp_proc_create_interface_graph] Unable to find reachable pairing between local and remote interfaces
[b9g12p0692][[61373,1],3][btl_tcp_proc.c:266:mca_btl_tcp_proc_create_interface_graph] Unable to find reachable pairing between local and remote interfaces
[b9g12p0692][[61373,1],3][btl_tcp_proc.c:266:mca_btl_tcp_proc_create_interface_graph] Unable to find reachable pairing between local and remote interfaces
[b9g12p0692][[61373,1],31][btl_tcp_proc.c:266:mca_btl_tcp_proc_create_interface_graph] Unable to find reachable pairing between local and remote interfaces
[b9g12p0692][[61373,1],31][btl_tcp_proc.c:266:mca_btl_tcp_proc_create_interface_graph] Unable to find reachable pairing between local and remote interfaces
[b9g12p0692][[61373,1],13][btl_tcp_proc.c:266:mca_btl_tcp_proc_create_interface_graph] Unable to find reachable pairing between local and remote interfaces
[b9g12p0692][[61373,1],13][btl_tcp_proc.c:266:mca_btl_tcp_proc_create_interface_graph] Unable to find reachable pairing between local and remote interfaces
[b9g12p0692][[61373,1],23][btl_tcp_proc.c:266:mca_btl_tcp_proc_create_interface_graph] Unable to find reachable pairing between local and remote interfaces
[b9g12p0692][[61373,1],23][btl_tcp_proc.c:266:mca_btl_tcp_proc_create_interface_graph] Unable to find reachable pairing between local and remote interfaces
[b9g12p0692][[61373,1],24][btl_tcp_proc.c:266:mca_btl_tcp_proc_create_interface_graph] Unable to find reachable pairing between local and remote interfaces
[b9g12p0692][[61373,1],24][btl_tcp_proc.c:266:mca_btl_tcp_proc_create_interface_graph] Unable to find reachable pairing between local and remote interfaces
[b9g12p0692][[61373,1],11][btl_tcp_proc.c:266:mca_btl_tcp_proc_create_interface_graph] Unable to find reachable pairing between local and remote interfaces
[b9g12p0692][[61373,1],11][btl_tcp_proc.c:266:mca_btl_tcp_proc_create_interface_graph] Unable to find reachable pairing between local and remote interfaces
[b9g12p0692][[61373,1],30][btl_tcp_proc.c:266:mca_btl_tcp_proc_create_interface_graph] Unable to find reachable pairing between local and remote interfaces
[b9g12p0692][[61373,1],30][btl_tcp_proc.c:266:mca_btl_tcp_proc_create_interface_graph] Unable to find reachable pairing between local and remote interfaces
[b9g12p0692][[61373,1],29][btl_tcp_proc.c:266:mca_btl_tcp_proc_create_interface_graph] Unable to find reachable pairing between local and remote interfaces
[b9g12p0692][[61373,1],29][btl_tcp_proc.c:266:mca_btl_tcp_proc_create_interface_graph] Unable to find reachable pairing between local and remote interfaces
[b9g12p0692][[61373,1],25][btl_tcp_proc.c:266:mca_btl_tcp_proc_create_interface_graph] Unable to find reachable pairing between local and remote interfaces
[b9g12p0692][[61373,1],25][btl_tcp_proc.c:266:mca_btl_tcp_proc_create_interface_graph] Unable to find reachable pairing between local and remote interfaces
[b9g12p0692][[61373,1],9][btl_tcp_proc.c:266:mca_btl_tcp_proc_create_interface_graph] Unable to find reachable pairing between local and remote interfaces
[b9g12p0692][[61373,1],9][btl_tcp_proc.c:266:mca_btl_tcp_proc_create_interface_graph] Unable to find reachable pairing between local and remote interfaces
[b9g12p0692][[61373,1],4][btl_tcp_proc.c:266:mca_btl_tcp_proc_create_interface_graph] Unable to find reachable pairing between local and remote interfaces
[b9g12p0692][[61373,1],4][btl_tcp_proc.c:266:mca_btl_tcp_proc_create_interface_graph] Unable to find reachable pairing between local and remote interfaces
[b9g12p0692][[61373,1],14][btl_tcp_proc.c:266:mca_btl_tcp_proc_create_interface_graph] Unable to find reachable pairing between local and remote interfaces
[b9g12p0692][[61373,1],14][btl_tcp_proc.c:266:mca_btl_tcp_proc_create_interface_graph] Unable to find reachable pairing between local and remote interfaces
[b9g12p0692][[61373,1],18][btl_tcp_proc.c:266:mca_btl_tcp_proc_create_interface_graph] Unable to find reachable pairing between local and remote interfaces
[b9g12p0692][[61373,1],18][btl_tcp_proc.c:266:mca_btl_tcp_proc_create_interface_graph] Unable to find reachable pairing between local and remote interfaces
Unable to find reachable pairing between local and remote interfaces
[b9g12p0692][[61373,1],19][btl_tcp_proc.c:266:mca_btl_tcp_proc_create_interface_graph] Unable to find reachable pairing between local and remote interfaces
[b9g12p0692][[61373,1],27][btl_tcp_proc.c:266:mca_btl_tcp_proc_create_interface_graph] Unable to find reachable pairing between local and remote interfaces
[b9g12p0692][[61373,1],27][btl_tcp_proc.c:266:mca_btl_tcp_proc_create_interface_graph] Unable to find reachable pairing between local and remote interfaces
[b9g12p0692][[61373,1],15][btl_tcp_proc.c:266:mca_btl_tcp_proc_create_interface_graph] Unable to find reachable pairing between local and remote interfaces
[b9g12p0692][[61373,1],15][btl_tcp_proc.c:266:mca_btl_tcp_proc_create_interface_graph] Unable to find reachable pairing between local and remote interfaces
[b9g12p0692][[61373,1],12][btl_tcp_proc.c:266:mca_btl_tcp_proc_create_interface_graph] Unable to find reachable pairing between local and remote interfaces
[b9g12p0692][[61373,1],12][btl_tcp_proc.c:266:mca_btl_tcp_proc_create_interface_graph] Unable to find reachable pairing between local and remote interfaces
[b9g12p0692][[61373,1],16][btl_tcp_proc.c:266:mca_btl_tcp_proc_create_interface_graph] Unable to find reachable pairing between local and remote interfaces
[b9g12p0692][[61373,1],16][btl_tcp_proc.c:266:mca_btl_tcp_proc_create_interface_graph] Unable to find reachable pairing between local and remote interfaces
[b9g12p0692][[61373,1],6][btl_tcp_proc.c:266:mca_btl_tcp_proc_create_interface_graph] Unable to find reachable pairing between local and remote interfaces
[b9g12p0692][[61373,1],6][btl_tcp_proc.c:266:mca_btl_tcp_proc_create_interface_graph] Unable to find reachable pairing between local and remote interfaces
[b9g12p0692][[61373,1],22][btl_tcp_proc.c:266:mca_btl_tcp_proc_create_interface_graph] Unable to find reachable pairing between local and remote interfaces
[b9g12p0692][[61373,1],22][btl_tcp_proc.c:266:mca_btl_tcp_proc_create_interface_graph] Unable to find reachable pairing between local and remote interfaces
[b9g12p0692][[61373,1],0][btl_tcp_proc.c:266:mca_btl_tcp_proc_create_interface_graph] Unable to find reachable pairing between local and remote interfaces
[b9g12p0692][[61373,1],0][btl_tcp_proc.c:266:mca_btl_tcp_proc_create_interface_graph] Unable to find reachable pairing between local and remote interfaces
[b9g12p0692][[61373,1],21][btl_tcp_proc.c:266:mca_btl_tcp_proc_create_interface_graph] Unable to find reachable pairing between local and remote interfaces
[b9g12p0692][[61373,1],8][btl_tcp_proc.c:266:mca_btl_tcp_proc_create_interface_graph] Unable to find reachable pairing between local and remote interfaces
[b9g12p0692][[61373,1],8][btl_tcp_proc.c:266:mca_btl_tcp_proc_create_interface_graph] Unable to find reachable pairing between local and remote interfaces
[b9g12p0692][[61373,1],2][btl_tcp_proc.c:266:mca_btl_tcp_proc_create_interface_graph] Unable to find reachable pairing between local and remote interfaces
[b9g12p0692][[61373,1],2][btl_tcp_proc.c:266:mca_btl_tcp_proc_create_interface_graph] Unable to find reachable pairing between local and remote interfaces
[b9g12p0692][[61373,1],7][btl_tcp_proc.c:266:mca_btl_tcp_proc_create_interface_graph] Unable to find reachable pairing between local and remote interfaces
[b9g12p0692][[61373,1],7][btl_tcp_proc.c:266:mca_btl_tcp_proc_create_interface_graph] Unable to find reachable pairing between local and remote interfaces
[b9g12p0692][[61373,1],5][btl_tcp_proc.c:266:mca_btl_tcp_proc_create_interface_graph] Unable to find reachable pairing between local and remote interfaces
[b9g12p0692][[61373,1],5][btl_tcp_proc.c:266:mca_btl_tcp_proc_create_interface_graph] Unable to find reachable pairing between local and remote interfaces
[b9g12p0692][[61373,1],23][btl_tcp_proc.c:266:mca_btl_tcp_proc_create_interface_graph] Unable to find reachable pairing between local and remote interfaces
[b9g12p0692][[61373,1],23][btl_tcp_proc.c:266:mca_btl_tcp_proc_create_interface_graph] Unable to find reachable pairing between local and remote interfaces
[b9g12p0692][[61373,1],17][btl_tcp_proc.c:266:mca_btl_tcp_proc_create_interface_graph] Unable to find reachable pairing between local and remote interfaces
[b9g12p0692][[61373,1],17][btl_tcp_proc.c:266:mca_btl_tcp_proc_create_interface_graph] Unable to find reachable pairing between local and remote interfaces
[b9g12p0692][[61373,1],20][btl_tcp_proc.c:266:mca_btl_tcp_proc_create_interface_graph] Unable to find reachable pairing between local and remote interfaces
[b9g12p0692][[61373,1],20][btl_tcp_proc.c:266:mca_btl_tcp_proc_create_interface_graph] Unable to find reachable pairing between local and remote interfaces
[b9g12p0692][[61373,1],28][btl_tcp_proc.c:266:mca_btl_tcp_proc_create_interface_graph] Unable to find reachable pairing between local and remote interfaces
[b9g12p0692][[61373,1],28][btl_tcp_proc.c:266:mca_btl_tcp_proc_create_interface_graph] Unable to find reachable pairing between local and remote interfaces
[b9g12p0692][[61373,1],29][btl_tcp_proc.c:266:mca_btl_tcp_proc_create_interface_graph] Unable to find reachable pairing between local and remote interfaces
[b9g12p0692][[61373,1],29][btl_tcp_proc.c:266:mca_btl_tcp_proc_create_interface_graph] Unable to find reachable pairing between local and remote interfaces
[b9g12p0692][[61373,1],30][btl_tcp_proc.c:266:mca_btl_tcp_proc_create_interface_graph] Unable to find reachable pairing between local and remote interfaces
[b9g12p0692][[61373,1],30][btl_tcp_proc.c:266:mca_btl_tcp_proc_create_interface_graph] Unable to find reachable pairing between local and remote interfaces
[b9g12p0692][[61373,1],9][btl_tcp_proc.c:266:mca_btl_tcp_proc_create_interface_graph] Unable to find reachable pairing between local and remote interfaces
[b9g12p0692][[61373,1],9][btl_tcp_proc.c:266:mca_btl_tcp_proc_create_interface_graph] Unable to find reachable pairing between local and remote interfaces
[b9g12p0692][[61373,1],11][btl_tcp_proc.c:266:mca_btl_tcp_proc_create_interface_graph] Unable to find reachable pairing between local and remote interfaces
[b9g12p0692][[61373,1],11][btl_tcp_proc.c:266:mca_btl_tcp_proc_create_interface_graph] Unable to find reachable pairing between local and remote interfaces
[b9g12p0692][[61373,1],24][btl_tcp_proc.c:266:mca_btl_tcp_proc_create_interface_graph] Unable to find reachable pairing between local and remote interfaces
[b9g12p0692][[61373,1],24][btl_tcp_proc.c:266:mca_btl_tcp_proc_create_interface_graph] Unable to find reachable pairing between local and remote interfaces
[b9g12p0692][[61373,1],25][btl_tcp_proc.c:266:mca_btl_tcp_proc_create_interface_graph] Unable to find reachable pairing between local and remote interfaces
[b9g12p0692][[61373,1],4][btl_tcp_proc.c:266:mca_btl_tcp_proc_create_interface_graph] Unable to find reachable pairing between local and remote interfaces
[b9g12p0692][[61373,1],4][btl_tcp_proc.c:266:mca_btl_tcp_proc_create_interface_graph] Unable to find reachable pairing between local and remote interfaces
[b9g12p0692][[61373,1],31][btl_tcp_proc.c:266:mca_btl_tcp_proc_create_interface_graph] Unable to find reachable pairing between local and remote interfaces
[b9g12p0692][[61373,1],31][btl_tcp_proc.c:266:mca_btl_tcp_proc_create_interface_graph] Unable to find reachable pairing between local and remote interfaces
[b9g12p0692][[61373,1],13][btl_tcp_proc.c:266:mca_btl_tcp_proc_create_interface_graph] Unable to find reachable pairing between local and remote interfaces
[b9g12p0692][[61373,1],13][btl_tcp_proc.c:266:mca_btl_tcp_proc_create_interface_graph] Unable to find reachable pairing between local and remote interfaces
[b9g12p0692][[61373,1],14][btl_tcp_proc.c:266:mca_btl_tcp_proc_create_interface_graph] Unable to find reachable pairing between local and remote interfaces
[b9g12p0692][[61373,1],14][btl_tcp_proc.c:266:mca_btl_tcp_proc_create_interface_graph] Unable to find reachable pairing between local and remote interfaces
[b9g12p0692][[61373,1],19][btl_tcp_proc.c:266:mca_btl_tcp_proc_create_interface_graph] Unable to find reachable pairing between local and remote interfaces
[b9g12p0692][[61373,1],19][btl_tcp_proc.c:266:mca_btl_tcp_proc_create_interface_graph] Unable to find reachable pairing between local and remote interfaces
[b9g12p0692][[61373,1],27][btl_tcp_proc.c:266:mca_btl_tcp_proc_create_interface_graph] Unable to find reachable pairing between local and remote interfaces
[b9g12p0692][[61373,1],27][btl_tcp_proc.c:266:mca_btl_tcp_proc_create_interface_graph] Unable to find reachable pairing between local and remote interfaces
[b9g12p0692][[61373,1],18][btl_tcp_proc.c:266:mca_btl_tcp_proc_create_interface_graph] Unable to find reachable pairing between local and remote interfaces
[b9g12p0692][[61373,1],18][btl_tcp_proc.c:266:mca_btl_tcp_proc_create_interface_graph] Unable to find reachable pairing between local and remote interfaces
[b9g12p0692][[61373,1],26][btl_tcp_proc.c:266:mca_btl_tcp_proc_create_interface_graph] Unable to find reachable pairing between local and remote interfaces
[b9g12p0692][[61373,1],26][btl_tcp_proc.c:266:mca_btl_tcp_proc_create_interface_graph] Unable to find reachable pairing between local and remote interfaces
[b9g12p0692][[61373,1],15][btl_tcp_proc.c:266:mca_btl_tcp_proc_create_interface_graph] Unable to find reachable pairing between local and remote interfaces
[b9g12p0692][[61373,1],15][btl_tcp_proc.c:266:mca_btl_tcp_proc_create_interface_graph] Unable to find reachable pairing between local and remote interfaces
[b9g12p0692][[61373,1],12][btl_tcp_proc.c:266:mca_btl_tcp_proc_create_interface_graph] Unable to find reachable pairing between local and remote interfaces
[b9g12p0692][[61373,1],12][btl_tcp_proc.c:266:mca_btl_tcp_proc_create_interface_graph] Unable to find reachable pairing between local and remote interfaces
[b9g12p0692][[61373,1],6][btl_tcp_proc.c:266:mca_btl_tcp_proc_create_interface_graph] Unable to find reachable pairing between local and remote interfaces
[b9g12p0692][[61373,1],6][btl_tcp_proc.c:266:mca_btl_tcp_proc_create_interface_graph] Unable to find reachable pairing between local and remote interfaces
[b9g12p0692][[61373,1],6][btl_tcp_proc.c:266:mca_btl_tcp_proc_create_interface_graph] [b9g12p0692][[61373,1],16][btl_tcp_proc.c:266:mca_btl_tcp_proc_create_interface_graph] Unable to find reachable pairing between local and remote interfaces
[b9g12p0692][[61373,1],16][btl_tcp_proc.c:266:mca_btl_tcp_proc_create_interface_graph] Unable to find reachable pairing between local and remote interfaces
[b9g12p0692][[61373,1],0][btl_tcp_proc.c:266:mca_btl_tcp_proc_create_interface_graph] Unable to find reachable pairing between local and remote interfaces
[b9g12p0692][[61373,1],0][btl_tcp_proc.c:266:mca_btl_tcp_proc_create_interface_graph] Unable to find reachable pairing between local and remote interfaces
[b9g12p0692][[61373,1],0][btl_tcp_proc.c:266:mca_btl_tcp_proc_create_interface_graph] Unable to find reachable pairing between local and remote interfaces
[b9g12p0692][[61373,1],22][btl_tcp_proc.c:266:mca_btl_tcp_proc_create_interface_graph] Unable to find reachable pairing between local and remote interfaces
[b9g12p0692][[61373,1],22][btl_tcp_proc.c:266:mca_btl_tcp_proc_create_interface_graph] Unable to find reachable pairing between local and remote interfaces
[b9g12p0692][[61373,1],8][btl_tcp_proc.c:266:mca_btl_tcp_proc_create_interface_graph] Unable to find reachable pairing between local and remote interfaces
[b9g12p0692][[61373,1],8][btl_tcp_proc.c:266:mca_btl_tcp_proc_create_interface_graph] Unable to find reachable pairing between local and remote interfaces
[b9g12p0692][[61373,1],23][btl_tcp_proc.c:266:mca_btl_tcp_proc_create_interface_graph] Unable to find reachable pairing between local and remote interfaces
[b9g12p0692][[61373,1],23][btl_tcp_proc.c:266:mca_btl_tcp_proc_create_interface_graph] Unable to find reachable pairing between local and remote interfaces
[b9g12p0692][[61373,1],7][btl_tcp_proc.c:266:mca_btl_tcp_proc_create_interface_graph] Unable to find reachable pairing between local and remote interfaces
[b9g12p0692][[61373,1],7][btl_tcp_proc.c:266:mca_btl_tcp_proc_create_interface_graph] Unable to find reachable pairing between local and remote interfaces
[b9g12p0692][[61373,1],2][btl_tcp_proc.c:266:mca_btl_tcp_proc_create_interface_graph] Unable to find reachable pairing between local and remote interfaces
[b9g12p0692][[61373,1],2][btl_tcp_proc.c:266:mca_btl_tcp_proc_create_interface_graph] Unable to find reachable pairing between local and remote interfaces
[b9g12p0692][[61373,1],5][btl_tcp_proc.c:266:mca_btl_tcp_proc_create_interface_graph] Unable to find reachable pairing between local and remote interfaces
[b9g12p0692][[61373,1],5][btl_tcp_proc.c:266:mca_btl_tcp_proc_create_interface_graph] Unable to find reachable pairing between local and remote interfaces
[b9g12p0692][[61373,1],28][btl_tcp_proc.c:266:mca_btl_tcp_proc_create_interface_graph] Unable to find reachable pairing between local and remote interfaces
[b9g12p0692][[61373,1],28][btl_tcp_proc.c:266:mca_btl_tcp_proc_create_interface_graph] Unable to find reachable pairing between local and remote interfaces
[b9g12p0692][[61373,1],20][btl_tcp_proc.c:266:mca_btl_tcp_proc_create_interface_graph] Unable to find reachable pairing between local and remote interfaces
[b9g12p0692][[61373,1],20][btl_tcp_proc.c:266:mca_btl_tcp_proc_create_interface_graph] Unable to find reachable pairing between local and remote interfaces
[b9g12p0692][[61373,1],17][btl_tcp_proc.c:266:mca_btl_tcp_proc_create_interface_graph] Unable to find reachable pairing between local and remote interfaces
[b9g12p0692][[61373,1],17][btl_tcp_proc.c:266:mca_btl_tcp_proc_create_interface_graph] Unable to find reachable pairing between local and remote interfaces
[b9g12p0692][[61373,1],29][btl_tcp_proc.c:266:mca_btl_tcp_proc_create_interface_graph] Unable to find reachable pairing between local and remote interfaces
[b9g12p0692][[61373,1],29][btl_tcp_proc.c:266:mca_btl_tcp_proc_create_interface_graph] Unable to find reachable pairing between local and remote interfaces
[b9g12p0692][[61373,1],9][btl_tcp_proc.c:266:mca_btl_tcp_proc_create_interface_graph] Unable to find reachable pairing between local and remote interfaces
[b9g12p0692][[61373,1],9][btl_tcp_proc.c:266:mca_btl_tcp_proc_create_interface_graph] Unable to find reachable pairing between local and remote interfaces
[b9g12p0692][[61373,1],30][btl_tcp_proc.c:266:mca_btl_tcp_proc_create_interface_graph] Unable to find reachable pairing between local and remote interfaces
[b9g12p0692][[61373,1],30][btl_tcp_proc.c:266:mca_btl_tcp_proc_create_interface_graph] Unable to find reachable pairing between local and remote interfaces
[b9g12p0692][[61373,1],11][btl_tcp_proc.c:266:mca_btl_tcp_proc_create_interface_graph] Unable to find reachable pairing between local and remote interfaces
[b9g12p0692][[61373,1],11][btl_tcp_proc.c:266:mca_btl_tcp_proc_create_interface_graph] Unable to find reachable pairing between local and remote interfaces
[b9g12p0692][[61373,1],4][btl_tcp_proc.c:266:mca_btl_tcp_proc_create_interface_graph] Unable to find reachable pairing between local and remote interfaces
[b9g12p0692][[61373,1],4][btl_tcp_proc.c:266:mca_btl_tcp_proc_create_interface_graph] Unable to find reachable pairing between local and remote interfaces
[b9g12p0692][[61373,1],19][btl_tcp_proc.c:266:mca_btl_tcp_proc_create_interface_graph] Unable to find reachable pairing between local and remote interfaces
[b9g12p0692][[61373,1],19][btl_tcp_proc.c:266:mca_btl_tcp_proc_create_interface_graph] Unable to find reachable pairing between local and remote interfaces
[b9g12p0692][[61373,1],31][btl_tcp_proc.c:266:mca_btl_tcp_proc_create_interface_graph] Unable to find reachable pairing between local and remote interfaces
[b9g12p0692][[61373,1],31][btl_tcp_proc.c:266:mca_btl_tcp_proc_create_interface_graph] Unable to find reachable pairing between local and remote interfaces
[b9g12p0692][[61373,1],27][btl_tcp_proc.c:266:mca_btl_tcp_proc_create_interface_graph] Unable to find reachable pairing between local and remote interfaces
[b9g12p0692][[61373,1],27][btl_tcp_proc.c:266:mca_btl_tcp_proc_create_interface_graph] Unable to find reachable pairing between local and remote interfaces
[b9g12p0692][[61373,1],18][btl_tcp_proc.c:266:mca_btl_tcp_proc_create_interface_graph] Unable to find reachable pairing between local and remote interfaces
[b9g12p0692][[61373,1],18][btl_tcp_proc.c:266:mca_btl_tcp_proc_create_interface_graph] Unable to find reachable pairing between local and remote interfaces
[b9g12p0692][[61373,1],13][btl_tcp_proc.c:266:mca_btl_tcp_proc_create_interface_graph] Unable to find reachable pairing between local and remote interfaces
[b9g12p0692][[61373,1],13][btl_tcp_proc.c:266:mca_btl_tcp_proc_create_interface_graph] Unable to find reachable pairing between local and remote interfaces
[b9g12p0692][[61373,1],24][btl_tcp_proc.c:266:mca_btl_tcp_proc_create_interface_graph] Unable to find reachable pairing between local and remote interfaces
[b9g12p0692][[61373,1],24][btl_tcp_proc.c:266:mca_btl_tcp_proc_create_interface_graph] Unable to find reachable pairing between local and remote interfaces
[b9g12p0692][[61373,1],25][btl_tcp_proc.c:266:mca_btl_tcp_proc_create_interface_graph] Unable to find reachable pairing between local and remote interfaces
[b9g12p0692][[61373,1],25][btl_tcp_proc.c:266:mca_btl_tcp_proc_create_interface_graph] Unable to find reachable pairing between local and remote interfaces
Unable to find reachable pairing between local and remote interfaces
[b9g12p0692][[61373,1],6][btl_tcp_proc.c:266:mca_btl_tcp_proc_create_interface_graph] Unable to find reachable pairing between local and remote interfaces
[b9g12p0692][[61373,1],6][btl_tcp_proc.c:266:mca_btl_tcp_proc_create_interface_graph] Unable to find reachable pairing between local and remote interfaces
[b9g12p0692][[61373,1],12][btl_tcp_proc.c:266:mca_btl_tcp_proc_create_interface_graph] Unable to find reachable pairing between local and remote interfaces
[b9g12p0692][[61373,1],12][btl_tcp_proc.c:266:mca_btl_tcp_proc_create_interface_graph] Unable to find reachable pairing between local and remote interfaces
[b9g12p0692][[61373,1],26][btl_tcp_proc.c:266:mca_btl_tcp_proc_create_interface_graph] Unable to find reachable pairing between local and remote interfaces
[b9g12p0692][[61373,1],26][btl_tcp_proc.c:266:mca_btl_tcp_proc_create_interface_graph] Unable to find reachable pairing between local and remote interfaces
[b9g12p0692][[61373,1],14][btl_tcp_proc.c:266:mca_btl_tcp_proc_create_interface_graph] Unable to find reachable pairing between local and remote interfaces
[b9g12p0692][[61373,1],14][btl_tcp_proc.c:266:mca_btl_tcp_proc_create_interface_graph] Unable to find reachable pairing between local and remote interfaces
[b9g12p0692][[61373,1],23][btl_tcp_proc.c:266:mca_btl_tcp_proc_create_interface_graph] Unable to find reachable pairing between local and remote interfaces
[b9g12p0692][[61373,1],23][btl_tcp_proc.c:266:mca_btl_tcp_proc_create_interface_graph] Unable to find reachable pairing between local and remote interfaces
[b9g12p0692][[61373,1],15][btl_tcp_proc.c:266:mca_btl_tcp_proc_create_interface_graph] Unable to find reachable pairing between local and remote interfaces
[b9g12p0692][[61373,1],15][btl_tcp_proc.c:266:mca_btl_tcp_proc_create_interface_graph] Unable to find reachable pairing between local and remote interfaces
[b9g12p0692][[61373,1],16][btl_tcp_proc.c:266:mca_btl_tcp_proc_create_interface_graph] Unable to find reachable pairing between local and remote interfaces
[b9g12p0692][[61373,1],16][btl_tcp_proc.c:266:mca_btl_tcp_proc_create_interface_graph] Unable to find reachable pairing between local and remote interfaces
[b9g12p0692][[61373,1],22][btl_tcp_proc.c:266:mca_btl_tcp_proc_create_interface_graph] Unable to find reachable pairing between local and remote interfaces
[b9g12p0692][[61373,1],22][btl_tcp_proc.c:266:mca_btl_tcp_proc_create_interface_graph] Unable to find reachable pairing between local and remote interfaces
[b9g12p0692][[61373,1],0][btl_tcp_proc.c:266:mca_btl_tcp_proc_create_interface_graph] Unable to find reachable pairing between local and remote interfaces
[b9g12p0692][[61373,1],7][btl_tcp_proc.c:266:mca_btl_tcp_proc_create_interface_graph] Unable to find reachable pairing between local and remote interfaces
[b9g12p0692][[61373,1],8][btl_tcp_proc.c:266:mca_btl_tcp_proc_create_interface_graph] Unable to find reachable pairing between local and remote interfaces
[b9g12p0692][[61373,1],8][btl_tcp_proc.c:266:mca_btl_tcp_proc_create_interface_graph] Unable to find reachable pairing between local and remote interfaces
[b9g12p0692][[61373,1],2][btl_tcp_proc.c:266:mca_btl_tcp_proc_create_interface_graph] Unable to find reachable pairing between local and remote interfaces
[b9g12p0692][[61373,1],2][btl_tcp_proc.c:266:mca_btl_tcp_proc_create_interface_graph] Unable to find reachable pairing between local and remote interfaces
[b9g12p0692][[61373,1],28][btl_tcp_proc.c:266:mca_btl_tcp_proc_create_interface_graph] Unable to find reachable pairing between local and remote interfaces
[b9g12p0692][[61373,1],28][btl_tcp_proc.c:266:mca_btl_tcp_proc_create_interface_graph] Unable to find reachable pairing between local and remote interfaces
[b9g12p0692][[61373,1],5][btl_tcp_proc.c:266:mca_btl_tcp_proc_create_interface_graph] Unable to find reachable pairing between local and remote interfaces
[b9g12p0692][[61373,1],5][btl_tcp_proc.c:266:mca_btl_tcp_proc_create_interface_graph] Unable to find reachable pairing between local and remote interfaces
[b9g12p0692][[61373,1],20][btl_tcp_proc.c:266:mca_btl_tcp_proc_create_interface_graph] Unable to find reachable pairing between local and remote interfaces
[b9g12p0692][[61373,1],20][btl_tcp_proc.c:266:mca_btl_tcp_proc_create_interface_graph] Unable to find reachable pairing between local and remote interfaces
[b9g12p0692][[61373,1],29][btl_tcp_proc.c:266:mca_btl_tcp_proc_create_interface_graph] Unable to find reachable pairing between local and remote interfaces
[b9g12p0692][[61373,1],29][btl_tcp_proc.c:266:mca_btl_tcp_proc_create_interface_graph] Unable to find reachable pairing between local and remote interfaces
[b9g12p0692][[61373,1],17][btl_tcp_proc.c:266:mca_btl_tcp_proc_create_interface_graph] Unable to find reachable pairing between local and remote interfaces
[b9g12p0692][[61373,1],17][btl_tcp_proc.c:266:mca_btl_tcp_proc_create_interface_graph] Unable to find reachable pairing between local and remote interfaces
[b9g12p0692][[61373,1],9][btl_tcp_proc.c:266:mca_btl_tcp_proc_create_interface_graph] Unable to find reachable pairing between local and remote interfaces
[b9g12p0692][[61373,1],9][btl_tcp_proc.c:266:mca_btl_tcp_proc_create_interface_graph] Unable to find reachable pairing between local and remote interfaces
[b9g12p0692][[61373,1],30][btl_tcp_proc.c:266:mca_btl_tcp_proc_create_interface_graph] Unable to find reachable pairing between local and remote interfaces
[b9g12p0692][[61373,1],30][btl_tcp_proc.c:266:mca_btl_tcp_proc_create_interface_graph] Unable to find reachable pairing between local and remote interfaces
[b9g12p0692][[61373,1],27][btl_tcp_proc.c:266:mca_btl_tcp_proc_create_interface_graph] Unable to find reachable pairing between local and remote interfaces
[b9g12p0692][[61373,1],27][btl_tcp_proc.c:266:mca_btl_tcp_proc_create_interface_graph] Unable to find reachable pairing between local and remote interfaces
[b9g12p0692][[61373,1],19][btl_tcp_proc.c:266:mca_btl_tcp_proc_create_interface_graph] Unable to find reachable pairing between local and remote interfaces
[b9g12p0692][[61373,1],19][btl_tcp_proc.c:266:mca_btl_tcp_proc_create_interface_graph] Unable to find reachable pairing between local and remote interfaces
[b9g12p0692][[61373,1],11][btl_tcp_proc.c:266:mca_btl_tcp_proc_create_interface_graph] Unable to find reachable pairing between local and remote interfaces
[b9g12p0692][[61373,1],11][btl_tcp_proc.c:266:mca_btl_tcp_proc_create_interface_graph] Unable to find reachable pairing between local and remote interfaces
[b9g12p0692][[61373,1],4][btl_tcp_proc.c:266:mca_btl_tcp_proc_create_interface_graph] Unable to find reachable pairing between local and remote interfaces
[b9g12p0692][[61373,1],4][btl_tcp_proc.c:266:mca_btl_tcp_proc_create_interface_graph] Unable to find reachable pairing between local and remote interfaces
[b9g12p0692][[61373,1],13][btl_tcp_proc.c:266:mca_btl_tcp_proc_create_interface_graph] Unable to find reachable pairing between local and remote interfaces
[b9g12p0692][[61373,1],13][btl_tcp_proc.c:266:mca_btl_tcp_proc_create_interface_graph] Unable to find reachable pairing between local and remote interfaces
[b9g12p0692][[61373,1],12][btl_tcp_proc.c:266:mca_btl_tcp_proc_create_interface_graph] Unable to find reachable pairing between local and remote interfaces
[b9g12p0692][[61373,1],12][btl_tcp_proc.c:266:mca_btl_tcp_proc_create_interface_graph] Unable to find reachable pairing between local and remote interfaces
[b9g12p0692][[61373,1],24][btl_tcp_proc.c:266:mca_btl_tcp_proc_create_interface_graph] Unable to find reachable pairing between local and remote interfaces
[b9g12p0692][[61373,1],24][btl_tcp_proc.c:266:mca_btl_tcp_proc_create_interface_graph] Unable to find reachable pairing between local and remote interfaces
[b9g12p0692][[61373,1],18][btl_tcp_proc.c:266:mca_btl_tcp_proc_create_interface_graph] Unable to find reachable pairing between local and remote interfaces
[b9g12p0692][[61373,1],18][btl_tcp_proc.c:266:mca_btl_tcp_proc_create_interface_graph] Unable to find reachable pairing between local and remote interfaces
[b9g12p0692][[61373,1],25][btl_tcp_proc.c:266:mca_btl_tcp_proc_create_interface_graph] Unable to find reachable pairing between local and remote interfaces
[b9g12p0692][[61373,1],25][btl_tcp_proc.c:266:mca_btl_tcp_proc_create_interface_graph] Unable to find reachable pairing between local and remote interfaces
[b9g12p0692][[61373,1],31][btl_tcp_proc.c:266:mca_btl_tcp_proc_create_interface_graph] Unable to find reachable pairing between local and remote interfaces
[b9g12p0692][[61373,1],31][btl_tcp_proc.c:266:mca_btl_tcp_proc_create_interface_graph] Unable to find reachable pairing between local and remote interfaces
[b9g12p0692][[61373,1],23][btl_tcp_proc.c:266:mca_btl_tcp_proc_create_interface_graph] Unable to find reachable pairing between local and remote interfaces
[b9g12p0692][[61373,1],23][btl_tcp_proc.c:266:mca_btl_tcp_proc_create_interface_graph] Unable to find reachable pairing between local and remote interfaces
[b9g12p0692][[61373,1],14][btl_tcp_proc.c:266:mca_btl_tcp_proc_create_interface_graph] Unable to find reachable pairing between local and remote interfaces
[b9g12p0692][[61373,1],14][btl_tcp_proc.c:266:mca_btl_tcp_proc_create_interface_graph] Unable to find reachable pairing between local and remote interfaces
[b9g12p0692][[61373,1],26][btl_tcp_proc.c:266:mca_btl_tcp_proc_create_interface_graph] Unable to find reachable pairing between local and remote interfaces
[b9g12p0692][[61373,1],26][btl_tcp_proc.c:266:mca_btl_tcp_proc_create_interface_graph] Unable to find reachable pairing between local and remote interfaces
[b9g12p0692][[61373,1],16][btl_tcp_proc.c:266:mca_btl_tcp_proc_create_interface_graph] Unable to find reachable pairing between local and remote interfaces
[b9g12p0692][[61373,1],16][btl_tcp_proc.c:266:mca_btl_tcp_proc_create_interface_graph] Unable to find reachable pairing between local and remote interfaces
[b9g12p0692][[61373,1],15][btl_tcp_proc.c:266:mca_btl_tcp_proc_create_interface_graph] Unable to find reachable pairing between local and remote interfaces
[b9g12p0692][[61373,1],15][btl_tcp_proc.c:266:mca_btl_tcp_proc_create_interface_graph] Unable to find reachable pairing between local and remote interfaces
[b9g12p0692][[61373,1],22][btl_tcp_proc.c:266:mca_btl_tcp_proc_create_interface_graph] Unable to find reachable pairing between local and remote interfaces
[b9g12p0692][[61373,1],22][btl_tcp_proc.c:266:mca_btl_tcp_proc_create_interface_graph] Unable to find reachable pairing between local and remote interfaces
[b9g12p0692][[61373,1],8][btl_tcp_proc.c:266:mca_btl_tcp_proc_create_interface_graph] Unable to find reachable pairing between local and remote interfaces
[b9g12p0692][[61373,1],8][btl_tcp_proc.c:266:mca_btl_tcp_proc_create_interface_graph] Unable to find reachable pairing between local and remote interfaces
[b9g12p0692][[61373,1],29][btl_tcp_proc.c:266:mca_btl_tcp_proc_create_interface_graph] Unable to find reachable pairing between local and remote interfaces
[b9g12p0692][[61373,1],29][btl_tcp_proc.c:266:mca_btl_tcp_proc_create_interface_graph] Unable to find reachable pairing between local and remote interfaces
[b9g12p0692][[61373,1],2][btl_tcp_proc.c:266:mca_btl_tcp_proc_create_interface_graph] Unable to find reachable pairing between local and remote interfaces
[b9g12p0692][[61373,1],2][btl_tcp_proc.c:266:mca_btl_tcp_proc_create_interface_graph] Unable to find reachable pairing between local and remote interfaces
[b9g12p0692][[61373,1],5][btl_tcp_proc.c:266:mca_btl_tcp_proc_create_interface_graph] Unable to find reachable pairing between local and remote interfaces
[b9g12p0692][[61373,1],5][btl_tcp_proc.c:266:mca_btl_tcp_proc_create_interface_graph] Unable to find reachable pairing between local and remote interfaces
[b9g12p0692][[61373,1],20][btl_tcp_proc.c:266:mca_btl_tcp_proc_create_interface_graph] Unable to find reachable pairing between local and remote interfaces
[b9g12p0692][[61373,1],20][btl_tcp_proc.c:266:mca_btl_tcp_proc_create_interface_graph] Unable to find reachable pairing between local and remote interfaces
[b9g12p0692][[61373,1],9][btl_tcp_proc.c:266:mca_btl_tcp_proc_create_interface_graph] Unable to find reachable pairing between local and remote interfaces
[b9g12p0692][[61373,1],9][btl_tcp_proc.c:266:mca_btl_tcp_proc_create_interface_graph] Unable to find reachable pairing between local and remote interfaces
[b9g12p0692][[61373,1],19][btl_tcp_proc.c:266:mca_btl_tcp_proc_create_interface_graph] Unable to find reachable pairing between local and remote interfaces
[b9g12p0692][[61373,1],19][btl_tcp_proc.c:266:mca_btl_tcp_proc_create_interface_graph] Unable to find reachable pairing between local and remote interfaces
[b9g12p0692][[61373,1],17][btl_tcp_proc.c:266:mca_btl_tcp_proc_create_interface_graph] Unable to find reachable pairing between local and remote interfaces
[b9g12p0692][[61373,1],11][btl_tcp_proc.c:266:mca_btl_tcp_proc_create_interface_graph] Unable to find reachable pairing between local and remote interfaces
[b9g12p0692][[61373,1],11][btl_tcp_proc.c:266:mca_btl_tcp_proc_create_interface_graph] Unable to find reachable pairing between local and remote interfaces
[b9g12p0692][[61373,1],30][btl_tcp_proc.c:266:mca_btl_tcp_proc_create_interface_graph] Unable to find reachable pairing between local and remote interfaces
[b9g12p0692][[61373,1],30][btl_tcp_proc.c:266:mca_btl_tcp_proc_create_interface_graph] Unable to find reachable pairing between local and remote interfaces
[b9g12p0692][[61373,1],12][btl_tcp_proc.c:266:mca_btl_tcp_proc_create_interface_graph] Unable to find reachable pairing between local and remote interfaces
[b9g12p0692][[61373,1],12][btl_tcp_proc.c:266:mca_btl_tcp_proc_create_interface_graph] Unable to find reachable pairing between local and remote interfaces
[b9g12p0692][[61373,1],24][btl_tcp_proc.c:266:mca_btl_tcp_proc_create_interface_graph] Unable to find reachable pairing between local and remote interfaces
[b9g12p0692][[61373,1],24][btl_tcp_proc.c:266:mca_btl_tcp_proc_create_interface_graph] Unable to find reachable pairing between local and remote interfaces
[b9g12p0692][[61373,1],13][btl_tcp_proc.c:266:mca_btl_tcp_proc_create_interface_graph] Unable to find reachable pairing between local and remote interfaces
[b9g12p0692][[61373,1],13][btl_tcp_proc.c:266:mca_btl_tcp_proc_create_interface_graph] Unable to find reachable pairing between local and remote interfaces
[b9g12p0692][[61373,1],4][btl_tcp_proc.c:266:mca_btl_tcp_proc_create_interface_graph] Unable to find reachable pairing between local and remote interfaces
[b9g12p0692][[61373,1],4][btl_tcp_proc.c:266:mca_btl_tcp_proc_create_interface_graph] Unable to find reachable pairing between local and remote interfaces
[b9g12p0692][[61373,1],25][btl_tcp_proc.c:266:mca_btl_tcp_proc_create_interface_graph] Unable to find reachable pairing between local and remote interfaces
[b9g12p0692][[61373,1],25][btl_tcp_proc.c:266:mca_btl_tcp_proc_create_interface_graph] [b9g12p0692][[61373,1],18][btl_tcp_proc.c:266:mca_btl_tcp_proc_create_interface_graph] Unable to find reachable pairing between local and remote interfaces
[b9g12p0692][[61373,1],26][btl_tcp_proc.c:266:mca_btl_tcp_proc_create_interface_graph] Unable to find reachable pairing between local and remote interfaces
[b9g12p0692][[61373,1],26][btl_tcp_proc.c:266:mca_btl_tcp_proc_create_interface_graph] Unable to find reachable pairing between local and remote interfaces
[b9g12p0692][[61373,1],14][btl_tcp_proc.c:266:mca_btl_tcp_proc_create_interface_graph] Unable to find reachable pairing between local and remote interfaces
[b9g12p0692][[61373,1],14][btl_tcp_proc.c:266:mca_btl_tcp_proc_create_interface_graph] Unable to find reachable pairing between local and remote interfaces
[b9g12p0692][[61373,1],31][btl_tcp_proc.c:266:mca_btl_tcp_proc_create_interface_graph] Unable to find reachable pairing between local and remote interfaces
[b9g12p0692][[61373,1],31][btl_tcp_proc.c:266:mca_btl_tcp_proc_create_interface_graph] Unable to find reachable pairing between local and remote interfaces
[b9g12p0692][[61373,1],16][btl_tcp_proc.c:266:mca_btl_tcp_proc_create_interface_graph] Unable to find reachable pairing between local and remote interfaces
[b9g12p0692][[61373,1],16][btl_tcp_proc.c:266:mca_btl_tcp_proc_create_interface_graph] Unable to find reachable pairing between local and remote interfaces
[b9g12p0692][[61373,1],15][btl_tcp_proc.c:266:mca_btl_tcp_proc_create_interface_graph] Unable to find reachable pairing between local and remote interfaces
[b9g12p0692][[61373,1],19][btl_tcp_proc.c:266:mca_btl_tcp_proc_create_interface_graph] Unable to find reachable pairing between local and remote interfaces
[b9g12p0692][[61373,1],19][btl_tcp_proc.c:266:mca_btl_tcp_proc_create_interface_graph] Unable to find reachable pairing between local and remote interfaces
[b9g12p0692][[61373,1],22][btl_tcp_proc.c:266:mca_btl_tcp_proc_create_interface_graph] Unable to find reachable pairing between local and remote interfaces
[b9g12p0692][[61373,1],29][btl_tcp_proc.c:266:mca_btl_tcp_proc_create_interface_graph] Unable to find reachable pairing between local and remote interfaces
[b9g12p0692][[61373,1],2][btl_tcp_proc.c:266:mca_btl_tcp_proc_create_interface_graph] Unable to find reachable pairing between local and remote interfaces
Unable to find reachable pairing between local and remote interfaces
[b9g12p0692][[61373,1],5][btl_tcp_proc.c:266:mca_btl_tcp_proc_create_interface_graph] Unable to find reachable pairing between local and remote interfaces
[b9g12p0692][[61373,1],9][btl_tcp_proc.c:266:mca_btl_tcp_proc_create_interface_graph] Unable to find reachable pairing between local and remote interfaces
[b9g12p0692][[61373,1],11][btl_tcp_proc.c:266:mca_btl_tcp_proc_create_interface_graph] Unable to find reachable pairing between local and remote interfaces
[b9g12p0692][[61373,1],12][btl_tcp_proc.c:266:mca_btl_tcp_proc_create_interface_graph] Unable to find reachable pairing between local and remote interfaces
[b9g12p0692][[61373,1],24][btl_tcp_proc.c:266:mca_btl_tcp_proc_create_interface_graph] Unable to find reachable pairing between local and remote interfaces
[b9g12p0692][[61373,1],26][btl_tcp_proc.c:266:mca_btl_tcp_proc_create_interface_graph] Unable to find reachable pairing between local and remote interfaces
[b9g12p0692][[61373,1],4][btl_tcp_proc.c:266:mca_btl_tcp_proc_create_interface_graph] Unable to find reachable pairing between local and remote interfaces
[b9g12p0692][[61373,1],29][btl_tcp_proc.c:266:mca_btl_tcp_proc_create_interface_graph] Unable to find reachable pairing between local and remote interfaces
[b9g12p0692][[61373,1],22][btl_tcp_proc.c:266:mca_btl_tcp_proc_create_interface_graph] Unable to find reachable pairing between local and remote interfaces
[b9g12p0692][[61373,1],13][btl_tcp_proc.c:266:mca_btl_tcp_proc_create_interface_graph] Unable to find reachable pairing between local and remote interfaces
[b9g12p0692][[61373,1],2][btl_tcp_proc.c:266:mca_btl_tcp_proc_create_interface_graph] Unable to find reachable pairing between local and remote interfaces
[b9g12p0692][[61373,1],5][btl_tcp_proc.c:266:mca_btl_tcp_proc_create_interface_graph] Unable to find reachable pairing between local and remote interfaces
[b9g12p0692][[61373,1],5][btl_tcp_proc.c:266:mca_btl_tcp_proc_create_interface_graph] Unable to find reachable pairing between local and remote interfaces
[b9g12p0692][[61373,1],25][btl_tcp_proc.c:266:mca_btl_tcp_proc_create_interface_graph] Unable to find reachable pairing between local and remote interfaces
[b9g12p0692][[61373,1],20][btl_tcp_proc.c:266:mca_btl_tcp_proc_create_interface_graph] Unable to find reachable pairing between local and remote interfaces
[b9g12p0692][[61373,1],9][btl_tcp_proc.c:266:mca_btl_tcp_proc_create_interface_graph] Unable to find reachable pairing between local and remote interfaces
[b9g12p0692][[61373,1],9][btl_tcp_proc.c:266:mca_btl_tcp_proc_create_interface_graph] Unable to find reachable pairing between local and remote interfaces
[b9g12p0692][[61373,1],19][btl_tcp_proc.c:266:mca_btl_tcp_proc_create_interface_graph] Unable to find reachable pairing between local and remote interfaces
[b9g12p0692][[61373,1],19][btl_tcp_proc.c:266:mca_btl_tcp_proc_create_interface_graph] Unable to find reachable pairing between local and remote interfaces
[b9g12p0692][[61373,1],31][btl_tcp_proc.c:266:mca_btl_tcp_proc_create_interface_graph] Unable to find reachable pairing between local and remote interfaces
[b9g12p0692][[61373,1],11][btl_tcp_proc.c:266:mca_btl_tcp_proc_create_interface_graph] Unable to find reachable pairing between local and remote interfaces
[b9g12p0692][[61373,1],11][btl_tcp_proc.c:266:mca_btl_tcp_proc_create_interface_graph] Unable to find reachable pairing between local and remote interfaces
[b9g12p0692][[61373,1],16][btl_tcp_proc.c:266:mca_btl_tcp_proc_create_interface_graph] Unable to find reachable pairing between local and remote interfaces
[b9g12p0692][[61373,1],24][btl_tcp_proc.c:266:mca_btl_tcp_proc_create_interface_graph] Unable to find reachable pairing between local and remote interfaces
[b9g12p0692][[61373,1],12][btl_tcp_proc.c:266:mca_btl_tcp_proc_create_interface_graph] Unable to find reachable pairing between local and remote interfaces
[b9g12p0692][[61373,1],12][btl_tcp_proc.c:266:mca_btl_tcp_proc_create_interface_graph] Unable to find reachable pairing between local and remote interfaces
[b9g12p0692][[61373,1],26][btl_tcp_proc.c:266:mca_btl_tcp_proc_create_interface_graph] Unable to find reachable pairing between local and remote interfaces
[b9g12p0692][[61373,1],29][btl_tcp_proc.c:266:mca_btl_tcp_proc_create_interface_graph] Unable to find reachable pairing between local and remote interfaces
[b9g12p0692][[61373,1],29][btl_tcp_proc.c:266:mca_btl_tcp_proc_create_interface_graph] Unable to find reachable pairing between local and remote interfaces
[b9g12p0692][[61373,1],30][btl_tcp_proc.c:266:mca_btl_tcp_proc_create_interface_graph] Unable to find reachable pairing between local and remote interfaces
[b9g12p0692][[61373,1],22][btl_tcp_proc.c:266:mca_btl_tcp_proc_create_interface_graph] Unable to find reachable pairing between local and remote interfaces
[b9g12p0692][[61373,1],22][btl_tcp_proc.c:266:mca_btl_tcp_proc_create_interface_graph] Unable to find reachable pairing between local and remote interfaces
[b9g12p0692][[61373,1],4][btl_tcp_proc.c:266:mca_btl_tcp_proc_create_interface_graph] Unable to find reachable pairing between local and remote interfaces
[b9g12p0692][[61373,1],4][btl_tcp_proc.c:266:mca_btl_tcp_proc_create_interface_graph] Unable to find reachable pairing between local and remote interfaces
[b9g12p0692][[61373,1],2][btl_tcp_proc.c:266:mca_btl_tcp_proc_create_interface_graph] Unable to find reachable pairing between local and remote interfaces
[b9g12p0692][[61373,1],2][btl_tcp_proc.c:266:mca_btl_tcp_proc_create_interface_graph] Unable to find reachable pairing between local and remote interfaces
[b9g12p0692][[61373,1],25][btl_tcp_proc.c:266:mca_btl_tcp_proc_create_interface_graph] Unable to find reachable pairing between local and remote interfaces
[b9g12p0692][[61373,1],13][btl_tcp_proc.c:266:mca_btl_tcp_proc_create_interface_graph] Unable to find reachable pairing between local and remote interfaces
[b9g12p0692][[61373,1],20][btl_tcp_proc.c:266:mca_btl_tcp_proc_create_interface_graph] Unable to find reachable pairing between local and remote interfaces
[b9g12p0692][[61373,1],31][btl_tcp_proc.c:266:mca_btl_tcp_proc_create_interface_graph] Unable to find reachable pairing between local and remote interfaces
[b9g12p0692][[61373,1],24][btl_tcp_proc.c:266:mca_btl_tcp_proc_create_interface_graph] Unable to find reachable pairing between local and remote interfaces
[b9g12p0692][[61373,1],5][btl_tcp_proc.c:266:mca_btl_tcp_proc_create_interface_graph] Unable to find reachable pairing between local and remote interfaces
[b9g12p0692][[61373,1],30][btl_tcp_proc.c:266:mca_btl_tcp_proc_create_interface_graph] Unable to find reachable pairing between local and remote interfaces
[b9g12p0692][[61373,1],25][btl_tcp_proc.c:266:mca_btl_tcp_proc_create_interface_graph] Unable to find reachable pairing between local and remote interfaces
[b9g12p0692][[61373,1],11][btl_tcp_proc.c:266:mca_btl_tcp_proc_create_interface_graph] Unable to find reachable pairing between local and remote interfaces
[b9g12p0692][[61373,1],4][btl_tcp_proc.c:266:mca_btl_tcp_proc_create_interface_graph] Unable to find reachable pairing between local and remote interfaces
[b9g12p0692][[61373,1],13][btl_tcp_proc.c:266:mca_btl_tcp_proc_create_interface_graph] Unable to find reachable pairing between local and remote interfaces
[b9g12p0692][[61373,1],12][btl_tcp_proc.c:266:mca_btl_tcp_proc_create_interface_graph] Unable to find reachable pairing between local and remote interfaces
[b9g12p0692][[61373,1],20][btl_tcp_proc.c:266:mca_btl_tcp_proc_create_interface_graph] Unable to find reachable pairing between local and remote interfaces
[b9g12p0692][[61373,1],31][btl_tcp_proc.c:266:mca_btl_tcp_proc_create_interface_graph] Unable to find reachable pairing between local and remote interfaces
[b9g12p0692][[61373,1],29][btl_tcp_proc.c:266:mca_btl_tcp_proc_create_interface_graph] Unable to find reachable pairing between local and remote interfaces
[b9g12p0692][[61373,1],24][btl_tcp_proc.c:266:mca_btl_tcp_proc_create_interface_graph] Unable to find reachable pairing between local and remote interfaces
[b9g12p0692][[61373,1],5][btl_tcp_proc.c:266:mca_btl_tcp_proc_create_interface_graph] Unable to find reachable pairing between local and remote interfaces
[b9g12p0692][[61373,1],22][btl_tcp_proc.c:266:mca_btl_tcp_proc_create_interface_graph] Unable to find reachable pairing between local and remote interfaces
[b9g12p0692][[61373,1],2][btl_tcp_proc.c:266:mca_btl_tcp_proc_create_interface_graph] Unable to find reachable pairing between local and remote interfaces
[b9g12p0692][[61373,1],30][btl_tcp_proc.c:266:mca_btl_tcp_proc_create_interface_graph] Unable to find reachable pairing between local and remote interfaces
[b9g12p0692][[61373,1],25][btl_tcp_proc.c:266:mca_btl_tcp_proc_create_interface_graph] Unable to find reachable pairing between local and remote interfaces
[b9g12p0692][[61373,1],4][btl_tcp_proc.c:266:mca_btl_tcp_proc_create_interface_graph] Unable to find reachable pairing between local and remote interfaces
[b9g12p0692][[61373,1],11][btl_tcp_proc.c:266:mca_btl_tcp_proc_create_interface_graph] Unable to find reachable pairing between local and remote interfaces
[b9g12p0692][[61373,1],12][btl_tcp_proc.c:266:mca_btl_tcp_proc_create_interface_graph] Unable to find reachable pairing between local and remote interfaces
[b9g12p0692][[61373,1],20][btl_tcp_proc.c:266:mca_btl_tcp_proc_create_interface_graph] Unable to find reachable pairing between local and remote interfaces
[b9g12p0692][[61373,1],13][btl_tcp_proc.c:266:mca_btl_tcp_proc_create_interface_graph] Unable to find reachable pairing between local and remote interfaces
[b9g12p0692][[61373,1],5][btl_tcp_proc.c:266:mca_btl_tcp_proc_create_interface_graph] Unable to find reachable pairing between local and remote interfaces
[b9g12p0692][[61373,1],31][btl_tcp_proc.c:266:mca_btl_tcp_proc_create_interface_graph] Unable to find reachable pairing between local and remote interfaces
[b9g12p0692][[61373,1],24][btl_tcp_proc.c:266:mca_btl_tcp_proc_create_interface_graph] Unable to find reachable pairing between local and remote interfaces
[b9g12p0692][[61373,1],2][btl_tcp_proc.c:266:mca_btl_tcp_proc_create_interface_graph] Unable to find reachable pairing between local and remote interfaces
[b9g12p0692][[61373,1],22][btl_tcp_proc.c:266:mca_btl_tcp_proc_create_interface_graph] Unable to find reachable pairing between local and remote interfaces
[b9g12p0692][[61373,1],30][btl_tcp_proc.c:266:mca_btl_tcp_proc_create_interface_graph] Unable to find reachable pairing between local and remote interfaces
[b9g12p0692][[61373,1],25][btl_tcp_proc.c:266:mca_btl_tcp_proc_create_interface_graph] Unable to find reachable pairing between local and remote interfaces
[b9g12p0692][[61373,1],12][btl_tcp_proc.c:266:mca_btl_tcp_proc_create_interface_graph] Unable to find reachable pairing between local and remote interfaces
[b9g12p0692][[61373,1],20][btl_tcp_proc.c:266:mca_btl_tcp_proc_create_interface_graph] Unable to find reachable pairing between local and remote interfaces
[b9g12p0692][[61373,1],13][btl_tcp_proc.c:266:mca_btl_tcp_proc_create_interface_graph] Unable to find reachable pairing between local and remote interfaces
[b9g12p0692][[61373,1],31][btl_tcp_proc.c:266:mca_btl_tcp_proc_create_interface_graph] Unable to find reachable pairing between local and remote interfaces
[b9g12p0692][[61373,1],24][btl_tcp_proc.c:266:mca_btl_tcp_proc_create_interface_graph] Unable to find reachable pairing between local and remote interfaces
[b9g12p0692][[61373,1],2][btl_tcp_proc.c:266:mca_btl_tcp_proc_create_interface_graph] Unable to find reachable pairing between local and remote interfaces
[b9g12p0692][[61373,1],30][btl_tcp_proc.c:266:mca_btl_tcp_proc_create_interface_graph] Unable to find reachable pairing between local and remote interfaces
[b9g12p0692][[61373,1],25][btl_tcp_proc.c:266:mca_btl_tcp_proc_create_interface_graph] Unable to find reachable pairing between local and remote interfaces
[b9g12p0692][[61373,1],12][btl_tcp_proc.c:266:mca_btl_tcp_proc_create_interface_graph] Unable to find reachable pairing between local and remote interfaces
[b9g12p0692][[61373,1],20][btl_tcp_proc.c:266:mca_btl_tcp_proc_create_interface_graph] Unable to find reachable pairing between local and remote interfaces
[b9g12p0692][[61373,1],24][btl_tcp_proc.c:266:mca_btl_tcp_proc_create_interface_graph] Unable to find reachable pairing between local and remote interfaces
[b9g12p0692][[61373,1],31][btl_tcp_proc.c:266:mca_btl_tcp_proc_create_interface_graph] Unable to find reachable pairing between local and remote interfaces
[b9g12p0692][[61373,1],25][btl_tcp_proc.c:266:mca_btl_tcp_proc_create_interface_graph] Unable to find reachable pairing between local and remote interfaces
[b9g12p0692][[61373,1],30][btl_tcp_proc.c:266:mca_btl_tcp_proc_create_interface_graph] Unable to find reachable pairing between local and remote interfaces
[b9g12p0692][[61373,1],24][btl_tcp_proc.c:266:mca_btl_tcp_proc_create_interface_graph] Unable to find reachable pairing between local and remote interfaces
[b9g12p0692][[61373,1],31][btl_tcp_proc.c:266:mca_btl_tcp_proc_create_interface_graph] Unable to find reachable pairing between local and remote interfaces
[b9g12p0692][[61373,1],30][btl_tcp_proc.c:266:mca_btl_tcp_proc_create_interface_graph] Unable to find reachable pairing between local and remote interfaces

     Program PWSCF v.7.5 starts on 28Sep2026 at 10:49:57 

     This program is part of the open-source Quantum ESPRESSO suite
     for quantum simulation of materials; please cite
         "P. Giannozzi et al., J. Phys.:Condens. Matter 21 395502 (2009);
         "P. Giannozzi et al., J. Phys.:Condens. Matter 29 465901 (2017);
         "P. Giannozzi et al., J. Chem. Phys. 152 154105 (2020);
          URL http://www.quantum-espresso.org", 
     in publications or presentations arising from this work. More details at
     http://www.quantum-espresso.org/quote

     Parallel version (MPI & OpenMP), running on      32 processor cores
     Number of MPI processes:                32
     Threads/MPI process:                     1

     MPI processes distributed on     1 nodes
     171153 MiB available memory on the printing compute node when the environment starts

     Reading input from vcrelax.in

     Current dimensions of program PWSCF are:
     Max number of different atomic species (ntypx) = 10
     Max number of k-points (npk) =  40000
     Max angular momentum in pseudopotentials (lmaxx) =  4
     file In.pbe-dn-kjpaw_psl.1.0.0.UPF: wavefunction(s)  5S 5P 4D renormalized
     file O.pbe-n-kjpaw_psl.1.0.0.UPF: wavefunction(s)  2S 2P renormalized
     file H.pbe-kjpaw_psl.1.0.0.UPF: wavefunction(s)  1S renormalized
     Message from routine setup:
     using ibrav=0 with symmetry is DISCOURAGED, use correct ibrav instead

     K-points division:     npool     =       2
     R & G space division:  proc/nbgrp/npool/nimage =      16
     Subspace diagonalization in iterative solution of the eigenvalue problem:
     one sub-group per band group will be used
     ELPA distributed-memory algorithm (size of sub-group:  4*  4 procs)


     Parallelization info
     --------------------
     sticks:   dense  smooth     PW     G-vecs:    dense   smooth      PW
     Min        1071     536    139               462689   163586   21579
     Max        1072     537    140               462712   163603   21591
     Sum       17141    8577   2225              7403139  2617449  345361

     Using Slab Decomposition



     bravais-lattice index     =            0
     lattice parameter (alat)  =      19.4757  a.u.
     unit-cell volume          =   32384.4670 (a.u.)^3
     number of atoms/cell      =          176
     number of atomic types    =            3
     number of electrons       =      1328.00
     number of Kohn-Sham states=          672
     kinetic-energy cutoff     =      71.0000  Ry
     charge density cutoff     =     568.0000  Ry
     scf convergence threshold =      1.0E-09
     mixing beta               =       0.2000
     number of iterations used =            8  local-TF  mixing
     energy convergence thresh.=      1.0E-04
     force convergence thresh. =      1.0E-03
     press convergence thresh. =      5.0E-01
     Exchange-correlation= SLA  PW   PBX  PBC
                           (   1   4   3   4   0   0   0)
     nstep                     =          300


     celldm(1)=  19.475688  celldm(2)=   0.000000  celldm(3)=   0.000000
     celldm(4)=   0.000000  celldm(5)=   0.000000  celldm(6)=   0.000000

     crystal axes: (cart. coord. in units of alat)
               a(1) = (   1.000000   0.000000   0.000000 )  
               a(2) = (   0.000000   1.000000   0.000000 )  
               a(3) = (   0.000000   0.000000   4.383877 )  

     reciprocal axes: (cart. coord. in units 2 pi/alat)
               b(1) = (  1.000000  0.000000  0.000000 )  
               b(2) = (  0.000000  1.000000  0.000000 )  
               b(3) = (  0.000000  0.000000  0.228109 )  


     PseudoPot. # 1 for In read from file:
     ./In.pbe-dn-kjpaw_psl.1.0.0.UPF
     MD5 check sum: 235b15e6a7fdfd96486e0ecdcb5b12c6
     Pseudo is Projector augmented-wave + core cor, Zval = 13.0
     Generated using &quot;atomic&quot; code by A. Dal Corso  v.6.3
     Shape of augmentation charge: PSQ
     Using radial grid of 1241 points,  6 beta functions with: 
                l(1) =   0
                l(2) =   0
                l(3) =   1
                l(4) =   1
                l(5) =   2
                l(6) =   2
     Q(r) pseudized with 0 coefficients 


     PseudoPot. # 2 for O  read from file:
     ./O.pbe-n-kjpaw_psl.1.0.0.UPF
     MD5 check sum: e99d9cef9b487d1ca56f5b95ecd0fd7a
     Pseudo is Projector augmented-wave + core cor, Zval =  6.0
     Generated using &quot;atomic&quot; code by A. Dal Corso  v.6.3
     Shape of augmentation charge: PSQ
     Using radial grid of 1095 points,  4 beta functions with: 
                l(1) =   0
                l(2) =   0
                l(3) =   1
                l(4) =   1
     Q(r) pseudized with 0 coefficients 


     PseudoPot. # 3 for H  read from file:
     ./H.pbe-kjpaw_psl.1.0.0.UPF
     MD5 check sum: d81a744832360e4a8af0b0b5b123bc2a
     Pseudo is Projector augmented-wave, Zval =  1.0
     Generated using &quot;atomic&quot; code by A. Dal Corso  v.6.3MaX
     Shape of augmentation charge: PSQ
     Using radial grid of  929 points,  2 beta functions with: 
                l(1) =   0
                l(2) =   0
     Q(r) pseudized with 0 coefficients 


     atomic species   valence    mass     pseudopotential
     In               13.00   114.81800     In( 1.00)
     O                 6.00    15.99900     O ( 1.00)
     H                 1.00     1.00800     H ( 1.00)

      8 Sym. Ops., with inversion, found ( 6 have fractional translation)



   Cartesian axes

     site n.     atom                  positions (alat units)
         1        In     tau(   1) = (   0.2500000   0.2500000   1.4419384  )
         2        In     tau(   2) = (   0.7500000   0.2500000   1.4419384  )
         3        In     tau(   3) = (   0.2500000   0.2500000   1.9419384  )
         4        In     tau(   4) = (   0.2500000   0.7500000   1.4419384  )
         5        In     tau(   5) = (   0.4661938   0.5000000   1.9419384  )
         6        In     tau(   6) = (   0.0338062   0.5000000   1.4419384  )
         7        In     tau(   7) = (   0.7500000   0.4661938   1.6919384  )
         8        In     tau(   8) = (   0.2500000   0.0338062   1.6919384  )
         9        In     tau(   9) = (   0.5000000   0.7500000   1.6581322  )
        10        In     tau(  10) = (   0.0338062   0.0000000   1.9419384  )
        11        In     tau(  11) = (   0.4661938   0.0000000   1.4419384  )
        12        In     tau(  12) = (   0.0000000   0.2500000   1.6581322  )
        13        O      tau(  13) = (   0.3897318   0.1544729   1.5743154  )
        14        O      tau(  14) = (   0.6102682   0.3455271   1.5743154  )
        15        O      tau(  15) = (   0.1102682   0.1544729   1.8095614  )
        16        O      tau(  16) = (   0.8897318   0.3455271   1.8095614  )
        17        O      tau(  17) = (   0.3823770   0.3897318   1.3464113  )
        18        O      tau(  18) = (   0.3823770   0.6102682   1.5374655  )
        19        O      tau(  19) = (   0.6176230   0.1102682   1.3464113  )
        20        O      tau(  20) = (   0.6176230   0.8897318   1.5374655  )
        21        O      tau(  21) = (   0.1544729   0.3823770   1.5816702  )
        22        O      tau(  22) = (   0.3455271   0.3823770   1.8022066  )
        23        O      tau(  23) = (   0.1544729   0.6176230   1.3022066  )
        24        O      tau(  24) = (   0.3455271   0.6176230   2.0816702  )
        25        O      tau(  25) = (   0.1102682   0.3455271   1.3095614  )
        26        O      tau(  26) = (   0.8897318   0.1544729   1.3095614  )
        27        O      tau(  27) = (   0.3897318   0.3455271   2.0743154  )
        28        O      tau(  28) = (   0.6102682   0.1544729   2.0743154  )
        29        O      tau(  29) = (   0.1176230   0.1102682   1.5374655  )
        30        O      tau(  30) = (   0.1176230   0.8897318   1.3464113  )
        31        O      tau(  31) = (   0.8823770   0.3897318   1.5374655  )
        32        O      tau(  32) = (   0.8823770   0.6102682   1.3464113  )
        33        O      tau(  33) = (   0.3455271   0.1176230   1.3022066  )
        34        O      tau(  34) = (   0.1544729   0.1176230   2.0816702  )
        35        O      tau(  35) = (   0.3455271   0.8823770   1.5816702  )
        36        O      tau(  36) = (   0.1544729   0.8823770   1.8022066  )
        37        In     tau(  37) = (   0.7500000   0.7500000   1.9419384  )
        38        In     tau(  38) = (   0.2500000   0.7500000   1.9419384  )
        39        In     tau(  39) = (   0.7500000   0.7500000   1.4419384  )
        40        In     tau(  40) = (   0.7500000   0.2500000   1.9419384  )
        41        In     tau(  41) = (   0.9661938   0.0000000   1.4419384  )
        42        In     tau(  42) = (   0.5338062   0.0000000   1.9419384  )
        43        In     tau(  43) = (   0.0000000   0.2500000   2.1581322  )
        44        In     tau(  44) = (   0.0000000   0.7500000   1.7257446  )
        45        In     tau(  45) = (   0.5338062   0.5000000   1.4419384  )
        46        In     tau(  46) = (   0.9661938   0.5000000   1.9419384  )
        47        In     tau(  47) = (   0.2500000   0.5338062   1.6919384  )
        48        In     tau(  48) = (   0.7500000   0.9661938   1.6919384  )
        49        In     tau(  49) = (   0.5000000   0.2500000   1.7257446  )
        50        In     tau(  50) = (   0.5000000   0.7500000   2.1581322  )
        51        O      tau(  51) = (   0.8897318   0.6544729   2.0743154  )
        52        O      tau(  52) = (   0.1102682   0.8455271   2.0743154  )
        53        O      tau(  53) = (   0.6102682   0.6544729   1.3095614  )
        54        O      tau(  54) = (   0.3897318   0.8455271   1.3095614  )
        55        O      tau(  55) = (   0.8823770   0.8897318   1.8464113  )
        56        O      tau(  56) = (   0.8823770   0.1102682   2.0374655  )
        57        O      tau(  57) = (   0.1176230   0.6102682   1.8464113  )
        58        O      tau(  58) = (   0.1176230   0.3897318   2.0374655  )
        59        O      tau(  59) = (   0.6544729   0.8823770   2.0816702  )
        60        O      tau(  60) = (   0.8455271   0.8823770   1.3022066  )
        61        O      tau(  61) = (   0.6544729   0.1176230   1.8022066  )
        62        O      tau(  62) = (   0.8455271   0.1176230   1.5816702  )
        63        O      tau(  63) = (   0.6102682   0.8455271   1.8095614  )
        64        O      tau(  64) = (   0.3897318   0.6544729   1.8095614  )
        65        O      tau(  65) = (   0.8897318   0.8455271   1.5743154  )
        66        O      tau(  66) = (   0.1102682   0.6544729   1.5743154  )
        67        O      tau(  67) = (   0.6176230   0.6102682   2.0374655  )
        68        O      tau(  68) = (   0.6176230   0.3897318   1.8464113  )
        69        O      tau(  69) = (   0.3823770   0.8897318   2.0374655  )
        70        O      tau(  70) = (   0.3823770   0.1102682   1.8464113  )
        71        O      tau(  71) = (   0.8455271   0.6176230   1.8022066  )
        72        O      tau(  72) = (   0.6544729   0.6176230   1.5816702  )
        73        O      tau(  73) = (   0.8455271   0.3823770   2.0816702  )
        74        O      tau(  74) = (   0.6544729   0.3823770   1.3022066  )
        75        In     tau(  75) = (   0.2500000   0.2500000   2.4419384  )
        76        In     tau(  76) = (   0.7500000   0.2500000   2.4419384  )
        77        In     tau(  77) = (   0.2500000   0.2500000   2.9419384  )
        78        In     tau(  78) = (   0.2500000   0.7500000   2.4419384  )
        79        In     tau(  79) = (   0.4661938   0.5000000   2.9419384  )
        80        In     tau(  80) = (   0.0338062   0.5000000   2.4419384  )
        81        In     tau(  81) = (   0.7500000   0.4661938   2.6919384  )
        82        In     tau(  82) = (   0.2500000   0.0338062   2.6919384  )
        83        In     tau(  83) = (   0.5000000   0.7500000   2.6581322  )
        84        In     tau(  84) = (   0.5000000   0.2500000   2.2257446  )
        85        In     tau(  85) = (   0.0338062   0.0000000   2.9419384  )
        86        In     tau(  86) = (   0.4661938   0.0000000   2.4419384  )
        87        In     tau(  87) = (   0.7500000   0.0338062   2.1919384  )
        88        In     tau(  88) = (   0.2500000   0.4661938   2.1919384  )
        89        In     tau(  89) = (   0.0000000   0.7500000   2.2257446  )
        90        In     tau(  90) = (   0.0000000   0.2500000   2.6581322  )
        91        O      tau(  91) = (   0.3897318   0.1544729   2.5743154  )
        92        O      tau(  92) = (   0.6102682   0.3455271   2.5743154  )
        93        O      tau(  93) = (   0.1102682   0.1544729   2.8095614  )
        94        O      tau(  94) = (   0.8897318   0.3455271   2.8095614  )
        95        O      tau(  95) = (   0.3823770   0.3897318   2.3464113  )
        96        O      tau(  96) = (   0.3823770   0.6102682   2.5374655  )
        97        O      tau(  97) = (   0.6176230   0.1102682   2.3464113  )
        98        O      tau(  98) = (   0.6176230   0.8897318   2.5374655  )
        99        O      tau(  99) = (   0.1544729   0.3823770   2.5816702  )
       100        O      tau( 100) = (   0.3455271   0.3823770   2.8022066  )
       101        O      tau( 101) = (   0.1544729   0.6176230   2.3022066  )
       102        O      tau( 102) = (   0.3455271   0.6176230   3.0816702  )
       103        O      tau( 103) = (   0.1102682   0.3455271   2.3095614  )
       104        O      tau( 104) = (   0.8897318   0.1544729   2.3095614  )
       105        O      tau( 105) = (   0.3897318   0.3455271   3.0743154  )
       106        O      tau( 106) = (   0.6102682   0.1544729   3.0743154  )
       107        O      tau( 107) = (   0.1176230   0.1102682   2.5374655  )
       108        O      tau( 108) = (   0.1176230   0.8897318   2.3464113  )
       109        O      tau( 109) = (   0.8823770   0.3897318   2.5374655  )
       110        O      tau( 110) = (   0.8823770   0.6102682   2.3464113  )
       111        O      tau( 111) = (   0.3455271   0.1176230   2.3022066  )
       112        O      tau( 112) = (   0.1544729   0.1176230   3.0816702  )
       113        O      tau( 113) = (   0.3455271   0.8823770   2.5816702  )
       114        O      tau( 114) = (   0.1544729   0.8823770   2.8022066  )
       115        In     tau( 115) = (   0.7500000   0.7500000   2.9419384  )
       116        In     tau( 116) = (   0.2500000   0.7500000   2.9419384  )
       117        In     tau( 117) = (   0.7500000   0.7500000   2.4419384  )
       118        In     tau( 118) = (   0.7500000   0.2500000   2.9419384  )
       119        In     tau( 119) = (   0.9661938   0.0000000   2.4419384  )
       120        In     tau( 120) = (   0.5338062   0.0000000   2.9419384  )
       121        In     tau( 121) = (   0.2500000   0.9661938   2.1919384  )
       122        In     tau( 122) = (   0.7500000   0.5338062   2.1919384  )
       123        In     tau( 123) = (   0.0000000   0.7500000   2.7257446  )
       124        In     tau( 124) = (   0.5338062   0.5000000   2.4419384  )
       125        In     tau( 125) = (   0.9661938   0.5000000   2.9419384  )
       126        In     tau( 126) = (   0.2500000   0.5338062   2.6919384  )
       127        In     tau( 127) = (   0.7500000   0.9661938   2.6919384  )
       128        In     tau( 128) = (   0.5000000   0.2500000   2.7257446  )
       129        O      tau( 129) = (   0.8897318   0.6544729   3.0743154  )
       130        O      tau( 130) = (   0.1102682   0.8455271   3.0743154  )
       131        O      tau( 131) = (   0.6102682   0.6544729   2.3095614  )
       132        O      tau( 132) = (   0.3897318   0.8455271   2.3095614  )
       133        O      tau( 133) = (   0.8823770   0.8897318   2.8464113  )
       134        O      tau( 134) = (   0.8823770   0.1102682   3.0374655  )
       135        O      tau( 135) = (   0.1176230   0.6102682   2.8464113  )
       136        O      tau( 136) = (   0.1176230   0.3897318   3.0374655  )
       137        O      tau( 137) = (   0.6544729   0.8823770   3.0816702  )
       138        O      tau( 138) = (   0.8455271   0.8823770   2.3022066  )
       139        O      tau( 139) = (   0.6544729   0.1176230   2.8022066  )
       140        O      tau( 140) = (   0.8455271   0.1176230   2.5816702  )
       141        O      tau( 141) = (   0.6102682   0.8455271   2.8095614  )
       142        O      tau( 142) = (   0.3897318   0.6544729   2.8095614  )
       143        O      tau( 143) = (   0.8897318   0.8455271   2.5743154  )
       144        O      tau( 144) = (   0.1102682   0.6544729   2.5743154  )
       145        O      tau( 145) = (   0.6176230   0.6102682   3.0374655  )
       146        O      tau( 146) = (   0.6176230   0.3897318   2.8464113  )
       147        O      tau( 147) = (   0.3823770   0.8897318   3.0374655  )
       148        O      tau( 148) = (   0.3823770   0.1102682   2.8464113  )
       149        O      tau( 149) = (   0.8455271   0.6176230   2.8022066  )
       150        O      tau( 150) = (   0.6544729   0.6176230   2.5816702  )
       151        O      tau( 151) = (   0.8455271   0.3823770   3.0816702  )
       152        O      tau( 152) = (   0.6544729   0.3823770   2.3022066  )
       153        H      tau( 153) = (   0.3774651   0.3686679   1.2548111  )
       154        H      tau( 154) = (   0.6225349   0.1313321   1.2548111  )
       155        H      tau( 155) = (   0.1262733   0.6085085   1.2128751  )
       156        H      tau( 156) = (   0.1204699   0.3542316   1.2164026  )
       157        H      tau( 157) = (   0.8795301   0.1457684   1.2164026  )
       158        H      tau( 158) = (   0.1225349   0.8686679   1.2548111  )
       159        H      tau( 159) = (   0.8774651   0.6313321   1.2548111  )
       160        H      tau( 160) = (   0.3737267   0.1085085   1.2128751  )
       161        H      tau( 161) = (   0.6204699   0.6457684   1.2164026  )
       162        H      tau( 162) = (   0.3795301   0.8542316   1.2164026  )
       163        H      tau( 163) = (   0.8737267   0.8914915   1.2128751  )
       164        H      tau( 164) = (   0.6262733   0.3914915   1.2128751  )
       165        H      tau( 165) = (   0.3737267   0.6085085   3.1710017  )
       166        H      tau( 166) = (   0.3795301   0.3542316   3.1674742  )
       167        H      tau( 167) = (   0.6204699   0.1457684   3.1674742  )
       168        H      tau( 168) = (   0.1262733   0.1085085   3.1710017  )
       169        H      tau( 169) = (   0.8795301   0.6457684   3.1674742  )
       170        H      tau( 170) = (   0.1204699   0.8542316   3.1674742  )
       171        H      tau( 171) = (   0.8774651   0.1313321   3.1290656  )
       172        H      tau( 172) = (   0.1225349   0.3686679   3.1290656  )
       173        H      tau( 173) = (   0.6262733   0.8914915   3.1710017  )
       174        H      tau( 174) = (   0.6225349   0.6313321   3.1290656  )
       175        H      tau( 175) = (   0.3774651   0.8686679   3.1290656  )
       176        H      tau( 176) = (   0.8737267   0.3914915   3.1710017  )

     number of k points=     4
                       cart. coord. in units 2pi/alat
        k(    1) = (   0.0000000   0.0000000   0.0000000), wk =   0.2222222
        k(    2) = (   0.0000000   0.3333333   0.0000000), wk =   0.4444444
        k(    3) = (   0.3333333   0.3333333   0.0000000), wk =   0.8888889
        k(    4) = (   0.3333333   0.0000000   0.0000000), wk =   0.4444444

     Dense  grid:  7403139 G-vectors     FFT dimensions: ( 150, 150, 648)

     Smooth grid:  2617449 G-vectors     FFT dimensions: ( 108, 108, 480)

     Estimated max dynamical RAM per process >       3.09 GB

     Estimated total dynamical RAM >      97.03 GB

     Initial potential from superposition of free atoms

     starting charge    1327.7914, renormalised to    1328.0000

     negative rho (up, down):  1.620E-03 0.000E+00
     Starting wfcs are  912 randomized atomic wfcs
     Checking if some PAW data can be deallocated... 

     total cpu time spent up to now is      215.8 secs

     per-process dynamical memory:  1499.3 Mb

     Self-consistent Calculation

     iteration #  1     ecut=    71.00 Ry     beta= 0.20
     Davidson diagonalization with overlap
     ethr =  1.00E-02,  avg # of iterations =  2.0

     negative rho (up, down):  2.579E-05 0.000E+00

     total cpu time spent up to now is      670.8 secs

     total energy              =  -27038.78967910 Ry
     estimated scf accuracy    <      48.14005650 Ry

     iteration #  2     ecut=    71.00 Ry     beta= 0.20
     Davidson diagonalization with overlap
     ethr =  3.63E-03,  avg # of iterations =  1.0

     negative rho (up, down):  2.386E-06 0.000E+00

     total cpu time spent up to now is     1065.0 secs

     total energy              =  -27023.70843783 Ry
     estimated scf accuracy    <      31.66072822 Ry

     iteration #  3     ecut=    71.00 Ry     beta= 0.20
     Davidson diagonalization with overlap
     ethr =  2.38E-03,  avg # of iterations =  5.0

     negative rho (up, down):  1.693E-07 0.000E+00

     total cpu time spent up to now is     1770.8 secs

     total energy              =  -27034.54699584 Ry
     estimated scf accuracy    <       3.04017444 Ry

     iteration #  4     ecut=    71.00 Ry     beta= 0.20
     Davidson diagonalization with overlap
     ethr =  2.29E-04,  avg # of iterations =  5.0

     negative rho (up, down):  9.243E-07 0.000E+00

     total cpu time spent up to now is     2457.5 secs

     total energy              =  -27036.44258569 Ry
     estimated scf accuracy    <       1.90313156 Ry

     iteration #  5     ecut=    71.00 Ry     beta= 0.20
     Davidson diagonalization with overlap
     ethr =  1.43E-04,  avg # of iterations =  7.5

     negative rho (up, down):  2.831E-08 0.000E+00

     total cpu time spent up to now is     3507.6 secs

     total energy              =  -27032.19134857 Ry
     estimated scf accuracy    <      31.33055494 Ry

     iteration #  6     ecut=    71.00 Ry     beta= 0.20
     Davidson diagonalization with overlap
     ethr =  1.43E-04,  avg # of iterations =  6.0

     negative rho (up, down):  2.412E-08 0.000E+00

     total cpu time spent up to now is     4456.1 secs

     total energy              =  -27035.41635403 Ry
     estimated scf accuracy    <       2.21008863 Ry

     iteration #  7     ecut=    71.00 Ry     beta= 0.20
     Davidson diagonalization with overlap
     ethr =  1.43E-04,  avg # of iterations =  1.0

     negative rho (up, down):  2.741E-08 0.000E+00

     total cpu time spent up to now is     4850.9 secs

     total energy              =  -27035.47493715 Ry
     estimated scf accuracy    <       1.86808677 Ry

     iteration #  8     ecut=    71.00 Ry     beta= 0.20
     Davidson diagonalization with overlap
     ethr =  1.41E-04,  avg # of iterations =  1.8

     negative rho (up, down):  2.436E-08 0.000E+00

     total cpu time spent up to now is     5294.0 secs

     total energy              =  -27035.49733518 Ry
     estimated scf accuracy    <       1.79646434 Ry

     iteration #  9     ecut=    71.00 Ry     beta= 0.20
     Davidson diagonalization with overlap
     ethr =  1.35E-04,  avg # of iterations =  1.0

     negative rho (up, down):  4.517E-06 0.000E+00

     total cpu time spent up to now is     5687.6 secs

     total energy              =  -27036.18420815 Ry
     estimated scf accuracy    <       1.62499150 Ry

     iteration # 10     ecut=    71.00 Ry     beta= 0.20
     Davidson diagonalization with overlap
     ethr =  1.22E-04,  avg # of iterations =  1.0

     negative rho (up, down):  1.101E-04 0.000E+00

     total cpu time spent up to now is     6081.5 secs

     total energy              =  -27036.41411432 Ry
     estimated scf accuracy    <       2.88020310 Ry

     iteration # 11     ecut=    71.00 Ry     beta= 0.20
     Davidson diagonalization with overlap
     ethr =  1.22E-04,  avg # of iterations =  2.0

     negative rho (up, down):  1.129E-03 0.000E+00

     total cpu time spent up to now is     6572.8 secs

     total energy              =  -27037.69996720 Ry
     estimated scf accuracy    <       4.22333979 Ry

     iteration # 12     ecut=    71.00 Ry     beta= 0.20
     Davidson diagonalization with overlap
     ethr =  1.22E-04,  avg # of iterations =  2.0

     negative rho (up, down):  9.012E-04 0.000E+00

     total cpu time spent up to now is     7014.7 secs

     total energy              =  -27037.66373117 Ry
     estimated scf accuracy    <       6.67696552 Ry

     iteration # 13     ecut=    71.00 Ry     beta= 0.20
     Davidson diagonalization with overlap
     ethr =  1.22E-04,  avg # of iterations =  2.0

     negative rho (up, down):  4.575E-03 0.000E+00

     total cpu time spent up to now is     7458.3 secs

     total energy              =  -27038.69427686 Ry
     estimated scf accuracy    <       7.01575781 Ry

     iteration # 14     ecut=    71.00 Ry     beta= 0.20
     Davidson diagonalization with overlap
     ethr =  1.22E-04,  avg # of iterations =  2.0

     negative rho (up, down):  2.715E-04 0.000E+00

     total cpu time spent up to now is     7946.8 secs

     total energy              =  -27034.95663702 Ry
     estimated scf accuracy    <       9.39601371 Ry

     iteration # 15     ecut=    71.00 Ry     beta= 0.20
     Davidson diagonalization with overlap
     ethr =  1.22E-04,  avg # of iterations =  5.5

     negative rho (up, down):  8.911E-05 0.000E+00

     total cpu time spent up to now is     8519.9 secs

     total energy              =  -27034.76586100 Ry
     estimated scf accuracy    <       2.67708679 Ry

     iteration # 16     ecut=    71.00 Ry     beta= 0.20
     Davidson diagonalization with overlap
     ethr =  1.22E-04,  avg # of iterations =  7.2

     negative rho (up, down):  1.121E-01 0.000E+00

     total cpu time spent up to now is     9078.2 secs

     total energy              =  -27035.53130901 Ry
     estimated scf accuracy    <       0.72743035 Ry

     iteration # 17     ecut=    71.00 Ry     beta= 0.20
     Davidson diagonalization with overlap
     ethr =  5.48E-05,  avg # of iterations =  2.0

     negative rho (up, down):  1.174E-05 0.000E+00

     total cpu time spent up to now is     9558.8 secs

     total energy              =  -27034.53859280 Ry
     estimated scf accuracy    <       1.55190369 Ry

     iteration # 18     ecut=    71.00 Ry     beta= 0.20
     Davidson diagonalization with overlap
     ethr =  5.48E-05,  avg # of iterations =  6.0

     negative rho (up, down):  4.072E-06 0.000E+00

     total cpu time spent up to now is    10524.7 secs

     total energy              =  -27034.17187270 Ry
     estimated scf accuracy    <       3.86245286 Ry

     iteration # 19     ecut=    71.00 Ry     beta= 0.20
     Davidson diagonalization with overlap
     ethr =  5.48E-05,  avg # of iterations =  6.0

     negative rho (up, down):  9.206E-03 0.000E+00

     total cpu time spent up to now is    11458.0 secs

     total energy              =  -27035.56589843 Ry
     estimated scf accuracy    <       0.39444565 Ry

     iteration # 20     ecut=    71.00 Ry     beta= 0.20
     Davidson diagonalization with overlap
     ethr =  2.97E-05,  avg # of iterations =  5.5

     negative rho (up, down):  8.061E-04 0.000E+00

     total cpu time spent up to now is    12215.4 secs

     total energy              =  -27035.34894575 Ry
     estimated scf accuracy    <       2.37167371 Ry

     iteration # 21     ecut=    71.00 Ry     beta= 0.20
     Davidson diagonalization with overlap
     ethr =  2.97E-05,  avg # of iterations =  2.0

     negative rho (up, down):  6.235E-03 0.000E+00

     total cpu time spent up to now is    12689.3 secs

     total energy              =  -27035.18835569 Ry
     estimated scf accuracy    <       1.52104419 Ry

     iteration # 22     ecut=    71.00 Ry     beta= 0.20
     Davidson diagonalization with overlap
     ethr =  2.97E-05,  avg # of iterations =  2.5

     negative rho (up, down):  1.010E-03 0.000E+00

     total cpu time spent up to now is    13193.6 secs

     total energy              =  -27035.95078097 Ry
     estimated scf accuracy    <       0.85328717 Ry

     iteration # 23     ecut=    71.00 Ry     beta= 0.20
     Davidson diagonalization with overlap
     ethr =  2.97E-05,  avg # of iterations =  5.2

     negative rho (up, down):  3.305E-05 0.000E+00

     total cpu time spent up to now is    13891.8 secs

     total energy              =  -27034.75840306 Ry
     estimated scf accuracy    <       3.16695685 Ry

     iteration # 24     ecut=    71.00 Ry     beta= 0.20
     Davidson diagonalization with overlap
     ethr =  2.97E-05,  avg # of iterations =  6.2

     negative rho (up, down):  1.033E-06 0.000E+00

     total cpu time spent up to now is    14802.4 secs

     total energy              =  -27035.15338337 Ry
     estimated scf accuracy    <       0.20753118 Ry

     iteration # 25     ecut=    71.00 Ry     beta= 0.20
     Davidson diagonalization with overlap
     ethr =  1.56E-05,  avg # of iterations =  5.5

     negative rho (up, down):  5.134E-02 0.000E+00

     total cpu time spent up to now is    15508.7 secs

     total energy              =  -27035.15234498 Ry
     estimated scf accuracy    <       0.20013411 Ry

     iteration # 26     ecut=    71.00 Ry     beta= 0.20
     Davidson diagonalization with overlap
     ethr =  1.51E-05,  avg # of iterations =  6.0

     negative rho (up, down):  2.555E-02 0.000E+00

     total cpu time spent up to now is    16434.7 secs

     total energy              =  -27034.93325677 Ry
     estimated scf accuracy    <       1.03477313 Ry

     iteration # 27     ecut=    71.00 Ry     beta= 0.20
     Davidson diagonalization with overlap
     ethr =  1.51E-05,  avg # of iterations =  6.0

     negative rho (up, down):  1.069E-03 0.000E+00

     total cpu time spent up to now is    17365.7 secs

     total energy              =  -27035.18900866 Ry
     estimated scf accuracy    <       0.16222640 Ry

     iteration # 28     ecut=    71.00 Ry     beta= 0.20
     Davidson diagonalization with overlap
     ethr =  1.22E-05,  avg # of iterations =  1.0

     negative rho (up, down):  6.925E-02 0.000E+00

     total cpu time spent up to now is    17755.4 secs

     total energy              =  -27035.18667520 Ry
     estimated scf accuracy    <       0.13170188 Ry

     iteration # 29     ecut=    71.00 Ry     beta= 0.20
     Davidson diagonalization with overlap
     ethr =  9.92E-06,  avg # of iterations =  3.8

     negative rho (up, down):  9.630E-02 0.000E+00

     total cpu time spent up to now is    18269.3 secs

     total energy              =  -27035.20202889 Ry
     estimated scf accuracy    <       0.15378543 Ry

     iteration # 30     ecut=    71.00 Ry     beta= 0.20
     Davidson diagonalization with overlap
     ethr =  9.92E-06,  avg # of iterations =  2.0

     negative rho (up, down):  6.989E-02 0.000E+00

     total cpu time spent up to now is    18709.2 secs

     total energy              =  -27035.16270608 Ry
     estimated scf accuracy    <       0.15730136 Ry

     iteration # 31     ecut=    71.00 Ry     beta= 0.20
     Davidson diagonalization with overlap
     ethr =  9.92E-06,  avg # of iterations =  2.0

     negative rho (up, down):  6.937E-02 0.000E+00

     total cpu time spent up to now is    19169.2 secs

     total energy              =  -27035.17042395 Ry
     estimated scf accuracy    <       0.08274779 Ry

     iteration # 32     ecut=    71.00 Ry     beta= 0.20
     Davidson diagonalization with overlap
     ethr =  6.23E-06,  avg # of iterations =  1.0

     negative rho (up, down):  4.359E-02 0.000E+00

     total cpu time spent up to now is    19559.7 secs

     total energy              =  -27035.17588478 Ry
     estimated scf accuracy    <       0.08080867 Ry

     iteration # 33     ecut=    71.00 Ry     beta= 0.20
     Davidson diagonalization with overlap
     ethr =  6.08E-06,  avg # of iterations =  1.2

     negative rho (up, down):  4.463E-02 0.000E+00

     total cpu time spent up to now is    19974.6 secs

     total energy              =  -27035.16579739 Ry
     estimated scf accuracy    <       0.08587553 Ry

     iteration # 34     ecut=    71.00 Ry     beta= 0.20
     Davidson diagonalization with overlap
     ethr =  6.08E-06,  avg # of iterations =  2.0

     negative rho (up, down):  4.046E-02 0.000E+00

     total cpu time spent up to now is    20440.4 secs

     total energy              =  -27035.16814132 Ry
     estimated scf accuracy    <       0.06294813 Ry

     iteration # 35     ecut=    71.00 Ry     beta= 0.20
     Davidson diagonalization with overlap
     ethr =  4.74E-06,  avg # of iterations =  2.0

     negative rho (up, down):  8.910E-02 0.000E+00

     total cpu time spent up to now is    20891.9 secs

     total energy              =  -27035.16642554 Ry
     estimated scf accuracy    <       0.05833445 Ry

     iteration # 36     ecut=    71.00 Ry     beta= 0.20
     Davidson diagonalization with overlap
     ethr =  4.39E-06,  avg # of iterations =  2.0

     negative rho (up, down):  8.780E-02 0.000E+00

     total cpu time spent up to now is    21332.4 secs

     total energy              =  -27035.16366931 Ry
     estimated scf accuracy    <       0.05200757 Ry

     iteration # 37     ecut=    71.00 Ry     beta= 0.20
     Davidson diagonalization with overlap
     ethr =  3.92E-06,  avg # of iterations =  1.8

     negative rho (up, down):  1.959E-02 0.000E+00

     total cpu time spent up to now is    21769.6 secs

     total energy              =  -27035.16279297 Ry
     estimated scf accuracy    <       0.04708287 Ry

     iteration # 38     ecut=    71.00 Ry     beta= 0.20
     Davidson diagonalization with overlap
     ethr =  3.55E-06,  avg # of iterations =  2.0

     negative rho (up, down):  6.551E-02 0.000E+00

     total cpu time spent up to now is    22275.6 secs

     total energy              =  -27035.16335597 Ry
     estimated scf accuracy    <       0.05325234 Ry

     iteration # 39     ecut=    71.00 Ry     beta= 0.20
     Davidson diagonalization with overlap
     ethr =  3.55E-06,  avg # of iterations =  4.2

     negative rho (up, down):  8.614E-02 0.000E+00

     total cpu time spent up to now is    22773.5 secs

     total energy              =  -27035.16317583 Ry
     estimated scf accuracy    <       0.04997968 Ry

     iteration # 40     ecut=    71.00 Ry     beta= 0.20
     Davidson diagonalization with overlap
