
*** this is deckbuild version 5.0.10.R ***

go atlas


                                   A T L A S

            Version:  atlas 5.28.1.R (Wed Jun  5 11:14:46 PDT 2019)

                           Copyright (c) 1984 - 2019
                        Silvaco Inc. All rights reserved

    We acknowledge the contribution of the following collaborative partners:

                              Stanford University



               ======================================================

                  ATLAS                           : enabled

                  S-PISCES                        : enabled

                  BLAZE                           : enabled

                  GIGA                            : enabled

                  LUMINOUS                        : enabled

                  LED                             : enabled

                  TFT                             : enabled

                  ORGANIC DISPLAY                 : enabled

                  ORGANIC SOLAR                   : enabled

                  MIXEDMODE                       : enabled

                  LASER                           : enabled

                  VCSEL                           : enabled

                  FERRO                           : enabled

                  QUANTUM                         : enabled

                  NOISE                           : enabled

                  REM                             : enabled

                  MAGNETIC                        : enabled

                  DEVICE3D                        : enabled

                  THERMAL3D                       : enabled

                  GIGA3D                          : enabled

                  MIXEDMODE3D                     : enabled

                  TFT3D                           : enabled

                  QUANTUM3D                       : enabled

                  LUMINOUS3D                      : enabled

                  REM3D                           : enabled

                  MAGNETIC3D                      : enabled

                  LED3D                           : enabled

                  LASER3D                         : enabled

                  MIXEDMODE XL                    : enabled

                  S-PISCES BUNDLE                 : not licensed

                  BLAZE BUNDLE                    : not licensed

                  TFT BUNDLE                      : not licensed

                  ORGANIC BUNDLE                  : not licensed

                  DEVICE3D BUNDLE                 : not licensed

                  TFT3D BUNDLE                    : not licensed

               ======================================================

                           Sat Sep 12 21:26:49 2026

                            Executing on host: dell
                     Current SFLM Server: 127.0.0.1:3162/



ATLAS> title IWO 13.2 nm - independent rebuild - uncalibrated
************************************************
IWO 13.2 nm - independent rebuild - uncalibrated
************************************************
ATLAS> # Units: um. Geometry fixed by the target; electronic parameters are hypotheses.
ATLAS> # n+Si support is screened by ideal TiN and excluded from this electrical domain.
ATLAS> # Physical stack: n+Si / TiN50 / HfO2 15 / Al2O3 2 / IWO / Pd70 nm.
ATLAS> # Air above the exposed channel; no artificial SiO2 overlayer.
ATLAS> # Width-one currents are A/um. Physical device total current is 290 times that.
ATLAS> 
ATLAS> # 1. Direct rectangular mesh; no imported process mesh.
ATLAS> mesh width=1
	####################################################
	######                                        ######
	######           Running on 1 CPU             ######
	######           20 CPUs available            ######
	######                                        ######
	####################################################
ATLAS> x.mesh loc=0 spac=0.25
ATLAS> x.mesh loc=1.8 spac=0.1
ATLAS> x.mesh loc=2 spac=0.025
ATLAS> x.mesh loc=2.2 spac=0.1
ATLAS> x.mesh loc=12 spac=0.25
ATLAS> x.mesh loc=21.8 spac=0.1
ATLAS> x.mesh loc=22 spac=0.025
ATLAS> x.mesh loc=22.2 spac=0.1
ATLAS> x.mesh loc=24 spac=0.25
ATLAS> y.mesh loc=-0.0832 spac=0.015
ATLAS> y.mesh loc=-0.0332 spac=0.005
ATLAS> y.mesh loc=-0.0152 spac=0.001
ATLAS> y.mesh loc=-0.0132 spac=0.00025
ATLAS> y.mesh loc=-0.01155 spac=0.00165
ATLAS> y.mesh loc=-0.0099 spac=0.00165
ATLAS> y.mesh loc=-0.00825 spac=0.00165
ATLAS> y.mesh loc=-0.0066 spac=0.00165
ATLAS> y.mesh loc=-0.00495 spac=0.00165
ATLAS> y.mesh loc=-0.0033 spac=0.00165
ATLAS> y.mesh loc=-0.00165 spac=0.00165
ATLAS> y.mesh loc=0 spac=0.00025
ATLAS> y.mesh loc=0.0005 spac=0.0005
ATLAS> y.mesh loc=0.001 spac=0.0005
ATLAS> y.mesh loc=0.0015 spac=0.0005
ATLAS> y.mesh loc=0.002 spac=0.0005
ATLAS> y.mesh loc=0.0035 spac=0.0015
ATLAS> y.mesh loc=0.005 spac=0.0015
ATLAS> y.mesh loc=0.0065 spac=0.0015
ATLAS> y.mesh loc=0.008 spac=0.0015
ATLAS> y.mesh loc=0.0095 spac=0.0015
ATLAS> y.mesh loc=0.011 spac=0.0015
ATLAS> y.mesh loc=0.0125 spac=0.0015
ATLAS> y.mesh loc=0.014 spac=0.0015
ATLAS> y.mesh loc=0.0155 spac=0.0015
ATLAS> y.mesh loc=0.017 spac=0.0015
ATLAS> y.mesh loc=0.067 spac=0.01
ATLAS> 
ATLAS> # 2. Active stack and physical metal volumes.
ATLAS> region num=1 material=Air y.min=-0.0832 y.max=-0.0132
ATLAS> region num=2 user.material=IWO y.min=-0.0132 y.max=0
ATLAS> region num=3 material=Al2O3 y.min=0 y.max=0.002
ATLAS> region num=4 material=HfO2 y.min=0.002 y.max=0.017
ATLAS> region num=5 material=Conductor y.min=0.017 y.max=0.067
ATLAS> electrode num=1 name=gate material=Conductor x.min=0 x.max=24 y.min=0.017 y.max=0.067
 
Electrode #1
Name: gate                
 Number of boundary nodes: 1860
 Dimensions in microns: 
       min         max
 x 0.000e+000  2.400e+001 
 y 1.700e-002  6.700e-002 

ATLAS> electrode num=2 name=source material=Palladium x.min=0 x.max=2 y.min=-0.0832 y.max=-0.0132
 
Electrode #2
Name: source              
 Number of boundary nodes: 240
 Dimensions in microns: 
       min         max
 x 0.000e+000  2.000e+000 
 y -8.320e-002  -1.320e-002 

ATLAS> electrode num=3 name=drain material=Palladium x.min=22 x.max=24 y.min=-0.0832 y.max=-0.0132
 
Electrode #3
Name: drain               
 Number of boundary nodes: 240
 Dimensions in microns: 
       min         max
 x 2.200e+001  2.400e+001 
 y -8.320e-002  -1.320e-002 

ATLAS> 
ATLAS> # 3. Custom IWO; unlisted inherited constants remain a limitation.
ATLAS> material material=IWO user.group=semiconductor user.default=silicon  eg300=3.05 affinity=4.3 permittivity=9.3  nc300=5e+18 nv300=1e+19  mun=55 mup=0.01  taun0=1e-06 taup0=1e-06

Mesh
 Type:               non-cylindrical
 Width:              1
 Total grid points:  9920
 Total triangles  :  19404
 Obtuse triangles :  0  (0 %)
ATLAS> material material=Al2O3 permittivity=9
ATLAS> material material=HfO2 permittivity=19.57
ATLAS> material material=Air permittivity=1
ATLAS> doping uniform n.type conc=8.9e+17 region=2
  
 Warning: Statement out of order. Structure 
 creation statements (MESH, X.MESH, Y.MESH, REGION,
 ELECTRODE and DOPING) preceed all output, contact,
 material, models or solution control statements.
  
ATLAS> 
ATLAS> # 4. Native electrical boundary conditions.
ATLAS> contact name=gate workfunction=4.765
ATLAS> contact name=source workfunction=4.45 surf.rec
ATLAS> contact name=drain workfunction=4.45 surf.rec
ATLAS> models srh fermi temp=300 print
ATLAS> 
ATLAS> # 5. Native bulk DOS: peak cm^-3/eV; donor center referenced to Ev.
ATLAS> defects region=2 continuous numa=192 numd=96  nta=7.14285714e+19 wta=0.035 ntd=0 wtd=0.1  nga=0 ega=0.3 wga=0.15  ngd=0 egd=2.85 wgd=0.1  sigtae=1e-15 sigtah=1e-15 sigtde=1e-15 sigtdh=1e-15  siggae=1e-15 siggah=1e-15 siggde=1e-15 siggdh=1e-15  afile=bulk_acceptor.dat dfile=bulk_donor.dat
ATLAS> 
ATLAS> # 7. Numerical controls and independent interior-point diagnostics.
ATLAS> method newton carriers=1 electrons trap maxtrap=10 itlimit=60 climit=1e-6 cr.toler=1e-20 ir.tol=1e-20 cx.toler=1e-6

Continuous trap energy used for DEFECTS statement 1


CONSTANTS:
 Boltzmann's constant  = 1.38066e-023 J/K
 Elementary charge     = 1.60219e-019 C
 Permitivity in vacuum = 8.85419e-014 F/cm
 Temperature           = 300 K
 Thermal voltage       = 0.025852 V

REGIONAL MATERIAL PARAMETERS:
 Region       :        1         2         3         4         5         6         7         8   
 Material     :        Air       IWO     Al2O3      HfO2 Conductor Conductor Palladium Palladium 
 Type         :    insulator semicond. insulator insulator   metal     metal     metal     metal  

 Average Composition Fraction 
 X-composition:         0         0         0         0         0         0         0         0 
 Y-composition:         0         0         0         0         0         0         0         0 

 Band Parameters
 Epsilon      :         1       9.3         9      19.6                                         
 Eg (eV)      :         9      3.05         9       5.7                                         
 Chi (eV)     :       0.9       4.3       0.9         0                                         
 Nc (per cc)  :              5e+018                                                             
 Nv (per cc)  :              1e+019                                                             
 ni (per cc)  :            1.7e-007                                                             

 Bandgap narrowing parameters 
 bgn.e (eV)   :               0.009                                                             
 bgn.n (/cc)  :              1e+017                                                             
 bgn.c        :                 0.5                                                             
 ubgn.b       :            3.1e+012                                                             
 ubgn.c       :            3.9e-005                                                             
 bgn.shnk.me  :               0.321                                                             
 bgn.shnk.mh  :               0.346                                                             
 bgn.shnk.eps :                11.7                                                             
 bgn.shnk.ge  :                  12                                                             
 bgn.shnk.gh  :                   4                                                             
 bgn.lind.anc :             0.00974                                                             
 bgn.lind.bnc :             0.00139                                                             
 bgn.lind.anv :              0.0127                                                             
 bgn.lind.bnv :              0.0014                                                             
 bgn.lind.apc :              0.0114                                                             
 bgn.lind.bpc :             0.00205                                                             
 bgn.lind.apv :              0.0111                                                             
 bgn.lind.bpv :             0.00206                                                             
 bgn.lind.cpv :                   0                                                             
 bgn.lind.nd  :              1e+018                                                             
 bgn.lind.na  :              1e+018                                                             

 Effective Richardson Constants
 An*          :                 110                                                             
 Ap*          :                  30                                                             

 Recombination Parameters
 taun0        :              1e-006                                                             
 taup0        :              1e-006                                                             
 etrap        :                   0                                                             
 lt.taun      :                   0                                                             
 lt.taup      :                   0                                                             
 nsrhn        :              5e+016                                                             
 nsrhp        :              5e+016                                                             
 ksrhtn       :              0.0025                                                             
 ksrhtp       :              0.0025                                                             
 ksrhcn       :              3e-013                                                             
 ksrhcp       :           1.18e-012                                                             
 ksrhgn       :                1.77                                                             
 ksrhgp       :                0.57                                                             
 nsrhn        :              5e+016                                                             
 nsrhp        :              5e+016                                                             
 augn         :            2.8e-031                                                             
 augp         :            9.9e-032                                                             
 augkn        :                   0                                                             
 augkp        :                   0                                                             
 kaugcn       :           1.83e-031                                                             
 kaugcp       :           2.78e-031                                                             
 kaugdn       :                1.18                                                             
 kaugdp       :                0.72                                                             
 aug.cnl      :            2.2e-031                                                             
 aug.cpl      :            9.2e-032                                                             
 aug.chi      :           1.66e-030                                                             
 hns.ae       :            6.7e-032                                                             
 hns.ah       :            7.2e-032                                                             
 hns.be       :           2.45e-031                                                             
 hns.bh       :            4.5e-033                                                             
 hns.ce       :           -2.2e-032                                                             
 hns.ch       :           2.63e-032                                                             
 hns.he       :                3.47                                                             
 hns.hh       :                8.26                                                             
 hns.n0e      :              1e+018                                                             
 hns.p0e      :              1e+018                                                             
 copt         :                   0                                                             

 Band-to-band tunneling Parameters
 mass.tunnel  :                0.25                                                             
 me.tunnel    :               0.322                                                             
 mh.tunnel    :               0.549                                                             

 Thermal Velocities
 vn (cm/s)    :           1.08e+007                                                             
 vp (cm/s)    :            1.3e+007                                                             

 Saturation Velocities
 vsatn (cm/s) :           1.03e+007                                                             
 vsatp (cm/s) :           1.03e+007                                                             

 Piezoelectric Parameters
 e33 (C/m^2)  :                   0                                                             
 e31 (C/m^2)  :                   0                                                             
 Psp (C/m^2)  :                   0                                                             
 Alattice (Å) :         0      5.43         0         0                                         

REGIONAL MODEL FLAGS:
 Region:          1    2    3    4    5    6    7    8 
 SRH                   T                                
 consrh                F                                
 klasrh                F                                
 Auger                 F                                
 klaaug                F                                
 picaug                F                                
 hnsaug                F                                
 auggen                F                                
 kerraug               F                                
 richteraug            F                                
 optr                  F                                
 optr.gb               F                                
 bgn(std/kla)          F                                
 ubgn                  F                                
 bgn.alamo             F                                
 bgn.bennett           F                                
 bgn.schenk            F                                
 bgn.lind              F                                
 bgn.persson           F                                
 incomplete            F                                
 inc.two_level         F                                
 inc.ion               F                                
 ioniz                 F                                
 inc.cryo              F                                
 bbt                   F                                
 bbtauto               F                                
 bbthurkx              F                                
 bbtkane               F                                
 bbtschenk             F                                
 bbtheigl              F                                
 bbtnonlocal           F                                
 tat(local)            F                                
 tatnonlocal           F                                
 tat(coulombic)        F                                
 impact                F                                
 Boltzmann             F                                
 Fermi-Dirac           T                                

Gain and Rsp scaling
  Gain scale factor  :         1         1         1         1 
  Rsp scale factor   :         1         1         1         1 


REGIONAL MOBILITY MODEL SUMMARY:

  Region #2:

    Model for Electrons:

      Concentration Independent Mobility
      @ Temperature =     300 Kelvin 
        mu  = 55
        tmu = 1.5



    Model for Holes:

      Concentration Independent Mobility
      @ Temperature =     300 Kelvin 
        mu  = 0.01
        tmu = 1.5




Contacts:
Name         Num  Work fn    Resist.    Capacit.   Induct.
                   (eV)      (Ohms)     (Farads)   (Henries)
gate          1     4.765   0.000E+00  0.000E+00  0.000E+00
source        2     4.450   0.000E+00  0.000E+00  0.000E+00
drain         3     4.450   0.000E+00  0.000E+00  0.000E+00
  
ATLAS> output con.band val.band e.mobility traps traps.ft int.charge charge
ATLAS> probe name=channel_mobility x=12.037 y=-0.006204 n.mob dir=0
ATLAS> probe name=channel_electrons x=12.037 y=-0.006204 n.conc
ATLAS> probe name=bulk_free_electrons region=2 average n.conc x.min=2 x.max=22 y.min=-0.0132 y.max=0
ATLAS> probe name=bulk_ionized_acceptors region=2 average concacc.ctrap x.min=2 x.max=22 y.min=-0.0132 y.max=0
ATLAS> probe name=bulk_ionized_donors region=2 average concdon.ctrap x.min=2 x.max=22 y.min=-0.0132 y.max=0
ATLAS> probe name=bulk_front_electrons x=12.037 y=-0.001 n.conc
ATLAS> probe name=bulk_back_electrons x=12.037 y=-0.0122 n.conc
ATLAS> save outf=geometry.str

Starting module:   BLAZE                          


Starting module:   TFT                            


MASTER format file written to geometry.str at Sat Sep 12 21:26:54 2026

ATLAS> solve init

Obtaining static solution:


init           psi    psi 
direct          x     rhs 
   i    j  m  -5.00* -26.0*
---------------------------
   1    1  G   0.000 -13.87
   1    2  G  -0.301 -13.98
   1    3  G  -0.477 -14.12
   1    4  G  -0.602 -14.32
   1    5  G  -0.952 -14.73
   1    6  G  -4.075 -20.28
   1    7  G  -8.24* -24.45
  
ATLAS> save outf=equilibrium.str

MASTER format file written to equilibrium.str at Sat Sep 12 21:26:58 2026

ATLAS> solve vsource=0

Obtaining static solution:


prev           psi     n     psi     n  
direct          x      x     rhs    rhs 
   i    j  m  -5.00* -6.00* -26.0* -20.0*
-----------------------------------------
   1       N  -12.5* -12.5* -28.9* -17.72

Electrode       Va(V)        In(A)       Ic(A)       It(A)
=============================================================
gate           0.000e+000  0.000e+000  0.000e+000  0.000e+000
source         0.000e+000  0.000e+000  0.000e+000  0.000e+000
drain          0.000e+000  0.000e+000  0.000e+000  0.000e+000
Total                                              0.000e+000

Time for bias point:   1.22 sec. 
Total time:            9.41 sec. 
  
ATLAS> solve vgate=-0.1

Obtaining static solution:

 V(   gate  ) = -0.1        


prev           psi     n     psi     n  
direct          x      x     rhs    rhs 
   i    j  m  -5.00* -6.00* -26.0* -20.0*
-----------------------------------------
   1       N   0.579 -0.087 -17.07 -4.843
   2       N  -0.117  0.131 -17.66 -5.712
   3       N  -1.152  1.578 -18.51 -7.757
   4       N  -1.478 -0.729 -20.64 -9.638
   5       N  -3.666 -2.806 -24.85 -13.64
   6       N  -7.87* -6.66* -28.9* -17.88

Electrode       Va(V)        In(A)       Ic(A)       It(A)
=============================================================
gate          -1.000e-001  0.000e+000  0.000e+000  0.000e+000
source         0.000e+000  0.000e+000  0.000e+000  0.000e+000
drain          0.000e+000  0.000e+000  0.000e+000  0.000e+000
Total                                              0.000e+000

Time for bias point:   5.17 sec. 
Total time:           14.63 sec. 
  
ATLAS> solve vgate=-0.2

Obtaining static solution:

 V(   gate  ) = -0.2        


proj           psi     n     psi     n  
direct          x      x     rhs    rhs 
   i    j  m  -5.00* -6.00* -26.0* -20.0*
-----------------------------------------
   1       N  -0.021 -0.020 -19.68 -8.547
   2       N  -2.233  0.869 -19.88 -11.05
   3       N  -2.652 -3.136 -26.8* -14.70
   4       N  -8.33* -6.15* -28.7* -18.11

Electrode       Va(V)        In(A)       Ic(A)       It(A)
=============================================================
gate          -2.000e-001  0.000e+000  0.000e+000  0.000e+000
source         0.000e+000  0.000e+000  0.000e+000  0.000e+000
drain          0.000e+000  0.000e+000  0.000e+000  0.000e+000
Total                                              0.000e+000

Time for bias point:   3.02 sec. 
Total time:           17.72 sec. 
  
ATLAS> solve vgate=-0.3

Obtaining static solution:

 V(   gate  ) = -0.3        


proj           psi     n     psi     n  
direct          x      x     rhs    rhs 
   i    j  m  -5.00* -6.00* -26.0* -20.0*
-----------------------------------------
   1       N  -0.847 -0.847 -22.86 -9.629
   2       N  -5.23* -1.949 -25.43 -16.41
   3       N  -7.99* -7.52* -28.7* -18.16

Electrode       Va(V)        In(A)       Ic(A)       It(A)
=============================================================
gate          -3.000e-001  0.000e+000  0.000e+000  0.000e+000
source         0.000e+000  0.000e+000  0.000e+000  0.000e+000
drain          0.000e+000  0.000e+000  0.000e+000  0.000e+000
Total                                              0.000e+000

Time for bias point:   2.77 sec. 
Total time:           20.56 sec. 
  
ATLAS> solve vgate=-0.4

Obtaining static solution:

 V(   gate  ) = -0.4        


proj           psi     n     psi     n  
direct          x      x     rhs    rhs 
   i    j  m  -5.00* -6.00* -26.0* -20.0*
-----------------------------------------
   1       N  -1.888 -1.888 -23.58 -10.29
   2       N  -7.07* -4.071 -28.7* -17.86
   3       N  -11.8* -11.6* -28.7* -17.98

Electrode       Va(V)        In(A)       Ic(A)       It(A)
=============================================================
gate          -4.000e-001  0.000e+000  0.000e+000  0.000e+000
source         0.000e+000  0.000e+000  0.000e+000  0.000e+000
drain          0.000e+000  0.000e+000  0.000e+000  0.000e+000
Total                                              0.000e+000

Time for bias point:   2.63 sec. 
Total time:           23.31 sec. 
  
ATLAS> solve vgate=-0.5

Obtaining static solution:

 V(   gate  ) = -0.5        


proj           psi     n     psi     n  
direct          x      x     rhs    rhs 
   i    j  m  -5.00* -6.00* -26.0* -20.0*
-----------------------------------------
   1       N  -2.478 -2.477 -24.26 -10.84
   2       N  -7.80* -5.252 -28.6* -18.18
   3       N  -11.9* -11.9* -28.6* -18.15

Electrode       Va(V)        In(A)       Ic(A)       It(A)
=============================================================
gate          -5.000e-001  0.000e+000  0.000e+000  0.000e+000
source         0.000e+000  0.000e+000  0.000e+000  0.000e+000
drain          0.000e+000  0.000e+000  0.000e+000  0.000e+000
Total                                              0.000e+000

Time for bias point:   3.01 sec. 
Total time:           26.38 sec. 
  
ATLAS> solve vgate=-0.6

Obtaining static solution:

 V(   gate  ) = -0.6        


proj           psi     n     psi     n  
direct          x      x     rhs    rhs 
   i    j  m  -5.00* -6.00* -26.0* -20.0*
-----------------------------------------
   1       N  -2.735 -2.734 -24.90 -11.29
   2       N  -8.45* -5.765 -28.4* -18.03
   3       N  -11.8* -11.8* -28.5* -18.23

Electrode       Va(V)        In(A)       Ic(A)       It(A)
=============================================================
gate          -6.000e-001  0.000e+000  0.000e+000  0.000e+000
source         0.000e+000  0.000e+000  0.000e+000  0.000e+000
drain          0.000e+000  0.000e+000  0.000e+000  0.000e+000
Total                                              0.000e+000

Time for bias point:   2.77 sec. 
Total time:           29.23 sec. 
  
ATLAS> solve vgate=-0.7

Obtaining static solution:

 V(   gate  ) = -0.7        


proj           psi     n     psi     n  
direct          x      x     rhs    rhs 
   i    j  m  -5.00* -6.00* -26.0* -20.0*
-----------------------------------------
   1       N  -2.963 -2.962 -25.47 -11.73
   2       N  -9.02* -6.22* -28.5* -18.24

Electrode       Va(V)        In(A)       Ic(A)       It(A)
=============================================================
gate          -7.000e-001  0.000e+000  0.000e+000  0.000e+000
source         0.000e+000  0.000e+000  0.000e+000  0.000e+000
drain          0.000e+000  0.000e+000  0.000e+000  0.000e+000
Total                                              0.000e+000

Time for bias point:   2.35 sec. 
Total time:           31.64 sec. 
  
ATLAS> solve vgate=-0.8

Obtaining static solution:

 V(   gate  ) = -0.8        


proj           psi     n     psi     n  
direct          x      x     rhs    rhs 
   i    j  m  -5.00* -6.00* -26.0* -20.0*
-----------------------------------------
   1       N  -3.172 -3.171 -25.90 -12.15
   2       N  -9.53* -6.64* -28.3* -18.34

Electrode       Va(V)        In(A)       Ic(A)       It(A)
=============================================================
gate          -8.000e-001  0.000e+000  0.000e+000  0.000e+000
source         0.000e+000  0.000e+000  0.000e+000  0.000e+000
drain          0.000e+000  0.000e+000  0.000e+000  0.000e+000
Total                                              0.000e+000

Time for bias point:   2.18 sec. 
Total time:           33.92 sec. 
  
ATLAS> solve vgate=-0.9

Obtaining static solution:

 V(   gate  ) = -0.9        


proj           psi     n     psi     n  
direct          x      x     rhs    rhs 
   i    j  m  -5.00* -6.00* -26.0* -20.0*
-----------------------------------------
   1       N  -3.364 -3.364 -26.3* -12.47
   2       N  -9.99* -7.02* -28.4* -18.24

Electrode       Va(V)        In(A)       Ic(A)       It(A)
=============================================================
gate          -9.000e-001  0.000e+000  0.000e+000  0.000e+000
source         0.000e+000  0.000e+000  0.000e+000  0.000e+000
drain          0.000e+000  0.000e+000  0.000e+000  0.000e+000
Total                                              0.000e+000

Time for bias point:   2.13 sec. 
Total time:           36.12 sec. 
  
ATLAS> solve vgate=-1

Obtaining static solution:

 V(   gate  ) = -1          


proj           psi     n     psi     n  
direct          x      x     rhs    rhs 
   i    j  m  -5.00* -6.00* -26.0* -20.0*
-----------------------------------------
   1       N  -3.540 -3.537 -26.7* -12.78
   2       N  -10.4* -7.37* -28.3* -18.23

Electrode       Va(V)        In(A)       Ic(A)       It(A)
=============================================================
gate          -1.000e+000  0.000e+000  0.000e+000  0.000e+000
source         0.000e+000  0.000e+000  0.000e+000  0.000e+000
drain          0.000e+000  0.000e+000  0.000e+000  0.000e+000
Total                                              0.000e+000

Time for bias point:   1.97 sec. 
Total time:           38.16 sec. 
  
ATLAS> solve vgate=-1.1

Obtaining static solution:

 V(   gate  ) = -1.1        


proj           psi     n     psi     n  
direct          x      x     rhs    rhs 
   i    j  m  -5.00* -6.00* -26.0* -20.0*
-----------------------------------------
   1       N  -3.692 -3.690 -27.0* -13.03
   2       N  -10.8* -7.67* -28.3* -18.39

Electrode       Va(V)        In(A)       Ic(A)       It(A)
=============================================================
gate          -1.100e+000  0.000e+000  0.000e+000  0.000e+000
source         0.000e+000  0.000e+000  0.000e+000  0.000e+000
drain          0.000e+000  0.000e+000  0.000e+000  0.000e+000
Total                                              0.000e+000

Time for bias point:   2.09 sec. 
Total time:           40.35 sec. 
  
ATLAS> solve vgate=-1.2

Obtaining static solution:

 V(   gate  ) = -1.2        


proj           psi     n     psi     n  
direct          x      x     rhs    rhs 
   i    j  m  -5.00* -6.00* -26.0* -20.0*
-----------------------------------------
   1       N  -3.833 -3.831 -27.3* -13.25
   2       N  -11.1* -7.95* -28.2* -18.15

Electrode       Va(V)        In(A)       Ic(A)       It(A)
=============================================================
gate          -1.200e+000  0.000e+000  0.000e+000  0.000e+000
source         0.000e+000  0.000e+000  0.000e+000  0.000e+000
drain          0.000e+000  0.000e+000  0.000e+000  0.000e+000
Total                                              0.000e+000

Time for bias point:   2.55 sec. 
Total time:           42.99 sec. 
  
ATLAS> solve vgate=-1.3

Obtaining static solution:

 V(   gate  ) = -1.3        


proj           psi     n     psi     n  
direct          x      x     rhs    rhs 
   i    j  m  -5.00* -6.00* -26.0* -20.0*
-----------------------------------------
   1       N  -3.964 -3.963 -27.6* -13.45
   2       N  -11.4* -8.21* -28.3* -18.34

Electrode       Va(V)        In(A)       Ic(A)       It(A)
=============================================================
gate          -1.300e+000  0.000e+000  0.000e+000  0.000e+000
source         0.000e+000  0.000e+000  0.000e+000  0.000e+000
drain          0.000e+000  0.000e+000  0.000e+000  0.000e+000
Total                                              0.000e+000

Time for bias point:   1.99 sec. 
Total time:           45.04 sec. 
  
ATLAS> solve vgate=-1.4

Obtaining static solution:

 V(   gate  ) = -1.4        


proj           psi     n     psi     n  
direct          x      x     rhs    rhs 
   i    j  m  -5.00* -6.00* -26.0* -20.0*
-----------------------------------------
   1       N  -4.086 -4.085 -28.0* -13.64
   2       N  -11.5* -8.45* -28.1* -18.26

Electrode       Va(V)        In(A)       Ic(A)       It(A)
=============================================================
gate          -1.400e+000  0.000e+000  0.000e+000  0.000e+000
source         0.000e+000  0.000e+000  0.000e+000  0.000e+000
drain          0.000e+000  0.000e+000  0.000e+000  0.000e+000
Total                                              0.000e+000

Time for bias point:   2.09 sec. 
Total time:           47.25 sec. 
  
ATLAS> solve vgate=-1.5

Obtaining static solution:

 V(   gate  ) = -1.5        


proj           psi     n     psi     n  
direct          x      x     rhs    rhs 
   i    j  m  -5.00* -6.00* -26.0* -20.0*
-----------------------------------------
   1       N  -4.200 -4.199 -28.2* -13.82
   2       N  -11.4* -8.67* -28.1* -18.52

Electrode       Va(V)        In(A)       Ic(A)       It(A)
=============================================================
gate          -1.500e+000  0.000e+000  0.000e+000  0.000e+000
source         0.000e+000  0.000e+000  0.000e+000  0.000e+000
drain          0.000e+000  0.000e+000  0.000e+000  0.000e+000
Total                                              0.000e+000

Time for bias point:   2.13 sec. 
Total time:           49.41 sec. 
  
ATLAS> solve vgate=-1.6

Obtaining static solution:

 V(   gate  ) = -1.6        


proj           psi     n     psi     n  
direct          x      x     rhs    rhs 
   i    j  m  -5.00* -6.00* -26.0* -20.0*
-----------------------------------------
   1       N  -4.307 -4.306 -28.2* -13.99
   2       N  -11.4* -8.89* -28.2* -18.46

Electrode       Va(V)        In(A)       Ic(A)       It(A)
=============================================================
gate          -1.600e+000  0.000e+000  0.000e+000  0.000e+000
source         0.000e+000  0.000e+000  0.000e+000  0.000e+000
drain          0.000e+000  0.000e+000  0.000e+000  0.000e+000
Total                                              0.000e+000

Time for bias point:   1.82 sec. 
Total time:           51.31 sec. 
  
ATLAS> solve vgate=-1.7

Obtaining static solution:

 V(   gate  ) = -1.7        


proj           psi     n     psi     n  
direct          x      x     rhs    rhs 
   i    j  m  -5.00* -6.00* -26.0* -20.0*
-----------------------------------------
   1       N  -4.407 -4.407 -28.2* -14.14
   2       N  -11.5* -9.08* -28.2* -18.38

Electrode       Va(V)        In(A)       Ic(A)       It(A)
=============================================================
gate          -1.700e+000  0.000e+000  0.000e+000  0.000e+000
source         0.000e+000  0.000e+000  0.000e+000  0.000e+000
drain          0.000e+000  0.000e+000  0.000e+000  0.000e+000
Total                                              0.000e+000

Time for bias point:   1.88 sec. 
Total time:           53.31 sec. 
  
ATLAS> solve vgate=-1.8

Obtaining static solution:

 V(   gate  ) = -1.8        


proj           psi     n     psi     n  
direct          x      x     rhs    rhs 
   i    j  m  -5.00* -6.00* -26.0* -20.0*
-----------------------------------------
   1       N  -4.502 -4.496 -28.1* -14.29
   2       N  -11.5* -9.27* -28.1* -18.37

Electrode       Va(V)        In(A)       Ic(A)       It(A)
=============================================================
gate          -1.800e+000  0.000e+000  0.000e+000  0.000e+000
source         0.000e+000  0.000e+000  0.000e+000  0.000e+000
drain          0.000e+000  0.000e+000  0.000e+000  0.000e+000
Total                                              0.000e+000

Time for bias point:   2.07 sec. 
Total time:           55.48 sec. 
  
ATLAS> solve vgate=-1.9

Obtaining static solution:

 V(   gate  ) = -1.9        


proj           psi     n     psi     n  
direct          x      x     rhs    rhs 
   i    j  m  -5.00* -6.00* -26.0* -20.0*
-----------------------------------------
   1       N  -4.588 -4.579 -28.1* -14.44
   2       N  -11.4* -9.44* -28.0* -18.37

Electrode       Va(V)        In(A)       Ic(A)       It(A)
=============================================================
gate          -1.900e+000  0.000e+000  0.000e+000  0.000e+000
source         0.000e+000  0.000e+000  0.000e+000  0.000e+000
drain          0.000e+000  0.000e+000  0.000e+000  0.000e+000
Total                                              0.000e+000

Time for bias point:   2.18 sec. 
Total time:           57.80 sec. 
  
ATLAS> solve vgate=-2

Obtaining static solution:

 V(   gate  ) = -2          


proj           psi     n     psi     n  
direct          x      x     rhs    rhs 
   i    j  m  -5.00* -6.00* -26.0* -20.0*
-----------------------------------------
   1       N  -4.667 -4.659 -28.1* -14.57
   2       N  -11.4* -9.60* -28.1* -18.30

Electrode       Va(V)        In(A)       Ic(A)       It(A)
=============================================================
gate          -2.000e+000  0.000e+000  0.000e+000  0.000e+000
source         0.000e+000  0.000e+000  0.000e+000  0.000e+000
drain          0.000e+000  0.000e+000  0.000e+000  0.000e+000
Total                                              0.000e+000

Time for bias point:   2.41 sec. 
Total time:            1.01 min. 
  
ATLAS> solve vgate=-2.1

Obtaining static solution:

 V(   gate  ) = -2.1        


proj           psi     n     psi     n  
direct          x      x     rhs    rhs 
   i    j  m  -5.00* -6.00* -26.0* -20.0*
-----------------------------------------
   1       N  -4.744 -4.737 -28.1* -14.71
   2       N  -11.3* -9.75* -28.0* -18.45

Electrode       Va(V)        In(A)       Ic(A)       It(A)
=============================================================
gate          -2.100e+000  0.000e+000  0.000e+000  0.000e+000
source         0.000e+000  0.000e+000  0.000e+000  0.000e+000
drain          0.000e+000  0.000e+000  0.000e+000  0.000e+000
Total                                              0.000e+000

Time for bias point:   2.37 sec. 
Total time:            1.05 min. 
  
ATLAS> solve vgate=-2.2

Obtaining static solution:

 V(   gate  ) = -2.2        


proj           psi     n     psi     n  
direct          x      x     rhs    rhs 
   i    j  m  -5.00* -6.00* -26.0* -20.0*
-----------------------------------------
   1       N  -4.819 -4.812 -27.9* -14.83
   2       N  -11.3* -9.89* -28.0* -18.70

Electrode       Va(V)        In(A)       Ic(A)       It(A)
=============================================================
gate          -2.200e+000  0.000e+000  0.000e+000  0.000e+000
source         0.000e+000  0.000e+000  0.000e+000  0.000e+000
drain          0.000e+000  0.000e+000  0.000e+000  0.000e+000
Total                                              0.000e+000

Time for bias point:   2.66 sec. 
Total time:            1.09 min. 
  
ATLAS> solve vgate=-2.3

Obtaining static solution:

 V(   gate  ) = -2.3        


proj           psi     n     psi     n  
direct          x      x     rhs    rhs 
   i    j  m  -5.00* -6.00* -26.0* -20.0*
-----------------------------------------
   1       N  -4.891 -4.886 -28.1* -14.96
   2       N  -11.3* -10.0* -28.1* -18.22

Electrode       Va(V)        In(A)       Ic(A)       It(A)
=============================================================
gate          -2.300e+000  0.000e+000  0.000e+000  0.000e+000
source         0.000e+000  0.000e+000  0.000e+000  0.000e+000
drain          0.000e+000  0.000e+000  0.000e+000  0.000e+000
Total                                              0.000e+000

Time for bias point:   2.58 sec. 
Total time:            1.14 min. 
  
ATLAS> solve vgate=-2.4

Obtaining static solution:

 V(   gate  ) = -2.4        


proj           psi     n     psi     n  
direct          x      x     rhs    rhs 
   i    j  m  -5.00* -6.00* -26.0* -20.0*
-----------------------------------------
   1       N  -4.962 -4.957 -27.9* -15.08
   2       N  -11.2* -10.2* -28.0* -18.57

Electrode       Va(V)        In(A)       Ic(A)       It(A)
=============================================================
gate          -2.400e+000  0.000e+000  0.000e+000  0.000e+000
source         0.000e+000  0.000e+000  0.000e+000  0.000e+000
drain          0.000e+000  0.000e+000  0.000e+000  0.000e+000
Total                                              0.000e+000

Time for bias point:   2.28 sec. 
Total time:            1.18 min. 
  
ATLAS> solve vgate=-2.5

Obtaining static solution:

 V(   gate  ) = -2.5        


proj           psi     n     psi     n  
direct          x      x     rhs    rhs 
   i    j  m  -5.00* -6.00* -26.0* -20.0*
-----------------------------------------
   1       N  -3.951 -5.027 -28.0* -15.19
   2       N  -11.2* -10.3* -28.1* -18.56

Electrode       Va(V)        In(A)       Ic(A)       It(A)
=============================================================
gate          -2.500e+000  0.000e+000  0.000e+000  0.000e+000
source         0.000e+000  0.000e+000  0.000e+000  0.000e+000
drain          0.000e+000  0.000e+000  0.000e+000  0.000e+000
Total                                              0.000e+000

Time for bias point:   1.86 sec. 
Total time:            1.21 min. 
  
ATLAS> solve vgate=-2.6

Obtaining static solution:

 V(   gate  ) = -2.6        


proj           psi     n     psi     n  
direct          x      x     rhs    rhs 
   i    j  m  -5.00* -6.00* -26.0* -20.0*
-----------------------------------------
   1       N  -2.274 -5.095 -24.19 -15.30
   2       N  -7.17* -10.4* -27.9* -18.53

Electrode       Va(V)        In(A)       Ic(A)       It(A)
=============================================================
gate          -2.600e+000  0.000e+000  0.000e+000  0.000e+000
source         0.000e+000  0.000e+000  0.000e+000  0.000e+000
drain          0.000e+000  0.000e+000  0.000e+000  0.000e+000
Total                                              0.000e+000

Time for bias point:   1.90 sec. 
Total time:            1.24 min. 
  
ATLAS> solve vgate=-2.7

Obtaining static solution:

 V(   gate  ) = -2.7        


proj           psi     n     psi     n  
direct          x      x     rhs    rhs 
   i    j  m  -5.00* -6.00* -26.0* -20.0*
-----------------------------------------
   1       N  -0.693 -3.548 -19.38 -14.48
   2       N  -2.438 -5.794 -22.93 -18.66
   3       N  -5.99* -9.96* -28.1* -18.56

Electrode       Va(V)        In(A)       Ic(A)       It(A)
=============================================================
gate          -2.700e+000  0.000e+000  0.000e+000  0.000e+000
source         0.000e+000  0.000e+000  0.000e+000  0.000e+000
drain          0.000e+000  0.000e+000  0.000e+000  0.000e+000
Total                                              0.000e+000

Time for bias point:   3.09 sec. 
Total time:            1.30 min. 
  
ATLAS> solve vgate=-2.8

Obtaining static solution:

 V(   gate  ) = -2.8        


proj           psi     n     psi     n  
direct          x      x     rhs    rhs 
   i    j  m  -5.00* -6.00* -26.0* -20.0*
-----------------------------------------
   1       N  -0.031 -2.614 -16.70 -12.55
   2       N  -0.288 -3.044 -17.58 -13.40
   3       N  -1.027 -4.036 -19.19 -15.39
   4       N  -2.611 -6.05* -22.37 -18.57
   5       N  -5.79* -9.81* -28.1* -18.54

Electrode       Va(V)        In(A)       Ic(A)       It(A)
=============================================================
gate          -2.800e+000  0.000e+000  0.000e+000  0.000e+000
source         0.000e+000  0.000e+000  0.000e+000  0.000e+000
drain          0.000e+000  0.000e+000  0.000e+000  0.000e+000
Total                                              0.000e+000

Time for bias point:   4.22 sec. 
Total time:            1.37 min. 
  
ATLAS> solve vgate=-2.9

Obtaining static solution:

 V(   gate  ) = -2.9        


proj           psi     n     psi     n  
direct          x      x     rhs    rhs 
   i    j  m  -5.00* -6.00* -26.0* -20.0*
-----------------------------------------
   1       N  -0.026 -2.238 -16.54 -11.83
   2       N  -0.290 -2.881 -17.48 -13.09
   3       N  -1.005 -3.612 -19.22 -14.55
   4       N  -2.541 -5.141 -22.41 -17.60
   5       N  -5.61* -8.21* -28.0* -18.34

Electrode       Va(V)        In(A)       Ic(A)       It(A)
=============================================================
gate          -2.900e+000  0.000e+000  0.000e+000  0.000e+000
source         0.000e+000  0.000e+000  0.000e+000  0.000e+000
drain          0.000e+000  0.000e+000  0.000e+000  0.000e+000
Total                                              0.000e+000

Time for bias point:   4.48 sec. 
Total time:            1.44 min. 
  
ATLAS> solve vgate=-3

Obtaining static solution:

 V(   gate  ) = -3          


proj           psi     n     psi     n  
direct          x      x     rhs    rhs 
   i    j  m  -5.00* -6.00* -26.0* -20.0*
-----------------------------------------
   1       N  -0.150 -1.595 -17.34 -10.57
   2       N  -0.742 -2.170 -19.10 -11.76
   3       N  -2.094 -3.512 -22.11 -14.46
   4       N  -4.839 -6.25* -27.6* -18.53

Electrode       Va(V)        In(A)       Ic(A)       It(A)
=============================================================
gate          -3.000e+000  0.000e+000  0.000e+000  0.000e+000
source         0.000e+000  0.000e+000  0.000e+000  0.000e+000
drain          0.000e+000  0.000e+000  0.000e+000  0.000e+000
Total                                              0.000e+000

Time for bias point:   3.93 sec. 
Total time:            1.51 min. 
  
ATLAS> solve vdrain=0.1
  
 Warning: Projection cannot be done with
 current bias step.  Using previous solution
 for initial guess.
  

Obtaining static solution:

 V(  drain  ) = 0.1         


prev           psi     n     psi     n  
direct          x      x     rhs    rhs 
   i    j  m  -5.00* -6.00* -26.0* -20.0*
-----------------------------------------
   1       N   0.583 -0.001 -19.66 -4.581
   2       N  -2.313  1.056 -21.01 -9.014
   3       N  -5.31* -4.227 -28.0* -15.67
   4       N  -11.4* -11.5* -28.1* -18.52

Electrode       Va(V)        In(A)       Ic(A)       It(A)
=============================================================
gate          -3.000e+000  0.000e+000  0.000e+000  0.000e+000
source         0.000e+000  0.000e+000  0.000e+000  0.000e+000
drain          1.000e-001  0.000e+000  0.000e+000  0.000e+000
Total                                              0.000e+000

Time for bias point:   3.85 sec. 
Total time:            1.58 min. 
  
ATLAS> solve vdrain=0.2

Obtaining static solution:

 V(  drain  ) = 0.2         


proj           psi     n     psi     n  
direct          x      x     rhs    rhs 
   i    j  m  -5.00* -6.00* -26.0* -20.0*
-----------------------------------------
   1       N  -1.995 -3.589 -22.02 -14.34
   2       N  -4.708 -6.27* -27.4* -18.71

Electrode       Va(V)        In(A)       Ic(A)       It(A)
=============================================================
gate          -3.000e+000  0.000e+000  0.000e+000  0.000e+000
source         0.000e+000  0.000e+000  0.000e+000  0.000e+000
drain          2.000e-001  0.000e+000  0.000e+000  0.000e+000
Total                                              0.000e+000

Time for bias point:   2.22 sec. 
Total time:            1.62 min. 
  
ATLAS> solve vdrain=0.3

Obtaining static solution:

 V(  drain  ) = 0.3         


proj           psi     n     psi     n  
direct          x      x     rhs    rhs 
   i    j  m  -5.00* -6.00* -26.0* -20.0*
-----------------------------------------
   1       N  -1.974 -3.567 -22.03 -14.30
   2       N  -4.700 -6.26* -27.5* -18.67

Electrode       Va(V)        In(A)       Ic(A)       It(A)
=============================================================
gate          -3.000e+000  0.000e+000  0.000e+000  0.000e+000
source         0.000e+000  0.000e+000  0.000e+000  0.000e+000
drain          3.000e-001  0.000e+000  0.000e+000  0.000e+000
Total                                              0.000e+000

Time for bias point:   2.33 sec. 
Total time:            1.66 min. 
  
ATLAS> solve vdrain=0.4

Obtaining static solution:

 V(  drain  ) = 0.4         


proj           psi     n     psi     n  
direct          x      x     rhs    rhs 
   i    j  m  -5.00* -6.00* -26.0* -20.0*
-----------------------------------------
   1       N  -1.958 -3.551 -22.06 -14.28
   2       N  -4.709 -6.27* -27.6* -18.65

Electrode       Va(V)        In(A)       Ic(A)       It(A)
=============================================================
gate          -3.000e+000  0.000e+000  0.000e+000  0.000e+000
source         0.000e+000  0.000e+000  0.000e+000  0.000e+000
drain          4.000e-001  0.000e+000  0.000e+000  0.000e+000
Total                                              0.000e+000

Time for bias point:   2.10 sec. 
Total time:            1.70 min. 
  
ATLAS> solve vdrain=0.5

Obtaining static solution:

 V(  drain  ) = 0.5         


proj           psi     n     psi     n  
direct          x      x     rhs    rhs 
   i    j  m  -5.00* -6.00* -26.0* -20.0*
-----------------------------------------
   1       N  -1.949 -3.542 -22.11 -14.27
   2       N  -4.740 -6.29* -27.7* -18.53

Electrode       Va(V)        In(A)       Ic(A)       It(A)
=============================================================
gate          -3.000e+000  0.000e+000  0.000e+000  0.000e+000
source         0.000e+000  0.000e+000  0.000e+000  0.000e+000
drain          5.000e-001  0.000e+000  0.000e+000  0.000e+000
Total                                              0.000e+000

Time for bias point:   2.08 sec. 
Total time:            1.73 min. 
  
ATLAS> solve vdrain=0.6

Obtaining static solution:

 V(  drain  ) = 0.6         


proj           psi     n     psi     n  
direct          x      x     rhs    rhs 
   i    j  m  -5.00* -6.00* -26.0* -20.0*
-----------------------------------------
   1       N  -1.949 -3.541 -22.18 -14.28
   2       N  -4.794 -6.34* -27.9* -18.62

Electrode       Va(V)        In(A)       Ic(A)       It(A)
=============================================================
gate          -3.000e+000  0.000e+000  0.000e+000  0.000e+000
source         0.000e+000  0.000e+000  0.000e+000  0.000e+000
drain          6.000e-001  0.000e+000  0.000e+000  0.000e+000
Total                                              0.000e+000

Time for bias point:   1.99 sec. 
Total time:            1.77 min. 
  
ATLAS> solve vdrain=0.7

Obtaining static solution:

 V(  drain  ) = 0.7         


proj           psi     n     psi     n  
direct          x      x     rhs    rhs 
   i    j  m  -5.00* -6.00* -26.0* -20.0*
-----------------------------------------
   1       N  -1.959 -3.551 -22.27 -14.31
   2       N  -4.875 -6.42* -28.0* -18.47

Electrode       Va(V)        In(A)       Ic(A)       It(A)
=============================================================
gate          -3.000e+000  0.000e+000  0.000e+000  0.000e+000
source         0.000e+000  0.000e+000  0.000e+000  0.000e+000
drain          7.000e-001  0.000e+000  0.000e+000  0.000e+000
Total                                              0.000e+000

Time for bias point:   2.38 sec. 
Total time:            1.81 min. 
  
ATLAS> save outf=off.str

MASTER format file written to off.str at Sat Sep 12 21:28:40 2026

ATLAS> 
ATLAS> # 8. Every original gate point; fresh signed terminal exports.
ATLAS> log outf=transfer.log
ATLAS> solve vgate=-3

Obtaining static solution:


prev           psi     n     psi     n  
direct          x      x     rhs    rhs 
   i    j  m  -5.00* -6.00* -26.0* -20.0*
-----------------------------------------
   1       N  -10.7* -12.2* -28.0* -18.47

Electrode       Va(V)        In(A)       Ic(A)       It(A)
=============================================================
gate          -3.000e+000  0.000e+000  0.000e+000  0.000e+000
source         0.000e+000  0.000e+000  0.000e+000  0.000e+000
drain          7.000e-001  0.000e+000  0.000e+000  0.000e+000
Total                                              0.000e+000

Time for bias point:   1.41 sec. 
Total time:            1.86 min. 
  
ATLAS> solve vgate=-2.95

Obtaining static solution:

 V(   gate  ) = -2.95       


prev           psi     n     psi     n  
direct          x      x     rhs    rhs 
   i    j  m  -5.00* -6.00* -26.0* -20.0*
-----------------------------------------
   1       N   0.275 -0.367 -17.79 -7.432
   2       N  -0.730 -1.087 -19.72 -11.58
   3       N  -2.303 -3.519 -22.92 -14.87
   4       N  -5.50* -6.88* -28.1* -18.64

Electrode       Va(V)        In(A)       Ic(A)       It(A)
=============================================================
gate          -2.950e+000  0.000e+000  0.000e+000  0.000e+000
source         0.000e+000  0.000e+000  0.000e+000  0.000e+000
drain          7.000e-001  0.000e+000  0.000e+000  0.000e+000
Total                                              0.000e+000

Time for bias point:   4.03 sec. 
Total time:            1.98 min. 
  
ATLAS> solve vgate=-2.9

Obtaining static solution:

 V(   gate  ) = -2.9        


proj           psi     n     psi     n  
direct          x      x     rhs    rhs 
   i    j  m  -5.00* -6.00* -26.0* -20.0*
-----------------------------------------
   1       N  -0.424 -1.872 -19.19 -11.11
   2       N  -2.124 -3.447 -22.55 -14.50
   3       N  -5.63* -6.90* -28.0* -18.37

Electrode       Va(V)        In(A)       Ic(A)       It(A)
=============================================================
gate          -2.900e+000  0.000e+000  0.000e+000  0.000e+000
source         0.000e+000  0.000e+000  0.000e+000  0.000e+000
drain          7.000e-001  0.000e+000  0.000e+000  0.000e+000
Total                                              0.000e+000

Time for bias point:   2.43 sec. 
Total time:            2.06 min. 
  
ATLAS> solve vgate=-2.85

Obtaining static solution:

 V(   gate  ) = -2.85       


proj           psi     n     psi     n  
direct          x      x     rhs    rhs 
   i    j  m  -5.00* -6.00* -26.0* -20.0*
-----------------------------------------
   1       N  -0.660 -2.106 -18.92 -11.57
   2       N  -2.292 -4.220 -21.91 -16.38
   3       N  -5.11* -7.72* -27.7* -18.58

Electrode       Va(V)        In(A)       Ic(A)       It(A)
=============================================================
gate          -2.850e+000  0.000e+000  0.000e+000  0.000e+000
source         0.000e+000  0.000e+000  0.000e+000  0.000e+000
drain          7.000e-001  0.000e+000  0.000e+000  0.000e+000
Total                                              0.000e+000

Time for bias point:   2.52 sec. 
Total time:            2.15 min. 
  
ATLAS> solve vgate=-2.8

Obtaining static solution:

 V(   gate  ) = -2.8        


proj           psi     n     psi     n  
direct          x      x     rhs    rhs 
   i    j  m  -5.00* -6.00* -26.0* -20.0*
-----------------------------------------
   1       N  -0.665 -2.567 -18.65 -12.48
   2       N  -1.863 -4.415 -21.27 -16.23
   3       N  -4.338 -6.96* -26.4* -18.48

Electrode       Va(V)        In(A)       Ic(A)       It(A)
=============================================================
gate          -2.800e+000  0.000e+000  0.000e+000  0.000e+000
source         0.000e+000  0.000e+000  0.000e+000  0.000e+000
drain          7.000e-001  0.000e+000  0.000e+000  0.000e+000
Total                                              0.000e+000

Time for bias point:   2.86 sec. 
Total time:            2.24 min. 
  
ATLAS> solve vgate=-2.75

Obtaining static solution:

 V(   gate  ) = -2.75       


proj           psi     n     psi     n  
direct          x      x     rhs    rhs 
   i    j  m  -5.00* -6.00* -26.0* -20.0*
-----------------------------------------
   1       N  -0.411 -2.834 -18.43 -12.99
   2       N  -1.576 -4.135 -20.80 -15.59
   3       N  -3.999 -6.55* -25.53 -18.58
   4       N  -8.72* -11.4* -28.0* -18.45

Electrode       Va(V)        In(A)       Ic(A)       It(A)
=============================================================
gate          -2.750e+000  0.000e+000  0.000e+000  0.000e+000
source         0.000e+000  0.000e+000  0.000e+000  0.000e+000
drain          7.000e-001  0.000e+000  0.000e+000  0.000e+000
Total                                              0.000e+000

Time for bias point:   2.85 sec. 
Total time:            2.34 min. 
  
ATLAS> solve vgate=-2.7

Obtaining static solution:

 V(   gate  ) = -2.7        


proj           psi     n     psi     n  
direct          x      x     rhs    rhs 
   i    j  m  -5.00* -6.00* -26.0* -20.0*
-----------------------------------------
   1       N  -0.303 -2.832 -18.52 -12.97
   2       N  -1.579 -4.362 -21.21 -16.05
   3       N  -4.266 -7.49* -26.6* -18.43

Electrode       Va(V)        In(A)       Ic(A)       It(A)
=============================================================
gate          -2.700e+000  0.000e+000  0.000e+000  0.000e+000
source         0.000e+000  0.000e+000  0.000e+000  0.000e+000
drain          7.000e-001  0.000e+000  0.000e+000  0.000e+000
Total                                              0.000e+000

Time for bias point:   2.87 sec. 
Total time:            2.42 min. 
  
ATLAS> solve vgate=-2.65

Obtaining static solution:

 V(   gate  ) = -2.65       


proj           psi     n     psi     n  
direct          x      x     rhs    rhs 
   i    j  m  -5.00* -6.00* -26.0* -20.0*
-----------------------------------------
   1       N  -0.361 -3.072 -19.41 -13.45
   2       N  -2.405 -5.543 -23.63 -18.49
   3       N  -6.62* -10.4* -27.9* -18.50

Electrode       Va(V)        In(A)       Ic(A)       It(A)
=============================================================
gate          -2.650e+000  0.000e+000  0.000e+000  0.000e+000
source         0.000e+000  0.000e+000  0.000e+000  0.000e+000
drain          7.000e-001  0.000e+000  0.000e+000  0.000e+000
Total                                              0.000e+000

Time for bias point:   3.01 sec. 
Total time:            2.52 min. 
  
ATLAS> solve vgate=-2.6

Obtaining static solution:

 V(   gate  ) = -2.6        


proj           psi     n     psi     n  
direct          x      x     rhs    rhs 
   i    j  m  -5.00* -6.00* -26.0* -20.0*
-----------------------------------------
   1       N  -0.828 -3.674 -21.26 -14.66
   2       N  -4.236 -7.34* -27.9* -18.57

Electrode       Va(V)        In(A)       Ic(A)       It(A)
=============================================================
gate          -2.600e+000  0.000e+000  0.000e+000  0.000e+000
source         0.000e+000  0.000e+000  0.000e+000  0.000e+000
drain          7.000e-001  0.000e+000  0.000e+000  0.000e+000
Total                                              0.000e+000

Time for bias point:   2.40 sec. 
Total time:            2.61 min. 
  
ATLAS> solve vgate=-2.55

Obtaining static solution:

 V(   gate  ) = -2.55       


proj           psi     n     psi     n  
direct          x      x     rhs    rhs 
   i    j  m  -5.00* -6.00* -26.0* -20.0*
-----------------------------------------
   1       N  -1.569 -4.466 -23.61 -16.39
   2       N  -6.59* -9.17* -28.0* -18.45

Electrode       Va(V)        In(A)       Ic(A)       It(A)
=============================================================
gate          -2.550e+000  0.000e+000  0.000e+000  0.000e+000
source         0.000e+000  0.000e+000  0.000e+000  0.000e+000
drain          7.000e-001  0.000e+000  0.000e+000  0.000e+000
Total                                              0.000e+000

Time for bias point:   2.33 sec. 
Total time:            2.69 min. 
  
ATLAS> solve vgate=-2.5

Obtaining static solution:

 V(   gate  ) = -2.5        


proj           psi     n     psi     n  
direct          x      x     rhs    rhs 
   i    j  m  -5.00* -6.00* -26.0* -20.0*
-----------------------------------------
   1       N  -2.392 -5.394 -26.1* -16.55
   2       N  -9.07* -11.1* -28.0* -18.56

Electrode       Va(V)        In(A)       Ic(A)       It(A)
=============================================================
gate          -2.500e+000  0.000e+000  0.000e+000  0.000e+000
source         0.000e+000  0.000e+000  0.000e+000  0.000e+000
drain          7.000e-001  0.000e+000  0.000e+000  0.000e+000
Total                                              0.000e+000

Time for bias point:   2.22 sec. 
Total time:            2.78 min. 
  
ATLAS> solve vgate=-2.45

Obtaining static solution:

 V(   gate  ) = -2.45       


proj           psi     n     psi     n  
direct          x      x     rhs    rhs 
   i    j  m  -5.00* -6.00* -26.0* -20.0*
-----------------------------------------
   1       N  -3.229 -5.698 -28.0* -16.49
   2       N  -11.0* -11.6* -28.1* -18.33

Electrode       Va(V)        In(A)       Ic(A)       It(A)
=============================================================
gate          -2.450e+000  0.000e+000  0.000e+000  0.000e+000
source         0.000e+000  0.000e+000  0.000e+000  0.000e+000
drain          7.000e-001  0.000e+000  0.000e+000  0.000e+000
Total                                              0.000e+000

Time for bias point:   2.17 sec. 
Total time:            2.86 min. 
  
ATLAS> solve vgate=-2.4

Obtaining static solution:

 V(   gate  ) = -2.4        


proj           psi     n     psi     n  
direct          x      x     rhs    rhs 
   i    j  m  -5.00* -6.00* -26.0* -20.0*
-----------------------------------------
   1       N  -4.069 -5.664 -28.0* -16.44
   2       N  -11.1* -11.6* -28.0* -18.47

Electrode       Va(V)        In(A)       Ic(A)       It(A)
=============================================================
gate          -2.400e+000  0.000e+000  0.000e+000  0.000e+000
source         0.000e+000  0.000e+000  0.000e+000  0.000e+000
drain          7.000e-001  0.000e+000  0.000e+000  0.000e+000
Total                                              0.000e+000

Time for bias point:   2.00 sec. 
Total time:            2.94 min. 
  
ATLAS> solve vgate=-2.35

Obtaining static solution:

 V(   gate  ) = -2.35       


proj           psi     n     psi     n  
direct          x      x     rhs    rhs 
   i    j  m  -5.00* -6.00* -26.0* -20.0*
-----------------------------------------
   1       N  -4.909 -5.630 -28.0* -16.38
   2       N  -11.2* -11.5* -28.0* -18.33

Electrode       Va(V)        In(A)       Ic(A)       It(A)
=============================================================
gate          -2.350e+000  0.000e+000  0.000e+000  0.000e+000
source         0.000e+000  0.000e+000  0.000e+000  0.000e+000
drain          7.000e-001  0.000e+000  0.000e+000  0.000e+000
Total                                              0.000e+000

Time for bias point:   2.10 sec. 
Total time:            3.02 min. 
  
ATLAS> solve vgate=-2.3

Obtaining static solution:

 V(   gate  ) = -2.3        


proj           psi     n     psi     n  
direct          x      x     rhs    rhs 
   i    j  m  -5.00* -6.00* -26.0* -20.0*
-----------------------------------------
   1       N  -5.60* -5.595 -28.0* -16.32
   2       N  -11.2* -11.4* -27.9* -18.34

Electrode       Va(V)        In(A)       Ic(A)       It(A)
=============================================================
gate          -2.300e+000  0.000e+000  0.000e+000  0.000e+000
source         0.000e+000  0.000e+000  0.000e+000  0.000e+000
drain          7.000e-001  0.000e+000  0.000e+000  0.000e+000
Total                                              0.000e+000

Time for bias point:   2.05 sec. 
Total time:            3.09 min. 
  
ATLAS> solve vgate=-2.25

Obtaining static solution:

 V(   gate  ) = -2.25       


proj           psi     n     psi     n  
direct          x      x     rhs    rhs 
   i    j  m  -5.00* -6.00* -26.0* -20.0*
-----------------------------------------
   1       N  -5.57* -5.560 -28.1* -16.27
   2       N  -11.2* -11.4* -28.1* -18.30

Electrode       Va(V)        In(A)       Ic(A)       It(A)
=============================================================
gate          -2.250e+000  0.000e+000  0.000e+000  0.000e+000
source         0.000e+000  0.000e+000  0.000e+000  0.000e+000
drain          7.000e-001  0.000e+000  0.000e+000  0.000e+000
Total                                              0.000e+000

Time for bias point:   2.32 sec. 
Total time:            3.17 min. 
  
ATLAS> solve vgate=-2.2

Obtaining static solution:

 V(   gate  ) = -2.2        


proj           psi     n     psi     n  
direct          x      x     rhs    rhs 
   i    j  m  -5.00* -6.00* -26.0* -20.0*
-----------------------------------------
   1       N  -5.53* -5.524 -28.0* -16.21
   2       N  -11.1* -11.3* -28.0* -18.66

Electrode       Va(V)        In(A)       Ic(A)       It(A)
=============================================================
gate          -2.200e+000  0.000e+000  0.000e+000  0.000e+000
source         0.000e+000  0.000e+000  0.000e+000  0.000e+000
drain          7.000e-001  0.000e+000  0.000e+000  0.000e+000
Total                                              0.000e+000

Time for bias point:   2.32 sec. 
Total time:            3.27 min. 
  
ATLAS> solve vgate=-2.15

Obtaining static solution:

 V(   gate  ) = -2.15       


proj           psi     n     psi     n  
direct          x      x     rhs    rhs 
   i    j  m  -5.00* -6.00* -26.0* -20.0*
-----------------------------------------
   1       N  -5.49* -5.489 -28.0* -16.15
   2       N  -11.3* -11.2* -28.1* -18.22

Electrode       Va(V)        In(A)       Ic(A)       It(A)
=============================================================
gate          -2.150e+000  0.000e+000  0.000e+000  0.000e+000
source         0.000e+000  0.000e+000  0.000e+000  0.000e+000
drain          7.000e-001  0.000e+000  0.000e+000  0.000e+000
Total                                              0.000e+000

Time for bias point:   1.78 sec. 
Total time:            3.34 min. 
  
ATLAS> solve vgate=-2.1

Obtaining static solution:

 V(   gate  ) = -2.1        


proj           psi     n     psi     n  
direct          x      x     rhs    rhs 
   i    j  m  -5.00* -6.00* -26.0* -20.0*
-----------------------------------------
   1       N  -5.46* -5.452 -28.1* -16.09
   2       N  -11.4* -11.2* -28.1* -18.22

Electrode       Va(V)        In(A)       Ic(A)       It(A)
=============================================================
gate          -2.100e+000  0.000e+000  0.000e+000  0.000e+000
source         0.000e+000  0.000e+000  0.000e+000  0.000e+000
drain          7.000e-001  0.000e+000  0.000e+000  0.000e+000
Total                                              0.000e+000

Time for bias point:   1.82 sec. 
Total time:            3.41 min. 
  
ATLAS> solve vgate=-2.05

Obtaining static solution:

 V(   gate  ) = -2.05       


proj           psi     n     psi     n  
direct          x      x     rhs    rhs 
   i    j  m  -5.00* -6.00* -26.0* -20.0*
-----------------------------------------
   1       N  -5.42* -5.415 -28.1* -16.02
   2       N  -11.4* -11.1* -28.1* -18.44

Electrode       Va(V)        In(A)       Ic(A)       It(A)
=============================================================
gate          -2.050e+000  0.000e+000  0.000e+000  0.000e+000
source         0.000e+000  0.000e+000  0.000e+000  0.000e+000
drain          7.000e-001  0.000e+000  0.000e+000  0.000e+000
Total                                              0.000e+000

Time for bias point:   1.96 sec. 
Total time:            3.48 min. 
  
ATLAS> solve vgate=-2

Obtaining static solution:

 V(   gate  ) = -2          


proj           psi     n     psi     n  
direct          x      x     rhs    rhs 
   i    j  m  -5.00* -6.00* -26.0* -20.0*
-----------------------------------------
   1       N  -5.38* -5.378 -28.0* -15.96
   2       N  -11.4* -11.0* -28.0* -18.31

Electrode       Va(V)        In(A)       Ic(A)       It(A)
=============================================================
gate          -2.000e+000  0.000e+000  0.000e+000  0.000e+000
source         0.000e+000  0.000e+000  0.000e+000  0.000e+000
drain          7.000e-001  0.000e+000  0.000e+000  0.000e+000
Total                                              0.000e+000

Time for bias point:   2.10 sec. 
Total time:            3.56 min. 
  
ATLAS> solve vgate=-1.95

Obtaining static solution:

 V(   gate  ) = -1.95       


proj           psi     n     psi     n  
direct          x      x     rhs    rhs 
   i    j  m  -5.00* -6.00* -26.0* -20.0*
-----------------------------------------
   1       N  -5.35* -5.340 -28.1* -15.90
   2       N  -11.3* -10.9* -28.0* -18.27

Electrode       Va(V)        In(A)       Ic(A)       It(A)
=============================================================
gate          -1.950e+000  0.000e+000  0.000e+000  0.000e+000
source         0.000e+000  0.000e+000  0.000e+000  0.000e+000
drain          7.000e-001  0.000e+000  0.000e+000  0.000e+000
Total                                              0.000e+000

Time for bias point:   2.39 sec. 
Total time:            3.65 min. 
  
ATLAS> solve vgate=-1.9

Obtaining static solution:

 V(   gate  ) = -1.9        


proj           psi     n     psi     n  
direct          x      x     rhs    rhs 
   i    j  m  -5.00* -6.00* -26.0* -20.0*
-----------------------------------------
   1       N  -5.31* -5.301 -28.1* -15.83
   2       N  -11.4* -10.9* -28.0* -18.18

Electrode       Va(V)        In(A)       Ic(A)       It(A)
=============================================================
gate          -1.900e+000  0.000e+000  0.000e+000  0.000e+000
source         0.000e+000  0.000e+000  0.000e+000  0.000e+000
drain          7.000e-001  0.000e+000  0.000e+000  0.000e+000
Total                                              0.000e+000

Time for bias point:   2.26 sec. 
Total time:            3.75 min. 
  
ATLAS> solve vgate=-1.85

Obtaining static solution:

 V(   gate  ) = -1.85       


proj           psi     n     psi     n  
direct          x      x     rhs    rhs 
   i    j  m  -5.00* -6.00* -26.0* -20.0*
-----------------------------------------
   1       N  -5.27* -5.262 -28.1* -15.76
   2       N  -11.4* -10.8* -28.1* -18.26

Electrode       Va(V)        In(A)       Ic(A)       It(A)
=============================================================
gate          -1.850e+000  0.000e+000  0.000e+000  0.000e+000
source         0.000e+000  0.000e+000  0.000e+000  0.000e+000
drain          7.000e-001  0.000e+000  0.000e+000  0.000e+000
Total                                              0.000e+000

Time for bias point:   2.50 sec. 
Total time:            3.84 min. 
  
ATLAS> solve vgate=-1.8

Obtaining static solution:

 V(   gate  ) = -1.8        


proj           psi     n     psi     n  
direct          x      x     rhs    rhs 
   i    j  m  -5.00* -6.00* -26.0* -20.0*
-----------------------------------------
   1       N  -5.23* -5.223 -28.0* -15.70
   2       N  -11.5* -10.7* -28.1* -18.26

Electrode       Va(V)        In(A)       Ic(A)       It(A)
=============================================================
gate          -1.800e+000  0.000e+000  0.000e+000  0.000e+000
source         0.000e+000  0.000e+000  0.000e+000  0.000e+000
drain          7.000e-001  0.000e+000  0.000e+000  0.000e+000
Total                                              0.000e+000

Time for bias point:   2.47 sec. 
Total time:            3.93 min. 
  
ATLAS> solve vgate=-1.75

Obtaining static solution:

 V(   gate  ) = -1.75       


proj           psi     n     psi     n  
direct          x      x     rhs    rhs 
   i    j  m  -5.00* -6.00* -26.0* -20.0*
-----------------------------------------
   1       N  -5.19* -5.182 -28.1* -15.63
   2       N  -11.4* -10.6* -28.2* -18.42

Electrode       Va(V)        In(A)       Ic(A)       It(A)
=============================================================
gate          -1.750e+000  0.000e+000  0.000e+000  0.000e+000
source         0.000e+000  0.000e+000  0.000e+000  0.000e+000
drain          7.000e-001  0.000e+000  0.000e+000  0.000e+000
Total                                              0.000e+000

Time for bias point:   2.08 sec. 
Total time:            4.01 min. 
  
ATLAS> solve vgate=-1.7

Obtaining static solution:

 V(   gate  ) = -1.7        


proj           psi     n     psi     n  
direct          x      x     rhs    rhs 
   i    j  m  -5.00* -6.00* -26.0* -20.0*
-----------------------------------------
   1       N  -5.15* -5.141 -28.1* -15.56
   2       N  -11.4* -10.6* -28.1* -18.36

Electrode       Va(V)        In(A)       Ic(A)       It(A)
=============================================================
gate          -1.700e+000  0.000e+000  0.000e+000  0.000e+000
source         0.000e+000  0.000e+000  0.000e+000  0.000e+000
drain          7.000e-001  0.000e+000  0.000e+000  0.000e+000
Total                                              0.000e+000

Time for bias point:   2.35 sec. 
Total time:            4.11 min. 
  
ATLAS> solve vgate=-1.65

Obtaining static solution:

 V(   gate  ) = -1.65       


proj           psi     n     psi     n  
direct          x      x     rhs    rhs 
   i    j  m  -5.00* -6.00* -26.0* -20.0*
-----------------------------------------
   1       N  -5.11* -5.100 -28.1* -15.48
   2       N  -11.4* -10.5* -28.2* -18.23

Electrode       Va(V)        In(A)       Ic(A)       It(A)
=============================================================
gate          -1.650e+000  0.000e+000  0.000e+000  0.000e+000
source         0.000e+000  0.000e+000  0.000e+000  0.000e+000
drain          7.000e-001  0.000e+000  0.000e+000  0.000e+000
Total                                              0.000e+000

Time for bias point:   2.18 sec. 
Total time:            4.20 min. 
  
ATLAS> solve vgate=-1.6

Obtaining static solution:

 V(   gate  ) = -1.6        


proj           psi     n     psi     n  
direct          x      x     rhs    rhs 
   i    j  m  -5.00* -6.00* -26.0* -20.0*
-----------------------------------------
   1       N  -5.06* -5.057 -28.2* -15.41
   2       N  -11.4* -10.4* -28.1* -18.44

Electrode       Va(V)        In(A)       Ic(A)       It(A)
=============================================================
gate          -1.600e+000  0.000e+000  0.000e+000  0.000e+000
source         0.000e+000  0.000e+000  0.000e+000  0.000e+000
drain          7.000e-001  0.000e+000  0.000e+000  0.000e+000
Total                                              0.000e+000

Time for bias point:   2.37 sec. 
Total time:            4.28 min. 
  
ATLAS> solve vgate=-1.55

Obtaining static solution:

 V(   gate  ) = -1.55       


proj           psi     n     psi     n  
direct          x      x     rhs    rhs 
   i    j  m  -5.00* -6.00* -26.0* -20.0*
-----------------------------------------
   1       N  -5.01* -5.011 -28.2* -15.33
   2       N  -11.5* -10.3* -28.2* -18.13

Electrode       Va(V)        In(A)       Ic(A)       It(A)
=============================================================
gate          -1.550e+000  0.000e+000  0.000e+000  0.000e+000
source         0.000e+000  0.000e+000  0.000e+000  0.000e+000
drain          7.000e-001  0.000e+000  0.000e+000  0.000e+000
Total                                              0.000e+000

Time for bias point:   2.27 sec. 
Total time:            4.37 min. 
  
ATLAS> solve vgate=-1.5

Obtaining static solution:

 V(   gate  ) = -1.5        


proj           psi     n     psi     n  
direct          x      x     rhs    rhs 
   i    j  m  -5.00* -6.00* -26.0* -20.0*
-----------------------------------------
   1       N  -4.962 -4.961 -28.1* -15.26
   2       N  -11.5* -10.2* -28.1* -18.27

Electrode       Va(V)        In(A)       Ic(A)       It(A)
=============================================================
gate          -1.500e+000  0.000e+000  0.000e+000  0.000e+000
source         0.000e+000  0.000e+000  0.000e+000  0.000e+000
drain          7.000e-001  0.000e+000  0.000e+000  0.000e+000
Total                                              0.000e+000

Time for bias point:   2.45 sec. 
Total time:            4.46 min. 
  
ATLAS> solve vgate=-1.45

Obtaining static solution:

 V(   gate  ) = -1.45       


proj           psi     n     psi     n  
direct          x      x     rhs    rhs 
   i    j  m  -5.00* -6.00* -26.0* -20.0*
-----------------------------------------
   1       N  -4.911 -4.910 -28.2* -15.18
   2       N  -11.5* -10.1* -28.2* -18.16

Electrode       Va(V)        In(A)       Ic(A)       It(A)
=============================================================
gate          -1.450e+000  0.000e+000  0.000e+000  0.000e+000
source         0.000e+000  0.000e+000  0.000e+000  0.000e+000
drain          7.000e-001  0.000e+000  0.000e+000  0.000e+000
Total                                              0.000e+000

Time for bias point:   1.65 sec. 
Total time:            4.54 min. 
  
ATLAS> solve vgate=-1.4

Obtaining static solution:

 V(   gate  ) = -1.4        


proj           psi     n     psi     n  
direct          x      x     rhs    rhs 
   i    j  m  -5.00* -6.00* -26.0* -20.0*
-----------------------------------------
   1       N  -4.858 -4.858 -28.2* -15.09
   2       N  -11.5* -9.99* -28.3* -18.34

Electrode       Va(V)        In(A)       Ic(A)       It(A)
=============================================================
gate          -1.400e+000  0.000e+000  0.000e+000  0.000e+000
source         0.000e+000  0.000e+000  0.000e+000  0.000e+000
drain          7.000e-001  0.000e+000  0.000e+000  0.000e+000
Total                                              0.000e+000

Time for bias point:   2.06 sec. 
Total time:            4.62 min. 
  
ATLAS> solve vgate=-1.35

Obtaining static solution:

 V(   gate  ) = -1.35       


proj           psi     n     psi     n  
direct          x      x     rhs    rhs 
   i    j  m  -5.00* -6.00* -26.0* -20.0*
-----------------------------------------
   1       N  -4.804 -4.804 -28.2* -15.01
   2       N  -11.5* -9.88* -28.3* -18.27

Electrode       Va(V)        In(A)       Ic(A)       It(A)
=============================================================
gate          -1.350e+000  0.000e+000  0.000e+000  0.000e+000
source         0.000e+000  0.000e+000  0.000e+000  0.000e+000
drain          7.000e-001  0.000e+000  0.000e+000  0.000e+000
Total                                              0.000e+000

Time for bias point:   2.55 sec. 
Total time:            4.71 min. 
  
ATLAS> solve vgate=-1.3

Obtaining static solution:

 V(   gate  ) = -1.3        


proj           psi     n     psi     n  
direct          x      x     rhs    rhs 
   i    j  m  -5.00* -6.00* -26.0* -20.0*
-----------------------------------------
   1       N  -4.748 -4.748 -28.3* -14.92
   2       N  -11.5* -9.77* -28.3* -18.29

Electrode       Va(V)        In(A)       Ic(A)       It(A)
=============================================================
gate          -1.300e+000  0.000e+000  0.000e+000  0.000e+000
source         0.000e+000  0.000e+000  0.000e+000  0.000e+000
drain          7.000e-001  0.000e+000  0.000e+000  0.000e+000
Total                                              0.000e+000

Time for bias point:   2.40 sec. 
Total time:            4.80 min. 
  
ATLAS> solve vgate=-1.25

Obtaining static solution:

 V(   gate  ) = -1.25       


proj           psi     n     psi     n  
direct          x      x     rhs    rhs 
   i    j  m  -5.00* -6.00* -26.0* -20.0*
-----------------------------------------
   1       N  -4.691 -4.690 -28.4* -14.83
   2       N  -11.5* -9.66* -28.2* -18.24

Electrode       Va(V)        In(A)       Ic(A)       It(A)
=============================================================
gate          -1.250e+000  0.000e+000  0.000e+000  0.000e+000
source         0.000e+000  0.000e+000  0.000e+000  0.000e+000
drain          7.000e-001  0.000e+000  0.000e+000  0.000e+000
Total                                              0.000e+000

Time for bias point:   2.27 sec. 
Total time:            4.90 min. 
  
ATLAS> solve vgate=-1.2

Obtaining static solution:

 V(   gate  ) = -1.2        


proj           psi     n     psi     n  
direct          x      x     rhs    rhs 
   i    j  m  -5.00* -6.00* -26.0* -20.0*
-----------------------------------------
   1       N  -4.631 -4.630 -28.3* -14.74
   2       N  -11.6* -9.54* -28.4* -18.26

Electrode       Va(V)        In(A)       Ic(A)       It(A)
=============================================================
gate          -1.200e+000  0.000e+000  0.000e+000  0.000e+000
source         0.000e+000  0.000e+000  0.000e+000  0.000e+000
drain          7.000e-001  0.000e+000  0.000e+000  0.000e+000
Total                                              0.000e+000

Time for bias point:   2.47 sec. 
Total time:            4.99 min. 
  
ATLAS> solve vgate=-1.15

Obtaining static solution:

 V(   gate  ) = -1.15       


proj           psi     n     psi     n  
direct          x      x     rhs    rhs 
   i    j  m  -5.00* -6.00* -26.0* -20.0*
-----------------------------------------
   1       N  -4.569 -4.568 -28.4* -14.65
   2       N  -11.6* -9.42* -28.4* -18.22

Electrode       Va(V)        In(A)       Ic(A)       It(A)
=============================================================
gate          -1.150e+000  0.000e+000  0.000e+000  0.000e+000
source         0.000e+000  0.000e+000  0.000e+000  0.000e+000
drain          7.000e-001  0.000e+000  0.000e+000  0.000e+000
Total                                              0.000e+000

Time for bias point:   2.30 sec. 
Total time:            5.08 min. 
  
ATLAS> solve vgate=-1.1

Obtaining static solution:

 V(   gate  ) = -1.1        


proj           psi     n     psi     n  
direct          x      x     rhs    rhs 
   i    j  m  -5.00* -6.00* -26.0* -20.0*
-----------------------------------------
   1       N  -4.505 -4.503 -28.3* -14.55
   2       N  -11.6* -9.29* -28.4* -18.18

Electrode       Va(V)        In(A)       Ic(A)       It(A)
=============================================================
gate          -1.100e+000  0.000e+000  0.000e+000  0.000e+000
source         0.000e+000  0.000e+000  0.000e+000  0.000e+000
drain          7.000e-001  0.000e+000  0.000e+000  0.000e+000
Total                                              0.000e+000

Time for bias point:   2.60 sec. 
Total time:            5.18 min. 
  
ATLAS> solve vgate=-1.05

Obtaining static solution:

 V(   gate  ) = -1.05       


proj           psi     n     psi     n  
direct          x      x     rhs    rhs 
   i    j  m  -5.00* -6.00* -26.0* -20.0*
-----------------------------------------
   1       N  -4.438 -4.436 -28.4* -14.44
   2       N  -11.6* -9.16* -28.4* -18.13

Electrode       Va(V)        In(A)       Ic(A)       It(A)
=============================================================
gate          -1.050e+000  0.000e+000  0.000e+000  0.000e+000
source         0.000e+000  0.000e+000  0.000e+000  0.000e+000
drain          7.000e-001  0.000e+000  0.000e+000  0.000e+000
Total                                              0.000e+000

Time for bias point:   4.88 sec. 
Total time:            5.31 min. 
  
ATLAS> solve vgate=-1

Obtaining static solution:

 V(   gate  ) = -1          


proj           psi     n     psi     n  
direct          x      x     rhs    rhs 
   i    j  m  -5.00* -6.00* -26.0* -20.0*
-----------------------------------------
   1       N  -4.369 -4.367 -28.2* -14.33
   2       N  -11.6* -9.02* -28.4* -18.30

Electrode       Va(V)        In(A)       Ic(A)       It(A)
=============================================================
gate          -1.000e+000  0.000e+000  0.000e+000  0.000e+000
source         0.000e+000  0.000e+000  0.000e+000  0.000e+000
drain          7.000e-001  0.000e+000  0.000e+000  0.000e+000
Total                                              0.000e+000

Time for bias point:   2.24 sec. 
Total time:            5.40 min. 
  
ATLAS> solve vgate=-0.95

Obtaining static solution:

 V(   gate  ) = -0.95       


proj           psi     n     psi     n  
direct          x      x     rhs    rhs 
   i    j  m  -5.00* -6.00* -26.0* -20.0*
-----------------------------------------
   1       N  -4.298 -4.295 -28.1* -14.20
   2       N  -11.6* -8.88* -28.3* -18.10

Electrode       Va(V)        In(A)       Ic(A)       It(A)
=============================================================
gate          -9.500e-001  0.000e+000  0.000e+000  0.000e+000
source         0.000e+000  0.000e+000  0.000e+000  0.000e+000
drain          7.000e-001  0.000e+000  0.000e+000  0.000e+000
Total                                              0.000e+000

Time for bias point:   2.51 sec. 
Total time:            5.50 min. 
  
ATLAS> solve vgate=-0.9

Obtaining static solution:

 V(   gate  ) = -0.9        


proj           psi     n     psi     n  
direct          x      x     rhs    rhs 
   i    j  m  -5.00* -6.00* -26.0* -20.0*
-----------------------------------------
   1       N  -4.223 -4.221 -27.9* -14.06
   2       N  -11.6* -8.73* -28.3* -18.13

Electrode       Va(V)        In(A)       Ic(A)       It(A)
=============================================================
gate          -9.000e-001  0.000e+000  0.000e+000  0.000e+000
source         0.000e+000  0.000e+000  0.000e+000  0.000e+000
drain          7.000e-001  0.000e+000  0.000e+000  0.000e+000
Total                                              0.000e+000

Time for bias point:   1.97 sec. 
Total time:            5.59 min. 
  
ATLAS> solve vgate=-0.85

Obtaining static solution:

 V(   gate  ) = -0.85       


proj           psi     n     psi     n  
direct          x      x     rhs    rhs 
   i    j  m  -5.00* -6.00* -26.0* -20.0*
-----------------------------------------
   1       N  -4.146 -4.143 -27.7* -13.92
   2       N  -11.4* -8.58* -28.4* -18.24

Electrode       Va(V)        In(A)       Ic(A)       It(A)
=============================================================
gate          -8.500e-001  0.000e+000  0.000e+000  0.000e+000
source         0.000e+000  0.000e+000  0.000e+000  0.000e+000
drain          7.000e-001  0.000e+000  0.000e+000  0.000e+000
Total                                              0.000e+000

Time for bias point:   2.23 sec. 
Total time:            5.66 min. 
  
ATLAS> solve vgate=-0.8

Obtaining static solution:

 V(   gate  ) = -0.8        


proj           psi     n     psi     n  
direct          x      x     rhs    rhs 
   i    j  m  -5.00* -6.00* -26.0* -20.0*
-----------------------------------------
   1       N  -4.062 -4.061 -27.6* -13.78
   2       N  -11.2* -8.41* -28.3* -18.18

Electrode       Va(V)        In(A)       Ic(A)       It(A)
=============================================================
gate          -8.000e-001  0.000e+000  0.000e+000  0.000e+000
source         0.000e+000  0.000e+000  0.000e+000  0.000e+000
drain          7.000e-001  0.000e+000  0.000e+000  0.000e+000
Total                                              0.000e+000

Time for bias point:   2.38 sec. 
Total time:            5.75 min. 
  
ATLAS> solve vgate=-0.75

Obtaining static solution:

 V(   gate  ) = -0.75       


proj           psi     n     psi     n  
direct          x      x     rhs    rhs 
   i    j  m  -5.00* -6.00* -26.0* -20.0*
-----------------------------------------
   1       N  -3.972 -3.971 -27.4* -13.62
   2       N  -11.0* -8.23* -28.4* -17.83

Electrode       Va(V)        In(A)       Ic(A)       It(A)
=============================================================
gate          -7.500e-001  0.000e+000  0.000e+000  0.000e+000
source         0.000e+000  0.000e+000  0.000e+000  0.000e+000
drain          7.000e-001  0.000e+000  0.000e+000  0.000e+000
Total                                              0.000e+000

Time for bias point:   2.45 sec. 
Total time:            5.85 min. 
  
ATLAS> solve vgate=-0.7

Obtaining static solution:

 V(   gate  ) = -0.7        


proj           psi     n     psi     n  
direct          x      x     rhs    rhs 
   i    j  m  -5.00* -6.00* -26.0* -20.0*
-----------------------------------------
   1       N  -3.878 -3.878 -27.2* -13.43
   2       N  -10.8* -8.05* -28.5* -18.19

Electrode       Va(V)        In(A)       Ic(A)       It(A)
=============================================================
gate          -7.000e-001  0.000e+000  0.000e+000  0.000e+000
source         0.000e+000 -8.436e-022 -8.436e-022 -8.436e-022
drain          7.000e-001  8.436e-022  8.436e-022  8.436e-022
Total                                             -2.661e-035

Time for bias point:   2.37 sec. 
Total time:            5.94 min. 
  
ATLAS> solve vgate=-0.65

Obtaining static solution:

 V(   gate  ) = -0.65       


proj           psi     n     psi     n  
direct          x      x     rhs    rhs 
   i    j  m  -5.00* -6.00* -26.0* -20.0*
-----------------------------------------
   1       N  -3.781 -3.528 -27.0* -13.23
   2       N  -10.5* -7.85* -28.5* -18.16

Electrode       Va(V)        In(A)       Ic(A)       It(A)
=============================================================
gate          -6.500e-001  0.000e+000  0.000e+000  0.000e+000
source         0.000e+000 -5.905e-021 -5.905e-021 -5.905e-021
drain          7.000e-001  5.905e-021  5.905e-021  5.905e-021
Total                                             -1.858e-034

Time for bias point:   2.15 sec. 
Total time:            6.03 min. 
  
ATLAS> solve vgate=-0.6

Obtaining static solution:

 V(   gate  ) = -0.6        


proj           psi     n     psi     n  
direct          x      x     rhs    rhs 
   i    j  m  -5.00* -6.00* -26.0* -20.0*
-----------------------------------------
   1       N  -3.679 -2.901 -26.7* -13.03
   2       N  -10.3* -7.65* -28.5* -18.09

Electrode       Va(V)        In(A)       Ic(A)       It(A)
=============================================================
gate          -6.000e-001  0.000e+000  0.000e+000  0.000e+000
source         0.000e+000 -4.134e-020 -4.134e-020 -4.134e-020
drain          7.000e-001  4.134e-020  4.134e-020  4.134e-020
Total                                             -1.300e-033

Time for bias point:   2.58 sec. 
Total time:            6.12 min. 
  
ATLAS> solve vgate=-0.55

Obtaining static solution:

 V(   gate  ) = -0.55       


proj           psi     n     psi     n  
direct          x      x     rhs    rhs 
   i    j  m  -5.00* -6.00* -26.0* -20.0*
-----------------------------------------
   1       N  -3.573 -2.834 -26.4* -12.83
   2       N  -9.99* -7.44* -28.6* -18.16

Electrode       Va(V)        In(A)       Ic(A)       It(A)
=============================================================
gate          -5.500e-001  0.000e+000  0.000e+000  0.000e+000
source         0.000e+000 -2.900e-019 -2.900e-019 -2.900e-019
drain          7.000e-001  2.885e-019  2.885e-019  2.885e-019
Total                                             -1.476e-021

Time for bias point:   2.53 sec. 
Total time:            6.20 min. 
  
ATLAS> solve vgate=-0.5

Obtaining static solution:

 V(   gate  ) = -0.5        


proj           psi     n     psi     n  
direct          x      x     rhs    rhs 
   i    j  m  -5.00* -6.00* -26.0* -20.0*
-----------------------------------------
   1       N  -3.462 -2.761 -26.1* -12.63
   2       N  -9.69* -7.22* -28.7* -17.98

Electrode       Va(V)        In(A)       Ic(A)       It(A)
=============================================================
gate          -5.000e-001  0.000e+000  0.000e+000  0.000e+000
source         0.000e+000 -1.999e-018 -1.999e-018 -1.999e-018
drain          7.000e-001  1.999e-018  1.999e-018  1.999e-018
Total                                              4.218e-022

Time for bias point:   2.29 sec. 
Total time:            6.30 min. 
  
ATLAS> solve vgate=-0.45

Obtaining static solution:

 V(   gate  ) = -0.45       


proj           psi     n     psi     n  
direct          x      x     rhs    rhs 
   i    j  m  -5.00* -6.00* -26.0* -20.0*
-----------------------------------------
   1       N  -3.347 -2.652 -25.85 -12.42
   2       N  -9.38* -6.99* -28.6* -18.00

Electrode       Va(V)        In(A)       Ic(A)       It(A)
=============================================================
gate          -4.500e-001  0.000e+000  0.000e+000  0.000e+000
source         0.000e+000 -1.382e-017 -1.382e-017 -1.382e-017
drain          7.000e-001  1.382e-017  1.382e-017  1.382e-017
Total                                             -6.327e-022

Time for bias point:   2.11 sec. 
Total time:            6.38 min. 
  
ATLAS> solve vgate=-0.4

Obtaining static solution:

 V(   gate  ) = -0.4        


proj           psi     n     psi     n  
direct          x      x     rhs    rhs 
   i    j  m  -5.00* -6.00* -26.0* -20.0*
-----------------------------------------
   1       N  -3.226 -2.517 -25.53 -12.22
   2       N  -9.05* -6.75* -28.6* -18.08

Electrode       Va(V)        In(A)       Ic(A)       It(A)
=============================================================
gate          -4.000e-001  0.000e+000  0.000e+000  0.000e+000
source         0.000e+000 -9.557e-017 -9.557e-017 -9.557e-017
drain          7.000e-001  9.557e-017  9.557e-017  9.557e-017
Total                                              1.265e-021

Time for bias point:   2.67 sec. 
Total time:            6.47 min. 
  
ATLAS> solve vgate=-0.35

Obtaining static solution:

 V(   gate  ) = -0.35       


proj           psi     n     psi     n  
direct          x      x     rhs    rhs 
   i    j  m  -5.00* -6.00* -26.0* -20.0*
-----------------------------------------
   1       N  -3.092 -2.461 -25.21 -11.91
   2       N  -8.70* -6.48* -28.7* -18.22

Electrode       Va(V)        In(A)       Ic(A)       It(A)
=============================================================
gate          -3.500e-001  0.000e+000  0.000e+000  0.000e+000
source         0.000e+000 -6.609e-016 -6.609e-016 -6.609e-016
drain          7.000e-001  6.609e-016  6.609e-016  6.609e-016
Total                                             -7.382e-022

Time for bias point:   2.40 sec. 
Total time:            6.57 min. 
  
ATLAS> solve vgate=-0.3

Obtaining static solution:

 V(   gate  ) = -0.3        


proj           psi     n     psi     n  
direct          x      x     rhs    rhs 
   i    j  m  -5.00* -6.00* -26.0* -20.0*
-----------------------------------------
   1       N  -2.953 -2.274 -24.88 -11.60
   2       N  -8.34* -6.21* -28.6* -18.05

Electrode       Va(V)        In(A)       Ic(A)       It(A)
=============================================================
gate          -3.000e-001  0.000e+000  0.000e+000  0.000e+000
source         0.000e+000 -4.569e-015 -4.569e-015 -4.569e-015
drain          7.000e-001  4.569e-015  4.569e-015  4.569e-015
Total                                              1.055e-022

Time for bias point:   2.64 sec. 
Total time:            6.66 min. 
  
ATLAS> solve vgate=-0.25

Obtaining static solution:

 V(   gate  ) = -0.25       


proj           psi     n     psi     n  
direct          x      x     rhs    rhs 
   i    j  m  -5.00* -6.00* -26.0* -20.0*
-----------------------------------------
   1       N  -2.642 -1.879 -24.54 -11.29
   2       N  -7.95* -5.583 -28.7* -18.00

Electrode       Va(V)        In(A)       Ic(A)       It(A)
=============================================================
gate          -2.500e-001  0.000e+000  0.000e+000  0.000e+000
source         0.000e+000 -3.156e-014 -3.156e-014 -3.156e-014
drain          7.000e-001  3.156e-014  3.156e-014  3.156e-014
Total                                              3.691e-021

Time for bias point:   2.27 sec. 
Total time:            6.74 min. 
  
ATLAS> solve vgate=-0.2

Obtaining static solution:

 V(   gate  ) = -0.2        


proj           psi     n     psi     n  
direct          x      x     rhs    rhs 
   i    j  m  -5.00* -6.00* -26.0* -20.0*
-----------------------------------------
   1       N  -2.115 -1.497 -24.19 -10.99
   2       N  -6.69* -4.529 -28.7* -18.20

Electrode       Va(V)        In(A)       Ic(A)       It(A)
=============================================================
gate          -2.000e-001  0.000e+000  0.000e+000  0.000e+000
source         0.000e+000 -2.173e-013 -2.173e-013 -2.173e-013
drain          7.000e-001  2.173e-013  2.173e-013  2.173e-013
Total                                              2.797e-021

Time for bias point:   2.61 sec. 
Total time:            6.84 min. 
  
ATLAS> solve vgate=-0.15

Obtaining static solution:

 V(   gate  ) = -0.15       


proj           psi     n     psi     n  
direct          x      x     rhs    rhs 
   i    j  m  -5.00* -6.00* -26.0* -20.0*
-----------------------------------------
   1       N  -1.591 -1.152 -23.16 -10.72
   2       N  -5.11* -3.484 -27.1* -17.08
   3       N  -9.36* -9.18* -28.8* -18.10

Electrode       Va(V)        In(A)       Ic(A)       It(A)
=============================================================
gate          -1.500e-001  0.000e+000  0.000e+000  0.000e+000
source         0.000e+000 -1.476e-012 -1.476e-012 -1.476e-012
drain          7.000e-001  1.476e-012  1.476e-012  1.476e-012
Total                                             -4.975e-022

Time for bias point:   3.22 sec. 
Total time:            6.94 min. 
  
ATLAS> solve vgate=-0.1

Obtaining static solution:

 V(   gate  ) = -0.1        


proj           psi     n     psi     n  
direct          x      x     rhs    rhs 
   i    j  m  -5.00* -6.00* -26.0* -20.0*
-----------------------------------------
   1       N  -1.063 -0.918 -21.42 -9.733
   2       N  -3.572 -2.426 -24.31 -13.59
   3       N  -6.71* -6.73* -28.8* -18.08

Electrode       Va(V)        In(A)       Ic(A)       It(A)
=============================================================
gate          -1.000e-001  0.000e+000  0.000e+000  0.000e+000
source         0.000e+000 -9.542e-012 -9.542e-012 -9.542e-012
drain          7.000e-001  9.542e-012  9.542e-012  9.542e-012
Total                                              3.899e-021

Time for bias point:   3.37 sec. 
Total time:            7.04 min. 
  
ATLAS> solve vgate=-0.05

Obtaining static solution:

 V(   gate  ) = -0.05       


proj           psi     n     psi     n  
direct          x      x     rhs    rhs 
   i    j  m  -5.00* -6.00* -26.0* -20.0*
-----------------------------------------
   1       N  -0.636 -0.633 -19.95 -8.115
   2       N  -2.271 -1.566 -22.07 -10.75
   3       N  -4.428 -4.540 -28.1* -15.84

Electrode       Va(V)        In(A)       Ic(A)       It(A)
=============================================================
gate          -5.000e-002  0.000e+000  0.000e+000  0.000e+000
source         0.000e+000 -5.335e-011 -5.335e-011 -5.335e-011
drain          7.000e-001  5.335e-011  5.335e-011  5.335e-011
Total                                             -6.251e-021

Time for bias point:   3.24 sec. 
Total time:            7.15 min. 
  
ATLAS> solve vgate=0

Obtaining static solution:

 V(   gate  ) = 0           


proj           psi     n     psi     n  
direct          x      x     rhs    rhs 
   i    j  m  -5.00* -6.00* -26.0* -20.0*
-----------------------------------------
   1       N  -0.439 -0.435 -19.03 -7.120
   2       N  -1.595 -1.175 -20.85 -9.164
   3       N  -3.251 -3.638 -25.96 -13.24

Electrode       Va(V)        In(A)       Ic(A)       It(A)
=============================================================
gate           0.000e+000  0.000e+000  0.000e+000  0.000e+000
source         0.000e+000 -2.267e-010 -2.267e-010 -2.267e-010
drain          7.000e-001  2.267e-010  2.267e-010  2.267e-010
Total                                              4.434e-021

Time for bias point:   2.93 sec. 
Total time:            7.25 min. 
  
ATLAS> solve vgate=0.05

Obtaining static solution:

 V(   gate  ) = 0.05        


proj           psi     n     psi     n  
direct          x      x     rhs    rhs 
   i    j  m  -5.00* -6.00* -26.0* -20.0*
-----------------------------------------
   1       N  -0.464 -0.458 -18.74 -6.841
   2       N  -1.523 -1.305 -20.70 -8.803
   3       N  -3.211 -3.833 -26.1* -13.00

Electrode       Va(V)        In(A)       Ic(A)       It(A)
=============================================================
gate           5.000e-002  0.000e+000  0.000e+000  0.000e+000
source         0.000e+000 -7.043e-010 -7.043e-010 -7.043e-010
drain          7.000e-001  7.043e-010  7.043e-010  7.043e-010
Total                                              5.501e-023

Time for bias point:   3.53 sec. 
Total time:            7.36 min. 
  
ATLAS> solve vgate=0.1

Obtaining static solution:

 V(   gate  ) = 0.1         


proj           psi     n     psi     n  
direct          x      x     rhs    rhs 
   i    j  m  -5.00* -6.00* -26.0* -20.0*
-----------------------------------------
   1       N  -0.614 -0.578 -18.85 -7.018
   2       N  -1.774 -1.672 -21.22 -9.174
   3       N  -3.772 -4.564 -27.3* -14.05

Electrode       Va(V)        In(A)       Ic(A)       It(A)
=============================================================
gate           1.000e-001  0.000e+000  0.000e+000  0.000e+000
source         0.000e+000 -1.695e-009 -1.695e-009 -1.695e-009
drain          7.000e-001  1.695e-009  1.695e-009  1.695e-009
Total                                             -2.034e-021

Time for bias point:   3.26 sec. 
Total time:            7.46 min. 
  
ATLAS> solve vgate=0.15

Obtaining static solution:

 V(   gate  ) = 0.15        


proj           psi     n     psi     n  
direct          x      x     rhs    rhs 
   i    j  m  -5.00* -6.00* -26.0* -20.0*
-----------------------------------------
   1       N  -0.791 -0.731 -19.11 -7.174
   2       N  -2.103 -2.076 -21.94 -9.780
   3       N  -4.451 -5.402 -28.6* -15.35

Electrode       Va(V)        In(A)       Ic(A)       It(A)
=============================================================
gate           1.500e-001  0.000e+000  0.000e+000  0.000e+000
source         0.000e+000 -3.403e-009 -3.403e-009 -3.403e-009
drain          7.000e-001  3.403e-009  3.403e-009  3.403e-009
Total                                             -1.068e-021

Time for bias point:   3.73 sec. 
Total time:            7.57 min. 
  
ATLAS> solve vgate=0.2

Obtaining static solution:

 V(   gate  ) = 0.2         


proj           psi     n     psi     n  
direct          x      x     rhs    rhs 
   i    j  m  -5.00* -6.00* -26.0* -20.0*
-----------------------------------------
   1       N  -0.916 -0.885 -19.37 -7.088
   2       N  -2.408 -2.350 -22.60 -10.26
   3       N  -5.04* -5.887 -28.9* -16.38

Electrode       Va(V)        In(A)       Ic(A)       It(A)
=============================================================
gate           2.000e-001  0.000e+000  0.000e+000  0.000e+000
source         0.000e+000 -6.017e-009 -6.017e-009 -6.017e-009
drain          7.000e-001  6.017e-009  6.017e-009  6.017e-009
Total                                              2.080e-021

Time for bias point:   3.42 sec. 
Total time:            7.68 min. 
  
ATLAS> solve vgate=0.25

Obtaining static solution:

 V(   gate  ) = 0.25        


proj           psi     n     psi     n  
direct          x      x     rhs    rhs 
   i    j  m  -5.00* -6.00* -26.0* -20.0*
-----------------------------------------
   1       N  -0.992 -0.990 -19.62 -7.006
   2       N  -2.640 -2.463 -22.90 -10.37
   3       N  -5.49* -6.14* -28.9* -16.86

Electrode       Va(V)        In(A)       Ic(A)       It(A)
=============================================================
gate           2.500e-001  0.000e+000  0.000e+000  0.000e+000
source         0.000e+000 -9.725e-009 -9.725e-009 -9.725e-009
drain          7.000e-001  9.725e-009  9.725e-009  9.725e-009
Total                                              3.448e-021

Time for bias point:   2.60 sec. 
Total time:            7.78 min. 
  
ATLAS> solve vgate=0.3

Obtaining static solution:

 V(   gate  ) = 0.3         


proj           psi     n     psi     n  
direct          x      x     rhs    rhs 
   i    j  m  -5.00* -6.00* -26.0* -20.0*
-----------------------------------------
   1       N  -1.040 -1.035 -19.80 -6.840
   2       N  -2.785 -2.537 -22.99 -10.20
   3       N  -5.81* -6.38* -28.9* -16.96

Electrode       Va(V)        In(A)       Ic(A)       It(A)
=============================================================
gate           3.000e-001  0.000e+000  0.000e+000  0.000e+000
source         0.000e+000 -1.472e-008 -1.472e-008 -1.472e-008
drain          7.000e-001  1.472e-008  1.472e-008  1.472e-008
Total                                              2.204e-021

Time for bias point:   3.04 sec. 
Total time:            7.87 min. 
  
ATLAS> solve vgate=0.35

Obtaining static solution:

 V(   gate  ) = 0.35        


proj           psi     n     psi     n  
direct          x      x     rhs    rhs 
   i    j  m  -5.00* -6.00* -26.0* -20.0*
-----------------------------------------
   1       N  -1.077 -1.068 -19.69 -6.399
   2       N  -2.853 -2.587 -22.83 -9.911
   3       N  -6.08* -6.50* -29.0* -16.82

Electrode       Va(V)        In(A)       Ic(A)       It(A)
=============================================================
gate           3.500e-001  0.000e+000  0.000e+000  0.000e+000
source         0.000e+000 -2.123e-008 -2.123e-008 -2.123e-008
drain          7.000e-001  2.123e-008  2.123e-008  2.123e-008
Total                                              5.545e-021

Time for bias point:   3.65 sec. 
Total time:            7.98 min. 
  
ATLAS> solve vgate=0.4

Obtaining static solution:

 V(   gate  ) = 0.4         


proj           psi     n     psi     n  
direct          x      x     rhs    rhs 
   i    j  m  -5.00* -6.00* -26.0* -20.0*
-----------------------------------------
   1       N  -1.087 -1.074 -19.59 -6.066
   2       N  -2.894 -2.609 -22.80 -9.545
   3       N  -6.31* -6.56* -28.8* -16.78

Electrode       Va(V)        In(A)       Ic(A)       It(A)
=============================================================
gate           4.000e-001  0.000e+000  0.000e+000  0.000e+000
source         0.000e+000 -2.949e-008 -2.949e-008 -2.949e-008
drain          7.000e-001  2.949e-008  2.949e-008  2.949e-008
Total                                             -1.721e-021

Time for bias point:   3.50 sec. 
Total time:            8.09 min. 
  
ATLAS> solve vgate=0.45

Obtaining static solution:

 V(   gate  ) = 0.45        


proj           psi     n     psi     n  
direct          x      x     rhs    rhs 
   i    j  m  -5.00* -6.00* -26.0* -20.0*
-----------------------------------------
   1       N  -1.113 -1.092 -19.58 -5.812
   2       N  -2.938 -2.695 -22.85 -9.373
   3       N  -6.41* -6.66* -28.9* -16.88

Electrode       Va(V)        In(A)       Ic(A)       It(A)
=============================================================
gate           4.500e-001  0.000e+000  0.000e+000  0.000e+000
source         0.000e+000 -3.979e-008 -3.979e-008 -3.979e-008
drain          7.000e-001  3.979e-008  3.979e-008  3.979e-008
Total                                              3.838e-021

Time for bias point:   3.61 sec. 
Total time:            8.20 min. 
  
ATLAS> solve vgate=0.5

Obtaining static solution:

 V(   gate  ) = 0.5         


proj           psi     n     psi     n  
direct          x      x     rhs    rhs 
   i    j  m  -5.00* -6.00* -26.0* -20.0*
-----------------------------------------
   1       N  -1.160 -0.897 -19.61 -5.637
   2       N  -2.985 -2.829 -23.03 -9.408
   3       N  -6.62* -6.83* -29.0* -16.74

Electrode       Va(V)        In(A)       Ic(A)       It(A)
=============================================================
gate           5.000e-001  0.000e+000  0.000e+000  0.000e+000
source         0.000e+000 -5.245e-008 -5.245e-008 -5.245e-008
drain          7.000e-001  5.245e-008  5.245e-008  5.245e-008
Total                                              2.429e-021

Time for bias point:   2.93 sec. 
Total time:            8.30 min. 
  
ATLAS> solve vgate=0.55

Obtaining static solution:

 V(   gate  ) = 0.55        


proj           psi     n     psi     n  
direct          x      x     rhs    rhs 
   i    j  m  -5.00* -6.00* -26.0* -20.0*
-----------------------------------------
   1       N  -1.214 -0.228 -18.95 -4.243
   2       N  -2.508 -2.437 -22.58 -7.916
   3       N  -5.85* -5.364 -28.9* -14.25

Electrode       Va(V)        In(A)       Ic(A)       It(A)
=============================================================
gate           5.500e-001  0.000e+000  0.000e+000  0.000e+000
source         0.000e+000 -6.777e-008 -6.777e-008 -6.777e-008
drain          7.000e-001  6.777e-008  6.777e-008  6.777e-008
Total                                             -5.982e-021

Time for bias point:   3.42 sec. 
Total time:            8.41 min. 
  
ATLAS> solve vgate=0.6

Obtaining static solution:

 V(   gate  ) = 0.6         


proj           psi     n     psi     n  
direct          x      x     rhs    rhs 
   i    j  m  -5.00* -6.00* -26.0* -20.0*
-----------------------------------------
   1       N  -0.988 -0.294 -19.00 -3.803
   2       N  -2.659 -2.218 -22.77 -7.182
   3       N  -6.35* -5.710 -29.0* -14.33

Electrode       Va(V)        In(A)       Ic(A)       It(A)
=============================================================
gate           6.000e-001  0.000e+000  0.000e+000  0.000e+000
source         0.000e+000 -8.607e-008 -8.607e-008 -8.607e-008
drain          7.000e-001  8.607e-008  8.607e-008  8.607e-008
Total                                              1.110e-020

Time for bias point:   3.47 sec. 
Total time:            8.52 min. 
  
ATLAS> solve vgate=0.65

Obtaining static solution:

 V(   gate  ) = 0.65        


proj           psi     n     psi     n  
direct          x      x     rhs    rhs 
   i    j  m  -5.00* -6.00* -26.0* -20.0*
-----------------------------------------
   1       N  -0.738 -0.363 -19.04 -3.479
   2       N  -2.695 -2.127 -22.56 -6.701
   3       N  -5.81* -5.344 -28.9* -13.25

Electrode       Va(V)        In(A)       Ic(A)       It(A)
=============================================================
gate           6.500e-001  0.000e+000  0.000e+000  0.000e+000
source         0.000e+000 -1.076e-007 -1.076e-007 -1.076e-007
drain          7.000e-001  1.076e-007  1.076e-007  1.076e-007
Total                                             -2.541e-021

Time for bias point:   3.58 sec. 
Total time:            8.63 min. 
  
ATLAS> solve vgate=0.7

Obtaining static solution:

 V(   gate  ) = 0.7         


proj           psi     n     psi     n  
direct          x      x     rhs    rhs 
   i    j  m  -5.00* -6.00* -26.0* -20.0*
-----------------------------------------
   1       N  -0.606 -0.432 -19.11 -3.239
   2       N  -2.770 -2.049 -22.51 -6.401
   3       N  -6.03* -5.152 -28.7* -12.59

Electrode       Va(V)        In(A)       Ic(A)       It(A)
=============================================================
gate           7.000e-001  0.000e+000  0.000e+000  0.000e+000
source         0.000e+000 -1.326e-007 -1.326e-007 -1.326e-007
drain          7.000e-001  1.326e-007  1.326e-007  1.326e-007
Total                                              8.073e-021

Time for bias point:   3.46 sec. 
Total time:            8.74 min. 
  
ATLAS> solve vgate=0.75

Obtaining static solution:

 V(   gate  ) = 0.75        


proj           psi     n     psi     n  
direct          x      x     rhs    rhs 
   i    j  m  -5.00* -6.00* -26.0* -20.0*
-----------------------------------------
   1       N  -0.574 -0.499 -19.20 -3.063
   2       N  -2.190 -2.000 -22.55 -6.215
   3       N  -4.772 -5.087 -28.6* -12.24

Electrode       Va(V)        In(A)       Ic(A)       It(A)
=============================================================
gate           7.500e-001  0.000e+000  0.000e+000  0.000e+000
source         0.000e+000 -1.611e-007 -1.611e-007 -1.611e-007
drain          7.000e-001  1.611e-007  1.611e-007  1.611e-007
Total                                             -6.379e-021

Time for bias point:   2.89 sec. 
Total time:            8.84 min. 
  
ATLAS> solve vgate=0.8

Obtaining static solution:

 V(   gate  ) = 0.8         


proj           psi     n     psi     n  
direct          x      x     rhs    rhs 
   i    j  m  -5.00* -6.00* -26.0* -20.0*
-----------------------------------------
   1       N  -0.646 -0.564 -19.31 -2.958
   2       N  -2.059 -2.150 -22.64 -6.109
   3       N  -4.636 -5.095 -28.5* -12.06

Electrode       Va(V)        In(A)       Ic(A)       It(A)
=============================================================
gate           8.000e-001  0.000e+000  0.000e+000  0.000e+000
source         0.000e+000 -1.931e-007 -1.931e-007 -1.931e-007
drain          7.000e-001  1.931e-007  1.931e-007  1.931e-007
Total                                             -1.154e-020

Time for bias point:   2.76 sec. 
Total time:            8.94 min. 
  
ATLAS> solve vgate=0.85

Obtaining static solution:

 V(   gate  ) = 0.85        


proj           psi     n     psi     n  
direct          x      x     rhs    rhs 
   i    j  m  -5.00* -6.00* -26.0* -20.0*
-----------------------------------------
   1       N  -0.754 -0.626 -19.43 -2.887
   2       N  -2.188 -2.208 -22.73 -6.036
   3       N  -4.900 -5.157 -28.7* -12.02

Electrode       Va(V)        In(A)       Ic(A)       It(A)
=============================================================
gate           8.500e-001  0.000e+000  0.000e+000  0.000e+000
source         0.000e+000 -2.287e-007 -2.287e-007 -2.287e-007
drain          7.000e-001  2.287e-007  2.287e-007  2.287e-007
Total                                             -5.400e-021

Time for bias point:   4.03 sec. 
Total time:            9.10 min. 
  
ATLAS> solve vgate=0.9

Obtaining static solution:

 V(   gate  ) = 0.9         


proj           psi     n     psi     n  
direct          x      x     rhs    rhs 
   i    j  m  -5.00* -6.00* -26.0* -20.0*
-----------------------------------------
   1       N  -0.860 -0.685 -19.54 -2.809
   2       N  -2.378 -2.272 -22.83 -5.946
   3       N  -5.28* -5.241 -28.8* -12.04

Electrode       Va(V)        In(A)       Ic(A)       It(A)
=============================================================
gate           9.000e-001  0.000e+000  0.000e+000  0.000e+000
source         0.000e+000 -2.679e-007 -2.679e-007 -2.679e-007
drain          7.000e-001  2.679e-007  2.679e-007  2.679e-007
Total                                              2.065e-021

Time for bias point:   3.55 sec. 
Total time:            9.21 min. 
  
ATLAS> solve vgate=0.95

Obtaining static solution:

 V(   gate  ) = 0.95        


proj           psi     n     psi     n  
direct          x      x     rhs    rhs 
   i    j  m  -5.00* -6.00* -26.0* -20.0*
-----------------------------------------
   1       N  -0.941 -0.739 -19.66 -2.747
   2       N  -2.577 -2.326 -22.94 -5.887
   3       N  -5.63* -5.315 -28.8* -12.06

Electrode       Va(V)        In(A)       Ic(A)       It(A)
=============================================================
gate           9.500e-001  0.000e+000  0.000e+000  0.000e+000
source         0.000e+000 -3.104e-007 -3.104e-007 -3.104e-007
drain          7.000e-001  3.104e-007  3.104e-007  3.104e-007
Total                                             -1.218e-021

Time for bias point:   3.70 sec. 
Total time:            9.33 min. 
  
ATLAS> solve vgate=1

Obtaining static solution:

 V(   gate  ) = 1           


proj           psi     n     psi     n  
direct          x      x     rhs    rhs 
   i    j  m  -5.00* -6.00* -26.0* -20.0*
-----------------------------------------
   1       N  -1.007 -0.789 -19.77 -2.696
   2       N  -2.757 -2.382 -23.02 -5.850
   3       N  -5.91* -5.399 -28.8* -12.11

Electrode       Va(V)        In(A)       Ic(A)       It(A)
=============================================================
gate           1.000e+000  0.000e+000  0.000e+000  0.000e+000
source         0.000e+000 -3.564e-007 -3.564e-007 -3.564e-007
drain          7.000e-001  3.564e-007  3.564e-007  3.564e-007
Total                                             -1.572e-020

Time for bias point:   3.23 sec. 
Total time:            9.43 min. 
  
ATLAS> solve vgate=1.05

Obtaining static solution:

 V(   gate  ) = 1.05        


proj           psi     n     psi     n  
direct          x      x     rhs    rhs 
   i    j  m  -5.00* -6.00* -26.0* -20.0*
-----------------------------------------
   1       N  -1.058 -0.836 -19.69 -2.654
   2       N  -2.886 -2.439 -22.83 -5.828
   3       N  -6.12* -5.487 -28.8* -12.18

Electrode       Va(V)        In(A)       Ic(A)       It(A)
=============================================================
gate           1.050e+000  0.000e+000  0.000e+000  0.000e+000
source         0.000e+000 -4.056e-007 -4.056e-007 -4.056e-007
drain          7.000e-001  4.056e-007  4.056e-007  4.056e-007
Total                                             -4.606e-021

Time for bias point:   3.37 sec. 
Total time:            9.53 min. 
  
ATLAS> solve vgate=1.1

Obtaining static solution:

 V(   gate  ) = 1.1         


proj           psi     n     psi     n  
direct          x      x     rhs    rhs 
   i    j  m  -5.00* -6.00* -26.0* -20.0*
-----------------------------------------
   1       N  -1.082 -0.880 -19.59 -2.618
   2       N  -2.980 -2.494 -22.80 -5.816
   3       N  -6.18* -5.577 -28.8* -12.23

Electrode       Va(V)        In(A)       Ic(A)       It(A)
=============================================================
gate           1.100e+000  0.000e+000  0.000e+000  0.000e+000
source         0.000e+000 -4.579e-007 -4.579e-007 -4.579e-007
drain          7.000e-001  4.579e-007  4.579e-007  4.579e-007
Total                                             -1.795e-020

Time for bias point:   3.53 sec. 
Total time:            9.65 min. 
  
ATLAS> solve vgate=1.15

Obtaining static solution:

 V(   gate  ) = 1.15        


proj           psi     n     psi     n  
direct          x      x     rhs    rhs 
   i    j  m  -5.00* -6.00* -26.0* -20.0*
-----------------------------------------
   1       N  -1.109 -0.920 -19.58 -2.588
   2       N  -3.008 -2.548 -22.85 -5.813
   3       N  -6.24* -5.667 -28.7* -12.28

Electrode       Va(V)        In(A)       Ic(A)       It(A)
=============================================================
gate           1.150e+000  0.000e+000  0.000e+000  0.000e+000
source         0.000e+000 -5.129e-007 -5.129e-007 -5.129e-007
drain          7.000e-001  5.129e-007  5.129e-007  5.129e-007
Total                                              5.929e-021

Time for bias point:   3.54 sec. 
Total time:            9.76 min. 
  
ATLAS> solve vgate=1.2

Obtaining static solution:

 V(   gate  ) = 1.2         


proj           psi     n     psi     n  
direct          x      x     rhs    rhs 
   i    j  m  -5.00* -6.00* -26.0* -20.0*
-----------------------------------------
   1       N  -1.157 -0.958 -19.61 -2.562
   2       N  -3.090 -2.600 -23.03 -5.815
   3       N  -6.30* -5.756 -28.7* -12.33

Electrode       Va(V)        In(A)       Ic(A)       It(A)
=============================================================
gate           1.200e+000  0.000e+000  0.000e+000  0.000e+000
source         0.000e+000 -5.706e-007 -5.706e-007 -5.706e-007
drain          7.000e-001  5.706e-007  5.706e-007  5.706e-007
Total                                              8.259e-021

Time for bias point:   3.30 sec. 
Total time:            9.87 min. 
  
ATLAS> solve vgate=1.25

Obtaining static solution:

 V(   gate  ) = 1.25        


proj           psi     n     psi     n  
direct          x      x     rhs    rhs 
   i    j  m  -5.00* -6.00* -26.0* -20.0*
-----------------------------------------
   1       N  -1.217 -0.993 -19.66 -2.540
   2       N  -3.141 -2.650 -23.29 -5.821
   3       N  -6.36* -5.843 -28.8* -12.39

Electrode       Va(V)        In(A)       Ic(A)       It(A)
=============================================================
gate           1.250e+000  0.000e+000  0.000e+000  0.000e+000
source         0.000e+000 -6.305e-007 -6.305e-007 -6.305e-007
drain          7.000e-001  6.305e-007  6.305e-007  6.305e-007
Total                                              3.388e-021

Time for bias point:   3.16 sec. 
Total time:            9.97 min. 
  
ATLAS> solve vgate=1.3

Obtaining static solution:

 V(   gate  ) = 1.3         


proj           psi     n     psi     n  
direct          x      x     rhs    rhs 
   i    j  m  -5.00* -6.00* -26.0* -20.0*
-----------------------------------------
   1       N  -1.285 -1.026 -19.75 -2.520
   2       N  -3.162 -2.698 -23.60 -5.829
   3       N  -6.41* -5.927 -28.7* -12.46

Electrode       Va(V)        In(A)       Ic(A)       It(A)
=============================================================
gate           1.300e+000  0.000e+000  0.000e+000  0.000e+000
source         0.000e+000 -6.924e-007 -6.924e-007 -6.924e-007
drain          7.000e-001  6.924e-007  6.924e-007  6.924e-007
Total                                              6.035e-021

Time for bias point:   2.77 sec. 
Total time:           10.06 min. 
  
ATLAS> solve vgate=1.35

Obtaining static solution:

 V(   gate  ) = 1.35        


proj           psi     n     psi     n  
direct          x      x     rhs    rhs 
   i    j  m  -5.00* -6.00* -26.0* -20.0*
-----------------------------------------
   1       N  -1.358 -1.057 -19.87 -2.502
   2       N  -3.183 -2.745 -23.86 -5.840
   3       N  -6.47* -6.01* -28.7* -12.52

Electrode       Va(V)        In(A)       Ic(A)       It(A)
=============================================================
gate           1.350e+000  0.000e+000  0.000e+000  0.000e+000
source         0.000e+000 -7.560e-007 -7.560e-007 -7.560e-007
drain          7.000e-001  7.560e-007  7.560e-007  7.560e-007
Total                                              1.038e-020

Time for bias point:   3.45 sec. 
Total time:           10.16 min. 
  
ATLAS> solve vgate=1.4

Obtaining static solution:

 V(   gate  ) = 1.4         


proj           psi     n     psi     n  
direct          x      x     rhs    rhs 
   i    j  m  -5.00* -6.00* -26.0* -20.0*
-----------------------------------------
   1       N  -1.400 -1.087 -20.01 -2.486
   2       N  -3.203 -2.789 -23.96 -5.852
   3       N  -6.52* -6.09* -28.7* -12.59

Electrode       Va(V)        In(A)       Ic(A)       It(A)
=============================================================
gate           1.400e+000  0.000e+000  0.000e+000  0.000e+000
source         0.000e+000 -8.211e-007 -8.211e-007 -8.211e-007
drain          7.000e-001  8.211e-007  8.211e-007  8.211e-007
Total                                             -1.694e-021

Time for bias point:   3.47 sec. 
Total time:           10.27 min. 
  
ATLAS> solve vgate=1.45

Obtaining static solution:

 V(   gate  ) = 1.45        


proj           psi     n     psi     n  
direct          x      x     rhs    rhs 
   i    j  m  -5.00* -6.00* -26.0* -20.0*
-----------------------------------------
   1       N  -1.444 -1.114 -20.17 -2.471
   2       N  -3.222 -2.831 -24.05 -5.864
   3       N  -6.57* -6.16* -28.7* -12.65

Electrode       Va(V)        In(A)       Ic(A)       It(A)
=============================================================
gate           1.450e+000  0.000e+000  0.000e+000  0.000e+000
source         0.000e+000 -8.874e-007 -8.874e-007 -8.874e-007
drain          7.000e-001  8.874e-007  8.874e-007  8.874e-007
Total                                             -3.229e-020

Time for bias point:   3.28 sec. 
Total time:           10.38 min. 
  
ATLAS> solve vgate=1.5

Obtaining static solution:

 V(   gate  ) = 1.5         


proj           psi     n     psi     n  
direct          x      x     rhs    rhs 
   i    j  m  -5.00* -6.00* -26.0* -20.0*
-----------------------------------------
   1       N  -1.492 -1.140 -20.33 -2.458
   2       N  -3.240 -2.872 -24.15 -5.877
   3       N  -6.62* -6.23* -28.6* -12.72

Electrode       Va(V)        In(A)       Ic(A)       It(A)
=============================================================
gate           1.500e+000  0.000e+000  0.000e+000  0.000e+000
source         0.000e+000 -9.547e-007 -9.547e-007 -9.547e-007
drain          7.000e-001  9.547e-007  9.547e-007  9.547e-007
Total                                             -2.965e-021

Time for bias point:   3.18 sec. 
Total time:           10.48 min. 
  
ATLAS> solve vgate=1.55

Obtaining static solution:

 V(   gate  ) = 1.55        


proj           psi     n     psi     n  
direct          x      x     rhs    rhs 
   i    j  m  -5.00* -6.00* -26.0* -20.0*
-----------------------------------------
   1       N  -1.543 -1.165 -20.49 -2.445
   2       N  -3.258 -2.910 -24.24 -5.890
   3       N  -6.67* -6.30* -28.7* -12.79

Electrode       Va(V)        In(A)       Ic(A)       It(A)
=============================================================
gate           1.550e+000  0.000e+000  0.000e+000  0.000e+000
source         0.000e+000 -1.023e-006 -1.023e-006 -1.023e-006
drain          7.000e-001  1.023e-006  1.023e-006  1.023e-006
Total                                             -1.334e-020

Time for bias point:   3.51 sec. 
Total time:           10.59 min. 
  
ATLAS> solve vgate=1.6

Obtaining static solution:

 V(   gate  ) = 1.6         


proj           psi     n     psi     n  
direct          x      x     rhs    rhs 
   i    j  m  -5.00* -6.00* -26.0* -20.0*
-----------------------------------------
   1       N  -1.596 -1.188 -20.65 -2.434
   2       N  -3.274 -2.947 -24.32 -5.904
   3       N  -6.72* -6.37* -28.7* -12.85

Electrode       Va(V)        In(A)       Ic(A)       It(A)
=============================================================
gate           1.600e+000  0.000e+000  0.000e+000  0.000e+000
source         0.000e+000 -1.092e-006 -1.092e-006 -1.092e-006
drain          7.000e-001  1.092e-006  1.092e-006  1.092e-006
Total                                             -1.165e-020

Time for bias point:   3.37 sec. 
Total time:           10.69 min. 
  
ATLAS> solve vgate=1.65

Obtaining static solution:

 V(   gate  ) = 1.65        


proj           psi     n     psi     n  
direct          x      x     rhs    rhs 
   i    j  m  -5.00* -6.00* -26.0* -20.0*
-----------------------------------------
   1       N  -1.650 -1.211 -20.80 -2.423
   2       N  -3.290 -2.983 -24.40 -5.917
   3       N  -6.76* -6.43* -28.7* -12.91

Electrode       Va(V)        In(A)       Ic(A)       It(A)
=============================================================
gate           1.650e+000  0.000e+000  0.000e+000  0.000e+000
source         0.000e+000 -1.162e-006 -1.162e-006 -1.162e-006
drain          7.000e-001  1.162e-006  1.162e-006  1.162e-006
Total                                              1.482e-020

Time for bias point:   3.48 sec. 
Total time:           10.80 min. 
  
ATLAS> solve vgate=1.7

Obtaining static solution:

 V(   gate  ) = 1.7         


proj           psi     n     psi     n  
direct          x      x     rhs    rhs 
   i    j  m  -5.00* -6.00* -26.0* -20.0*
-----------------------------------------
   1       N  -1.703 -1.232 -20.88 -2.413
   2       N  -3.305 -3.017 -24.48 -5.930
   3       N  -6.80* -6.50* -28.8* -12.97

Electrode       Va(V)        In(A)       Ic(A)       It(A)
=============================================================
gate           1.700e+000  0.000e+000  0.000e+000  0.000e+000
source         0.000e+000 -1.232e-006 -1.232e-006 -1.232e-006
drain          7.000e-001  1.232e-006  1.232e-006  1.232e-006
Total                                             -3.388e-021

Time for bias point:   3.36 sec. 
Total time:           10.91 min. 
  
ATLAS> solve vgate=1.75

Obtaining static solution:

 V(   gate  ) = 1.75        


proj           psi     n     psi     n  
direct          x      x     rhs    rhs 
   i    j  m  -5.00* -6.00* -26.0* -20.0*
-----------------------------------------
   1       N  -1.756 -1.252 -20.94 -2.404
   2       N  -3.320 -3.050 -24.56 -5.942
   3       N  -6.85* -6.56* -28.6* -13.03

Electrode       Va(V)        In(A)       Ic(A)       It(A)
=============================================================
gate           1.750e+000  0.000e+000  0.000e+000  0.000e+000
source         0.000e+000 -1.303e-006 -1.303e-006 -1.303e-006
drain          7.000e-001  1.303e-006  1.303e-006  1.303e-006
Total                                              7.835e-021

Time for bias point:   3.10 sec. 
Total time:           11.01 min. 
  
ATLAS> solve vgate=1.8

Obtaining static solution:

 V(   gate  ) = 1.8         


proj           psi     n     psi     n  
direct          x      x     rhs    rhs 
   i    j  m  -5.00* -6.00* -26.0* -20.0*
-----------------------------------------
   1       N  -1.808 -1.272 -20.99 -2.394
   2       N  -3.334 -3.081 -24.63 -5.955
   3       N  -6.88* -6.61* -28.6* -13.08

Electrode       Va(V)        In(A)       Ic(A)       It(A)
=============================================================
gate           1.800e+000  0.000e+000  0.000e+000  0.000e+000
source         0.000e+000 -1.374e-006 -1.374e-006 -1.374e-006
drain          7.000e-001  1.374e-006  1.374e-006  1.374e-006
Total                                              0.000e+000

Time for bias point:   2.55 sec. 
Total time:           11.10 min. 
  
ATLAS> solve vgate=1.85

Obtaining static solution:

 V(   gate  ) = 1.85        


proj           psi     n     psi     n  
direct          x      x     rhs    rhs 
   i    j  m  -5.00* -6.00* -26.0* -20.0*
-----------------------------------------
   1       N  -1.859 -1.291 -21.04 -2.386
   2       N  -3.347 -3.112 -24.70 -5.967
   3       N  -6.92* -6.67* -28.7* -13.13

Electrode       Va(V)        In(A)       Ic(A)       It(A)
=============================================================
gate           1.850e+000  0.000e+000  0.000e+000  0.000e+000
source         0.000e+000 -1.445e-006 -1.445e-006 -1.445e-006
drain          7.000e-001  1.445e-006  1.445e-006  1.445e-006
Total                                             -1.101e-020

Time for bias point:   3.46 sec. 
Total time:           11.20 min. 
  
ATLAS> solve vgate=1.9

Obtaining static solution:

 V(   gate  ) = 1.9         


proj           psi     n     psi     n  
direct          x      x     rhs    rhs 
   i    j  m  -5.00* -6.00* -26.0* -20.0*
-----------------------------------------
   1       N  -1.909 -1.308 -21.09 -2.378
   2       N  -3.360 -3.141 -24.77 -5.978
   3       N  -6.96* -6.72* -28.7* -13.17

Electrode       Va(V)        In(A)       Ic(A)       It(A)
=============================================================
gate           1.900e+000  0.000e+000  0.000e+000  0.000e+000
source         0.000e+000 -1.517e-006 -1.517e-006 -1.517e-006
drain          7.000e-001  1.517e-006  1.517e-006  1.517e-006
Total                                              6.353e-022

Time for bias point:   3.36 sec. 
Total time:           11.31 min. 
  
ATLAS> solve vgate=1.95

Obtaining static solution:

 V(   gate  ) = 1.95        


proj           psi     n     psi     n  
direct          x      x     rhs    rhs 
   i    j  m  -5.00* -6.00* -26.0* -20.0*
-----------------------------------------
   1       N  -1.956 -1.326 -21.14 -2.370
   2       N  -3.372 -3.169 -24.84 -5.989
   3       N  -6.99* -6.77* -28.7* -13.22

Electrode       Va(V)        In(A)       Ic(A)       It(A)
=============================================================
gate           1.950e+000  0.000e+000  0.000e+000  0.000e+000
source         0.000e+000 -1.589e-006 -1.589e-006 -1.589e-006
drain          7.000e-001  1.589e-006  1.589e-006  1.589e-006
Total                                             -8.682e-021

Time for bias point:   3.32 sec. 
Total time:           11.42 min. 
  
ATLAS> solve vgate=2

Obtaining static solution:

 V(   gate  ) = 2           


proj           psi     n     psi     n  
direct          x      x     rhs    rhs 
   i    j  m  -5.00* -6.00* -26.0* -20.0*
-----------------------------------------
   1       N  -2.002 -1.342 -21.18 -2.362
   2       N  -3.384 -3.196 -24.90 -6.000
   3       N  -7.03* -6.82* -28.7* -13.27

Electrode       Va(V)        In(A)       Ic(A)       It(A)
=============================================================
gate           2.000e+000  0.000e+000  0.000e+000  0.000e+000
source         0.000e+000 -1.662e-006 -1.662e-006 -1.662e-006
drain          7.000e-001  1.662e-006  1.662e-006  1.662e-006
Total                                             -5.717e-021

Time for bias point:   2.88 sec. 
Total time:           11.52 min. 
  
ATLAS> solve vgate=2.05

Obtaining static solution:

 V(   gate  ) = 2.05        


proj           psi     n     psi     n  
direct          x      x     rhs    rhs 
   i    j  m  -5.00* -6.00* -26.0* -20.0*
-----------------------------------------
   1       N  -2.047 -1.358 -21.23 -2.355
   2       N  -3.395 -3.222 -24.96 -6.011
   3       N  -7.06* -6.87* -28.6* -13.32

Electrode       Va(V)        In(A)       Ic(A)       It(A)
=============================================================
gate           2.050e+000  0.000e+000  0.000e+000  0.000e+000
source         0.000e+000 -1.735e-006 -1.735e-006 -1.735e-006
drain          7.000e-001  1.735e-006  1.735e-006  1.735e-006
Total                                              3.176e-021

Time for bias point:   3.49 sec. 
Total time:           11.63 min. 
  
ATLAS> solve vgate=2.1

Obtaining static solution:

 V(   gate  ) = 2.1         


proj           psi     n     psi     n  
direct          x      x     rhs    rhs 
   i    j  m  -5.00* -6.00* -26.0* -20.0*
-----------------------------------------
   1       N  -2.090 -1.374 -21.27 -2.347
   2       N  -3.406 -3.248 -25.02 -6.021
   3       N  -7.09* -6.91* -28.6* -13.38

Electrode       Va(V)        In(A)       Ic(A)       It(A)
=============================================================
gate           2.100e+000  0.000e+000  0.000e+000  0.000e+000
source         0.000e+000 -1.808e-006 -1.808e-006 -1.808e-006
drain          7.000e-001  1.808e-006  1.808e-006  1.808e-006
Total                                              1.376e-020

Time for bias point:   3.33 sec. 
Total time:           11.74 min. 
  
ATLAS> solve vgate=2.15

Obtaining static solution:

 V(   gate  ) = 2.15        


proj           psi     n     psi     n  
direct          x      x     rhs    rhs 
   i    j  m  -5.00* -6.00* -26.0* -20.0*
-----------------------------------------
   1       N  -2.132 -1.389 -21.31 -2.340
   2       N  -3.417 -3.272 -25.08 -6.030
   3       N  -7.12* -6.96* -28.6* -13.41

Electrode       Va(V)        In(A)       Ic(A)       It(A)
=============================================================
gate           2.150e+000  0.000e+000  0.000e+000  0.000e+000
source         0.000e+000 -1.881e-006 -1.881e-006 -1.881e-006
drain          7.000e-001  1.881e-006  1.881e-006  1.881e-006
Total                                              1.355e-020

Time for bias point:   3.37 sec. 
Total time:           11.85 min. 
  
ATLAS> solve vgate=2.2

Obtaining static solution:

 V(   gate  ) = 2.2         


proj           psi     n     psi     n  
direct          x      x     rhs    rhs 
   i    j  m  -5.00* -6.00* -26.0* -20.0*
-----------------------------------------
   1       N  -2.172 -1.403 -21.35 -2.334
   2       N  -3.426 -3.296 -25.14 -6.039
   3       N  -7.15* -7.00* -28.5* -13.42

Electrode       Va(V)        In(A)       Ic(A)       It(A)
=============================================================
gate           2.200e+000  0.000e+000  0.000e+000  0.000e+000
source         0.000e+000 -1.954e-006 -1.954e-006 -1.954e-006
drain          7.000e-001  1.954e-006  1.954e-006  1.954e-006
Total                                             -1.143e-020

Time for bias point:   3.45 sec. 
Total time:           11.95 min. 
  
ATLAS> solve vgate=2.25

Obtaining static solution:

 V(   gate  ) = 2.25        


proj           psi     n     psi     n  
direct          x      x     rhs    rhs 
   i    j  m  -5.00* -6.00* -26.0* -20.0*
-----------------------------------------
   1       N  -2.210 -1.417 -21.39 -2.327
   2       N  -3.433 -3.318 -25.19 -6.048
   3       N  -7.17* -7.04* -28.6* -13.47

Electrode       Va(V)        In(A)       Ic(A)       It(A)
=============================================================
gate           2.250e+000  0.000e+000  0.000e+000  0.000e+000
source         0.000e+000 -2.028e-006 -2.028e-006 -2.028e-006
drain          7.000e-001  2.028e-006  2.028e-006  2.028e-006
Total                                             -1.398e-020

Time for bias point:   3.11 sec. 
Total time:           12.06 min. 
  
ATLAS> solve vgate=2.3

Obtaining static solution:

 V(   gate  ) = 2.3         


proj           psi     n     psi     n  
direct          x      x     rhs    rhs 
   i    j  m  -5.00* -6.00* -26.0* -20.0*
-----------------------------------------
   1       N  -2.248 -1.430 -21.43 -2.321
   2       N  -3.439 -3.339 -25.24 -6.057
   3       N  -7.19* -7.08* -28.4* -13.54

Electrode       Va(V)        In(A)       Ic(A)       It(A)
=============================================================
gate           2.300e+000  0.000e+000  0.000e+000  0.000e+000
source         0.000e+000 -2.101e-006 -2.101e-006 -2.101e-006
drain          7.000e-001  2.101e-006  2.101e-006  2.101e-006
Total                                              1.525e-020

Time for bias point:   3.15 sec. 
Total time:           12.16 min. 
  
ATLAS> solve vgate=2.35

Obtaining static solution:

 V(   gate  ) = 2.35        


proj           psi     n     psi     n  
direct          x      x     rhs    rhs 
   i    j  m  -5.00* -6.00* -26.0* -20.0*
-----------------------------------------
   1       N  -2.284 -1.442 -21.46 -2.315
   2       N  -3.446 -3.359 -25.30 -6.066
   3       N  -7.21* -7.11* -28.6* -13.55

Electrode       Va(V)        In(A)       Ic(A)       It(A)
=============================================================
gate           2.350e+000  0.000e+000  0.000e+000  0.000e+000
source         0.000e+000 -2.175e-006 -2.175e-006 -2.175e-006
drain          7.000e-001  2.175e-006  2.175e-006  2.175e-006
Total                                              1.609e-020

Time for bias point:   3.17 sec. 
Total time:           12.26 min. 
  
ATLAS> solve vgate=2.4

Obtaining static solution:

 V(   gate  ) = 2.4         


proj           psi     n     psi     n  
direct          x      x     rhs    rhs 
   i    j  m  -5.00* -6.00* -26.0* -20.0*
-----------------------------------------
   1       N  -2.319 -1.455 -21.50 -2.312
   2       N  -3.455 -3.380 -25.35 -6.079
   3       N  -7.24* -7.15* -28.6* -13.62

Electrode       Va(V)        In(A)       Ic(A)       It(A)
=============================================================
gate           2.400e+000  0.000e+000  0.000e+000  0.000e+000
source         0.000e+000 -2.249e-006 -2.249e-006 -2.249e-006
drain          7.000e-001  2.249e-006  2.249e-006  2.249e-006
Total                                             -1.228e-020

Time for bias point:   3.43 sec. 
Total time:           12.37 min. 
  
ATLAS> solve vgate=2.45

Obtaining static solution:

 V(   gate  ) = 2.45        


proj           psi     n     psi     n  
direct          x      x     rhs    rhs 
   i    j  m  -5.00* -6.00* -26.0* -20.0*
-----------------------------------------
   1       N  -2.352 -1.468 -21.54 -2.308
   2       N  -3.463 -3.401 -25.41 -6.092
   3       N  -7.26* -7.19* -28.5* -13.63

Electrode       Va(V)        In(A)       Ic(A)       It(A)
=============================================================
gate           2.450e+000  0.000e+000  0.000e+000  0.000e+000
source         0.000e+000 -2.323e-006 -2.323e-006 -2.323e-006
drain          7.000e-001  2.323e-006  2.323e-006  2.323e-006
Total                                              1.228e-020

Time for bias point:   3.48 sec. 
Total time:           12.48 min. 
  
ATLAS> solve vgate=2.5

Obtaining static solution:

 V(   gate  ) = 2.5         


proj           psi     n     psi     n  
direct          x      x     rhs    rhs 
   i    j  m  -5.00* -6.00* -26.0* -20.0*
-----------------------------------------
   1       N  -2.384 -1.480 -21.58 -2.305
   2       N  -3.472 -3.420 -25.46 -6.104
   3       N  -7.29* -7.22* -28.4* -13.67

Electrode       Va(V)        In(A)       Ic(A)       It(A)
=============================================================
gate           2.500e+000  0.000e+000  0.000e+000  0.000e+000
source         0.000e+000 -2.398e-006 -2.398e-006 -2.398e-006
drain          7.000e-001  2.398e-006  2.398e-006  2.398e-006
Total                                              8.047e-021

Time for bias point:   2.87 sec. 
Total time:           12.58 min. 
  
ATLAS> solve vgate=2.55

Obtaining static solution:

 V(   gate  ) = 2.55        


proj           psi     n     psi     n  
direct          x      x     rhs    rhs 
   i    j  m  -5.00* -6.00* -26.0* -20.0*
-----------------------------------------
   1       N  -2.415 -1.491 -21.61 -2.302
   2       N  -3.479 -3.439 -25.51 -6.115
   3       N  -7.31* -7.25* -28.6* -13.82

Electrode       Va(V)        In(A)       Ic(A)       It(A)
=============================================================
gate           2.550e+000  0.000e+000  0.000e+000  0.000e+000
source         0.000e+000 -2.472e-006 -2.472e-006 -2.472e-006
drain          7.000e-001  2.472e-006  2.472e-006  2.472e-006
Total                                             -1.694e-021

Time for bias point:   3.30 sec. 
Total time:           12.69 min. 
  
ATLAS> solve vgate=2.6

Obtaining static solution:

 V(   gate  ) = 2.6         


proj           psi     n     psi     n  
direct          x      x     rhs    rhs 
   i    j  m  -5.00* -6.00* -26.0* -20.0*
-----------------------------------------
   1       N  -2.445 -1.503 -21.65 -2.298
   2       N  -3.487 -3.458 -25.56 -6.127
   3       N  -7.33* -7.29* -28.5* -13.81

Electrode       Va(V)        In(A)       Ic(A)       It(A)
=============================================================
gate           2.600e+000  0.000e+000  0.000e+000  0.000e+000
source         0.000e+000 -2.546e-006 -2.546e-006 -2.546e-006
drain          7.000e-001  2.546e-006  2.546e-006  2.546e-006
Total                                             -1.016e-020

Time for bias point:   3.39 sec. 
Total time:           12.80 min. 
  
ATLAS> solve vgate=2.65

Obtaining static solution:

 V(   gate  ) = 2.65        


proj           psi     n     psi     n  
direct          x      x     rhs    rhs 
   i    j  m  -5.00* -6.00* -26.0* -20.0*
-----------------------------------------
   1       N  -2.474 -1.514 -21.68 -2.295
   2       N  -3.494 -3.476 -25.61 -6.137
   3       N  -7.35* -7.32* -28.5* -13.80

Electrode       Va(V)        In(A)       Ic(A)       It(A)
=============================================================
gate           2.650e+000  0.000e+000  0.000e+000  0.000e+000
source         0.000e+000 -2.621e-006 -2.621e-006 -2.621e-006
drain          7.000e-001  2.621e-006  2.621e-006  2.621e-006
Total                                              1.271e-021

Time for bias point:   3.22 sec. 
Total time:           12.90 min. 
  
ATLAS> solve vgate=2.7

Obtaining static solution:

 V(   gate  ) = 2.7         


proj           psi     n     psi     n  
direct          x      x     rhs    rhs 
   i    j  m  -5.00* -6.00* -26.0* -20.0*
-----------------------------------------
   1       N  -2.503 -1.525 -21.72 -2.292
   2       N  -3.501 -3.494 -25.65 -6.148
   3       N  -7.37* -7.35* -28.5* -13.75

Electrode       Va(V)        In(A)       Ic(A)       It(A)
=============================================================
gate           2.700e+000  0.000e+000  0.000e+000  0.000e+000
source         0.000e+000 -2.696e-006 -2.696e-006 -2.696e-006
drain          7.000e-001  2.696e-006  2.696e-006  2.696e-006
Total                                              8.470e-022

Time for bias point:   3.48 sec. 
Total time:           13.01 min. 
  
ATLAS> solve vgate=2.75

Obtaining static solution:

 V(   gate  ) = 2.75        


proj           psi     n     psi     n  
direct          x      x     rhs    rhs 
   i    j  m  -5.00* -6.00* -26.0* -20.0*
-----------------------------------------
   1       N  -2.530 -1.536 -21.75 -2.289
   2       N  -3.508 -3.511 -25.70 -6.157
   3       N  -7.39* -7.38* -28.6* -13.58

Electrode       Va(V)        In(A)       Ic(A)       It(A)
=============================================================
gate           2.750e+000  0.000e+000  0.000e+000  0.000e+000
source         0.000e+000 -2.770e-006 -2.770e-006 -2.770e-006
drain          7.000e-001  2.770e-006  2.770e-006  2.770e-006
Total                                              6.353e-021

Time for bias point:   2.91 sec. 
Total time:           13.11 min. 
  
ATLAS> solve vgate=2.8

Obtaining static solution:

 V(   gate  ) = 2.8         


proj           psi     n     psi     n  
direct          x      x     rhs    rhs 
   i    j  m  -5.00* -6.00* -26.0* -20.0*
-----------------------------------------
   1       N  -2.556 -1.546 -21.78 -2.285
   2       N  -3.515 -3.528 -25.74 -6.167

Electrode       Va(V)        In(A)       Ic(A)       It(A)
=============================================================
gate           2.800e+000  0.000e+000  0.000e+000  0.000e+000
source         0.000e+000 -2.845e-006 -2.845e-006 -2.845e-006
drain          7.000e-001  2.845e-006  2.845e-006  2.845e-006
Total                                              2.539e-018

Time for bias point:   2.58 sec. 
Total time:           13.20 min. 
  
ATLAS> solve vgate=2.85

Obtaining static solution:

 V(   gate  ) = 2.85        


proj           psi     n     psi     n  
direct          x      x     rhs    rhs 
   i    j  m  -5.00* -6.00* -26.0* -20.0*
-----------------------------------------
   1       N  -2.582 -1.556 -21.81 -2.282
   2       N  -3.521 -3.544 -25.79 -6.176

Electrode       Va(V)        In(A)       Ic(A)       It(A)
=============================================================
gate           2.850e+000  0.000e+000  0.000e+000  0.000e+000
source         0.000e+000 -2.920e-006 -2.920e-006 -2.920e-006
drain          7.000e-001  2.920e-006  2.920e-006  2.920e-006
Total                                             -4.879e-018

Time for bias point:   1.94 sec. 
Total time:           13.29 min. 
  
ATLAS> solve vgate=2.9

Obtaining static solution:

 V(   gate  ) = 2.9         


proj           psi     n     psi     n  
direct          x      x     rhs    rhs 
   i    j  m  -5.00* -6.00* -26.0* -20.0*
-----------------------------------------
   1       N  -2.606 -1.566 -21.84 -2.279
   2       N  -3.528 -3.560 -25.83 -6.185

Electrode       Va(V)        In(A)       Ic(A)       It(A)
=============================================================
gate           2.900e+000  0.000e+000  0.000e+000  0.000e+000
source         0.000e+000 -2.995e-006 -2.995e-006 -2.995e-006
drain          7.000e-001  2.995e-006  2.995e-006  2.995e-006
Total                                             -1.646e-018

Time for bias point:   2.35 sec. 
Total time:           13.37 min. 
  
ATLAS> solve vgate=2.95

Obtaining static solution:

 V(   gate  ) = 2.95        


proj           psi     n     psi     n  
direct          x      x     rhs    rhs 
   i    j  m  -5.00* -6.00* -26.0* -20.0*
-----------------------------------------
   1       N  -2.631 -1.576 -21.87 -2.276
   2       N  -3.534 -3.576 -25.87 -6.193

Electrode       Va(V)        In(A)       Ic(A)       It(A)
=============================================================
gate           2.950e+000  0.000e+000  0.000e+000  0.000e+000
source         0.000e+000 -3.070e-006 -3.070e-006 -3.070e-006
drain          7.000e-001  3.070e-006  3.070e-006  3.070e-006
Total                                              6.224e-018

Time for bias point:   2.52 sec. 
Total time:           13.46 min. 
  
ATLAS> solve vgate=3

Obtaining static solution:

 V(   gate  ) = 3           


proj           psi     n     psi     n  
direct          x      x     rhs    rhs 
   i    j  m  -5.00* -6.00* -26.0* -20.0*
-----------------------------------------
   1       N  -2.654 -1.585 -21.90 -2.273
   2       N  -3.540 -3.591 -25.91 -6.202

Electrode       Va(V)        In(A)       Ic(A)       It(A)
=============================================================
gate           3.000e+000  0.000e+000  0.000e+000  0.000e+000
source         0.000e+000 -3.145e-006 -3.145e-006 -3.145e-006
drain          7.000e-001  3.145e-006  3.145e-006  3.145e-006
Total                                             -2.805e-018

Time for bias point:   2.60 sec. 
Total time:           13.56 min. 
  
ATLAS> log off
ATLAS> save outf=final.str

MASTER format file written to final.str at Sat Sep 12 21:40:28 2026

ATLAS> EXTRACT> init infile="transfer.log"
EXTRACT> extract name="idvg" curve(v."gate",i."drain") outfile="idvg.dat"
EXTRACT> extract name="isvg" curve(v."gate",i."source") outfile="isvg.dat"
EXTRACT> extract name="igvg" curve(v."gate",i."gate") outfile="igvg.dat"
EXTRACT> extract name="vdvg" curve(v."gate",v."drain") outfile="vdvg.dat"
EXTRACT> extract name="vsvg" curve(v."gate",v."source") outfile="vsvg.dat"
EXTRACT> extract name="mobility_vg" curve(v."gate",probe."channel_mobility") outfile="mobility_vg.dat"
EXTRACT> extract name="electrons_vg" curve(v."gate",probe."channel_electrons") outfile="electrons_vg.dat"
EXTRACT> extract name="bulk_free_electrons_vg" curve(v."gate",probe."bulk_free_electrons") outfile="bulk_free_electrons_vg.dat"
EXTRACT> extract name="bulk_ionized_acceptors_vg" curve(v."gate",probe."bulk_ionized_acceptors") outfile="bulk_ionized_acceptors_vg.dat"
EXTRACT> extract name="bulk_ionized_donors_vg" curve(v."gate",probe."bulk_ionized_donors") outfile="bulk_ionized_donors_vg.dat"
EXTRACT> extract name="bulk_front_electrons_vg" curve(v."gate",probe."bulk_front_electrons") outfile="bulk_front_electrons_vg.dat"
EXTRACT> extract name="bulk_back_electrons_vg" curve(v."gate",probe."bulk_back_electrons") outfile="bulk_back_electrons_vg.dat"
EXTRACT> quit
quit

ATLAS version 5.28.1.R finished at Sat Sep 12 21:40:29 2026
