    0.000000000    0.251574777    0.251574676
    0.021967776    0.251574764    0.251574675
    0.043935552    0.251574729    0.251574675
    0.065903327    0.251574680    0.251574674
    0.087871103    0.251574632    0.251574673
    0.109838879    0.251574596    0.251574672
    0.131806655    0.251574583    0.251574672
    0.153774430    0.251574596    0.251574672
    0.175742206    0.251574631    0.251574673
    0.197709982    0.251574680    0.251574673
    0.219677758    0.251574728    0.251574674
    0.241645533    0.251574763    0.251574675
    0.263613309    0.251574777    0.251574675
    0.285581085    0.251574764    0.251574674
    0.307548861    0.251574728    0.251574674
    0.329516637    0.251574680    0.251574673
    0.351484412    0.251574631    0.251574672
    0.373452188    0.251574596    0.251574671
    0.395419964    0.251574582    0.251574671
    0.417387740    0.251574595    0.251574671
    0.439355515    0.251574630    0.251574671
    0.461323291    0.251574678    0.251574672
    0.483291067    0.251574726    0.251574673
    0.505258843    0.251574762    0.251574673
    0.527226618    0.251574775    0.251574673
    0.549194394    0.251574763    0.251574673
    0.571162170    0.251574728    0.251574672
    0.593129946    0.251574679    0.251574671
    0.615097721    0.251574630    0.251574671
    0.637065497    0.251574594    0.251574670
    0.659033273    0.251574581    0.251574669
    0.681001049    0.251574593    0.251574669
    0.702968825    0.251574628    0.251574670
    0.724936600    0.251574676    0.251574671
    0.746904376    0.251574724    0.251574671
    0.768872152    0.251574760    0.251574672
    0.790839928    0.251574774    0.251574672
    0.812807703    0.251574761    0.251574671
    0.834775479    0.251574726    0.251574671
    0.856743255    0.251574678    0.251574670
    0.878711031    0.251574629    0.251574669
    0.900678806    0.251574593    0.251574668
    0.922646582    0.251574579    0.251574667
    0.944614358    0.251574591    0.251574667
    0.966582134    0.251574625    0.251574668
    0.988549910    0.251574673    0.251574668
    1.010517685    0.251574722    0.251574669
    1.032485461    0.251574758    0.251574670
    1.054453237    0.251574772    0.251574670
    1.076421013    0.251574759    0.251574669
    1.098388788    0.251574724    0.251574668
    1.120356564    0.251574676    0.251574667
    1.142324340    0.251574627    0.251574666
    1.164292116    0.251574590    0.251574665
    1.186259891    0.251574576    0.251574665
    1.208227667    0.251574588    0.251574665
    1.230195443    0.251574622    0.251574665
    1.252163219    0.251574670    0.251574666
    1.274130995    0.251574719    0.251574667
    1.296098770    0.251574755    0.251574667
    1.318066546    0.251574769    0.251574667
    1.340034322    0.251574757    0.251574666
    1.362002098    0.251574722    0.251574666
    1.383969873    0.251574674    0.251574665
    1.405937649    0.251574624    0.251574663
    1.427905425    0.251574588    0.251574663
    1.449873201    0.251574573    0.251574662
    1.471840976    0.251574585    0.251574662
    1.493808752    0.251574619    0.251574662
    1.515776528    0.251574667    0.251574663
    1.537744304    0.251574715    0.251574663
    1.559712079    0.251574752    0.251574664
    1.581679855    0.251574766    0.251574664
    1.603647631    0.251574754    0.251574663
    1.625615407    0.251574719    0.251574662
    1.647583183    0.251574671    0.251574661
    1.669550958    0.251574622    0.251574660
    1.691518734    0.251574585    0.251574659
    1.713486510    0.251574570    0.251574659
    1.735454286    0.251574581    0.251574659
    1.757422061    0.251574615    0.251574659
    1.779389837    0.251574663    0.251574659
    1.801357613    0.251574712    0.251574660
    1.823325389    0.251574748    0.251574660
    1.845293164    0.251574763    0.251574660
    1.867260940    0.251574751    0.251574660
    1.889228716    0.251574716    0.251574659
    1.911196492    0.251574668    0.251574658
    1.933164268    0.251574618    0.251574656
    1.955132043    0.251574581    0.251574656
    1.977099819    0.251574566    0.251574655
    1.999067595    0.251574577    0.251574655
    2.021035371    0.251574611    0.251574655
    2.043003146    0.251574658    0.251574655
    2.064970922    0.251574707    0.251574656
    2.086938698    0.251574744    0.251574656
    2.108906474    0.251574759    0.251574656
    2.130874249    0.251574747    0.251574656
    2.152842025    0.251574713    0.251574655
    2.174809801    0.251574664    0.251574653
    2.196777577    0.251574614    0.251574652
    2.218745353    0.251574577    0.251574651
    2.240713128    0.251574561    0.251574651
    2.262680904    0.251574572    0.251574650
    2.284648680    0.251574606    0.251574651
    2.306616456    0.251574654    0.251574651
    2.328584231    0.251574703    0.251574652
    2.350552007    0.251574740    0.251574652
    2.372519783    0.251574755    0.251574652
    2.394487559    0.251574743    0.251574651
    2.416455334    0.251574709    0.251574650
    2.438423110    0.251574660    0.251574649
    2.460390886    0.251574610    0.251574648
    2.482358662    0.251574572    0.251574647
    2.504326437    0.251574556    0.251574646
    2.526294213    0.251574567    0.251574646
    2.548261989    0.251574600    0.251574646
    2.570229765    0.251574648    0.251574646
    2.592197541    0.251574697    0.251574647
    2.614165316    0.251574735    0.251574647
    2.636133092    0.251574750    0.251574647
    2.658100868    0.251574739    0.251574646
    2.680068644    0.251574704    0.251574645
    2.702036419    0.251574655    0.251574644
    2.724004195    0.251574605    0.251574642
    2.745971971    0.251574567    0.251574641
    2.767939747    0.251574551    0.251574641
    2.789907522    0.251574561    0.251574640
    2.811875298    0.251574594    0.251574640
    2.833843074    0.251574642    0.251574641
    2.855810850    0.251574692    0.251574641
    2.877778626    0.251574729    0.251574641
    2.899746401    0.251574745    0.251574641
    2.921714177    0.251574734    0.251574641
    2.943681953    0.251574699    0.251574639
    2.965649729    0.251574650    0.251574638
    2.987617504    0.251574600    0.251574637
    3.009585280    0.251574561    0.251574636
    3.031553056    0.251574545    0.251574635
    3.053520832    0.251574555    0.251574635
    3.075488607    0.251574588    0.251574635
    3.097456383    0.251574636    0.251574635
    3.119424159    0.251574686    0.251574635
    3.141391935    0.251574723    0.251574636
    3.163359710    0.251574739    0.251574635
    3.185327486    0.251574728    0.251574635
    3.207295262    0.251574694    0.251574633
    3.229263038    0.251574645    0.251574632
    3.251230814    0.251574594    0.251574631
    3.273198589    0.251574555    0.251574630
    3.295166365    0.251574538    0.251574629
    3.317134141    0.251574548    0.251574628
    3.339101917    0.251574581    0.251574628
    3.361069692    0.251574629    0.251574629
    3.383037468    0.251574679    0.251574629
    3.405005244    0.251574717    0.251574629
    3.426973020    0.251574733    0.251574629
    3.448940795    0.251574722    0.251574628
    3.470908571    0.251574688    0.251574627
    3.492876347    0.251574639    0.251574626
    3.514844123    0.251574588    0.251574624
    3.536811899    0.251574549    0.251574623
    3.558779674    0.251574531    0.251574622
    3.580747450    0.251574541    0.251574622
    3.602715226    0.251574574    0.251574622
    3.624683002    0.251574622    0.251574622
    3.646650777    0.251574672    0.251574622
    3.668618553    0.251574710    0.251574622
    3.690586329    0.251574727    0.251574622
    3.712554105    0.251574716    0.251574621
    3.734521880    0.251574682    0.251574620
    3.756489656    0.251574632    0.251574619
    3.778457432    0.251574581    0.251574617
    3.800425208    0.251574541    0.251574616
    3.822392984    0.251574524    0.251574615
    3.844360759    0.251574533    0.251574615
    3.866328535    0.251574566    0.251574614
    3.888296311    0.251574614    0.251574615
    3.910264087    0.251574665    0.251574615
    3.932231862    0.251574703    0.251574615
    3.954199638    0.251574720    0.251574615
    3.976167414    0.251574709    0.251574614
    3.998135190    0.251574675    0.251574613
    4.020102965    0.251574625    0.251574611
    4.042070741    0.251574574    0.251574610
    4.064038517    0.251574534    0.251574608
    4.086006293    0.251574516    0.251574607
    4.107974068    0.251574525    0.251574607
    4.129941844    0.251574558    0.251574607
    4.151909620    0.251574606    0.251574607
    4.173877396    0.251574657    0.251574607
    4.195845172    0.251574695    0.251574607
    4.217812947    0.251574712    0.251574607
    4.239780723    0.251574702    0.251574606
    4.261748499    0.251574668    0.251574605
    4.283716275    0.251574618    0.251574603
    4.305684050    0.251574566    0.251574602
    4.327651826    0.251574526    0.251574600
    4.349619602    0.251574508    0.251574599
    4.371587378    0.251574516    0.251574599
    4.393555153    0.251574549    0.251574599
    4.415522929    0.251574598    0.251574599
    4.437490705    0.251574648    0.251574599
    4.459458481    0.251574687    0.251574599
    4.481426257    0.251574704    0.251574598
    4.503394032    0.251574694    0.251574598
    4.525361808    0.251574660    0.251574596
    4.547329584    0.251574610    0.251574595
    4.569297360    0.251574558    0.251574593
    4.591265135    0.251574517    0.251574592
    4.613232911    0.251574499    0.251574591
    4.635200687    0.251574507    0.251574590
    4.657168463    0.251574540    0.251574590
    4.679136238    0.251574588    0.251574590
    4.701104014    0.251574639    0.251574590
    4.723071790    0.251574679    0.251574590
    4.745039566    0.251574696    0.251574590
    4.767007342    0.251574686    0.251574589
    4.788975117    0.251574652    0.251574587
    4.810942893    0.251574602    0.251574586
    4.832910669    0.251574549    0.251574584
    4.854878445    0.251574508    0.251574583
    4.876846220    0.251574489    0.251574582
    4.898813996    0.251574497    0.251574581
    4.920781772    0.251574530    0.251574581
    4.942749548    0.251574579    0.251574581
    4.964717323    0.251574630    0.251574581
    4.986685099    0.251574670    0.251574581
    5.008652875    0.251574687    0.251574580
    5.030620651    0.251574678    0.251574579
    5.052588426    0.251574643    0.251574578
    5.074556202    0.251574593    0.251574576
    5.096523978    0.251574540    0.251574575
    5.118491754    0.251574498    0.251574573
    5.140459530    0.251574479    0.251574572
    5.162427305    0.251574487    0.251574571
    5.184395081    0.251574520    0.251574571
    5.206362857    0.251574569    0.251574571
    5.228330633    0.251574620    0.251574571
    5.250298408    0.251574660    0.251574571
    5.272266184    0.251574678    0.251574570
    5.294233960    0.251574669    0.251574569
    5.316201736    0.251574634    0.251574568
    5.338169511    0.251574583    0.251574566
    5.360137287    0.251574530    0.251574565
    5.382105063    0.251574488    0.251574563
    5.404072839    0.251574468    0.251574562
    5.426040615    0.251574476    0.251574561
    5.448008390    0.251574509    0.251574561
    5.469976166    0.251574558    0.251574561
    5.491943942    0.251574610    0.251574561
    5.513911718    0.251574650    0.251574561
    5.535879493    0.251574668    0.251574560
    5.557847269    0.251574659    0.251574559
    5.579815045    0.251574624    0.251574558
    5.601782821    0.251574574    0.251574556
    5.623750596    0.251574520    0.251574554
    5.645718372    0.251574477    0.251574552
    5.667686148    0.251574457    0.251574551
    5.689653924    0.251574465    0.251574550
    5.711621700    0.251574498    0.251574550
    5.733589475    0.251574547    0.251574550
    5.755557251    0.251574599    0.251574550
    5.777525027    0.251574640    0.251574550
    5.799492803    0.251574658    0.251574549
    5.821460578    0.251574649    0.251574548
    5.843428354    0.251574614    0.251574547
    5.865396130    0.251574563    0.251574545
    5.887363906    0.251574509    0.251574543
    5.909331681    0.251574466    0.251574541
    5.931299457    0.251574446    0.251574540
    5.953267233    0.251574453    0.251574539
    5.975235009    0.251574486    0.251574539
    5.997202784    0.251574535    0.251574539
    6.019170560    0.251574587    0.251574539
    6.041138336    0.251574629    0.251574538
    6.063106112    0.251574648    0.251574538
    6.085073888    0.251574639    0.251574537
    6.107041663    0.251574604    0.251574535
    6.129009439    0.251574552    0.251574533
    6.150977215    0.251574498    0.251574531
    6.172944991    0.251574454    0.251574530
    6.194912766    0.251574433    0.251574528
    6.216880542    0.251574440    0.251574527
    6.238848318    0.251574473    0.251574527
    6.260816094    0.251574523    0.251574527
    6.282783869    0.251574576    0.251574527
    6.304751645    0.251574617    0.251574527
    6.326719421    0.251574636    0.251574526
    6.348687197    0.251574628    0.251574525
    6.370654973    0.251574593    0.251574523
    6.392622748    0.251574541    0.251574521
    6.414590524    0.251574486    0.251574519
    6.436558300    0.251574442    0.251574517
    6.458526076    0.251574421    0.251574516
    6.480493851    0.251574427    0.251574515
    6.502461627    0.251574460    0.251574515
    6.524429403    0.251574510    0.251574515
    6.546397179    0.251574563    0.251574514
    6.568364954    0.251574605    0.251574514
    6.590332730    0.251574625    0.251574513
    6.612300506    0.251574616    0.251574512
    6.634268282    0.251574581    0.251574511
    6.656236058    0.251574529    0.251574509
    6.678203833    0.251574473    0.251574507
    6.700171609    0.251574429    0.251574505
    6.722139385    0.251574407    0.251574503
    6.744107161    0.251574414    0.251574502
    6.766074936    0.251574447    0.251574502
    6.788042712    0.251574497    0.251574502
    6.810010488    0.251574550    0.251574501
    6.831978264    0.251574593    0.251574501
    6.853946039    0.251574613    0.251574500
    6.875913815    0.251574604    0.251574499
    6.897881591    0.251574569    0.251574497
    6.919849367    0.251574517    0.251574495
    6.941817142    0.251574461    0.251574493
    6.963784918    0.251574415    0.251574491
    6.985752694    0.251574393    0.251574490
    7.007720470    0.251574400    0.251574489
    7.029688246    0.251574432    0.251574488
    7.051656021    0.251574483    0.251574488
    7.073623797    0.251574537    0.251574488
    7.095591573    0.251574580    0.251574487
    7.117559349    0.251574600    0.251574487
    7.139527124    0.251574592    0.251574485
    7.161494900    0.251574556    0.251574484
    7.183462676    0.251574504    0.251574482
    7.205430452    0.251574447    0.251574479
    7.227398227    0.251574401    0.251574477
    7.249366003    0.251574379    0.251574476
    7.271333779    0.251574385    0.251574475
    7.293301555    0.251574418    0.251574474
    7.315269331    0.251574468    0.251574474
    7.337237106    0.251574523    0.251574474
    7.359204882    0.251574566    0.251574473
    7.381172658    0.251574587    0.251574472
    7.403140434    0.251574579    0.251574471
    7.425108209    0.251574543    0.251574469
    7.447075985    0.251574490    0.251574467
    7.469043761    0.251574433    0.251574465
    7.491011537    0.251574387    0.251574463
    7.512979312    0.251574364    0.251574461
    7.534947088    0.251574369    0.251574460
    7.556914864    0.251574402    0.251574460
    7.578882640    0.251574453    0.251574459
    7.600850416    0.251574508    0.251574459
    7.622818191    0.251574552    0.251574458
    7.644785967    0.251574573    0.251574458
    7.666753743    0.251574565    0.251574456
    7.688721519    0.251574530    0.251574454
    7.710689294    0.251574476    0.251574452
    7.732657070    0.251574418    0.251574450
    7.754624846    0.251574371    0.251574448
    7.776592622    0.251574348    0.251574446
    7.798560397    0.251574353    0.251574445
    7.820528173    0.251574386    0.251574444
    7.842495949    0.251574438    0.251574444
    7.864463725    0.251574493    0.251574443
    7.886431500    0.251574538    0.251574443
    7.908399276    0.251574559    0.251574442
    7.930367052    0.251574551    0.251574440
    7.952334828    0.251574515    0.251574439
    7.974302604    0.251574461    0.251574436
    7.996270379    0.251574403    0.251574434
    8.018238155    0.251574355    0.251574432
    8.040205931    0.251574331    0.251574430
    8.062173707    0.251574337    0.251574429
    8.084141482    0.251574370    0.251574428
    8.106109258    0.251574421    0.251574428
    8.128077034    0.251574477    0.251574427
    8.150044810    0.251574523    0.251574427
    8.172012585    0.251574544    0.251574426
    8.193980361    0.251574536    0.251574424
    8.215948137    0.251574500    0.251574422
    8.237915913    0.251574446    0.251574420
    8.259883689    0.251574387    0.251574417
    8.281851464    0.251574339    0.251574415
    8.303819240    0.251574314    0.251574413
    8.325787016    0.251574319    0.251574412
    8.347754792    0.251574352    0.251574411
    8.369722567    0.251574404    0.251574411
    8.391690343    0.251574461    0.251574410
    8.413658119    0.251574507    0.251574410
    8.435625895    0.251574529    0.251574408
    8.457593670    0.251574521    0.251574407
    8.479561446    0.251574485    0.251574405
    8.501529222    0.251574430    0.251574402
    8.523496998    0.251574370    0.251574400
    8.545464774    0.251574321    0.251574398
    8.567432549    0.251574296    0.251574396
    8.589400325    0.251574301    0.251574394
    8.611368101    0.251574334    0.251574393
    8.633335877    0.251574387    0.251574393
    8.655303652    0.251574444    0.251574392
    8.677271428    0.251574490    0.251574392
    8.699239204    0.251574513    0.251574391
    8.721206980    0.251574505    0.251574389
    8.743174755    0.251574469    0.251574387
    8.765142531    0.251574413    0.251574384
    8.787110307    0.251574353    0.251574382
    8.809078083    0.251574303    0.251574379
    8.831045858    0.251574277    0.251574377
    8.853013634    0.251574282    0.251574376
    8.874981410    0.251574316    0.251574375
    8.896949186    0.251574369    0.251574374
    8.918916962    0.251574426    0.251574374
    8.940884737    0.251574473    0.251574373
    8.962852513    0.251574496    0.251574372
    8.984820289    0.251574489    0.251574370
    9.006788065    0.251574452    0.251574368
    9.028755840    0.251574396    0.251574365
    9.050723616    0.251574334    0.251574362
    9.072691392    0.251574284    0.251574360
    9.094659168    0.251574258    0.251574358
    9.116626943    0.251574262    0.251574356
    9.138594719    0.251574296    0.251574355
    9.160562495    0.251574349    0.251574354
    9.182530271    0.251574408    0.251574354
    9.204498047    0.251574455    0.251574353
    9.226465822    0.251574479    0.251574352
    9.248433598    0.251574471    0.251574350
    9.270401374    0.251574434    0.251574347
    9.292369150    0.251574378    0.251574345
    9.314336925    0.251574315    0.251574342
    9.336304701    0.251574264    0.251574339
    9.358272477    0.251574238    0.251574337
    9.380240253    0.251574242    0.251574335
    9.402208028    0.251574275    0.251574334
    9.424175804    0.251574329    0.251574333
    9.446143580    0.251574389    0.251574333
    9.468111356    0.251574437    0.251574332
    9.490079131    0.251574461    0.251574330
    9.512046907    0.251574453    0.251574328
    9.534014683    0.251574416    0.251574326
    9.555982459    0.251574358    0.251574323
    9.577950235    0.251574296    0.251574320
    9.599918010    0.251574244    0.251574317
    9.621885786    0.251574216    0.251574315
    9.643853562    0.251574220    0.251574313
    9.665821338    0.251574254    0.251574312
    9.687789113    0.251574308    0.251574311
    9.709756889    0.251574368    0.251574310
    9.731724665    0.251574417    0.251574309
    9.753692441    0.251574441    0.251574308
    9.775660216    0.251574434    0.251574306
    9.797627992    0.251574397    0.251574303
    9.819595768    0.251574338    0.251574300
    9.841563544    0.251574275    0.251574297
    9.863531320    0.251574222    0.251574294
    9.885499095    0.251574194    0.251574292
    9.907466871    0.251574197    0.251574290
    9.929434647    0.251574231    0.251574288
    9.951402423    0.251574286    0.251574287
    9.973370198    0.251574347    0.251574286
    9.995337974    0.251574397    0.251574285
   10.017305750    0.251574421    0.251574283
   10.039273526    0.251574414    0.251574281
   10.061241301    0.251574376    0.251574278
   10.083209077    0.251574317    0.251574275
   10.105176853    0.251574252    0.251574272
   10.127144629    0.251574199    0.251574269
   10.149112405    0.251574170    0.251574266
   10.171080180    0.251574173    0.251574264
   10.193047956    0.251574208    0.251574262
   10.215015732    0.251574263    0.251574261
   10.236983508    0.251574325    0.251574260
   10.258951283    0.251574375    0.251574259
   10.280919059    0.251574400    0.251574257
   10.302886835    0.251574393    0.251574254
   10.324854611    0.251574355    0.251574251
   10.346822386    0.251574295    0.251574248
   10.368790162    0.251574229    0.251574245
   10.390757938    0.251574174    0.251574241
   10.412725714    0.251574145    0.251574238
   10.434693489    0.251574148    0.251574236
   10.456661265    0.251574182    0.251574234
   10.478629041    0.251574239    0.251574233
   10.500596817    0.251574301    0.251574231
   10.522564593    0.251574352    0.251574230
   10.544532368    0.251574377    0.251574228
   10.566500144    0.251574370    0.251574225
   10.588467920    0.251574331    0.251574222
   10.610435696    0.251574271    0.251574218
   10.632403471    0.251574204    0.251574215
   10.654371247    0.251574148    0.251574211
   10.676339023    0.251574118    0.251574208
   10.698306799    0.251574121    0.251574205
   10.720274574    0.251574156    0.251574203
   10.742242350    0.251574212    0.251574202
   10.764210126    0.251574275    0.251574200
   10.786177902    0.251574327    0.251574198
   10.808145678    0.251574353    0.251574196
   10.830113453    0.251574346    0.251574193
   10.852081229    0.251574307    0.251574189
   10.874049005    0.251574245    0.251574185
   10.896016781    0.251574177    0.251574181
   10.917984556    0.251574121    0.251574178
   10.939952332    0.251574090    0.251574174
   10.961920108    0.251574092    0.251574171
   10.983887884    0.251574127    0.251574169
   11.005855659    0.251574184    0.251574167
   11.027823435    0.251574248    0.251574165
   11.049791211    0.251574300    0.251574163
   11.071758987    0.251574327    0.251574160
   11.093726763    0.251574320    0.251574157
   11.115694538    0.251574280    0.251574153
   11.137662314    0.251574218    0.251574149
   11.159630090    0.251574148    0.251574144
   11.181597866    0.251574090    0.251574140
   11.203565641    0.251574059    0.251574136
   11.225533417    0.251574061    0.251574133
   11.247501193    0.251574096    0.251574130
   11.269468969    0.251574154    0.251574127
   11.291436744    0.251574218    0.251574125
   11.313404520    0.251574272    0.251574122
   11.335372296    0.251574299    0.251574119
   11.357340072    0.251574291    0.251574116
   11.379307847    0.251574251    0.251574111
   11.401275623    0.251574187    0.251574106
   11.423243399    0.251574117    0.251574101
   11.445211175    0.251574058    0.251574097
   11.467178951    0.251574025    0.251574092
   11.489146726    0.251574027    0.251574088
   11.511114502    0.251574062    0.251574085
   11.533082278    0.251574120    0.251574082
   11.555050054    0.251574186    0.251574079
   11.577017829    0.251574240    0.251574076
   11.598985605    0.251574267    0.251574073
   11.620953381    0.251574260    0.251574068
   11.642921157    0.251574219    0.251574063
   11.664888932    0.251574154    0.251574058
   11.686856708    0.251574082    0.251574052
   11.708824484    0.251574022    0.251574047
   11.730792260    0.251573988    0.251574042
   11.752760036    0.251573989    0.251574037
   11.774727811    0.251574024    0.251574033
   11.796695587    0.251574083    0.251574030
   11.818663363    0.251574150    0.251574026
   11.840631139    0.251574205    0.251574022
   11.862598914    0.251574233    0.251574018
   11.884566690    0.251574225    0.251574013
   11.906534466    0.251574183    0.251574007
   11.928502242    0.251574117    0.251574001
   11.950470017    0.251574044    0.251573995
   11.972437793    0.251573981    0.251573988
   11.994405569    0.251573946    0.251573983
   12.016373345    0.251573947    0.251573977
   12.038341121    0.251573983    0.251573972
   12.060308896    0.251574042    0.251573968
   12.082276672    0.251574109    0.251573964
   12.104244448    0.251574165    0.251573959
   12.126212224    0.251574193    0.251573954
   12.148179999    0.251574186    0.251573948
   12.170147775    0.251574143    0.251573941
   12.192115551    0.251574075    0.251573934
   12.214083327    0.251574000    0.251573926
   12.236051102    0.251573936    0.251573919
   12.258018878    0.251573900    0.251573912
   12.279986654    0.251573900    0.251573906
   12.301954430    0.251573935    0.251573900
   12.323922205    0.251573996    0.251573894
   12.345889981    0.251574064    0.251573889
   12.367857757    0.251574120    0.251573883
   12.389825533    0.251574148    0.251573876
   12.411793309    0.251574140    0.251573869
   12.433761084    0.251574096    0.251573861
   12.455728860    0.251574027    0.251573853
   12.477696636    0.251573950    0.251573844
   12.499664412    0.251573884    0.251573835
   12.521632187    0.251573847    0.251573827
   12.543599963    0.251573846    0.251573819
   12.565567739    0.251573881    0.251573812
   12.587535515    0.251573942    0.251573805
   12.609503290    0.251574011    0.251573798
   12.631471066    0.251574068    0.251573790
   12.653438842    0.251574096    0.251573782
   12.675406618    0.251574088    0.251573774
   12.697374394    0.251574042    0.251573764
   12.719342169    0.251573971    0.251573754
   12.741309945    0.251573892    0.251573743
   12.763277721    0.251573824    0.251573733
   12.785245497    0.251573785    0.251573723
   12.807213272    0.251573783    0.251573713
   12.829181048    0.251573818    0.251573704
   12.851148824    0.251573880    0.251573695
   12.873116600    0.251573949    0.251573686
   12.895084375    0.251574006    0.251573677
   12.917052151    0.251574035    0.251573667
   12.939019927    0.251574026    0.251573656
   12.960987703    0.251573979    0.251573644
   12.982955479    0.251573906    0.251573632
   13.004923254    0.251573824    0.251573619
   13.026891030    0.251573754    0.251573606
   13.048858806    0.251573713    0.251573594
   13.070826582    0.251573710    0.251573582
   13.092794357    0.251573744    0.251573570
   13.114762133    0.251573806    0.251573559
   13.136729909    0.251573876    0.251573548
   13.158697685    0.251573934    0.251573536
   13.180665460    0.251573962    0.251573523
   13.202633236    0.251573952    0.251573510
   13.224601012    0.251573903    0.251573495
   13.246568788    0.251573827    0.251573480
   13.268536563    0.251573743    0.251573464
   13.290504339    0.251573670    0.251573449
   13.312472115    0.251573626    0.251573433
   13.334439891    0.251573622    0.251573418
   13.356407667    0.251573656    0.251573403
   13.378375442    0.251573718    0.251573389
   13.400343218    0.251573788    0.251573374
   13.422310994    0.251573846    0.251573359
   13.444278770    0.251573874    0.251573343
   13.466246545    0.251573862    0.251573326
   13.488214321    0.251573811    0.251573308
   13.510182097    0.251573732    0.251573289
   13.532149873    0.251573644    0.251573269
   13.554117648    0.251573569    0.251573250
   13.576085424    0.251573522    0.251573230
   13.598053200    0.251573516    0.251573211
   13.620020976    0.251573549    0.251573192
   13.641988752    0.251573610    0.251573173
   13.663956527    0.251573681    0.251573154
   13.685924303    0.251573738    0.251573135
   13.707892079    0.251573765    0.251573114
   13.729859855    0.251573752    0.251573093
   13.751827630    0.251573698    0.251573070
   13.773795406    0.251573616    0.251573046
   13.795763182    0.251573524    0.251573021
   13.817730958    0.251573445    0.251572997
   13.839698733    0.251573396    0.251572972
   13.861666509    0.251573387    0.251572947
   13.883634285    0.251573419    0.251572923
   13.905602061    0.251573479    0.251572899
   13.927569837    0.251573549    0.251572874
   13.949537612    0.251573606    0.251572849
   13.971505388    0.251573632    0.251572822
   13.993473164    0.251573616    0.251572794
   14.015440940    0.251573559    0.251572765
   14.037408715    0.251573473    0.251572735
   14.059376491    0.251573376    0.251572704
   14.081344267    0.251573292    0.251572672
   14.103312043    0.251573239    0.251572641
   14.125279818    0.251573227    0.251572609
   14.147247594    0.251573257    0.251572578
   14.169215370    0.251573316    0.251572546
   14.191183146    0.251573384    0.251572514
   14.213150921    0.251573440    0.251572481
   14.235118697    0.251573464    0.251572447
   14.257086473    0.251573445    0.251572411
   14.279054249    0.251573384    0.251572373
   14.301022025    0.251573292    0.251572334
   14.322989800    0.251573190    0.251572295
   14.344957576    0.251573100    0.251572254
   14.366925352    0.251573042    0.251572213
   14.388893128    0.251573027    0.251572173
   14.410860903    0.251573054    0.251572132
   14.432828679    0.251573110    0.251572090
   14.454796455    0.251573177    0.251572048
   14.476764231    0.251573231    0.251572005
   14.498732006    0.251573252    0.251571960
   14.520699782    0.251573228    0.251571914
   14.542667558    0.251573162    0.251571865
   14.564635334    0.251573064    0.251571815
   14.586603110    0.251572956    0.251571764
   14.608570885    0.251572859    0.251571711
   14.630538661    0.251572795    0.251571659
   14.652506437    0.251572775    0.251571605
   14.674474213    0.251572797    0.251571552
   14.696441988    0.251572851    0.251571498
   14.718409764    0.251572915    0.251571442
   14.740377540    0.251572965    0.251571386
   14.762345316    0.251572982    0.251571327
   14.784313091    0.251572954    0.251571266
   14.806280867    0.251572880    0.251571203
   14.828248643    0.251572775    0.251571138
   14.850216419    0.251572658    0.251571071
   14.872184195    0.251572553    0.251571003
   14.894151970    0.251572482    0.251570934
   14.916119746    0.251572455    0.251570865
   14.938087522    0.251572472    0.251570794
   14.960055298    0.251572521    0.251570723
   14.982023073    0.251572580    0.251570650
   15.003990849    0.251572626    0.251570575
   15.025958625    0.251572637    0.251570498
   15.047926401    0.251572602    0.251570418
   15.069894176    0.251572520    0.251570335
   15.091861952    0.251572405    0.251570250
   15.113829728    0.251572278    0.251570163
   15.135797504    0.251572163    0.251570074
   15.157765279    0.251572082    0.251569983
   15.179733055    0.251572046    0.251569892
   15.201700831    0.251572056    0.251569799
   15.223668607    0.251572098    0.251569704
   15.245636383    0.251572151    0.251569608
   15.267604158    0.251572190    0.251569508
   15.289571934    0.251572193    0.251569406
   15.311539710    0.251572149    0.251569301
   15.333507486    0.251572056    0.251569192
   15.355475261    0.251571929    0.251569080
   15.377443037    0.251571788    0.251568965
   15.399410813    0.251571661    0.251568848
   15.421378589    0.251571567    0.251568729
   15.443346364    0.251571520    0.251568607
   15.465314140    0.251571520    0.251568484
   15.487281916    0.251571553    0.251568359
   15.509249692    0.251571598    0.251568230
   15.531217468    0.251571627    0.251568098
   15.553185243    0.251571620    0.251567963
   15.575153019    0.251571562    0.251567823
   15.597120795    0.251571456    0.251567679
   15.619088571    0.251571312    0.251567530
   15.641056346    0.251571156    0.251567378
   15.663024122    0.251571011    0.251567223
   15.684991898    0.251570902    0.251567064
   15.706959674    0.251570841    0.251566903
   15.728927449    0.251570827    0.251566738
   15.750895225    0.251570847    0.251566571
   15.772863001    0.251570879    0.251566399
   15.794830777    0.251570895    0.251566223
   15.816798552    0.251570873    0.251566041
   15.838766328    0.251570799    0.251565855
   15.860734104    0.251570674    0.251565662
   15.882701880    0.251570511    0.251565465
   15.904669656    0.251570333    0.251565262
   15.926637431    0.251570167    0.251565055
   15.948605207    0.251570037    0.251564843
   15.970572983    0.251569956    0.251564627
   15.992540759    0.251569924    0.251564406
   16.014508534    0.251569927    0.251564181
   16.036476310    0.251569941    0.251563950
   16.058444086    0.251569940    0.251563714
   16.080411862    0.251569898    0.251563470
   16.102379637    0.251569802    0.251563220
   16.124347413    0.251569653    0.251562962
   16.146315189    0.251569464    0.251562698
   16.168282965    0.251569259    0.251562426
   16.190250741    0.251569066    0.251562148
   16.212218516    0.251568909    0.251561864
   16.234186292    0.251568802    0.251561573
   16.256154068    0.251568745    0.251561276
   16.278121844    0.251568725    0.251560973
   16.300089619    0.251568715    0.251560662
   16.322057395    0.251568688    0.251560342
   16.344025171    0.251568620    0.251560014
   16.365992947    0.251568495    0.251559677
   16.387960722    0.251568314    0.251559330
   16.409928498    0.251568091    0.251558973
   16.431896274    0.251567851    0.251558607
   16.453864050    0.251567622    0.251558232
   16.475831826    0.251567430    0.251557848
   16.497799601    0.251567289    0.251557455
   16.519767377    0.251567199    0.251557054
   16.541735153    0.251567146    0.251556642
   16.563702929    0.251567104    0.251556221
   16.585670704    0.251567043    0.251555788
   16.607638480    0.251566938    0.251555343
   16.629606256    0.251566775    0.251554886
   16.651574032    0.251566551    0.251554415
   16.673541807    0.251566284    0.251553932
   16.695509583    0.251565997    0.251553435
   16.717477359    0.251565722    0.251552927
   16.739445135    0.251565483    0.251552405
   16.761412910    0.251565296    0.251551871
   16.783380686    0.251565162    0.251551325
   16.805348462    0.251565064    0.251550764
   16.827316238    0.251564977    0.251550190
   16.849284014    0.251564870    0.251549600
   16.871251789    0.251564717    0.251548993
   16.893219565    0.251564501    0.251548369
   16.915187341    0.251564222    0.251547728
   16.937155117    0.251563896    0.251547068
   16.959122892    0.251563548    0.251546391
   16.981090668    0.251563211    0.251545696
   17.003058444    0.251562910    0.251544984
   17.025026220    0.251562662    0.251544253
   17.046993995    0.251562467    0.251543505
   17.068961771    0.251562309    0.251542737
   17.090929547    0.251562161    0.251541949
   17.112897323    0.251561991    0.251541139
   17.134865099    0.251561772    0.251540306
   17.156832874    0.251561485    0.251539450
   17.178800650    0.251561132    0.251538569
   17.200768426    0.251560727    0.251537664
   17.222736202    0.251560299    0.251536733
   17.244703977    0.251559878    0.251535778
   17.266671753    0.251559495    0.251534797
   17.288639529    0.251559164    0.251533791
   17.310607305    0.251558887    0.251532759
   17.332575080    0.251558647    0.251531699
   17.354542856    0.251558415    0.251530610
   17.376510632    0.251558159    0.251529491
   17.398478408    0.251557848    0.251528340
   17.420446184    0.251557467    0.251527156
   17.442413959    0.251557013    0.251525938
   17.464381735    0.251556503    0.251524685
   17.486349511    0.251555966    0.251523397
   17.508317287    0.251555435    0.251522074
   17.530285062    0.251554940    0.251520714
   17.552252838    0.251554497    0.251519318
   17.574220614    0.251554108    0.251517884
   17.596188390    0.251553755    0.251516410
   17.618156165    0.251553408    0.251514896
   17.640123941    0.251553034    0.251513338
   17.662091717    0.251552600    0.251511735
   17.684059493    0.251552089    0.251510086
   17.706027268    0.251551500    0.251508388
   17.727995044    0.251550849    0.251506641
   17.749962820    0.251550165    0.251504843
   17.771930596    0.251549485    0.251502995
   17.793898372    0.251548838    0.251501094
   17.815866147    0.251548243    0.251499141
   17.837833923    0.251547700    0.251497133
   17.859801699    0.251547192    0.251495068
   17.881769475    0.251546688    0.251492943
   17.903737250    0.251546150    0.251490757
   17.925705026    0.251545547    0.251488506
   17.947672802    0.251544858    0.251486188
   17.969640578    0.251544083    0.251483801
   17.991608353    0.251543237    0.251481344
   18.013576129    0.251542351    0.251478813
   18.035543905    0.251541463    0.251476210
   18.057511681    0.251540605    0.251473530
   18.079479457    0.251539795    0.251470773
   18.101447232    0.251539035    0.251467937
   18.123415008    0.251538307    0.251465017
   18.145382784    0.251537577    0.251462011
   18.167350560    0.251536808    0.251458916
   18.189318335    0.251535966    0.251455727
   18.211286111    0.251535029    0.251452441
   18.233253887    0.251533996    0.251449055
   18.255221663    0.251532884    0.251445567
   18.277189438    0.251531725    0.251441973
   18.299157214    0.251530557    0.251438271
   18.321124990    0.251529415    0.251434458
   18.343092766    0.251528318    0.251430532
   18.365060542    0.251527266    0.251426488
   18.387028317    0.251526241    0.251422322
   18.408996093    0.251525207    0.251418030
   18.430963869    0.251524126    0.251413606
   18.452931645    0.251522959    0.251409045
   18.474899420    0.251521685    0.251404343
   18.496867196    0.251520301    0.251399494
   18.518834972    0.251518826    0.251394494
   18.540802748    0.251517292    0.251389339
   18.562770523    0.251515740    0.251384025
   18.584738299    0.251514205    0.251378547
   18.606706075    0.251512708    0.251372900
   18.628673851    0.251511250    0.251367079
   18.650641626    0.251509810    0.251361077
   18.672609402    0.251508352    0.251354887
   18.694577178    0.251506833    0.251348503
   18.716544954    0.251505213    0.251341915
   18.738512730    0.251503469    0.251335118
   18.760480505    0.251501597    0.251328104
   18.782448281    0.251499616    0.251320865
   18.804416057    0.251497560    0.251313396
   18.826383833    0.251495472    0.251305689
   18.848351608    0.251493389    0.251297737
   18.870319384    0.251491333    0.251289532
   18.892287160    0.251489305    0.251281066
   18.914254936    0.251487282    0.251272329
   18.936222711    0.251485227    0.251263311
   18.958190487    0.251483091    0.251254001
   18.980158263    0.251480834    0.251244388
   19.002126039    0.251478429    0.251234460
   19.024093815    0.251475873    0.251224206
   19.046061590    0.251473183    0.251213616
   19.068029366    0.251470397    0.251202679
   19.089997142    0.251467558    0.251191383
   19.111964918    0.251464705    0.251179718
   19.133932693    0.251461862    0.251167670
   19.155900469    0.251459030    0.251155227
   19.177868245    0.251456183    0.251142374
   19.199836021    0.251453281    0.251129095
   19.221803796    0.251450274    0.251115373
   19.243771572    0.251447115    0.251101192
   19.265739348    0.251443777    0.251086534
   19.287707124    0.251440253    0.251071383
   19.309674900    0.251436563    0.251055721
   19.331642675    0.251432743    0.251039530
   19.353610451    0.251428841    0.251022793
   19.375578227    0.251424897    0.251005492
   19.397546003    0.251420935    0.250987606
   19.419513778    0.251416957    0.250969115
   19.441481554    0.251412934    0.250949997
   19.463449330    0.251408824    0.250930226
   19.485417106    0.251404569    0.250909777
   19.507384881    0.251400122    0.250888625
   19.529352657    0.251395450    0.250866742
   19.551320433    0.251390544    0.250844102
   19.573288209    0.251385423    0.250820677
   19.595255984    0.251380128    0.250796438
   19.617223760    0.251374705    0.250771359
   19.639191536    0.251369198    0.250745408
   19.661159312    0.251363632    0.250718554
   19.683127088    0.251358006    0.250690765
   19.705094863    0.251352293    0.250662004
   19.727062639    0.251346441    0.250632234
   19.749030415    0.251340390    0.250601414
   19.770998191    0.251334087    0.250569504
   19.792965966    0.251327492    0.250536461
   19.814933742    0.251320597    0.250502242
   19.836901518    0.251313418    0.250466803
   19.858869294    0.251305996    0.250430099
   19.880837069    0.251298382    0.250392084
   19.902804845    0.251290619    0.250352711
   19.924772621    0.251282733    0.250311928
   19.946740397    0.251274723    0.250269681
   19.968708173    0.251266556    0.250225914
   19.990675948    0.251258176    0.250180567
   20.012643724    0.251249516    0.250133576
   20.034611500    0.251240513    0.250084876
   20.056579276    0.251231125    0.250034399
   20.078547051    0.251221336    0.249982074
   20.100514827    0.251211163    0.249927833
   20.122482603    0.251200646    0.249871600
   20.144450379    0.251189836    0.249813302
   20.166418154    0.251178780    0.249752860
   20.188385930    0.251167503    0.249690192
   20.210353706    0.251156001    0.249625211
   20.232321482    0.251144235    0.249557825
   20.254289258    0.251132143    0.249487937
   20.276257033    0.251119648    0.249415445
   20.298224809    0.251106677    0.249340244
   20.320192585    0.251093181    0.249262222
   20.342160361    0.251079137    0.249181268
   20.364128136    0.251064558    0.249097265
   20.386095912    0.251049485    0.249010095
   20.408063688    0.251033969    0.248919635
   20.430031464    0.251018057    0.248825757
   20.451999239    0.251001772    0.248728326
   20.473967015    0.250985107    0.248627202
   20.495934791    0.250968016    0.248522234
   20.517902567    0.250950425    0.248413263
   20.539870342    0.250932245    0.248300124
   20.561838118    0.250913392    0.248182643
   20.583805894    0.250893801    0.248060640
   20.605773670    0.250873444    0.247933931
   20.627741446    0.250852327    0.247802325
   20.649709221    0.250830487    0.247665629
   20.671676997    0.250807974    0.247523642
   20.693644773    0.250784834    0.247376154
   20.715612549    0.250761087    0.247222945
   20.737580324    0.250736717    0.247063783
   20.759548100    0.250711669    0.246898421
   20.781515876    0.250685853    0.246726598
   20.803483652    0.250659163    0.246548037
   20.825451427    0.250631495    0.246362453
   20.847419203    0.250602770    0.246169552
   20.869386979    0.250572943    0.245969039
   20.891354755    0.250542012    0.245760613
   20.913322531    0.250510006    0.245543976
   20.935290306    0.250476972    0.245318828
   20.957258082    0.250442949    0.245084860
   20.979225858    0.250407952    0.244841747
   21.001193634    0.250371954    0.244589134
   21.023161409    0.250334882    0.244326629
   21.045129185    0.250296625    0.244053786
   21.067096961    0.250257052    0.243770096
   21.089064737    0.250216033    0.243474984
   21.111032512    0.250173463    0.243167811
   21.133000288    0.250129278    0.242847879
   21.154968064    0.250083457    0.242514452
   21.176935840    0.250036017    0.242166772
   21.198903615    0.249986996    0.241804094
   21.220871391    0.249936423    0.241425708
   21.242839167    0.249884300    0.241030975
   21.264806943    0.249830580    0.240619353
   21.286774719    0.249775165    0.240190418
   21.308742494    0.249717914    0.239743882
   21.330710270    0.249658656    0.239279603
   21.352678046    0.249597223    0.238797584
   21.374645822    0.249533472    0.238297974
   21.396613597    0.249467305    0.237781053
   21.418581373    0.249398674    0.237247224
   21.440549149    0.249327572    0.236696996
   21.462516925    0.249254017    0.236130969
   21.484484700    0.249178019    0.235549823
   21.506452476    0.249099555    0.234954299
   21.528420252    0.249018548    0.234345191
   21.550388028    0.248934860    0.233723333
   21.572355804    0.248848298    0.233089592
   21.594323579    0.248758637    0.232444849
   21.616291355    0.248665647    0.231789996
   21.638259131    0.248569127    0.231125921
   21.660226907    0.248468926    0.230453498
   21.682194682    0.248364947    0.229773573
   21.704162458    0.248257144    0.229086958
   21.726130234    0.248145500    0.228394420
   21.748098010    0.248029989    0.227696670
   21.770065785    0.247910546    0.226994357
   21.792033561    0.247787044    0.226288057
   21.814001337    0.247659279    0.225578266
   21.835969113    0.247526982    0.224865386
   21.857936889    0.247389839    0.224149712
   21.879904664    0.247247529    0.223431412
   21.901872440    0.247099758    0.222710510
   21.923840216    0.246946286    0.221986863
   21.945807992    0.246786940    0.221260140
   21.967775767    0.246621608    0.220529800
   21.989743543    0.246450206    0.219795082
   22.011711319    0.246272646    0.219054989
   22.033679095    0.246088794    0.218308291
   22.055646870    0.245898435    0.217553532
   22.077614646    0.245701262    0.216789042
   22.099582422    0.245496881    0.216012964
   22.121550198    0.245284838    0.215223279
   22.143517973    0.245064662    0.214417841
   22.165485749    0.244835908    0.213594410
   22.187453525    0.244598194    0.212750681
   22.209421301    0.244351215    0.211884316
   22.231389077    0.244094741    0.210992967
   22.253356852    0.243828579    0.210074292
   22.275324628    0.243552531    0.209125973
   22.297292404    0.243266341    0.208145720
   22.319260180    0.242969651    0.207131277
   22.341227955    0.242661981    0.206080428
   22.363195731    0.242342731    0.204990997
   22.385163507    0.242011220    0.203860846
   22.407131283    0.241666729    0.202687884
   22.429099058    0.241308566    0.201470064
   22.451066834    0.240936111    0.200205388
   22.473034610    0.240548840    0.198891914
   22.495002386    0.240146324    0.197527755
   22.516970162    0.239728186    0.196111093
   22.538937937    0.239294046    0.194640178
   22.560905713    0.238843445    0.193113339
   22.582873489    0.238375788    0.191528995
   22.604841265    0.237890308    0.189885665
   22.626809040    0.237386070    0.188181979
   22.648776816    0.236862005    0.186416700
   22.670744592    0.236316986    0.184588734
   22.692712368    0.235749900    0.182697151
   22.714680143    0.235159729    0.180741204
   22.736647919    0.234545583    0.178720339
   22.758615695    0.233906707    0.176634217
   22.780583471    0.233242427    0.174482716
   22.802551247    0.232552068    0.172265944
   22.824519022    0.231834847    0.169984239
   22.846486798    0.231089781    0.167638170
   22.868454574    0.230315624    0.165228535
   22.890422350    0.229510858    0.162756353
   22.912390125    0.228673748    0.160222859
   22.934357901    0.227802440    0.157629497
   22.956325677    0.226895094    0.154977912
   22.978293453    0.225950006    0.152269938
   23.000261228    0.224965688    0.149507594
   23.022229004    0.223940884    0.146693068
   23.044196780    0.222874499    0.143828715
   23.066164556    0.221765457    0.140917036
   23.088132331    0.220612519    0.137960672
   23.110100107    0.219414090    0.134962389
   23.132067883    0.218168091    0.131925060
   23.154035659    0.216871921    0.128851655
   23.176003435    0.215522546    0.125745221
   23.197971210    0.214116706    0.122608873
   23.219938986    0.212651222    0.119445775
   23.241906762    0.211123325    0.116259127
   23.263874538    0.209530928    0.113052149
   23.285842313    0.207872774    0.109828067
   23.307810089    0.206148360    0.106590097
   23.329777865    0.204357637    0.103341425
   23.351745641    0.202500462    0.100085191
   23.373713416    0.200575894    0.096824462
   23.395681192    0.198581416    0.093562221
   23.417648968    0.196512245    0.090301335
   23.439616744    0.194360861    0.087044545
   23.461584520    0.192116898    0.083794439
   23.483552295    0.189767478    0.080553448
   23.505520071    0.187298019    0.077323825
   23.527487847    0.184693460    0.074107649
   23.549455623    0.181939804    0.070906814
   23.571423398    0.179025783    0.067723041
   23.593391174    0.175944454    0.064557873
   23.615358950    0.172694523    0.061412688
   23.637326726    0.169281220    0.058288702
   23.659294501    0.165716603    0.055186981
   23.681262277    0.162019278    0.052108435
   23.703230053    0.158213551    0.049053833
   23.725197829    0.154328150    0.046023791
   23.747165605    0.150394667    0.043018779
   23.769133380    0.146445921    0.040039112
   23.791101156    0.142514427    0.037084949
   23.813068932    0.138631109    0.034156287
   23.835036708    0.134824364    0.031252964
   23.857004483    0.131119496    0.028374653
   23.878972259    0.127538497    0.025520868
   23.900940035    0.124100087    0.022690969
   23.922907811    0.120819920    0.019884167
   23.944875586    0.117710847    0.017099529
   23.966843362    0.114783133    0.014335991
   23.988811138    0.112044607    0.011592360
   24.010778914    0.109500694    0.008867327
   24.032746689    0.107154386    0.006159465
   24.054714465    0.105006178    0.003467239
   24.076682241    0.103054030    0.000789010
   24.098650017    0.101293398   -0.001876964
   24.120617793    0.099717348   -0.004532516
   24.142585568    0.098316739   -0.007179571
   24.164553344    0.097080417   -0.009820131
   24.186521120    0.095995369   -0.012456262
   24.208488896    0.095046735   -0.015090089
   24.230456671    0.094217655   -0.017723771
   24.252424447    0.093488898   -0.020359496
   24.274392223    0.092838312   -0.022999458
   24.296359999    0.092240176   -0.025645852
   24.318327774    0.091664555   -0.028300859
   24.340295550    0.091076808   -0.030966638
   24.362263326    0.090437400   -0.033645322
   24.384231102    0.089702111   -0.036339015
   24.406198878    0.088822735   -0.039049786
   24.428166653    0.087748248   -0.041779672
   24.450134429    0.086426379   -0.044530672
   24.472102205    0.084805455   -0.047304742
   24.494069981    0.082836322   -0.050103795
   24.516037756    0.080474153   -0.052929693
   24.538005532    0.077679951   -0.055784236
   24.559973308    0.074421593   -0.058669160
   24.581941084    0.070674340   -0.061586127
   24.603908859    0.066420784   -0.064536716
   24.625876635    0.061650308   -0.067522422
   24.647844411    0.056358165   -0.070544646
   24.669812187    0.050544334   -0.073604695
   24.691779963    0.044212314   -0.076703779
   24.713747738    0.037368015   -0.079843004
   24.735715514    0.030018835   -0.083023377
   24.757683290    0.022173012   -0.086245796
   24.779651066    0.013839232   -0.089511049
   24.801618841    0.005026495   -0.092819815
   24.823586617   -0.004255861   -0.096172653
   24.845554393   -0.013998011   -0.099570005
   24.867522169   -0.024189461   -0.103012193
   24.889489944   -0.034818859   -0.106499414
   24.911457720   -0.045873824   -0.110031746
   24.933425496   -0.057340776   -0.113609144
   24.955393272   -0.069204749   -0.117231442
   24.977361047   -0.081449149   -0.120898358
   24.999328823   -0.094055438   -0.124609492
   25.021296599   -0.107002745   -0.128364329
   25.043264375   -0.120267429   -0.132162241
   25.065232151   -0.133822627   -0.136002484
   25.087199926   -0.147637880   -0.139884203
   25.109167702   -0.161678880   -0.143806430
   25.131135478   -0.175907411   -0.147768084
   25.153103254   -0.190281519   -0.151767979
   25.175071029   -0.204755915   -0.155804820
   25.197038805   -0.219282583   -0.159877210
   25.219006581   -0.233811533   -0.163983656
   25.240974357   -0.248291623   -0.168122570
   25.262942132   -0.262671371   -0.172292275
   25.284909908   -0.276899669   -0.176491008
   25.306877684   -0.290926373   -0.180716923
   25.328845460   -0.304702721   -0.184968094
   25.350813236   -0.318181606   -0.189242515
   25.372781011   -0.331317729   -0.193538108
   25.394748787   -0.344067685   -0.197852722
   25.416716563   -0.356390038   -0.202184138
   25.438684339   -0.368245416   -0.206530076
   25.460652114   -0.379596668   -0.210888201
   25.482619890   -0.390409065   -0.215256127
   25.504587666   -0.400650550   -0.219631428
   25.526555442   -0.410291981   -0.224011638
   25.548523217   -0.419307342   -0.228394261
   25.570490993   -0.427673900   -0.232776772
   25.592458769   -0.435372267   -0.237156620
   25.614426545   -0.442386411   -0.241531232
   25.636394321   -0.448703604   -0.245898015
   25.658362096   -0.454314380   -0.250254362
   25.680329872   -0.459212524   -0.254597657
   25.702297648   -0.463395150   -0.258925283
   25.724265424   -0.466862870   -0.263234631
   25.746233199   -0.469620056   -0.267523109
   25.768200975   -0.471675169   -0.271788153
   25.790168751   -0.473041071   -0.276027231
   25.812136527   -0.473735276   -0.280237849
   25.834104302   -0.473780034   -0.284417550
   25.856072078   -0.473202220   -0.288563911
   25.878039854   -0.472032951   -0.292674534
   25.900007630   -0.470306975   -0.296747039
   25.921975405   -0.468061837   -0.300779055
   25.943943181   -0.465336912   -0.304768213
   25.965910957   -0.462172408   -0.308712147
   25.987878733   -0.458608430   -0.312608498
   26.009846509   -0.454684228   -0.316454926
   26.031814284   -0.450437689   -0.320249134
   26.053782060   -0.445905113   -0.323988890
   26.075749836   -0.441121289   -0.327672059
   26.097717612   -0.436119803   -0.331296641
   26.119685387   -0.430933518   -0.334860798
   26.141653163   -0.425595116   -0.338362884
   26.163620939   -0.420137600   -0.341801474
   26.185588715   -0.414594675   -0.345175376
   26.207556490   -0.409000924   -0.348483641
   26.229524266   -0.403391776   -0.351725572
   26.251492042   -0.397803254   -0.354900714
   26.273459818   -0.392271567   -0.358008851
   26.295427594   -0.386832612   -0.361049994
   26.317395369   -0.381521468   -0.364024368
   26.339363145   -0.376371962   -0.366932397
   26.361330921   -0.371416371   -0.369774692
   26.383298697   -0.366685282   -0.372552040
   26.405266472   -0.362207619   -0.375265383
   26.427234248   -0.358010791   -0.377915811
   26.449202024   -0.354120901   -0.380504549
   26.471169800   -0.350562954   -0.383032937
   26.493137575   -0.347360982   -0.385502426
   26.515105351   -0.344538040   -0.387914556
   26.537073127   -0.342116048   -0.390270950
   26.559040903   -0.340115477   -0.392573300
   26.581008679   -0.338554934   -0.394823356
   26.602976454   -0.337450694   -0.397022916
   26.624944230   -0.336816272   -0.399173818
   26.646912006   -0.336662095   -0.401277923
   26.668879782   -0.336995346   -0.403337111
   26.690847557   -0.337820009   -0.405353259
   26.712815333   -0.339137110   -0.407328228
   26.734783109   -0.340945120   -0.409263840
   26.756750885   -0.343240462   -0.411161856
   26.778718660   -0.346018038   -0.413023952
   26.800686436   -0.349271701   -0.414851692
   26.822654212   -0.352994605   -0.416646507
   26.844621988   -0.357179394   -0.418409673
   26.866589763   -0.361818216   -0.420142296
   26.888557539   -0.366902585   -0.421845302
   26.910525315   -0.372423144   -0.423519436
   26.932493091   -0.378369386   -0.425165268
   26.954460867   -0.384729392   -0.426783202
   26.976428642   -0.391489654   -0.428373497
   26.998396418   -0.398635006   -0.429936284
   27.020364194   -0.406148672   -0.431471591
   27.042331970   -0.414012421   -0.432979368
   27.064299745   -0.422206784   -0.434459508
   27.086267521   -0.430711289   -0.435911863
   27.108235297   -0.439504683   -0.437336262
   27.130203073   -0.448565077   -0.438732520
   27.152170848   -0.457870037   -0.440100444
   27.174138624   -0.467396597   -0.441439838
   27.196106400   -0.477121219   -0.442750500
   27.218074176   -0.487019750   -0.444032219
   27.240041952   -0.497067393   -0.445284772
   27.262009727   -0.507238726   -0.446507923
   27.283977503   -0.517507790   -0.447701413
   27.305945279   -0.527848228   -0.448864960
   27.327913055   -0.538233480   -0.449998259
   27.349880830   -0.548636981   -0.451100973
   27.371848606   -0.559032351   -0.452172743
   27.393816382   -0.569393530   -0.453213179
   27.415784158   -0.579694863   -0.454221872
   27.437751933   -0.589911110   -0.455198391
   27.459719709   -0.600017418   -0.456142293
   27.481687485   -0.609989261   -0.457053132
   27.503655261   -0.619802389   -0.457930465
   27.525623036   -0.629432803   -0.458773870
   27.547590812   -0.638856792   -0.459582953
   27.569558588   -0.648051005   -0.460357367
   27.591526364   -0.656992582   -0.461096825
   27.613494140   -0.665659293   -0.461801110
   27.635461915   -0.674029686   -0.462470093
   27.657429691   -0.682083189   -0.463103738
   27.679397467   -0.689800179   -0.463702109
   27.701365243   -0.697161990   -0.464265375
   27.723333018   -0.704150881   -0.464793809
   27.745300794   -0.710749977   -0.465287788
   27.767268570   -0.716943220   -0.465747785
   27.789236346   -0.722715332   -0.466174368
   27.811204121   -0.728051833   -0.466568190
   27.833171897   -0.732939100   -0.466929986
   27.855139673   -0.737364469   -0.467260562
   27.877107449   -0.741316362   -0.467560793
   27.899075225   -0.744784404   -0.467831617
   27.921043000   -0.747759518   -0.468074027
   27.943010776   -0.750233977   -0.468289067
   27.964978552   -0.752201397   -0.468477826
   27.986946328   -0.753656687   -0.468641431
   28.008914103   -0.754595977   -0.468781041
   28.030881879   -0.755016531   -0.468897839
   28.052849655   -0.754916685   -0.468993026
   28.074817431   -0.754295829   -0.469067816
   28.096785206   -0.753154424   -0.469123427
   28.118752982   -0.751494067   -0.469161078
   28.140720758   -0.749317576   -0.469181984
   28.162688534   -0.746629073   -0.469187348
   28.184656310   -0.743434043   -0.469178358
   28.206624085   -0.739739343   -0.469156178
   28.228591861   -0.735553162   -0.469121941
   28.250559637   -0.730884924   -0.469076739
   28.272527413   -0.725745171   -0.469021613
   28.294495188   -0.720145427   -0.468957545
   28.316462964   -0.714098087   -0.468885443
   28.338430740   -0.707616354   -0.468806141
   28.360398516   -0.700714213   -0.468720388
   28.382366291   -0.693406464   -0.468628848
   28.404334067   -0.685708781   -0.468532107
   28.426301843   -0.677637771   -0.468430674
   28.448269619   -0.669211016   -0.468324996
   28.470237394   -0.660447067   -0.468215466
   28.492205170   -0.651365377   -0.468102441
   28.514172946   -0.641986184   -0.467986251
   28.536140722   -0.632330354   -0.467867209
   28.558108498   -0.622419215   -0.467745624
   28.580076273   -0.612274420   -0.467621800
   28.602044049   -0.601917841   -0.467496042
   28.624011825   -0.591371538   -0.467368651
   28.645979601   -0.580657782   -0.467239925
   28.667947376   -0.569799117   -0.467110153
   28.689915152   -0.558818436   -0.466979613
   28.711882928   -0.547739034   -0.466848569
   28.733850704   -0.536584608   -0.466717272
   28.755818479   -0.525379192   -0.466585962
   28.777786255   -0.514147014   -0.466454871
   28.799754031   -0.502912317   -0.466324224
   28.821721807   -0.491699140   -0.466194244
   28.843689583   -0.480531141   -0.466065152
   28.865657358   -0.469431458   -0.465937169
   28.887625134   -0.458422664   -0.465810512
   28.909592910   -0.447526798   -0.465685389
   28.931560686   -0.436765467   -0.465561996
   28.953528461   -0.426159989   -0.465440508
   28.975496237   -0.415731515   -0.465321074
   28.997464013   -0.405501103   -0.465203811
   29.019431789   -0.395489704   -0.465088805
   29.041399564   -0.385718044   -0.464976103
   29.063367340   -0.376206414   -0.464865721
   29.085335116   -0.366974408   -0.464757642
   29.107302892   -0.358040652   -0.464651822
   29.129270668   -0.349422587   -0.464548191
   29.151238443   -0.341136351   -0.464446662
   29.173206219   -0.333196787   -0.464347124
   29.195173995   -0.325617590   -0.464249451
   29.217141771   -0.318411558   -0.464153494
   29.239109546   -0.311590901   -0.464059084
   29.261077322   -0.305167534   -0.463966024
   29.283045098   -0.299153312   -0.463874089
   29.305012874   -0.293560119   -0.463783021
   29.326980649   -0.288399809   -0.463692531
   29.348948425   -0.283683988   -0.463602296
   29.370916201   -0.279423659   -0.463511961
   29.392883977   -0.275628801   -0.463421148
   29.414851752   -0.272307932   -0.463329454
   29.436819528   -0.269467732   -0.463236458
   29.458787304   -0.267112767   -0.463141730
   29.480755080   -0.265245363   -0.463044834
   29.502722856   -0.263865609   -0.462945334
   29.524690631   -0.262971484   -0.462842799
   29.546658407   -0.262559061   -0.462736803
   29.568626183   -0.262622734   -0.462626936
   29.590593959   -0.263155431   -0.462512797
   29.612561734   -0.264148766   -0.462394006
   29.634529510   -0.265593127   -0.462270198
   29.656497286   -0.267477690   -0.462141031
   29.678465062   -0.269790393   -0.462006183
   29.700432837   -0.272517880   -0.461865357
   29.722400613   -0.275645470   -0.461718279
   29.744368389   -0.279157150   -0.461564700
   29.766336165   -0.283035620   -0.461404399
   29.788303941   -0.287262382   -0.461237178
   29.810271716   -0.291817856   -0.461062866
   29.832239492   -0.296681501   -0.460881322
   29.854207268   -0.301831933   -0.460692429
   29.876175044   -0.307246995   -0.460496100
   29.898142819   -0.312903798   -0.460292280
   29.920110595   -0.318778726   -0.460080944
   29.942078371   -0.324847422   -0.459862103
   29.964046147   -0.331084772   -0.459635801
   29.986013922   -0.337464911   -0.459402120
   30.007981698   -0.343961274   -0.459161178
   30.029949474   -0.350546675   -0.458913130
   30.051917250   -0.357193440   -0.458658169
   30.073885026   -0.363873556   -0.458396523
   30.095852801   -0.370558832   -0.458128453
   30.117820577   -0.377221041   -0.457854254
   30.139788353   -0.383832039   -0.457574255
   30.161756129   -0.390363851   -0.457288815
   30.183723904   -0.396788727   -0.456998323
   30.205691680   -0.403079179   -0.456703200
   30.227659456   -0.409208028   -0.456403894
   30.249627232   -0.415148457   -0.456100883
   30.271595007   -0.420874115   -0.455794669
   30.293562783   -0.426359248   -0.455485780
   30.315530559   -0.431578877   -0.455174766
   30.337498335   -0.436508989   -0.454862195
   30.359466110   -0.441126750   -0.454548653
   30.381433886   -0.445410699   -0.454234736
   30.403401662   -0.449340912   -0.453921052
   30.425369438   -0.452899136   -0.453608217
   30.447337214   -0.456068889   -0.453296851
   30.469304989   -0.458835524   -0.452987578
   30.491272765   -0.461186284   -0.452681025
   30.513240541   -0.463110349   -0.452377817
   30.535208317   -0.464598905   -0.452078579
   30.557176092   -0.465645210   -0.451783928
   30.579143868   -0.466244691   -0.451494477
   30.601111644   -0.466395042   -0.451210827
   30.623079420   -0.466096307   -0.450933566
   30.645047195   -0.465350959   -0.450663265
   30.667014971   -0.464163933   -0.450400477
   30.688982747   -0.462542632   -0.450145731
   30.710950523   -0.460496895   -0.449899536
   30.732918299   -0.458038935   -0.449662374
   30.754886074   -0.455183257   -0.449434701
   30.776853850   -0.451946569   -0.449216948
   30.798821626   -0.448347695   -0.449009514
   30.820789402   -0.444407479   -0.448812771
   30.842757177   -0.440148695   -0.448627058
   30.864724953   -0.435595944   -0.448452679
   30.886692729   -0.430775525   -0.448289906
   30.908660505   -0.425715287   -0.448138970
   30.930628280   -0.420444439   -0.448000067
   30.952596056   -0.414993341   -0.447873351
   30.974563832   -0.409393275   -0.447758939
   30.996531608   -0.403676224   -0.447656911
   31.018499384   -0.397874664   -0.447567310
   31.040467159   -0.392021400   -0.447490141
   31.062434935   -0.386149439   -0.447425379
   31.084402711   -0.380291915   -0.447372964
   31.106370487   -0.374482031   -0.447332805
   31.128338262   -0.368753022   -0.447304778
   31.150306038   -0.363138089   -0.447288730
   31.172273814   -0.357670295   -0.447284479
   31.194241590   -0.352382403   -0.447291812
   31.216209365   -0.347306643   -0.447310492
   31.238177141   -0.342474422   -0.447340258
   31.260144917   -0.337916001   -0.447380827
   31.282112693   -0.333660153   -0.447431903
   31.304080468   -0.329733856   -0.447493174
   31.326048244   -0.326162026   -0.447564322
   31.348016020   -0.322967330   -0.447645020
   31.369983796   -0.320170074   -0.447734935
   31.391951572   -0.317788154   -0.447833730
   31.413919347   -0.315837069   -0.447941063
   31.435887123   -0.314329949   -0.448056582
   31.457854899   -0.313277598   -0.448179931
   31.479822675   -0.312688505   -0.448310743
   31.501790450   -0.312568843   -0.448448648
   31.523758226   -0.312922436   -0.448593268
   31.545726002   -0.313750726   -0.448744228
   31.567693778   -0.315052752   -0.448901156
   31.589661553   -0.316825166   -0.449063691
   31.611629329   -0.319062311   -0.449231487
   31.633597105   -0.321756354   -0.449404217
   31.655564881   -0.324897493   -0.449581578
   31.677532657   -0.328474202   -0.449763294
   31.699500432   -0.332473505   -0.449949111
   31.721468208   -0.336881239   -0.450138800
   31.743435984   -0.341682298   -0.450332156
   31.765403760   -0.346860822   -0.450528991
   31.787371535   -0.352400339   -0.450729135
   31.809339311   -0.358283856   -0.450932432
   31.831307087   -0.364493916   -0.451138742
   31.853274863   -0.371012642   -0.451347935
   31.875242638   -0.377821774   -0.451559898
   31.897210414   -0.384902735   -0.451774532
   31.919178190   -0.392236695   -0.451991751
   31.941145966   -0.399804670   -0.452211486
   31.963113742   -0.407587599   -0.452433680
   31.985081517   -0.415566413   -0.452658289
   32.007049293   -0.423722069   -0.452885281
   32.029017069   -0.432035536   -0.453114626
   32.050984845   -0.440487737   -0.453346299
   32.072952620   -0.449059465   -0.453580270
   32.094920396   -0.457731282   -0.453816503
   32.116888172   -0.466483436   -0.454054947
   32.138855948   -0.475295818   -0.454295535
   32.160823723   -0.484147974   -0.454538176
   32.182791499   -0.493019196   -0.454782751
   32.204759275   -0.501888658   -0.455029109
   32.226727051   -0.510735610   -0.455277065
   32.248694826   -0.519539583   -0.455526391
   32.270662602   -0.528280578   -0.455776818
   32.292630378   -0.536939221   -0.456028032
   32.314598154   -0.545496852   -0.456279675
   32.336565930   -0.553935553   -0.456531342
   32.358533705   -0.562238117   -0.456782587
   32.380501481   -0.570387975   -0.457032919
   32.402469257   -0.578369114   -0.457281813
   32.424437033   -0.586165996   -0.457528708
   32.446404808   -0.593763518   -0.457773009
   32.468372584   -0.601147006   -0.458014096
   32.490340360   -0.608302260   -0.458251325
   32.512308136   -0.615215618   -0.458484026
   32.534275911   -0.621874041   -0.458711516
   32.556243687   -0.628265187   -0.458933092
   32.578211463   -0.634377452   -0.459148041
   32.600179239   -0.640199978   -0.459355644
   32.622147015   -0.645722621   -0.459555175
   32.644114790   -0.650935890   -0.459745914
   32.666082566   -0.655830867   -0.459927148
   32.688050342   -0.660399137   -0.460098179
   32.710018118   -0.664632749   -0.460258330
   32.731985893   -0.668524196   -0.460406953
   32.753953669   -0.672066452   -0.460543434
   32.775921445   -0.675253027   -0.460667199
   32.797889221   -0.678078048   -0.460777718
   32.819856996   -0.680536334   -0.460874514
   32.841824772   -0.682623454   -0.460957162
   32.863792548   -0.684335754   -0.461025295
   32.885760324   -0.685670352   -0.461078609
   32.907728100   -0.686625097   -0.461116865
   32.929695875   -0.687198514   -0.461139888
   32.951663651   -0.687389746   -0.461147574
   32.973631427   -0.687198513   -0.461139887
   32.995599203   -0.686625096   -0.461116864
   33.017566978   -0.685670351   -0.461078608
   33.039534754   -0.684335752   -0.461025293
   33.061502530   -0.682623451   -0.460957159
   33.083470306   -0.680536331   -0.460874511
   33.105438081   -0.678078045   -0.460777714
   33.127405857   -0.675253023   -0.460667194
   33.149373633   -0.672066447   -0.460543429
   33.171341409   -0.668524190   -0.460406947
   33.193309184   -0.664632743   -0.460258324
   33.215276960   -0.660399131   -0.460098172
   33.237244736   -0.655830860   -0.459927140
   33.259212512   -0.650935883   -0.459745906
   33.281180288   -0.645722613   -0.459555166
   33.303148063   -0.640199969   -0.459355634
   33.325115839   -0.634377443   -0.459148031
   33.347083615   -0.628265178   -0.458933081
   33.369051391   -0.621874031   -0.458711505
   33.391019166   -0.615215607   -0.458484015
   33.412986942   -0.608302249   -0.458251312
   33.434954718   -0.601146995   -0.458014084
   33.456922494   -0.593763506   -0.457772996
   33.478890269   -0.586165984   -0.457528694
   33.500858045   -0.578369101   -0.457281799
   33.522825821   -0.570387962   -0.457032904
   33.544793597   -0.562238102   -0.456782571
   33.566761373   -0.553935538   -0.456531326
   33.588729148   -0.545496837   -0.456279658
   33.610696924   -0.536939206   -0.456028015
   33.632664700   -0.528280562   -0.455776800
   33.654632476   -0.519539566   -0.455526372
   33.676600251   -0.510735593   -0.455277046
   33.698568027   -0.501888640   -0.455029090
   33.720535803   -0.493019177   -0.454782730
   33.742503579   -0.484147955   -0.454538155
   33.764471354   -0.475295798   -0.454295513
   33.786439130   -0.466483416   -0.454054925
   33.808406906   -0.457731261   -0.453816480
   33.830374682   -0.449059443   -0.453580247
   33.852342457   -0.440487715   -0.453346275
   33.874310233   -0.432035513   -0.453114602
   33.896278009   -0.423722046   -0.452885256
   33.918245785   -0.415566390   -0.452658264
   33.940213561   -0.407587575   -0.452433653
   33.962181336   -0.399804645   -0.452211459
   33.984149112   -0.392236670   -0.451991724
   34.006116888   -0.384902708   -0.451774504
   34.028084664   -0.377821748   -0.451559870
   34.050052439   -0.371012614   -0.451347906
   34.072020215   -0.364493888   -0.451138712
   34.093987991   -0.358283827   -0.450932402
   34.115955767   -0.352400310   -0.450729104
   34.137923542   -0.346860792   -0.450528960
   34.159891318   -0.341682268   -0.450332124
   34.181859094   -0.336881208   -0.450138768
   34.203826870   -0.332473473   -0.449949077
   34.225794646   -0.328474170   -0.449763260
   34.247762421   -0.324897460   -0.449581544
   34.269730197   -0.321756320   -0.449404182
   34.291697973   -0.319062276   -0.449231451
   34.313665749   -0.316825131   -0.449063655
   34.335633524   -0.315052716   -0.448901120
   34.357601300   -0.313750690   -0.448744191
   34.379569076   -0.312922399   -0.448593230
   34.401536852   -0.312568806   -0.448448609
   34.423504627   -0.312688467   -0.448310705
   34.445472403   -0.313277559   -0.448179892
   34.467440179   -0.314329909   -0.448056543
   34.489407955   -0.315837028   -0.447941023
   34.511375731   -0.317788113   -0.447833690
   34.533343506   -0.320170032   -0.447734893
   34.555311282   -0.322967287   -0.447644977
   34.577279058   -0.326161982   -0.447564279
   34.599246834   -0.329733811   -0.447493131
   34.621214609   -0.333660108   -0.447431859
   34.643182385   -0.337915955   -0.447380783
   34.665150161   -0.342474376   -0.447340213
   34.687117937   -0.347306595   -0.447310447
   34.709085712   -0.352382355   -0.447291767
   34.731053488   -0.357670246   -0.447284433
   34.753021264   -0.363138039   -0.447288684
   34.774989040   -0.368752972   -0.447304731
   34.796956815   -0.374481981   -0.447332757
   34.818924591   -0.380291864   -0.447372916
   34.840892367   -0.386149387   -0.447425330
   34.862860143   -0.392021347   -0.447490092
   34.884827919   -0.397874611   -0.447567260
   34.906795694   -0.403676170   -0.447656861
   34.928763470   -0.409393221   -0.447758888
   34.950731246   -0.414993286   -0.447873299
   34.972699022   -0.420444383   -0.448000015
   34.994666797   -0.425715231   -0.448138918
   35.016634573   -0.430775468   -0.448289853
   35.038602349   -0.435595886   -0.448452626
   35.060570125   -0.440148637   -0.448627004
   35.082537900   -0.444407421   -0.448812717
   35.104505676   -0.448347636   -0.449009460
   35.126473452   -0.451946510   -0.449216893
   35.148441228   -0.455183197   -0.449434646
   35.170409004   -0.458038875   -0.449662318
   35.192376779   -0.460496835   -0.449899480
   35.214344555   -0.462542571   -0.450145674
   35.236312331   -0.464163871   -0.450400419
   35.258280107   -0.465350897   -0.450663207
   35.280247882   -0.466096245   -0.450933508
   35.302215658   -0.466394979   -0.451210769
   35.324183434   -0.466244629   -0.451494418
   35.346151210   -0.465645146   -0.451783869
   35.368118985   -0.464598841   -0.452078519
   35.390086761   -0.463110285   -0.452377757
   35.412054537   -0.461186219   -0.452680965
   35.434022313   -0.458835459   -0.452987517
   35.455990089   -0.456068824   -0.453296790
   35.477957864   -0.452899071   -0.453608155
   35.499925640   -0.449340846   -0.453920990
   35.521893416   -0.445410633   -0.454234674
   35.543861192   -0.441126683   -0.454548590
   35.565828967   -0.436508921   -0.454862132
   35.587796743   -0.431578808   -0.455174702
   35.609764519   -0.426359180   -0.455485716
   35.631732295   -0.420874046   -0.455794604
   35.653700070   -0.415148387   -0.456100818
   35.675667846   -0.409207957   -0.456403829
   35.697635622   -0.403079109   -0.456703135
   35.719603398   -0.396788655   -0.456998258
   35.741571173   -0.390363779   -0.457288749
   35.763538949   -0.383831967   -0.457574189
   35.785506725   -0.377220968   -0.457854188
   35.807474501   -0.370558759   -0.458128386
   35.829442277   -0.363873482   -0.458396456
   35.851410052   -0.357193365   -0.458658102
   35.873377828   -0.350546599   -0.458913063
   35.895345604   -0.343961197   -0.459161110
   35.917313380   -0.337464834   -0.459402052
   35.939281155   -0.331084694   -0.459635733
   35.961248931   -0.324847344   -0.459862034
   35.983216707   -0.318778647   -0.460080875
   36.005184483   -0.312903718   -0.460292211
   36.027152258   -0.307246915   -0.460496031
   36.049120034   -0.301831852   -0.460692359
   36.071087810   -0.296681419   -0.460881252
   36.093055586   -0.291817773   -0.461062796
   36.115023362   -0.287262299   -0.461237107
   36.136991137   -0.283035536   -0.461404328
   36.158958913   -0.279157065   -0.461564629
   36.180926689   -0.275645384   -0.461718207
   36.202894465   -0.272517794   -0.461865285
   36.224862240   -0.269790306   -0.462006111
   36.246830016   -0.267477603   -0.462140959
   36.268797792   -0.265593038   -0.462270126
   36.290765568   -0.264148677   -0.462393933
   36.312733343   -0.263155341   -0.462512724
   36.334701119   -0.262622644   -0.462626863
   36.356668895   -0.262558970   -0.462736730
   36.378636671   -0.262971393   -0.462842725
   36.400604447   -0.263865517   -0.462945261
   36.422572222   -0.265245271   -0.463044760
   36.444539998   -0.267112674   -0.463141656
   36.466507774   -0.269467638   -0.463236383
   36.488475550   -0.272307838   -0.463329379
   36.510443325   -0.275628706   -0.463421074
   36.532411101   -0.279423563   -0.463511886
   36.554378877   -0.283683892   -0.463602220
   36.576346653   -0.288399713   -0.463692456
   36.598314428   -0.293560022   -0.463782946
   36.620282204   -0.299153215   -0.463874013
   36.642249980   -0.305167437   -0.463965948
   36.664217756   -0.311590803   -0.464059008
   36.686185531   -0.318411461   -0.464153418
   36.708153307   -0.325617492   -0.464249374
   36.730121083   -0.333196688   -0.464347047
   36.752088859   -0.341136252   -0.464446584
   36.774056635   -0.349422489   -0.464548114
   36.796024410   -0.358040553   -0.464651744
   36.817992186   -0.366974309   -0.464757564
   36.839959962   -0.376206315   -0.464865643
   36.861927738   -0.385717944   -0.464976025
   36.883895513   -0.395489604   -0.465088726
   36.905863289   -0.405501003   -0.465203733
   36.927831065   -0.415731415   -0.465320995
   36.949798841   -0.426159889   -0.465440429
   36.971766616   -0.436765367   -0.465561917
   36.993734392   -0.447526698   -0.465685310
   37.015702168   -0.458422564   -0.465810433
   37.037669944   -0.469431358   -0.465937090
   37.059637720   -0.480531041   -0.466065072
   37.081605495   -0.491699041   -0.466194164
   37.103573271   -0.502912217   -0.466324144
   37.125541047   -0.514146915   -0.466454791
   37.147508823   -0.525379092   -0.466585881
   37.169476598   -0.536584509   -0.466717191
   37.191444374   -0.547738935   -0.466848487
   37.213412150   -0.558818337   -0.466979531
   37.235379926   -0.569799018   -0.467110072
   37.257347701   -0.580657683   -0.467239844
   37.279315477   -0.591371439   -0.467368569
   37.301283253   -0.601917742   -0.467495960
   37.323251029   -0.612274322   -0.467621718
   37.345218805   -0.622419118   -0.467745541
   37.367186580   -0.632330256   -0.467867126
   37.389154356   -0.641986087   -0.467986168
   37.411122132   -0.651365281   -0.468102358
   37.433089908   -0.660446971   -0.468215383
   37.455057683   -0.669210920   -0.468324912
   37.477025459   -0.677637675   -0.468430590
   37.498993235   -0.685708686   -0.468532023
   37.520961011   -0.693406370   -0.468628764
   37.542928786   -0.700714119   -0.468720303
   37.564896562   -0.707616260   -0.468806057
   37.586864338   -0.714097994   -0.468885358
   37.608832114   -0.720145334   -0.468957460
   37.630799889   -0.725745079   -0.469021528
   37.652767665   -0.730884833   -0.469076653
   37.674735441   -0.735553070   -0.469121855
   37.696703217   -0.739739252   -0.469156092
   37.718670993   -0.743433953   -0.469178272
   37.740638768   -0.746628983   -0.469187262
   37.762606544   -0.749317487   -0.469181898
   37.784574320   -0.751493979   -0.469160992
   37.806542096   -0.753154336   -0.469123340
   37.828509871   -0.754295742   -0.469067729
   37.850477647   -0.754916599   -0.468992939
   37.872445423   -0.755016445   -0.468897752
   37.894413199   -0.754595892   -0.468780954
   37.916380974   -0.753656602   -0.468641344
   37.938348750   -0.752201312   -0.468477738
   37.960316526   -0.750233893   -0.468288979
   37.982284302   -0.747759435   -0.468073939
   38.004252078   -0.744784321   -0.467831529
   38.026219853   -0.741316280   -0.467560705
   38.048187629   -0.737364387   -0.467260474
   38.070155405   -0.732939018   -0.466929898
   38.092123181   -0.728051752   -0.466568102
   38.114090956   -0.722715252   -0.466174280
   38.136058732   -0.716943140   -0.465747696
   38.158026508   -0.710749898   -0.465287699
   38.179994284   -0.704150802   -0.464793720
   38.201962059   -0.697161912   -0.464265286
   38.223929835   -0.689800101   -0.463702020
   38.245897611   -0.682083112   -0.463103649
   38.267865387   -0.674029609   -0.462470004
   38.289833163   -0.665659216   -0.461801021
   38.311800938   -0.656992505   -0.461096735
   38.333768714   -0.648050929   -0.460357278
   38.355736490   -0.638856716   -0.459582864
   38.377704266   -0.629432728   -0.458773780
   38.399672041   -0.619802313   -0.457930376
   38.421639817   -0.609989186   -0.457053042
   38.443607593   -0.600017343   -0.456142203
   38.465575369   -0.589911035   -0.455198301
   38.487543144   -0.579694788   -0.454221782
   38.509510920   -0.569393456   -0.453213090
   38.531478696   -0.559032277   -0.452172653
   38.553446472   -0.548636907   -0.451100883
   38.575414247   -0.538233406   -0.449998169
   38.597382023   -0.527848154   -0.448864870
   38.619349799   -0.517507716   -0.447701323
   38.641317575   -0.507238653   -0.446507833
   38.663285351   -0.497067319   -0.445284682
   38.685253126   -0.487019676   -0.444032128
   38.707220902   -0.477121145   -0.442750410
   38.729188678   -0.467396523   -0.441439748
   38.751156454   -0.457869963   -0.440100354
   38.773124229   -0.448565002   -0.438732429
   38.795092005   -0.439504608   -0.437336172
   38.817059781   -0.430711215   -0.435911773
   38.839027557   -0.422206709   -0.434459418
   38.860995332   -0.414012346   -0.432979278
   38.882963108   -0.406148597   -0.431471500
   38.904930884   -0.398634930   -0.429936193
   38.926898660   -0.391489579   -0.428373407
   38.948866436   -0.384729316   -0.426783112
   38.970834211   -0.378369310   -0.425165177
   38.992801987   -0.372423068   -0.423519345
   39.014769763   -0.366902508   -0.421845211
   39.036737539   -0.361818138   -0.420142205
   39.058705314   -0.357179316   -0.418409583
   39.080673090   -0.352994527   -0.416646417
   39.102640866   -0.349271622   -0.414851601
   39.124608642   -0.346017959   -0.413023861
   39.146576417   -0.343240382   -0.411161765
   39.168544193   -0.340945040   -0.409263749
   39.190511969   -0.339137029   -0.407328138
   39.212479745   -0.337819928   -0.405353169
   39.234447520   -0.336995264   -0.403337021
   39.256415296   -0.336662012   -0.401277833
   39.278383072   -0.336816189   -0.399173727
   39.300350848   -0.337450610   -0.397022825
   39.322318624   -0.338554849   -0.394823265
   39.344286399   -0.340115392   -0.392573209
   39.366254175   -0.342115962   -0.390270859
   39.388221951   -0.344537953   -0.387914465
   39.410189727   -0.347360894   -0.385502335
   39.432157502   -0.350562866   -0.383032847
   39.454125278   -0.354120812   -0.380504458
   39.476093054   -0.358010702   -0.377915721
   39.498060830   -0.362207529   -0.375265292
   39.520028605   -0.366685191   -0.372551949
   39.541996381   -0.371416279   -0.369774602
   39.563964157   -0.376371869   -0.366932306
   39.585931933   -0.381521374   -0.364024277
   39.607899709   -0.386832518   -0.361049904
   39.629867484   -0.392271472   -0.358008761
   39.651835260   -0.397803158   -0.354900623
   39.673803036   -0.403391680   -0.351725481
   39.695770812   -0.409000828   -0.348483550
   39.717738587   -0.414594578   -0.345175285
   39.739706363   -0.420137503   -0.341801383
   39.761674139   -0.425595018   -0.338362793
   39.783641915   -0.430933420   -0.334860707
   39.805609690   -0.436119704   -0.331296550
   39.827577466   -0.441121189   -0.327671968
   39.849545242   -0.445905013   -0.323988799
   39.871513018   -0.450437588   -0.320249043
   39.893480794   -0.454684128   -0.316454835
   39.915448569   -0.458608329   -0.312608407
   39.937416345   -0.462172306   -0.308712056
   39.959384121   -0.465336811   -0.304768122
   39.981351897   -0.468061735   -0.300778964
   40.003319672   -0.470306874   -0.296746948
   40.025287448   -0.472032849   -0.292674443
   40.047255224   -0.473202118   -0.288563820
   40.069223000   -0.473779933   -0.284417459
   40.091190775   -0.473735174   -0.280237757
   40.113158551   -0.473040970   -0.276027139
   40.135126327   -0.471675068   -0.271788061
   40.157094103   -0.469619955   -0.267523018
   40.179061878   -0.466862769   -0.263234540
   40.201029654   -0.463395050   -0.258925192
   40.222997430   -0.459212424   -0.254597566
   40.244965206   -0.454314280   -0.250254271
   40.266932982   -0.448703505   -0.245897923
   40.288900757   -0.442386312   -0.241531140
   40.310868533   -0.435372169   -0.237156528
   40.332836309   -0.427673802   -0.232776680
   40.354804085   -0.419307245   -0.228394169
   40.376771860   -0.410291884   -0.224011546
   40.398739636   -0.400650454   -0.219631335
   40.420707412   -0.390408969   -0.215256035
   40.442675188   -0.379596572   -0.210888108
   40.464642963   -0.368245321   -0.206529984
   40.486610739   -0.356389943   -0.202184046
   40.508578515   -0.344067591   -0.197852629
   40.530546291   -0.331317635   -0.193538016
   40.552514067   -0.318181512   -0.189242423
   40.574481842   -0.304702628   -0.184968001
   40.596449618   -0.290926280   -0.180716830
   40.618417394   -0.276899576   -0.176490915
   40.640385170   -0.262671278   -0.172292182
   40.662352945   -0.248291531   -0.168122477
   40.684320721   -0.233811441   -0.163983563
   40.706288497   -0.219282491   -0.159877117
   40.728256273   -0.204755823   -0.155804726
   40.750224048   -0.190281427   -0.151767886
   40.772191824   -0.175907319   -0.147767991
   40.794159600   -0.161678788   -0.143806336
   40.816127376   -0.147637788   -0.139884109
   40.838095152   -0.133822534   -0.136002390
   40.860062927   -0.120267336   -0.132162147
   40.882030703   -0.107002653   -0.128364235
   40.903998479   -0.094055345   -0.124609398
   40.925966255   -0.081449056   -0.120898264
   40.947934030   -0.069204656   -0.117231348
   40.969901806   -0.057340682   -0.113609049
   40.991869582   -0.045873730   -0.110031652
   41.013837358   -0.034818765   -0.106499320
   41.035805133   -0.024189366   -0.103012098
   41.057772909   -0.013997916   -0.099569910
   41.079740685   -0.004255766   -0.096172558
   41.101708461    0.005026590   -0.092819720
   41.123676236    0.013839328   -0.089510954
   41.145644012    0.022173108   -0.086245700
   41.167611788    0.030018932   -0.083023282
   41.189579564    0.037368111   -0.079842909
   41.211547340    0.044212411   -0.076703683
   41.233515115    0.050544431   -0.073604599
   41.255482891    0.056358263   -0.070544550
   41.277450667    0.061650406   -0.067522326
   41.299418443    0.066420883   -0.064536620
   41.321386218    0.070674439   -0.061586031
   41.343353994    0.074421692   -0.058669064
   41.365321770    0.077680050   -0.055784140
   41.387289546    0.080474253   -0.052929596
   41.409257321    0.082836422   -0.050103699
   41.431225097    0.084805555   -0.047304645
   41.453192873    0.086426479   -0.044530575
   41.475160649    0.087748348   -0.041779575
   41.497128425    0.088822836   -0.039049689
   41.519096200    0.089702212   -0.036338918
   41.541063976    0.090437501   -0.033645225
   41.563031752    0.091076909   -0.030966541
   41.584999528    0.091664656   -0.028300762
   41.606967303    0.092240277   -0.025645755
   41.628935079    0.092838413   -0.022999361
   41.650902855    0.093488999   -0.020359398
   41.672870631    0.094217757   -0.017723674
   41.694838406    0.095046836   -0.015089991
   41.716806182    0.095995470   -0.012456165
   41.738773958    0.097080519   -0.009820033
   41.760741734    0.098316840   -0.007179474
   41.782709510    0.099717449   -0.004532418
   41.804677285    0.101293499   -0.001876866
   41.826645061    0.103054131    0.000789108
   41.848612837    0.105006279    0.003467337
   41.870580613    0.107154487    0.006159563
   41.892548388    0.109500794    0.008867425
   41.914516164    0.112044707    0.011592458
   41.936483940    0.114783234    0.014336089
   41.958451716    0.117710947    0.017099627
   41.980419491    0.120820021    0.019884265
   42.002387267    0.124100187    0.022691067
   42.024355043    0.127538598    0.025520966
   42.046322819    0.131119597    0.028374751
   42.068290594    0.134824464    0.031253062
   42.090258370    0.138631209    0.034156385
   42.112226146    0.142514527    0.037085047
   42.134193922    0.146446022    0.040039210
   42.156161698    0.150394768    0.043018877
   42.178129473    0.154328251    0.046023889
   42.200097249    0.158213652    0.049053931
   42.222065025    0.162019378    0.052108533
   42.244032801    0.165716703    0.055187078
   42.266000576    0.169281320    0.058288800
   42.287968352    0.172694624    0.061412785
   42.309936128    0.175944554    0.064557971
   42.331903904    0.179025883    0.067723139
   42.353871679    0.181939905    0.070906912
   42.375839455    0.184693561    0.074107746
   42.397807231    0.187298120    0.077323923
   42.419775007    0.189767579    0.080553545
   42.441742783    0.192116999    0.083794537
   42.463710558    0.194360961    0.087044642
   42.485678334    0.196512345    0.090301433
   42.507646110    0.198581517    0.093562318
   42.529613886    0.200575995    0.096824560
   42.551581661    0.202500563    0.100085288
   42.573549437    0.204357737    0.103341523
   42.595517213    0.206148461    0.106590194
   42.617484989    0.207872874    0.109828164
   42.639452764    0.209531029    0.113052246
   42.661420540    0.211123425    0.116259224
   42.683388316    0.212651323    0.119445872
   42.705356092    0.214116806    0.122608970
   42.727323868    0.215522646    0.125745318
   42.749291643    0.216872021    0.128851752
   42.771259419    0.218168191    0.131925157
   42.793227195    0.219414190    0.134962486
   42.815194971    0.220612619    0.137960769
   42.837162746    0.221765557    0.140917133
   42.859130522    0.222874599    0.143828811
   42.881098298    0.223940984    0.146693165
   42.903066074    0.224965788    0.149507690
   42.925033849    0.225950106    0.152270035
   42.947001625    0.226895194    0.154978009
   42.968969401    0.227802540    0.157629594
   42.990937177    0.228673848    0.160222956
   43.012904952    0.229510958    0.162756449
   43.034872728    0.230315723    0.165228632
   43.056840504    0.231089880    0.167638267
   43.078808280    0.231834946    0.169984335
   43.100776056    0.232552167    0.172266040
   43.122743831    0.233242526    0.174482813
   43.144711607    0.233906806    0.176634314
   43.166679383    0.234545682    0.178720436
   43.188647159    0.235159828    0.180741300
   43.210614934    0.235749999    0.182697248
   43.232582710    0.236317085    0.184588830
   43.254550486    0.236862104    0.186416797
   43.276518262    0.237386168    0.188182076
   43.298486037    0.237890407    0.189885761
   43.320453813    0.238375886    0.191529092
   43.342421589    0.238843543    0.193113436
   43.364389365    0.239294145    0.194640274
   43.386357141    0.239728285    0.196111190
   43.408324916    0.240146422    0.197527852
   43.430292692    0.240548938    0.198892010
   43.452260468    0.240936209    0.200205485
   43.474228244    0.241308664    0.201470160
   43.496196019    0.241666827    0.202687980
   43.518163795    0.242011318    0.203860943
   43.540131571    0.242342829    0.204991093
   43.562099347    0.242662078    0.206080525
   43.584067122    0.242969749    0.207131373
   43.606034898    0.243266439    0.208145816
   43.628002674    0.243552629    0.209126069
   43.649970450    0.243828676    0.210074388
   43.671938226    0.244094838    0.210993063
   43.693906001    0.244351312    0.211884412
   43.715873777    0.244598291    0.212750777
   43.737841553    0.244836005    0.213594506
   43.759809329    0.245064759    0.214417937
   43.781777104    0.245284935    0.215223375
   43.803744880    0.245496978    0.216013060
   43.825712656    0.245701359    0.216789138
   43.847680432    0.245898531    0.217553628
   43.869648207    0.246088890    0.218308387
   43.891615983    0.246272742    0.219055084
   43.913583759    0.246450302    0.219795177
   43.935551535    0.246621704    0.220529896
   43.957519310    0.246787036    0.221260235
   43.979487086    0.246946382    0.221986958
   44.001454862    0.247099854    0.222710605
   44.023422638    0.247247625    0.223431507
   44.045390414    0.247389935    0.224149807
   44.067358189    0.247527077    0.224865481
   44.089325965    0.247659375    0.225578361
   44.111293741    0.247787139    0.226288151
   44.133261517    0.247910641    0.226994451
   44.155229292    0.248030084    0.227696765
   44.177197068    0.248145595    0.228394515
   44.199164844    0.248257239    0.229087053
   44.221132620    0.248365041    0.229773667
   44.243100395    0.248469020    0.230453592
   44.265068171    0.248569222    0.231126015
   44.287035947    0.248665741    0.231790090
   44.309003723    0.248758731    0.232444943
   44.330971499    0.248848393    0.233089686
   44.352939274    0.248934955    0.233723427
   44.374907050    0.249018642    0.234345284
   44.396874826    0.249099649    0.234954392
   44.418842602    0.249178113    0.235549917
   44.440810377    0.249254111    0.236131063
   44.462778153    0.249327666    0.236697089
   44.484745929    0.249398768    0.237247317
   44.506713705    0.249467399    0.237781146
   44.528681480    0.249533566    0.238298067
   44.550649256    0.249597316    0.238797677
   44.572617032    0.249658749    0.239279696
   44.594584808    0.249718007    0.239743975
   44.616552584    0.249775259    0.240190511
   44.638520359    0.249830673    0.240619446
   44.660488135    0.249884393    0.241031068
   44.682455911    0.249936516    0.241425800
   44.704423687    0.249987089    0.241804186
   44.726391462    0.250036110    0.242166865
   44.748359238    0.250083549    0.242514544
   44.770327014    0.250129370    0.242847972
   44.792294790    0.250173555    0.243167903
   44.814262565    0.250216125    0.243475076
   44.836230341    0.250257144    0.243770188
   44.858198117    0.250296717    0.244053878
   44.880165893    0.250334974    0.244326721
   44.902133668    0.250372046    0.244589226
   44.924101444    0.250408044    0.244841838
   44.946069220    0.250443041    0.245084952
   44.968036996    0.250477063    0.245318920
   44.990004772    0.250510098    0.245544068
   45.011972547    0.250542103    0.245760704
   45.033940323    0.250573034    0.245969130
   45.055908099    0.250602861    0.246169644
   45.077875875    0.250631586    0.246362544
   45.099843650    0.250659254    0.246548128
   45.121811426    0.250685944    0.246726689
   45.143779202    0.250711760    0.246898512
   45.165746978    0.250736808    0.247063874
   45.187714753    0.250761177    0.247223036
   45.209682529    0.250784924    0.247376244
   45.231650305    0.250808065    0.247523732
   45.253618081    0.250830578    0.247665720
   45.275585857    0.250852418    0.247802416
   45.297553632    0.250873534    0.247934021
   45.319521408    0.250893891    0.248060730
   45.341489184    0.250913482    0.248182733
   45.363456960    0.250932335    0.248300214
   45.385424735    0.250950515    0.248413353
   45.407392511    0.250968106    0.248522323
   45.429360287    0.250985197    0.248627292
   45.451328063    0.251001862    0.248728416
   45.473295838    0.251018146    0.248825846
   45.495263614    0.251034059    0.248919724
   45.517231390    0.251049575    0.249010184
   45.539199166    0.251064648    0.249097354
   45.561166941    0.251079226    0.249181357
   45.583134717    0.251093270    0.249262311
   45.605102493    0.251106766    0.249340333
   45.627070269    0.251119737    0.249415534
   45.649038045    0.251132232    0.249488026
   45.671005820    0.251144324    0.249557914
   45.692973596    0.251156089    0.249625299
   45.714941372    0.251167591    0.249690280
   45.736909148    0.251178868    0.249752948
   45.758876923    0.251189924    0.249813390
   45.780844699    0.251200734    0.249871688
   45.802812475    0.251211251    0.249927921
   45.824780251    0.251221424    0.249982162
   45.846748026    0.251231212    0.250034486
   45.868715802    0.251240601    0.250084964
   45.890683578    0.251249603    0.250133664
   45.912651354    0.251258264    0.250180655
   45.934619130    0.251266644    0.250226002
   45.956586905    0.251274811    0.250269768
   45.978554681    0.251282821    0.250312015
   46.000522457    0.251290706    0.250352798
   46.022490233    0.251298469    0.250392171
   46.044458008    0.251306083    0.250430186
   46.066425784    0.251313505    0.250466890
   46.088393560    0.251320684    0.250502328
   46.110361336    0.251327579    0.250536547
   46.132329111    0.251334173    0.250569590
   46.154296887    0.251340477    0.250601500
   46.176264663    0.251346527    0.250632320
   46.198232439    0.251352379    0.250662090
   46.220200215    0.251358093    0.250690851
   46.242167990    0.251363718    0.250718640
   46.264135766    0.251369284    0.250745494
   46.286103542    0.251374791    0.250771444
   46.308071318    0.251380213    0.250796524
   46.330039093    0.251385509    0.250820762
   46.352006869    0.251390629    0.250844188
   46.373974645    0.251395535    0.250866828
   46.395942421    0.251400208    0.250888711
   46.417910196    0.251404655    0.250909863
   46.439877972    0.251408909    0.250930311
   46.461845748    0.251413020    0.250950082
   46.483813524    0.251417042    0.250969200
   46.505781299    0.251421020    0.250987691
   46.527749075    0.251424982    0.251005577
   46.549716851    0.251428926    0.251022878
   46.571684627    0.251432828    0.251039615
   46.593652403    0.251436647    0.251055805
   46.615620178    0.251440338    0.251071468
   46.637587954    0.251443862    0.251086619
   46.659555730    0.251447200    0.251101276
   46.681523506    0.251450358    0.251115457
   46.703491281    0.251453365    0.251129179
   46.725459057    0.251456267    0.251142458
   46.747426833    0.251459114    0.251155311
   46.769394609    0.251461946    0.251167754
   46.791362384    0.251464789    0.251179802
   46.813330160    0.251467642    0.251191467
   46.835297936    0.251470481    0.251202763
   46.857265712    0.251473267    0.251213700
   46.879233488    0.251475956    0.251224290
   46.901201263    0.251478513    0.251234543
   46.923169039    0.251480917    0.251244471
   46.945136815    0.251483174    0.251254084
   46.967104591    0.251485309    0.251263394
   46.989072366    0.251487365    0.251272412
   47.011040142    0.251489388    0.251281149
   47.033007918    0.251491416    0.251289615
   47.054975694    0.251493472    0.251297819
   47.076943469    0.251495555    0.251305771
   47.098911245    0.251497643    0.251313478
   47.120879021    0.251499698    0.251320947
   47.142846797    0.251501679    0.251328186
   47.164814573    0.251503551    0.251335200
   47.186782348    0.251505295    0.251341997
   47.208750124    0.251506915    0.251348584
   47.230717900    0.251508434    0.251354969
   47.252685676    0.251509892    0.251361159
   47.274653451    0.251511332    0.251367160
   47.296621227    0.251512790    0.251372982
   47.318589003    0.251514286    0.251378628
   47.340556779    0.251515821    0.251384106
   47.362524554    0.251517373    0.251389421
   47.384492330    0.251518907    0.251394576
   47.406460106    0.251520382    0.251399575
   47.428427882    0.251521766    0.251404424
   47.450395657    0.251523040    0.251409126
   47.472363433    0.251524206    0.251413687
   47.494331209    0.251525288    0.251418110
   47.516298985    0.251526321    0.251422403
   47.538266761    0.251527346    0.251426568
   47.560234536    0.251528398    0.251430612
   47.582202312    0.251529495    0.251434538
   47.604170088    0.251530638    0.251438351
   47.626137864    0.251531805    0.251442053
   47.648105639    0.251532964    0.251445647
   47.670073415    0.251534076    0.251449135
   47.692041191    0.251535109    0.251452521
   47.714008967    0.251536046    0.251455807
   47.735976742    0.251536888    0.251458995
   47.757944518    0.251537657    0.251462091
   47.779912294    0.251538386    0.251465097
   47.801880070    0.251539115    0.251468016
   47.823847846    0.251539874    0.251470853
   47.845815621    0.251540684    0.251473609
   47.867783397    0.251541542    0.251476289
   47.889751173    0.251542430    0.251478892
   47.911718949    0.251543315    0.251481422
   47.933686724    0.251544161    0.251483880
   47.955654500    0.251544937    0.251486267
   47.977622276    0.251545626    0.251488584
   47.999590052    0.251546229    0.251490835
   48.021557827    0.251546766    0.251493021
   48.043525603    0.251547270    0.251495146
   48.065493379    0.251547778    0.251497211
   48.087461155    0.251548321    0.251499219
   48.109428931    0.251548916    0.251501172
   48.131396706    0.251549562    0.251503073
   48.153364482    0.251550243    0.251504921
   48.175332258    0.251550926    0.251506718
   48.197300034    0.251551578    0.251508465
   48.219267809    0.251552167    0.251510163
   48.241235585    0.251552678    0.251511813
   48.263203361    0.251553111    0.251513415
   48.285171137    0.251553486    0.251514973
   48.307138912    0.251553832    0.251516488
   48.329106688    0.251554185    0.251517961
   48.351074464    0.251554574    0.251519395
   48.373042240    0.251555016    0.251520791
   48.395010015    0.251555512    0.251522151
   48.416977791    0.251556043    0.251523474
   48.438945567    0.251556580    0.251524762
   48.460913343    0.251557090    0.251526015
   48.482881119    0.251557543    0.251527233
   48.504848894    0.251557925    0.251528417
   48.526816670    0.251558235    0.251529567
   48.548784446    0.251558491    0.251530686
   48.570752222    0.251558722    0.251531775
   48.592719997    0.251558963    0.251532835
   48.614687773    0.251559240    0.251533867
   48.636655549    0.251559570    0.251534873
   48.658623325    0.251559954    0.251535853
   48.680591100    0.251560374    0.251536809
   48.702558876    0.251560803    0.251537739
   48.724526652    0.251561207    0.251538644
   48.746494428    0.251561561    0.251539525
   48.768462204    0.251561847    0.251540381
   48.790429979    0.251562066    0.251541214
   48.812397755    0.251562236    0.251542023
   48.834365531    0.251562384    0.251542812
   48.856333307    0.251562542    0.251543579
   48.878301082    0.251562737    0.251544328
   48.900268858    0.251562984    0.251545058
   48.922236634    0.251563285    0.251545771
   48.944204410    0.251563623    0.251546465
   48.966172185    0.251563970    0.251547142
   48.988139961    0.251564296    0.251547802
   49.010107737    0.251564575    0.251548443
   49.032075513    0.251564791    0.251549067
   49.054043289    0.251564944    0.251549673
   49.076011064    0.251565051    0.251550263
   49.097978840    0.251565138    0.251550838
   49.119946616    0.251565235    0.251551398
   49.141914392    0.251565370    0.251551945
   49.163882167    0.251565556    0.251552479
   49.185849943    0.251565795    0.251553000
   49.207817719    0.251566070    0.251553509
   49.229785495    0.251566357    0.251554005
   49.251753270    0.251566624    0.251554488
   49.273721046    0.251566847    0.251554958
   49.295688822    0.251567011    0.251555416
   49.317656598    0.251567116    0.251555861
   49.339624373    0.251567176    0.251556293
   49.361592149    0.251567218    0.251556715
   49.383559925    0.251567271    0.251557126
   49.405527701    0.251567361    0.251557528
   49.427495477    0.251567502    0.251557920
   49.449463252    0.251567694    0.251558304
   49.471431028    0.251567923    0.251558679
   49.493398804    0.251568163    0.251559045
   49.515366580    0.251568386    0.251559401
   49.537334355    0.251568567    0.251559748
   49.559302131    0.251568691    0.251560086
   49.581269907    0.251568760    0.251560414
   49.603237683    0.251568787    0.251560733
   49.625205458    0.251568796    0.251561044
   49.647173234    0.251568817    0.251561348
   49.669141010    0.251568873    0.251561644
   49.691108786    0.251568980    0.251561935
   49.713076562    0.251569136    0.251562219
   49.735044337    0.251569329    0.251562497
   49.757012113    0.251569534    0.251562768
   49.778979889    0.251569723    0.251563033
   49.800947665    0.251569873    0.251563291
   49.822915440    0.251569968    0.251563541
   49.844883216    0.251570010    0.251563784
   49.866850992    0.251570012    0.251564021
   49.888818768    0.251569997    0.251564251
   49.910786543    0.251569994    0.251564476
   49.932754319    0.251570026    0.251564697
   49.954722095    0.251570107    0.251564913
   49.976689871    0.251570237    0.251565124
   49.998657647    0.251570402    0.251565332
   50.020625422    0.251570580    0.251565534
   50.042593198    0.251570743    0.251565732
   50.064560974    0.251570869    0.251565924
   50.086528750    0.251570942    0.251566111
   50.108496525    0.251570964    0.251566292
   50.130464301    0.251570948    0.251566468
   50.152432077    0.251570916    0.251566640
   50.174399853    0.251570896    0.251566807
   50.196367628    0.251570909    0.251566972
   50.218335404    0.251570971    0.251567133
   50.240303180    0.251571080    0.251567292
   50.262270956    0.251571224    0.251567447
   50.284238731    0.251571381    0.251567599
   50.306206507    0.251571524    0.251567747
   50.328174283    0.251571631    0.251567891
   50.350142059    0.251571688    0.251568031
   50.372109835    0.251571695    0.251568166
   50.394077610    0.251571666    0.251568298
   50.416045386    0.251571621    0.251568426
   50.438013162    0.251571588    0.251568552
   50.459980938    0.251571588    0.251568675
   50.481948713    0.251571635    0.251568796
   50.503916489    0.251571728    0.251568916
   50.525884265    0.251571856    0.251569033
   50.547852041    0.251571996    0.251569147
   50.569819816    0.251572123    0.251569259
   50.591787592    0.251572216    0.251569368
   50.613755368    0.251572260    0.251569473
   50.635723144    0.251572257    0.251569575
   50.657690920    0.251572218    0.251569674
   50.679658695    0.251572165    0.251569771
   50.701626471    0.251572122    0.251569865
   50.723594247    0.251572113    0.251569958
   50.745562023    0.251572148    0.251570050
   50.767529798    0.251572229    0.251570140
   50.789497574    0.251572344    0.251570229
   50.811465350    0.251572471    0.251570316
   50.833433126    0.251572586    0.251570401
   50.855400901    0.251572668    0.251570484
   50.877368677    0.251572703    0.251570564
   50.899336453    0.251572692    0.251570641
   50.921304229    0.251572646    0.251570715
   50.943272005    0.251572587    0.251570788
   50.965239780    0.251572538    0.251570860
   50.987207556    0.251572520    0.251570930
   51.009175332    0.251572547    0.251571000
   51.031143108    0.251572619    0.251571068
   51.053110883    0.251572723    0.251571136
   51.075078659    0.251572840    0.251571203
   51.097046435    0.251572945    0.251571268
   51.119014211    0.251573018    0.251571331
   51.140981986    0.251573047    0.251571392
   51.162949762    0.251573030    0.251571450
   51.184917538    0.251572979    0.251571507
   51.206885314    0.251572915    0.251571562
   51.228853089    0.251572862    0.251571616
   51.250820865    0.251572839    0.251571670
   51.272788641    0.251572859    0.251571723
   51.294756417    0.251572923    0.251571775
   51.316724193    0.251573019    0.251571828
   51.338691968    0.251573128    0.251571879
   51.360659744    0.251573226    0.251571929
   51.382627520    0.251573292    0.251571977
   51.404595296    0.251573315    0.251572024
   51.426563071    0.251573294    0.251572069
   51.448530847    0.251573240    0.251572112
   51.470498623    0.251573174    0.251572154
   51.492466399    0.251573117    0.251572195
   51.514434174    0.251573090    0.251572236
   51.536401950    0.251573105    0.251572276
   51.558369726    0.251573163    0.251572317
   51.580337502    0.251573253    0.251572357
   51.602305278    0.251573355    0.251572397
   51.624273053    0.251573446    0.251572436
   51.646240829    0.251573507    0.251572473
   51.668208605    0.251573526    0.251572509
   51.690176381    0.251573502    0.251572543
   51.712144156    0.251573446    0.251572576
   51.734111932    0.251573378    0.251572608
   51.756079708    0.251573319    0.251572640
   51.778047484    0.251573289    0.251572671
   51.800015259    0.251573301    0.251572703
   51.821983035    0.251573354    0.251572734
   51.843950811    0.251573438    0.251572765
   51.865918587    0.251573534    0.251572796
   51.887886362    0.251573620    0.251572827
   51.909854138    0.251573677    0.251572856
   51.931821914    0.251573693    0.251572884
   51.953789690    0.251573667    0.251572910
   51.975757466    0.251573610    0.251572935
   51.997725241    0.251573540    0.251572960
   52.019693017    0.251573480    0.251572984
   52.041660793    0.251573448    0.251573008
   52.063628569    0.251573456    0.251573032
   52.085596344    0.251573505    0.251573057
   52.107564120    0.251573585    0.251573082
   52.129531896    0.251573677    0.251573106
   52.151499672    0.251573759    0.251573130
   52.173467447    0.251573812    0.251573153
   52.195435223    0.251573826    0.251573174
   52.217402999    0.251573798    0.251573195
   52.239370775    0.251573740    0.251573214
   52.261338551    0.251573670    0.251573233
   52.283306326    0.251573609    0.251573252
   52.305274102    0.251573576    0.251573271
   52.327241878    0.251573582    0.251573290
   52.349209654    0.251573628    0.251573309
   52.371177429    0.251573704    0.251573329
   52.393145205    0.251573792    0.251573348
   52.415112981    0.251573870    0.251573367
   52.437080757    0.251573921    0.251573385
   52.459048532    0.251573933    0.251573402
   52.481016308    0.251573904    0.251573418
   52.502984084    0.251573846    0.251573433
   52.524951860    0.251573776    0.251573447
   52.546919636    0.251573715    0.251573462
   52.568887411    0.251573681    0.251573476
   52.590855187    0.251573685    0.251573491
   52.612822963    0.251573728    0.251573507
   52.634790739    0.251573801    0.251573522
   52.656758514    0.251573885    0.251573538
   52.678726290    0.251573961    0.251573553
   52.700694066    0.251574009    0.251573568
   52.722661842    0.251574020    0.251573581
   52.744629617    0.251573991    0.251573594
   52.766597393    0.251573933    0.251573605
   52.788565169    0.251573863    0.251573617
   52.810532945    0.251573802    0.251573628
   52.832500720    0.251573767    0.251573639
   52.854468496    0.251573770    0.251573651
   52.876436272    0.251573811    0.251573664
   52.898404048    0.251573881    0.251573676
   52.920371824    0.251573963    0.251573689
   52.942339599    0.251574036    0.251573701
   52.964307375    0.251574082    0.251573713
   52.986275151    0.251574092    0.251573724
   53.008242927    0.251574063    0.251573733
   53.030210702    0.251574005    0.251573743
   53.052178478    0.251573936    0.251573751
   53.074146254    0.251573875    0.251573760
   53.096114030    0.251573839    0.251573769
   53.118081805    0.251573841    0.251573779
   53.140049581    0.251573880    0.251573789
   53.162017357    0.251573948    0.251573799
   53.183985133    0.251574027    0.251573810
   53.205952909    0.251574098    0.251573820
   53.227920684    0.251574143    0.251573829
   53.249888460    0.251574152    0.251573838
   53.271856236    0.251574123    0.251573846
   53.293824012    0.251574066    0.251573853
   53.315791787    0.251573997    0.251573860
   53.337759563    0.251573936    0.251573867
   53.359727339    0.251573901    0.251573874
   53.381695115    0.251573901    0.251573882
   53.403662890    0.251573939    0.251573890
   53.425630666    0.251574005    0.251573899
   53.447598442    0.251574082    0.251573907
   53.469566218    0.251574151    0.251573916
   53.491533994    0.251574195    0.251573924
   53.513501769    0.251574203    0.251573931
   53.535469545    0.251574174    0.251573937
   53.557437321    0.251574118    0.251573943
   53.579405097    0.251574050    0.251573948
   53.601372872    0.251573989    0.251573954
   53.623340648    0.251573954    0.251573959
   53.645308424    0.251573954    0.251573966
   53.667276200    0.251573990    0.251573973
   53.689243975    0.251574053    0.251573980
   53.711211751    0.251574129    0.251573987
   53.733179527    0.251574196    0.251573994
   53.755147303    0.251574239    0.251574001
   53.777115078    0.251574247    0.251574007
   53.799082854    0.251574218    0.251574012
   53.821050630    0.251574162    0.251574017
   53.843018406    0.251574095    0.251574021
   53.864986182    0.251574035    0.251574025
   53.886953957    0.251574000    0.251574030
   53.908921733    0.251573999    0.251574035
   53.930889509    0.251574034    0.251574041
   53.952857285    0.251574096    0.251574047
   53.974825060    0.251574169    0.251574053
   53.996792836    0.251574235    0.251574060
   54.018760612    0.251574277    0.251574065
   54.040728388    0.251574285    0.251574070
   54.062696163    0.251574257    0.251574074
   54.084663939    0.251574202    0.251574078
   54.106631715    0.251574135    0.251574082
   54.128599491    0.251574076    0.251574085
   54.150567267    0.251574041    0.251574089
   54.172535042    0.251574039    0.251574093
   54.194502818    0.251574073    0.251574098
   54.216470594    0.251574133    0.251574104
   54.238438370    0.251574205    0.251574109
   54.260406145    0.251574270    0.251574114
   54.282373921    0.251574311    0.251574119
   54.304341697    0.251574318    0.251574123
   54.326309473    0.251574291    0.251574127
   54.348277248    0.251574236    0.251574130
   54.370245024    0.251574171    0.251574133
   54.392212800    0.251574112    0.251574136
   54.414180576    0.251574077    0.251574139
   54.436148352    0.251574075    0.251574143
   54.458116127    0.251574108    0.251574147
   54.480083903    0.251574167    0.251574152
   54.502051679    0.251574237    0.251574156
   54.524019455    0.251574301    0.251574161
   54.545987230    0.251574341    0.251574165
   54.567955006    0.251574348    0.251574169
   54.589922782    0.251574321    0.251574172
   54.611890558    0.251574268    0.251574174
   54.633858333    0.251574203    0.251574177
   54.655826109    0.251574145    0.251574179
   54.677793885    0.251574110    0.251574182
   54.699761661    0.251574108    0.251574185
   54.721729436    0.251574139    0.251574189
   54.743697212    0.251574197    0.251574193
   54.765664988    0.251574266    0.251574197
   54.787632764    0.251574329    0.251574202
   54.809600540    0.251574369    0.251574205
   54.831568315    0.251574376    0.251574208
   54.853536091    0.251574349    0.251574211
   54.875503867    0.251574296    0.251574213
   54.897471643    0.251574232    0.251574215
   54.919439418    0.251574175    0.251574217
   54.941407194    0.251574140    0.251574219
   54.963374970    0.251574137    0.251574222
   54.985342746    0.251574168    0.251574225
   55.007310521    0.251574225    0.251574229
   55.029278297    0.251574293    0.251574233
   55.051246073    0.251574354    0.251574237
   55.073213849    0.251574393    0.251574240
   55.095181625    0.251574401    0.251574243
   55.117149400    0.251574374    0.251574245
   55.139117176    0.251574322    0.251574247
   55.161084952    0.251574259    0.251574249
   55.183052728    0.251574203    0.251574250
   55.205020503    0.251574168    0.251574252
   55.226988279    0.251574165    0.251574255
   55.248956055    0.251574195    0.251574258
   55.270923831    0.251574251    0.251574261
   55.292891606    0.251574317    0.251574265
   55.314859382    0.251574378    0.251574268
   55.336827158    0.251574417    0.251574271
   55.358794934    0.251574424    0.251574274
   55.380762710    0.251574398    0.251574276
   55.402730485    0.251574347    0.251574277
   55.424698261    0.251574284    0.251574279
   55.446666037    0.251574228    0.251574280
   55.468633813    0.251574194    0.251574282
   55.490601588    0.251574191    0.251574284
   55.512569364    0.251574220    0.251574287
   55.534537140    0.251574274    0.251574290
   55.556504916    0.251574340    0.251574293
   55.578472691    0.251574400    0.251574297
   55.600440467    0.251574438    0.251574300
   55.622408243    0.251574445    0.251574302
   55.644376019    0.251574420    0.251574304
   55.666343794    0.251574369    0.251574305
   55.688311570    0.251574308    0.251574306
   55.710279346    0.251574252    0.251574307
   55.732247122    0.251574218    0.251574309
   55.754214898    0.251574214    0.251574311
   55.776182673    0.251574243    0.251574313
   55.798150449    0.251574297    0.251574316
   55.820118225    0.251574361    0.251574319
   55.842086001    0.251574420    0.251574322
   55.864053776    0.251574458    0.251574325
   55.886021552    0.251574465    0.251574327
   55.907989328    0.251574440    0.251574329
   55.929957104    0.251574391    0.251574330
   55.951924879    0.251574330    0.251574331
   55.973892655    0.251574275    0.251574332
   55.995860431    0.251574241    0.251574333
   56.017828207    0.251574237    0.251574335
   56.039795983    0.251574265    0.251574337
   56.061763758    0.251574318    0.251574340
   56.083731534    0.251574381    0.251574343
   56.105699310    0.251574439    0.251574346
   56.127667086    0.251574477    0.251574348
   56.149634861    0.251574484    0.251574350
   56.171602637    0.251574460    0.251574352
   56.193570413    0.251574411    0.251574353
   56.215538189    0.251574351    0.251574354
   56.237505964    0.251574296    0.251574354
   56.259473740    0.251574262    0.251574356
   56.281441516    0.251574258    0.251574357
   56.303409292    0.251574286    0.251574360
   56.325377068    0.251574337    0.251574362
   56.347344843    0.251574400    0.251574365
   56.369312619    0.251574458    0.251574368
   56.391280395    0.251574495    0.251574370
   56.413248171    0.251574502    0.251574372
   56.435215946    0.251574478    0.251574373
   56.457183722    0.251574430    0.251574374
   56.479151498    0.251574371    0.251574375
   56.501119274    0.251574317    0.251574375
   56.523087049    0.251574283    0.251574377
   56.545054825    0.251574279    0.251574378
   56.567022601    0.251574305    0.251574380
   56.588990377    0.251574356    0.251574383
   56.610958152    0.251574418    0.251574385
   56.632925928    0.251574475    0.251574388
   56.654893704    0.251574512    0.251574390
   56.676861480    0.251574519    0.251574392
   56.698829256    0.251574496    0.251574393
   56.720797031    0.251574448    0.251574394
   56.742764807    0.251574389    0.251574395
   56.764732583    0.251574336    0.251574395
   56.786700359    0.251574302    0.251574396
   56.808668134    0.251574298    0.251574398
   56.830635910    0.251574324    0.251574400
   56.852603686    0.251574374    0.251574402
   56.874571462    0.251574435    0.251574405
   56.896539237    0.251574491    0.251574407
   56.918507013    0.251574528    0.251574409
   56.940474789    0.251574535    0.251574411
   56.962442565    0.251574512    0.251574412
   56.984410341    0.251574465    0.251574413
   57.006378116    0.251574407    0.251574413
   57.028345892    0.251574354    0.251574414
   57.050313668    0.251574321    0.251574415
   57.072281444    0.251574316    0.251574416
   57.094249219    0.251574342    0.251574418
   57.116216995    0.251574391    0.251574420
   57.138184771    0.251574452    0.251574423
   57.160152547    0.251574507    0.251574425
   57.182120322    0.251574543    0.251574427
   57.204088098    0.251574551    0.251574429
   57.226055874    0.251574528    0.251574430
   57.248023650    0.251574482    0.251574430
   57.269991425    0.251574425    0.251574431
   57.291959201    0.251574372    0.251574431
   57.313926977    0.251574339    0.251574432
   57.335894753    0.251574334    0.251574433
   57.357862529    0.251574359    0.251574435
   57.379830304    0.251574407    0.251574437
   57.401798080    0.251574467    0.251574440
   57.423765856    0.251574522    0.251574442
   57.445733632    0.251574558    0.251574444
   57.467701407    0.251574566    0.251574445
   57.489669183    0.251574544    0.251574446
   57.511636959    0.251574498    0.251574447
   57.533604735    0.251574441    0.251574447
   57.555572510    0.251574389    0.251574448
   57.577540286    0.251574356    0.251574448
   57.599508062    0.251574350    0.251574450
   57.621475838    0.251574375    0.251574451
   57.643443614    0.251574423    0.251574454
   57.665411389    0.251574482    0.251574456
   57.687379165    0.251574536    0.251574458
   57.709346941    0.251574572    0.251574460
   57.731314717    0.251574580    0.251574461
   57.753282492    0.251574558    0.251574462
   57.775250268    0.251574513    0.251574463
   57.797218044    0.251574457    0.251574463
   57.819185820    0.251574405    0.251574463
   57.841153595    0.251574372    0.251574464
   57.863121371    0.251574366    0.251574465
   57.885089147    0.251574390    0.251574467
   57.907056923    0.251574438    0.251574469
   57.929024699    0.251574496    0.251574471
   57.950992474    0.251574550    0.251574473
   57.972960250    0.251574586    0.251574475
   57.994928026    0.251574594    0.251574477
   58.016895802    0.251574572    0.251574477
   58.038863577    0.251574528    0.251574478
   58.060831353    0.251574472    0.251574478
   58.082799129    0.251574421    0.251574478
   58.104766905    0.251574387    0.251574479
   58.126734680    0.251574382    0.251574480
   58.148702456    0.251574405    0.251574482
   58.170670232    0.251574452    0.251574484
   58.192638008    0.251574510    0.251574486
   58.214605783    0.251574563    0.251574488
   58.236573559    0.251574599    0.251574490
   58.258541335    0.251574607    0.251574491
   58.280509111    0.251574586    0.251574492
   58.302476887    0.251574542    0.251574492
   58.324444662    0.251574487    0.251574492
   58.346412438    0.251574435    0.251574493
   58.368380214    0.251574402    0.251574493
   58.390347990    0.251574396    0.251574494
   58.412315765    0.251574419    0.251574496
   58.434283541    0.251574466    0.251574498
   58.456251317    0.251574523    0.251574500
   58.478219093    0.251574576    0.251574502
   58.500186868    0.251574611    0.251574504
   58.522154644    0.251574619    0.251574505
   58.544122420    0.251574599    0.251574505
   58.566090196    0.251574555    0.251574506
   58.588057972    0.251574500    0.251574506
   58.610025747    0.251574450    0.251574506
   58.631993523    0.251574417    0.251574507
   58.653961299    0.251574410    0.251574508
   58.675929075    0.251574433    0.251574509
   58.697896850    0.251574479    0.251574511
   58.719864626    0.251574535    0.251574513
   58.741832402    0.251574588    0.251574515
   58.763800178    0.251574623    0.251574517
   58.785767953    0.251574631    0.251574518
   58.807735729    0.251574611    0.251574519
   58.829703505    0.251574568    0.251574519
   58.851671281    0.251574514    0.251574519
   58.873639057    0.251574463    0.251574519
   58.895606832    0.251574430    0.251574520
   58.917574608    0.251574424    0.251574521
   58.939542384    0.251574446    0.251574522
   58.961510160    0.251574491    0.251574524
   58.983477935    0.251574547    0.251574526
   59.005445711    0.251574599    0.251574528
   59.027413487    0.251574634    0.251574529
   59.049381263    0.251574643    0.251574530
   59.071349038    0.251574623    0.251574531
   59.093316814    0.251574580    0.251574531
   59.115284590    0.251574526    0.251574531
   59.137252366    0.251574476    0.251574531
   59.159220141    0.251574443    0.251574532
   59.181187917    0.251574437    0.251574533
   59.203155693    0.251574458    0.251574534
   59.225123469    0.251574503    0.251574536
   59.247091245    0.251574558    0.251574538
   59.269059020    0.251574610    0.251574540
   59.291026796    0.251574645    0.251574541
   59.312994572    0.251574654    0.251574542
   59.334962348    0.251574634    0.251574543
   59.356930123    0.251574592    0.251574543
   59.378897899    0.251574539    0.251574543
   59.400865675    0.251574489    0.251574543
   59.422833451    0.251574456    0.251574544
   59.444801226    0.251574449    0.251574544
   59.466769002    0.251574470    0.251574546
   59.488736778    0.251574514    0.251574547
   59.510704554    0.251574569    0.251574549
   59.532672330    0.251574621    0.251574551
   59.554640105    0.251574655    0.251574553
   59.576607881    0.251574664    0.251574554
   59.598575657    0.251574645    0.251574554
   59.620543433    0.251574603    0.251574554
   59.642511208    0.251574550    0.251574554
   59.664478984    0.251574500    0.251574554
   59.686446760    0.251574468    0.251574555
   59.708414536    0.251574461    0.251574555
   59.730382311    0.251574481    0.251574557
   59.752350087    0.251574525    0.251574558
   59.774317863    0.251574579    0.251574560
   59.796285639    0.251574631    0.251574562
   59.818253415    0.251574665    0.251574563
   59.840221190    0.251574674    0.251574564
   59.862188966    0.251574655    0.251574565
   59.884156742    0.251574614    0.251574565
   59.906124518    0.251574561    0.251574565
   59.928092293    0.251574512    0.251574565
   59.950060069    0.251574479    0.251574565
   59.972027845    0.251574472    0.251574566
   59.993995621    0.251574492    0.251574567
   60.015963396    0.251574535    0.251574569
   60.037931172    0.251574589    0.251574571
   60.059898948    0.251574640    0.251574572
   60.081866724    0.251574675    0.251574574
   60.103834499    0.251574684    0.251574575
   60.125802275    0.251574665    0.251574575
   60.147770051    0.251574624    0.251574575
   60.169737827    0.251574572    0.251574575
   60.191705603    0.251574523    0.251574575
   60.213673378    0.251574490    0.251574575
   60.235641154    0.251574482    0.251574576
   60.257608930    0.251574502    0.251574577
   60.279576706    0.251574545    0.251574579
   60.301544481    0.251574598    0.251574580
   60.323512257    0.251574649    0.251574582
   60.345480033    0.251574683    0.251574583
   60.367447809    0.251574693    0.251574584
   60.389415584    0.251574674    0.251574585
   60.411383360    0.251574634    0.251574585
   60.433351136    0.251574582    0.251574585
   60.455318912    0.251574533    0.251574585
   60.477286688    0.251574500    0.251574585
   60.499254463    0.251574492    0.251574586
   60.521222239    0.251574512    0.251574587
   60.543190015    0.251574554    0.251574588
   60.565157791    0.251574607    0.251574590
   60.587125566    0.251574657    0.251574591
   60.609093342    0.251574692    0.251574593
   60.631061118    0.251574701    0.251574594
   60.653028894    0.251574683    0.251574594
   60.674996669    0.251574643    0.251574594
   60.696964445    0.251574591    0.251574594
   60.718932221    0.251574542    0.251574594
   60.740899997    0.251574509    0.251574594
   60.762867773    0.251574501    0.251574594
   60.784835548    0.251574521    0.251574596
   60.806803324    0.251574562    0.251574597
   60.828771100    0.251574615    0.251574599
   60.850738876    0.251574665    0.251574600
   60.872706651    0.251574700    0.251574601
   60.894674427    0.251574709    0.251574602
   60.916642203    0.251574692    0.251574603
   60.938609979    0.251574652    0.251574603
   60.960577754    0.251574600    0.251574602
   60.982545530    0.251574552    0.251574602
   61.004513306    0.251574519    0.251574602
   61.026481082    0.251574510    0.251574603
   61.048448857    0.251574529    0.251574604
   61.070416633    0.251574570    0.251574605
   61.092384409    0.251574623    0.251574607
   61.114352185    0.251574673    0.251574608
   61.136319961    0.251574707    0.251574610
   61.158287736    0.251574717    0.251574610
   61.180255512    0.251574699    0.251574611
   61.202223288    0.251574660    0.251574611
   61.224191064    0.251574609    0.251574610
   61.246158839    0.251574560    0.251574610
   61.268126615    0.251574527    0.251574610
   61.290094391    0.251574519    0.251574611
   61.312062167    0.251574537    0.251574612
   61.334029942    0.251574578    0.251574613
   61.355997718    0.251574630    0.251574615
   61.377965494    0.251574680    0.251574616
   61.399933270    0.251574714    0.251574617
   61.421901046    0.251574724    0.251574618
   61.443868821    0.251574707    0.251574618
   61.465836597    0.251574668    0.251574618
   61.487804373    0.251574617    0.251574618
   61.509772149    0.251574568    0.251574618
   61.531739924    0.251574535    0.251574618
   61.553707700    0.251574527    0.251574618
   61.575675476    0.251574545    0.251574619
   61.597643252    0.251574585    0.251574620
   61.619611027    0.251574637    0.251574622
   61.641578803    0.251574686    0.251574623
   61.663546579    0.251574721    0.251574625
   61.685514355    0.251574731    0.251574625
   61.707482131    0.251574714    0.251574626
   61.729449906    0.251574675    0.251574625
   61.751417682    0.251574624    0.251574625
   61.773385458    0.251574576    0.251574625
   61.795353234    0.251574543    0.251574625
   61.817321009    0.251574534    0.251574625
   61.839288785    0.251574552    0.251574626
   61.861256561    0.251574592    0.251574627
   61.883224337    0.251574643    0.251574629
   61.905192112    0.251574692    0.251574630
   61.927159888    0.251574727    0.251574631
   61.949127664    0.251574737    0.251574632
   61.971095440    0.251574720    0.251574632
   61.993063215    0.251574682    0.251574632
   62.015030991    0.251574631    0.251574632
   62.036998767    0.251574583    0.251574631
   62.058966543    0.251574550    0.251574631
   62.080934319    0.251574541    0.251574632
   62.102902094    0.251574558    0.251574633
   62.124869870    0.251574598    0.251574634
   62.146837646    0.251574649    0.251574635
   62.168805422    0.251574698    0.251574636
   62.190773197    0.251574732    0.251574637
   62.212740973    0.251574743    0.251574638
   62.234708749    0.251574726    0.251574638
   62.256676525    0.251574688    0.251574638
   62.278644300    0.251574638    0.251574638
   62.300612076    0.251574590    0.251574637
   62.322579852    0.251574556    0.251574637
   62.344547628    0.251574547    0.251574638
   62.366515404    0.251574564    0.251574638
   62.388483179    0.251574603    0.251574640
   62.410450955    0.251574654    0.251574641
   62.432418731    0.251574703    0.251574642
   62.454386507    0.251574738    0.251574643
   62.476354282    0.251574748    0.251574644
   62.498322058    0.251574732    0.251574644
   62.520289834    0.251574694    0.251574644
   62.542257610    0.251574644    0.251574643
   62.564225385    0.251574596    0.251574643
   62.586193161    0.251574563    0.251574643
   62.608160937    0.251574553    0.251574643
   62.630128713    0.251574570    0.251574644
   62.652096489    0.251574608    0.251574645
   62.674064264    0.251574659    0.251574646
   62.696032040    0.251574708    0.251574648
   62.717999816    0.251574742    0.251574649
   62.739967592    0.251574753    0.251574649
   62.761935367    0.251574737    0.251574649
   62.783903143    0.251574699    0.251574649
   62.805870919    0.251574650    0.251574649
   62.827838695    0.251574602    0.251574648
   62.849806470    0.251574568    0.251574648
   62.871774246    0.251574558    0.251574648
   62.893742022    0.251574574    0.251574649
   62.915709798    0.251574613    0.251574650
   62.937677573    0.251574663    0.251574651
   62.959645349    0.251574712    0.251574652
   62.981613125    0.251574747    0.251574653
   63.003580901    0.251574757    0.251574654
   63.025548677    0.251574742    0.251574654
   63.047516452    0.251574704    0.251574654
   63.069484228    0.251574655    0.251574653
   63.091452004    0.251574607    0.251574653
   63.113419780    0.251574573    0.251574653
   63.135387555    0.251574563    0.251574653
   63.157355331    0.251574579    0.251574653
   63.179323107    0.251574617    0.251574654
   63.201290883    0.251574667    0.251574656
   63.223258658    0.251574716    0.251574657
   63.245226434    0.251574750    0.251574658
   63.267194210    0.251574761    0.251574658
   63.289161986    0.251574746    0.251574658
   63.311129762    0.251574709    0.251574658
   63.333097537    0.251574659    0.251574657
   63.355065313    0.251574611    0.251574657
   63.377033089    0.251574578    0.251574657
   63.399000865    0.251574567    0.251574657
   63.420968640    0.251574583    0.251574657
   63.442936416    0.251574621    0.251574658
   63.464904192    0.251574671    0.251574660
   63.486871968    0.251574719    0.251574661
   63.508839743    0.251574754    0.251574662
   63.530807519    0.251574765    0.251574662
   63.552775295    0.251574750    0.251574662
   63.574743071    0.251574713    0.251574662
   63.596710846    0.251574664    0.251574661
   63.618678622    0.251574616    0.251574661
   63.640646398    0.251574582    0.251574660
   63.662614174    0.251574571    0.251574660
   63.684581950    0.251574586    0.251574661
   63.706549725    0.251574624    0.251574662
   63.728517501    0.251574674    0.251574663
   63.750485277    0.251574722    0.251574664
   63.772453053    0.251574757    0.251574665
   63.794420828    0.251574768    0.251574665
   63.816388604    0.251574753    0.251574665
   63.838356380    0.251574716    0.251574665
   63.860324156    0.251574667    0.251574664
   63.882291931    0.251574619    0.251574664
   63.904259707    0.251574585    0.251574664
   63.926227483    0.251574574    0.251574664
   63.948195259    0.251574589    0.251574664
   63.970163035    0.251574627    0.251574665
   63.992130810    0.251574676    0.251574666
   64.014098586    0.251574725    0.251574667
   64.036066362    0.251574759    0.251574668
   64.058034138    0.251574771    0.251574668
   64.080001913    0.251574756    0.251574668
   64.101969689    0.251574720    0.251574668
   64.123937465    0.251574671    0.251574667
   64.145905241    0.251574623    0.251574667
   64.167873016    0.251574588    0.251574666
   64.189840792    0.251574577    0.251574666
   64.211808568    0.251574592    0.251574667
   64.233776344    0.251574629    0.251574668
   64.255744120    0.251574678    0.251574669
   64.277711895    0.251574727    0.251574670
   64.299679671    0.251574761    0.251574670
   64.321647447    0.251574773    0.251574671
   64.343615223    0.251574759    0.251574671
   64.365582998    0.251574722    0.251574670
   64.387550774    0.251574673    0.251574670
   64.409518550    0.251574625    0.251574669
   64.431486326    0.251574591    0.251574668
   64.453454101    0.251574579    0.251574668
   64.475421877    0.251574594    0.251574669
   64.497389653    0.251574631    0.251574670
   64.519357429    0.251574680    0.251574671
   64.541325204    0.251574728    0.251574672
   64.563292980    0.251574763    0.251574672
   64.585260756    0.251574775    0.251574673
   64.607228532    0.251574761    0.251574673
   64.629196308    0.251574724    0.251574672
   64.651164083    0.251574676    0.251574671
   64.673131859    0.251574628    0.251574671
   64.695099635    0.251574593    0.251574670
   64.717067411    0.251574581    0.251574670
   64.739035186    0.251574596    0.251574671
   64.761002962    0.251574632    0.251574671
   64.782970738    0.251574681    0.251574672
   64.804938514    0.251574729    0.251574673
   64.826906289    0.251574764    0.251574674
   64.848874065    0.251574776    0.251574674
   64.870841841    0.251574762    0.251574674
   64.892809617    0.251574726    0.251574674
   64.914777393    0.251574678    0.251574673
   64.936745168    0.251574629    0.251574672
   64.958712944    0.251574595    0.251574672
   64.980680720    0.251574583    0.251574671
   65.002648496    0.251574597    0.251574672
   65.024616271    0.251574633    0.251574672
   65.046584047    0.251574681    0.251574673
   65.068551823    0.251574730    0.251574674
   65.090519599    0.251574765    0.251574675
   65.112487374    0.251574777    0.251574675
   65.134455150    0.251574763    0.251574675
   65.156422926    0.251574728    0.251574675
   65.178390702    0.251574679    0.251574674
   65.200358478    0.251574631    0.251574673
   65.222326253    0.251574596    0.251574672
   65.244294029    0.251574584    0.251574672
   65.266261805    0.251574597    0.251574673
   65.288229581    0.251574633    0.251574673
   65.310197356    0.251574682    0.251574674
   65.332165132    0.251574730    0.251574675
   65.354132908    0.251574765    0.251574676
   65.376100684    0.251574778    0.251574676
   65.398068459    0.251574764    0.251574676
   65.420036235    0.251574728    0.251574675
   65.442004011    0.251574680    0.251574674
   65.463971787    0.251574632    0.251574673
   65.485939562    0.251574596    0.251574673
   65.507907338    0.251574584    0.251574673
   65.529875114    0.251574597    0.251574673
   65.551842890    0.251574633    0.251574673
   65.573810666    0.251574681    0.251574674
   65.595778441    0.251574730    0.251574675
   65.617746217    0.251574765    0.251574676
   65.639713993    0.251574778    0.251574676
   65.661681769    0.251574764    0.251574676
   65.683649544    0.251574729    0.251574675
   65.705617320    0.251574680    0.251574674
   65.727585096    0.251574632    0.251574673
   65.749552872    0.251574597    0.251574673
   65.771520647    0.251574584    0.251574672
   65.793488423    0.251574597    0.251574673
   65.815456199    0.251574632    0.251574673
   65.837423975    0.251574681    0.251574674
   65.859391751    0.251574729    0.251574675
   65.881359526    0.251574764    0.251574675
