    0.000000000    0.188346055    0.188346045
    0.020461530    0.188335392    0.188335227
    0.040923060    0.188324692    0.188324408
    0.061384590    0.188313925    0.188313587
    0.081846120    0.188303081    0.188302766
    0.102307650    0.188292163    0.188291943
    0.122769180    0.188281194    0.188281119
    0.143230710    0.188270209    0.188270296
    0.163692240    0.188259246    0.188259472
    0.184153770    0.188248337    0.188248649
    0.204615300    0.188237503    0.188237828
    0.225076830    0.188226747    0.188227008
    0.245538360    0.188216054    0.188216188
    0.265999891    0.188205394    0.188205370
    0.286461421    0.188194730    0.188194551
    0.306922951    0.188184025    0.188183732
    0.327384481    0.188173252    0.188172911
    0.347846011    0.188162400    0.188162090
    0.368307541    0.188151476    0.188151267
    0.388769071    0.188140504    0.188140443
    0.409230601    0.188129518    0.188129619
    0.429692131    0.188118558    0.188118796
    0.450153661    0.188107655    0.188107973
    0.470615191    0.188096829    0.188097152
    0.491076721    0.188086080    0.188086332
    0.511538251    0.188075391    0.188075512
    0.531999781    0.188064733    0.188064694
    0.552461311    0.188054067    0.188053875
    0.572922841    0.188043357    0.188043056
    0.593384371    0.188032577    0.188032235
    0.613845901    0.188021718    0.188021413
    0.634307431    0.188010788    0.188010590
    0.654768961    0.187999812    0.187999766
    0.675230491    0.187988827    0.187988942
    0.695692021    0.187977871    0.187978119
    0.716153551    0.187966974    0.187967296
    0.736615081    0.187956154    0.187956475
    0.757076611    0.187945412    0.187945655
    0.777538142    0.187934728    0.187934836
    0.797999672    0.187924071    0.187924017
    0.818461202    0.187913403    0.187913198
    0.838922732    0.187902688    0.187902379
    0.859384262    0.187891901    0.187891558
    0.879845792    0.187881035    0.187880736
    0.900307322    0.187870099    0.187869913
    0.920768852    0.187859121    0.187859089
    0.941230382    0.187848136    0.187848265
    0.961691912    0.187837183    0.187837442
    0.982153442    0.187826293    0.187826619
    1.002614972    0.187815480    0.187815798
    1.023076502    0.187804744    0.187804978
    1.043538032    0.187794065    0.187794159
    1.063999562    0.187783409    0.187783340
    1.084461092    0.187772739    0.187772522
    1.104922622    0.187762018    0.187761702
    1.125384152    0.187751225    0.187750881
    1.145845682    0.187740351    0.187740059
    1.166307212    0.187729410    0.187729236
    1.186768742    0.187718429    0.187718412
    1.207230272    0.187707445    0.187707588
    1.227691802    0.187696496    0.187696764
    1.248153332    0.187685611    0.187685942
    1.268614862    0.187674806    0.187675121
    1.289076392    0.187664077    0.187664301
    1.309537923    0.187653402    0.187653482
    1.329999453    0.187642747    0.187642663
    1.350460983    0.187632074    0.187631844
    1.370922513    0.187621348    0.187621024
    1.391384043    0.187610547    0.187610203
    1.411845573    0.187599666    0.187599381
    1.432307103    0.187588720    0.187588558
    1.452768633    0.187577736    0.187577734
    1.473230163    0.187566753    0.187566910
    1.493691693    0.187555808    0.187556087
    1.514153223    0.187544930    0.187545264
    1.534614753    0.187534132    0.187534443
    1.555076283    0.187523409    0.187523623
    1.575537813    0.187512738    0.187512804
    1.595999343    0.187502084    0.187501986
    1.616460873    0.187491408    0.187491167
    1.636922403    0.187480676    0.187480347
    1.657383933    0.187469868    0.187469525
    1.677845463    0.187458981    0.187458703
    1.698306993    0.187448029    0.187447880
    1.718768523    0.187437043    0.187437056
    1.739230053    0.187426061    0.187426232
    1.759691583    0.187415121    0.187415408
    1.780153113    0.187404249    0.187404586
    1.800614643    0.187393459    0.187393765
    1.821076174    0.187382742    0.187382945
    1.841537704    0.187372074    0.187372126
    1.861999234    0.187361421    0.187361308
    1.882460764    0.187350741    0.187350488
    1.902922294    0.187340004    0.187339668
    1.923383824    0.187329189    0.187328847
    1.943845354    0.187318294    0.187318025
    1.964306884    0.187307337    0.187307201
    1.984768414    0.187296349    0.187296377
    2.005229944    0.187285369    0.187285553
    2.025691474    0.187274433    0.187274730
    2.046153004    0.187263569    0.187263907
    2.066614534    0.187252785    0.187253087
    2.087076064    0.187242075    0.187242267
    2.107537594    0.187231411    0.187231448
    2.127999124    0.187220757    0.187220629
    2.148460654    0.187210074    0.187209810
    2.168922184    0.187199331    0.187198990
    2.189383714    0.187188508    0.187188168
    2.209845244    0.187177607    0.187177346
    2.230306774    0.187166645    0.187166522
    2.250768304    0.187155655    0.187155698
    2.271229834    0.187144676    0.187144874
    2.291691364    0.187133746    0.187134051
    2.312152894    0.187122888    0.187123228
    2.332614425    0.187112112    0.187112408
    2.353075955    0.187101407    0.187101588
    2.373537485    0.187090747    0.187090769
    2.393999015    0.187080093    0.187079950
    2.414460545    0.187069407    0.187069131
    2.434922075    0.187058657    0.187058311
    2.455383605    0.187047827    0.187047489
    2.475845135    0.187036918    0.187036666
    2.496306665    0.187025951    0.187025843
    2.516768195    0.187014960    0.187015018
    2.537229725    0.187003984    0.187004194
    2.557691255    0.186993058    0.186993371
    2.578152785    0.186982208    0.186982549
    2.598614315    0.186971439    0.186971728
    2.619075845    0.186960740    0.186960909
    2.639537375    0.186950083    0.186950090
    2.659998905    0.186939428    0.186939271
    2.680460435    0.186928738    0.186928452
    2.700921965    0.186917982    0.186917631
    2.721383495    0.186907144    0.186906810
    2.741845025    0.186896229    0.186895987
    2.762306555    0.186885258    0.186885163
    2.782768085    0.186874265    0.186874338
    2.803229615    0.186863291    0.186863514
    2.823691145    0.186852371    0.186852691
    2.844152676    0.186841528    0.186841869
    2.864614206    0.186830766    0.186831049
    2.885075736    0.186820073    0.186820229
    2.905537266    0.186809418    0.186809410
    2.925998796    0.186798763    0.186798591
    2.946460326    0.186788069    0.186787772
    2.966921856    0.186777306    0.186776951
    2.987383386    0.186766461    0.186766130
    3.007844916    0.186755538    0.186755306
    3.028306446    0.186744563    0.186744482
    3.048767976    0.186733569    0.186733658
    3.069229506    0.186722598    0.186722834
    3.089691036    0.186711684    0.186712011
    3.110152566    0.186700848    0.186701189
    3.130614096    0.186690094    0.186690369
    3.151075626    0.186679406    0.186679549
    3.171537156    0.186668754    0.186668730
    3.191998686    0.186658097    0.186657911
    3.212460216    0.186647398    0.186647092
    3.232921746    0.186636629    0.186636271
    3.253383276    0.186625776    0.186625449
    3.273844806    0.186614847    0.186614626
    3.294306336    0.186603868    0.186603802
    3.314767866    0.186592873    0.186592977
    3.335229396    0.186581905    0.186582153
    3.355690926    0.186570996    0.186571330
    3.376152457    0.186560168    0.186560509
    3.396613987    0.186549421    0.186549688
    3.417075517    0.186538739    0.186538869
    3.437537047    0.186528089    0.186528050
    3.457998577    0.186517431    0.186517231
    3.478460107    0.186506727    0.186506411
    3.498921637    0.186495951    0.186495590
    3.519383167    0.186485090    0.186484768
    3.539844697    0.186474155    0.186473945
    3.560306227    0.186463172    0.186463121
    3.580767757    0.186452177    0.186452296
    3.601229287    0.186441212    0.186441472
    3.621690817    0.186430309    0.186430649
    3.642152347    0.186419488    0.186419828
    3.662613877    0.186408749    0.186409007
    3.683075407    0.186398072    0.186398188
    3.703536937    0.186387424    0.186387369
    3.723998467    0.186376764    0.186376550
    3.744459997    0.186366056    0.186365730
    3.764921527    0.186355272    0.186354909
    3.785383057    0.186344404    0.186344087
    3.805844587    0.186333462    0.186333263
    3.826306117    0.186322475    0.186322439
    3.846767647    0.186311480    0.186311615
    3.867229177    0.186300519    0.186300791
    3.887690708    0.186289622    0.186289968
    3.908152238    0.186278809    0.186279146
    3.928613768    0.186268076    0.186268326
    3.949075298    0.186257404    0.186257507
    3.969536828    0.186246758    0.186246688
    3.989998358    0.186236097    0.186235869
    4.010459888    0.186225383    0.186225049
    4.030921418    0.186214592    0.186214228
    4.051382948    0.186203716    0.186203405
    4.071844478    0.186192768    0.186192582
    4.092306008    0.186181778    0.186181757
    4.112767538    0.186170783    0.186170933
    4.133229068    0.186159825    0.186160109
    4.153690598    0.186148935    0.186149286
    4.174152128    0.186138130    0.186138464
    4.194613658    0.186127404    0.186127644
    4.215075188    0.186116737    0.186116825
    4.235536718    0.186106092    0.186106006
    4.255998248    0.186095429    0.186095187
    4.276459778    0.186084710    0.186084367
    4.296921308    0.186073911    0.186073546
    4.317382838    0.186063028    0.186062723
    4.337844368    0.186052074    0.186051899
    4.358305898    0.186041080    0.186041075
    4.378767428    0.186030086    0.186030250
    4.399228959    0.186019132    0.186019427
    4.419690489    0.186008249    0.186008604
    4.440152019    0.185997451    0.185997782
    4.460613549    0.185986732    0.185986962
    4.481075079    0.185976070    0.185976143
    4.501536609    0.185965426    0.185965324
    4.521998139    0.185954760    0.185954505
    4.542459669    0.185944035    0.185943685
    4.562921199    0.185933229    0.185932863
    4.583382729    0.185922338    0.185922041
    4.603844259    0.185911378    0.185911217
    4.624305789    0.185900381    0.185900392
    4.644767319    0.185889388    0.185889568
    4.665228849    0.185878438    0.185878744
    4.685690379    0.185867562    0.185867921
    4.706151909    0.185856772    0.185857100
    4.726613439    0.185846061    0.185846280
    4.747074969    0.185835403    0.185835460
    4.767536499    0.185824760    0.185824642
    4.787998029    0.185814091    0.185813822
    4.808459559    0.185803360    0.185803002
    4.828921089    0.185792546    0.185792181
    4.849382619    0.185781647    0.185781358
    4.869844149    0.185770681    0.185770534
    4.890305679    0.185759682    0.185759709
    4.910767209    0.185748690    0.185748884
    4.931228740    0.185737745    0.185738061
    4.951690270    0.185726876    0.185727238
    4.972151800    0.185716093    0.185716417
    4.992613330    0.185705389    0.185705597
    5.013074860    0.185694735    0.185694778
    5.033536390    0.185684093    0.185683959
    5.053997920    0.185673421    0.185673139
    5.074459450    0.185662684    0.185662319
    5.094920980    0.185651862    0.185651497
    5.115382510    0.185640956    0.185640674
    5.135844040    0.185629984    0.185629850
    5.156305570    0.185618982    0.185619025
    5.176767100    0.185607991    0.185608201
    5.197228630    0.185597051    0.185597377
    5.217690160    0.185586189    0.185586554
    5.238151690    0.185575415    0.185575733
    5.258613220    0.185564717    0.185564913
    5.279074750    0.185554068    0.185554094
    5.299536280    0.185543426    0.185543275
    5.319997810    0.185532750    0.185532456
    5.340459340    0.185522007    0.185521635
    5.360920870    0.185511177    0.185510814
    5.381382400    0.185500263    0.185499990
    5.401843930    0.185489286    0.185489166
    5.422305460    0.185478281    0.185478341
    5.442766991    0.185467292    0.185467517
    5.463228521    0.185456357    0.185456693
    5.483690051    0.185445503    0.185445870
    5.504151581    0.185434737    0.185435049
    5.524613111    0.185424046    0.185424230
    5.545074641    0.185413400    0.185413411
    5.565536171    0.185402758    0.185402592
    5.585997701    0.185392079    0.185391772
    5.606459231    0.185381329    0.185380951
    5.626920761    0.185370491    0.185370129
    5.647382291    0.185359569    0.185359306
    5.667843821    0.185348586    0.185348482
    5.688305351    0.185337580    0.185337657
    5.708766881    0.185326593    0.185326832
    5.729228411    0.185315664    0.185316009
    5.749689941    0.185304817    0.185305186
    5.770151471    0.185294059    0.185294365
    5.790613001    0.185283375    0.185283545
    5.811074531    0.185272732    0.185272726
    5.831536061    0.185262090    0.185261907
    5.851997591    0.185251407    0.185251088
    5.872459121    0.185240650    0.185240267
    5.892920651    0.185229804    0.185229445
    5.913382181    0.185218874    0.185218621
    5.933843711    0.185207886    0.185207797
    5.954305242    0.185196879    0.185196972
    5.974766772    0.185185894    0.185186147
    5.995228302    0.185174970    0.185175324
    6.015689832    0.185164131    0.185164501
    6.036151362    0.185153381    0.185153680
    6.056612892    0.185142703    0.185142861
    6.077074422    0.185132064    0.185132042
    6.097535952    0.185121422    0.185121223
    6.117997482    0.185110734    0.185110403
    6.138459012    0.185099969    0.185099582
    6.158920542    0.185089115    0.185088760
    6.179382072    0.185078178    0.185077936
    6.199843602    0.185067186    0.185067111
    6.220305132    0.185056176    0.185056286
    6.240766662    0.185045194    0.185045462
    6.261228192    0.185034277    0.185034638
    6.281689722    0.185023446    0.185023816
    6.302151252    0.185012704    0.185012995
    6.322612782    0.185002032    0.185002176
    6.343074312    0.184991396    0.184991357
    6.363535842    0.184980753    0.184980538
    6.383997372    0.184970060    0.184969718
    6.404458902    0.184959288    0.184958897
    6.424920432    0.184948426    0.184948074
    6.445381962    0.184937482    0.184937250
    6.465843493    0.184926484    0.184926426
    6.486305023    0.184915474    0.184915601
    6.506766553    0.184904495    0.184904776
    6.527228083    0.184893583    0.184893953
    6.547689613    0.184882760    0.184883130
    6.568151143    0.184872026    0.184872310
    6.588612673    0.184861361    0.184861490
    6.609074203    0.184850728    0.184850671
    6.629535733    0.184840083    0.184839852
    6.649997263    0.184829386    0.184829032
    6.670458793    0.184818606    0.184818211
    6.690920323    0.184807735    0.184807388
    6.711381853    0.184796784    0.184796564
    6.731843383    0.184785781    0.184785739
    6.752304913    0.184774770    0.184774914
    6.772766443    0.184763795    0.184764090
    6.793227973    0.184752890    0.184753266
    6.813689503    0.184742075    0.184742444
    6.834151033    0.184731349    0.184731624
    6.854612563    0.184720690    0.184720804
    6.875074093    0.184710059    0.184709985
    6.895535623    0.184699413    0.184699166
    6.915997153    0.184688710    0.184688346
    6.936458683    0.184677923    0.184677525
    6.956920213    0.184667044    0.184666702
    6.977381743    0.184656085    0.184655878
    6.997843274    0.184645078    0.184645053
    7.018304804    0.184634067    0.184634228
    7.038766334    0.184623094    0.184623403
    7.059227864    0.184612196    0.184612580
    7.079689394    0.184601390    0.184601758
    7.100150924    0.184590672    0.184590937
    7.120612454    0.184580019    0.184580118
    7.141073984    0.184569390    0.184569299
    7.161535514    0.184558742    0.184558480
    7.181997044    0.184548034    0.184547659
    7.202458574    0.184537239    0.184536838
    7.222920104    0.184526351    0.184526015
    7.243381634    0.184515385    0.184515191
    7.263843164    0.184504374    0.184504366
    7.284304694    0.184493362    0.184493540
    7.304766224    0.184482394    0.184482716
    7.325227754    0.184471503    0.184471893
    7.345689284    0.184460705    0.184461071
    7.366150814    0.184449995    0.184450250
    7.386612344    0.184439348    0.184439431
    7.407073874    0.184428721    0.184428612
    7.427535404    0.184418071    0.184417793
    7.447996934    0.184407357    0.184406972
    7.468458464    0.184396554    0.184396151
    7.488919994    0.184385657    0.184385328
    7.509381525    0.184374684    0.184374503
    7.529843055    0.184363669    0.184363678
    7.550304585    0.184352658    0.184352853
    7.570766115    0.184341693    0.184342028
    7.591227645    0.184330810    0.184331205
    7.611689175    0.184320021    0.184320383
    7.632150705    0.184309319    0.184309563
    7.652612235    0.184298677    0.184298744
    7.673073765    0.184288052    0.184287925
    7.693535295    0.184277399    0.184277105
    7.713996825    0.184266679    0.184266285
    7.734458355    0.184255867    0.184255463
    7.754919885    0.184244962    0.184244640
    7.775381415    0.184233982    0.184233815
    7.795842945    0.184222963    0.184222990
    7.816304475    0.184211952    0.184212165
    7.836766005    0.184200993    0.184201340
    7.857227535    0.184190116    0.184190517
    7.877689065    0.184179336    0.184179695
    7.898150595    0.184168642    0.184168875
    7.918612125    0.184158005    0.184158056
    7.939073655    0.184147382    0.184147237
    7.959535185    0.184136727    0.184136417
    7.979996715    0.184126000    0.184125597
    8.000458245    0.184115180    0.184114775
    8.020919776    0.184104266    0.184103951
    8.041381306    0.184093279    0.184093127
    8.061842836    0.184082257    0.184082301
    8.082304366    0.184071247    0.184071476
    8.102765896    0.184060292    0.184060652
    8.123227426    0.184049423    0.184049828
    8.143688956    0.184038652    0.184039007
    8.164150486    0.184027966    0.184028187
    8.184612016    0.184017334    0.184017368
    8.205073546    0.184006712    0.184006549
    8.225535076    0.183996054    0.183995729
    8.245996606    0.183985320    0.183984908
    8.266458136    0.183974491    0.183974086
    8.286919666    0.183963568    0.183963263
    8.307381196    0.183952574    0.183952438
    8.327842726    0.183941549    0.183941612
    8.348304256    0.183930540    0.183930787
    8.368765786    0.183919591    0.183919962
    8.389227316    0.183908730    0.183909139
    8.409688846    0.183897968    0.183898318
    8.430150376    0.183887290    0.183887498
    8.450611906    0.183876663    0.183876679
    8.471073436    0.183866042    0.183865860
    8.491534966    0.183855380    0.183855040
    8.511996496    0.183844639    0.183844219
    8.532458027    0.183833802    0.183833397
    8.552919557    0.183822870    0.183822573
    8.573381087    0.183811869    0.183811748
    8.593842617    0.183800841    0.183800923
    8.614304147    0.183789834    0.183790097
    8.634765677    0.183778890    0.183779273
    8.655227207    0.183768037    0.183768450
    8.675688737    0.183757284    0.183757629
    8.696150267    0.183746614    0.183746809
    8.716611797    0.183735992    0.183735989
    8.737073327    0.183725371    0.183725170
    8.757534857    0.183714705    0.183714351
    8.777996387    0.183703958    0.183703530
    8.798457917    0.183693111    0.183692707
    8.818919447    0.183682170    0.183681883
    8.839380977    0.183671163    0.183671058
    8.859842507    0.183660132    0.183660232
    8.880304037    0.183649127    0.183649407
    8.900765567    0.183638188    0.183638583
    8.921227097    0.183627345    0.183627760
    8.941688627    0.183616601    0.183616939
    8.962150157    0.183605938    0.183606119
    8.982611687    0.183595321    0.183595300
    9.003073217    0.183584700    0.183584481
    9.023534747    0.183574030    0.183573661
    9.043996277    0.183563275    0.183562840
    9.064457808    0.183552418    0.183552017
    9.084919338    0.183541469    0.183541193
    9.105380868    0.183530456    0.183530368
    9.125842398    0.183519423    0.183519542
    9.146303928    0.183508419    0.183508716
    9.166765458    0.183497487    0.183497892
    9.187226988    0.183486652    0.183487069
    9.207688518    0.183475917    0.183476248
    9.228150048    0.183465263    0.183465428
    9.248611578    0.183454649    0.183454609
    9.269073108    0.183444029    0.183443790
    9.289534638    0.183433354    0.183432970
    9.309996168    0.183422591    0.183422149
    9.330457698    0.183411725    0.183411326
    9.350919228    0.183400767    0.183400502
    9.371380758    0.183389747    0.183389676
    9.391842288    0.183378712    0.183378851
    9.412303818    0.183367711    0.183368025
    9.432765348    0.183356786    0.183357201
    9.453226878    0.183345960    0.183346378
    9.473688408    0.183335234    0.183335557
    9.494149938    0.183324587    0.183324738
    9.514611468    0.183313978    0.183313919
    9.535072998    0.183303357    0.183303100
    9.555534528    0.183292677    0.183292280
    9.575996059    0.183281906    0.183281458
    9.596457589    0.183271030    0.183270635
    9.616919119    0.183260063    0.183259810
    9.637380649    0.183249038    0.183248985
    9.657842179    0.183238001    0.183238159
    9.678303709    0.183227003    0.183227334
    9.698765239    0.183216084    0.183216509
    9.719226769    0.183205267    0.183205687
    9.739688299    0.183194551    0.183194866
    9.760149829    0.183183912    0.183184046
    9.780611359    0.183173306    0.183173227
    9.801072889    0.183162685    0.183162408
    9.821534419    0.183152000    0.183151588
    9.841995949    0.183141220    0.183140766
    9.862457479    0.183130335    0.183129943
    9.882919009    0.183119359    0.183119118
    9.903380539    0.183108327    0.183108293
    9.923842069    0.183097289    0.183097467
    9.944303599    0.183086294    0.183086641
    9.964765129    0.183075382    0.183075817
    9.985226659    0.183064575    0.183064995
   10.005688189    0.183053869    0.183054174
   10.026149719    0.183043237    0.183043354
   10.046611249    0.183032635    0.183032535
   10.067072779    0.183022012    0.183021716
   10.087534310    0.183011321    0.183010896
   10.107995840    0.183000533    0.183000074
   10.128457370    0.182989637    0.182989251
   10.148918900    0.182978653    0.182978426
   10.169380430    0.182967616    0.182967600
   10.189841960    0.182956576    0.182956774
   10.210303490    0.182945585    0.182945948
   10.230765020    0.182934680    0.182935124
   10.251226550    0.182923883    0.182924302
   10.271688080    0.182913186    0.182913481
   10.292149610    0.182902561    0.182902662
   10.312611140    0.182891963    0.182891843
   10.333072670    0.182881338    0.182881024
   10.353534200    0.182870642    0.182870203
   10.373995730    0.182859844    0.182859381
   10.394457260    0.182848939    0.182848558
   10.414918790    0.182837945    0.182837733
   10.435380320    0.182826903    0.182826907
   10.455841850    0.182815862    0.182816080
   10.476303380    0.182804875    0.182805255
   10.496764910    0.182793979    0.182794431
   10.517226440    0.182783191    0.182783609
   10.537687970    0.182772504    0.182772788
   10.558149500    0.182761886    0.182761969
   10.578611030    0.182751291    0.182751150
   10.599072561    0.182740665    0.182740331
   10.619534091    0.182729962    0.182729510
   10.639995621    0.182719155    0.182718688
   10.660457151    0.182708239    0.182707864
   10.680918681    0.182697237    0.182697039
   10.701380211    0.182686189    0.182686213
   10.721841741    0.182675148    0.182675386
   10.742303271    0.182664165    0.182664561
   10.762764801    0.182653277    0.182653737
   10.783226331    0.182642499    0.182642915
   10.803687861    0.182631822    0.182632094
   10.824149391    0.182621211    0.182621275
   10.844610921    0.182610619    0.182610456
   10.865072451    0.182599990    0.182599637
   10.885533981    0.182589281    0.182588816
   10.905995511    0.182578464    0.182577994
   10.926457041    0.182567538    0.182567170
   10.946918571    0.182556527    0.182556344
   10.967380101    0.182545474    0.182545518
   10.987841631    0.182534433    0.182534692
   11.008303161    0.182523454    0.182523866
   11.028764691    0.182512575    0.182513042
   11.049226221    0.182501807    0.182502220
   11.069687751    0.182491140    0.182491400
   11.090149281    0.182480536    0.182480581
   11.110610811    0.182469946    0.182469762
   11.131072342    0.182459315    0.182458942
   11.151533872    0.182448599    0.182448122
   11.171995402    0.182437772    0.182437299
   11.192456932    0.182426835    0.182426475
   11.212918462    0.182415816    0.182415649
   11.233379992    0.182404758    0.182404822
   11.253841522    0.182393717    0.182393996
   11.274303052    0.182382743    0.182383171
   11.294764582    0.182371873    0.182372347
   11.315226112    0.182361116    0.182361525
   11.335687642    0.182350458    0.182350705
   11.356149172    0.182339862    0.182339886
   11.376610702    0.182329273    0.182329067
   11.397072232    0.182318639    0.182318247
   11.417533762    0.182307916    0.182307426
   11.437995292    0.182297079    0.182296603
   11.458456822    0.182286131    0.182285779
   11.478918352    0.182275103    0.182274953
   11.499379882    0.182264041    0.182264126
   11.519841412    0.182253000    0.182253300
   11.540302942    0.182242032    0.182242475
   11.560764472    0.182231170    0.182231651
   11.581226002    0.182220424    0.182220829
   11.601687532    0.182209777    0.182210009
   11.622149062    0.182199187    0.182199190
   11.642610593    0.182188601    0.182188371
   11.663072123    0.182177963    0.182177551
   11.683533653    0.182167231    0.182166730
   11.703995183    0.182156384    0.182155907
   11.724456713    0.182145426    0.182145082
   11.744918243    0.182134389    0.182134256
   11.765379773    0.182123322    0.182123429
   11.785841303    0.182112282    0.182112603
   11.806302833    0.182101320    0.182101777
   11.826764363    0.182090468    0.182090954
   11.847225893    0.182079733    0.182080132
   11.867687423    0.182069095    0.182069312
   11.888148953    0.182058512    0.182058493
   11.908610483    0.182047927    0.182047674
   11.929072013    0.182037286    0.182036854
   11.949533543    0.182026546    0.182026033
   11.969995073    0.182015688    0.182015210
   11.990456603    0.182004719    0.182004385
   12.010918133    0.181993673    0.181993558
   12.031379663    0.181982602    0.181982731
   12.051841193    0.181971564    0.181971905
   12.072302723    0.181960608    0.181961079
   12.092764253    0.181949766    0.181950256
   12.113225783    0.181939042    0.181939434
   12.133687313    0.181928414    0.181928614
   12.154148844    0.181917837    0.181917795
   12.174610374    0.181907254    0.181906976
   12.195071904    0.181896609    0.181896156
   12.215533434    0.181885860    0.181885335
   12.235994964    0.181874990    0.181874511
   12.256456494    0.181864010    0.181863686
   12.276918024    0.181852956    0.181852859
   12.297379554    0.181841881    0.181842032
   12.317841084    0.181830844    0.181831205
   12.338302614    0.181819895    0.181820380
   12.358764144    0.181809063    0.181809556
   12.379225674    0.181798351    0.181798735
   12.399687204    0.181787733    0.181787915
   12.420148734    0.181777162    0.181777096
   12.440610264    0.181766580    0.181766277
   12.461071794    0.181755930    0.181755457
   12.481533324    0.181745172    0.181744635
   12.501994854    0.181734291    0.181733811
   12.522456384    0.181723300    0.181722986
   12.542917914    0.181712238    0.181712159
   12.563379444    0.181701159    0.181701331
   12.583840974    0.181690124    0.181690504
   12.604302504    0.181679182    0.181679679
   12.624764034    0.181668360    0.181668855
   12.645225564    0.181657660    0.181658034
   12.665687095    0.181647052    0.181647214
   12.686148625    0.181636487    0.181636395
   12.706610155    0.181625905    0.181625576
   12.727071685    0.181615251    0.181614755
   12.747533215    0.181604484    0.181603933
   12.767994745    0.181593591    0.181593109
   12.788456275    0.181582588    0.181582283
   12.808917805    0.181571517    0.181571456
   12.829379335    0.181560435    0.181560629
   12.849840865    0.181549402    0.181549801
   12.870302395    0.181538468    0.181538976
   12.890763925    0.181527657    0.181528152
   12.911225455    0.181516968    0.181517331
   12.931686985    0.181506371    0.181506511
   12.952148515    0.181495812    0.181495692
   12.972610045    0.181485230    0.181484872
   12.993071575    0.181474570    0.181474052
   13.013533105    0.181463793    0.181463230
   13.033994635    0.181452888    0.181452405
   13.054456165    0.181441874    0.181441579
   13.074917695    0.181430795    0.181430751
   13.095379225    0.181419710    0.181419923
   13.115840755    0.181408680    0.181409096
   13.136302285    0.181397753    0.181398270
   13.156763815    0.181386954    0.181387447
   13.177225345    0.181376277    0.181376625
   13.197686876    0.181365689    0.181365805
   13.218148406    0.181355136    0.181354986
   13.238609936    0.181344554    0.181344166
   13.259071466    0.181333889    0.181333345
   13.279532996    0.181323101    0.181322523
   13.299994526    0.181312184    0.181311698
   13.320456056    0.181301158    0.181300871
   13.340917586    0.181290071    0.181290043
   13.361379116    0.181278982    0.181279215
   13.381840646    0.181267955    0.181268387
   13.402302176    0.181257037    0.181257561
   13.422763706    0.181246249    0.181246737
   13.443225236    0.181235585    0.181235916
   13.463686766    0.181225008    0.181225096
   13.484148296    0.181214460    0.181214276
   13.504609826    0.181203878    0.181203456
   13.525071356    0.181193206    0.181192635
   13.545532886    0.181182408    0.181181812
   13.565994416    0.181171478    0.181170986
   13.586455946    0.181160440    0.181160159
   13.606917476    0.181149344    0.181149330
   13.627379006    0.181138253    0.181138501
   13.647840536    0.181127229    0.181127673
   13.668302066    0.181116320    0.181116847
   13.688763596    0.181105544    0.181106023
   13.709225127    0.181094893    0.181095201
   13.729686657    0.181084325    0.181084381
   13.750148187    0.181073783    0.181073561
   13.770609717    0.181063200    0.181062740
   13.791071247    0.181052521    0.181051919
   13.811532777    0.181041712    0.181041095
   13.831994307    0.181030768    0.181030268
   13.852455837    0.181019719    0.181019440
   13.872917367    0.181008615    0.181008611
   13.893378897    0.180997521    0.180997781
   13.913840427    0.180986501    0.180986953
   13.934301957    0.180975601    0.180976126
   13.954763487    0.180964838    0.180965302
   13.975225017    0.180954199    0.180954479
   13.995686547    0.180943642    0.180943658
   14.016148077    0.180933104    0.180932838
   14.036609607    0.180922520    0.180922017
   14.057071137    0.180911834    0.180911194
   14.077532667    0.180901013    0.180900369
   14.097994197    0.180890056    0.180889542
   14.118455727    0.180878994    0.180878713
   14.138917257    0.180867882    0.180867882
   14.159378787    0.180856786    0.180857052
   14.179840317    0.180845771    0.180846222
   14.200301847    0.180834880    0.180835395
   14.220763378    0.180824130    0.180824570
   14.241224908    0.180813504    0.180813746
   14.261686438    0.180802957    0.180802925
   14.282147968    0.180792424    0.180792103
   14.302609498    0.180781838    0.180781281
   14.323071028    0.180771144    0.180770457
   14.343532558    0.180760311    0.180759631
   14.363994088    0.180749340    0.180748802
   14.384455618    0.180738265    0.180737972
   14.404917148    0.180727145    0.180727140
   14.425378678    0.180716047    0.180716308
   14.445840208    0.180705036    0.180705478
   14.466301738    0.180694155    0.180694649
   14.486763268    0.180683418    0.180683822
   14.507224798    0.180672805    0.180672998
   14.527686328    0.180662268    0.180662175
   14.548147858    0.180651740    0.180651352
   14.568609388    0.180641152    0.180640528
   14.589070918    0.180630449    0.180629703
   14.609532448    0.180619603    0.180618875
   14.629993978    0.180608618    0.180608044
   14.650455508    0.180597530    0.180597212
   14.670917038    0.180586401    0.180586378
   14.691378568    0.180575302    0.180575544
   14.711840098    0.180564295    0.180564712
   14.732301628    0.180553425    0.180553881
   14.752763159    0.180542701    0.180543053
   14.773224689    0.180532102    0.180532226
   14.793686219    0.180521575    0.180521401
   14.814147749    0.180511051    0.180510577
   14.834609279    0.180500461    0.180499751
   14.855070809    0.180489749    0.180488923
   14.875532339    0.180478889    0.180478092
   14.895993869    0.180467889    0.180467259
   14.916455399    0.180456788    0.180456423
   14.936916929    0.180445651    0.180445587
   14.957378459    0.180434550    0.180434750
   14.977839989    0.180423548    0.180423915
   14.998301519    0.180412689    0.180413081
   15.018763049    0.180401979    0.180402250
   15.039224579    0.180391394    0.180391421
   15.059686109    0.180380876    0.180380593
   15.080147639    0.180370357    0.180369765
   15.100609169    0.180359763    0.180358935
   15.121070699    0.180349041    0.180348104
   15.141532229    0.180338167    0.180337269
   15.161993759    0.180327151    0.180326432
   15.182455289    0.180316037    0.180315592
   15.202916819    0.180304891    0.180304751
   15.223378349    0.180293788    0.180293911
   15.243839879    0.180282792    0.180283071
   15.264301410    0.180271943    0.180272233
   15.284762940    0.180261248    0.180261398
   15.305224470    0.180250676    0.180250564
   15.325686000    0.180240169    0.180239731
   15.346147530    0.180229652    0.180228898
   15.366609060    0.180219055    0.180218064
   15.387070590    0.180208322    0.180207227
   15.407532120    0.180197433    0.180196386
   15.427993650    0.180186400    0.180185543
   15.448455180    0.180175271    0.180174697
   15.468916710    0.180164117    0.180163850
   15.489378240    0.180153012    0.180153003
   15.509839770    0.180142022    0.180142157
   15.530301300    0.180131184    0.180131313
   15.550762830    0.180120503    0.180120471
   15.571224360    0.180109945    0.180109630
   15.591685890    0.180099447    0.180098790
   15.612147420    0.180088933    0.180087950
   15.632608950    0.180078331    0.180077107
   15.653070480    0.180067587    0.180066262
   15.673532010    0.180056681    0.180055413
   15.693993540    0.180045631    0.180044561
   15.714455070    0.180034487    0.180033706
   15.734916600    0.180023323    0.180022850
   15.755378130    0.180012216    0.180011993
   15.775839661    0.180001231    0.180001137
   15.796301191    0.179990405    0.179990283
   15.816762721    0.179979739    0.179979430
   15.837224251    0.179969193    0.179968579
   15.857685781    0.179958705    0.179957728
   15.878147311    0.179948193    0.179946876
   15.898608841    0.179937584    0.179936021
   15.919070371    0.179926827    0.179925164
   15.939531901    0.179915903    0.179914302
   15.959993431    0.179904834    0.179903436
   15.980454961    0.179893674    0.179892567
   16.000916491    0.179882500    0.179881696
   16.021378021    0.179871390    0.179870825
   16.041839551    0.179860410    0.179859954
   16.062301081    0.179849596    0.179849084
   16.082762611    0.179838943    0.179838215
   16.103224141    0.179828411    0.179827348
   16.123685671    0.179817930    0.179816480
   16.144147201    0.179807419    0.179805610
   16.164608731    0.179796803    0.179794737
   16.185070261    0.179786031    0.179783861
   16.205531791    0.179775088    0.179772979
   16.225993321    0.179763998    0.179762093
   16.246454851    0.179752820    0.179751203
   16.266916381    0.179741634    0.179740310
   16.287377912    0.179730521    0.179729416
   16.307839442    0.179719546    0.179718522
   16.328300972    0.179708742    0.179707629
   16.348762502    0.179698102    0.179696737
   16.369224032    0.179687582    0.179685844
   16.389685562    0.179677109    0.179674950
   16.410147092    0.179666597    0.179664054
   16.430608622    0.179655972    0.179653154
   16.451070152    0.179645183    0.179642248
   16.471531682    0.179634218    0.179631336
   16.491993212    0.179623105    0.179620419
   16.512454742    0.179611907    0.179609497
   16.532916272    0.179600708    0.179598572
   16.553377802    0.179589589    0.179587644
   16.573839332    0.179578617    0.179576715
   16.594300862    0.179567823    0.179565786
   16.614762392    0.179557195    0.179554856
   16.635223922    0.179546685    0.179543926
   16.655685452    0.179536217    0.179532992
   16.676146982    0.179525702    0.179522055
   16.696608512    0.179515065    0.179511112
   16.717070042    0.179504255    0.179500163
   16.737531572    0.179493265    0.179489205
   16.757993102    0.179482126    0.179478241
   16.778454632    0.179470905    0.179467270
   16.798916162    0.179459689    0.179456295
   16.819377693    0.179448563    0.179445315
   16.839839223    0.179437592    0.179434333
   16.860300753    0.179426804    0.179423349
   16.880762283    0.179416186    0.179412362
   16.901223813    0.179405684    0.179401373
   16.921685343    0.179395218    0.179390379
   16.942146873    0.179384696    0.179379379
   16.962608403    0.179374043    0.179368371
   16.983069933    0.179363209    0.179357354
   17.003531463    0.179352189    0.179346327
   17.023992993    0.179341018    0.179335290
   17.044454523    0.179329770    0.179324245
   17.064916053    0.179318534    0.179313192
   17.085377583    0.179307396    0.179302132
   17.105839113    0.179296422    0.179291068
   17.126300643    0.179285637    0.179279999
   17.146762173    0.179275025    0.179268925
   17.167223703    0.179264527    0.179257845
   17.187685233    0.179254058    0.179246758
   17.208146763    0.179243525    0.179235661
   17.228608293    0.179232850    0.179224553
   17.249069823    0.179221985    0.179213432
   17.269531353    0.179210928    0.179202297
   17.289992883    0.179199720    0.179191149
   17.310454413    0.179188438    0.179179989
   17.330915944    0.179177174    0.179168817
   17.351377474    0.179166018    0.179157635
   17.371839004    0.179155034    0.179146444
   17.392300534    0.179144247    0.179135244
   17.412762064    0.179133635    0.179124035
   17.433223594    0.179123134    0.179112815
   17.453685124    0.179112655    0.179101583
   17.474146654    0.179102102    0.179090336
   17.494608184    0.179091396    0.179079073
   17.515069714    0.179080490    0.179067792
   17.535531244    0.179069387    0.179056491
   17.555992774    0.179058131    0.179045171
   17.576454304    0.179046803    0.179033833
   17.596915834    0.179035502    0.179022477
   17.617377364    0.179024318    0.179011105
   17.637838894    0.179013316    0.178999717
   17.658300424    0.179002516    0.178988314
   17.678761954    0.178991894    0.178976895
   17.699223484    0.178981380    0.178965459
   17.719685014    0.178970880    0.178954002
   17.740146544    0.178960295    0.178942523
   17.760608074    0.178949545    0.178931020
   17.781069604    0.178938585    0.178919489
   17.801531134    0.178927420    0.178907931
   17.821992664    0.178916101    0.178896344
   17.842454195    0.178904714    0.178884730
   17.862915725    0.178893361    0.178873089
   17.883377255    0.178882134    0.178861422
   17.903838785    0.178871098    0.178849729
   17.924300315    0.178860271    0.178838011
   17.944761845    0.178849623    0.178826266
   17.965223375    0.178839079    0.178814492
   17.985684905    0.178828541    0.178802686
   18.006146435    0.178817906    0.178790846
   18.026607965    0.178807091    0.178778968
   18.047069495    0.178796056    0.178767050
   18.067531025    0.178784806    0.178755091
   18.087992555    0.178773399    0.178743089
   18.108454085    0.178761926    0.178731045
   18.128915615    0.178750492    0.178718959
   18.149377145    0.178739194    0.178706832
   18.169838675    0.178728094    0.178694663
   18.190300205    0.178717210    0.178682453
   18.210761735    0.178706504    0.178670199
   18.231223265    0.178695899    0.178657898
   18.251684795    0.178685290    0.178645547
   18.272146325    0.178674570    0.178633142
   18.292607855    0.178663657    0.178620679
   18.313069385    0.178652510    0.178608156
   18.333530915    0.178641142    0.178595570
   18.353992446    0.178629613    0.178582919
   18.374453976    0.178618020    0.178570204
   18.394915506    0.178606474    0.178557423
   18.415377036    0.178595073    0.178544576
   18.435838566    0.178583880    0.178531663
   18.456300096    0.178572907    0.178518682
   18.476761626    0.178562112    0.178505631
   18.497223156    0.178551412    0.178492505
   18.517684686    0.178540695    0.178479300
   18.538146216    0.178529852    0.178466011
   18.558607746    0.178518798    0.178452632
   18.579069276    0.178507496    0.178439161
   18.599530806    0.178495960    0.178425592
   18.619992336    0.178484259    0.178411924
   18.640453866    0.178472494    0.178398155
   18.660915396    0.178460782    0.178384284
   18.681376926    0.178449223    0.178370308
   18.701838456    0.178437879    0.178356227
   18.722299986    0.178426758    0.178342036
   18.742761516    0.178415815    0.178327732
   18.763223046    0.178404957    0.178313309
   18.783684576    0.178394067    0.178298761
   18.804146106    0.178383032    0.178284081
   18.824607636    0.178371766    0.178269261
   18.845069166    0.178360232    0.178254297
   18.865530696    0.178348451    0.178239183
   18.885992227    0.178336495    0.178223913
   18.906453757    0.178324475    0.178208485
   18.926915287    0.178312511    0.178192895
   18.947376817    0.178300705    0.178177140
   18.967838347    0.178289120    0.178161216
   18.988299877    0.178277760    0.178145117
   19.008761407    0.178266572    0.178128837
   19.029222937    0.178255458    0.178112367
   19.049684467    0.178244293    0.178095699
   19.070145997    0.178232959    0.178078822
   19.090607527    0.178221369    0.178061728
   19.111069057    0.178209488    0.178044406
   19.131530587    0.178197340    0.178026848
   19.151992117    0.178185005    0.178009047
   19.172453647    0.178172601    0.177990996
   19.192915177    0.178160252    0.177972689
   19.213376707    0.178148065    0.177954120
   19.233838237    0.178136100    0.177935279
   19.254299767    0.178124358    0.177916159
   19.274761297    0.178112780    0.177896749
   19.295222827    0.178101258    0.177877037
   19.315684357    0.178089660    0.177857009
   19.336145887    0.178077864    0.177836651
   19.356607417    0.178065779    0.177815948
   19.377068947    0.178053371    0.177794886
   19.397530478    0.178040671    0.177773451
   19.417992008    0.178027766    0.177751632
   19.438453538    0.178014778    0.177729417
   19.458915068    0.178001840    0.177706793
   19.479376598    0.177989061    0.177683749
   19.499838128    0.177976499    0.177660273
   19.520299658    0.177964152    0.177636347
   19.540761188    0.177951952    0.177611957
   19.561222718    0.177939782    0.177587083
   19.581684248    0.177927503    0.177561704
   19.602145778    0.177914985    0.177535798
   19.622607308    0.177902134    0.177509343
   19.643068838    0.177888919    0.177482317
   19.663530368    0.177875374    0.177454700
   19.683991898    0.177861594    0.177426469
   19.704453428    0.177847710    0.177397605
   19.724914958    0.177833860    0.177368088
   19.745376488    0.177820155    0.177337897
   19.765838018    0.177806655    0.177307009
   19.786299548    0.177793349    0.177275400
   19.806761078    0.177780163    0.177243043
   19.827222608    0.177766969    0.177209908
   19.847684138    0.177753618    0.177175963
   19.868145668    0.177739971    0.177141172
   19.888607198    0.177725934    0.177105503
   19.909068729    0.177711473    0.177068919
   19.929530259    0.177696630    0.177031386
   19.949991789    0.177681506    0.176992870
   19.970453319    0.177666239    0.176953337
   19.990914849    0.177650976    0.176912753
   20.011376379    0.177635830    0.176871081
   20.031837909    0.177620858    0.176828285
   20.052299439    0.177606046    0.176784324
   20.072760969    0.177591307    0.176739153
   20.093222499    0.177576502    0.176692724
   20.113684029    0.177561469    0.176644987
   20.134145559    0.177546062    0.176595886
   20.154607089    0.177530179    0.176545366
   20.175068619    0.177513789    0.176493372
   20.195530149    0.177496936    0.176439845
   20.215991679    0.177479729    0.176384729
   20.236453209    0.177462317    0.176327967
   20.256914739    0.177444850    0.176269502
   20.277376269    0.177427447    0.176209273
   20.297837799    0.177410161    0.176147218
   20.318299329    0.177392970    0.176083269
   20.338760859    0.177375776    0.176017353
   20.359222389    0.177358425    0.175949392
   20.379683919    0.177340741    0.175879303
   20.400145449    0.177322566    0.175806999
   20.420606980    0.177303791    0.175732389
   20.441068510    0.177284383    0.175655381
   20.461530040    0.177264392    0.175575881
   20.481991570    0.177243933    0.175493795
   20.502453100    0.177223163    0.175409028
   20.522914630    0.177202241    0.175321482
   20.543376160    0.177181286    0.175231058
   20.563837690    0.177160351    0.175137650
   20.584299220    0.177139402    0.175041146
   20.604760750    0.177118327    0.174941428
   20.625222280    0.177096953    0.174838365
   20.645683810    0.177075088    0.174731823
   20.666145340    0.177052557    0.174621657
   20.686606870    0.177029242    0.174507718
   20.707068400    0.177005108    0.174389852
   20.727529930    0.176980203    0.174267905
   20.747991460    0.176954654    0.174141719
   20.768452990    0.176928623    0.174011137
   20.788914520    0.176902275    0.173875997
   20.809376050    0.176875733    0.173736133
   20.829837580    0.176849042    0.173591370
   20.850299110    0.176822157    0.173441525
   20.870760640    0.176794945    0.173286398
   20.891222170    0.176767212    0.173125776
   20.911683700    0.176738740    0.172959429
   20.932145230    0.176709335    0.172787116
   20.952606761    0.176678864    0.172608585
   20.973068291    0.176647283    0.172423582
   20.993529821    0.176614643    0.172231851
   21.013991351    0.176581071    0.172033139
   21.034452881    0.176546740    0.171827202
   21.054914411    0.176511820    0.171613801
   21.075375941    0.176476430    0.171392698
   21.095837471    0.176440610    0.171163649
   21.116299001    0.176404295    0.170926393
   21.136760531    0.176367328    0.170680639
   21.157222061    0.176329484    0.170426050
   21.177683591    0.176290514    0.170162235
   21.198145121    0.176250194    0.169888736
   21.218606651    0.176208371    0.169605025
   21.239068181    0.176164986    0.169310508
   21.259529711    0.176120086    0.169004532
   21.279991241    0.176073800    0.168686401
   21.300452771    0.176026307    0.168355405
   21.320914301    0.175977776    0.168010840
   21.341375831    0.175928326    0.167652043
   21.361837361    0.175877980    0.167278422
   21.382298891    0.175826650    0.166889481
   21.402760421    0.175774144    0.166484847
   21.423221951    0.175720193    0.166064284
   21.443683481    0.175664506    0.165627700
   21.464145012    0.175606816    0.165175155
   21.484606542    0.175546936    0.164706845
   21.505068072    0.175484785    0.164223097
   21.525529602    0.175420396    0.163724352
   21.545991132    0.175353895    0.163211143
   21.566452662    0.175285456    0.162684077
   21.586914192    0.175215248    0.162143818
   21.607375722    0.175143377    0.161591072
   21.627837252    0.175069843    0.161026572
   21.648298782    0.174994520    0.160451067
   21.668760312    0.174917164    0.159865318
   21.689221842    0.174837446    0.159270092
   21.709683372    0.174755009    0.158666154
   21.730144902    0.174669525    0.158054263
   21.750606432    0.174580753    0.157435170
   21.771067962    0.174488572    0.156809609
   21.791529492    0.174392987    0.156178289
   21.811991022    0.174294107    0.155541890
   21.832452552    0.174192096    0.154901054
   21.852914082    0.174087110    0.154256378
   21.873375612    0.173979232    0.153608406
   21.893837142    0.173868423    0.152957628
   21.914298672    0.173754499    0.152304468
   21.934760202    0.173637140    0.151649283
   21.955221732    0.173515927    0.150992354
   21.975683263    0.173390406    0.150333877
   21.996144793    0.173260155    0.149673951
   22.016606323    0.173124848    0.149012562
   22.037067853    0.172984298    0.148349568
   22.057529383    0.172838458    0.147684680
   22.077990913    0.172687402    0.147017438
   22.098452443    0.172531266    0.146347199
   22.118913973    0.172370176    0.145673122
   22.139375503    0.172204171    0.144994155
   22.159837033    0.172033147    0.144309042
   22.180298563    0.171856831    0.143616323
   22.200760093    0.171674782    0.142914357
   22.221221623    0.171486443    0.142201343
   22.241683153    0.171291207    0.141475349
   22.262144683    0.171088503    0.140734347
   22.282606213    0.170877866    0.139976250
   22.303067743    0.170658991    0.139198942
   22.323529273    0.170431739    0.138400308
   22.343990803    0.170196114    0.137578257
   22.364452333    0.169952190    0.136730737
   22.384913863    0.169700033    0.135855746
   22.405375393    0.169439603    0.134951331
   22.425836923    0.169170687    0.134015585
   22.446298453    0.168892859    0.133046650
   22.466759983    0.168605491    0.132042702
   22.487221514    0.168307797    0.131001952
   22.507683044    0.167998928    0.129922646
   22.528144574    0.167678064    0.128803066
   22.548606104    0.167344510    0.127641536
   22.569067634    0.166997761    0.126436431
   22.589529164    0.166637516    0.125186191
   22.609990694    0.166263651    0.123889328
   22.630452224    0.165876136    0.122544437
   22.650913754    0.165474927    0.121150204
   22.671375284    0.165059854    0.119705413
   22.691836814    0.164630524    0.118208941
   22.712298344    0.164186267    0.116659766
   22.732759874    0.163726140    0.115056955
   22.753221404    0.163248989    0.113399674
   22.773682934    0.162753554    0.111687175
   22.794144464    0.162238598    0.109918808
   22.814605994    0.161703035    0.108094024
   22.835067524    0.161146021    0.106212382
   22.855529054    0.160566982    0.104273569
   22.875990584    0.159965583    0.102277408
   22.896452114    0.159341627    0.100223882
   22.916913644    0.158694910    0.098113144
   22.937375174    0.158025057    0.095945538
   22.957836704    0.157331387    0.093721605
   22.978298234    0.156612823    0.091442089
   22.998759764    0.155867883    0.089107940
   23.019221295    0.155094756    0.086720309
   23.039682825    0.154291445    0.084280539
   23.060144355    0.153455963    0.081790154
   23.080605885    0.152586522    0.079250842
   23.101067415    0.151681685    0.076664442
   23.121528945    0.150740444    0.074032929
   23.141990475    0.149762178    0.071358397
   23.162452005    0.148746517    0.068643045
   23.182913535    0.147693117    0.065889168
   23.203375065    0.146601385    0.063099145
   23.223836595    0.145470226    0.060275427
   23.244298125    0.144297860    0.057420530
   23.264759655    0.143081766    0.054537022
   23.285221185    0.141818778    0.051627515
   23.305682715    0.140505339    0.048694656
   23.326144245    0.139137875    0.045741107
   23.346605775    0.137713227    0.042769543
   23.367067305    0.136229054    0.039782634
   23.387528835    0.134684122    0.036783037
   23.407990365    0.133078386    0.033773381
   23.428451895    0.131412814    0.030756262
   23.448913425    0.129688947    0.027734230
   23.469374955    0.127908213    0.024709782
   23.489836485    0.126071084    0.021685349
   23.510298015    0.124176192    0.018663294
   23.530759546    0.122219553    0.015645890
   23.551221076    0.120194040    0.012635318
   23.571682606    0.118089217    0.009633647
   23.592144136    0.115891652    0.006642820
   23.612605666    0.113585685    0.003664642
   23.633067196    0.111154660    0.000700760
   23.653528726    0.108582472   -0.002247343
   23.673990256    0.105855306   -0.005178362
   23.694451786    0.102963356   -0.008091175
   23.714913316    0.099902330   -0.010984843
   23.735374846    0.096674566   -0.013858608
   23.755836376    0.093289621   -0.016711884
   23.776297906    0.089764244   -0.019544246
   23.796759436    0.086121759   -0.022355417
   23.817220966    0.082390897   -0.025145249
   23.837682496    0.078604229   -0.027913711
   23.858144026    0.074796365   -0.030660873
   23.878605556    0.071002114   -0.033386897
   23.899067086    0.067254792   -0.036092026
   23.919528616    0.063584830   -0.038776585
   23.939990146    0.060018796   -0.041440973
   23.960451676    0.056578858   -0.044085667
   23.980913206    0.053282693   -0.046711228
   24.001374736    0.050143757   -0.049318297
   24.021836266    0.047171809   -0.051907603
   24.042297797    0.044373567   -0.054479962
   24.062759327    0.041753370   -0.057036279
   24.083220857    0.039313738   -0.059577543
   24.103682387    0.037055771   -0.062104824
   24.124143917    0.034979351   -0.064619270
   24.144605447    0.033083177   -0.067122097
   24.165066977    0.031364667   -0.069614585
   24.185528507    0.029819800   -0.072098073
   24.205990037    0.028442967   -0.074573949
   24.226451567    0.027226881   -0.077043647
   24.246913097    0.026162574   -0.079508641
   24.267374627    0.025239476   -0.081970437
   24.287836157    0.024445539   -0.084430574
   24.308297687    0.023767348   -0.086890610
   24.328759217    0.023190142   -0.089352123
   24.349220747    0.022697699   -0.091816702
   24.369682277    0.022272030   -0.094285940
   24.390143807    0.021892899   -0.096761431
   24.410605337    0.021537207   -0.099244761
   24.431066867    0.021178323   -0.101737508
   24.451528397    0.020785506   -0.104241236
   24.471989927    0.020323521   -0.106757493
   24.492451457    0.019752607   -0.109287808
   24.512912987    0.019028879   -0.111833696
   24.533374517    0.018105218   -0.114396652
   24.553836047    0.016932621   -0.116978151
   24.574297578    0.015461939   -0.119579649
   24.594759108    0.013645838   -0.122202578
   24.615220638    0.011440800   -0.124848346
   24.635682168    0.008808944   -0.127518327
   24.656143698    0.005719468   -0.130213862
   24.676605228    0.002149552   -0.132936249
   24.697066758   -0.001915382   -0.135686740
   24.717528288   -0.006482059   -0.138466534
   24.737989818   -0.011550332   -0.141276771
   24.758451348   -0.017114592   -0.144118528
   24.778912878   -0.023165444   -0.146992818
   24.799374408   -0.029691385   -0.149900580
   24.819835938   -0.036680303   -0.152842683
   24.840297468   -0.044120603   -0.155819916
   24.860758998   -0.052001856   -0.158832992
   24.881220528   -0.060314930   -0.161882537
   24.901682058   -0.069051663   -0.164969095
   24.922143588   -0.078204175   -0.168093121
   24.942605118   -0.087763999   -0.171254981
   24.963066648   -0.097721206   -0.174454948
   24.983528178   -0.108063678   -0.177693203
   25.003989708   -0.118776690   -0.180969836
   25.024451238   -0.129842827   -0.184284842
   25.044912768   -0.141242268   -0.187638127
   25.065374298   -0.152953347   -0.191029508
   25.085835829   -0.164953277   -0.194458712
   25.106297359   -0.177218886   -0.197925378
   25.126758889   -0.189727211   -0.201429058
   25.147220419   -0.202455826   -0.204969220
   25.167681949   -0.215382832   -0.208545242
   25.188143479   -0.228486478   -0.212156420
   25.208605009   -0.241744486   -0.215801961
   25.229066539   -0.255133154   -0.219480992
   25.249528069   -0.268626416   -0.223192556
   25.269989599   -0.282194981   -0.226935615
   25.290451129   -0.295805720   -0.230709057
   25.310912659   -0.309421400   -0.234511694
   25.331374189   -0.323000827   -0.238342269
   25.351835719   -0.336499392   -0.242199458
   25.372297249   -0.349869967   -0.246081872
   25.392758779   -0.363064040   -0.249988057
   25.413220309   -0.376032958   -0.253916502
   25.433681839   -0.388729140   -0.257865633
   25.454143369   -0.401107126   -0.261833818
   25.474604899   -0.413124392   -0.265819371
   25.495066429   -0.424741855   -0.269820552
   25.515527959   -0.435924093   -0.273835568
   25.535989489   -0.446639308   -0.277862585
   25.556451019   -0.456859112   -0.281899727
   25.576912549   -0.466558218   -0.285945082
   25.597374080   -0.475714127   -0.289996709
   25.617835610   -0.484306874   -0.294052641
   25.638297140   -0.492318890   -0.298110890
   25.658758670   -0.499734968   -0.302169447
   25.679220200   -0.506542338   -0.306226285
   25.699681730   -0.512730798   -0.310279359
   25.720143260   -0.518292857   -0.314326608
   25.740604790   -0.523223836   -0.318365958
   25.761066320   -0.527521899   -0.322395322
   25.781527850   -0.531187993   -0.326412607
   25.801989380   -0.534225715   -0.330415725
   25.822450910   -0.536641122   -0.334402592
   25.842912440   -0.538442559   -0.338371146
   25.863373970   -0.539640518   -0.342319352
   25.883835500   -0.540247605   -0.346245205
   25.904297030   -0.540278625   -0.350146741
   25.924758560   -0.539750784   -0.354022032
   25.945220090   -0.538683992   -0.357869183
   25.965681620   -0.537101205   -0.361686325
   25.986143150   -0.535028738   -0.365471606
   26.006604680   -0.532496471   -0.369223177
   26.027066210   -0.529537876   -0.372939185
   26.047527740   -0.526189808   -0.376617765
   26.067989270   -0.522492037   -0.380257037
   26.088450800   -0.518486528   -0.383855113
   26.108912331   -0.514216519   -0.387410107
   26.129373861   -0.509725462   -0.390920156
   26.149835391   -0.505055943   -0.394383449
   26.170296921   -0.500248669   -0.397798250
   26.190758451   -0.495341636   -0.401162941
   26.211219981   -0.490369552   -0.404476047
   26.231681511   -0.485363559   -0.407736269
   26.252143041   -0.480351286   -0.410942507
   26.272604571   -0.475357183   -0.414093881
   26.293066101   -0.470403082   -0.417189733
   26.313527631   -0.465508915   -0.420229636
   26.333989161   -0.460693469   -0.423213384
   26.354450691   -0.455975089   -0.426140982
   26.374912221   -0.451372254   -0.429012632
   26.395373751   -0.446903953   -0.431828713
   26.415835281   -0.442589855   -0.434589765
   26.436296811   -0.438450250   -0.437296470
   26.456758341   -0.434505823   -0.439949639
   26.477219871   -0.430777294   -0.442550200
   26.497681401   -0.427285002   -0.445099184
   26.518142931   -0.424048488   -0.447597720
   26.538604461   -0.421086140   -0.450047025
   26.559065991   -0.418414928   -0.452448398
   26.579527521   -0.416050255   -0.454803213
   26.599989051   -0.414005903   -0.457112910
   26.620450581   -0.412294070   -0.459378989
   26.640912112   -0.410925452   -0.461602997
   26.661373642   -0.409909336   -0.463786521
   26.681835172   -0.409253690   -0.465931180
   26.702296702   -0.408965208   -0.468038609
   26.722758232   -0.409049323   -0.470110455
   26.743219762   -0.409510192   -0.472148365
   26.763681292   -0.410350673   -0.474153972
   26.784142822   -0.411572312   -0.476128889
   26.804604352   -0.413175375   -0.478074690
   26.825065882   -0.415158928   -0.479992898
   26.845527412   -0.417520979   -0.481884965
   26.865988942   -0.420258660   -0.483752257
   26.886450472   -0.423368445   -0.485596024
   26.906912002   -0.426846348   -0.487417389
   26.927373532   -0.430688095   -0.489217320
   26.947835062   -0.434889227   -0.490996614
   26.968296592   -0.439445104   -0.492755882
   26.988758122   -0.444350837   -0.494495544
   27.009219652   -0.449601123   -0.496215822
   27.029681182   -0.455190024   -0.497916750
   27.050142712   -0.461110730   -0.499598185
   27.070604242   -0.467355322   -0.501259826
   27.091065772   -0.473914588   -0.502901237
   27.111527302   -0.480777908   -0.504521878
   27.131988832   -0.487933225   -0.506121128
   27.152450363   -0.495367094   -0.507698316
   27.172911893   -0.503064801   -0.509252740
   27.193373423   -0.511010529   -0.510783690
   27.213834953   -0.519187533   -0.512290456
   27.234296483   -0.527578307   -0.513772337
   27.254758013   -0.536164722   -0.515228642
   27.275219543   -0.544928116   -0.516658687
   27.295681073   -0.553849348   -0.518061790
   27.316142603   -0.562908819   -0.519437265
   27.336604133   -0.572086483   -0.520784419
   27.357065663   -0.581361863   -0.522102546
   27.377527193   -0.590714086   -0.523390932
   27.397988723   -0.600121958   -0.524648855
   27.418450253   -0.609564065   -0.525875595
   27.438911783   -0.619018904   -0.527070441
   27.459373313   -0.628465024   -0.528232704
   27.479834843   -0.637881158   -0.529361718
   27.500296373   -0.647246335   -0.530456856
   27.520757903   -0.656539948   -0.531517527
   27.541219433   -0.665741785   -0.532543182
   27.561680963   -0.674832019   -0.533533310
   27.582142493   -0.683791173   -0.534487436
   27.602604023   -0.692600074   -0.535405122
   27.623065553   -0.701239817   -0.536285956
   27.643527083   -0.709691749   -0.537129564
   27.663988614   -0.717937496   -0.537935603
   27.684450144   -0.725959015   -0.538703778
   27.704911674   -0.733738688   -0.539433847
   27.725373204   -0.741259419   -0.540125639
   27.745834734   -0.748504743   -0.540779069
   27.766296264   -0.755458907   -0.541394155
   27.786757794   -0.762106928   -0.541971031
   27.807219324   -0.768434617   -0.542509960
   27.827680854   -0.774428562   -0.543011338
   27.848142384   -0.780076091   -0.543475698
   27.868603914   -0.785365232   -0.543903703
   27.889065444   -0.790284670   -0.544296142
   27.909526974   -0.794823734   -0.544653910
   27.929988504   -0.798972406   -0.544978000
   27.950450034   -0.802721375   -0.545269487
   27.970911564   -0.806062101   -0.545529508
   27.991373094   -0.808986910   -0.545759255
   28.011834624   -0.811489071   -0.545959959
   28.032296154   -0.813562867   -0.546132884
   28.052757684   -0.815203636   -0.546279319
   28.073219214   -0.816407767   -0.546400569
   28.093680744   -0.817172680   -0.546497958
   28.114142274   -0.817496767   -0.546572816
   28.134603804   -0.817379330   -0.546626475
   28.155065334   -0.816820528   -0.546660267
   28.175526865   -0.815821336   -0.546675510
   28.195988395   -0.814383538   -0.546673509
   28.216449925   -0.812509742   -0.546655540
   28.236911455   -0.810203429   -0.546622852
   28.257372985   -0.807469002   -0.546576655
   28.277834515   -0.804311840   -0.546518123
   28.298296045   -0.800738329   -0.546448385
   28.318757575   -0.796755868   -0.546368530
   28.339219105   -0.792372837   -0.546279602
   28.359680635   -0.787598539   -0.546182602
   28.380142165   -0.782443117   -0.546078479
   28.400603695   -0.776917465   -0.545968132
   28.421065225   -0.771033146   -0.545852402
   28.441526755   -0.764802335   -0.545732061
   28.461988285   -0.758237791   -0.545607804
   28.482449815   -0.751352852   -0.545480241
   28.502911345   -0.744161465   -0.545349889
   28.523372875   -0.736678218   -0.545217163
   28.543834405   -0.728918376   -0.545082378
   28.564295935   -0.720897889   -0.544945754
   28.584757465   -0.712633383   -0.544807417
   28.605218995   -0.704142104   -0.544667419
   28.625680525   -0.695441846   -0.544525753
   28.646142055   -0.686550850   -0.544382371
   28.666603585   -0.677487706   -0.544237205
   28.687065115   -0.668271264   -0.544090190
   28.707526646   -0.658920573   -0.543941276
   28.727988176   -0.649454848   -0.543790449
   28.748449706   -0.639893470   -0.543637736
   28.768911236   -0.630256019   -0.543483210
   28.789372766   -0.620562299   -0.543326993
   28.809834296   -0.610832363   -0.543169250
   28.830295826   -0.601086520   -0.543010185
   28.850757356   -0.591345288   -0.542850032
   28.871218886   -0.581629326   -0.542689048
   28.891680416   -0.571959320   -0.542527505
   28.912141946   -0.562355849   -0.542365686
   28.932603476   -0.552839249   -0.542203877
   28.953065006   -0.543429490   -0.542042371
   28.973526536   -0.534146075   -0.541881457
   28.993988066   -0.525007980   -0.541721430
   29.014449596   -0.516033619   -0.541562579
   29.034911126   -0.507240835   -0.541405194
   29.055372656   -0.498646888   -0.541249560
   29.075834186   -0.490268435   -0.541095953
   29.096295716   -0.482121471   -0.540944634
   29.116757246   -0.474221231   -0.540795849
   29.137218776   -0.466582056   -0.540649817
   29.157680306   -0.459217233   -0.540506730
   29.178141836   -0.452138835   -0.540366743
   29.198603366   -0.445357586   -0.540229975
   29.219064897   -0.438882793   -0.540096506
   29.239526427   -0.432722349   -0.539966372
   29.259987957   -0.426882831   -0.539839571
   29.280449487   -0.421369678   -0.539716056
   29.300911017   -0.416187438   -0.539595740
   29.321372547   -0.411340031   -0.539478494
   29.341834077   -0.406831000   -0.539364148
   29.362295607   -0.402663698   -0.539252490
   29.382757137   -0.398841381   -0.539143266
   29.403218667   -0.395367185   -0.539036179
   29.423680197   -0.392243985   -0.538930887
   29.444141727   -0.389474159   -0.538827009
   29.464603257   -0.387059289   -0.538724120
   29.485064787   -0.384999864   -0.538621759
   29.505526317   -0.383295004   -0.538519434
   29.525987847   -0.381942283   -0.538416621
   29.546449377   -0.380937661   -0.538312777
   29.566910907   -0.380275539   -0.538207344
   29.587372437   -0.379948933   -0.538099755
   29.607833967   -0.379949727   -0.537989442
   29.628295497   -0.380268972   -0.537875841
   29.648757027   -0.380897182   -0.537758395
   29.669218557   -0.381824580   -0.537636562
   29.689680087   -0.383041264   -0.537509814
   29.710141617   -0.384537283   -0.537377643
   29.730603148   -0.386302621   -0.537239560
   29.751064678   -0.388327110   -0.537095101
   29.771526208   -0.390600304   -0.536943824
   29.791987738   -0.393111354   -0.536785313
   29.812449268   -0.395848907   -0.536619181
   29.832910798   -0.398801066   -0.536445065
   29.853372328   -0.401955400   -0.536262636
   29.873833858   -0.405299024   -0.536071593
   29.894295388   -0.408818708   -0.535871665
   29.914756918   -0.412500997   -0.535662613
   29.935218448   -0.416332316   -0.535444228
   29.955679978   -0.420299035   -0.535216333
   29.976141508   -0.424387474   -0.534978781
   29.996603038   -0.428583858   -0.534731456
   30.017064568   -0.432874227   -0.534474275
   30.037526098   -0.437244320   -0.534207187
   30.057987628   -0.441679474   -0.533930173
   30.078449158   -0.446164543   -0.533643252
   30.098910688   -0.450683873   -0.533346478
   30.119372218   -0.455221336   -0.533039941
   30.139833748   -0.459760414   -0.532723768
   30.160295278   -0.464284323   -0.532398125
   30.180756808   -0.468776154   -0.532063212
   30.201218338   -0.473218998   -0.531719266
   30.221679868   -0.477596047   -0.531366556
   30.242141399   -0.481890638   -0.531005384
   30.262602929   -0.486086256   -0.530636082
   30.283064459   -0.490166496   -0.530259012
   30.303525989   -0.494115002   -0.529874561
   30.323987519   -0.497915413   -0.529483146
   30.344449049   -0.501551347   -0.529085210
   30.364910579   -0.505006425   -0.528681219
   30.385372109   -0.508264362   -0.528271666
   30.405833639   -0.511309119   -0.527857067
   30.426295169   -0.514125097   -0.527437957
   30.446756699   -0.516697346   -0.527014894
   30.467218229   -0.519011780   -0.526588452
   30.487679759   -0.521055349   -0.526159217
   30.508141289   -0.522816159   -0.525727791
   30.528602819   -0.524283540   -0.525294782
   30.549064349   -0.525448048   -0.524860805
   30.569525879   -0.526301435   -0.524426478
   30.589987409   -0.526836602   -0.523992426
   30.610448939   -0.527047564   -0.523559271
   30.630910469   -0.526929452   -0.523127638
   30.651371999   -0.526478571   -0.522698148
   30.671833529   -0.525692513   -0.522271421
   30.692295059   -0.524570315   -0.521848072
   30.712756589   -0.523112648   -0.521428711
   30.733218119   -0.521321998   -0.521013935
   30.753679649   -0.519202812   -0.520604333
   30.774141180   -0.516761582   -0.520200477
   30.794602710   -0.514006849   -0.519802924
   30.815064240   -0.510949123   -0.519412210
   30.835525770   -0.507600725   -0.519028851
   30.855987300   -0.503975581   -0.518653341
   30.876448830   -0.500089000   -0.518286153
   30.896910360   -0.495957463   -0.517927734
   30.917371890   -0.491598461   -0.517578509
   30.937833420   -0.487030409   -0.517238880
   30.958294950   -0.482272628   -0.516909224
   30.978756480   -0.477345406   -0.516589893
   30.999218010   -0.472270107   -0.516281214
   31.019679540   -0.467069292   -0.515983487
   31.040141070   -0.461766833   -0.515696980
   31.060602600   -0.456387968   -0.515421938
   31.081064130   -0.450959276   -0.515158571
   31.101525660   -0.445508565   -0.514907061
   31.121987190   -0.440064658   -0.514667564
   31.142448720   -0.434657107   -0.514440204
   31.162910250   -0.429315844   -0.514225083
   31.183371780   -0.424070813   -0.514022277
   31.203833310   -0.418951614   -0.513831842
   31.224294840   -0.413987185   -0.513653811
   31.244756370   -0.409205543   -0.513488200
   31.265217900   -0.404633594   -0.513335004
   31.285679431   -0.400297016   -0.513194199
   31.306140961   -0.396220177   -0.513065742
   31.326602491   -0.392426105   -0.512949567
   31.347064021   -0.388936444   -0.512845590
   31.367525551   -0.385771406   -0.512753702
   31.387987081   -0.382949688   -0.512673776
   31.408448611   -0.380488342   -0.512605664
   31.428910141   -0.378402614   -0.512549204
   31.449371671   -0.376705753   -0.512504215
   31.469833201   -0.375408811   -0.512470510
   31.490294731   -0.374520467   -0.512447895
   31.510756261   -0.374046886   -0.512436172
   31.531217791   -0.373991638   -0.512435144
   31.551679321   -0.374355700   -0.512444620
   31.572140851   -0.375137528   -0.512464417
   31.592602381   -0.376333218   -0.512494361
   31.613063911   -0.377936718   -0.512534289
   31.633525441   -0.379940094   -0.512584056
   31.653986971   -0.382333816   -0.512643529
   31.674448501   -0.385107047   -0.512712596
   31.694910031   -0.388247909   -0.512791162
   31.715371561   -0.391743709   -0.512879153
   31.735833091   -0.395581131   -0.512976516
   31.756294621   -0.399746370   -0.513083218
   31.776756151   -0.404225228   -0.513199248
   31.797217682   -0.409003172   -0.513324612
   31.817679212   -0.414065372   -0.513459333
   31.838140742   -0.419396728   -0.513603444
   31.858602272   -0.424981897   -0.513756988
   31.879063802   -0.430805331   -0.513920011
   31.899525332   -0.436851332   -0.514092553
   31.919986862   -0.443104115   -0.514274647
   31.940448392   -0.449547883   -0.514466313
   31.960909922   -0.456166910   -0.514667550
   31.981371452   -0.462945607   -0.514878334
   32.001832982   -0.469868588   -0.515098614
   32.022294512   -0.476920695   -0.515328305
   32.042756042   -0.484087021   -0.515567291
   32.063217572   -0.491352887   -0.515815413
   32.083679102   -0.498703809   -0.516072473
   32.104140632   -0.506125442   -0.516338225
   32.124602162   -0.513603522   -0.516612375
   32.145063692   -0.521123805   -0.516894571
   32.165525222   -0.528672019   -0.517184407
   32.185986752   -0.536233831   -0.517481411
   32.206448282   -0.543794840   -0.517785046
   32.226909812   -0.551340585   -0.518094706
   32.247371342   -0.558856583   -0.518409717
   32.267832872   -0.566328380   -0.518729334
   32.288294402   -0.573741615   -0.519052742
   32.308755933   -0.581082087   -0.519379064
   32.329217463   -0.588335834   -0.519707359
   32.349678993   -0.595489193   -0.520036631
   32.370140523   -0.602528866   -0.520365833
   32.390602053   -0.609441967   -0.520693877
   32.411063583   -0.616216070   -0.521019634
   32.431525113   -0.622839238   -0.521341945
   32.451986643   -0.629300045   -0.521659627
   32.472448173   -0.635587595   -0.521971477
   32.492909703   -0.641691521   -0.522276279
   32.513371233   -0.647601990   -0.522572811
   32.533832763   -0.653309689   -0.522859853
   32.554294293   -0.658805806   -0.523136194
   32.574755823   -0.664082015   -0.523400641
   32.595217353   -0.669130447   -0.523652033
   32.615678883   -0.673943672   -0.523889253
   32.636140413   -0.678514674   -0.524111240
   32.656601943   -0.682836848   -0.524317003
   32.677063473   -0.686903989   -0.524505631
   32.697525003   -0.690710302   -0.524676309
   32.717986533   -0.694250418   -0.524828321
   32.738448063   -0.697519408   -0.524961054
   32.758909593   -0.700512805   -0.525074000
   32.779371123   -0.703226620   -0.525166747
   32.799832653   -0.705657348   -0.525238973
   32.820294183   -0.707801971   -0.525290433
   32.840755714   -0.709657941   -0.525320942
   32.861217244   -0.711223165   -0.525330365
   32.881678774   -0.712495983   -0.525318595
   32.902140304   -0.713475143   -0.525285550
   32.922601834   -0.714159791   -0.525231164
   32.943063364   -0.714549463   -0.525155381
   32.963524894   -0.714644098   -0.525058163
   32.983986424   -0.714444055   -0.524939493
   33.004447954   -0.713950143   -0.524799390
   33.024909484   -0.713163648   -0.524637917
   33.045371014   -0.712086362   -0.524455197
   33.065832544   -0.710720595   -0.524251417
   33.086294074   -0.709069174   -0.524026841
   33.106755604   -0.707135421   -0.523781804
   33.127217134   -0.704923128   -0.523516708
   33.147678664   -0.702436508   -0.523232013
   33.168140194   -0.699680158   -0.522928216
   33.188601724   -0.696659026   -0.522605833
   33.209063254   -0.693378390   -0.522265375
   33.229524784   -0.689843862   -0.521907324
   33.249986314   -0.686061413   -0.521532110
   33.270447844   -0.682037407   -0.521140094
   33.290909374   -0.677778649   -0.520731553
   33.311370904   -0.673292431   -0.520306664
   33.331832434   -0.668586562   -0.519865505
   33.352293965   -0.663669384   -0.519408046
   33.372755495   -0.658549759   -0.518934156
   33.393217025   -0.653237038   -0.518443601
   33.413678555   -0.647741013   -0.517936054
   33.434140085   -0.642071872   -0.517411096
   33.454601615   -0.636240153   -0.516868226
   33.475063145   -0.630256730   -0.516306867
   33.495524675   -0.624132815   -0.515726370
   33.515986205   -0.617880002   -0.515126024
   33.536447735   -0.611510324   -0.514505060
   33.556909265   -0.605036330   -0.513862666
   33.577370795   -0.598471148   -0.513197986
   33.597832325   -0.591828527   -0.512510134
   33.618293855   -0.585122838   -0.511798201
   33.638755385   -0.578369029   -0.511061259
   33.659216915   -0.571582519   -0.510298367
   33.679678445   -0.564779057   -0.509508569
   33.700139975   -0.557974559   -0.508690895
   33.720601505   -0.551184936   -0.507844354
   33.741063035   -0.544425959   -0.506967928
   33.761524565   -0.537713166   -0.506060567
   33.781986095   -0.531061834   -0.505121176
   33.802447625   -0.524487022   -0.504148620
   33.822909155   -0.518003670   -0.503141713
   33.843370685   -0.511626734   -0.502099232
   33.863832216   -0.505371332   -0.501019922
   33.884293746   -0.499252858   -0.499902516
   33.904755276   -0.493287049   -0.498745754
   33.925216806   -0.487489966   -0.497548412
   33.945678336   -0.481877892   -0.496309325
   33.966139866   -0.476467158   -0.495027418
   33.986601396   -0.471273903   -0.493701726
   34.007062926   -0.466313818   -0.492331412
   34.027524456   -0.461601901   -0.490915781
   34.047985986   -0.457152263   -0.489454280
   34.068447516   -0.452978013   -0.487946494
   34.088909046   -0.449091226   -0.486392138
   34.109370576   -0.445502999   -0.484791038
   34.129832106   -0.442223564   -0.483143112
   34.150293636   -0.439262427   -0.481448353
   34.170755166   -0.436628480   -0.479706808
   34.191216696   -0.434330067   -0.477918568
   34.211678226   -0.432374938   -0.476083757
   34.232139756   -0.430770104   -0.474202528
   34.252601286   -0.429521584   -0.472275067
   34.273062816   -0.428634058   -0.470301599
   34.293524346   -0.428110489   -0.468282395
   34.313985876   -0.427951738   -0.466217780
   34.334447406   -0.428156241   -0.464108147
   34.354908936   -0.428719786   -0.461953951
   34.375370466   -0.429635419   -0.459755717
   34.395831997   -0.430893484   -0.457514030
   34.416293527   -0.432481790   -0.455229526
   34.436755057   -0.434385870   -0.452902877
   34.457216587   -0.436589291   -0.450534771
   34.477678117   -0.439073958   -0.448125900
   34.498139647   -0.441820384   -0.445676934
   34.518601177   -0.444807880   -0.443188510
   34.539062707   -0.448014666   -0.440661223
   34.559524237   -0.451417902   -0.438095612
   34.579985767   -0.454993681   -0.435492165
   34.600447297   -0.458716998   -0.432851316
   34.620908827   -0.462561770   -0.430173456
   34.641370357   -0.466500911   -0.427458936
   34.661831887   -0.470506521   -0.424708084
   34.682293417   -0.474550156   -0.421921211
   34.702754947   -0.478603196   -0.419098624
   34.723216477   -0.482637250   -0.416240632
   34.743678007   -0.486624575   -0.413347551
   34.764139537   -0.490538433   -0.410419715
   34.784601067   -0.494353366   -0.407457473
   34.805062597   -0.498045350   -0.404461192
   34.825524127   -0.501591823   -0.401431261
   34.845985657   -0.504971624   -0.398368087
   34.866447187   -0.508164854   -0.395272101
   34.886908717   -0.511152747   -0.392143756
   34.907370248   -0.513917591   -0.388983529
   34.927831778   -0.516442753   -0.385791923
   34.948293308   -0.518712838   -0.382569469
   34.968754838   -0.520713996   -0.379316726
   34.989216368   -0.522434324   -0.376034283
   35.009677898   -0.523864331   -0.372722761
   35.030139428   -0.524997362   -0.369382809
   35.050600958   -0.525829907   -0.366015112
   35.071062488   -0.526361707   -0.362620385
   35.091524018   -0.526595589   -0.359199381
   35.111985548   -0.526537006   -0.355752892
   35.132447078   -0.526193303   -0.352281755
   35.152908608   -0.525572754   -0.348786858
   35.173370138   -0.524683476   -0.345269150
   35.193831668   -0.523532345   -0.341729644
   35.214293198   -0.522124042   -0.338169429
   35.234754728   -0.520460368   -0.334589675
   35.255216258   -0.518539913   -0.330991634
   35.275677788   -0.516358140   -0.327376641
   35.296139318   -0.513907897   -0.323746113
   35.316600848   -0.511180285   -0.320101539
   35.337062378   -0.508165802   -0.316444467
   35.357523908   -0.504855610   -0.312776496
   35.377985438   -0.501242774   -0.309099251
   35.398446968   -0.497323325   -0.305414374
   35.418908499   -0.493097000   -0.301723500
   35.439370029   -0.488567580   -0.298028248
   35.459831559   -0.483742781   -0.294330202
   35.480293089   -0.478633721   -0.290630908
   35.500754619   -0.473254014   -0.286931862
   35.521216149   -0.467618625   -0.283234515
   35.541677679   -0.461742608   -0.279540269
   35.562139209   -0.455639875   -0.275850484
   35.582600739   -0.449322134   -0.272166481
   35.603062269   -0.442798098   -0.268489548
   35.623523799   -0.436073034   -0.264820945
   35.643985329   -0.429148674   -0.261161911
   35.664446859   -0.422023463   -0.257513660
   35.684908389   -0.414693093   -0.253877384
   35.705369919   -0.407151234   -0.250254250
   35.725831449   -0.399390371   -0.246645399
   35.746292979   -0.391402663   -0.243051937
   35.766754509   -0.383180741   -0.239474934
   35.787216039   -0.374718400   -0.235915418
   35.807677569   -0.366011157   -0.232374372
   35.828139099   -0.357056682   -0.228852730
   35.848600629   -0.347855103   -0.225351380
   35.869062159   -0.338409232   -0.221871155
   35.889523689   -0.328724719   -0.218412844
   35.909985219   -0.318810161   -0.214977182
   35.930446750   -0.308677160   -0.211564857
   35.950908280   -0.298340318   -0.208176505
   35.971369810   -0.287817149   -0.204812711
   35.991831340   -0.277127852   -0.201474005
   36.012292870   -0.266294941   -0.198160860
   36.032754400   -0.255342694   -0.194873688
   36.053215930   -0.244296447   -0.191612837
   36.073677460   -0.233181748   -0.188378587
   36.094138990   -0.222023447   -0.185171148
   36.114600520   -0.210844812   -0.181990660
   36.135062050   -0.199666762   -0.178837191
   36.155523580   -0.188507328   -0.175710739
   36.175985110   -0.177381424   -0.172611234
   36.196446640   -0.166300986   -0.169538539
   36.216908170   -0.155275491   -0.166492449
   36.237369700   -0.144312811   -0.163472698
   36.257831230   -0.133420329   -0.160478954
   36.278292760   -0.122606177   -0.157510822
   36.298754290   -0.111880453   -0.154567841
   36.319215820   -0.101256242   -0.151649483
   36.339677350   -0.090750308   -0.148755151
   36.360138880   -0.080383342   -0.145884176
   36.380600410   -0.070179701   -0.143035820
   36.401061940   -0.060166659   -0.140209271
   36.421523470   -0.050373224   -0.137403650
   36.441985000   -0.040828658   -0.134618007
   36.462446531   -0.031560872   -0.131851330
   36.482908061   -0.022594870   -0.129102546
   36.503369591   -0.013951447   -0.126370527
   36.523831121   -0.005646269   -0.123654094
   36.544292651    0.002310533   -0.120952019
   36.564754181    0.009914242   -0.118263033
   36.585215711    0.017164933   -0.115585822
   36.605677241    0.024066431   -0.112919034
   36.626138771    0.030625024   -0.110261282
   36.646600301    0.036848087   -0.107611142
   36.667061831    0.042742819   -0.104967158
   36.687523361    0.048315240   -0.102327850
   36.707984891    0.053569599   -0.099691717
   36.728446421    0.058508220   -0.097057242
   36.748907951    0.063131834   -0.094422907
   36.769369481    0.067440289   -0.091787201
   36.789831011    0.071433556   -0.089148629
   36.810292541    0.075112871   -0.086505726
   36.830754071    0.078481838   -0.083857066
   36.851215601    0.081547362   -0.081201277
   36.871677131    0.084320265   -0.078537042
   36.892138661    0.086815532   -0.075863117
   36.912600191    0.089052138   -0.073178329
   36.933061721    0.091052504   -0.070481588
   36.953523251    0.092841654   -0.067771891
   36.973984782    0.094446187   -0.065048325
   36.994446312    0.095893178   -0.062310073
   37.014907842    0.097209146   -0.059556420
   37.035369372    0.098419193   -0.056786756
   37.055830902    0.099546368   -0.054000582
   37.076292432    0.100611315   -0.051197512
   37.096753962    0.101632178   -0.048377279
   37.117215492    0.102624730   -0.045539734
   37.137677022    0.103602665   -0.042684849
   37.158138552    0.104577966   -0.039812714
   37.178600082    0.105561279   -0.036923537
   37.199061612    0.106562238   -0.034017635
   37.219523142    0.107589688   -0.031095434
   37.239984672    0.108651803   -0.028157460
   37.260446202    0.109756105   -0.025204335
   37.280907732    0.110909404   -0.022236770
   37.301369262    0.112117720   -0.019255559
   37.321830792    0.113386195   -0.016261578
   37.342292322    0.114719059   -0.013255775
   37.362753852    0.116119636   -0.010239170
   37.383215382    0.117590410   -0.007212848
   37.403676912    0.119133120   -0.004177950
   37.424138442    0.120748847   -0.001135667
   37.444599972    0.122438067    0.001912768
   37.465061502    0.124200625    0.004966099
   37.485523033    0.126035605    0.008023053
   37.505984563    0.127941101    0.011082357
   37.526446093    0.129913912    0.014142748
   37.546907623    0.131949181    0.017202989
   37.567369153    0.134040068    0.020261871
   37.587830683    0.136177502    0.023318222
   37.608292213    0.138350084    0.026370901
   37.628753743    0.140544202    0.029418799
   37.649215273    0.142744379    0.032460826
   37.669676803    0.144933847    0.035495898
   37.690138333    0.147095328    0.038522929
   37.710599863    0.149211949    0.041540811
   37.731061393    0.151268189    0.044548411
   37.751522923    0.153250786    0.047544553
   37.771984453    0.155149478    0.050528027
   37.792445983    0.156957505    0.053497581
   37.812907513    0.158671818    0.056451936
   37.833369043    0.160292965    0.059389794
   37.853830573    0.161824677    0.062309858
   37.874292103    0.163273202    0.065210846
   37.894753633    0.164646472    0.068091506
   37.915215163    0.165953206    0.070950637
   37.935676693    0.167202041    0.073787093
   37.956138223    0.168400798    0.076599792
   37.976599753    0.169555949    0.079387718
   37.997061284    0.170672314    0.082149911
   38.017522814    0.171753020    0.084885463
   38.037984344    0.172799668    0.087593503
   38.058445874    0.173812669    0.090273181
   38.078907404    0.174791681    0.092923654
   38.099368934    0.175736056    0.095544074
   38.119830464    0.176645248    0.098133571
   38.140291994    0.177519115    0.100691252
   38.160753524    0.178358082    0.103216189
   38.181215054    0.179163174    0.105707424
   38.201676584    0.179935924    0.108163964
   38.222138114    0.180678195    0.110584796
   38.242599644    0.181391965    0.112968882
   38.263061174    0.182079110    0.115315181
   38.283522704    0.182741243    0.117622648
   38.303984234    0.183379616    0.119890252
   38.324445764    0.183995103    0.122116986
   38.344907294    0.184588259    0.124301878
   38.365368824    0.185159433    0.126444005
   38.385830354    0.185708898    0.128542506
   38.406291884    0.186236986    0.130596592
   38.426753414    0.186744185    0.132605560
   38.447214944    0.187231184    0.134568804
   38.467676474    0.187698874    0.136485817
   38.488138004    0.188148292    0.138356202
   38.508599534    0.188580533    0.140179670
   38.529061065    0.188996654    0.141956036
   38.549522595    0.189397588    0.143685214
   38.569984125    0.189784080    0.145367206
   38.590445655    0.190156671    0.147002091
   38.610907185    0.190515717    0.148590011
   38.631368715    0.190861440    0.150131155
   38.651830245    0.191194008    0.151625755
   38.672291775    0.191513612    0.153074074
   38.692753305    0.191820527    0.154476407
   38.713214835    0.192115152    0.155833084
   38.733676365    0.192398016    0.157144475
   38.754137895    0.192669747    0.158411010
   38.774599425    0.192931025    0.159633186
   38.795060955    0.193182517    0.160811589
   38.815522485    0.193424814    0.161946910
   38.835984015    0.193658389    0.163039952
   38.856445545    0.193883576    0.164091642
   38.876907075    0.194100582    0.165103030
   38.897368605    0.194309516    0.166075283
   38.917830135    0.194510441    0.167009674
   38.938291665    0.194703433    0.167907563
   38.958753195    0.194888626    0.168770375
   38.979214725    0.195066244    0.169599581
   38.999676255    0.195236608    0.170396668
   39.020137785    0.195400122    0.171163126
   39.040599316    0.195557233    0.171900427
   39.061060846    0.195708388    0.172610020
   39.081522376    0.195853985    0.173293320
   39.101983906    0.195994335    0.173951712
   39.122445436    0.196129648    0.174586557
   39.142906966    0.196260033    0.175199196
   39.163368496    0.196385525    0.175790963
   39.183830026    0.196506118    0.176363185
   39.204291556    0.196621815    0.176917190
   39.224753086    0.196732662    0.177454309
   39.245214616    0.196838778    0.177975865
   39.265676146    0.196940362    0.178483166
   39.286137676    0.197037682    0.178977493
   39.306599206    0.197131048    0.179460080
   39.327060736    0.197220775    0.179932099
   39.347522266    0.197307141    0.180394642
   39.367983796    0.197390362    0.180848706
   39.388445326    0.197470568    0.181295182
   39.408906856    0.197547812    0.181734850
   39.429368386    0.197622082    0.182168374
   39.449829916    0.197693332    0.182596307
   39.470291446    0.197761522    0.183019093
   39.490752976    0.197826648    0.183437084
   39.511214506    0.197888767    0.183850539
   39.531676036    0.197948006    0.184259645
   39.552137567    0.198004552    0.184664521
   39.572599097    0.198058630    0.185065228
   39.593060627    0.198110475    0.185461778
   39.613522157    0.198160292    0.185854138
   39.633983687    0.198208238    0.186242233
   39.654445217    0.198254399    0.186625953
   39.674906747    0.198298790    0.187005150
   39.695368277    0.198341376    0.187379648
   39.715829807    0.198382091    0.187749238
   39.736291337    0.198420872    0.188113688
   39.756752867    0.198457687    0.188472743
   39.777214397    0.198492557    0.188826131
   39.797675927    0.198525565    0.189173566
   39.818137457    0.198556848    0.189514751
   39.838598987    0.198586581    0.189849383
   39.859060517    0.198614944    0.190177155
   39.879522047    0.198642098    0.190497756
   39.899983577    0.198668162    0.190810877
   39.920445107    0.198693192    0.191116215
   39.940906637    0.198717185    0.191413470
   39.961368167    0.198740091    0.191702359
   39.981829697    0.198761832    0.191982618
   40.002291227    0.198782334    0.192254011
   40.022752757    0.198801549    0.192516343
   40.043214287    0.198819479    0.192769463
   40.063675818    0.198836179    0.193013280
   40.084137348    0.198851753    0.193247769
   40.104598878    0.198866342    0.193472975
   40.125060408    0.198880092    0.193689016
   40.145521938    0.198893134    0.193896083
   40.165983468    0.198905561    0.194094430
   40.186444998    0.198917412    0.194284369
   40.206906528    0.198928671    0.194466254
   40.227368058    0.198939282    0.194640467
   40.247829588    0.198949162    0.194807403
   40.268291118    0.198958233    0.194967456
   40.288752648    0.198966439    0.195121000
   40.309214178    0.198973770    0.195268388
   40.329675708    0.198980264    0.195409936
   40.350137238    0.198986006    0.195545925
   40.370598768    0.198991114    0.195676599
   40.391060298    0.198995712    0.195802170
   40.411521828    0.198999910    0.195922823
   40.431983358    0.199003785    0.196038721
   40.452444888    0.199007363    0.196150016
   40.472906418    0.199010625    0.196256851
   40.493367948    0.199013509    0.196359369
   40.513829478    0.199015933    0.196457711
   40.534291008    0.199017816    0.196552025
   40.554752538    0.199019103    0.196642457
   40.575214068    0.199019774    0.196729157
   40.595675599    0.199019859    0.196812270
   40.616137129    0.199019430    0.196891941
   40.636598659    0.199018587    0.196968306
   40.657060189    0.199017440    0.197041493
   40.677521719    0.199016086    0.197111624
   40.697983249    0.199014588    0.197178811
   40.718444779    0.199012966    0.197243160
   40.738906309    0.199011196    0.197304772
   40.759367839    0.199009215    0.197363743
   40.779829369    0.199006943    0.197420167
   40.800290899    0.199004299    0.197474136
   40.820752429    0.199001227    0.197525741
   40.841213959    0.198997706    0.197575072
   40.861675489    0.198993758    0.197622217
   40.882137019    0.198989445    0.197667261
   40.902598549    0.198984859    0.197710286
   40.923060079    0.198980097    0.197751369
   40.943521609    0.198975245    0.197790583
   40.963983139    0.198970358    0.197827996
   40.984444669    0.198965452    0.197863674
   41.004906199    0.198960498    0.197897677
   41.025367729    0.198955436    0.197930063
   41.045829259    0.198950187    0.197960890
   41.066290789    0.198944672    0.197990213
   41.086752319    0.198938836    0.198018087
   41.107213850    0.198932657    0.198044567
   41.127675380    0.198926154    0.198069705
   41.148136910    0.198919384    0.198093554
   41.168598440    0.198912429    0.198116164
   41.189059970    0.198905379    0.198137581
   41.209521500    0.198898312    0.198157850
   41.229983030    0.198891276    0.198177014
   41.250444560    0.198884284    0.198195110
   41.270906090    0.198877307    0.198212177
   41.291367620    0.198870284    0.198228250
   41.311829150    0.198863139    0.198243362
   41.332290680    0.198855797    0.198257547
   41.352752210    0.198848204    0.198270838
   41.373213740    0.198840336    0.198283270
   41.393675270    0.198832214    0.198294873
   41.414136800    0.198823887    0.198305680
   41.434598330    0.198815435    0.198315723
   41.455059860    0.198806938    0.198325029
   41.475521390    0.198798470    0.198333628
   41.495982920    0.198790074    0.198341544
   41.516444450    0.198781759    0.198348801
   41.536905980    0.198773496    0.198355421
   41.557367510    0.198765224    0.198361426
   41.577829040    0.198756871    0.198366836
   41.598290570    0.198748363    0.198371671
   41.618752101    0.198739649    0.198375951
   41.639213631    0.198730708    0.198379697
   41.659675161    0.198721555    0.198382929
   41.680136691    0.198712242    0.198385666
   41.700598221    0.198702840    0.198387929
   41.721059751    0.198693427    0.198389735
   41.741521281    0.198684069    0.198391102
   41.761982811    0.198674808    0.198392045
   41.782444341    0.198665649    0.198392579
   41.802905871    0.198656561    0.198392718
   41.823367401    0.198647488    0.198392474
   41.843828931    0.198638357    0.198391859
   41.864290461    0.198629098    0.198390884
   41.884751991    0.198619663    0.198389564
   41.905213521    0.198610032    0.198387909
   41.925675051    0.198600221    0.198385933
   41.946136581    0.198590278    0.198383648
   41.966598111    0.198580271    0.198381067
   41.987059641    0.198570275    0.198378202
   42.007521171    0.198560351    0.198375063
   42.027982701    0.198550538    0.198371661
   42.048444231    0.198540838    0.198368003
   42.068905761    0.198531221    0.198364099
   42.089367291    0.198521631    0.198359955
   42.109828821    0.198511998    0.198355579
   42.130290351    0.198502255    0.198350978
   42.150751882    0.198492355    0.198346159
   42.171213412    0.198482282    0.198341130
   42.191674942    0.198472049    0.198335899
   42.212136472    0.198461706    0.198330474
   42.232598002    0.198451316    0.198324864
   42.253059532    0.198440952    0.198319076
   42.273521062    0.198430670    0.198313117
   42.293982592    0.198420506    0.198306993
   42.314444122    0.198410462    0.198300711
   42.334905652    0.198400505    0.198294273
   42.355367182    0.198390581    0.198287686
   42.375828712    0.198380621    0.198280952
   42.396290242    0.198370564    0.198274075
   42.416751772    0.198360362    0.198267061
   42.437213302    0.198350001    0.198259914
   42.457674832    0.198339498    0.198252639
   42.478136362    0.198328897    0.198245243
   42.498597892    0.198318263    0.198237729
   42.519059422    0.198307664    0.198230104
   42.539520952    0.198297154    0.198222372
   42.559982482    0.198286765    0.198214537
   42.580444012    0.198276497    0.198206603
   42.600905542    0.198266318    0.198198571
   42.621367072    0.198256175    0.198190444
   42.641828602    0.198246001    0.198182225
   42.662290133    0.198235736    0.198173915
   42.682751663    0.198225337    0.198165518
   42.703213193    0.198214789    0.198157035
   42.723674723    0.198204111    0.198148472
   42.744136253    0.198193347    0.198139831
   42.764597783    0.198182559    0.198131117
   42.785059313    0.198171812    0.198122332
   42.805520843    0.198161159    0.198113481
   42.825982373    0.198150628    0.198104565
   42.846443903    0.198140217    0.198095587
   42.866905433    0.198129896    0.198086548
   42.887366963    0.198119609    0.198077449
   42.907828493    0.198109294    0.198068291
   42.928290023    0.198098892    0.198059075
   42.948751553    0.198088362    0.198049802
   42.969213083    0.198077693    0.198040476
   42.989674613    0.198066902    0.198031097
   43.010136143    0.198056033    0.198021669
   43.030597673    0.198045148    0.198012194
   43.051059203    0.198034308    0.198002676
   43.071520733    0.198023563    0.197993115
   43.091982263    0.198012940    0.197983515
   43.112443793    0.198002436    0.197973876
   43.132905323    0.197992018    0.197964198
   43.153366853    0.197981633    0.197954482
   43.173828384    0.197971221    0.197944728
   43.194289914    0.197960724    0.197934937
   43.214751444    0.197950104    0.197925109
   43.235212974    0.197939352    0.197915246
   43.255674504    0.197928487    0.197905349
   43.276136034    0.197917552    0.197895421
   43.296597564    0.197906606    0.197885464
   43.317059094    0.197895709    0.197875478
   43.337520624    0.197884910    0.197865467
   43.357982154    0.197874231    0.197855431
   43.378443684    0.197863668    0.197845371
   43.398905214    0.197853189    0.197835286
   43.419366744    0.197842740    0.197825178
   43.439828274    0.197832262    0.197815045
   43.460289804    0.197821701    0.197804887
   43.480751334    0.197811022    0.197794705
   43.501212864    0.197800215    0.197784501
   43.521674394    0.197789302    0.197774274
   43.542135924    0.197778325    0.197764027
   43.562597454    0.197767343    0.197753761
   43.583058984    0.197756413    0.197743478
   43.603520514    0.197745581    0.197733180
   43.623982044    0.197734868    0.197722866
   43.644443574    0.197724268    0.197712537
   43.664905104    0.197713748    0.197702193
   43.685366635    0.197703255    0.197691833
   43.705828165    0.197692732    0.197681458
   43.726289695    0.197682125    0.197671066
   43.746751225    0.197671403    0.197660658
   43.767212755    0.197660559    0.197650235
   43.787674285    0.197649612    0.197639797
   43.808135815    0.197638609    0.197629347
   43.828597345    0.197627604    0.197618884
   43.849058875    0.197616655    0.197608411
   43.869520405    0.197605803    0.197597928
   43.889981935    0.197595069    0.197587436
   43.910443465    0.197584445    0.197576935
   43.930904995    0.197573896    0.197566424
   43.951366525    0.197563372    0.197555904
   43.971828055    0.197552816    0.197545373
   43.992289585    0.197542177    0.197534832
   44.012751115    0.197531425    0.197524279
   44.033212645    0.197520554    0.197513715
   44.053674175    0.197509587    0.197503142
   44.074135705    0.197498568    0.197492561
   44.094597235    0.197487552    0.197481972
   44.115058765    0.197476593    0.197471376
   44.135520295    0.197465733    0.197460775
   44.155981825    0.197454988    0.197450169
   44.176443355    0.197444349    0.197439557
   44.196904885    0.197433782    0.197428940
   44.217366416    0.197423236    0.197418316
   44.237827946    0.197412655    0.197407685
   44.258289476    0.197401991    0.197397047
   44.278751006    0.197391217    0.197386400
   44.299212536    0.197380328    0.197375747
   44.319674066    0.197369347    0.197365087
   44.340135596    0.197358319    0.197354421
   44.360597126    0.197347297    0.197343750
   44.381058656    0.197336336    0.197333076
   44.401520186    0.197325472    0.197322399
   44.421981716    0.197314722    0.197311719
   44.442443246    0.197304074    0.197301036
   44.462904776    0.197293495    0.197290349
   44.483366306    0.197282932    0.197279659
   44.503827836    0.197272333    0.197268963
   44.524289366    0.197261651    0.197258262
   44.544750896    0.197250859    0.197247556
   44.565212426    0.197239956    0.197236844
   44.585673956    0.197228966    0.197226128
   44.606135486    0.197217933    0.197215407
   44.626597016    0.197206911    0.197204684
   44.647058546    0.197195950    0.197193959
   44.667520076    0.197185087    0.197183232
   44.687981606    0.197174336    0.197172505
   44.708443136    0.197163683    0.197161776
   44.728904667    0.197153095    0.197151044
   44.749366197    0.197142520    0.197140311
   44.769827727    0.197131905    0.197129573
   44.790289257    0.197121208    0.197118832
   44.810750787    0.197110402    0.197108086
   44.831212317    0.197099488    0.197097336
   44.851673847    0.197088492    0.197086583
   44.872135377    0.197077457    0.197075828
   44.892596907    0.197066436    0.197065070
   44.913058437    0.197055479    0.197054312
   44.933519967    0.197044619    0.197043554
   44.953981497    0.197033869    0.197032795
   44.974443027    0.197023214    0.197022036
   44.994904557    0.197012619    0.197011276
   45.015366087    0.197002034    0.197000514
   45.035827617    0.196991407    0.196989749
   45.056289147    0.196980696    0.196978981
   45.076750677    0.196969878    0.196968210
   45.097212207    0.196958956    0.196957436
   45.117673737    0.196947955    0.196946659
   45.138135267    0.196936920    0.196935880
   45.158596797    0.196925903    0.196925101
   45.179058327    0.196914950    0.196914321
   45.199519857    0.196904095    0.196903542
   45.219981387    0.196893348    0.196892763
   45.240442918    0.196882692    0.196881984
   45.260904448    0.196872092    0.196871205
   45.281365978    0.196861498    0.196860425
   45.301827508    0.196850860    0.196849642
   45.322289038    0.196840138    0.196838857
   45.342750568    0.196829310    0.196828069
   45.363212098    0.196818381    0.196817279
   45.383673628    0.196807377    0.196806486
   45.404135158    0.196796343    0.196795693
   45.424596688    0.196785330    0.196784899
   45.445058218    0.196774384    0.196774105
   45.465519748    0.196763535    0.196763312
   45.485981278    0.196752791    0.196752520
   45.506442808    0.196742135    0.196741729
   45.526904338    0.196731532    0.196730937
   45.547365868    0.196720930    0.196720144
   45.567827398    0.196710283    0.196709350
   45.588288928    0.196699550    0.196698554
   45.608750458    0.196688713    0.196687755
   45.629211988    0.196677777    0.196676954
   45.649673518    0.196666772    0.196666151
   45.670135048    0.196655739    0.196655348
   45.690596578    0.196644731    0.196644545
   45.711058108    0.196633792    0.196633742
   45.731519638    0.196622949    0.196622940
   45.751981169    0.196612209    0.196612139
   45.772442699    0.196601555    0.196601340
   45.792904229    0.196590948    0.196590540
   45.813365759    0.196580340    0.196579739
   45.833827289    0.196569683    0.196568937
   45.854288819    0.196558940    0.196558133
   45.874750349    0.196548095    0.196547327
   45.895211879    0.196537154    0.196536519
   45.915673409    0.196526146    0.196525710
   45.936134939    0.196515117    0.196514900
   45.956596469    0.196504114    0.196504091
   45.977057999    0.196493182    0.196493282
   45.997519529    0.196482346    0.196482475
   46.017981059    0.196471611    0.196471668
   46.038442589    0.196460958    0.196460863
   46.058904119    0.196450348    0.196450058
   46.079365649    0.196439734    0.196439252
   46.099827179    0.196429068    0.196428445
   46.120288709    0.196418316    0.196417636
   46.140750239    0.196407463    0.196406825
   46.161211769    0.196396517    0.196396013
   46.181673299    0.196385509    0.196385199
   46.202134829    0.196374482    0.196374385
   46.222596359    0.196363485    0.196363571
   46.243057889    0.196352560    0.196352759
   46.263519419    0.196341731    0.196341947
   46.283980950    0.196331001    0.196331137
   46.304442480    0.196320349    0.196320328
   46.324904010    0.196309737    0.196309520
   46.345365540    0.196299117    0.196298710
   46.365827070    0.196288443    0.196287900
   46.386288600    0.196277682    0.196277088
   46.406750130    0.196266821    0.196266274
   46.427211660    0.196255871    0.196255458
   46.447673190    0.196244862    0.196244642
   46.468134720    0.196233838    0.196233825
   46.488596250    0.196222848    0.196223009
   46.509057780    0.196211930    0.196212193
   46.529519310    0.196201109    0.196201380
   46.549980840    0.196190383    0.196190567
   46.570442370    0.196179733    0.196179756
   46.590903900    0.196169118    0.196168945
   46.611365430    0.196158492    0.196158133
   46.631826960    0.196147810    0.196147320
   46.652288490    0.196137041    0.196136506
   46.672750020    0.196126173    0.196125689
   46.693211550    0.196115219    0.196114872
   46.713673080    0.196104209    0.196104054
   46.734134610    0.196093189    0.196093235
   46.754596140    0.196082205    0.196082417
   46.775057670    0.196071295    0.196071600
   46.795519201    0.196060481    0.196060785
   46.815980731    0.196049760    0.196049971
   46.836442261    0.196039111    0.196039158
   46.856903791    0.196028494    0.196028345
   46.877365321    0.196017862    0.196017532
   46.897826851    0.196007173    0.196006717
   46.918288381    0.195996395    0.195995901
   46.938749911    0.195985521    0.195985084
   46.959211441    0.195974562    0.195974265
   46.979672971    0.195963553    0.195963445
   47.000134501    0.195952536    0.195952625
   47.020596031    0.195941559    0.195941806
   47.041057561    0.195930656    0.195930988
   47.061519091    0.195919849    0.195920172
   47.081980621    0.195909133    0.195909357
   47.102442151    0.195898486    0.195898542
   47.122903681    0.195887866    0.195887728
   47.143365211    0.195877229    0.195876914
   47.163826741    0.195866531    0.195866099
   47.184288271    0.195855746    0.195855281
   47.204749801    0.195844865    0.195844463
   47.225211331    0.195833903    0.195833643
   47.245672861    0.195822893    0.195822822
   47.266134391    0.195811880    0.195812002
   47.286595921    0.195800909    0.195801182
   47.307057452    0.195790015    0.195790363
   47.327518982    0.195779214    0.195779546
   47.347980512    0.195768503    0.195768730
   47.368442042    0.195757857    0.195757915
   47.388903572    0.195747235    0.195747101
   47.409365102    0.195736592    0.195736286
   47.429826632    0.195725887    0.195725469
   47.450288162    0.195715093    0.195714651
   47.470749692    0.195704206    0.195703832
   47.491211222    0.195693240    0.195693012
   47.511672752    0.195682231    0.195682190
   47.532134282    0.195671222    0.195671369
   47.552595812    0.195660257    0.195660549
   47.573057342    0.195649371    0.195649730
   47.593518872    0.195638577    0.195638912
   47.613980402    0.195627871    0.195628096
   47.634441932    0.195617226    0.195617281
   47.654903462    0.195606601    0.195606465
   47.675364992    0.195595952    0.195595649
   47.695826522    0.195585239    0.195584833
   47.716288052    0.195574438    0.195574014
   47.736749582    0.195563545    0.195563194
   47.757211112    0.195552576    0.195552373
   47.777672642    0.195541567    0.195541552
   47.798134172    0.195530562    0.195530730
   47.818595703    0.195519604    0.195519910
   47.839057233    0.195508725    0.195509090
   47.859518763    0.195497939    0.195498272
   47.879980293    0.195487237    0.195487456
   47.900441823    0.195476593    0.195476640
   47.920903353    0.195465966    0.195465824
   47.941364883    0.195455311    0.195455008
   47.961826413    0.195444590    0.195444191
   47.982287943    0.195433781    0.195433372
   48.002749473    0.195422882    0.195422552
   48.023211003    0.195411910    0.195411730
   48.043672533    0.195400902    0.195400908
   48.064134063    0.195389902    0.195390087
   48.084595593    0.195378950    0.195379266
   48.105057123    0.195368079    0.195368446
   48.125518653    0.195357299    0.195357628
   48.145980183    0.195346601    0.195346812
   48.166441713    0.195335958    0.195335995
   48.186903243    0.195325328    0.195325179
   48.207364773    0.195314668    0.195314363
   48.227826303    0.195303940    0.195303545
   48.248287833    0.195293123    0.195292726
   48.268749363    0.195282218    0.195281905
   48.289210893    0.195271244    0.195271084
   48.309672423    0.195260237    0.195260262
   48.330133953    0.195249240    0.195249440
   48.350595484    0.195238295    0.195238619
   48.371057014    0.195227431    0.195227799
   48.391518544    0.195216658    0.195216981
   48.411980074    0.195205965    0.195206164
   48.432441604    0.195195323    0.195195348
   48.452903134    0.195184690    0.195184532
   48.473364664    0.195174023    0.195173715
   48.493826194    0.195163287    0.195162897
   48.514287724    0.195152464    0.195152078
   48.534749254    0.195141553    0.195141257
   48.555210784    0.195130576    0.195130435
   48.575672314    0.195119570    0.195119613
   48.596133844    0.195108578    0.195108791
   48.616595374    0.195097640    0.195097970
   48.637056904    0.195086784    0.195087150
   48.657518434    0.195076017    0.195076332
   48.677979964    0.195065328    0.195065515
   48.698441494    0.195054686    0.195054698
   48.718903024    0.195044050    0.195043882
   48.739364554    0.195033377    0.195033065
   48.759826084    0.195022634    0.195022247
   48.780287614    0.195011803    0.195011427
   48.800749144    0.195000886    0.195000606
   48.821210674    0.194989907    0.194989784
   48.841672204    0.194978903    0.194978962
   48.862133735    0.194967915    0.194968140
   48.882595265    0.194956984    0.194957319
   48.903056795    0.194946135    0.194946499
   48.923518325    0.194935375    0.194935681
   48.943979855    0.194924689    0.194924864
   48.964441385    0.194914048    0.194914047
   48.984902915    0.194903408    0.194903231
   49.005364445    0.194892730    0.194892413
   49.025825975    0.194881979    0.194881595
   49.046287505    0.194871141    0.194870775
   49.066749035    0.194860219    0.194859954
   49.087210565    0.194849238    0.194849132
   49.107672095    0.194838235    0.194838309
   49.128133625    0.194827252    0.194827487
   49.148595155    0.194816328    0.194816666
   49.169056685    0.194805486    0.194805847
   49.189518215    0.194794732    0.194795029
   49.209979745    0.194784050    0.194784211
   49.230441275    0.194773409    0.194773395
   49.250902805    0.194762766    0.194762578
   49.271364335    0.194752081    0.194751760
   49.291825865    0.194741323    0.194740942
   49.312287395    0.194730478    0.194730122
   49.332748925    0.194719551    0.194719300
   49.353210455    0.194708568    0.194708478
   49.373671986    0.194697567    0.194697656
   49.394133516    0.194686589    0.194686834
   49.414595046    0.194675672    0.194676013
   49.435056576    0.194664837    0.194665193
   49.455518106    0.194654089    0.194654375
   49.475979636    0.194643411    0.194643558
   49.496441166    0.194632769    0.194632741
   49.516902696    0.194622123    0.194621924
   49.537364226    0.194611432    0.194611107
   49.557825756    0.194600666    0.194600288
   49.578287286    0.194589814    0.194589467
   49.598748816    0.194578882    0.194578646
   49.619210346    0.194567898    0.194567824
   49.639671876    0.194556898    0.194557001
   49.660133406    0.194545925    0.194546179
   49.680594936    0.194535015    0.194535358
   49.701056466    0.194524188    0.194524539
   49.721517996    0.194513446    0.194513721
   49.741979526    0.194502770    0.194502903
   49.762441056    0.194492128    0.194492086
   49.782902586    0.194481478    0.194481269
   49.803364116    0.194470781    0.194470452
   49.823825646    0.194460008    0.194459633
   49.844287176    0.194449149    0.194448812
   49.864748706    0.194438213    0.194437991
   49.885210237    0.194427226    0.194427168
   49.905671767    0.194416229    0.194416346
   49.926133297    0.194405261    0.194405524
   49.946594827    0.194394358    0.194394703
   49.967056357    0.194383538    0.194383883
   49.987517887    0.194372802    0.194373065
   50.007979417    0.194362129    0.194362248
   50.028440947    0.194351487    0.194351431
   50.048902477    0.194340833    0.194340614
   50.069364007    0.194330129    0.194329796
   50.089825537    0.194319349    0.194318977
   50.110287067    0.194308483    0.194308156
   50.130748597    0.194297542    0.194297335
   50.151210127    0.194286555    0.194286512
   50.171671657    0.194275560    0.194275690
   50.192133187    0.194264597    0.194264868
   50.212594717    0.194253701    0.194254047
   50.233056247    0.194242888    0.194243227
   50.253517777    0.194232157    0.194232409
   50.273979307    0.194221488    0.194221592
   50.294440837    0.194210844    0.194210775
   50.314902367    0.194200186    0.194199958
   50.335363897    0.194189476    0.194189140
   50.355825427    0.194178689    0.194178320
   50.376286957    0.194167816    0.194167500
   50.396748487    0.194156871    0.194156678
   50.417210018    0.194145883    0.194145855
   50.437671548    0.194134890    0.194135033
   50.458133078    0.194123933    0.194124211
   50.478594608    0.194113044    0.194113390
   50.499056138    0.194102238    0.194102571
   50.519517668    0.194091513    0.194091752
   50.539979198    0.194080845    0.194080935
   50.560440728    0.194070201    0.194070118
   50.580902258    0.194059539    0.194059301
   50.601363788    0.194048822    0.194048483
   50.621825318    0.194038027    0.194037663
   50.642286848    0.194027148    0.194026842
   50.662748378    0.194016199    0.194016020
   50.683209908    0.194005210    0.194005198
   50.703671438    0.193994220    0.193994375
   50.724132968    0.193983269    0.193983553
   50.744594498    0.193972387    0.193972733
   50.765056028    0.193961588    0.193961913
   50.785517558    0.193950868    0.193951095
   50.805979088    0.193940203    0.193940278
   50.826440618    0.193929557    0.193929461
   50.846902148    0.193918890    0.193918643
   50.867363678    0.193908167    0.193907825
   50.887825208    0.193897365    0.193897005
   50.908286738    0.193886480    0.193886184
   50.928748269    0.193875527    0.193875362
   50.949209799    0.193864537    0.193864540
   50.969671329    0.193853550    0.193853717
   50.990132859    0.193842604    0.193842895
   51.010594389    0.193831729    0.193832075
   51.031055919    0.193820937    0.193821255
   51.051517449    0.193810222    0.193810437
   51.071978979    0.193799559    0.193799620
   51.092440509    0.193788912    0.193788803
   51.112902039    0.193778241    0.193777985
   51.133363569    0.193767511    0.193767166
   51.153825099    0.193756702    0.193756347
   51.174286629    0.193745810    0.193745526
   51.194748159    0.193734854    0.193734703
   51.215209689    0.193723864    0.193723881
   51.235671219    0.193712880    0.193713058
   51.256132749    0.193701940    0.193702237
   51.276594279    0.193691072    0.193691416
   51.297055809    0.193680287    0.193680597
   51.317517339    0.193669576    0.193669779
   51.337978869    0.193658915    0.193658961
   51.358440399    0.193648266    0.193648144
   51.378901929    0.193637591    0.193637326
   51.399363459    0.193626854    0.193626508
   51.419824989    0.193616037    0.193615688
   51.440286520    0.193605140    0.193604866
   51.460748050    0.193594180    0.193594044
   51.481209580    0.193583190    0.193583221
   51.501671110    0.193572210    0.193572399
   51.522132640    0.193561275    0.193561577
   51.542594170    0.193550414    0.193550757
   51.563055700    0.193539636    0.193539938
   51.583517230    0.193528930    0.193529119
   51.603978760    0.193518270    0.193518302
   51.624440290    0.193507620    0.193507485
   51.644901820    0.193496939    0.193496667
   51.665363350    0.193486196    0.193485848
   51.685824880    0.193475372    0.193475028
   51.706286410    0.193464469    0.193464207
   51.726747940    0.193453506    0.193453384
   51.747209470    0.193442516    0.193442562
   51.767671000    0.193431539    0.193431739
   51.788132530    0.193420611    0.193420918
   51.808594060    0.193409757    0.193410097
   51.829055590    0.193398985    0.193399278
   51.849517120    0.193388283    0.193388460
   51.869978650    0.193377625    0.193377642
   51.890440180    0.193366973    0.193366825
   51.910901710    0.193356287    0.193356007
   51.931363240    0.193345537    0.193345188
   51.951824770    0.193334706    0.193334368
   51.972286301    0.193323797    0.193323546
   51.992747831    0.193312831    0.193312724
   52.013209361    0.193301842    0.193301901
   52.033670891    0.193290868    0.193291079
   52.054132421    0.193279946    0.193280257
   52.074593951    0.193269099    0.193269437
   52.095055481    0.193258334    0.193258618
   52.115517011    0.193247636    0.193247800
   52.135978541    0.193236979    0.193236982
   52.156440071    0.193226324    0.193226165
   52.176901601    0.193215633    0.193215347
   52.197363131    0.193204876    0.193204528
   52.217824661    0.193194039    0.193193707
   52.238286191    0.193183124    0.193182886
   52.258747721    0.193172156    0.193172063
   52.279209251    0.193161167    0.193161240
   52.299670781    0.193150197    0.193150418
   52.320132311    0.193139282    0.193139596
   52.340593841    0.193128442    0.193128776
   52.361055371    0.193117682    0.193117957
   52.381516901    0.193106989    0.193107139
   52.401978431    0.193096333    0.193096321
   52.422439961    0.193085675    0.193085504
   52.442901491    0.193074979    0.193074686
   52.463363021    0.193064215    0.193063866
   52.483824552    0.193053370    0.193053046
   52.504286082    0.193042451    0.193042224
   52.524747612    0.193031480    0.193031402
   52.545209142    0.193020492    0.193020579
   52.565670672    0.193009526    0.193009756
   52.586132202    0.192998617    0.192998935
   52.606593732    0.192987784    0.192988115
   52.627055262    0.192977031    0.192977296
   52.647516792    0.192966341    0.192966478
   52.667978322    0.192955686    0.192955660
   52.688439852    0.192945026    0.192944843
   52.708901382    0.192934324    0.192934024
   52.729362912    0.192923553    0.192923205
   52.749824442    0.192912701    0.192912384
   52.770285972    0.192901777    0.192901562
   52.790747502    0.192890803    0.192890740
   52.811209032    0.192879817    0.192879917
   52.831670562    0.192868855    0.192869095
   52.852132092    0.192857952    0.192858273
   52.872593622    0.192847126    0.192847453
   52.893055152    0.192836379    0.192836634
   52.913516682    0.192825693    0.192825816
   52.933978212    0.192815038    0.192814999
   52.954439742    0.192804375    0.192804181
   52.974901272    0.192793668    0.192793362
   52.995362803    0.192782890    0.192782543
   53.015824333    0.192772031    0.192771722
   53.036285863    0.192761102    0.192760900
   53.056747393    0.192750127    0.192750077
   53.077208923    0.192739141    0.192739255
   53.097670453    0.192728184    0.192728432
   53.118131983    0.192717288    0.192717611
   53.138593513    0.192706469    0.192706791
   53.159055043    0.192695727    0.192695972
   53.179516573    0.192685045    0.192685154
   53.199978103    0.192674390    0.192674336
   53.220439633    0.192663723    0.192663518
   53.240901163    0.192653010    0.192652700
   53.261362693    0.192642225    0.192641880
   53.281824223    0.192631361    0.192631059
   53.302285753    0.192620426    0.192620237
   53.322747283    0.192609449    0.192609414
   53.343208813    0.192598466    0.192598592
   53.363670343    0.192587513    0.192587769
   53.384131873    0.192576623    0.192576948
   53.404593403    0.192565811    0.192566128
   53.425054933    0.192555075    0.192555309
   53.445516463    0.192544396    0.192544491
   53.465977993    0.192533741    0.192533674
   53.486439523    0.192523071    0.192522856
   53.506901054    0.192512352    0.192512037
   53.527362584    0.192501560    0.192501217
   53.547824114    0.192490689    0.192490396
   53.568285644    0.192479750    0.192479574
   53.588747174    0.192468771    0.192468751
   53.609208704    0.192457790    0.192457928
   53.629670234    0.192446842    0.192447106
   53.650131764    0.192435958    0.192436285
   53.670593294    0.192425153    0.192425465
   53.691054824    0.192414423    0.192414646
   53.711516354    0.192403747    0.192403828
   53.731977884    0.192393091    0.192393010
   53.752439414    0.192382418    0.192382192
   53.772900944    0.192371693    0.192371374
   53.793362474    0.192360894    0.192360554
   53.813824004    0.192350016    0.192349732
   53.834285534    0.192339073    0.192338910
   53.854747064    0.192328093    0.192328087
   53.875208594    0.192317114    0.192317264
   53.895670124    0.192306171    0.192306442
   53.916131654    0.192295294    0.192295621
   53.936593184    0.192284496    0.192284801
   53.957054714    0.192273771    0.192273982
   53.977516244    0.192263097    0.192263164
   53.997977774    0.192252441    0.192252347
   54.018439304    0.192241764    0.192241529
   54.038900835    0.192231033    0.192230710
   54.059362365    0.192220227    0.192219889
   54.079823895    0.192209343    0.192209068
   54.100285425    0.192198396    0.192198246
   54.120746955    0.192187415    0.192187423
   54.141208485    0.192176437    0.192176600
   54.161670015    0.192165500    0.192165778
   54.182131545    0.192154630    0.192154957
   54.202593075    0.192143838    0.192144137
   54.223054605    0.192133118    0.192133318
   54.243516135    0.192122447    0.192122500
   54.263977665    0.192111790    0.192111683
   54.284439195    0.192101109    0.192100864
   54.304900725    0.192090372    0.192090045
   54.325362255    0.192079559    0.192079225
   54.345823785    0.192068669    0.192068403
   54.366285315    0.192057717    0.192057581
   54.386746845    0.192046736    0.192046758
   54.407208375    0.192035761    0.192035935
   54.427669905    0.192024829    0.192025113
   54.448131435    0.192013965    0.192014292
   54.468592965    0.192003180    0.192003472
   54.489054495    0.191992466    0.191992654
   54.509516025    0.191981797    0.191981836
   54.529977555    0.191971138    0.191971018
   54.550439086    0.191960453    0.191960200
   54.570900616    0.191949709    0.191949380
   54.591362146    0.191938890    0.191938560
   54.611823676    0.191927993    0.191927738
   54.632285206    0.191917039    0.191916916
   54.652746736    0.191906056    0.191906093
   54.673208266    0.191895084    0.191895270
   54.693669796    0.191884158    0.191884448
   54.714131326    0.191873301    0.191873627
   54.734592856    0.191862523    0.191862807
   54.755054386    0.191851813    0.191851989
   54.775515916    0.191841146    0.191841171
   54.795977446    0.191830486    0.191830353
   54.816438976    0.191819796    0.191819534
   54.836900506    0.191809046    0.191808715
   54.857362036    0.191798219    0.191797895
   54.877823566    0.191787317    0.191787073
   54.898285096    0.191776359    0.191776250
   54.918746626    0.191765377    0.191765427
   54.939208156    0.191754408    0.191754604
   54.959669686    0.191743487    0.191743782
   54.980131216    0.191732637    0.191732961
   55.000592746    0.191721865    0.191722142
   55.021054276    0.191711160    0.191711323
   55.041515806    0.191700494    0.191700505
   55.061977337    0.191689833    0.191689687
   55.082438867    0.191679139    0.191678869
   55.102900397    0.191668382    0.191668049
   55.123361927    0.191657549    0.191657229
   55.143823457    0.191646641    0.191646407
   55.164284987    0.191635679    0.191635584
   55.184746517    0.191624697    0.191624761
   55.205208047    0.191613731    0.191613938
   55.225669577    0.191602816    0.191603116
   55.246131107    0.191591973    0.191592295
   55.266592637    0.191581207    0.191581476
   55.287054167    0.191570506    0.191570657
   55.307515697    0.191559843    0.191559839
   55.327977227    0.191549180    0.191549021
   55.348438757    0.191538480    0.191538203
   55.368900287    0.191527717    0.191527383
   55.389361817    0.191516877    0.191516562
   55.409823347    0.191505963    0.191505740
   55.430284877    0.191494999    0.191494917
   55.450746407    0.191484017    0.191484094
   55.471207937    0.191473054    0.191473272
   55.491669467    0.191462145    0.191462450
   55.512130997    0.191451309    0.191451629
   55.532592527    0.191440549    0.191440810
   55.553054057    0.191429853    0.191429991
   55.573515588    0.191419190    0.191419173
   55.593977118    0.191408525    0.191408355
   55.614438648    0.191397821    0.191397536
   55.634900178    0.191387051    0.191386716
   55.655361708    0.191376204    0.191375895
   55.675823238    0.191365285    0.191365073
   55.696284768    0.191354318    0.191354250
   55.716746298    0.191343336    0.191343427
   55.737207828    0.191332378    0.191332605
   55.757669358    0.191321474    0.191321783
   55.778130888    0.191310645    0.191310962
   55.798592418    0.191299892    0.191300143
   55.819053948    0.191289199    0.191289324
   55.839515478    0.191278538    0.191278506
   55.859977008    0.191267870    0.191267688
   55.880438538    0.191257161    0.191256869
   55.900900068    0.191246384    0.191246049
   55.921361598    0.191235530    0.191235228
   55.941823128    0.191224606    0.191224406
   55.962284658    0.191213636    0.191213583
   55.982746188    0.191202656    0.191202760
   56.003207718    0.191191701    0.191191937
   56.023669248    0.191180803    0.191181115
   56.044130778    0.191169981    0.191170295
   56.064592308    0.191159234    0.191159475
   56.085053838    0.191148545    0.191148657
   56.105515369    0.191137884    0.191137839
   56.125976899    0.191127214    0.191127021
   56.146438429    0.191116500    0.191116202
   56.166899959    0.191105716    0.191105382
   56.187361489    0.191094855    0.191094561
   56.207823019    0.191083926    0.191083738
   56.228284549    0.191072954    0.191072915
   56.248746079    0.191061975    0.191062092
   56.269207609    0.191051024    0.191051269
   56.289669139    0.191040133    0.191040448
   56.310130669    0.191029317    0.191029627
   56.330592199    0.191018576    0.191018808
   56.351053729    0.191007891    0.191007989
   56.371515259    0.190997231    0.190997171
   56.391976789    0.190986558    0.190986353
   56.412438319    0.190975838    0.190975534
   56.432899849    0.190965047    0.190964714
   56.453361379    0.190954180    0.190953892
   56.473822909    0.190943246    0.190943070
   56.494284439    0.190932272    0.190932247
   56.514745969    0.190921293    0.190921424
   56.535207499    0.190910347    0.190910601
   56.555669029    0.190899462    0.190899779
   56.576130559    0.190888653    0.190888959
   56.596592089    0.190877918    0.190878140
   56.617053620    0.190867236    0.190867321
   56.637515150    0.190856576    0.190856503
   56.657976680    0.190845900    0.190845685
   56.678438210    0.190835175    0.190834866
   56.698899740    0.190824378    0.190824045
   56.719361270    0.190813504    0.190813224
   56.739822800    0.190802565    0.190802401
   56.760284330    0.190791589    0.190791578
   56.780745860    0.190780612    0.190780755
   56.801207390    0.190769670    0.190769932
   56.821668920    0.190758792    0.190759111
   56.842130450    0.190747990    0.190748291
   56.862591980    0.190737260    0.190737471
   56.883053510    0.190726582    0.190726653
   56.903515040    0.190715921    0.190715835
   56.923976570    0.190705242    0.190705016
   56.944438100    0.190694511    0.190694197
   56.964899630    0.190683707    0.190683377
   56.985361160    0.190672826    0.190672555
   57.005822690    0.190661883    0.190661732
   57.026284220    0.190650906    0.190650909
   57.046745750    0.190639931    0.190640086
   57.067207280    0.190628993    0.190629263
   57.087668810    0.190618121    0.190618442
   57.108130340    0.190607326    0.190607622
   57.128591871    0.190596602    0.190596802
   57.149053401    0.190585927    0.190585984
   57.169514931    0.190575266    0.190575166
   57.189976461    0.190564583    0.190564347
   57.210437991    0.190553846    0.190553528
   57.230899521    0.190543035    0.190542707
   57.251361051    0.190532148    0.190531886
   57.271822581    0.190521201    0.190521063
   57.292284111    0.190510222    0.190510240
   57.312745641    0.190499249    0.190499416
   57.333207171    0.190488317    0.190488594
   57.353668701    0.190477451    0.190477772
   57.374130231    0.190466663    0.190466952
   57.394591761    0.190455944    0.190456133
   57.415053291    0.190445271    0.190445315
   57.435514821    0.190434610    0.190434496
   57.455976351    0.190423923    0.190423678
   57.476437881    0.190413180    0.190412858
   57.496899411    0.190402362    0.190402038
   57.517360941    0.190391469    0.190391216
   57.537822471    0.190380518    0.190380393
   57.558284001    0.190369538    0.190369570
   57.578745531    0.190358567    0.190358746
   57.599207061    0.190347640    0.190347924
   57.619668591    0.190336781    0.190337103
   57.640130122    0.190325999    0.190326282
   57.660591652    0.190315286    0.190315463
   57.681053182    0.190304615    0.190304645
   57.701514712    0.190293953    0.190293827
   57.721976242    0.190283263    0.190283008
   57.742437772    0.190272513    0.190272188
   57.762899302    0.190261689    0.190261368
   57.783360832    0.190250790    0.190250545
   57.803822362    0.190239834    0.190239723
   57.824283892    0.190228854    0.190228899
   57.844745422    0.190217885    0.190218076
   57.865206952    0.190206963    0.190207254
   57.885668482    0.190196111    0.190196432
   57.906130012    0.190185336    0.190185612
   57.926591542    0.190174627    0.190174793
   57.947053072    0.190163959    0.190163975
   57.967514602    0.190153296    0.190153157
   57.987976132    0.190142601    0.190142338
   58.008437662    0.190131846    0.190131518
   58.028899192    0.190121014    0.190120697
   58.049360722    0.190110109    0.190109875
   58.069822252    0.190099150    0.190099052
   58.090283782    0.190088169    0.190088228
   58.110745312    0.190077203    0.190077405
   58.131206842    0.190066287    0.190066583
   58.151668372    0.190055441    0.190055762
   58.172129903    0.190044673    0.190044942
   58.192591433    0.190033969    0.190034123
   58.213052963    0.190023303    0.190023304
   58.233514493    0.190012638    0.190012486
   58.253976023    0.190001939    0.190001667
   58.274437553    0.189991177    0.189990847
   58.294899083    0.189980339    0.189980026
   58.315360613    0.189969428    0.189969204
   58.335822143    0.189958465    0.189958381
   58.356283673    0.189947484    0.189947557
   58.376745203    0.189936521    0.189936734
   58.397206733    0.189925610    0.189925912
   58.417668263    0.189914772    0.189915091
   58.438129793    0.189904010    0.189904271
   58.458591323    0.189893311    0.189893452
   58.479052853    0.189882646    0.189882633
   58.499514383    0.189871980    0.189871815
   58.519975913    0.189861276    0.189860996
   58.540437443    0.189850508    0.189850176
   58.560898973    0.189839662    0.189839355
   58.581360503    0.189828745    0.189828532
   58.601822033    0.189817780    0.189817709
   58.622283563    0.189806799    0.189806886
   58.642745093    0.189795839    0.189796063
   58.663206623    0.189784934    0.189785240
   58.683668154    0.189774102    0.189774419
   58.704129684    0.189763347    0.189763599
   58.724591214    0.189752652    0.189752780
   58.745052744    0.189741989    0.189741962
   58.765514274    0.189731321    0.189731144
   58.785975804    0.189720612    0.189720325
   58.806437334    0.189709837    0.189709504
   58.826898864    0.189698985    0.189698683
   58.847360394    0.189688063    0.189687860
   58.867821924    0.189677094    0.189677037
   58.888283454    0.189666113    0.189666214
   58.908744984    0.189655157    0.189655391
   58.929206514    0.189644258    0.189644568
   58.949668044    0.189633433    0.189633747
   58.970129574    0.189622684    0.189622928
   58.990591104    0.189611993    0.189612109
   59.011052634    0.189601331    0.189601290
   59.031514164    0.189590661    0.189590472
   59.051975694    0.189579948    0.189579653
   59.072437224    0.189569166    0.189568832
   59.092898754    0.189558307    0.189558011
   59.113360284    0.189547379    0.189547188
   59.133821814    0.189536407    0.189536365
   59.154283344    0.189525427    0.189525541
   59.174744874    0.189514475    0.189514718
   59.195206405    0.189503582    0.189503896
   59.215667935    0.189492764    0.189493075
   59.236129465    0.189482021    0.189482255
   59.256590995    0.189471334    0.189471437
   59.277052525    0.189460673    0.189460618
   59.297514055    0.189450001    0.189449800
   59.317975585    0.189439282    0.189438980
   59.338437115    0.189428494    0.189428160
   59.358898645    0.189417628    0.189417338
   59.379360175    0.189406694    0.189406515
   59.399821705    0.189395720    0.189395692
   59.420283235    0.189384741    0.189384868
   59.440744765    0.189373793    0.189374045
   59.461206295    0.189362906    0.189363223
   59.481667825    0.189352095    0.189352403
   59.502129355    0.189341358    0.189341583
   59.522590885    0.189330675    0.189330764
   59.543052415    0.189320015    0.189319946
   59.563513945    0.189309340    0.189309127
   59.583975475    0.189298616    0.189298308
   59.604437005    0.189287820    0.189287487
   59.624898535    0.189276947    0.189276665
   59.645360065    0.189266009    0.189265842
   59.665821595    0.189255033    0.189255019
   59.686283125    0.189244055    0.189244195
   59.706744656    0.189233111    0.189233372
   59.727206186    0.189222230    0.189222550
   59.747667716    0.189211426    0.189211730
   59.768129246    0.189200695    0.189200910
   59.788590776    0.189190016    0.189190091
   59.809052306    0.189179356    0.189179273
   59.829513836    0.189168678    0.189168454
   59.849975366    0.189157948    0.189157634
   59.870436896    0.189147146    0.189146814
   59.890898426    0.189136266    0.189135992
   59.911359956    0.189125323    0.189125169
   59.931821486    0.189114345    0.189114345
   59.952283016    0.189103368    0.189103522
   59.972744546    0.189092428    0.189092699
   59.993206076    0.189081554    0.189081877
   60.013667606    0.189070757    0.189071056
   60.034129136    0.189060032    0.189060237
   60.054590666    0.189049356    0.189049418
   60.075052196    0.189038697    0.189038599
   60.095513726    0.189028016    0.189027781
   60.115975256    0.189017280    0.189016961
   60.136436786    0.189006471    0.189006140
   60.156898316    0.188995585    0.188995318
   60.177359846    0.188984637    0.188984495
   60.197821376    0.188973657    0.188973671
   60.218282906    0.188962681    0.188962848
   60.238744437    0.188951746    0.188952025
   60.259205967    0.188940878    0.188941203
   60.279667497    0.188930088    0.188930382
   60.300129027    0.188919369    0.188919563
   60.320590557    0.188908697    0.188908744
   60.341052087    0.188898037    0.188897926
   60.361513617    0.188887352    0.188887107
   60.381975147    0.188876611    0.188876287
   60.402436677    0.188865795    0.188865466
   60.422898207    0.188854902    0.188854644
   60.443359737    0.188843950    0.188843821
   60.463821267    0.188832968    0.188832997
   60.484282797    0.188821994    0.188822173
   60.504744327    0.188811064    0.188811351
   60.525205857    0.188800203    0.188800529
   60.545667387    0.188789420    0.188789708
   60.566128917    0.188778706    0.188778889
   60.586590447    0.188768037    0.188768070
   60.607051977    0.188757377    0.188757252
   60.627513507    0.188746688    0.188746433
   60.647975037    0.188735941    0.188735613
   60.668436567    0.188725118    0.188724792
   60.688898097    0.188714218    0.188713969
   60.709359627    0.188703262    0.188703146
   60.729821157    0.188692279    0.188692322
   60.750282688    0.188681307    0.188681499
   60.770744218    0.188670382    0.188670676
   60.791205748    0.188659528    0.188659854
   60.811667278    0.188648752    0.188649034
   60.832128808    0.188638043    0.188638214
   60.852590338    0.188627377    0.188627396
   60.873051868    0.188616716    0.188616577
   60.893513398    0.188606024    0.188605758
   60.913974928    0.188595270    0.188594938
   60.934436458    0.188584439    0.188584117
   60.954897988    0.188573534    0.188573294
   60.975359518    0.188562573    0.188562471
   60.995821048    0.188551589    0.188551647
   61.016282578    0.188540620    0.188540824
   61.036744108    0.188529700    0.188530001
   61.057205638    0.188518853    0.188519179
   61.077667168    0.188508083    0.188508359
   61.098128698    0.188497380    0.188497539
   61.118590228    0.188486716    0.188486721
   61.139051758    0.188476054    0.188475902
   61.159513288    0.188465358    0.188465083
   61.179974818    0.188454598    0.188454263
   61.200436348    0.188443760    0.188443441
   61.220897878    0.188432849    0.188432619
   61.241359408    0.188421884    0.188421795
   61.261820939    0.188410899    0.188410971
   61.282282469    0.188399933    0.188400148
   61.302743999    0.188389019    0.188389325
   61.323205529    0.188378178    0.188378504
   61.343667059    0.188367415    0.188367683
   61.364128589    0.188356717    0.188356864
