[b9p34p1010][[7082,1],10][btl_tcp_proc.c:266:mca_btl_tcp_proc_create_interface_graph] Unable to find reachable pairing between local and remote interfaces
[b9p34p1010][[7082,1],10][btl_tcp_proc.c:266:mca_btl_tcp_proc_create_interface_graph] Unable to find reachable pairing between local and remote interfaces
[b9p34p1010][[7082,1],10][btl_tcp_proc.c:266:mca_btl_tcp_proc_create_interface_graph] Unable to find reachable pairing between local and remote interfaces
[b9p34p1010][[7082,1],10][btl_tcp_proc.c:266:mca_btl_tcp_proc_create_interface_graph] Unable to find reachable pairing between local and remote interfaces
[b9p34p1010][[7082,1],10][btl_tcp_proc.c:266:mca_btl_tcp_proc_create_interface_graph] Unable to find reachable pairing between local and remote interfaces
[b9p34p1010][[7082,1],10][btl_tcp_proc.c:266:mca_btl_tcp_proc_create_interface_graph] Unable to find reachable pairing between local and remote interfaces
[b9p34p1010][[7082,1],10][btl_tcp_proc.c:266:mca_btl_tcp_proc_create_interface_graph] Unable to find reachable pairing between local and remote interfaces
[b9p34p1010][[7082,1],10][btl_tcp_proc.c:266:mca_btl_tcp_proc_create_interface_graph] Unable to find reachable pairing between local and remote interfaces
[b9p34p1010][[7082,1],10][btl_tcp_proc.c:266:mca_btl_tcp_proc_create_interface_graph] Unable to find reachable pairing between local and remote interfaces
[b9p34p1010][[7082,1],10][btl_tcp_proc.c:266:mca_btl_tcp_proc_create_interface_graph] Unable to find reachable pairing between local and remote interfaces
[b9p34p1010][[7082,1],10][btl_tcp_proc.c:266:mca_btl_tcp_proc_create_interface_graph] Unable to find reachable pairing between local and remote interfaces
[b9p34p1010][[7082,1],10][btl_tcp_proc.c:266:mca_btl_tcp_proc_create_interface_graph] Unable to find reachable pairing between local and remote interfaces
[b9p34p1010][[7082,1],10][btl_tcp_proc.c:266:mca_btl_tcp_proc_create_interface_graph] Unable to find reachable pairing between local and remote interfaces
[b9p34p1010][[7082,1],10][btl_tcp_proc.c:266:mca_btl_tcp_proc_create_interface_graph] Unable to find reachable pairing between local and remote interfaces
[b9p34p1010][[7082,1],10][btl_tcp_proc.c:266:mca_btl_tcp_proc_create_interface_graph] Unable to find reachable pairing between local and remote interfaces
[b9p34p1010][[7082,1],8][btl_tcp_proc.c:266:mca_btl_tcp_proc_create_interface_graph] Unable to find reachable pairing between local and remote interfaces
[b9p34p1010][[7082,1],8][btl_tcp_proc.c:266:mca_btl_tcp_proc_create_interface_graph] Unable to find reachable pairing between local and remote interfaces
[b9p34p1010][[7082,1],8][btl_tcp_proc.c:266:mca_btl_tcp_proc_create_interface_graph] Unable to find reachable pairing between local and remote interfaces
[b9p34p1010][[7082,1],8][btl_tcp_proc.c:266:mca_btl_tcp_proc_create_interface_graph] Unable to find reachable pairing between local and remote interfaces
[b9p34p1010][[7082,1],8][btl_tcp_proc.c:266:mca_btl_tcp_proc_create_interface_graph] Unable to find reachable pairing between local and remote interfaces
[b9p34p1010][[7082,1],11][btl_tcp_proc.c:266:mca_btl_tcp_proc_create_interface_graph] Unable to find reachable pairing between local and remote interfaces
[b9p34p1010][[7082,1],8][btl_tcp_proc.c:266:mca_btl_tcp_proc_create_interface_graph] Unable to find reachable pairing between local and remote interfaces
[b9p34p1010][[7082,1],0][btl_tcp_proc.c:266:mca_btl_tcp_proc_create_interface_graph] Unable to find reachable pairing between local and remote interfaces
[b9p34p1010][[7082,1],4][btl_tcp_proc.c:266:mca_btl_tcp_proc_create_interface_graph] Unable to find reachable pairing between local and remote interfaces
[b9p34p1010][[7082,1],11][btl_tcp_proc.c:266:mca_btl_tcp_proc_create_interface_graph] Unable to find reachable pairing between local and remote interfaces
[b9p34p1010][[7082,1],8][btl_tcp_proc.c:266:mca_btl_tcp_proc_create_interface_graph] Unable to find reachable pairing between local and remote interfaces
[b9p34p1010][[7082,1],9][btl_tcp_proc.c:266:mca_btl_tcp_proc_create_interface_graph] Unable to find reachable pairing between local and remote interfaces
[b9p34p1010][[7082,1],0][btl_tcp_proc.c:266:mca_btl_tcp_proc_create_interface_graph] Unable to find reachable pairing between local and remote interfaces
[b9p34p1010][[7082,1],4][btl_tcp_proc.c:266:mca_btl_tcp_proc_create_interface_graph] Unable to find reachable pairing between local and remote interfaces
[b9p34p1010][[7082,1],11][btl_tcp_proc.c:266:mca_btl_tcp_proc_create_interface_graph] Unable to find reachable pairing between local and remote interfaces
[b9p34p1010][[7082,1],8][btl_tcp_proc.c:266:mca_btl_tcp_proc_create_interface_graph] Unable to find reachable pairing between local and remote interfaces
[b9p34p1010][[7082,1],0][btl_tcp_proc.c:266:mca_btl_tcp_proc_create_interface_graph] Unable to find reachable pairing between local and remote interfaces
[b9p34p1010][[7082,1],9][btl_tcp_proc.c:266:mca_btl_tcp_proc_create_interface_graph] Unable to find reachable pairing between local and remote interfaces
[b9p34p1010][[7082,1],11][btl_tcp_proc.c:266:mca_btl_tcp_proc_create_interface_graph] Unable to find reachable pairing between local and remote interfaces
[b9p34p1010][[7082,1],4][btl_tcp_proc.c:266:mca_btl_tcp_proc_create_interface_graph] Unable to find reachable pairing between local and remote interfaces
[b9p34p1010][[7082,1],8][btl_tcp_proc.c:266:mca_btl_tcp_proc_create_interface_graph] Unable to find reachable pairing between local and remote interfaces
[b9p34p1010][[7082,1],0][btl_tcp_proc.c:266:mca_btl_tcp_proc_create_interface_graph] Unable to find reachable pairing between local and remote interfaces
[b9p34p1010][[7082,1],9][btl_tcp_proc.c:266:mca_btl_tcp_proc_create_interface_graph] Unable to find reachable pairing between local and remote interfaces
[b9p34p1010][[7082,1],4][btl_tcp_proc.c:266:mca_btl_tcp_proc_create_interface_graph] Unable to find reachable pairing between local and remote interfaces
[b9p34p1010][[7082,1],11][btl_tcp_proc.c:266:mca_btl_tcp_proc_create_interface_graph] Unable to find reachable pairing between local and remote interfaces
[b9p34p1010][[7082,1],8][btl_tcp_proc.c:266:mca_btl_tcp_proc_create_interface_graph] Unable to find reachable pairing between local and remote interfaces
[b9p34p1010][[7082,1],0][btl_tcp_proc.c:266:mca_btl_tcp_proc_create_interface_graph] Unable to find reachable pairing between local and remote interfaces
[b9p34p1010][[7082,1],9][btl_tcp_proc.c:266:mca_btl_tcp_proc_create_interface_graph] Unable to find reachable pairing between local and remote interfaces
[b9p34p1010][[7082,1],4][btl_tcp_proc.c:266:mca_btl_tcp_proc_create_interface_graph] Unable to find reachable pairing between local and remote interfaces
[b9p34p1010][[7082,1],11][btl_tcp_proc.c:266:mca_btl_tcp_proc_create_interface_graph] Unable to find reachable pairing between local and remote interfaces
[b9p34p1010][[7082,1],13][btl_tcp_proc.c:266:mca_btl_tcp_proc_create_interface_graph] Unable to find reachable pairing between local and remote interfaces
[b9p34p1010][[7082,1],8][btl_tcp_proc.c:266:mca_btl_tcp_proc_create_interface_graph] Unable to find reachable pairing between local and remote interfaces
[b9p34p1010][[7082,1],8][btl_tcp_proc.c:266:mca_btl_tcp_proc_create_interface_graph] Unable to find reachable pairing between local and remote interfaces
[b9p34p1010][[7082,1],0][btl_tcp_proc.c:266:mca_btl_tcp_proc_create_interface_graph] Unable to find reachable pairing between local and remote interfaces
[b9p34p1010][[7082,1],0][btl_tcp_proc.c:266:mca_btl_tcp_proc_create_interface_graph] Unable to find reachable pairing between local and remote interfaces
[b9p34p1010][[7082,1],9][btl_tcp_proc.c:266:mca_btl_tcp_proc_create_interface_graph] Unable to find reachable pairing between local and remote interfaces
[b9p34p1010][[7082,1],9][btl_tcp_proc.c:266:mca_btl_tcp_proc_create_interface_graph] Unable to find reachable pairing between local and remote interfaces
[b9p34p1010][[7082,1],4][btl_tcp_proc.c:266:mca_btl_tcp_proc_create_interface_graph] Unable to find reachable pairing between local and remote interfaces
[b9p34p1010][[7082,1],4][btl_tcp_proc.c:266:mca_btl_tcp_proc_create_interface_graph] Unable to find reachable pairing between local and remote interfaces
[b9p34p1010][[7082,1],11][btl_tcp_proc.c:266:mca_btl_tcp_proc_create_interface_graph] Unable to find reachable pairing between local and remote interfaces
[b9p34p1010][[7082,1],11][btl_tcp_proc.c:266:mca_btl_tcp_proc_create_interface_graph] Unable to find reachable pairing between local and remote interfaces
[b9p34p1010][[7082,1],13][btl_tcp_proc.c:266:mca_btl_tcp_proc_create_interface_graph] Unable to find reachable pairing between local and remote interfaces
[b9p34p1010][[7082,1],13][btl_tcp_proc.c:266:mca_btl_tcp_proc_create_interface_graph] Unable to find reachable pairing between local and remote interfaces
[b9p34p1010][[7082,1],8][btl_tcp_proc.c:266:mca_btl_tcp_proc_create_interface_graph] Unable to find reachable pairing between local and remote interfaces
[b9p34p1010][[7082,1],4][btl_tcp_proc.c:266:mca_btl_tcp_proc_create_interface_graph] Unable to find reachable pairing between local and remote interfaces
[b9p34p1010][[7082,1],0][btl_tcp_proc.c:266:mca_btl_tcp_proc_create_interface_graph] Unable to find reachable pairing between local and remote interfaces
[b9p34p1010][[7082,1],9][btl_tcp_proc.c:266:mca_btl_tcp_proc_create_interface_graph] Unable to find reachable pairing between local and remote interfaces
[b9p34p1010][[7082,1],11][btl_tcp_proc.c:266:mca_btl_tcp_proc_create_interface_graph] Unable to find reachable pairing between local and remote interfaces
[b9p34p1010][[7082,1],8][btl_tcp_proc.c:266:mca_btl_tcp_proc_create_interface_graph] Unable to find reachable pairing between local and remote interfaces
[b9p34p1010][[7082,1],4][btl_tcp_proc.c:266:mca_btl_tcp_proc_create_interface_graph] Unable to find reachable pairing between local and remote interfaces
[b9p34p1010][[7082,1],13][btl_tcp_proc.c:266:mca_btl_tcp_proc_create_interface_graph] Unable to find reachable pairing between local and remote interfaces
[b9p34p1010][[7082,1],0][btl_tcp_proc.c:266:mca_btl_tcp_proc_create_interface_graph] Unable to find reachable pairing between local and remote interfaces
[b9p34p1010][[7082,1],9][btl_tcp_proc.c:266:mca_btl_tcp_proc_create_interface_graph] Unable to find reachable pairing between local and remote interfaces
[b9p34p1010][[7082,1],9][btl_tcp_proc.c:266:mca_btl_tcp_proc_create_interface_graph] Unable to find reachable pairing between local and remote interfaces
[b9p34p1010][[7082,1],11][btl_tcp_proc.c:266:mca_btl_tcp_proc_create_interface_graph] Unable to find reachable pairing between local and remote interfaces
[b9p34p1010][[7082,1],11][btl_tcp_proc.c:266:mca_btl_tcp_proc_create_interface_graph] Unable to find reachable pairing between local and remote interfaces
[b9p34p1010][[7082,1],8][btl_tcp_proc.c:266:mca_btl_tcp_proc_create_interface_graph] Unable to find reachable pairing between local and remote interfaces
[b9p34p1010][[7082,1],4][btl_tcp_proc.c:266:mca_btl_tcp_proc_create_interface_graph] Unable to find reachable pairing between local and remote interfaces
[b9p34p1010][[7082,1],4][btl_tcp_proc.c:266:mca_btl_tcp_proc_create_interface_graph] Unable to find reachable pairing between local and remote interfaces
[b9p34p1010][[7082,1],13][btl_tcp_proc.c:266:mca_btl_tcp_proc_create_interface_graph] Unable to find reachable pairing between local and remote interfaces
[b9p34p1010][[7082,1],13][btl_tcp_proc.c:266:mca_btl_tcp_proc_create_interface_graph] Unable to find reachable pairing between local and remote interfaces[b9p34p1010][[7082,1],0][btl_tcp_proc.c:266:mca_btl_tcp_proc_create_interface_graph] Unable to find reachable pairing between local and remote interfaces
[b9p34p1010][[7082,1],0][btl_tcp_proc.c:266:mca_btl_tcp_proc_create_interface_graph] Unable to find reachable pairing between local and remote interfaces
[b9p34p1010][[7082,1],9][btl_tcp_proc.c:266:mca_btl_tcp_proc_create_interface_graph] Unable to find reachable pairing between local and remote interfaces
[b9p34p1010][[7082,1],11][btl_tcp_proc.c:266:mca_btl_tcp_proc_create_interface_graph] Unable to find reachable pairing between local and remote interfaces
[b9p34p1010][[7082,1],11][btl_tcp_proc.c:266:mca_btl_tcp_proc_create_interface_graph] Unable to find reachable pairing between local and remote interfaces
[b9p34p1010][[7082,1],4][btl_tcp_proc.c:266:mca_btl_tcp_proc_create_interface_graph] Unable to find reachable pairing between local and remote interfaces
[b9p34p1010][[7082,1],4][btl_tcp_proc.c:266:mca_btl_tcp_proc_create_interface_graph] Unable to find reachable pairing between local and remote interfaces

[b9p34p1010][[7082,1],13][btl_tcp_proc.c:266:mca_btl_tcp_proc_create_interface_graph] Unable to find reachable pairing between local and remote interfaces
[b9p34p1010][[7082,1],9][btl_tcp_proc.c:266:mca_btl_tcp_proc_create_interface_graph] Unable to find reachable pairing between local and remote interfaces
[b9p34p1010][[7082,1],9][btl_tcp_proc.c:266:mca_btl_tcp_proc_create_interface_graph] Unable to find reachable pairing between local and remote interfaces
[b9p34p1010][[7082,1],0][btl_tcp_proc.c:266:mca_btl_tcp_proc_create_interface_graph] Unable to find reachable pairing between local and remote interfaces
[b9p34p1010][[7082,1],11][btl_tcp_proc.c:266:mca_btl_tcp_proc_create_interface_graph] Unable to find reachable pairing between local and remote interfaces
[b9p34p1010][[7082,1],4][btl_tcp_proc.c:266:mca_btl_tcp_proc_create_interface_graph] Unable to find reachable pairing between local and remote interfaces
[b9p34p1010][[7082,1],13][btl_tcp_proc.c:266:mca_btl_tcp_proc_create_interface_graph] Unable to find reachable pairing between local and remote interfaces
[b9p34p1010][[7082,1],0][btl_tcp_proc.c:266:mca_btl_tcp_proc_create_interface_graph] Unable to find reachable pairing between local and remote interfaces
[b9p34p1010][[7082,1],9][btl_tcp_proc.c:266:mca_btl_tcp_proc_create_interface_graph] Unable to find reachable pairing between local and remote interfaces
[b9p34p1010][[7082,1],4][btl_tcp_proc.c:266:mca_btl_tcp_proc_create_interface_graph] Unable to find reachable pairing between local and remote interfaces
[b9p34p1010][[7082,1],11][btl_tcp_proc.c:266:mca_btl_tcp_proc_create_interface_graph] Unable to find reachable pairing between local and remote interfaces
[b9p34p1010][[7082,1],13][btl_tcp_proc.c:266:mca_btl_tcp_proc_create_interface_graph] Unable to find reachable pairing between local and remote interfaces
[b9p34p1010][[7082,1],0][btl_tcp_proc.c:266:mca_btl_tcp_proc_create_interface_graph] Unable to find reachable pairing between local and remote interfaces
[b9p34p1010][[7082,1],9][btl_tcp_proc.c:266:mca_btl_tcp_proc_create_interface_graph] Unable to find reachable pairing between local and remote interfaces
[b9p34p1010][[7082,1],6][btl_tcp_proc.c:266:mca_btl_tcp_proc_create_interface_graph] Unable to find reachable pairing between local and remote interfaces
[b9p34p1010][[7082,1],13][btl_tcp_proc.c:266:mca_btl_tcp_proc_create_interface_graph] Unable to find reachable pairing between local and remote interfaces
[b9p34p1010][[7082,1],0][btl_tcp_proc.c:266:mca_btl_tcp_proc_create_interface_graph] Unable to find reachable pairing between local and remote interfaces
[b9p34p1010][[7082,1],9][btl_tcp_proc.c:266:mca_btl_tcp_proc_create_interface_graph] Unable to find reachable pairing between local and remote interfaces
[b9p34p1010][[7082,1],13][btl_tcp_proc.c:266:mca_btl_tcp_proc_create_interface_graph] Unable to find reachable pairing between local and remote interfaces
[b9p34p1010][[7082,1],13][btl_tcp_proc.c:266:mca_btl_tcp_proc_create_interface_graph] Unable to find reachable pairing between local and remote interfaces
[b9p34p1010][[7082,1],6][btl_tcp_proc.c:266:mca_btl_tcp_proc_create_interface_graph] Unable to find reachable pairing between local and remote interfaces
[b9p34p1010][[7082,1],6][btl_tcp_proc.c:266:mca_btl_tcp_proc_create_interface_graph] Unable to find reachable pairing between local and remote interfaces
[b9p34p1010][[7082,1],1][btl_tcp_proc.c:266:mca_btl_tcp_proc_create_interface_graph] Unable to find reachable pairing between local and remote interfaces
[b9p34p1010][[7082,1],1][btl_tcp_proc.c:266:mca_btl_tcp_proc_create_interface_graph] Unable to find reachable pairing between local and remote interfaces
[b9p34p1010][[7082,1],13][btl_tcp_proc.c:266:mca_btl_tcp_proc_create_interface_graph] Unable to find reachable pairing between local and remote interfaces
[b9p34p1010][[7082,1],13][btl_tcp_proc.c:266:mca_btl_tcp_proc_create_interface_graph] Unable to find reachable pairing between local and remote interfaces
[b9p34p1010][[7082,1],6][btl_tcp_proc.c:266:mca_btl_tcp_proc_create_interface_graph] Unable to find reachable pairing between local and remote interfaces
[b9p34p1010][[7082,1],6][btl_tcp_proc.c:266:mca_btl_tcp_proc_create_interface_graph] Unable to find reachable pairing between local and remote interfaces
[b9p34p1010][[7082,1],1][btl_tcp_proc.c:266:mca_btl_tcp_proc_create_interface_graph] Unable to find reachable pairing between local and remote interfaces
[b9p34p1010][[7082,1],6][btl_tcp_proc.c:266:mca_btl_tcp_proc_create_interface_graph] Unable to find reachable pairing between local and remote interfaces
[b9p34p1010][[7082,1],13][btl_tcp_proc.c:266:mca_btl_tcp_proc_create_interface_graph] Unable to find reachable pairing between local and remote interfaces
[b9p34p1010][[7082,1],1][btl_tcp_proc.c:266:mca_btl_tcp_proc_create_interface_graph] Unable to find reachable pairing between local and remote interfaces
[b9p34p1010][[7082,1],6][btl_tcp_proc.c:266:mca_btl_tcp_proc_create_interface_graph] Unable to find reachable pairing between local and remote interfaces
[b9p34p1010][[7082,1],1][btl_tcp_proc.c:266:mca_btl_tcp_proc_create_interface_graph] Unable to find reachable pairing between local and remote interfaces
[b9p34p1010][[7082,1],6][btl_tcp_proc.c:266:mca_btl_tcp_proc_create_interface_graph] Unable to find reachable pairing between local and remote interfaces
[b9p34p1010][[7082,1],6][btl_tcp_proc.c:266:mca_btl_tcp_proc_create_interface_graph] Unable to find reachable pairing between local and remote interfaces
[b9p34p1010][[7082,1],1][btl_tcp_proc.c:266:mca_btl_tcp_proc_create_interface_graph] Unable to find reachable pairing between local and remote interfaces
[b9p34p1010][[7082,1],6][btl_tcp_proc.c:266:mca_btl_tcp_proc_create_interface_graph] Unable to find reachable pairing between local and remote interfaces
[b9p34p1010][[7082,1],1][btl_tcp_proc.c:266:mca_btl_tcp_proc_create_interface_graph] Unable to find reachable pairing between local and remote interfaces
[b9p34p1010][[7082,1],6][btl_tcp_proc.c:266:mca_btl_tcp_proc_create_interface_graph] Unable to find reachable pairing between local and remote interfaces
[b9p34p1010][[7082,1],6][btl_tcp_proc.c:266:mca_btl_tcp_proc_create_interface_graph] Unable to find reachable pairing between local and remote interfaces
[b9p34p1010][[7082,1],1][btl_tcp_proc.c:266:mca_btl_tcp_proc_create_interface_graph] Unable to find reachable pairing between local and remote interfaces
[b9p34p1010][[7082,1],6][btl_tcp_proc.c:266:mca_btl_tcp_proc_create_interface_graph] Unable to find reachable pairing between local and remote interfaces
[b9p34p1010][[7082,1],1][btl_tcp_proc.c:266:mca_btl_tcp_proc_create_interface_graph] Unable to find reachable pairing between local and remote interfaces
[b9p34p1010][[7082,1],6][btl_tcp_proc.c:266:mca_btl_tcp_proc_create_interface_graph] Unable to find reachable pairing between local and remote interfaces
[b9p34p1010][[7082,1],6][btl_tcp_proc.c:266:mca_btl_tcp_proc_create_interface_graph] Unable to find reachable pairing between local and remote interfaces
[b9p34p1010][[7082,1],1][btl_tcp_proc.c:266:mca_btl_tcp_proc_create_interface_graph] Unable to find reachable pairing between local and remote interfaces
[b9p34p1010][[7082,1],1][btl_tcp_proc.c:266:mca_btl_tcp_proc_create_interface_graph] Unable to find reachable pairing between local and remote interfaces
[b9p34p1010][[7082,1],5][btl_tcp_proc.c:266:mca_btl_tcp_proc_create_interface_graph] Unable to find reachable pairing between local and remote interfaces
[b9p34p1010][[7082,1],12][btl_tcp_proc.c:266:mca_btl_tcp_proc_create_interface_graph] Unable to find reachable pairing between local and remote interfaces
[b9p34p1010][[7082,1],14][btl_tcp_proc.c:266:mca_btl_tcp_proc_create_interface_graph] Unable to find reachable pairing between local and remote interfaces
[b9p34p1010][[7082,1],15][btl_tcp_proc.c:266:mca_btl_tcp_proc_create_interface_graph] Unable to find reachable pairing between local and remote interfaces
[b9p34p1010][[7082,1],1][btl_tcp_proc.c:266:mca_btl_tcp_proc_create_interface_graph] Unable to find reachable pairing between local and remote interfaces
[b9p34p1010][[7082,1],12][btl_tcp_proc.c:266:mca_btl_tcp_proc_create_interface_graph] Unable to find reachable pairing between local and remote interfaces
[b9p34p1010][[7082,1],5][btl_tcp_proc.c:266:mca_btl_tcp_proc_create_interface_graph] Unable to find reachable pairing between local and remote interfaces
[b9p34p1010][[7082,1],14][btl_tcp_proc.c:266:mca_btl_tcp_proc_create_interface_graph] Unable to find reachable pairing between local and remote interfaces
[b9p34p1010][[7082,1],7][btl_tcp_proc.c:266:mca_btl_tcp_proc_create_interface_graph] Unable to find reachable pairing between local and remote interfaces
[b9p34p1010][[7082,1],15][btl_tcp_proc.c:266:mca_btl_tcp_proc_create_interface_graph] Unable to find reachable pairing between local and remote interfaces
[b9p34p1010][[7082,1],1][btl_tcp_proc.c:266:mca_btl_tcp_proc_create_interface_graph] Unable to find reachable pairing between local and remote interfaces
[b9p34p1010][[7082,1],12][btl_tcp_proc.c:266:mca_btl_tcp_proc_create_interface_graph] Unable to find reachable pairing between local and remote interfaces
[b9p34p1010][[7082,1],5][btl_tcp_proc.c:266:mca_btl_tcp_proc_create_interface_graph] Unable to find reachable pairing between local and remote interfaces
[b9p34p1010][[7082,1],1][btl_tcp_proc.c:266:mca_btl_tcp_proc_create_interface_graph] Unable to find reachable pairing between local and remote interfaces
[b9p34p1010][[7082,1],14][btl_tcp_proc.c:266:mca_btl_tcp_proc_create_interface_graph] Unable to find reachable pairing between local and remote interfaces
[b9p34p1010][[7082,1],7][btl_tcp_proc.c:266:mca_btl_tcp_proc_create_interface_graph] Unable to find reachable pairing between local and remote interfaces
[b9p34p1010][[7082,1],15][btl_tcp_proc.c:266:mca_btl_tcp_proc_create_interface_graph] Unable to find reachable pairing between local and remote interfaces
[b9p34p1010][[7082,1],12][btl_tcp_proc.c:266:mca_btl_tcp_proc_create_interface_graph] Unable to find reachable pairing between local and remote interfaces
[b9p34p1010][[7082,1],1][btl_tcp_proc.c:266:mca_btl_tcp_proc_create_interface_graph] Unable to find reachable pairing between local and remote interfaces
[b9p34p1010][[7082,1],5][btl_tcp_proc.c:266:mca_btl_tcp_proc_create_interface_graph] Unable to find reachable pairing between local and remote interfaces
[b9p34p1010][[7082,1],14][btl_tcp_proc.c:266:mca_btl_tcp_proc_create_interface_graph] Unable to find reachable pairing between local and remote interfaces
[b9p34p1010][[7082,1],7][btl_tcp_proc.c:266:mca_btl_tcp_proc_create_interface_graph] Unable to find reachable pairing between local and remote interfaces
[b9p34p1010][[7082,1],15][btl_tcp_proc.c:266:mca_btl_tcp_proc_create_interface_graph] Unable to find reachable pairing between local and remote interfaces
[b9p34p1010][[7082,1],12][btl_tcp_proc.c:266:mca_btl_tcp_proc_create_interface_graph] Unable to find reachable pairing between local and remote interfaces
[b9p34p1010][[7082,1],5][btl_tcp_proc.c:266:mca_btl_tcp_proc_create_interface_graph] Unable to find reachable pairing between local and remote interfaces
[b9p34p1010][[7082,1],7][btl_tcp_proc.c:266:mca_btl_tcp_proc_create_interface_graph] Unable to find reachable pairing between local and remote interfaces
[b9p34p1010][[7082,1],14][btl_tcp_proc.c:266:mca_btl_tcp_proc_create_interface_graph] Unable to find reachable pairing between local and remote interfaces
[b9p34p1010][[7082,1],15][btl_tcp_proc.c:266:mca_btl_tcp_proc_create_interface_graph] Unable to find reachable pairing between local and remote interfaces
[b9p34p1010][[7082,1],12][btl_tcp_proc.c:266:mca_btl_tcp_proc_create_interface_graph] Unable to find reachable pairing between local and remote interfaces
[b9p34p1010][[7082,1],12][btl_tcp_proc.c:266:mca_btl_tcp_proc_create_interface_graph] Unable to find reachable pairing between local and remote interfaces
[b9p34p1010][[7082,1],5][btl_tcp_proc.c:266:mca_btl_tcp_proc_create_interface_graph] Unable to find reachable pairing between local and remote interfaces
[b9p34p1010][[7082,1],7][btl_tcp_proc.c:266:mca_btl_tcp_proc_create_interface_graph] Unable to find reachable pairing between local and remote interfaces
[b9p34p1010][[7082,1],7][btl_tcp_proc.c:266:mca_btl_tcp_proc_create_interface_graph] Unable to find reachable pairing between local and remote interfaces
[b9p34p1010][[7082,1],14][btl_tcp_proc.c:266:mca_btl_tcp_proc_create_interface_graph] Unable to find reachable pairing between local and remote interfaces
[b9p34p1010][[7082,1],15][btl_tcp_proc.c:266:mca_btl_tcp_proc_create_interface_graph] Unable to find reachable pairing between local and remote interfaces
[b9p34p1010][[7082,1],5][btl_tcp_proc.c:266:mca_btl_tcp_proc_create_interface_graph] Unable to find reachable pairing between local and remote interfaces
[b9p34p1010][[7082,1],14][btl_tcp_proc.c:266:mca_btl_tcp_proc_create_interface_graph] Unable to find reachable pairing between local and remote interfaces
[b9p34p1010][[7082,1],15][btl_tcp_proc.c:266:mca_btl_tcp_proc_create_interface_graph] Unable to find reachable pairing between local and remote interfaces
[b9p34p1010][[7082,1],12][btl_tcp_proc.c:266:mca_btl_tcp_proc_create_interface_graph] Unable to find reachable pairing between local and remote interfaces
[b9p34p1010][[7082,1],7][btl_tcp_proc.c:266:mca_btl_tcp_proc_create_interface_graph] Unable to find reachable pairing between local and remote interfaces
[b9p34p1010][[7082,1],5][btl_tcp_proc.c:266:mca_btl_tcp_proc_create_interface_graph] Unable to find reachable pairing between local and remote interfaces
[b9p34p1010][[7082,1],14][btl_tcp_proc.c:266:mca_btl_tcp_proc_create_interface_graph] Unable to find reachable pairing between local and remote interfaces
[b9p34p1010][[7082,1],12][btl_tcp_proc.c:266:mca_btl_tcp_proc_create_interface_graph] Unable to find reachable pairing between local and remote interfaces
[b9p34p1010][[7082,1],15][btl_tcp_proc.c:266:mca_btl_tcp_proc_create_interface_graph] Unable to find reachable pairing between local and remote interfaces
[b9p34p1010][[7082,1],5][btl_tcp_proc.c:266:mca_btl_tcp_proc_create_interface_graph] Unable to find reachable pairing between local and remote interfaces
[b9p34p1010][[7082,1],7][btl_tcp_proc.c:266:mca_btl_tcp_proc_create_interface_graph] Unable to find reachable pairing between local and remote interfaces
[b9p34p1010][[7082,1],14][btl_tcp_proc.c:266:mca_btl_tcp_proc_create_interface_graph] Unable to find reachable pairing between local and remote interfaces
[b9p34p1010][[7082,1],12][btl_tcp_proc.c:266:mca_btl_tcp_proc_create_interface_graph] Unable to find reachable pairing between local and remote interfaces
[b9p34p1010][[7082,1],5][btl_tcp_proc.c:266:mca_btl_tcp_proc_create_interface_graph] Unable to find reachable pairing between local and remote interfaces
[b9p34p1010][[7082,1],15][btl_tcp_proc.c:266:mca_btl_tcp_proc_create_interface_graph] Unable to find reachable pairing between local and remote interfaces
[b9p34p1010][[7082,1],7][btl_tcp_proc.c:266:mca_btl_tcp_proc_create_interface_graph] Unable to find reachable pairing between local and remote interfaces
[b9p34p1010][[7082,1],14][btl_tcp_proc.c:266:mca_btl_tcp_proc_create_interface_graph] Unable to find reachable pairing between local and remote interfaces
[b9p34p1010][[7082,1],12][btl_tcp_proc.c:266:mca_btl_tcp_proc_create_interface_graph] Unable to find reachable pairing between local and remote interfaces
[b9p34p1010][[7082,1],12][btl_tcp_proc.c:266:mca_btl_tcp_proc_create_interface_graph] Unable to find reachable pairing between local and remote interfaces[b9p34p1010][[7082,1],5][btl_tcp_proc.c:266:mca_btl_tcp_proc_create_interface_graph] Unable to find reachable pairing between local and remote interfaces
[b9p34p1010][[7082,1],15][btl_tcp_proc.c:266:mca_btl_tcp_proc_create_interface_graph] Unable to find reachable pairing between local and remote interfaces
[b9p34p1010][[7082,1],7][btl_tcp_proc.c:266:mca_btl_tcp_proc_create_interface_graph] Unable to find reachable pairing between local and remote interfaces
[b9p34p1010][[7082,1],7][btl_tcp_proc.c:266:mca_btl_tcp_proc_create_interface_graph] Unable to find reachable pairing between local and remote interfaces
[b9p34p1010][[7082,1],14][btl_tcp_proc.c:266:mca_btl_tcp_proc_create_interface_graph] Unable to find reachable pairing between local and remote interfaces

[b9p34p1010][[7082,1],12][btl_tcp_proc.c:266:mca_btl_tcp_proc_create_interface_graph] Unable to find reachable pairing between local and remote interfaces
[b9p34p1010][[7082,1],5][btl_tcp_proc.c:266:mca_btl_tcp_proc_create_interface_graph] Unable to find reachable pairing between local and remote interfaces
[b9p34p1010][[7082,1],15][btl_tcp_proc.c:266:mca_btl_tcp_proc_create_interface_graph] Unable to find reachable pairing between local and remote interfaces
[b9p34p1010][[7082,1],7][btl_tcp_proc.c:266:mca_btl_tcp_proc_create_interface_graph] Unable to find reachable pairing between local and remote interfaces
[b9p34p1010][[7082,1],14][btl_tcp_proc.c:266:mca_btl_tcp_proc_create_interface_graph] Unable to find reachable pairing between local and remote interfaces
[b9p34p1010][[7082,1],5][btl_tcp_proc.c:266:mca_btl_tcp_proc_create_interface_graph] Unable to find reachable pairing between local and remote interfaces
[b9p34p1010][[7082,1],15][btl_tcp_proc.c:266:mca_btl_tcp_proc_create_interface_graph] Unable to find reachable pairing between local and remote interfaces
[b9p34p1010][[7082,1],7][btl_tcp_proc.c:266:mca_btl_tcp_proc_create_interface_graph] Unable to find reachable pairing between local and remote interfaces
[b9p34p1010][[7082,1],12][btl_tcp_proc.c:266:mca_btl_tcp_proc_create_interface_graph] Unable to find reachable pairing between local and remote interfaces
[b9p34p1010][[7082,1],14][btl_tcp_proc.c:266:mca_btl_tcp_proc_create_interface_graph] Unable to find reachable pairing between local and remote interfaces
[b9p34p1010][[7082,1],5][btl_tcp_proc.c:266:mca_btl_tcp_proc_create_interface_graph] Unable to find reachable pairing between local and remote interfaces
[b9p34p1010][[7082,1],5][btl_tcp_proc.c:266:mca_btl_tcp_proc_create_interface_graph] Unable to find reachable pairing between local and remote interfaces
[b9p34p1010][[7082,1],7][btl_tcp_proc.c:266:mca_btl_tcp_proc_create_interface_graph] Unable to find reachable pairing between local and remote interfaces
[b9p34p1010][[7082,1],12][btl_tcp_proc.c:266:mca_btl_tcp_proc_create_interface_graph] Unable to find reachable pairing between local and remote interfaces
[b9p34p1010][[7082,1],15][btl_tcp_proc.c:266:mca_btl_tcp_proc_create_interface_graph] Unable to find reachable pairing between local and remote interfaces
[b9p34p1010][[7082,1],15][btl_tcp_proc.c:266:mca_btl_tcp_proc_create_interface_graph] Unable to find reachable pairing between local and remote interfaces
[b9p34p1010][[7082,1],14][btl_tcp_proc.c:266:mca_btl_tcp_proc_create_interface_graph] Unable to find reachable pairing between local and remote interfaces
[b9p34p1010][[7082,1],14][btl_tcp_proc.c:266:mca_btl_tcp_proc_create_interface_graph] Unable to find reachable pairing between local and remote interfaces
[b9p34p1010][[7082,1],7][btl_tcp_proc.c:266:mca_btl_tcp_proc_create_interface_graph] Unable to find reachable pairing between local and remote interfaces
[b9p34p1010][[7082,1],15][btl_tcp_proc.c:266:mca_btl_tcp_proc_create_interface_graph] Unable to find reachable pairing between local and remote interfaces
[b9p34p1010][[7082,1],3][btl_tcp_proc.c:266:mca_btl_tcp_proc_create_interface_graph] Unable to find reachable pairing between local and remote interfaces
[b9p34p1010][[7082,1],3][btl_tcp_proc.c:266:mca_btl_tcp_proc_create_interface_graph] Unable to find reachable pairing between local and remote interfaces
[b9p34p1010][[7082,1],3][btl_tcp_proc.c:266:mca_btl_tcp_proc_create_interface_graph] Unable to find reachable pairing between local and remote interfaces
[b9p34p1010][[7082,1],3][btl_tcp_proc.c:266:mca_btl_tcp_proc_create_interface_graph] Unable to find reachable pairing between local and remote interfaces
[b9p34p1010][[7082,1],3][btl_tcp_proc.c:266:mca_btl_tcp_proc_create_interface_graph] Unable to find reachable pairing between local and remote interfaces
[b9p34p1010][[7082,1],3][btl_tcp_proc.c:266:mca_btl_tcp_proc_create_interface_graph] Unable to find reachable pairing between local and remote interfaces
[b9p34p1010][[7082,1],2][btl_tcp_proc.c:266:mca_btl_tcp_proc_create_interface_graph] Unable to find reachable pairing between local and remote interfaces
[b9p34p1010][[7082,1],3][btl_tcp_proc.c:266:mca_btl_tcp_proc_create_interface_graph] Unable to find reachable pairing between local and remote interfaces
[b9p34p1010][[7082,1],2][btl_tcp_proc.c:266:mca_btl_tcp_proc_create_interface_graph] Unable to find reachable pairing between local and remote interfaces
[b9p34p1010][[7082,1],3][btl_tcp_proc.c:266:mca_btl_tcp_proc_create_interface_graph] Unable to find reachable pairing between local and remote interfaces
[b9p34p1010][[7082,1],2][btl_tcp_proc.c:266:mca_btl_tcp_proc_create_interface_graph] Unable to find reachable pairing between local and remote interfaces
[b9p34p1010][[7082,1],3][btl_tcp_proc.c:266:mca_btl_tcp_proc_create_interface_graph] Unable to find reachable pairing between local and remote interfaces
[b9p34p1010][[7082,1],2][btl_tcp_proc.c:266:mca_btl_tcp_proc_create_interface_graph] Unable to find reachable pairing between local and remote interfaces
[b9p34p1010][[7082,1],3][btl_tcp_proc.c:266:mca_btl_tcp_proc_create_interface_graph] Unable to find reachable pairing between local and remote interfaces
[b9p34p1010][[7082,1],2][btl_tcp_proc.c:266:mca_btl_tcp_proc_create_interface_graph] Unable to find reachable pairing between local and remote interfaces
[b9p34p1010][[7082,1],3][btl_tcp_proc.c:266:mca_btl_tcp_proc_create_interface_graph] Unable to find reachable pairing between local and remote interfaces
[b9p34p1010][[7082,1],2][btl_tcp_proc.c:266:mca_btl_tcp_proc_create_interface_graph] Unable to find reachable pairing between local and remote interfaces
[b9p34p1010][[7082,1],3][btl_tcp_proc.c:266:mca_btl_tcp_proc_create_interface_graph] Unable to find reachable pairing between local and remote interfaces
[b9p34p1010][[7082,1],2][btl_tcp_proc.c:266:mca_btl_tcp_proc_create_interface_graph] Unable to find reachable pairing between local and remote interfaces
[b9p34p1010][[7082,1],3][btl_tcp_proc.c:266:mca_btl_tcp_proc_create_interface_graph] Unable to find reachable pairing between local and remote interfaces
[b9p34p1010][[7082,1],2][btl_tcp_proc.c:266:mca_btl_tcp_proc_create_interface_graph] Unable to find reachable pairing between local and remote interfaces
[b9p34p1010][[7082,1],3][btl_tcp_proc.c:266:mca_btl_tcp_proc_create_interface_graph] Unable to find reachable pairing between local and remote interfaces
[b9p34p1010][[7082,1],2][btl_tcp_proc.c:266:mca_btl_tcp_proc_create_interface_graph] Unable to find reachable pairing between local and remote interfaces
[b9p34p1010][[7082,1],3][btl_tcp_proc.c:266:mca_btl_tcp_proc_create_interface_graph] Unable to find reachable pairing between local and remote interfaces
[b9p34p1010][[7082,1],2][btl_tcp_proc.c:266:mca_btl_tcp_proc_create_interface_graph] Unable to find reachable pairing between local and remote interfaces
[b9p34p1010][[7082,1],2][btl_tcp_proc.c:266:mca_btl_tcp_proc_create_interface_graph] Unable to find reachable pairing between local and remote interfaces
[b9p34p1010][[7082,1],2][btl_tcp_proc.c:266:mca_btl_tcp_proc_create_interface_graph] Unable to find reachable pairing between local and remote interfaces
[b9p34p1010][[7082,1],2][btl_tcp_proc.c:266:mca_btl_tcp_proc_create_interface_graph] Unable to find reachable pairing between local and remote interfaces
[b9p34p1010][[7082,1],2][btl_tcp_proc.c:266:mca_btl_tcp_proc_create_interface_graph] Unable to find reachable pairing between local and remote interfaces
[b9p34p1010][[7082,1],2][btl_tcp_proc.c:266:mca_btl_tcp_proc_create_interface_graph] Unable to find reachable pairing between local and remote interfaces

     Program PWSCF v.7.5 starts on 27Sep2026 at 10:47: 9 

     This program is part of the open-source Quantum ESPRESSO suite
     for quantum simulation of materials; please cite
         "P. Giannozzi et al., J. Phys.:Condens. Matter 21 395502 (2009);
         "P. Giannozzi et al., J. Phys.:Condens. Matter 29 465901 (2017);
         "P. Giannozzi et al., J. Chem. Phys. 152 154105 (2020);
          URL http://www.quantum-espresso.org", 
     in publications or presentations arising from this work. More details at
     http://www.quantum-espresso.org/quote

     Parallel version (MPI & OpenMP), running on      16 processor cores
     Number of MPI processes:                16
     Threads/MPI process:                     1

     MPI processes distributed on     1 nodes
     416643 MiB available memory on the printing compute node when the environment starts

     Reading input from scf.in

     Current dimensions of program PWSCF are:
     Max number of different atomic species (ntypx) = 10
     Max number of k-points (npk) =  40000
     Max angular momentum in pseudopotentials (lmaxx) =  4
     file In.pbe-dn-kjpaw_psl.1.0.0.UPF: wavefunction(s)  5S 5P 4D renormalized
     file O.pbe-n-kjpaw_psl.1.0.0.UPF: wavefunction(s)  2S 2P renormalized
     file H.pbe-kjpaw_psl.1.0.0.UPF: wavefunction(s)  1S renormalized
     Message from routine setup:
     using ibrav=0 with symmetry is DISCOURAGED, use correct ibrav instead

     K-points division:     npool     =       4
     R & G space division:  proc/nbgrp/npool/nimage =       4
     Subspace diagonalization in iterative solution of the eigenvalue problem:
     one sub-group per band group will be used
     ELPA distributed-memory algorithm (size of sub-group:  2*  2 procs)


     Parallelization info
     --------------------
     sticks:   dense  smooth     PW     G-vecs:    dense   smooth      PW
     Min        4285    2144    556              1428487   505134   66666
     Max        4286    2145    557              1428504   505145   66672
     Sum       17141    8577   2225              5713967  2020553  266675

     Using Slab Decomposition



     bravais-lattice index     =            0
     lattice parameter (alat)  =      19.4757  a.u.
     unit-cell volume          =   24997.2915 (a.u.)^3
     number of atoms/cell      =           96
     number of atomic types    =            3
     number of electrons       =       624.00
     number of Kohn-Sham states=          328
     kinetic-energy cutoff     =      71.0000  Ry
     charge density cutoff     =     568.0000  Ry
     scf convergence threshold =      1.0E-09
     mixing beta               =       0.2000
     number of iterations used =            8  local-TF  mixing
     Exchange-correlation= SLA  PW   PBX  PBC
                           (   1   4   3   4   0   0   0)

     celldm(1)=  19.475688  celldm(2)=   0.000000  celldm(3)=   0.000000
     celldm(4)=   0.000000  celldm(5)=   0.000000  celldm(6)=   0.000000

     crystal axes: (cart. coord. in units of alat)
               a(1) = (   1.000000   0.000000   0.000000 )  
               a(2) = (   0.000000   1.000000   0.000000 )  
               a(3) = (   0.000000   0.000000   3.383877 )  

     reciprocal axes: (cart. coord. in units 2 pi/alat)
               b(1) = (  1.000000  0.000000  0.000000 )  
               b(2) = (  0.000000  1.000000  0.000000 )  
               b(3) = (  0.000000  0.000000  0.295519 )  


     PseudoPot. # 1 for In read from file:
     ./In.pbe-dn-kjpaw_psl.1.0.0.UPF
     MD5 check sum: 235b15e6a7fdfd96486e0ecdcb5b12c6
     Pseudo is Projector augmented-wave + core cor, Zval = 13.0
     Generated using &quot;atomic&quot; code by A. Dal Corso  v.6.3
     Shape of augmentation charge: PSQ
     Using radial grid of 1241 points,  6 beta functions with: 
                l(1) =   0
                l(2) =   0
                l(3) =   1
                l(4) =   1
                l(5) =   2
                l(6) =   2
     Q(r) pseudized with 0 coefficients 


     PseudoPot. # 2 for O  read from file:
     ./O.pbe-n-kjpaw_psl.1.0.0.UPF
     MD5 check sum: e99d9cef9b487d1ca56f5b95ecd0fd7a
     Pseudo is Projector augmented-wave + core cor, Zval =  6.0
     Generated using &quot;atomic&quot; code by A. Dal Corso  v.6.3
     Shape of augmentation charge: PSQ
     Using radial grid of 1095 points,  4 beta functions with: 
                l(1) =   0
                l(2) =   0
                l(3) =   1
                l(4) =   1
     Q(r) pseudized with 0 coefficients 


     PseudoPot. # 3 for H  read from file:
     ./H.pbe-kjpaw_psl.1.0.0.UPF
     MD5 check sum: d81a744832360e4a8af0b0b5b123bc2a
     Pseudo is Projector augmented-wave, Zval =  1.0
     Generated using &quot;atomic&quot; code by A. Dal Corso  v.6.3MaX
     Shape of augmentation charge: PSQ
     Using radial grid of  929 points,  2 beta functions with: 
                l(1) =   0
                l(2) =   0
     Q(r) pseudized with 0 coefficients 


     atomic species   valence    mass     pseudopotential
     In               13.00   114.81800     In( 1.00)
     O                 6.00    15.99900     O ( 1.00)
     H                 1.00     1.00800     H ( 1.00)

      8 Sym. Ops., with inversion, found ( 6 have fractional translation)


                                    s                        frac. trans.

      isym =  1     identity                                     

 cryst.   s( 1) = (     1          0          0      )
                  (     0          1          0      )
                  (     0          0          1      )

 cart.    s( 1) = (  1.0000000  0.0000000  0.0000000 )
                  (  0.0000000  1.0000000  0.0000000 )
                  (  0.0000000  0.0000000  1.0000000 )


      isym =  2     180 deg rotation - cart. axis [0,0,1]        

 cryst.   s( 2) = (    -1          0          0      )    f =(  0.0000000 )
                  (     0         -1          0      )       (  0.5000000 )
                  (     0          0          1      )       (  0.0000000 )

 cart.    s( 2) = ( -1.0000000  0.0000000  0.0000000 )    f =(  0.0000000 )
                  (  0.0000000 -1.0000000  0.0000000 )       (  0.5000000 )
                  (  0.0000000  0.0000000  1.0000000 )       (  0.0000000 )


      isym =  3     180 deg rotation - cart. axis [0,1,0]        

 cryst.   s( 3) = (    -1          0          0      )    f =(  0.5000000 )
                  (     0          1          0      )       (  0.0000000 )
                  (     0          0         -1      )       ( -0.0000000 )

 cart.    s( 3) = ( -1.0000000  0.0000000  0.0000000 )    f =(  0.5000000 )
                  (  0.0000000  1.0000000  0.0000000 )       (  0.0000000 )
                  (  0.0000000  0.0000000 -1.0000000 )       ( -0.0000000 )


      isym =  4     180 deg rotation - cart. axis [1,0,0]        

 cryst.   s( 4) = (     1          0          0      )    f =( -0.5000000 )
                  (     0         -1          0      )       (  0.5000000 )
                  (     0          0         -1      )       ( -0.0000000 )

 cart.    s( 4) = (  1.0000000  0.0000000  0.0000000 )    f =( -0.5000000 )
                  (  0.0000000 -1.0000000  0.0000000 )       (  0.5000000 )
                  (  0.0000000  0.0000000 -1.0000000 )       ( -0.0000000 )


      isym =  5     inversion                                    

 cryst.   s( 5) = (    -1          0          0      )
                  (     0         -1          0      )
                  (     0          0         -1      )

 cart.    s( 5) = ( -1.0000000  0.0000000  0.0000000 )
                  (  0.0000000 -1.0000000  0.0000000 )
                  (  0.0000000  0.0000000 -1.0000000 )


      isym =  6     inv. 180 deg rotation - cart. axis [0,0,1]   

 cryst.   s( 6) = (     1          0          0      )    f =(  0.0000000 )
                  (     0          1          0      )       ( -0.5000000 )
                  (     0          0         -1      )       ( -0.0000000 )

 cart.    s( 6) = (  1.0000000  0.0000000  0.0000000 )    f =(  0.0000000 )
                  (  0.0000000  1.0000000  0.0000000 )       ( -0.5000000 )
                  (  0.0000000  0.0000000 -1.0000000 )       ( -0.0000000 )


      isym =  7     inv. 180 deg rotation - cart. axis [0,1,0]   

 cryst.   s( 7) = (     1          0          0      )    f =( -0.5000000 )
                  (     0         -1          0      )       (  0.0000000 )
                  (     0          0          1      )       (  0.0000000 )

 cart.    s( 7) = (  1.0000000  0.0000000  0.0000000 )    f =( -0.5000000 )
                  (  0.0000000 -1.0000000  0.0000000 )       (  0.0000000 )
                  (  0.0000000  0.0000000  1.0000000 )       (  0.0000000 )


      isym =  8     inv. 180 deg rotation - cart. axis [1,0,0]   

 cryst.   s( 8) = (    -1          0          0      )    f =(  0.5000000 )
                  (     0          1          0      )       ( -0.5000000 )
                  (     0          0          1      )       (  0.0000000 )

 cart.    s( 8) = ( -1.0000000  0.0000000  0.0000000 )    f =(  0.5000000 )
                  (  0.0000000  1.0000000  0.0000000 )       ( -0.5000000 )
                  (  0.0000000  0.0000000  1.0000000 )       (  0.0000000 )


   Cartesian axes

     site n.     atom                  positions (alat units)
         1        In     tau(   1) = (   0.2500000   0.2500000   1.4419384  )
         2        In     tau(   2) = (   0.7500000   0.2500000   1.4419384  )
         3        In     tau(   3) = (   0.2500000   0.2500000   1.9419384  )
         4        In     tau(   4) = (   0.2500000   0.7500000   1.4419384  )
         5        In     tau(   5) = (   0.4661938   0.5000000   1.9419384  )
         6        In     tau(   6) = (   0.0338062   0.5000000   1.4419384  )
         7        In     tau(   7) = (   0.7500000   0.4661938   1.6919384  )
         8        In     tau(   8) = (   0.2500000   0.0338062   1.6919384  )
         9        In     tau(   9) = (   0.5000000   0.7500000   1.6581322  )
        10        In     tau(  10) = (   0.0338062   0.0000000   1.9419384  )
        11        In     tau(  11) = (   0.4661938   0.0000000   1.4419384  )
        12        In     tau(  12) = (   0.0000000   0.2500000   1.6581322  )
        13        O      tau(  13) = (   0.3897318   0.1544729   1.5743154  )
        14        O      tau(  14) = (   0.6102682   0.3455271   1.5743154  )
        15        O      tau(  15) = (   0.1102682   0.1544729   1.8095614  )
        16        O      tau(  16) = (   0.8897318   0.3455271   1.8095614  )
        17        O      tau(  17) = (   0.3823770   0.3897318   1.3464113  )
        18        O      tau(  18) = (   0.3823770   0.6102682   1.5374655  )
        19        O      tau(  19) = (   0.6176230   0.1102682   1.3464113  )
        20        O      tau(  20) = (   0.6176230   0.8897318   1.5374655  )
        21        O      tau(  21) = (   0.1544729   0.3823770   1.5816702  )
        22        O      tau(  22) = (   0.3455271   0.3823770   1.8022066  )
        23        O      tau(  23) = (   0.1544729   0.6176230   1.3022066  )
        24        O      tau(  24) = (   0.3455271   0.6176230   2.0816702  )
        25        O      tau(  25) = (   0.1102682   0.3455271   1.3095614  )
        26        O      tau(  26) = (   0.8897318   0.1544729   1.3095614  )
        27        O      tau(  27) = (   0.3897318   0.3455271   2.0743154  )
        28        O      tau(  28) = (   0.6102682   0.1544729   2.0743154  )
        29        O      tau(  29) = (   0.1176230   0.1102682   1.5374655  )
        30        O      tau(  30) = (   0.1176230   0.8897318   1.3464113  )
        31        O      tau(  31) = (   0.8823770   0.3897318   1.5374655  )
        32        O      tau(  32) = (   0.8823770   0.6102682   1.3464113  )
        33        O      tau(  33) = (   0.3455271   0.1176230   1.3022066  )
        34        O      tau(  34) = (   0.1544729   0.1176230   2.0816702  )
        35        O      tau(  35) = (   0.3455271   0.8823770   1.5816702  )
        36        O      tau(  36) = (   0.1544729   0.8823770   1.8022066  )
        37        In     tau(  37) = (   0.7500000   0.7500000   1.9419384  )
        38        In     tau(  38) = (   0.2500000   0.7500000   1.9419384  )
        39        In     tau(  39) = (   0.7500000   0.7500000   1.4419384  )
        40        In     tau(  40) = (   0.7500000   0.2500000   1.9419384  )
        41        In     tau(  41) = (   0.9661938   0.0000000   1.4419384  )
        42        In     tau(  42) = (   0.5338062   0.0000000   1.9419384  )
        43        In     tau(  43) = (   0.0000000   0.7500000   1.7257446  )
        44        In     tau(  44) = (   0.5338062   0.5000000   1.4419384  )
        45        In     tau(  45) = (   0.9661938   0.5000000   1.9419384  )
        46        In     tau(  46) = (   0.2500000   0.5338062   1.6919384  )
        47        In     tau(  47) = (   0.7500000   0.9661938   1.6919384  )
        48        In     tau(  48) = (   0.5000000   0.2500000   1.7257446  )
        49        O      tau(  49) = (   0.8897318   0.6544729   2.0743154  )
        50        O      tau(  50) = (   0.1102682   0.8455271   2.0743154  )
        51        O      tau(  51) = (   0.6102682   0.6544729   1.3095614  )
        52        O      tau(  52) = (   0.3897318   0.8455271   1.3095614  )
        53        O      tau(  53) = (   0.8823770   0.8897318   1.8464113  )
        54        O      tau(  54) = (   0.8823770   0.1102682   2.0374655  )
        55        O      tau(  55) = (   0.1176230   0.6102682   1.8464113  )
        56        O      tau(  56) = (   0.1176230   0.3897318   2.0374655  )
        57        O      tau(  57) = (   0.6544729   0.8823770   2.0816702  )
        58        O      tau(  58) = (   0.8455271   0.8823770   1.3022066  )
        59        O      tau(  59) = (   0.6544729   0.1176230   1.8022066  )
        60        O      tau(  60) = (   0.8455271   0.1176230   1.5816702  )
        61        O      tau(  61) = (   0.6102682   0.8455271   1.8095614  )
        62        O      tau(  62) = (   0.3897318   0.6544729   1.8095614  )
        63        O      tau(  63) = (   0.8897318   0.8455271   1.5743154  )
        64        O      tau(  64) = (   0.1102682   0.6544729   1.5743154  )
        65        O      tau(  65) = (   0.6176230   0.6102682   2.0374655  )
        66        O      tau(  66) = (   0.6176230   0.3897318   1.8464113  )
        67        O      tau(  67) = (   0.3823770   0.8897318   2.0374655  )
        68        O      tau(  68) = (   0.3823770   0.1102682   1.8464113  )
        69        O      tau(  69) = (   0.8455271   0.6176230   1.8022066  )
        70        O      tau(  70) = (   0.6544729   0.6176230   1.5816702  )
        71        O      tau(  71) = (   0.8455271   0.3823770   2.0816702  )
        72        O      tau(  72) = (   0.6544729   0.3823770   1.3022066  )
        73        H      tau(  73) = (   0.3774651   0.3686679   1.2548111  )
        74        H      tau(  74) = (   0.6225349   0.1313321   1.2548111  )
        75        H      tau(  75) = (   0.1262733   0.6085085   1.2128751  )
        76        H      tau(  76) = (   0.3737267   0.6085085   2.1710017  )
        77        H      tau(  77) = (   0.1204699   0.3542316   1.2164026  )
        78        H      tau(  78) = (   0.8795301   0.1457684   1.2164026  )
        79        H      tau(  79) = (   0.3795301   0.3542316   2.1674742  )
        80        H      tau(  80) = (   0.6204699   0.1457684   2.1674742  )
        81        H      tau(  81) = (   0.1225349   0.8686679   1.2548111  )
        82        H      tau(  82) = (   0.8774651   0.6313321   1.2548111  )
        83        H      tau(  83) = (   0.3737267   0.1085085   1.2128751  )
        84        H      tau(  84) = (   0.1262733   0.1085085   2.1710017  )
        85        H      tau(  85) = (   0.8795301   0.6457684   2.1674742  )
        86        H      tau(  86) = (   0.1204699   0.8542316   2.1674742  )
        87        H      tau(  87) = (   0.6204699   0.6457684   1.2164026  )
        88        H      tau(  88) = (   0.3795301   0.8542316   1.2164026  )
        89        H      tau(  89) = (   0.8774651   0.1313321   2.1290656  )
        90        H      tau(  90) = (   0.1225349   0.3686679   2.1290656  )
        91        H      tau(  91) = (   0.6262733   0.8914915   2.1710017  )
        92        H      tau(  92) = (   0.8737267   0.8914915   1.2128751  )
        93        H      tau(  93) = (   0.6225349   0.6313321   2.1290656  )
        94        H      tau(  94) = (   0.3774651   0.8686679   2.1290656  )
        95        H      tau(  95) = (   0.8737267   0.3914915   2.1710017  )
        96        H      tau(  96) = (   0.6262733   0.3914915   1.2128751  )

   Crystallographic axes

     site n.     atom                  positions (cryst. coord.)
         1        In     tau(   1) = (  0.2500000  0.2500000  0.4261202  )
         2        In     tau(   2) = (  0.7500000  0.2500000  0.4261202  )
         3        In     tau(   3) = (  0.2500000  0.2500000  0.5738798  )
         4        In     tau(   4) = (  0.2500000  0.7500000  0.4261202  )
         5        In     tau(   5) = (  0.4661938  0.5000000  0.5738798  )
         6        In     tau(   6) = (  0.0338062  0.5000000  0.4261202  )
         7        In     tau(   7) = (  0.7500000  0.4661938  0.5000000  )
         8        In     tau(   8) = (  0.2500000  0.0338062  0.5000000  )
         9        In     tau(   9) = (  0.5000000  0.7500000  0.4900096  )
        10        In     tau(  10) = (  0.0338062  0.0000000  0.5738798  )
        11        In     tau(  11) = (  0.4661938  0.0000000  0.4261202  )
        12        In     tau(  12) = (  0.0000000  0.2500000  0.4900096  )
        13        O      tau(  13) = (  0.3897318  0.1544729  0.4652402  )
        14        O      tau(  14) = (  0.6102682  0.3455271  0.4652402  )
        15        O      tau(  15) = (  0.1102682  0.1544729  0.5347598  )
        16        O      tau(  16) = (  0.8897318  0.3455271  0.5347598  )
        17        O      tau(  17) = (  0.3823770  0.3897318  0.3978902  )
        18        O      tau(  18) = (  0.3823770  0.6102682  0.4543503  )
        19        O      tau(  19) = (  0.6176230  0.1102682  0.3978902  )
        20        O      tau(  20) = (  0.6176230  0.8897318  0.4543503  )
        21        O      tau(  21) = (  0.1544729  0.3823770  0.4674137  )
        22        O      tau(  22) = (  0.3455271  0.3823770  0.5325863  )
        23        O      tau(  23) = (  0.1544729  0.6176230  0.3848268  )
        24        O      tau(  24) = (  0.3455271  0.6176230  0.6151732  )
        25        O      tau(  25) = (  0.1102682  0.3455271  0.3870003  )
        26        O      tau(  26) = (  0.8897318  0.1544729  0.3870003  )
        27        O      tau(  27) = (  0.3897318  0.3455271  0.6129997  )
        28        O      tau(  28) = (  0.6102682  0.1544729  0.6129997  )
        29        O      tau(  29) = (  0.1176230  0.1102682  0.4543503  )
        30        O      tau(  30) = (  0.1176230  0.8897318  0.3978902  )
        31        O      tau(  31) = (  0.8823770  0.3897318  0.4543503  )
        32        O      tau(  32) = (  0.8823770  0.6102682  0.3978902  )
        33        O      tau(  33) = (  0.3455271  0.1176230  0.3848268  )
        34        O      tau(  34) = (  0.1544729  0.1176230  0.6151732  )
        35        O      tau(  35) = (  0.3455271  0.8823770  0.4674137  )
        36        O      tau(  36) = (  0.1544729  0.8823770  0.5325863  )
        37        In     tau(  37) = (  0.7500000  0.7500000  0.5738798  )
        38        In     tau(  38) = (  0.2500000  0.7500000  0.5738798  )
        39        In     tau(  39) = (  0.7500000  0.7500000  0.4261202  )
        40        In     tau(  40) = (  0.7500000  0.2500000  0.5738798  )
        41        In     tau(  41) = (  0.9661938  0.0000000  0.4261202  )
        42        In     tau(  42) = (  0.5338062  0.0000000  0.5738798  )
        43        In     tau(  43) = (  0.0000000  0.7500000  0.5099904  )
        44        In     tau(  44) = (  0.5338062  0.5000000  0.4261202  )
        45        In     tau(  45) = (  0.9661938  0.5000000  0.5738798  )
        46        In     tau(  46) = (  0.2500000  0.5338062  0.5000000  )
        47        In     tau(  47) = (  0.7500000  0.9661938  0.5000000  )
        48        In     tau(  48) = (  0.5000000  0.2500000  0.5099904  )
        49        O      tau(  49) = (  0.8897318  0.6544729  0.6129997  )
        50        O      tau(  50) = (  0.1102682  0.8455271  0.6129997  )
        51        O      tau(  51) = (  0.6102682  0.6544729  0.3870003  )
        52        O      tau(  52) = (  0.3897318  0.8455271  0.3870003  )
        53        O      tau(  53) = (  0.8823770  0.8897318  0.5456497  )
        54        O      tau(  54) = (  0.8823770  0.1102682  0.6021098  )
        55        O      tau(  55) = (  0.1176230  0.6102682  0.5456497  )
        56        O      tau(  56) = (  0.1176230  0.3897318  0.6021098  )
        57        O      tau(  57) = (  0.6544729  0.8823770  0.6151732  )
        58        O      tau(  58) = (  0.8455271  0.8823770  0.3848268  )
        59        O      tau(  59) = (  0.6544729  0.1176230  0.5325863  )
        60        O      tau(  60) = (  0.8455271  0.1176230  0.4674137  )
        61        O      tau(  61) = (  0.6102682  0.8455271  0.5347598  )
        62        O      tau(  62) = (  0.3897318  0.6544729  0.5347598  )
        63        O      tau(  63) = (  0.8897318  0.8455271  0.4652402  )
        64        O      tau(  64) = (  0.1102682  0.6544729  0.4652402  )
        65        O      tau(  65) = (  0.6176230  0.6102682  0.6021098  )
        66        O      tau(  66) = (  0.6176230  0.3897318  0.5456497  )
        67        O      tau(  67) = (  0.3823770  0.8897318  0.6021098  )
        68        O      tau(  68) = (  0.3823770  0.1102682  0.5456497  )
        69        O      tau(  69) = (  0.8455271  0.6176230  0.5325863  )
        70        O      tau(  70) = (  0.6544729  0.6176230  0.4674137  )
        71        O      tau(  71) = (  0.8455271  0.3823770  0.6151732  )
        72        O      tau(  72) = (  0.6544729  0.3823770  0.3848268  )
        73        H      tau(  73) = (  0.3774651  0.3686679  0.3708206  )
        74        H      tau(  74) = (  0.6225349  0.1313321  0.3708206  )
        75        H      tau(  75) = (  0.1262733  0.6085085  0.3584277  )
        76        H      tau(  76) = (  0.3737267  0.6085085  0.6415723  )
        77        H      tau(  77) = (  0.1204699  0.3542316  0.3594701  )
        78        H      tau(  78) = (  0.8795301  0.1457684  0.3594701  )
        79        H      tau(  79) = (  0.3795301  0.3542316  0.6405299  )
        80        H      tau(  80) = (  0.6204699  0.1457684  0.6405299  )
        81        H      tau(  81) = (  0.1225349  0.8686679  0.3708206  )
        82        H      tau(  82) = (  0.8774651  0.6313321  0.3708206  )
        83        H      tau(  83) = (  0.3737267  0.1085085  0.3584277  )
        84        H      tau(  84) = (  0.1262733  0.1085085  0.6415723  )
        85        H      tau(  85) = (  0.8795301  0.6457684  0.6405299  )
        86        H      tau(  86) = (  0.1204699  0.8542316  0.6405299  )
        87        H      tau(  87) = (  0.6204699  0.6457684  0.3594701  )
        88        H      tau(  88) = (  0.3795301  0.8542316  0.3594701  )
        89        H      tau(  89) = (  0.8774651  0.1313321  0.6291794  )
        90        H      tau(  90) = (  0.1225349  0.3686679  0.6291794  )
        91        H      tau(  91) = (  0.6262733  0.8914915  0.6415723  )
        92        H      tau(  92) = (  0.8737267  0.8914915  0.3584277  )
        93        H      tau(  93) = (  0.6225349  0.6313321  0.6291794  )
        94        H      tau(  94) = (  0.3774651  0.8686679  0.6291794  )
        95        H      tau(  95) = (  0.8737267  0.3914915  0.6415723  )
        96        H      tau(  96) = (  0.6262733  0.3914915  0.3584277  )

     number of k points=     4
                       cart. coord. in units 2pi/alat
        k(    1) = (   0.0000000   0.0000000   0.0000000), wk =   0.2222222
        k(    2) = (   0.0000000   0.3333333   0.0000000), wk =   0.4444444
        k(    3) = (   0.3333333   0.3333333   0.0000000), wk =   0.8888889
        k(    4) = (   0.3333333   0.0000000   0.0000000), wk =   0.4444444

                       cryst. coord.
        k(    1) = (   0.0000000   0.0000000   0.0000000), wk =   0.2222222
        k(    2) = (   0.0000000   0.3333333   0.0000000), wk =   0.4444444
        k(    3) = (   0.3333333   0.3333333   0.0000000), wk =   0.8888889
        k(    4) = (   0.3333333   0.0000000   0.0000000), wk =   0.4444444

     Dense  grid:  5713967 G-vectors     FFT dimensions: ( 150, 150, 500)

     Smooth grid:  2020553 G-vectors     FFT dimensions: ( 108, 108, 360)

     Dynamical RAM for                 wfc:     315.98 MB

     Dynamical RAM for     wfc (w. buffer):     315.98 MB

     Dynamical RAM for           str. fact:      65.39 MB

     Dynamical RAM for           local pot:       0.00 MB

     Dynamical RAM for          nlocal pot:     832.35 MB

     Dynamical RAM for                qrad:       5.74 MB

     Dynamical RAM for          rho,v,vnew:     129.76 MB

     Dynamical RAM for               rhoin:      43.25 MB

     Dynamical RAM for            rho*nmix:     348.75 MB

     Dynamical RAM for           G-vectors:      85.59 MB

     Dynamical RAM for          h,s,v(r/c):       4.92 MB

     Dynamical RAM for          <psi|beta>:       4.32 MB

     Dynamical RAM for                 psi:     631.97 MB

     Dynamical RAM for                hpsi:     631.97 MB

     Dynamical RAM for                spsi:     631.97 MB

     Dynamical RAM for      wfcinit/wfcrot:     634.43 MB

     Dynamical RAM for           addusdens:    1291.47 MB

     Dynamical RAM for          addusforce:    1798.44 MB

     Dynamical RAM for         addusstress:    1103.47 MB

     Estimated static dynamical RAM per process >       1.63 GB

     Estimated max dynamical RAM per process >       3.83 GB

     Estimated total dynamical RAM >      57.26 GB

     Initial potential from superposition of free atoms

     starting charge     623.9105, renormalised to     624.0000

     negative rho (up, down):  1.390E-03 0.000E+00
     Starting wfcs are  432 randomized atomic wfcs
     Checking if some PAW data can be deallocated... 
       PAW data deallocated on   12 nodes for type:  1
       PAW data deallocated on    8 nodes for type:  2
       PAW data deallocated on   12 nodes for type:  3

     total cpu time spent up to now is       27.2 secs

     per-process dynamical memory:  1740.5 Mb

     Self-consistent Calculation

     iteration #  1     ecut=    71.00 Ry     beta= 0.20
     Davidson diagonalization with overlap

---- Real-time Memory Report at c_bands before calling an iterative solver
          2448 MiB given to the printing process from OS
          1739 MiB allocation reported by mallinfo(arena+hblkhd)
        385545 MiB available memory on the node where the printing process lives
------------------
     ethr =  1.00E-02,  avg # of iterations =  2.0

     negative rho (up, down):  1.317E-05 0.000E+00

     total cpu time spent up to now is       75.9 secs

     total energy              =  -11890.41351299 Ry
     estimated scf accuracy    <      24.69836426 Ry

     iteration #  2     ecut=    71.00 Ry     beta= 0.20
     Davidson diagonalization with overlap

---- Real-time Memory Report at c_bands before calling an iterative solver
          3614 MiB given to the printing process from OS
          1902 MiB allocation reported by mallinfo(arena+hblkhd)
        386642 MiB available memory on the node where the printing process lives
------------------
     ethr =  3.96E-03,  avg # of iterations =  1.2

     negative rho (up, down):  4.442E-06 0.000E+00

     total cpu time spent up to now is      121.1 secs

     total energy              =  -11882.75752380 Ry
     estimated scf accuracy    <      16.09204608 Ry

     iteration #  3     ecut=    71.00 Ry     beta= 0.20
     Davidson diagonalization with overlap

---- Real-time Memory Report at c_bands before calling an iterative solver
          3713 MiB given to the printing process from OS
          1918 MiB allocation reported by mallinfo(arena+hblkhd)
        375420 MiB available memory on the node where the printing process lives
------------------
     ethr =  2.58E-03,  avg # of iterations =  7.0

     negative rho (up, down):  5.823E-07 0.000E+00

     total cpu time spent up to now is      184.4 secs

     total energy              =  -11886.73220693 Ry
     estimated scf accuracy    <       0.84175351 Ry

     iteration #  4     ecut=    71.00 Ry     beta= 0.20
     Davidson diagonalization with overlap

---- Real-time Memory Report at c_bands before calling an iterative solver
          3868 MiB given to the printing process from OS
          1933 MiB allocation reported by mallinfo(arena+hblkhd)
        374905 MiB available memory on the node where the printing process lives
------------------
     ethr =  1.35E-04,  avg # of iterations =  9.2

     negative rho (up, down):  2.267E-07 0.000E+00

     total cpu time spent up to now is      311.7 secs

     total energy              =  -11888.54546260 Ry
     estimated scf accuracy    <       4.12816691 Ry

     iteration #  5     ecut=    71.00 Ry     beta= 0.20
     Davidson diagonalization with overlap

---- Real-time Memory Report at c_bands before calling an iterative solver
          3904 MiB given to the printing process from OS
          1949 MiB allocation reported by mallinfo(arena+hblkhd)
        374847 MiB available memory on the node where the printing process lives
------------------
     ethr =  1.35E-04,  avg # of iterations =  2.0

     negative rho (up, down):  4.601E-06 0.000E+00

     total cpu time spent up to now is      365.7 secs

     total energy              =  -11887.22714027 Ry
     estimated scf accuracy    <       2.07174630 Ry

     iteration #  6     ecut=    71.00 Ry     beta= 0.20
     Davidson diagonalization with overlap

---- Real-time Memory Report at c_bands before calling an iterative solver
          3904 MiB given to the printing process from OS
          1965 MiB allocation reported by mallinfo(arena+hblkhd)
        405668 MiB available memory on the node where the printing process lives
------------------
     ethr =  1.35E-04,  avg # of iterations =  8.0

     negative rho (up, down):  1.721E-06 0.000E+00

     total cpu time spent up to now is      476.3 secs

     total energy              =  -11889.44649299 Ry
     estimated scf accuracy    <       8.32693770 Ry

     iteration #  7     ecut=    71.00 Ry     beta= 0.20
     Davidson diagonalization with overlap

---- Real-time Memory Report at c_bands before calling an iterative solver
          3937 MiB given to the printing process from OS
          1980 MiB allocation reported by mallinfo(arena+hblkhd)
        442813 MiB available memory on the node where the printing process lives
------------------
     ethr =  1.35E-04,  avg # of iterations =  2.0

     negative rho (up, down):  4.407E-07 0.000E+00

     total cpu time spent up to now is      525.5 secs

     total energy              =  -11889.69121824 Ry
     estimated scf accuracy    <       5.56952259 Ry

     iteration #  8     ecut=    71.00 Ry     beta= 0.20
     Davidson diagonalization with overlap

---- Real-time Memory Report at c_bands before calling an iterative solver
          3937 MiB given to the printing process from OS
          1996 MiB allocation reported by mallinfo(arena+hblkhd)
        423403 MiB available memory on the node where the printing process lives
------------------
     ethr =  1.35E-04,  avg # of iterations =  1.0

     negative rho (up, down):  3.508E-08 0.000E+00

     total cpu time spent up to now is      567.0 secs

     total energy              =  -11888.86836232 Ry
     estimated scf accuracy    <       5.78478922 Ry

     iteration #  9     ecut=    71.00 Ry     beta= 0.20
     Davidson diagonalization with overlap

---- Real-time Memory Report at c_bands before calling an iterative solver
          3937 MiB given to the printing process from OS
          2012 MiB allocation reported by mallinfo(arena+hblkhd)
        425602 MiB available memory on the node where the printing process lives
------------------
     ethr =  1.35E-04,  avg # of iterations =  2.0

     negative rho (up, down):  1.031E-07 0.000E+00

     total cpu time spent up to now is      614.7 secs

     total energy              =  -11889.49424638 Ry
     estimated scf accuracy    <       3.92372841 Ry

     iteration # 10     ecut=    71.00 Ry     beta= 0.20
     Davidson diagonalization with overlap

---- Real-time Memory Report at c_bands before calling an iterative solver
          3937 MiB given to the printing process from OS
          2027 MiB allocation reported by mallinfo(arena+hblkhd)
        413501 MiB available memory on the node where the printing process lives
------------------
     ethr =  1.35E-04,  avg # of iterations =  1.0

     negative rho (up, down):  2.395E-06 0.000E+00

     total cpu time spent up to now is      655.8 secs

     total energy              =  -11888.45436237 Ry
     estimated scf accuracy    <       4.97039153 Ry

     iteration # 11     ecut=    71.00 Ry     beta= 0.20
     Davidson diagonalization with overlap

---- Real-time Memory Report at c_bands before calling an iterative solver
          3937 MiB given to the printing process from OS
          2027 MiB allocation reported by mallinfo(arena+hblkhd)
        412295 MiB available memory on the node where the printing process lives
------------------
     ethr =  1.35E-04,  avg # of iterations =  2.5

     negative rho (up, down):  1.331E-02 0.000E+00

     total cpu time spent up to now is      701.4 secs

     total energy              =  -11888.07540529 Ry
     estimated scf accuracy    <       2.86270079 Ry

     iteration # 12     ecut=    71.00 Ry     beta= 0.20
     Davidson diagonalization with overlap

---- Real-time Memory Report at c_bands before calling an iterative solver
          3937 MiB given to the printing process from OS
          2027 MiB allocation reported by mallinfo(arena+hblkhd)
        392633 MiB available memory on the node where the printing process lives
------------------
     ethr =  1.35E-04,  avg # of iterations =  6.8

     negative rho (up, down):  4.995E-06 0.000E+00

     total cpu time spent up to now is      764.0 secs

     total energy              =  -11888.39426489 Ry
     estimated scf accuracy    <       0.62609998 Ry

     iteration # 13     ecut=    71.00 Ry     beta= 0.20
     Davidson diagonalization with overlap

---- Real-time Memory Report at c_bands before calling an iterative solver
          3969 MiB given to the printing process from OS
          2027 MiB allocation reported by mallinfo(arena+hblkhd)
        388910 MiB available memory on the node where the printing process lives
------------------
     ethr =  1.00E-04,  avg # of iterations =  2.0

     negative rho (up, down):  4.163E-07 0.000E+00

     total cpu time spent up to now is      810.5 secs

     total energy              =  -11888.40188509 Ry
     estimated scf accuracy    <       0.50982155 Ry

     iteration # 14     ecut=    71.00 Ry     beta= 0.20
     Davidson diagonalization with overlap

---- Real-time Memory Report at c_bands before calling an iterative solver
          3969 MiB given to the printing process from OS
          2027 MiB allocation reported by mallinfo(arena+hblkhd)
        442828 MiB available memory on the node where the printing process lives
------------------
     ethr =  8.17E-05,  avg # of iterations =  2.0

     negative rho (up, down):  1.269E-07 0.000E+00

     total cpu time spent up to now is      854.8 secs

     total energy              =  -11888.86644175 Ry
     estimated scf accuracy    <       0.49039976 Ry

     iteration # 15     ecut=    71.00 Ry     beta= 0.20
     Davidson diagonalization with overlap

---- Real-time Memory Report at c_bands before calling an iterative solver
          3969 MiB given to the printing process from OS
          2027 MiB allocation reported by mallinfo(arena+hblkhd)
        441115 MiB available memory on the node where the printing process lives
------------------
     ethr =  7.86E-05,  avg # of iterations =  5.8

     negative rho (up, down):  2.010E-07 0.000E+00

     total cpu time spent up to now is      919.4 secs

     total energy              =  -11889.08158982 Ry
     estimated scf accuracy    <       2.43422076 Ry

     iteration # 16     ecut=    71.00 Ry     beta= 0.20
     Davidson diagonalization with overlap

---- Real-time Memory Report at c_bands before calling an iterative solver
          3969 MiB given to the printing process from OS
          2027 MiB allocation reported by mallinfo(arena+hblkhd)
        428357 MiB available memory on the node where the printing process lives
------------------
     ethr =  7.86E-05,  avg # of iterations =  1.8

     total cpu time spent up to now is      962.2 secs

     total energy              =  -11889.16147470 Ry
     estimated scf accuracy    <       2.61549580 Ry

     iteration # 17     ecut=    71.00 Ry     beta= 0.20
     Davidson diagonalization with overlap

---- Real-time Memory Report at c_bands before calling an iterative solver
          3969 MiB given to the printing process from OS
          2027 MiB allocation reported by mallinfo(arena+hblkhd)
        424221 MiB available memory on the node where the printing process lives
------------------
     ethr =  7.86E-05,  avg # of iterations =  2.0

     negative rho (up, down):  1.446E-03 0.000E+00

     total cpu time spent up to now is     1008.2 secs

     total energy              =  -11888.34584658 Ry
     estimated scf accuracy    <       2.92534812 Ry

     iteration # 18     ecut=    71.00 Ry     beta= 0.20
     Davidson diagonalization with overlap

---- Real-time Memory Report at c_bands before calling an iterative solver
          3969 MiB given to the printing process from OS
          2027 MiB allocation reported by mallinfo(arena+hblkhd)
        426960 MiB available memory on the node where the printing process lives
------------------
     ethr =  7.86E-05,  avg # of iterations =  5.0

     negative rho (up, down):  2.332E-02 0.000E+00

     total cpu time spent up to now is     1063.1 secs

     total energy              =  -11888.47225008 Ry
     estimated scf accuracy    <       1.11450746 Ry

     iteration # 19     ecut=    71.00 Ry     beta= 0.20
     Davidson diagonalization with overlap

---- Real-time Memory Report at c_bands before calling an iterative solver
          3969 MiB given to the printing process from OS
          2027 MiB allocation reported by mallinfo(arena+hblkhd)
        425727 MiB available memory on the node where the printing process lives
------------------
     ethr =  7.86E-05,  avg # of iterations =  2.0

     negative rho (up, down):  8.534E-02 0.000E+00

     total cpu time spent up to now is     1108.3 secs

     total energy              =  -11888.24263883 Ry
     estimated scf accuracy    <       1.09742116 Ry

     iteration # 20     ecut=    71.00 Ry     beta= 0.20
     Davidson diagonalization with overlap

---- Real-time Memory Report at c_bands before calling an iterative solver
          3969 MiB given to the printing process from OS
          2027 MiB allocation reported by mallinfo(arena+hblkhd)
        433209 MiB available memory on the node where the printing process lives
------------------
     ethr =  7.86E-05,  avg # of iterations =  4.0

     negative rho (up, down):  1.432E-01 0.000E+00

     total cpu time spent up to now is     1158.7 secs

     total energy              =  -11888.12495169 Ry
     estimated scf accuracy    <       0.44015528 Ry

     iteration # 21     ecut=    71.00 Ry     beta= 0.20
     Davidson diagonalization with overlap

---- Real-time Memory Report at c_bands before calling an iterative solver
          3969 MiB given to the printing process from OS
          2027 MiB allocation reported by mallinfo(arena+hblkhd)
        433995 MiB available memory on the node where the printing process lives
------------------
     ethr =  7.05E-05,  avg # of iterations = 15.8

     negative rho (up, down):  6.602E-02 0.000E+00

     total cpu time spent up to now is     1246.0 secs

     total energy              =  -11888.32371258 Ry
     estimated scf accuracy    <       0.22794845 Ry

     iteration # 22     ecut=    71.00 Ry     beta= 0.20
     Davidson diagonalization with overlap

---- Real-time Memory Report at c_bands before calling an iterative solver
          3969 MiB given to the printing process from OS
          2027 MiB allocation reported by mallinfo(arena+hblkhd)
        409154 MiB available memory on the node where the printing process lives
------------------
     ethr =  3.65E-05,  avg # of iterations =  3.0

     negative rho (up, down):  5.675E-02 0.000E+00

     total cpu time spent up to now is     1294.0 secs

     total energy              =  -11888.33574416 Ry
     estimated scf accuracy    <       0.17114436 Ry

     iteration # 23     ecut=    71.00 Ry     beta= 0.20
     Davidson diagonalization with overlap

---- Real-time Memory Report at c_bands before calling an iterative solver
          3969 MiB given to the printing process from OS
          2027 MiB allocation reported by mallinfo(arena+hblkhd)
        422452 MiB available memory on the node where the printing process lives
------------------
     ethr =  2.74E-05,  avg # of iterations =  2.0

     negative rho (up, down):  7.174E-02 0.000E+00

     total cpu time spent up to now is     1339.0 secs

     total energy              =  -11888.32356212 Ry
     estimated scf accuracy    <       0.16560381 Ry

     iteration # 24     ecut=    71.00 Ry     beta= 0.20
     Davidson diagonalization with overlap

---- Real-time Memory Report at c_bands before calling an iterative solver
          3969 MiB given to the printing process from OS
          2027 MiB allocation reported by mallinfo(arena+hblkhd)
        428687 MiB available memory on the node where the printing process lives
------------------
     ethr =  2.65E-05,  avg # of iterations =  2.0

     negative rho (up, down):  1.314E-01 0.000E+00

     total cpu time spent up to now is     1387.0 secs

     total energy              =  -11888.28190448 Ry
     estimated scf accuracy    <       0.14023787 Ry

     iteration # 25     ecut=    71.00 Ry     beta= 0.20
     Davidson diagonalization with overlap

---- Real-time Memory Report at c_bands before calling an iterative solver
          3969 MiB given to the printing process from OS
          2027 MiB allocation reported by mallinfo(arena+hblkhd)
        420945 MiB available memory on the node where the printing process lives
------------------
     ethr =  2.25E-05,  avg # of iterations = 17.0

     negative rho (up, down):  1.113E-01 0.000E+00

     total cpu time spent up to now is     1461.6 secs

     total energy              =  -11888.29412046 Ry
     estimated scf accuracy    <       0.07571295 Ry

     iteration # 26     ecut=    71.00 Ry     beta= 0.20
     Davidson diagonalization with overlap

---- Real-time Memory Report at c_bands before calling an iterative solver
          3969 MiB given to the printing process from OS
          2027 MiB allocation reported by mallinfo(arena+hblkhd)
        438246 MiB available memory on the node where the printing process lives
------------------
     ethr =  1.21E-05,  avg # of iterations =  9.5

     negative rho (up, down):  1.135E-01 0.000E+00

     total cpu time spent up to now is     1529.6 secs

     total energy              =  -11888.28329187 Ry
     estimated scf accuracy    <       0.06366840 Ry

     iteration # 27     ecut=    71.00 Ry     beta= 0.20
     Davidson diagonalization with overlap

---- Real-time Memory Report at c_bands before calling an iterative solver
          3969 MiB given to the printing process from OS
          2027 MiB allocation reported by mallinfo(arena+hblkhd)
        443184 MiB available memory on the node where the printing process lives
------------------
     ethr =  1.02E-05,  avg # of iterations = 10.8

     negative rho (up, down):  1.241E-01 0.000E+00

     total cpu time spent up to now is     1599.4 secs

     total energy              =  -11888.29584021 Ry
     estimated scf accuracy    <       0.03129540 Ry

     iteration # 28     ecut=    71.00 Ry     beta= 0.20
     Davidson diagonalization with overlap

---- Real-time Memory Report at c_bands before calling an iterative solver
          3969 MiB given to the printing process from OS
          2027 MiB allocation reported by mallinfo(arena+hblkhd)
        444882 MiB available memory on the node where the printing process lives
------------------
     ethr =  5.02E-06,  avg # of iterations =  2.0

     negative rho (up, down):  8.732E-02 0.000E+00

     total cpu time spent up to now is     1648.2 secs

     total energy              =  -11888.29381528 Ry
     estimated scf accuracy    <       0.01667861 Ry

     iteration # 29     ecut=    71.00 Ry     beta= 0.20
     Davidson diagonalization with overlap

---- Real-time Memory Report at c_bands before calling an iterative solver
          3969 MiB given to the printing process from OS
          2027 MiB allocation reported by mallinfo(arena+hblkhd)
        450606 MiB available memory on the node where the printing process lives
------------------
     c_bands:  4 eigenvalues not converged
     ethr =  2.67E-06,  avg # of iterations = 20.0

     negative rho (up, down):  7.335E-02 0.000E+00

     total cpu time spent up to now is     1760.1 secs

     total energy              =  -11888.28193416 Ry
     estimated scf accuracy    <       0.06760499 Ry

     iteration # 30     ecut=    71.00 Ry     beta= 0.20
     Davidson diagonalization with overlap

---- Real-time Memory Report at c_bands before calling an iterative solver
          3969 MiB given to the printing process from OS
          2027 MiB allocation reported by mallinfo(arena+hblkhd)
        436265 MiB available memory on the node where the printing process lives
------------------
     c_bands:  2 eigenvalues not converged
     ethr =  2.67E-06,  avg # of iterations = 20.0

     negative rho (up, down):  6.258E-02 0.000E+00

     total cpu time spent up to now is     1863.0 secs

     total energy              =  -11888.29990743 Ry
     estimated scf accuracy    <       0.02691681 Ry

     iteration # 31     ecut=    71.00 Ry     beta= 0.20
     Davidson diagonalization with overlap

---- Real-time Memory Report at c_bands before calling an iterative solver
          3969 MiB given to the printing process from OS
          2027 MiB allocation reported by mallinfo(arena+hblkhd)
        424378 MiB available memory on the node where the printing process lives
------------------
     ethr =  2.67E-06,  avg # of iterations =  2.0

     negative rho (up, down):  3.000E-02 0.000E+00

     total cpu time spent up to now is     1907.6 secs

     total energy              =  -11888.29597245 Ry
     estimated scf accuracy    <       0.02238737 Ry

     iteration # 32     ecut=    71.00 Ry     beta= 0.20
     Davidson diagonalization with overlap

---- Real-time Memory Report at c_bands before calling an iterative solver
          3969 MiB given to the printing process from OS
          2027 MiB allocation reported by mallinfo(arena+hblkhd)
        434518 MiB available memory on the node where the printing process lives
------------------
     c_bands:  1 eigenvalues not converged
     ethr =  2.67E-06,  avg # of iterations = 19.8

     negative rho (up, down):  4.944E-02 0.000E+00

     total cpu time spent up to now is     1982.8 secs

     total energy              =  -11888.28523344 Ry
     estimated scf accuracy    <       0.02686628 Ry

     iteration # 33     ecut=    71.00 Ry     beta= 0.20
     Davidson diagonalization with overlap

---- Real-time Memory Report at c_bands before calling an iterative solver
          3969 MiB given to the printing process from OS
          2027 MiB allocation reported by mallinfo(arena+hblkhd)
        487896 MiB available memory on the node where the printing process lives
------------------
     c_bands:  1 eigenvalues not converged
     ethr =  2.67E-06,  avg # of iterations = 19.8

     negative rho (up, down):  2.812E-02 0.000E+00

     total cpu time spent up to now is     2070.7 secs

     total energy              =  -11888.29303177 Ry
     estimated scf accuracy    <       0.00756205 Ry

     iteration # 34     ecut=    71.00 Ry     beta= 0.20
     Davidson diagonalization with overlap

---- Real-time Memory Report at c_bands before calling an iterative solver
          3970 MiB given to the printing process from OS
          2027 MiB allocation reported by mallinfo(arena+hblkhd)
        521359 MiB available memory on the node where the printing process lives
------------------
     ethr =  1.21E-06,  avg # of iterations = 16.8

     negative rho (up, down):  5.392E-03 0.000E+00

     total cpu time spent up to now is     2137.1 secs

     total energy              =  -11888.29222097 Ry
     estimated scf accuracy    <       0.00779610 Ry

     iteration # 35     ecut=    71.00 Ry     beta= 0.20
     Davidson diagonalization with overlap

---- Real-time Memory Report at c_bands before calling an iterative solver
          3970 MiB given to the printing process from OS
          2027 MiB allocation reported by mallinfo(arena+hblkhd)
        496688 MiB available memory on the node where the printing process lives
------------------
     ethr =  1.21E-06,  avg # of iterations = 16.8

     negative rho (up, down):  3.191E-03 0.000E+00

     total cpu time spent up to now is     2195.6 secs

     total energy              =  -11888.29170682 Ry
     estimated scf accuracy    <       0.00336180 Ry

     iteration # 36     ecut=    71.00 Ry     beta= 0.20
     Davidson diagonalization with overlap

---- Real-time Memory Report at c_bands before calling an iterative solver
          3970 MiB given to the printing process from OS
          2027 MiB allocation reported by mallinfo(arena+hblkhd)
        525741 MiB available memory on the node where the printing process lives
------------------
     ethr =  5.39E-07,  avg # of iterations = 18.2

     negative rho (up, down):  2.922E-03 0.000E+00

     total cpu time spent up to now is     2281.0 secs

     total energy              =  -11888.29326527 Ry
     estimated scf accuracy    <       0.00862870 Ry

     iteration # 37     ecut=    71.00 Ry     beta= 0.20
     Davidson diagonalization with overlap

---- Real-time Memory Report at c_bands before calling an iterative solver
          3970 MiB given to the printing process from OS
          2027 MiB allocation reported by mallinfo(arena+hblkhd)
        524295 MiB available memory on the node where the printing process lives
------------------
     ethr =  5.39E-07,  avg # of iterations =  2.0

     negative rho (up, down):  4.990E-03 0.000E+00

     total cpu time spent up to now is     2329.7 secs

     total energy              =  -11888.28998125 Ry
     estimated scf accuracy    <       0.00561215 Ry

     iteration # 38     ecut=    71.00 Ry     beta= 0.20
     Davidson diagonalization with overlap

---- Real-time Memory Report at c_bands before calling an iterative solver
          3970 MiB given to the printing process from OS
          2027 MiB allocation reported by mallinfo(arena+hblkhd)
        544515 MiB available memory on the node where the printing process lives
------------------
     ethr =  5.39E-07,  avg # of iterations = 19.0

     negative rho (up, down):  3.310E-03 0.000E+00

     total cpu time spent up to now is     2431.0 secs

     total energy              =  -11888.29277998 Ry
     estimated scf accuracy    <       0.00507526 Ry

     iteration # 39     ecut=    71.00 Ry     beta= 0.20
     Davidson diagonalization with overlap

---- Real-time Memory Report at c_bands before calling an iterative solver
          3971 MiB given to the printing process from OS
          2027 MiB allocation reported by mallinfo(arena+hblkhd)
        528067 MiB available memory on the node where the printing process lives
------------------
     ethr =  5.39E-07,  avg # of iterations = 11.0

     negative rho (up, down):  5.789E-03 0.000E+00

     total cpu time spent up to now is     2485.4 secs

     total energy              =  -11888.29154540 Ry
     estimated scf accuracy    <       0.00260643 Ry

     iteration # 40     ecut=    71.00 Ry     beta= 0.20
     Davidson diagonalization with overlap

---- Real-time Memory Report at c_bands before calling an iterative solver
          3971 MiB given to the printing process from OS
          2027 MiB allocation reported by mallinfo(arena+hblkhd)
        534598 MiB available memory on the node where the printing process lives
------------------
     ethr =  4.18E-07,  avg # of iterations =  6.8

     negative rho (up, down):  4.633E-03 0.000E+00

     total cpu time spent up to now is     2561.9 secs

     total energy              =  -11888.29258655 Ry
     estimated scf accuracy    <       0.00049105 Ry

     iteration # 41     ecut=    71.00 Ry     beta= 0.20
     Davidson diagonalization with overlap

---- Real-time Memory Report at c_bands before calling an iterative solver
          3971 MiB given to the printing process from OS
          2027 MiB allocation reported by mallinfo(arena+hblkhd)
        539940 MiB available memory on the node where the printing process lives
------------------
     ethr =  7.87E-08,  avg # of iterations =  2.0

     negative rho (up, down):  2.538E-03 0.000E+00

     total cpu time spent up to now is     2619.4 secs

     total energy              =  -11888.29261914 Ry
     estimated scf accuracy    <       0.00016407 Ry

     iteration # 42     ecut=    71.00 Ry     beta= 0.20
     Davidson diagonalization with overlap

---- Real-time Memory Report at c_bands before calling an iterative solver
          3971 MiB given to the printing process from OS
          2027 MiB allocation reported by mallinfo(arena+hblkhd)
        541556 MiB available memory on the node where the printing process lives
------------------
     ethr =  2.63E-08,  avg # of iterations =  9.0

     negative rho (up, down):  2.339E-03 0.000E+00

     total cpu time spent up to now is     2704.1 secs

     total energy              =  -11888.29269062 Ry
     estimated scf accuracy    <       0.00009363 Ry

     iteration # 43     ecut=    71.00 Ry     beta= 0.20
     Davidson diagonalization with overlap

---- Real-time Memory Report at c_bands before calling an iterative solver
          3971 MiB given to the printing process from OS
          2027 MiB allocation reported by mallinfo(arena+hblkhd)
        453889 MiB available memory on the node where the printing process lives
------------------
     ethr =  1.50E-08,  avg # of iterations =  5.2

     negative rho (up, down):  2.266E-03 0.000E+00

     total cpu time spent up to now is     2757.7 secs

     total energy              =  -11888.29268407 Ry
     estimated scf accuracy    <       0.00002551 Ry

     iteration # 44     ecut=    71.00 Ry     beta= 0.20
     Davidson diagonalization with overlap

---- Real-time Memory Report at c_bands before calling an iterative solver
          3971 MiB given to the printing process from OS
          2027 MiB allocation reported by mallinfo(arena+hblkhd)
        464718 MiB available memory on the node where the printing process lives
------------------
     ethr =  4.09E-09,  avg # of iterations =  5.0

     negative rho (up, down):  2.633E-03 0.000E+00

     total cpu time spent up to now is     2834.3 secs

     total energy              =  -11888.29268820 Ry
     estimated scf accuracy    <       0.00003063 Ry

     iteration # 45     ecut=    71.00 Ry     beta= 0.20
     Davidson diagonalization with overlap

---- Real-time Memory Report at c_bands before calling an iterative solver
          3971 MiB given to the printing process from OS
          2027 MiB allocation reported by mallinfo(arena+hblkhd)
        480144 MiB available memory on the node where the printing process lives
------------------
     ethr =  4.09E-09,  avg # of iterations =  6.0

     negative rho (up, down):  2.496E-03 0.000E+00

     total cpu time spent up to now is     2921.0 secs

     total energy              =  -11888.29269761 Ry
     estimated scf accuracy    <       0.00004811 Ry

     iteration # 46     ecut=    71.00 Ry     beta= 0.20
     Davidson diagonalization with overlap

---- Real-time Memory Report at c_bands before calling an iterative solver
          3971 MiB given to the printing process from OS
          2027 MiB allocation reported by mallinfo(arena+hblkhd)
        519314 MiB available memory on the node where the printing process lives
------------------
     ethr =  4.09E-09,  avg # of iterations =  2.0

     negative rho (up, down):  2.422E-03 0.000E+00

     total cpu time spent up to now is     2967.7 secs

     total energy              =  -11888.29269503 Ry
     estimated scf accuracy    <       0.00001510 Ry

     iteration # 47     ecut=    71.00 Ry     beta= 0.20
     Davidson diagonalization with overlap

---- Real-time Memory Report at c_bands before calling an iterative solver
          3971 MiB given to the printing process from OS
          2027 MiB allocation reported by mallinfo(arena+hblkhd)
        509099 MiB available memory on the node where the printing process lives
------------------
     ethr =  2.42E-09,  avg # of iterations =  4.2

     negative rho (up, down):  2.305E-03 0.000E+00

     total cpu time spent up to now is     3034.9 secs

     total energy              =  -11888.29270272 Ry
     estimated scf accuracy    <       0.00000232 Ry

     iteration # 48     ecut=    71.00 Ry     beta= 0.20
     Davidson diagonalization with overlap

---- Real-time Memory Report at c_bands before calling an iterative solver
          3971 MiB given to the printing process from OS
          2027 MiB allocation reported by mallinfo(arena+hblkhd)
        529308 MiB available memory on the node where the printing process lives
------------------
     ethr =  3.72E-10,  avg # of iterations =  5.0

     negative rho (up, down):  1.957E-03 0.000E+00

     total cpu time spent up to now is     3087.7 secs

     total energy              =  -11888.29270253 Ry
     estimated scf accuracy    <       0.00000077 Ry

     iteration # 49     ecut=    71.00 Ry     beta= 0.20
     Davidson diagonalization with overlap

---- Real-time Memory Report at c_bands before calling an iterative solver
          3971 MiB given to the printing process from OS
          2027 MiB allocation reported by mallinfo(arena+hblkhd)
        528541 MiB available memory on the node where the printing process lives
------------------
     ethr =  1.23E-10,  avg # of iterations =  5.0

     negative rho (up, down):  1.704E-03 0.000E+00

     total cpu time spent up to now is     3158.9 secs

     total energy              =  -11888.29270273 Ry
     estimated scf accuracy    <       0.00000097 Ry

     iteration # 50     ecut=    71.00 Ry     beta= 0.20
     Davidson diagonalization with overlap

---- Real-time Memory Report at c_bands before calling an iterative solver
          3971 MiB given to the printing process from OS
          2027 MiB allocation reported by mallinfo(arena+hblkhd)
        524610 MiB available memory on the node where the printing process lives
------------------
     ethr =  1.23E-10,  avg # of iterations =  5.0

     negative rho (up, down):  1.511E-03 0.000E+00

     total cpu time spent up to now is     3230.6 secs

     total energy              =  -11888.29270273 Ry
     estimated scf accuracy    <       0.00000159 Ry

     iteration # 51     ecut=    71.00 Ry     beta= 0.20
     Davidson diagonalization with overlap

---- Real-time Memory Report at c_bands before calling an iterative solver
          3971 MiB given to the printing process from OS
          2027 MiB allocation reported by mallinfo(arena+hblkhd)
        497367 MiB available memory on the node where the printing process lives
------------------
     ethr =  1.23E-10,  avg # of iterations =  3.0

     negative rho (up, down):  1.499E-03 0.000E+00

     total cpu time spent up to now is     3278.9 secs

     total energy              =  -11888.29270274 Ry
     estimated scf accuracy    <       0.00000055 Ry

     iteration # 52     ecut=    71.00 Ry     beta= 0.20
     Davidson diagonalization with overlap

---- Real-time Memory Report at c_bands before calling an iterative solver
          3971 MiB given to the printing process from OS
          2027 MiB allocation reported by mallinfo(arena+hblkhd)
        480283 MiB available memory on the node where the printing process lives
------------------
     ethr =  8.83E-11,  avg # of iterations =  5.2

     negative rho (up, down):  1.529E-03 0.000E+00

     total cpu time spent up to now is     3332.8 secs

     total energy              =  -11888.29270272 Ry
     estimated scf accuracy    <       0.00000021 Ry

     iteration # 53     ecut=    71.00 Ry     beta= 0.20
     Davidson diagonalization with overlap

---- Real-time Memory Report at c_bands before calling an iterative solver
          3971 MiB given to the printing process from OS
          2027 MiB allocation reported by mallinfo(arena+hblkhd)
        509423 MiB available memory on the node where the printing process lives
------------------
     ethr =  3.40E-11,  avg # of iterations =  6.8

     negative rho (up, down):  1.578E-03 0.000E+00

     total cpu time spent up to now is     3420.9 secs

     total energy              =  -11888.29270278 Ry
     estimated scf accuracy    <       0.00000019 Ry

     iteration # 54     ecut=    71.00 Ry     beta= 0.20
     Davidson diagonalization with overlap

---- Real-time Memory Report at c_bands before calling an iterative solver
          3971 MiB given to the printing process from OS
          2027 MiB allocation reported by mallinfo(arena+hblkhd)
        455727 MiB available memory on the node where the printing process lives
------------------
     ethr =  3.11E-11,  avg # of iterations =  5.8

     negative rho (up, down):  1.595E-03 0.000E+00

     total cpu time spent up to now is     3487.2 secs

     total energy              =  -11888.29270283 Ry
     estimated scf accuracy    <       0.00000011 Ry

     iteration # 55     ecut=    71.00 Ry     beta= 0.20
     Davidson diagonalization with overlap

---- Real-time Memory Report at c_bands before calling an iterative solver
          3971 MiB given to the printing process from OS
          2027 MiB allocation reported by mallinfo(arena+hblkhd)
        491154 MiB available memory on the node where the printing process lives
------------------
     ethr =  1.75E-11,  avg # of iterations =  4.5

     negative rho (up, down):  1.608E-03 0.000E+00

     total cpu time spent up to now is     3537.3 secs

     total energy              =  -11888.29270282 Ry
     estimated scf accuracy    <       0.00000008 Ry

     iteration # 56     ecut=    71.00 Ry     beta= 0.20
     Davidson diagonalization with overlap

---- Real-time Memory Report at c_bands before calling an iterative solver
          3971 MiB given to the printing process from OS
          2027 MiB allocation reported by mallinfo(arena+hblkhd)
        490382 MiB available memory on the node where the printing process lives
------------------
     ethr =  1.33E-11,  avg # of iterations =  2.0

     negative rho (up, down):  1.619E-03 0.000E+00

     total cpu time spent up to now is     3586.9 secs

     total energy              =  -11888.29270282 Ry
     estimated scf accuracy    <       0.00000005 Ry

     iteration # 57     ecut=    71.00 Ry     beta= 0.20
     Davidson diagonalization with overlap

---- Real-time Memory Report at c_bands before calling an iterative solver
          3971 MiB given to the printing process from OS
          2027 MiB allocation reported by mallinfo(arena+hblkhd)
        476755 MiB available memory on the node where the printing process lives
------------------
     ethr =  8.15E-12,  avg # of iterations =  2.0

     negative rho (up, down):  1.627E-03 0.000E+00

     total cpu time spent up to now is     3635.4 secs

     total energy              =  -11888.29270283 Ry
     estimated scf accuracy    <       0.00000003 Ry

     iteration # 58     ecut=    71.00 Ry     beta= 0.20
     Davidson diagonalization with overlap

---- Real-time Memory Report at c_bands before calling an iterative solver
          3971 MiB given to the printing process from OS
          2027 MiB allocation reported by mallinfo(arena+hblkhd)
        468541 MiB available memory on the node where the printing process lives
------------------
     ethr =  4.66E-12,  avg # of iterations =  4.5

     negative rho (up, down):  1.643E-03 0.000E+00

     total cpu time spent up to now is     3704.5 secs

     total energy              =  -11888.29270284 Ry
     estimated scf accuracy    <       0.00000002 Ry

     iteration # 59     ecut=    71.00 Ry     beta= 0.20
     Davidson diagonalization with overlap

---- Real-time Memory Report at c_bands before calling an iterative solver
          3971 MiB given to the printing process from OS
          2027 MiB allocation reported by mallinfo(arena+hblkhd)
        470310 MiB available memory on the node where the printing process lives
------------------
     ethr =  3.39E-12,  avg # of iterations =  5.8

     negative rho (up, down):  1.674E-03 0.000E+00

     total cpu time spent up to now is     3774.3 secs

     total energy              =  -11888.29270285 Ry
     estimated scf accuracy    <       0.00000003 Ry

     iteration # 60     ecut=    71.00 Ry     beta= 0.20
     Davidson diagonalization with overlap

---- Real-time Memory Report at c_bands before calling an iterative solver
          3971 MiB given to the printing process from OS
          2027 MiB allocation reported by mallinfo(arena+hblkhd)
        472194 MiB available memory on the node where the printing process lives
------------------
     ethr =  3.39E-12,  avg # of iterations =  7.5

     negative rho (up, down):  1.670E-03 0.000E+00

     total cpu time spent up to now is     3862.2 secs

     total energy              =  -11888.29270287 Ry
     estimated scf accuracy    <       0.00000018 Ry

     iteration # 61     ecut=    71.00 Ry     beta= 0.20
     Davidson diagonalization with overlap

---- Real-time Memory Report at c_bands before calling an iterative solver
          3971 MiB given to the printing process from OS
          2027 MiB allocation reported by mallinfo(arena+hblkhd)
        467696 MiB available memory on the node where the printing process lives
------------------
     ethr =  3.39E-12,  avg # of iterations =  2.0

     negative rho (up, down):  1.666E-03 0.000E+00

     total cpu time spent up to now is     3910.8 secs

     total energy              =  -11888.29270282 Ry
     estimated scf accuracy    <       0.00000014 Ry

     iteration # 62     ecut=    71.00 Ry     beta= 0.20
     Davidson diagonalization with overlap

---- Real-time Memory Report at c_bands before calling an iterative solver
          3971 MiB given to the printing process from OS
          2027 MiB allocation reported by mallinfo(arena+hblkhd)
        487430 MiB available memory on the node where the printing process lives
------------------
     ethr =  3.39E-12,  avg # of iterations =  5.5

     negative rho (up, down):  1.673E-03 0.000E+00

     total cpu time spent up to now is     3986.1 secs

     total energy              =  -11888.29270282 Ry
     estimated scf accuracy    <       0.00000002 Ry

     iteration # 63     ecut=    71.00 Ry     beta= 0.20
     Davidson diagonalization with overlap

---- Real-time Memory Report at c_bands before calling an iterative solver
          3971 MiB given to the printing process from OS
          2027 MiB allocation reported by mallinfo(arena+hblkhd)
        538549 MiB available memory on the node where the printing process lives
------------------
     ethr =  3.20E-12,  avg # of iterations =  5.2

     negative rho (up, down):  1.696E-03 0.000E+00

     total cpu time spent up to now is     4062.4 secs

     total energy              =  -11888.29270283 Ry
     estimated scf accuracy    <       0.00000001 Ry

     iteration # 64     ecut=    71.00 Ry     beta= 0.20
     Davidson diagonalization with overlap

---- Real-time Memory Report at c_bands before calling an iterative solver
          3971 MiB given to the printing process from OS
          2027 MiB allocation reported by mallinfo(arena+hblkhd)
        548159 MiB available memory on the node where the printing process lives
------------------
     ethr =  1.81E-12,  avg # of iterations =  4.8

     negative rho (up, down):  1.699E-03 0.000E+00

     total cpu time spent up to now is     4112.7 secs

     End of self-consistent calculation

          k = 0.0000 0.0000 0.0000 (252433 PWs)   bands (ev):

   -19.5807 -19.5452 -19.4143 -19.4126 -19.3698 -19.3683 -19.3586 -19.3556
   -19.2570 -19.2561 -19.2178 -19.2055 -19.1691 -19.1633 -19.1260 -19.1250
   -19.0494 -19.0098 -19.0092 -18.9477 -18.9470 -18.9467 -18.9431 -18.9100
   -18.8962 -18.8757 -18.8048 -18.7989 -18.7867 -18.7751 -18.7587 -18.5971
   -18.5806 -18.5802 -18.5617 -18.5479 -18.5477 -18.5132 -18.5011 -18.4803
   -18.4320 -18.4317 -18.3820 -18.3663 -18.3616 -18.3598 -18.3393 -18.2312
   -14.3117 -14.3064 -14.2829 -14.2815 -14.2812 -14.2680 -14.2570 -14.2423
   -14.2332 -14.2320 -14.2283 -14.2231 -14.2208 -14.2200 -14.2152 -14.2084
   -14.2047 -14.1996 -14.1885 -14.1822 -14.1760 -14.1724 -14.1597 -14.1589
   -14.1588 -14.1515 -14.1481 -14.1427 -14.1397 -14.1389 -14.1323 -14.1262
   -14.1211 -14.1209 -14.1165 -14.1141 -14.1066 -14.0955 -14.0824 -14.0627
   -14.0603 -14.0528 -14.0498 -14.0398 -14.0355 -14.0335 -14.0307 -14.0245
   -14.0243 -14.0215 -14.0182 -14.0103 -14.0005 -13.9971 -13.9942 -13.9923
   -13.9885 -13.9832 -13.9730 -13.9699 -13.9651 -13.9604 -13.9594 -13.9567
   -13.9523 -13.9515 -13.9435 -13.9394 -13.9380 -13.9378 -13.9365 -13.9350
   -13.9334 -13.9279 -13.9227 -13.9165 -13.9156 -13.9051 -13.9042 -13.9040
   -13.8978 -13.8962 -13.8936 -13.8818 -13.8797 -13.8749 -13.8730 -13.8716
   -13.8663 -13.8643 -13.8576 -13.8576 -13.8540 -13.8479 -13.8435 -13.8393
   -13.8263 -13.8242 -13.8039 -13.7920 -13.7803 -13.7799 -13.7295 -13.6998
   -13.6232 -13.6057 -13.6036 -13.5319 -13.4954 -13.4744 -13.4202 -13.4141
   -13.3701 -13.3124 -13.2600 -13.2500 -13.2276 -13.1562 -13.1293 -13.0664
    -7.8858  -7.7231  -7.6998  -7.6381  -7.6353  -7.6256  -7.6211  -7.5021
    -7.4015  -7.3597  -7.3199  -7.2632  -7.2452  -7.1290  -7.1043  -7.0580
    -6.9908  -6.8563  -6.8241  -6.7215  -6.7119  -6.7052  -6.6799  -6.5991
    -6.5216  -6.3038  -6.2880  -6.2692  -6.2622  -6.2586  -6.1556  -6.0377
    -6.0078  -5.7560  -5.5240  -5.4867  -5.4459  -5.4286  -5.2518  -5.2355
    -5.2264  -5.1134  -5.0857  -5.0663  -5.0361  -5.0332  -5.0177  -4.9975
    -4.9457  -4.7262  -4.7143  -4.6239  -4.5609  -4.5477  -4.5185  -4.4882
    -4.4862  -4.4676  -4.3570  -4.3100  -4.3002  -4.1769  -4.0802  -4.0498
    -4.0377  -3.7949  -3.7730  -3.7534  -3.7381  -3.7110  -3.6989  -3.6401
    -3.6134  -3.6024  -3.5915  -3.5852  -3.5312  -3.5159  -3.4753  -3.4387
    -3.4060  -3.3802  -3.3739  -3.3523  -3.3049  -3.3001  -3.2796  -3.2766
    -3.1701  -3.1293  -3.1229  -3.0512  -3.0070  -2.9687  -2.9618  -2.9502
    -2.8817  -2.8646  -2.8527  -2.8004  -2.7926  -2.7298  -2.6284  -2.6129
    -2.5989  -2.5230  -2.4541  -2.4458  -2.4445  -2.3916  -2.3884  -2.3623
    -2.3597  -2.3209  -2.3043  -2.3017  -2.2763  -2.2624  -2.2239  -2.1916
    -2.1829  -2.1178  -2.1149  -2.1030  -2.0781  -2.0777  -2.0155  -1.9952
    -1.9019  -1.8328  -1.8196  -1.8131  -1.6912  -1.6784  -1.6160  -1.6102
    -1.5744  -1.5737  -1.3898  -1.3823  -1.3792  -1.3789  -1.3327  -1.3317
    -0.3164   1.2513   2.1162   2.2168   2.2171   2.2311   2.2392   2.6761
     2.9009   2.9304   2.9350   2.9446   2.9483   3.2614   3.3141   3.4519

     occupation numbers 
     1.0000   1.0000   1.0000   1.0000   1.0000   1.0000   1.0000   1.0000
     1.0000   1.0000   1.0000   1.0000   1.0000   1.0000   1.0000   1.0000
     1.0000   1.0000   1.0000   1.0000   1.0000   1.0000   1.0000   1.0000
     1.0000   1.0000   1.0000   1.0000   1.0000   1.0000   1.0000   1.0000
     1.0000   1.0000   1.0000   1.0000   1.0000   1.0000   1.0000   1.0000
     1.0000   1.0000   1.0000   1.0000   1.0000   1.0000   1.0000   1.0000
     1.0000   1.0000   1.0000   1.0000   1.0000   1.0000   1.0000   1.0000
     1.0000   1.0000   1.0000   1.0000   1.0000   1.0000   1.0000   1.0000
     1.0000   1.0000   1.0000   1.0000   1.0000   1.0000   1.0000   1.0000
     1.0000   1.0000   1.0000   1.0000   1.0000   1.0000   1.0000   1.0000
     1.0000   1.0000   1.0000   1.0000   1.0000   1.0000   1.0000   1.0000
     1.0000   1.0000   1.0000   1.0000   1.0000   1.0000   1.0000   1.0000
     1.0000   1.0000   1.0000   1.0000   1.0000   1.0000   1.0000   1.0000
     1.0000   1.0000   1.0000   1.0000   1.0000   1.0000   1.0000   1.0000
     1.0000   1.0000   1.0000   1.0000   1.0000   1.0000   1.0000   1.0000
     1.0000   1.0000   1.0000   1.0000   1.0000   1.0000   1.0000   1.0000
     1.0000   1.0000   1.0000   1.0000   1.0000   1.0000   1.0000   1.0000
     1.0000   1.0000   1.0000   1.0000   1.0000   1.0000   1.0000   1.0000
     1.0000   1.0000   1.0000   1.0000   1.0000   1.0000   1.0000   1.0000
     1.0000   1.0000   1.0000   1.0000   1.0000   1.0000   1.0000   1.0000
     1.0000   1.0000   1.0000   1.0000   1.0000   1.0000   1.0000   1.0000
     1.0000   1.0000   1.0000   1.0000   1.0000   1.0000   1.0000   1.0000
     1.0000   1.0000   1.0000   1.0000   1.0000   1.0000   1.0000   1.0000
     1.0000   1.0000   1.0000   1.0000   1.0000   1.0000   1.0000   1.0000
     1.0000   1.0000   1.0000   1.0000   1.0000   1.0000   1.0000   1.0000
     1.0000   1.0000   1.0000   1.0000   1.0000   1.0000   1.0000   1.0000
     1.0000   1.0000   1.0000   1.0000   1.0000   1.0000   1.0000   1.0000
     1.0000   1.0000   1.0000   1.0000   1.0000   1.0000   1.0000   1.0000
     1.0000   1.0000   1.0000   1.0000   1.0000   1.0000   1.0000   1.0000
     1.0000   1.0000   1.0000   1.0000   1.0000   1.0000   1.0000   1.0000
     1.0000   1.0000   1.0000   1.0000   1.0000   1.0000   1.0000   1.0000
     1.0000   1.0000   1.0000   1.0000   1.0000   1.0000   1.0000   1.0000
     1.0000   1.0000   1.0000   1.0000   1.0000   1.0000   1.0000   1.0000
     1.0000   1.0000   1.0000   1.0000   1.0000   1.0000   1.0000   1.0000
     1.0000   1.0000   1.0000   1.0000   1.0000   1.0000   1.0000   1.0000
     1.0000   1.0000   1.0000   1.0000   1.0000   1.0000   1.0000   1.0000
     1.0000   1.0000   1.0000   1.0000   1.0000   1.0000   1.0000   1.0000
     1.0000   1.0000   1.0000   1.0000   1.0000   1.0000   1.0000   1.0000
     1.0000   1.0000   1.0000   1.0000   1.0000   1.0000   1.0000   1.0000
     0.0000   0.0000   0.0000   0.0000   0.0000   0.0000   0.0000   0.0000
     0.0000   0.0000   0.0000   0.0000   0.0000   0.0000   0.0000   0.0000

          k = 0.0000 0.3333 0.0000 (252506 PWs)   bands (ev):

   -19.5484 -19.5204 -19.4716 -19.4597 -19.3535 -19.3519 -19.3517 -19.3516
   -19.2614 -19.2572 -19.2437 -19.2341 -19.1354 -19.1317 -19.1108 -19.1106
   -19.0322 -19.0178 -19.0122 -18.9767 -18.9763 -18.9763 -18.9302 -18.9130
   -18.9082 -18.9052 -18.7884 -18.7774 -18.7724 -18.7659 -18.6826 -18.5912
   -18.5821 -18.5811 -18.5738 -18.5658 -18.5409 -18.5137 -18.5061 -18.5023
   -18.4327 -18.4325 -18.3957 -18.3893 -18.3650 -18.3618 -18.2887 -18.2467
   -14.2985 -14.2980 -14.2923 -14.2786 -14.2783 -14.2757 -14.2602 -14.2498
   -14.2449 -14.2360 -14.2315 -14.2268 -14.2230 -14.2175 -14.2156 -14.2104
   -14.1987 -14.1939 -14.1849 -14.1788 -14.1782 -14.1766 -14.1696 -14.1683
   -14.1527 -14.1448 -14.1439 -14.1369 -14.1271 -14.1265 -14.1242 -14.1234
   -14.1207 -14.1168 -14.1118 -14.1081 -14.0930 -14.0861 -14.0693 -14.0634
   -14.0606 -14.0556 -14.0535 -14.0511 -14.0402 -14.0393 -14.0360 -14.0248
   -14.0204 -14.0193 -14.0180 -14.0177 -14.0158 -14.0046 -14.0038 -13.9966
   -13.9932 -13.9917 -13.9878 -13.9830 -13.9723 -13.9712 -13.9703 -13.9653
   -13.9570 -13.9528 -13.9489 -13.9451 -13.9370 -13.9314 -13.9280 -13.9224
   -13.9196 -13.9137 -13.9133 -13.9119 -13.9092 -13.9060 -13.9005 -13.8998
   -13.8983 -13.8908 -13.8901 -13.8866 -13.8783 -13.8783 -13.8759 -13.8741
   -13.8662 -13.8642 -13.8597 -13.8559 -13.8542 -13.8518 -13.8486 -13.8469
   -13.8434 -13.8249 -13.8152 -13.7809 -13.7698 -13.7397 -13.7328 -13.7253
   -13.6599 -13.5670 -13.5464 -13.5030 -13.4958 -13.4592 -13.4410 -13.3978
   -13.3633 -13.3366 -13.3223 -13.3160 -13.1497 -13.1416 -13.1310 -13.0881
    -7.8540  -7.7610  -7.7010  -7.6593  -7.6588  -7.6140  -7.5410  -7.5339
    -7.4548  -7.4175  -7.2896  -7.2687  -7.1331  -7.1287  -7.1028  -6.9833
    -6.9336  -6.9183  -6.8502  -6.7581  -6.7409  -6.7292  -6.6971  -6.6669
    -6.4585  -6.3602  -6.2473  -6.2429  -6.2261  -6.2149  -6.0977  -5.9716
    -5.9571  -5.8019  -5.7752  -5.7483  -5.4739  -5.3946  -5.3728  -5.2639
    -5.2133  -5.1331  -5.0585  -5.0584  -5.0292  -5.0199  -4.8904  -4.8223
    -4.7522  -4.7261  -4.7248  -4.5864  -4.5486  -4.5444  -4.5138  -4.3502
    -4.3280  -4.3008  -4.2496  -4.2238  -4.2112  -4.1749  -4.1659  -4.1380
    -4.0699  -4.0345  -3.8777  -3.8473  -3.8372  -3.8354  -3.7600  -3.7340
    -3.7280  -3.6760  -3.6721  -3.6654  -3.5308  -3.5031  -3.4893  -3.4543
    -3.4280  -3.4123  -3.3727  -3.3220  -3.2624  -3.2334  -3.1839  -3.1818
    -3.1492  -3.1197  -3.1127  -3.0198  -2.9845  -2.9591  -2.9350  -2.9207
    -2.8455  -2.7585  -2.6844  -2.6756  -2.6305  -2.6232  -2.6200  -2.6124
    -2.5582  -2.5522  -2.4984  -2.4863  -2.4858  -2.4722  -2.3913  -2.3741
    -2.3517  -2.3332  -2.3285  -2.3116  -2.3098  -2.2693  -2.2650  -2.2558
    -2.2226  -2.1586  -2.1530  -2.1480  -2.1031  -2.1026  -2.0897  -2.0535
    -1.9016  -1.9012  -1.8623  -1.8527  -1.6787  -1.6786  -1.6647  -1.6496
    -1.4912  -1.4887  -1.4693  -1.4670  -1.3712  -1.3598  -1.3254  -1.3178
     0.2117   1.1967   1.5170   2.1356   2.2807   2.4288   2.4328   2.7080
     2.8116   2.8611   2.9049   3.0504   3.0921   3.1556   3.2547   3.2561

     occupation numbers 
     1.0000   1.0000   1.0000   1.0000   1.0000   1.0000   1.0000   1.0000
     1.0000   1.0000   1.0000   1.0000   1.0000   1.0000   1.0000   1.0000
     1.0000   1.0000   1.0000   1.0000   1.0000   1.0000   1.0000   1.0000
     1.0000   1.0000   1.0000   1.0000   1.0000   1.0000   1.0000   1.0000
     1.0000   1.0000   1.0000   1.0000   1.0000   1.0000   1.0000   1.0000
     1.0000   1.0000   1.0000   1.0000   1.0000   1.0000   1.0000   1.0000
     1.0000   1.0000   1.0000   1.0000   1.0000   1.0000   1.0000   1.0000
     1.0000   1.0000   1.0000   1.0000   1.0000   1.0000   1.0000   1.0000
     1.0000   1.0000   1.0000   1.0000   1.0000   1.0000   1.0000   1.0000
     1.0000   1.0000   1.0000   1.0000   1.0000   1.0000   1.0000   1.0000
     1.0000   1.0000   1.0000   1.0000   1.0000   1.0000   1.0000   1.0000
     1.0000   1.0000   1.0000   1.0000   1.0000   1.0000   1.0000   1.0000
     1.0000   1.0000   1.0000   1.0000   1.0000   1.0000   1.0000   1.0000
     1.0000   1.0000   1.0000   1.0000   1.0000   1.0000   1.0000   1.0000
     1.0000   1.0000   1.0000   1.0000   1.0000   1.0000   1.0000   1.0000
     1.0000   1.0000   1.0000   1.0000   1.0000   1.0000   1.0000   1.0000
     1.0000   1.0000   1.0000   1.0000   1.0000   1.0000   1.0000   1.0000
     1.0000   1.0000   1.0000   1.0000   1.0000   1.0000   1.0000   1.0000
     1.0000   1.0000   1.0000   1.0000   1.0000   1.0000   1.0000   1.0000
     1.0000   1.0000   1.0000   1.0000   1.0000   1.0000   1.0000   1.0000
     1.0000   1.0000   1.0000   1.0000   1.0000   1.0000   1.0000   1.0000
     1.0000   1.0000   1.0000   1.0000   1.0000   1.0000   1.0000   1.0000
     1.0000   1.0000   1.0000   1.0000   1.0000   1.0000   1.0000   1.0000
     1.0000   1.0000   1.0000   1.0000   1.0000   1.0000   1.0000   1.0000
     1.0000   1.0000   1.0000   1.0000   1.0000   1.0000   1.0000   1.0000
     1.0000   1.0000   1.0000   1.0000   1.0000   1.0000   1.0000   1.0000
     1.0000   1.0000   1.0000   1.0000   1.0000   1.0000   1.0000   1.0000
     1.0000   1.0000   1.0000   1.0000   1.0000   1.0000   1.0000   1.0000
     1.0000   1.0000   1.0000   1.0000   1.0000   1.0000   1.0000   1.0000
     1.0000   1.0000   1.0000   1.0000   1.0000   1.0000   1.0000   1.0000
     1.0000   1.0000   1.0000   1.0000   1.0000   1.0000   1.0000   1.0000
     1.0000   1.0000   1.0000   1.0000   1.0000   1.0000   1.0000   1.0000
     1.0000   1.0000   1.0000   1.0000   1.0000   1.0000   1.0000   1.0000
     1.0000   1.0000   1.0000   1.0000   1.0000   1.0000   1.0000   1.0000
     1.0000   1.0000   1.0000   1.0000   1.0000   1.0000   1.0000   1.0000
     1.0000   1.0000   1.0000   1.0000   1.0000   1.0000   1.0000   1.0000
     1.0000   1.0000   1.0000   1.0000   1.0000   1.0000   1.0000   1.0000
     1.0000   1.0000   1.0000   1.0000   1.0000   1.0000   1.0000   1.0000
     1.0000   1.0000   1.0000   1.0000   1.0000   1.0000   1.0000   1.0000
     0.0000   0.0000   0.0000   0.0000   0.0000   0.0000   0.0000   0.0000
     0.0000   0.0000   0.0000   0.0000   0.0000   0.0000   0.0000   0.0000

          k = 0.3333 0.3333 0.0000 (252585 PWs)   bands (ev):

   -19.5202 -19.4991 -19.4665 -19.4658 -19.3967 -19.3957 -19.3781 -19.3765
   -19.2147 -19.2143 -19.2128 -19.2078 -19.1474 -19.1432 -19.1302 -19.1296
   -19.0202 -19.0144 -19.0001 -18.9980 -18.9822 -18.9489 -18.9406 -18.9267
   -18.9052 -18.8872 -18.8767 -18.8414 -18.7112 -18.6865 -18.6586 -18.6081
   -18.5843 -18.5742 -18.5610 -18.5372 -18.5357 -18.5272 -18.4922 -18.4750
   -18.4677 -18.4661 -18.4447 -18.4283 -18.3309 -18.3075 -18.2997 -18.2616
   -14.3013 -14.2909 -14.2878 -14.2854 -14.2760 -14.2696 -14.2606 -14.2580
   -14.2579 -14.2463 -14.2261 -14.2237 -14.2175 -14.2110 -14.2065 -14.2051
   -14.1999 -14.1962 -14.1926 -14.1908 -14.1807 -14.1726 -14.1663 -14.1625
   -14.1570 -14.1547 -14.1471 -14.1466 -14.1346 -14.1312 -14.1311 -14.1208
   -14.1138 -14.1077 -14.1013 -14.1008 -14.0872 -14.0800 -14.0767 -14.0710
   -14.0666 -14.0638 -14.0527 -14.0456 -14.0402 -14.0373 -14.0362 -14.0290
   -14.0220 -14.0208 -14.0162 -14.0125 -14.0106 -14.0055 -14.0040 -14.0027
   -14.0003 -13.9952 -13.9861 -13.9854 -13.9846 -13.9661 -13.9629 -13.9592
   -13.9482 -13.9430 -13.9397 -13.9377 -13.9365 -13.9332 -13.9284 -13.9275
   -13.9232 -13.9157 -13.9142 -13.9111 -13.9090 -13.9012 -13.8983 -13.8925
   -13.8892 -13.8891 -13.8869 -13.8835 -13.8804 -13.8782 -13.8699 -13.8696
   -13.8661 -13.8624 -13.8572 -13.8571 -13.8516 -13.8492 -13.8466 -13.8454
   -13.8277 -13.8192 -13.8178 -13.8041 -13.7587 -13.7379 -13.7336 -13.6999
   -13.6874 -13.6421 -13.5898 -13.5820 -13.4584 -13.4542 -13.4158 -13.4118
   -13.3187 -13.2931 -13.2609 -13.2336 -13.1982 -13.1696 -13.1497 -13.1381
    -7.8304  -7.7601  -7.7445  -7.7104  -7.6139  -7.5791  -7.5712  -7.5393
    -7.3821  -7.3727  -7.2790  -7.2758  -7.1406  -7.1191  -7.0285  -7.0218
    -6.9524  -6.8729  -6.8069  -6.7985  -6.7955  -6.7757  -6.7502  -6.7117
    -6.4975  -6.4667  -6.3768  -6.3388  -6.0522  -6.0372  -6.0061  -5.9953
    -5.8815  -5.8462  -5.7402  -5.6933  -5.6333  -5.5937  -5.4526  -5.4405
    -5.0738  -5.0695  -5.0119  -5.0044  -4.9306  -4.9017  -4.8809  -4.8689
    -4.6730  -4.6403  -4.5694  -4.5390  -4.5100  -4.5029  -4.4680  -4.4167
    -4.3855  -4.3305  -4.2994  -4.2356  -4.2240  -4.1859  -4.1688  -4.1123
    -4.0847  -4.0098  -4.0018  -3.9195  -3.8567  -3.8532  -3.8170  -3.7242
    -3.7103  -3.6805  -3.6441  -3.6269  -3.5797  -3.5576  -3.4808  -3.4498
    -3.3861  -3.3724  -3.3475  -3.3052  -3.3016  -3.2599  -3.2096  -3.1511
    -3.1124  -3.0764  -3.0410  -2.9985  -2.9746  -2.9681  -2.9620  -2.8534
    -2.8211  -2.7698  -2.7675  -2.7435  -2.7408  -2.6819  -2.6575  -2.5780
    -2.5600  -2.5347  -2.5152  -2.4928  -2.4898  -2.4560  -2.4352  -2.4295
    -2.4069  -2.3517  -2.3500  -2.3252  -2.2754  -2.2713  -2.2439  -2.2178
    -2.2172  -2.2046  -2.1207  -2.1135  -2.0818  -2.0699  -2.0508  -2.0341
    -1.8817  -1.8731  -1.8185  -1.8176  -1.7988  -1.7966  -1.6598  -1.6403
    -1.5847  -1.5827  -1.5205  -1.5185  -1.3084  -1.3040  -1.2765  -1.2750
     0.6199   1.4761   1.4764   1.7433   2.1318   2.3033   2.3059   2.4270
     2.7930   2.9197   2.9316   2.9827   3.2516   3.2614   3.3368   3.3453

     occupation numbers 
     1.0000   1.0000   1.0000   1.0000   1.0000   1.0000   1.0000   1.0000
     1.0000   1.0000   1.0000   1.0000   1.0000   1.0000   1.0000   1.0000
     1.0000   1.0000   1.0000   1.0000   1.0000   1.0000   1.0000   1.0000
     1.0000   1.0000   1.0000   1.0000   1.0000   1.0000   1.0000   1.0000
     1.0000   1.0000   1.0000   1.0000   1.0000   1.0000   1.0000   1.0000
     1.0000   1.0000   1.0000   1.0000   1.0000   1.0000   1.0000   1.0000
     1.0000   1.0000   1.0000   1.0000   1.0000   1.0000   1.0000   1.0000
     1.0000   1.0000   1.0000   1.0000   1.0000   1.0000   1.0000   1.0000
     1.0000   1.0000   1.0000   1.0000   1.0000   1.0000   1.0000   1.0000
     1.0000   1.0000   1.0000   1.0000   1.0000   1.0000   1.0000   1.0000
     1.0000   1.0000   1.0000   1.0000   1.0000   1.0000   1.0000   1.0000
     1.0000   1.0000   1.0000   1.0000   1.0000   1.0000   1.0000   1.0000
     1.0000   1.0000   1.0000   1.0000   1.0000   1.0000   1.0000   1.0000
     1.0000   1.0000   1.0000   1.0000   1.0000   1.0000   1.0000   1.0000
     1.0000   1.0000   1.0000   1.0000   1.0000   1.0000   1.0000   1.0000
     1.0000   1.0000   1.0000   1.0000   1.0000   1.0000   1.0000   1.0000
     1.0000   1.0000   1.0000   1.0000   1.0000   1.0000   1.0000   1.0000
     1.0000   1.0000   1.0000   1.0000   1.0000   1.0000   1.0000   1.0000
     1.0000   1.0000   1.0000   1.0000   1.0000   1.0000   1.0000   1.0000
     1.0000   1.0000   1.0000   1.0000   1.0000   1.0000   1.0000   1.0000
     1.0000   1.0000   1.0000   1.0000   1.0000   1.0000   1.0000   1.0000
     1.0000   1.0000   1.0000   1.0000   1.0000   1.0000   1.0000   1.0000
     1.0000   1.0000   1.0000   1.0000   1.0000   1.0000   1.0000   1.0000
     1.0000   1.0000   1.0000   1.0000   1.0000   1.0000   1.0000   1.0000
     1.0000   1.0000   1.0000   1.0000   1.0000   1.0000   1.0000   1.0000
     1.0000   1.0000   1.0000   1.0000   1.0000   1.0000   1.0000   1.0000
     1.0000   1.0000   1.0000   1.0000   1.0000   1.0000   1.0000   1.0000
     1.0000   1.0000   1.0000   1.0000   1.0000   1.0000   1.0000   1.0000
     1.0000   1.0000   1.0000   1.0000   1.0000   1.0000   1.0000   1.0000
     1.0000   1.0000   1.0000   1.0000   1.0000   1.0000   1.0000   1.0000
     1.0000   1.0000   1.0000   1.0000   1.0000   1.0000   1.0000   1.0000
     1.0000   1.0000   1.0000   1.0000   1.0000   1.0000   1.0000   1.0000
     1.0000   1.0000   1.0000   1.0000   1.0000   1.0000   1.0000   1.0000
     1.0000   1.0000   1.0000   1.0000   1.0000   1.0000   1.0000   1.0000
     1.0000   1.0000   1.0000   1.0000   1.0000   1.0000   1.0000   1.0000
     1.0000   1.0000   1.0000   1.0000   1.0000   1.0000   1.0000   1.0000
     1.0000   1.0000   1.0000   1.0000   1.0000   1.0000   1.0000   1.0000
     1.0000   1.0000   1.0000   1.0000   1.0000   1.0000   1.0000   1.0000
     1.0000   1.0000   1.0000   1.0000   1.0000   1.0000   1.0000   1.0000
     0.0000   0.0000   0.0000   0.0000   0.0000   0.0000   0.0000   0.0000
     0.0000   0.0000   0.0000   0.0000   0.0000   0.0000   0.0000   0.0000

          k = 0.3333 0.0000 0.0000 (252506 PWs)   bands (ev):

   -19.5475 -19.5193 -19.4666 -19.4550 -19.3700 -19.3691 -19.3688 -19.3686
   -19.2104 -19.2053 -19.2016 -19.1966 -19.1847 -19.1768 -19.1450 -19.1445
   -19.0218 -19.0037 -18.9944 -18.9784 -18.9677 -18.9480 -18.9298 -18.9167
   -18.9073 -18.9038 -18.8528 -18.8183 -18.7678 -18.7568 -18.6469 -18.5960
   -18.5807 -18.5740 -18.5727 -18.5314 -18.5234 -18.5135 -18.5016 -18.4649
   -18.4631 -18.4549 -18.4527 -18.4047 -18.3394 -18.3370 -18.2970 -18.2469
   -14.2982 -14.2913 -14.2899 -14.2794 -14.2654 -14.2649 -14.2591 -14.2574
   -14.2544 -14.2523 -14.2447 -14.2312 -14.2224 -14.2124 -14.2085 -14.2064
   -14.2005 -14.2001 -14.1986 -14.1938 -14.1893 -14.1628 -14.1614 -14.1586
   -14.1569 -14.1564 -14.1403 -14.1308 -14.1301 -14.1254 -14.1087 -14.1058
   -14.1054 -14.1031 -14.1030 -14.0972 -14.0965 -14.0882 -14.0775 -14.0680
   -14.0672 -14.0658 -14.0614 -14.0452 -14.0439 -14.0393 -14.0388 -14.0360
   -14.0294 -14.0270 -14.0217 -14.0135 -14.0102 -14.0093 -14.0074 -14.0027
   -13.9870 -13.9842 -13.9798 -13.9767 -13.9744 -13.9697 -13.9648 -13.9558
   -13.9528 -13.9521 -13.9469 -13.9450 -13.9362 -13.9323 -13.9321 -13.9238
   -13.9230 -13.9227 -13.9197 -13.9184 -13.9179 -13.9058 -13.9020 -13.8947
   -13.8914 -13.8907 -13.8850 -13.8850 -13.8806 -13.8802 -13.8740 -13.8737
   -13.8722 -13.8673 -13.8609 -13.8563 -13.8551 -13.8508 -13.8489 -13.8442
   -13.8322 -13.8272 -13.8254 -13.7972 -13.7391 -13.7338 -13.7187 -13.6951
   -13.6870 -13.6265 -13.5948 -13.5261 -13.4684 -13.4458 -13.4240 -13.3963
   -13.3540 -13.3262 -13.2716 -13.2602 -13.1848 -13.1595 -13.1372 -13.1143
    -7.8636  -7.7936  -7.7240  -7.6924  -7.5545  -7.5386  -7.5184  -7.4800
    -7.4219  -7.4124  -7.3907  -7.3645  -7.0908  -7.0905  -7.0473  -7.0054
    -7.0041  -6.8357  -6.8212  -6.8134  -6.7905  -6.7561  -6.7516  -6.6837
    -6.5362  -6.5139  -6.2802  -6.2423  -6.0835  -6.0789  -6.0374  -6.0132
    -5.9501  -5.8290  -5.8215  -5.7329  -5.3898  -5.3593  -5.3230  -5.3035
    -5.1097  -5.0900  -5.0670  -5.0602  -5.0476  -5.0111  -4.9583  -4.9201
    -4.7270  -4.6959  -4.6320  -4.6206  -4.5378  -4.5268  -4.5217  -4.4787
    -4.4047  -4.3790  -4.2895  -4.2696  -4.2521  -4.1306  -4.1276  -4.1271
    -3.9931  -3.9694  -3.9553  -3.9321  -3.7894  -3.7738  -3.7631  -3.7351
    -3.6519  -3.6417  -3.6215  -3.5808  -3.5308  -3.4981  -3.4451  -3.3816
    -3.3784  -3.3759  -3.3592  -3.3314  -3.2941  -3.2790  -3.2704  -3.2175
    -3.1720  -3.1699  -3.0777  -3.0755  -2.9967  -2.9611  -2.9200  -2.8708
    -2.8376  -2.8285  -2.7866  -2.7767  -2.7252  -2.6997  -2.6842  -2.6218
    -2.5689  -2.5669  -2.5200  -2.5112  -2.4942  -2.4628  -2.4042  -2.3780
    -2.3431  -2.3069  -2.2959  -2.2819  -2.2749  -2.2641  -2.1820  -2.1721
    -2.1628  -2.1484  -2.1390  -2.1132  -2.0777  -2.0497  -2.0428  -2.0420
    -1.8733  -1.8613  -1.8558  -1.8493  -1.7745  -1.7699  -1.6781  -1.6657
    -1.4811  -1.4799  -1.4551  -1.4515  -1.3670  -1.3646  -1.3243  -1.3195
     0.2114   1.1963   1.5117   2.1196   2.2810   2.4324   2.4436   2.7032
     2.8174   2.9062   2.9069   3.0483   3.0981   3.1101   3.2017   3.2615

     occupation numbers 
     1.0000   1.0000   1.0000   1.0000   1.0000   1.0000   1.0000   1.0000
     1.0000   1.0000   1.0000   1.0000   1.0000   1.0000   1.0000   1.0000
     1.0000   1.0000   1.0000   1.0000   1.0000   1.0000   1.0000   1.0000
     1.0000   1.0000   1.0000   1.0000   1.0000   1.0000   1.0000   1.0000
     1.0000   1.0000   1.0000   1.0000   1.0000   1.0000   1.0000   1.0000
     1.0000   1.0000   1.0000   1.0000   1.0000   1.0000   1.0000   1.0000
     1.0000   1.0000   1.0000   1.0000   1.0000   1.0000   1.0000   1.0000
     1.0000   1.0000   1.0000   1.0000   1.0000   1.0000   1.0000   1.0000
     1.0000   1.0000   1.0000   1.0000   1.0000   1.0000   1.0000   1.0000
     1.0000   1.0000   1.0000   1.0000   1.0000   1.0000   1.0000   1.0000
     1.0000   1.0000   1.0000   1.0000   1.0000   1.0000   1.0000   1.0000
     1.0000   1.0000   1.0000   1.0000   1.0000   1.0000   1.0000   1.0000
     1.0000   1.0000   1.0000   1.0000   1.0000   1.0000   1.0000   1.0000
     1.0000   1.0000   1.0000   1.0000   1.0000   1.0000   1.0000   1.0000
     1.0000   1.0000   1.0000   1.0000   1.0000   1.0000   1.0000   1.0000
     1.0000   1.0000   1.0000   1.0000   1.0000   1.0000   1.0000   1.0000
     1.0000   1.0000   1.0000   1.0000   1.0000   1.0000   1.0000   1.0000
     1.0000   1.0000   1.0000   1.0000   1.0000   1.0000   1.0000   1.0000
     1.0000   1.0000   1.0000   1.0000   1.0000   1.0000   1.0000   1.0000
     1.0000   1.0000   1.0000   1.0000   1.0000   1.0000   1.0000   1.0000
     1.0000   1.0000   1.0000   1.0000   1.0000   1.0000   1.0000   1.0000
     1.0000   1.0000   1.0000   1.0000   1.0000   1.0000   1.0000   1.0000
     1.0000   1.0000   1.0000   1.0000   1.0000   1.0000   1.0000   1.0000
     1.0000   1.0000   1.0000   1.0000   1.0000   1.0000   1.0000   1.0000
     1.0000   1.0000   1.0000   1.0000   1.0000   1.0000   1.0000   1.0000
     1.0000   1.0000   1.0000   1.0000   1.0000   1.0000   1.0000   1.0000
     1.0000   1.0000   1.0000   1.0000   1.0000   1.0000   1.0000   1.0000
     1.0000   1.0000   1.0000   1.0000   1.0000   1.0000   1.0000   1.0000
     1.0000   1.0000   1.0000   1.0000   1.0000   1.0000   1.0000   1.0000
     1.0000   1.0000   1.0000   1.0000   1.0000   1.0000   1.0000   1.0000
     1.0000   1.0000   1.0000   1.0000   1.0000   1.0000   1.0000   1.0000
     1.0000   1.0000   1.0000   1.0000   1.0000   1.0000   1.0000   1.0000
     1.0000   1.0000   1.0000   1.0000   1.0000   1.0000   1.0000   1.0000
     1.0000   1.0000   1.0000   1.0000   1.0000   1.0000   1.0000   1.0000
     1.0000   1.0000   1.0000   1.0000   1.0000   1.0000   1.0000   1.0000
     1.0000   1.0000   1.0000   1.0000   1.0000   1.0000   1.0000   1.0000
     1.0000   1.0000   1.0000   1.0000   1.0000   1.0000   1.0000   1.0000
     1.0000   1.0000   1.0000   1.0000   1.0000   1.0000   1.0000   1.0000
     1.0000   1.0000   1.0000   1.0000   1.0000   1.0000   1.0000   1.0000
     0.0000   0.0000   0.0000   0.0000   0.0000   0.0000   0.0000   0.0000
     0.0000   0.0000   0.0000   0.0000   0.0000   0.0000   0.0000   0.0000

     highest occupied, lowest unoccupied level (ev):    -1.2750   -0.3164

!    total energy              =  -11888.29270282 Ry
     total all-electron energy =   -289577.544626 Ry
     estimated scf accuracy    <          8.1E-10 Ry

     The total energy is the sum of the following terms:
     one-electron contribution =  -78268.23111931 Ry
     hartree contribution      =   39459.21739629 Ry
     xc contribution           =   -1487.76935775 Ry
     ewald contribution        =   35411.92293529 Ry
     one-center paw contrib.   =   -7003.43255735 Ry
      -> PAW hartree energy AE =     566.82007590 Ry
      -> PAW hartree energy PS =    -564.33416545 Ry
      -> PAW xc energy AE      =   -1911.77296922 Ry
      -> PAW xc energy PS      =     273.48581726 Ry
      -> total E_H with PAW    =   39461.70330674 Ry
      -> total E_XC with PAW   =   -3126.05650971 Ry

     convergence has been achieved in  64 iterations

     negative rho (up, down):  1.699E-03 0.000E+00

     Forces acting on atoms (cartesian axes, Ry/au):

     atom    1 type  1   force =     0.01272163    0.00796813   -0.04545478
     atom    2 type  1   force =    -0.01272163   -0.00796813   -0.04545478
     atom    3 type  1   force =    -0.01272163    0.00796813    0.04545478
     atom    4 type  1   force =    -0.01272163    0.00796813   -0.04545478
     atom    5 type  1   force =    -0.00950796    0.01121871    0.04921594
     atom    6 type  1   force =     0.00950796    0.01121871   -0.04921594
     atom    7 type  1   force =     0.00000000   -0.00299270    0.00000000
     atom    8 type  1   force =     0.00000000    0.00299270   -0.00000000
     atom    9 type  1   force =     0.00000000    0.00000000    0.00019224
     atom   10 type  1   force =     0.00950796    0.01121871    0.04921594
     atom   11 type  1   force =    -0.00950796    0.01121871   -0.04921594
     atom   12 type  1   force =     0.00000000    0.00000000    0.00019224
     atom   13 type  2   force =    -0.00474179   -0.00325336   -0.00474863
     atom   14 type  2   force =     0.00474179    0.00325336   -0.00474863
     atom   15 type  2   force =     0.00474179   -0.00325336    0.00474863
     atom   16 type  2   force =    -0.00474179    0.00325336    0.00474863
     atom   17 type  2   force =    -0.01389500    0.00946530    0.03225062
     atom   18 type  2   force =     0.00053308   -0.00125469   -0.00012356
     atom   19 type  2   force =     0.01389500   -0.00946530    0.03225062
     atom   20 type  2   force =    -0.00053308    0.00125469   -0.00012356
     atom   21 type  2   force =    -0.00172630   -0.00320188   -0.00539418
     atom   22 type  2   force =     0.00172630   -0.00320188    0.00539418
     atom   23 type  2   force =     0.01354973   -0.01108231    0.02161863
     atom   24 type  2   force =    -0.01354973   -0.01108231   -0.02161863
     atom   25 type  2   force =    -0.01657916   -0.01348716    0.02776503
     atom   26 type  2   force =     0.01657916    0.01348716    0.02776503
     atom   27 type  2   force =     0.01657916   -0.01348716   -0.02776503
     atom   28 type  2   force =    -0.01657916    0.01348716   -0.02776503
     atom   29 type  2   force =    -0.00053308   -0.00125469   -0.00012356
     atom   30 type  2   force =     0.01389500    0.00946530    0.03225062
     atom   31 type  2   force =     0.00053308    0.00125469   -0.00012356
     atom   32 type  2   force =    -0.01389500   -0.00946530    0.03225062
     atom   33 type  2   force =    -0.01354973   -0.01108231    0.02161863
     atom   34 type  2   force =     0.01354973   -0.01108231   -0.02161863
     atom   35 type  2   force =     0.00172630   -0.00320188   -0.00539418
     atom   36 type  2   force =    -0.00172630   -0.00320188    0.00539418
     atom   37 type  1   force =    -0.01272163   -0.00796813    0.04545478
     atom   38 type  1   force =     0.01272163    0.00796813    0.04545478
     atom   39 type  1   force =     0.01272163   -0.00796813   -0.04545478
     atom   40 type  1   force =     0.01272163   -0.00796813    0.04545478
     atom   41 type  1   force =    -0.00950796   -0.01121871   -0.04921594
     atom   42 type  1   force =     0.00950796   -0.01121871    0.04921594
     atom   43 type  1   force =     0.00000000    0.00000000   -0.00019224
     atom   44 type  1   force =     0.00950796   -0.01121871   -0.04921594
     atom   45 type  1   force =    -0.00950796   -0.01121871    0.04921594
     atom   46 type  1   force =     0.00000000    0.00299270    0.00000000
     atom   47 type  1   force =     0.00000000   -0.00299270    0.00000000
     atom   48 type  1   force =     0.00000000    0.00000000   -0.00019224
     atom   49 type  2   force =     0.01657916    0.01348716   -0.02776503
     atom   50 type  2   force =    -0.01657916   -0.01348716   -0.02776503
     atom   51 type  2   force =    -0.01657916    0.01348716    0.02776503
     atom   52 type  2   force =     0.01657916   -0.01348716    0.02776503
     atom   53 type  2   force =     0.00053308    0.00125469    0.00012356
     atom   54 type  2   force =    -0.01389500   -0.00946530   -0.03225062
     atom   55 type  2   force =    -0.00053308   -0.00125469    0.00012356
     atom   56 type  2   force =     0.01389500    0.00946530   -0.03225062
     atom   57 type  2   force =     0.01354973    0.01108231   -0.02161863
     atom   58 type  2   force =    -0.01354973    0.01108231    0.02161863
     atom   59 type  2   force =    -0.00172630    0.00320188    0.00539418
     atom   60 type  2   force =     0.00172630    0.00320188   -0.00539418
     atom   61 type  2   force =     0.00474179    0.00325336    0.00474863
     atom   62 type  2   force =    -0.00474179   -0.00325336    0.00474863
     atom   63 type  2   force =    -0.00474179    0.00325336   -0.00474863
     atom   64 type  2   force =     0.00474179   -0.00325336   -0.00474863
     atom   65 type  2   force =     0.01389500   -0.00946530   -0.03225062
     atom   66 type  2   force =    -0.00053308    0.00125469    0.00012356
     atom   67 type  2   force =    -0.01389500    0.00946530   -0.03225062
     atom   68 type  2   force =     0.00053308   -0.00125469    0.00012356
     atom   69 type  2   force =     0.00172630    0.00320188    0.00539418
     atom   70 type  2   force =    -0.00172630    0.00320188   -0.00539418
     atom   71 type  2   force =    -0.01354973    0.01108231   -0.02161863
     atom   72 type  2   force =     0.01354973    0.01108231    0.02161863
     atom   73 type  3   force =     0.01085942    0.00200130    0.00703289
     atom   74 type  3   force =    -0.01085942   -0.00200130    0.00703289
     atom   75 type  3   force =     0.00811279    0.00918801    0.00707310
     atom   76 type  3   force =    -0.00811279    0.00918801   -0.00707310
     atom   77 type  3   force =     0.00341676    0.00210537    0.00936694
     atom   78 type  3   force =    -0.00341676   -0.00210537    0.00936694
     atom   79 type  3   force =    -0.00341676    0.00210537   -0.00936694
     atom   80 type  3   force =     0.00341676   -0.00210537   -0.00936694
     atom   81 type  3   force =    -0.01085942    0.00200130    0.00703289
     atom   82 type  3   force =     0.01085942   -0.00200130    0.00703289
     atom   83 type  3   force =    -0.00811279    0.00918801    0.00707310
     atom   84 type  3   force =     0.00811279    0.00918801   -0.00707310
     atom   85 type  3   force =    -0.00341676   -0.00210537   -0.00936694
     atom   86 type  3   force =     0.00341676    0.00210537   -0.00936694
     atom   87 type  3   force =     0.00341676   -0.00210537    0.00936694
     atom   88 type  3   force =    -0.00341676    0.00210537    0.00936694
     atom   89 type  3   force =     0.01085942   -0.00200130   -0.00703289
     atom   90 type  3   force =    -0.01085942    0.00200130   -0.00703289
     atom   91 type  3   force =     0.00811279   -0.00918801   -0.00707310
     atom   92 type  3   force =    -0.00811279   -0.00918801    0.00707310
     atom   93 type  3   force =    -0.01085942   -0.00200130   -0.00703289
     atom   94 type  3   force =     0.01085942    0.00200130   -0.00703289
     atom   95 type  3   force =    -0.00811279   -0.00918801   -0.00707310
     atom   96 type  3   force =     0.00811279   -0.00918801    0.00707310
     The non-local contrib.  to forces
     atom    1 type  1   force =    -0.00734154   -0.04148097    0.00693489
     atom    2 type  1   force =     0.00734154    0.04148097    0.00693489
     atom    3 type  1   force =     0.00734154   -0.04148097   -0.00693489
     atom    4 type  1   force =     0.00734154   -0.04148097    0.00693489
     atom    5 type  1   force =    -0.00278423   -0.00519562   -0.03341208
     atom    6 type  1   force =     0.00278423   -0.00519562    0.03341208
     atom    7 type  1   force =    -0.00000000   -0.01357535    0.00000000
     atom    8 type  1   force =     0.00000000    0.01357535    0.00000000
     atom    9 type  1   force =     0.00000000    0.00000000   -0.01961297
     atom   10 type  1   force =     0.00278423   -0.00519562   -0.03341208
     atom   11 type  1   force =    -0.00278423   -0.00519562    0.03341208
     atom   12 type  1   force =     0.00000000    0.00000000   -0.01961297
     atom   13 type  2   force =    -0.10345253   -0.05512743    0.03846973
     atom   14 type  2   force =     0.10345253    0.05512743    0.03846973
     atom   15 type  2   force =     0.10345253   -0.05512743   -0.03846973
     atom   16 type  2   force =    -0.10345253    0.05512743   -0.03846973
     atom   17 type  2   force =     0.09040388   -0.40674179   -1.26326590
     atom   18 type  2   force =     0.07085854    0.07183087    0.04730441
     atom   19 type  2   force =    -0.09040388    0.40674179   -1.26326590
     atom   20 type  2   force =    -0.07085854   -0.07183087    0.04730441
     atom   21 type  2   force =    -0.04829786    0.05083146   -0.11623340
     atom   22 type  2   force =     0.04829786    0.05083146    0.11623340
     atom   23 type  2   force =    -0.53017200   -0.02670707   -1.22711572
     atom   24 type  2   force =     0.53017200   -0.02670707    1.22711572
     atom   25 type  2   force =     0.40479216    0.31346366   -1.27499960
     atom   26 type  2   force =    -0.40479216   -0.31346366   -1.27499960
     atom   27 type  2   force =    -0.40479216    0.31346366    1.27499960
     atom   28 type  2   force =     0.40479216   -0.31346366    1.27499960
     atom   29 type  2   force =    -0.07085854    0.07183087    0.04730441
     atom   30 type  2   force =    -0.09040388   -0.40674179   -1.26326590
     atom   31 type  2   force =     0.07085854   -0.07183087    0.04730441
     atom   32 type  2   force =     0.09040388    0.40674179   -1.26326590
     atom   33 type  2   force =     0.53017200   -0.02670707   -1.22711572
     atom   34 type  2   force =    -0.53017200   -0.02670707    1.22711572
     atom   35 type  2   force =     0.04829786    0.05083146   -0.11623340
     atom   36 type  2   force =    -0.04829786    0.05083146    0.11623340
     atom   37 type  1   force =     0.00734154    0.04148097   -0.00693489
     atom   38 type  1   force =    -0.00734154   -0.04148097   -0.00693489
     atom   39 type  1   force =    -0.00734154    0.04148097    0.00693489
     atom   40 type  1   force =    -0.00734154    0.04148097   -0.00693489
     atom   41 type  1   force =    -0.00278423    0.00519562    0.03341208
     atom   42 type  1   force =     0.00278423    0.00519562   -0.03341208
     atom   43 type  1   force =     0.00000000    0.00000000    0.01961297
     atom   44 type  1   force =     0.00278423    0.00519562    0.03341208
     atom   45 type  1   force =    -0.00278423    0.00519562   -0.03341208
     atom   46 type  1   force =     0.00000000    0.01357535   -0.00000000
     atom   47 type  1   force =    -0.00000000   -0.01357535   -0.00000000
     atom   48 type  1   force =     0.00000000    0.00000000    0.01961297
     atom   49 type  2   force =    -0.40479216   -0.31346366    1.27499960
     atom   50 type  2   force =     0.40479216    0.31346366    1.27499960
     atom   51 type  2   force =     0.40479216   -0.31346366   -1.27499960
     atom   52 type  2   force =    -0.40479216    0.31346366   -1.27499960
     atom   53 type  2   force =     0.07085854   -0.07183087   -0.04730441
     atom   54 type  2   force =     0.09040388    0.40674179    1.26326590
     atom   55 type  2   force =    -0.07085854    0.07183087   -0.04730441
     atom   56 type  2   force =    -0.09040388   -0.40674179    1.26326590
     atom   57 type  2   force =    -0.53017200    0.02670707    1.22711572
     atom   58 type  2   force =     0.53017200    0.02670707   -1.22711572
     atom   59 type  2   force =    -0.04829786   -0.05083146    0.11623340
     atom   60 type  2   force =     0.04829786   -0.05083146   -0.11623340
     atom   61 type  2   force =     0.10345253    0.05512743   -0.03846973
     atom   62 type  2   force =    -0.10345253   -0.05512743   -0.03846973
     atom   63 type  2   force =    -0.10345253    0.05512743    0.03846973
     atom   64 type  2   force =     0.10345253   -0.05512743    0.03846973
     atom   65 type  2   force =    -0.09040388    0.40674179    1.26326590
     atom   66 type  2   force =    -0.07085854   -0.07183087   -0.04730441
     atom   67 type  2   force =     0.09040388   -0.40674179    1.26326590
     atom   68 type  2   force =     0.07085854    0.07183087   -0.04730441
     atom   69 type  2   force =     0.04829786   -0.05083146    0.11623340
     atom   70 type  2   force =    -0.04829786   -0.05083146   -0.11623340
     atom   71 type  2   force =     0.53017200    0.02670707    1.22711572
     atom   72 type  2   force =    -0.53017200    0.02670707   -1.22711572
     atom   73 type  3   force =     0.00668491    0.02378851    0.10269800
     atom   74 type  3   force =    -0.00668491   -0.02378851    0.10269800
     atom   75 type  3   force =     0.03107600    0.01099340    0.09886057
     atom   76 type  3   force =    -0.03107600    0.01099340   -0.09886057
     atom   77 type  3   force =    -0.01039049   -0.00888727    0.10414527
     atom   78 type  3   force =     0.01039049    0.00888727    0.10414527
     atom   79 type  3   force =     0.01039049   -0.00888727   -0.10414527
     atom   80 type  3   force =    -0.01039049    0.00888727   -0.10414527
     atom   81 type  3   force =    -0.00668491    0.02378851    0.10269800
     atom   82 type  3   force =     0.00668491   -0.02378851    0.10269800
     atom   83 type  3   force =    -0.03107600    0.01099340    0.09886057
     atom   84 type  3   force =     0.03107600    0.01099340   -0.09886057
     atom   85 type  3   force =     0.01039049    0.00888727   -0.10414527
     atom   86 type  3   force =    -0.01039049   -0.00888727   -0.10414527
     atom   87 type  3   force =    -0.01039049    0.00888727    0.10414527
     atom   88 type  3   force =     0.01039049   -0.00888727    0.10414527
     atom   89 type  3   force =     0.00668491   -0.02378851   -0.10269800
     atom   90 type  3   force =    -0.00668491    0.02378851   -0.10269800
     atom   91 type  3   force =     0.03107600   -0.01099340   -0.09886057
     atom   92 type  3   force =    -0.03107600   -0.01099340    0.09886057
     atom   93 type  3   force =    -0.00668491   -0.02378851   -0.10269800
     atom   94 type  3   force =     0.00668491    0.02378851   -0.10269800
     atom   95 type  3   force =    -0.03107600   -0.01099340   -0.09886057
     atom   96 type  3   force =     0.03107600   -0.01099340    0.09886057
     The ionic contribution  to forces
     atom    1 type  1   force =     1.28257918    0.67843470 -110.37187175
     atom    2 type  1   force =    -1.28257921   -0.67843471 -110.37187174
     atom    3 type  1   force =    -1.28257910    0.67843472  110.37187183
     atom    4 type  1   force =    -1.28257922    0.67843475 -110.37187176
     atom    5 type  1   force =     3.73836475    1.09839810  109.94950575
     atom    6 type  1   force =    -3.73836481    1.09839822 -109.94950568
     atom    7 type  1   force =     0.00000002    3.96182740    0.00000002
     atom    8 type  1   force =    -0.00000005   -3.96182743    0.00000003
     atom    9 type  1   force =    -0.00000005   -0.00000001  -10.71590215
     atom   10 type  1   force =    -3.73836478    1.09839812  109.94950576
     atom   11 type  1   force =     3.73836479    1.09839824 -109.94950568
     atom   12 type  1   force =     0.00000001   -0.00000002  -10.71590215
     atom   13 type  2   force =     2.76615378    1.89466357  -24.56006578
     atom   14 type  2   force =    -2.76615379   -1.89466358  -24.56006578
     atom   15 type  2   force =    -2.76615382    1.89466360   24.56006581
     atom   16 type  2   force =     2.76615384   -1.89466364   24.56006579
     atom   17 type  2   force =    -0.37668408    1.89302483  -67.28211800
     atom   18 type  2   force =    -0.17690346   -2.72953666  -33.39472142
     atom   19 type  2   force =     0.37668410   -1.89302483  -67.28211800
     atom   20 type  2   force =     0.17690341    2.72953668  -33.39472144
     atom   21 type  2   force =     1.85393722    0.00154413  -20.08904043
     atom   22 type  2   force =    -1.85393721    0.00154410   20.08904040
     atom   23 type  2   force =     2.14585718   -0.16531730  -75.31611851
     atom   24 type  2   force =    -2.14585723   -0.16531730   75.31611846
     atom   25 type  2   force =    -2.61146436   -2.12201657  -74.49251390
     atom   26 type  2   force =     2.61146438    2.12201659  -74.49251393
     atom   27 type  2   force =     2.61146436   -2.12201657   74.49251390
     atom   28 type  2   force =    -2.61146437    2.12201657   74.49251390
     atom   29 type  2   force =     0.17690343   -2.72953670  -33.39472146
     atom   30 type  2   force =     0.37668409    1.89302488  -67.28211796
     atom   31 type  2   force =    -0.17690345    2.72953665  -33.39472142
     atom   32 type  2   force =    -0.37668407   -1.89302484  -67.28211801
     atom   33 type  2   force =    -2.14585720   -0.16531731  -75.31611851
     atom   34 type  2   force =     2.14585722   -0.16531730   75.31611846
     atom   35 type  2   force =    -1.85393724    0.00154414  -20.08904044
     atom   36 type  2   force =     1.85393720    0.00154410   20.08904040
     atom   37 type  1   force =    -1.28257909   -0.67843469  110.37187187
     atom   38 type  1   force =     1.28257907    0.67843469  110.37187183
     atom   39 type  1   force =     1.28257919   -0.67843477 -110.37187179
     atom   40 type  1   force =     1.28257907   -0.67843475  110.37187181
     atom   41 type  1   force =     3.73836498   -1.09839820 -109.94950568
     atom   42 type  1   force =    -3.73836479   -1.09839809  109.94950576
     atom   43 type  1   force =     0.00000006   -0.00000001   10.71590211
     atom   44 type  1   force =    -3.73836483   -1.09839824 -109.94950568
     atom   45 type  1   force =     3.73836495   -1.09839811  109.94950576
     atom   46 type  1   force =     0.00000002   -3.96182744    0.00000006
     atom   47 type  1   force =    -0.00000004    3.96182760    0.00000007
     atom   48 type  1   force =     0.00000000   -0.00000002   10.71590210
     atom   49 type  2   force =     2.61146439    2.12201659   74.49251393
     atom   50 type  2   force =    -2.61146437   -2.12201654   74.49251389
     atom   51 type  2   force =    -2.61146437    2.12201656  -74.49251391
     atom   52 type  2   force =     2.61146435   -2.12201653  -74.49251389
     atom   53 type  2   force =    -0.17690338    2.72953666   33.39472138
     atom   54 type  2   force =    -0.37668409   -1.89302482   67.28211796
     atom   55 type  2   force =     0.17690339   -2.72953669   33.39472139
     atom   56 type  2   force =     0.37668410    1.89302486   67.28211792
     atom   57 type  2   force =     2.14585722    0.16531734   75.31611846
     atom   58 type  2   force =    -2.14585716    0.16531731  -75.31611851
     atom   59 type  2   force =     1.85393724   -0.00154412   20.08904036
     atom   60 type  2   force =    -1.85393726   -0.00154412  -20.08904035
     atom   61 type  2   force =    -2.76615387   -1.89466360   24.56006585
     atom   62 type  2   force =     2.76615381    1.89466360   24.56006582
     atom   63 type  2   force =     2.76615385   -1.89466360  -24.56006579
     atom   64 type  2   force =    -2.76615378    1.89466357  -24.56006578
     atom   65 type  2   force =     0.37668411   -1.89302481   67.28211796
     atom   66 type  2   force =     0.17690340    2.72953662   33.39472134
     atom   67 type  2   force =    -0.37668410    1.89302482   67.28211796
     atom   68 type  2   force =    -0.17690341   -2.72953663   33.39472135
     atom   69 type  2   force =    -1.85393719   -0.00154408   20.08904037
     atom   70 type  2   force =     1.85393722   -0.00154415  -20.08904044
     atom   71 type  2   force =    -2.14585720    0.16531729   75.31611846
     atom   72 type  2   force =     2.14585718    0.16531734  -75.31611850
     atom   73 type  3   force =    -0.08240330   -0.44884650  -16.37912716
     atom   74 type  3   force =     0.08240327    0.44884650  -16.37912717
     atom   75 type  3   force =    -0.84293740   -0.24154893  -16.71177323
     atom   76 type  3   force =     0.84293743   -0.24154894   16.71177330
     atom   77 type  3   force =     0.18069896    0.13122622  -16.79440452
     atom   78 type  3   force =    -0.18069895   -0.13122622  -16.79440453
     atom   79 type  3   force =    -0.18069896    0.13122622   16.79440452
     atom   80 type  3   force =     0.18069896   -0.13122623   16.79440452
     atom   81 type  3   force =     0.08240327   -0.44884650  -16.37912716
     atom   82 type  3   force =    -0.08240330    0.44884649  -16.37912716
     atom   83 type  3   force =     0.84293740   -0.24154893  -16.71177323
     atom   84 type  3   force =    -0.84293743   -0.24154894   16.71177330
     atom   85 type  3   force =    -0.18069895   -0.13122622   16.79440453
     atom   86 type  3   force =     0.18069896    0.13122619   16.79440453
     atom   87 type  3   force =     0.18069896   -0.13122623  -16.79440453
     atom   88 type  3   force =    -0.18069896    0.13122619  -16.79440453
     atom   89 type  3   force =    -0.08240329    0.44884647   16.37912709
     atom   90 type  3   force =     0.08240326   -0.44884647   16.37912709
     atom   91 type  3   force =    -0.84293744    0.24154891   16.71177331
     atom   92 type  3   force =     0.84293738    0.24154891  -16.71177327
     atom   93 type  3   force =     0.08240326    0.44884648   16.37912710
     atom   94 type  3   force =    -0.08240329   -0.44884647   16.37912709
     atom   95 type  3   force =     0.84293742    0.24154892   16.71177334
     atom   96 type  3   force =    -0.84293741    0.24154890  -16.71177324
     The local contribution  to forces
     atom    1 type  1   force =    -1.26178887   -0.63050420  110.31592685
     atom    2 type  1   force =     1.26178867    0.63050417  110.31592681
     atom    3 type  1   force =     1.26178862   -0.63050419 -110.31592726
     atom    4 type  1   force =     1.26178870   -0.63050419  110.31592685
     atom    5 type  1   force =    -3.74638922   -1.08129415 -109.86460030
     atom    6 type  1   force =     3.74638900   -1.08129417  109.86459990
     atom    7 type  1   force =    -0.00000012   -3.95252099    0.00000008
     atom    8 type  1   force =    -0.00000012    3.95252097    0.00000008
     atom    9 type  1   force =    -0.00000009   -0.00000005   10.73439281
     atom   10 type  1   force =     3.74638900   -1.08129416 -109.86460030
     atom   11 type  1   force =    -3.74638921   -1.08129417  109.86459989
     atom   12 type  1   force =    -0.00000013   -0.00000002   10.73439282
     atom   13 type  2   force =    -2.66812533   -1.84306528   24.51702767
     atom   14 type  2   force =     2.66812529    1.84306538   24.51702758
     atom   15 type  2   force =     2.66812530   -1.84306529  -24.51702784
     atom   16 type  2   force =    -2.66812534    1.84306539  -24.51702786
     atom   17 type  2   force =     0.27334039   -1.47993090   68.56762962
     atom   18 type  2   force =     0.10717940    2.65679901   33.34742731
     atom   19 type  2   force =    -0.27334042    1.47993097   68.56762965
     atom   20 type  2   force =    -0.10717943   -2.65679896   33.34742734
     atom   21 type  2   force =    -1.80757736   -0.05517975   20.19900016
     atom   22 type  2   force =     1.80757729   -0.05517975  -20.19899937
     atom   23 type  2   force =    -1.60618040    0.18093347   76.55473216
     atom   24 type  2   force =     1.60618034    0.18093349  -76.55473242
     atom   25 type  2   force =     2.19338889    1.79759790   75.78489308
     atom   26 type  2   force =    -2.19338893   -1.79759779   75.78489300
     atom   27 type  2   force =    -2.19338893    1.79759788  -75.78489324
     atom   28 type  2   force =     2.19338889   -1.79759780  -75.78489324
     atom   29 type  2   force =    -0.10717942    2.65679904   33.34742728
     atom   30 type  2   force =    -0.27334041   -1.47993092   68.56762966
     atom   31 type  2   force =     0.10717939   -2.65679896   33.34742730
     atom   32 type  2   force =     0.27334038    1.47993098   68.56762970
     atom   33 type  2   force =     1.60618034    0.18093347   76.55473224
     atom   34 type  2   force =    -1.60618040    0.18093345  -76.55473238
     atom   35 type  2   force =     1.80757729   -0.05517975   20.19900008
     atom   36 type  2   force =    -1.80757736   -0.05517972  -20.19899943
     atom   37 type  1   force =     1.26178873    0.63050413 -110.31592724
     atom   38 type  1   force =    -1.26178892   -0.63050417 -110.31592728
     atom   39 type  1   force =    -1.26178898    0.63050414  110.31592683
     atom   40 type  1   force =    -1.26178890    0.63050415 -110.31592724
     atom   41 type  1   force =    -3.74638799    1.08129417  109.86459993
     atom   42 type  1   force =     3.74638901    1.08129417 -109.86460034
     atom   43 type  1   force =    -0.00000013   -0.00000002  -10.73439138
     atom   44 type  1   force =     3.74638900    1.08129419  109.86459992
     atom   45 type  1   force =    -3.74638798    1.08129416 -109.86460033
     atom   46 type  1   force =    -0.00000012    3.95252095    0.00000008
     atom   47 type  1   force =    -0.00000012   -3.95251974    0.00000008
     atom   48 type  1   force =    -0.00000009   -0.00000005  -10.73439138
     atom   49 type  2   force =    -2.19338891   -1.79759780  -75.78489320
     atom   50 type  2   force =     2.19338887    1.79759790  -75.78489327
     atom   51 type  2   force =     2.19338887   -1.79759781   75.78489303
     atom   52 type  2   force =    -2.19338891    1.79759789   75.78489303
     atom   53 type  2   force =     0.10717940   -2.65679895  -33.34742662
     atom   54 type  2   force =     0.27334039    1.47993097  -68.56762895
     atom   55 type  2   force =    -0.10717943    2.65679902  -33.34742660
     atom   56 type  2   force =    -0.27334042   -1.47993091  -68.56762891
     atom   57 type  2   force =    -1.60618038   -0.18093342  -76.55473237
     atom   58 type  2   force =     1.60618032   -0.18093344   76.55473223
     atom   59 type  2   force =    -1.80757738    0.05517979  -20.19899942
     atom   60 type  2   force =     1.80757731    0.05517983   20.19900007
     atom   61 type  2   force =     2.66812532    1.84306539  -24.51702782
     atom   62 type  2   force =    -2.66812536   -1.84306529  -24.51702791
     atom   63 type  2   force =    -2.66812536    1.84306537   24.51702765
     atom   64 type  2   force =     2.66812531   -1.84306527   24.51702763
     atom   65 type  2   force =    -0.27334040    1.47993099  -68.56762899
     atom   66 type  2   force =    -0.10717941   -2.65679897  -33.34742659
     atom   67 type  2   force =     0.27334037   -1.47993091  -68.56762896
     atom   68 type  2   force =     0.10717938    2.65679902  -33.34742656
     atom   69 type  2   force =     1.80757732    0.05517979  -20.19899934
     atom   70 type  2   force =    -1.80757738    0.05517979   20.19900013
     atom   71 type  2   force =     1.60618031   -0.18093342  -76.55473245
     atom   72 type  2   force =    -1.60618038   -0.18093340   76.55473219
     atom   73 type  3   force =     0.08657784    0.42705902   16.28346185
     atom   74 type  3   force =    -0.08657778   -0.42705902   16.28346185
     atom   75 type  3   force =     0.81997362    0.23974349   16.61998457
     atom   76 type  3   force =    -0.81997364    0.23974349  -16.61998458
     atom   77 type  3   force =    -0.16689161   -0.12023357   16.69962678
     atom   78 type  3   force =     0.16689161    0.12023357   16.69962678
     atom   79 type  3   force =     0.16689161   -0.12023357  -16.69962678
     atom   80 type  3   force =    -0.16689161    0.12023357  -16.69962678
     atom   81 type  3   force =    -0.08657778    0.42705902   16.28346185
     atom   82 type  3   force =     0.08657784   -0.42705902   16.28346185
     atom   83 type  3   force =    -0.81997362    0.23974349   16.61998457
     atom   84 type  3   force =     0.81997364    0.23974349  -16.61998458
     atom   85 type  3   force =     0.16689161    0.12023357  -16.69962678
     atom   86 type  3   force =    -0.16689161   -0.12023351  -16.69962678
     atom   87 type  3   force =    -0.16689161    0.12023357   16.69962678
     atom   88 type  3   force =     0.16689161   -0.12023351   16.69962678
     atom   89 type  3   force =     0.08657784   -0.42705901  -16.28346184
     atom   90 type  3   force =    -0.08657778    0.42705902  -16.28346185
     atom   91 type  3   force =     0.81997365   -0.23974343  -16.61998458
     atom   92 type  3   force =    -0.81997357   -0.23974343   16.61998460
     atom   93 type  3   force =    -0.08657778   -0.42705902  -16.28346185
     atom   94 type  3   force =     0.08657784    0.42705901  -16.28346185
     atom   95 type  3   force =    -0.81997358   -0.23974344  -16.61998461
     atom   96 type  3   force =     0.81997363   -0.23974343   16.61998458
     The core correction contribution to forces
     atom    1 type  1   force =    -0.00072463    0.00151873    0.00353162
     atom    2 type  1   force =     0.00072461   -0.00151873    0.00353162
     atom    3 type  1   force =     0.00072461    0.00151873   -0.00353166
     atom    4 type  1   force =     0.00072461    0.00151873    0.00353162
     atom    5 type  1   force =     0.00129188   -0.00068641   -0.00225710
     atom    6 type  1   force =    -0.00129189   -0.00068641    0.00225706
     atom    7 type  1   force =    -0.00000001    0.00127160    0.00000000
     atom    8 type  1   force =    -0.00000001   -0.00127160    0.00000000
     atom    9 type  1   force =    -0.00000001   -0.00000000    0.00130516
     atom   10 type  1   force =    -0.00129189   -0.00068641   -0.00225710
     atom   11 type  1   force =     0.00129188   -0.00068641    0.00225706
     atom   12 type  1   force =    -0.00000001    0.00000000    0.00130516
     atom   13 type  2   force =     0.00067926    0.00027345   -0.00018753
     atom   14 type  2   force =    -0.00067926   -0.00027345   -0.00018753
     atom   15 type  2   force =    -0.00067926    0.00027345    0.00018753
     atom   16 type  2   force =     0.00067926   -0.00027345    0.00018753
     atom   17 type  2   force =    -0.00095487    0.00311044    0.01000054
     atom   18 type  2   force =    -0.00060259   -0.00034467   -0.00013807
     atom   19 type  2   force =     0.00095487   -0.00311044    0.01000054
     atom   20 type  2   force =     0.00060259    0.00034467   -0.00013807
     atom   21 type  2   force =     0.00020976   -0.00039667    0.00087082
     atom   22 type  2   force =    -0.00020976   -0.00039668   -0.00087082
     atom   23 type  2   force =     0.00404334    0.00000890    0.01011916
     atom   24 type  2   force =    -0.00404334    0.00000890   -0.01011916
     atom   25 type  2   force =    -0.00329509   -0.00253145    0.01038632
     atom   26 type  2   force =     0.00329509    0.00253145    0.01038632
     atom   27 type  2   force =     0.00329509   -0.00253145   -0.01038632
     atom   28 type  2   force =    -0.00329509    0.00253145   -0.01038632
     atom   29 type  2   force =     0.00060259   -0.00034467   -0.00013807
     atom   30 type  2   force =     0.00095487    0.00311044    0.01000054
     atom   31 type  2   force =    -0.00060259    0.00034467   -0.00013807
     atom   32 type  2   force =    -0.00095487   -0.00311044    0.01000054
     atom   33 type  2   force =    -0.00404334    0.00000890    0.01011916
     atom   34 type  2   force =     0.00404334    0.00000890   -0.01011916
     atom   35 type  2   force =    -0.00020976   -0.00039667    0.00087082
     atom   36 type  2   force =     0.00020976   -0.00039667   -0.00087082
     atom   37 type  1   force =     0.00072462   -0.00151873   -0.00353166
     atom   38 type  1   force =    -0.00072463    0.00151873   -0.00353166
     atom   39 type  1   force =    -0.00072464   -0.00151873    0.00353162
     atom   40 type  1   force =    -0.00072463   -0.00151873   -0.00353166
     atom   41 type  1   force =     0.00129199    0.00068641    0.00225706
     atom   42 type  1   force =    -0.00129189    0.00068641   -0.00225710
     atom   43 type  1   force =    -0.00000001    0.00000000   -0.00130506
     atom   44 type  1   force =    -0.00129189    0.00068641    0.00225706
     atom   45 type  1   force =     0.00129199    0.00068641   -0.00225710
     atom   46 type  1   force =    -0.00000001   -0.00127161    0.00000000
     atom   47 type  1   force =    -0.00000001    0.00127172    0.00000000
     atom   48 type  1   force =    -0.00000001   -0.00000000   -0.00130507
     atom   49 type  2   force =     0.00329509    0.00253145   -0.01038632
     atom   50 type  2   force =    -0.00329509   -0.00253145   -0.01038632
     atom   51 type  2   force =    -0.00329509    0.00253145    0.01038632
     atom   52 type  2   force =     0.00329509   -0.00253145    0.01038632
     atom   53 type  2   force =    -0.00060259    0.00034467    0.00013807
     atom   54 type  2   force =    -0.00095487   -0.00311044   -0.01000053
     atom   55 type  2   force =     0.00060259   -0.00034467    0.00013807
     atom   56 type  2   force =     0.00095487    0.00311044   -0.01000053
     atom   57 type  2   force =     0.00404334   -0.00000890   -0.01011916
     atom   58 type  2   force =    -0.00404334   -0.00000890    0.01011916
     atom   59 type  2   force =     0.00020976    0.00039668   -0.00087082
     atom   60 type  2   force =    -0.00020976    0.00039668    0.00087082
     atom   61 type  2   force =    -0.00067926   -0.00027345    0.00018753
     atom   62 type  2   force =     0.00067926    0.00027345    0.00018753
     atom   63 type  2   force =     0.00067926   -0.00027345   -0.00018753
     atom   64 type  2   force =    -0.00067926    0.00027345   -0.00018753
     atom   65 type  2   force =     0.00095487   -0.00311044   -0.01000053
     atom   66 type  2   force =     0.00060259    0.00034467    0.00013807
     atom   67 type  2   force =    -0.00095487    0.00311044   -0.01000053
     atom   68 type  2   force =    -0.00060259   -0.00034467    0.00013807
     atom   69 type  2   force =    -0.00020976    0.00039668   -0.00087082
     atom   70 type  2   force =     0.00020976    0.00039668    0.00087082
     atom   71 type  2   force =    -0.00404334   -0.00000890   -0.01011916
     atom   72 type  2   force =     0.00404334   -0.00000890    0.01011916
     atom   73 type  3   force =     0.00000000    0.00000000    0.00000000
     atom   74 type  3   force =     0.00000000    0.00000000    0.00000000
     atom   75 type  3   force =     0.00000000    0.00000000    0.00000000
     atom   76 type  3   force =     0.00000000    0.00000000    0.00000000
     atom   77 type  3   force =     0.00000000    0.00000000    0.00000000
     atom   78 type  3   force =     0.00000000    0.00000000    0.00000000
     atom   79 type  3   force =     0.00000000    0.00000000    0.00000000
     atom   80 type  3   force =     0.00000000    0.00000000    0.00000000
     atom   81 type  3   force =     0.00000000    0.00000000    0.00000000
     atom   82 type  3   force =     0.00000000    0.00000000    0.00000000
     atom   83 type  3   force =     0.00000000    0.00000000    0.00000000
     atom   84 type  3   force =     0.00000000    0.00000000    0.00000000
     atom   85 type  3   force =     0.00000000    0.00000000    0.00000000
     atom   86 type  3   force =     0.00000000    0.00000000    0.00000000
     atom   87 type  3   force =     0.00000000    0.00000000    0.00000000
     atom   88 type  3   force =     0.00000000    0.00000000    0.00000000
     atom   89 type  3   force =     0.00000000    0.00000000    0.00000000
     atom   90 type  3   force =     0.00000000    0.00000000    0.00000000
     atom   91 type  3   force =     0.00000000    0.00000000    0.00000000
     atom   92 type  3   force =     0.00000000    0.00000000    0.00000000
     atom   93 type  3   force =     0.00000000    0.00000000    0.00000000
     atom   94 type  3   force =     0.00000000    0.00000000    0.00000000
     atom   95 type  3   force =     0.00000000    0.00000000    0.00000000
     atom   96 type  3   force =     0.00000000    0.00000000    0.00000000
     The Hubbard contrib.    to forces
     atom    1 type  1   force =     0.00000000    0.00000000    0.00000000
     atom    2 type  1   force =     0.00000000    0.00000000    0.00000000
     atom    3 type  1   force =     0.00000000    0.00000000    0.00000000
     atom    4 type  1   force =     0.00000000    0.00000000    0.00000000
     atom    5 type  1   force =     0.00000000    0.00000000    0.00000000
     atom    6 type  1   force =     0.00000000    0.00000000    0.00000000
     atom    7 type  1   force =     0.00000000    0.00000000    0.00000000
     atom    8 type  1   force =     0.00000000    0.00000000    0.00000000
     atom    9 type  1   force =     0.00000000    0.00000000    0.00000000
     atom   10 type  1   force =     0.00000000    0.00000000    0.00000000
     atom   11 type  1   force =     0.00000000    0.00000000    0.00000000
     atom   12 type  1   force =     0.00000000    0.00000000    0.00000000
     atom   13 type  2   force =     0.00000000    0.00000000    0.00000000
     atom   14 type  2   force =     0.00000000    0.00000000    0.00000000
     atom   15 type  2   force =     0.00000000    0.00000000    0.00000000
     atom   16 type  2   force =     0.00000000    0.00000000    0.00000000
     atom   17 type  2   force =     0.00000000    0.00000000    0.00000000
     atom   18 type  2   force =     0.00000000    0.00000000    0.00000000
     atom   19 type  2   force =     0.00000000    0.00000000    0.00000000
     atom   20 type  2   force =     0.00000000    0.00000000    0.00000000
     atom   21 type  2   force =     0.00000000    0.00000000    0.00000000
     atom   22 type  2   force =     0.00000000    0.00000000    0.00000000
     atom   23 type  2   force =     0.00000000    0.00000000    0.00000000
     atom   24 type  2   force =     0.00000000    0.00000000    0.00000000
     atom   25 type  2   force =     0.00000000    0.00000000    0.00000000
     atom   26 type  2   force =     0.00000000    0.00000000    0.00000000
     atom   27 type  2   force =     0.00000000    0.00000000    0.00000000
     atom   28 type  2   force =     0.00000000    0.00000000    0.00000000
     atom   29 type  2   force =     0.00000000    0.00000000    0.00000000
     atom   30 type  2   force =     0.00000000    0.00000000    0.00000000
     atom   31 type  2   force =     0.00000000    0.00000000    0.00000000
     atom   32 type  2   force =     0.00000000    0.00000000    0.00000000
     atom   33 type  2   force =     0.00000000    0.00000000    0.00000000
     atom   34 type  2   force =     0.00000000    0.00000000    0.00000000
     atom   35 type  2   force =     0.00000000    0.00000000    0.00000000
     atom   36 type  2   force =     0.00000000    0.00000000    0.00000000
     atom   37 type  1   force =     0.00000000    0.00000000    0.00000000
     atom   38 type  1   force =     0.00000000    0.00000000    0.00000000
     atom   39 type  1   force =     0.00000000    0.00000000    0.00000000
     atom   40 type  1   force =     0.00000000    0.00000000    0.00000000
     atom   41 type  1   force =     0.00000000    0.00000000    0.00000000
     atom   42 type  1   force =     0.00000000    0.00000000    0.00000000
     atom   43 type  1   force =     0.00000000    0.00000000    0.00000000
     atom   44 type  1   force =     0.00000000    0.00000000    0.00000000
     atom   45 type  1   force =     0.00000000    0.00000000    0.00000000
     atom   46 type  1   force =     0.00000000    0.00000000    0.00000000
     atom   47 type  1   force =     0.00000000    0.00000000    0.00000000
     atom   48 type  1   force =     0.00000000    0.00000000    0.00000000
     atom   49 type  2   force =     0.00000000    0.00000000    0.00000000
     atom   50 type  2   force =     0.00000000    0.00000000    0.00000000
     atom   51 type  2   force =     0.00000000    0.00000000    0.00000000
     atom   52 type  2   force =     0.00000000    0.00000000    0.00000000
     atom   53 type  2   force =     0.00000000    0.00000000    0.00000000
     atom   54 type  2   force =     0.00000000    0.00000000    0.00000000
     atom   55 type  2   force =     0.00000000    0.00000000    0.00000000
     atom   56 type  2   force =     0.00000000    0.00000000    0.00000000
     atom   57 type  2   force =     0.00000000    0.00000000    0.00000000
     atom   58 type  2   force =     0.00000000    0.00000000    0.00000000
     atom   59 type  2   force =     0.00000000    0.00000000    0.00000000
     atom   60 type  2   force =     0.00000000    0.00000000    0.00000000
     atom   61 type  2   force =     0.00000000    0.00000000    0.00000000
     atom   62 type  2   force =     0.00000000    0.00000000    0.00000000
     atom   63 type  2   force =     0.00000000    0.00000000    0.00000000
     atom   64 type  2   force =     0.00000000    0.00000000    0.00000000
     atom   65 type  2   force =     0.00000000    0.00000000    0.00000000
     atom   66 type  2   force =     0.00000000    0.00000000    0.00000000
     atom   67 type  2   force =     0.00000000    0.00000000    0.00000000
     atom   68 type  2   force =     0.00000000    0.00000000    0.00000000
     atom   69 type  2   force =     0.00000000    0.00000000    0.00000000
     atom   70 type  2   force =     0.00000000    0.00000000    0.00000000
     atom   71 type  2   force =     0.00000000    0.00000000    0.00000000
     atom   72 type  2   force =     0.00000000    0.00000000    0.00000000
     atom   73 type  3   force =     0.00000000    0.00000000    0.00000000
     atom   74 type  3   force =     0.00000000    0.00000000    0.00000000
     atom   75 type  3   force =     0.00000000    0.00000000    0.00000000
     atom   76 type  3   force =     0.00000000    0.00000000    0.00000000
     atom   77 type  3   force =     0.00000000    0.00000000    0.00000000
     atom   78 type  3   force =     0.00000000    0.00000000    0.00000000
     atom   79 type  3   force =     0.00000000    0.00000000    0.00000000
     atom   80 type  3   force =     0.00000000    0.00000000    0.00000000
     atom   81 type  3   force =     0.00000000    0.00000000    0.00000000
     atom   82 type  3   force =     0.00000000    0.00000000    0.00000000
     atom   83 type  3   force =     0.00000000    0.00000000    0.00000000
     atom   84 type  3   force =     0.00000000    0.00000000    0.00000000
     atom   85 type  3   force =     0.00000000    0.00000000    0.00000000
     atom   86 type  3   force =     0.00000000    0.00000000    0.00000000
     atom   87 type  3   force =     0.00000000    0.00000000    0.00000000
     atom   88 type  3   force =     0.00000000    0.00000000    0.00000000
     atom   89 type  3   force =     0.00000000    0.00000000    0.00000000
     atom   90 type  3   force =     0.00000000    0.00000000    0.00000000
     atom   91 type  3   force =     0.00000000    0.00000000    0.00000000
     atom   92 type  3   force =     0.00000000    0.00000000    0.00000000
     atom   93 type  3   force =     0.00000000    0.00000000    0.00000000
     atom   94 type  3   force =     0.00000000    0.00000000    0.00000000
     atom   95 type  3   force =     0.00000000    0.00000000    0.00000000
     atom   96 type  3   force =     0.00000000    0.00000000    0.00000000
     The SCF correction term to forces
     atom    1 type  1   force =    -0.00000255   -0.00000018    0.00002334
     atom    2 type  1   force =     0.00000255    0.00000018    0.00002334
     atom    3 type  1   force =     0.00000255   -0.00000018   -0.00002353
     atom    4 type  1   force =     0.00000254   -0.00000018    0.00002334
     atom    5 type  1   force =     0.00000833   -0.00000326   -0.00002060
     atom    6 type  1   force =    -0.00000832   -0.00000326    0.00002041
     atom    7 type  1   force =     0.00000000    0.00000421   -0.00000014
     atom    8 type  1   force =    -0.00000000   -0.00000421   -0.00000013
     atom    9 type  1   force =    -0.00000000    0.00000000    0.00000999
     atom   10 type  1   force =    -0.00000833   -0.00000326   -0.00002060
     atom   11 type  1   force =     0.00000832   -0.00000326    0.00002041
     atom   12 type  1   force =     0.00000000    0.00000000    0.00000999
     atom   13 type  2   force =     0.00000299    0.00000235    0.00000717
     atom   14 type  2   force =    -0.00000299   -0.00000235    0.00000717
     atom   15 type  2   force =    -0.00000299    0.00000235   -0.00000729
     atom   16 type  2   force =     0.00000299   -0.00000236   -0.00000729
     atom   17 type  2   force =    -0.00000031    0.00000275    0.00000463
     atom   18 type  2   force =     0.00000113   -0.00000321    0.00000450
     atom   19 type  2   force =     0.00000031   -0.00000275    0.00000463
     atom   20 type  2   force =    -0.00000114    0.00000321    0.00000450
     atom   21 type  2   force =     0.00000191   -0.00000101    0.00000899
     atom   22 type  2   force =    -0.00000191   -0.00000101   -0.00000911
     atom   23 type  2   force =     0.00000155   -0.00000028    0.00000136
     atom   24 type  2   force =    -0.00000155   -0.00000028   -0.00000139
     atom   25 type  2   force =    -0.00000076   -0.00000065   -0.00000094
     atom   26 type  2   force =     0.00000076    0.00000065   -0.00000094
     atom   27 type  2   force =     0.00000076   -0.00000065    0.00000091
     atom   28 type  2   force =    -0.00000076    0.00000065    0.00000091
     atom   29 type  2   force =    -0.00000114   -0.00000321    0.00000450
     atom   30 type  2   force =     0.00000031    0.00000275    0.00000463
     atom   31 type  2   force =     0.00000114    0.00000321    0.00000450
     atom   32 type  2   force =    -0.00000031   -0.00000275    0.00000463
     atom   33 type  2   force =    -0.00000155   -0.00000028    0.00000136
     atom   34 type  2   force =     0.00000155   -0.00000028   -0.00000139
     atom   35 type  2   force =    -0.00000191   -0.00000101    0.00000899
     atom   36 type  2   force =     0.00000191   -0.00000101   -0.00000911
     atom   37 type  1   force =     0.00000255    0.00000018   -0.00002353
     atom   38 type  1   force =    -0.00000255   -0.00000018   -0.00002353
     atom   39 type  1   force =    -0.00000255    0.00000018    0.00002334
     atom   40 type  1   force =    -0.00000255    0.00000018   -0.00002353
     atom   41 type  1   force =     0.00000832    0.00000326    0.00002041
     atom   42 type  1   force =    -0.00000833    0.00000326   -0.00002060
     atom   43 type  1   force =     0.00000000    0.00000000   -0.00001026
     atom   44 type  1   force =    -0.00000832    0.00000326    0.00002041
     atom   45 type  1   force =     0.00000833    0.00000326   -0.00002060
     atom   46 type  1   force =    -0.00000000   -0.00000422   -0.00000013
     atom   47 type  1   force =     0.00000000    0.00000422   -0.00000013
     atom   48 type  1   force =    -0.00000000   -0.00000000   -0.00001026
     atom   49 type  2   force =     0.00000076    0.00000065    0.00000091
     atom   50 type  2   force =    -0.00000076   -0.00000065    0.00000091
     atom   51 type  2   force =    -0.00000076    0.00000065   -0.00000094
     atom   52 type  2   force =     0.00000076   -0.00000065   -0.00000094
     atom   53 type  2   force =     0.00000114    0.00000321   -0.00000461
     atom   54 type  2   force =    -0.00000031   -0.00000276   -0.00000468
     atom   55 type  2   force =    -0.00000114   -0.00000321   -0.00000461
     atom   56 type  2   force =     0.00000031    0.00000276   -0.00000468
     atom   57 type  2   force =     0.00000155    0.00000028   -0.00000139
     atom   58 type  2   force =    -0.00000155    0.00000028    0.00000135
     atom   59 type  2   force =     0.00000191    0.00000101   -0.00000911
     atom   60 type  2   force =    -0.00000191    0.00000101    0.00000899
     atom   61 type  2   force =    -0.00000299   -0.00000235   -0.00000729
     atom   62 type  2   force =     0.00000299    0.00000235   -0.00000729
     atom   63 type  2   force =     0.00000299   -0.00000235    0.00000717
     atom   64 type  2   force =    -0.00000299    0.00000235    0.00000717
     atom   65 type  2   force =     0.00000031   -0.00000276   -0.00000468
     atom   66 type  2   force =    -0.00000114    0.00000321   -0.00000461
     atom   67 type  2   force =    -0.00000031    0.00000276   -0.00000468
     atom   68 type  2   force =     0.00000113   -0.00000321   -0.00000461
     atom   69 type  2   force =    -0.00000191    0.00000101   -0.00000911
     atom   70 type  2   force =     0.00000191    0.00000101    0.00000899
     atom   71 type  2   force =    -0.00000155    0.00000028   -0.00000139
     atom   72 type  2   force =     0.00000155    0.00000028    0.00000136
     atom   73 type  3   force =    -0.00000002    0.00000025    0.00000017
     atom   74 type  3   force =     0.00000002   -0.00000025    0.00000017
     atom   75 type  3   force =     0.00000058    0.00000007    0.00000122
     atom   76 type  3   force =    -0.00000058    0.00000007   -0.00000122
     atom   77 type  3   force =    -0.00000009   -0.00000002   -0.00000058
     atom   78 type  3   force =     0.00000009    0.00000002   -0.00000058
     atom   79 type  3   force =     0.00000009   -0.00000002    0.00000058
     atom   80 type  3   force =    -0.00000009    0.00000002    0.00000058
     atom   81 type  3   force =     0.00000002    0.00000025    0.00000017
     atom   82 type  3   force =    -0.00000002   -0.00000025    0.00000017
     atom   83 type  3   force =    -0.00000058    0.00000007    0.00000122
     atom   84 type  3   force =     0.00000058    0.00000007   -0.00000122
     atom   85 type  3   force =     0.00000009    0.00000002    0.00000058
     atom   86 type  3   force =    -0.00000009   -0.00000002    0.00000058
     atom   87 type  3   force =    -0.00000009    0.00000002   -0.00000058
     atom   88 type  3   force =     0.00000009   -0.00000002   -0.00000058
     atom   89 type  3   force =    -0.00000002   -0.00000025   -0.00000017
     atom   90 type  3   force =     0.00000002    0.00000025   -0.00000017
     atom   91 type  3   force =     0.00000058   -0.00000007   -0.00000122
     atom   92 type  3   force =    -0.00000058   -0.00000007    0.00000122
     atom   93 type  3   force =     0.00000002   -0.00000025   -0.00000017
     atom   94 type  3   force =    -0.00000002    0.00000025   -0.00000017
     atom   95 type  3   force =    -0.00000058   -0.00000007   -0.00000122
     atom   96 type  3   force =     0.00000058   -0.00000007    0.00000122

     Total force =     0.265842     Total SCF correction =     0.000104


     Computing stress (Cartesian axis) and pressure


     negative rho (up, down):  1.699E-03 0.000E+00
          total   stress  (Ry/bohr**3)                   (kbar)     P=       -3.10
   0.00002334   0.00000000   0.00000000            3.43        0.00        0.00
   0.00000000   0.00001905   0.00000000            0.00        2.80        0.00
   0.00000000   0.00000000  -0.00010553            0.00        0.00      -15.52

     kinetic stress (kbar)   7680.67      0.00      0.00
                                0.00   7679.64      0.00
                                0.00      0.00   7399.51

     local   stress (kbar)-453050.67     -0.00     -0.00
                               -0.00-453452.50      0.00
                               -0.00      0.00 450212.09

     nonloc. stress (kbar)   -532.00      0.00      0.00
                                0.00   -531.68      0.00
                                0.00      0.00   -542.96

     hartree stress (kbar) 227253.55      0.00      0.00
                                0.00 227424.64     -0.00
                                0.00     -0.00-222466.99

     exc-cor stress (kbar)   2473.02      0.00      0.00
                                0.00   2473.16     -0.00
                                0.00     -0.00   2476.40

     corecor stress (kbar)  -4299.92      0.00     -0.00
                                0.00  -4299.91      0.00
                               -0.00      0.00  -4298.86

     ewald   stress (kbar) 220478.79      0.00      0.00
                                0.00 220709.46      0.00
                                0.00      0.00-232794.72

     hubbard stress (kbar)      0.00      0.00      0.00
                                0.00      0.00      0.00
                                0.00      0.00      0.00

     DFT-D   stress (kbar)      0.00      0.00      0.00
                                0.00      0.00      0.00
                                0.00      0.00      0.00

     XDM     stress (kbar)      0.00      0.00      0.00
                                0.00      0.00      0.00
                                0.00      0.00      0.00

     dft-nl  stress (kbar)      0.00      0.00      0.00
                                0.00      0.00      0.00
                                0.00      0.00      0.00

     TS-vdW  stress (kbar)      0.00      0.00      0.00
                                0.00      0.00      0.00
                                0.00      0.00      0.00

     MDB     stress (kbar)      0.00      0.00      0.00
                                0.00      0.00      0.00
                                0.00      0.00      0.00

     3D-RISM stress (kbar)      0.00      0.00      0.00
                                0.00      0.00      0.00
                                0.00      0.00      0.00


     Writing all to output data dir ./tmp/slab.save/ :
     XML data file, charge density, pseudopotentials, collected wavefunctions

     init_run     :     25.92s CPU     26.93s WALL (       1 calls)
     electrons    :   3977.06s CPU   4085.66s WALL (       1 calls)
     forces       :     25.79s CPU     26.39s WALL (       1 calls)
     stress       :     48.73s CPU     49.57s WALL (       1 calls)

     Called by init_run:
     wfcinit      :     15.98s CPU     16.53s WALL (       1 calls)
     wfcinit:atom :      0.09s CPU      0.12s WALL (       1 calls)
     wfcinit:wfcr :     14.67s CPU     15.11s WALL (       1 calls)
     potinit      :      2.53s CPU      2.72s WALL (       1 calls)
     hinit0       :      0.95s CPU      1.00s WALL (       1 calls)

     Called by electrons:
     c_bands      :   3244.23s CPU   3313.88s WALL (      64 calls)
     sum_band     :    394.59s CPU    411.71s WALL (      64 calls)
     v_of_rho     :     56.83s CPU     61.86s WALL (      65 calls)
     v_h          :      3.42s CPU      3.81s WALL (      65 calls)
     v_xc         :     55.13s CPU     59.95s WALL (      67 calls)
     newd         :     67.45s CPU     75.25s WALL (      65 calls)
     PAW_pot      :     49.01s CPU     49.36s WALL (      65 calls)
     mix_rho      :    161.53s CPU    170.04s WALL (      64 calls)

     Called by c_bands:
     init_us_2    :     17.35s CPU     17.58s WALL (     130 calls)
     cegterg      :   3006.44s CPU   3074.42s WALL (      64 calls)

     Called by sum_band:
     sum_band:wei :      0.08s CPU      0.08s WALL (      64 calls)
     sum_band:loo :    292.87s CPU    300.12s WALL (      64 calls)
     sum_band:buf :      0.00s CPU      0.00s WALL (      64 calls)
     sum_band:ini :      8.75s CPU      8.84s WALL (      64 calls)
     sum_band:cal :    118.02s CPU    119.01s WALL (      64 calls)
     sum_band:bec :      0.04s CPU      0.04s WALL (      64 calls)
     addusdens    :     57.91s CPU     66.34s WALL (      64 calls)
                                        0.00s GPU  (      64 calls)
     addusd:skk   :      3.58s CPU      5.82s WALL (     192 calls)
                                        0.00s GPU  (     192 calls)

     Called by *egterg:
     cdiaghg      :     30.65s CPU     31.73s WALL (     481 calls)
     cegterg:over :    352.90s CPU    355.49s WALL (     417 calls)
     cegterg:upda :    200.54s CPU    204.86s WALL (     417 calls)
     cegterg:last :    461.54s CPU    464.98s WALL (     164 calls)
     cdiaghg:chol :      2.22s CPU      2.24s WALL (     481 calls)
     cdiaghg:inve :      0.48s CPU      0.49s WALL (     481 calls)
     cdiaghg:para :      7.82s CPU      8.28s WALL (     962 calls)
     h_psi        :   1538.52s CPU   1588.40s WALL (     482 calls)
     s_psi        :    325.23s CPU    327.54s WALL (     482 calls)
     g_psi        :     11.28s CPU     11.39s WALL (     417 calls)

     Called by h_psi:
     h_psi:calbec :    354.14s CPU    356.98s WALL (     482 calls)
     vloc_psi     :    852.61s CPU    894.75s WALL (     482 calls)
                                        0.00s GPU  (     482 calls)
     add_vuspsi   :    328.08s CPU    330.38s WALL (     482 calls)

     General routines
     calbec       :    503.80s CPU    507.87s WALL (     563 calls)
     fft          :     45.92s CPU     50.09s WALL (     868 calls)
     ffts         :     86.93s CPU     93.42s WALL (    7878 calls)
     fftw         :    922.40s CPU    969.59s WALL (  140602 calls)
     interpolate  :      4.69s CPU      5.00s WALL (      65 calls)

     Parallel routines

     PAW routines
     PAW_pot      :     49.01s CPU     49.36s WALL (      65 calls)
     PAW_symme    :      0.18s CPU      0.18s WALL (     129 calls)

     PWSCF        :      1h 7m CPU      1h 9m WALL


   This run was terminated on:  11:56:58  27Sep2026            

=------------------------------------------------------------------------------=
   JOB DONE.
=------------------------------------------------------------------------------=
