    0.000000000    0.229082473    0.229082784
    0.021967776    0.229082516    0.229082785
    0.043935552    0.229082634    0.229082787
    0.065903327    0.229082796    0.229082789
    0.087871103    0.229082957    0.229082792
    0.109838879    0.229083075    0.229082794
    0.131806655    0.229083119    0.229082795
    0.153774430    0.229083076    0.229082794
    0.175742206    0.229082958    0.229082792
    0.197709982    0.229082796    0.229082789
    0.219677758    0.229082635    0.229082786
    0.241645533    0.229082516    0.229082784
    0.263613309    0.229082472    0.229082783
    0.285581085    0.229082515    0.229082784
    0.307548861    0.229082632    0.229082786
    0.329516636    0.229082794    0.229082788
    0.351484412    0.229082955    0.229082791
    0.373452188    0.229083074    0.229082793
    0.395419964    0.229083118    0.229082794
    0.417387739    0.229083075    0.229082793
    0.439355515    0.229082958    0.229082791
    0.461323291    0.229082796    0.229082788
    0.483291067    0.229082634    0.229082785
    0.505258843    0.229082515    0.229082783
    0.527226618    0.229082471    0.229082782
    0.549194394    0.229082513    0.229082783
    0.571162170    0.229082630    0.229082784
    0.593129946    0.229082791    0.229082787
    0.615097721    0.229082953    0.229082790
    0.637065497    0.229083072    0.229082791
    0.659033273    0.229083117    0.229082792
    0.681001049    0.229083074    0.229082791
    0.702968824    0.229082957    0.229082789
    0.724936600    0.229082796    0.229082786
    0.746904376    0.229082633    0.229082783
    0.768872152    0.229082514    0.229082781
    0.790839927    0.229082469    0.229082780
    0.812807703    0.229082510    0.229082781
    0.834775479    0.229082627    0.229082783
    0.856743255    0.229082788    0.229082785
    0.878711031    0.229082950    0.229082788
    0.900678806    0.229083070    0.229082790
    0.922646582    0.229083115    0.229082790
    0.944614358    0.229083073    0.229082789
    0.966582134    0.229082956    0.229082787
    0.988549909    0.229082795    0.229082784
    1.010517685    0.229082632    0.229082781
    1.032485461    0.229082512    0.229082779
    1.054453237    0.229082466    0.229082778
    1.076421012    0.229082507    0.229082778
    1.098388788    0.229082624    0.229082780
    1.120356564    0.229082785    0.229082783
    1.142324340    0.229082947    0.229082785
    1.164292115    0.229083067    0.229082787
    1.186259891    0.229083113    0.229082788
    1.208227667    0.229083072    0.229082787
    1.230195443    0.229082955    0.229082785
    1.252163218    0.229082793    0.229082782
    1.274130994    0.229082630    0.229082779
    1.296098770    0.229082509    0.229082776
    1.318066546    0.229082463    0.229082775
    1.340034322    0.229082504    0.229082776
    1.362002097    0.229082620    0.229082777
    1.383969873    0.229082781    0.229082780
    1.405937649    0.229082944    0.229082782
    1.427905425    0.229083064    0.229082784
    1.449873200    0.229083110    0.229082785
    1.471840976    0.229083070    0.229082784
    1.493808752    0.229082953    0.229082782
    1.515776528    0.229082791    0.229082779
    1.537744303    0.229082628    0.229082776
    1.559712079    0.229082506    0.229082773
    1.581679855    0.229082459    0.229082772
    1.603647631    0.229082499    0.229082773
    1.625615406    0.229082616    0.229082774
    1.647583182    0.229082777    0.229082777
    1.669550958    0.229082940    0.229082779
    1.691518734    0.229083061    0.229082781
    1.713486509    0.229083108    0.229082781
    1.735454285    0.229083067    0.229082781
    1.757422061    0.229082951    0.229082778
    1.779389837    0.229082789    0.229082775
    1.801357613    0.229082625    0.229082772
    1.823325388    0.229082503    0.229082770
    1.845293164    0.229082455    0.229082769
    1.867260940    0.229082495    0.229082769
    1.889228716    0.229082611    0.229082771
    1.911196491    0.229082772    0.229082773
    1.933164267    0.229082935    0.229082775
    1.955132043    0.229083057    0.229082777
    1.977099819    0.229083104    0.229082778
    1.999067594    0.229083065    0.229082777
    2.021035370    0.229082948    0.229082774
    2.043003146    0.229082786    0.229082771
    2.064970922    0.229082622    0.229082768
    2.086938697    0.229082499    0.229082766
    2.108906473    0.229082450    0.229082765
    2.130874249    0.229082489    0.229082765
    2.152842025    0.229082605    0.229082766
    2.174809800    0.229082767    0.229082769
    2.196777576    0.229082931    0.229082771
    2.218745352    0.229083053    0.229082773
    2.240713128    0.229083101    0.229082773
    2.262680904    0.229083062    0.229082772
    2.284648679    0.229082945    0.229082770
    2.306616455    0.229082783    0.229082767
    2.328584231    0.229082618    0.229082764
    2.350552007    0.229082494    0.229082761
    2.372519782    0.229082445    0.229082760
    2.394487558    0.229082484    0.229082760
    2.416455334    0.229082599    0.229082762
    2.438423110    0.229082761    0.229082764
    2.460390885    0.229082925    0.229082766
    2.482358661    0.229083049    0.229082768
    2.504326437    0.229083097    0.229082769
    2.526294213    0.229083058    0.229082768
    2.548261988    0.229082942    0.229082765
    2.570229764    0.229082779    0.229082762
    2.592197540    0.229082613    0.229082759
    2.614165316    0.229082489    0.229082756
    2.636133092    0.229082439    0.229082755
    2.658100867    0.229082477    0.229082755
    2.680068643    0.229082593    0.229082757
    2.702036419    0.229082755    0.229082759
    2.724004195    0.229082920    0.229082761
    2.745971970    0.229083044    0.229082763
    2.767939746    0.229083093    0.229082763
    2.789907522    0.229083054    0.229082762
    2.811875298    0.229082938    0.229082760
    2.833843073    0.229082775    0.229082757
    2.855810849    0.229082608    0.229082753
    2.877778625    0.229082483    0.229082751
    2.899746401    0.229082433    0.229082749
    2.921714176    0.229082470    0.229082750
    2.943681952    0.229082586    0.229082751
    2.965649728    0.229082748    0.229082753
    2.987617504    0.229082914    0.229082756
    3.009585279    0.229083038    0.229082757
    3.031553055    0.229083088    0.229082758
    3.053520831    0.229083050    0.229082757
    3.075488607    0.229082934    0.229082754
    3.097456383    0.229082770    0.229082751
    3.119424158    0.229082603    0.229082748
    3.141391934    0.229082477    0.229082745
    3.163359710    0.229082426    0.229082743
    3.185327486    0.229082463    0.229082744
    3.207295261    0.229082578    0.229082745
    3.229263037    0.229082741    0.229082747
    3.251230813    0.229082907    0.229082750
    3.273198589    0.229083033    0.229082751
    3.295166364    0.229083083    0.229082752
    3.317134140    0.229083045    0.229082750
    3.339101916    0.229082929    0.229082748
    3.361069692    0.229082765    0.229082745
    3.383037467    0.229082597    0.229082741
    3.405005243    0.229082470    0.229082738
    3.426973019    0.229082418    0.229082737
    3.448940795    0.229082455    0.229082737
    3.470908570    0.229082570    0.229082738
    3.492876346    0.229082733    0.229082741
    3.514844122    0.229082900    0.229082743
    3.536811898    0.229083027    0.229082745
    3.558779674    0.229083078    0.229082745
    3.580747449    0.229083040    0.229082744
    3.602715225    0.229082924    0.229082741
    3.624683001    0.229082759    0.229082738
    3.646650777    0.229082591    0.229082734
    3.668618552    0.229082463    0.229082732
    3.690586328    0.229082410    0.229082730
    3.712554104    0.229082446    0.229082730
    3.734521880    0.229082562    0.229082731
    3.756489655    0.229082725    0.229082734
    3.778457431    0.229082893    0.229082736
    3.800425207    0.229083020    0.229082737
    3.822392983    0.229083072    0.229082738
    3.844360758    0.229083035    0.229082737
    3.866328534    0.229082918    0.229082734
    3.888296310    0.229082753    0.229082731
    3.910264086    0.229082584    0.229082727
    3.932231862    0.229082455    0.229082724
    3.954199637    0.229082401    0.229082723
    3.976167413    0.229082437    0.229082723
    3.998135189    0.229082552    0.229082724
    4.020102965    0.229082717    0.229082726
    4.042070740    0.229082885    0.229082728
    4.064038516    0.229083013    0.229082730
    4.086006292    0.229083066    0.229082730
    4.107974068    0.229083029    0.229082729
    4.129941843    0.229082912    0.229082726
    4.151909619    0.229082747    0.229082723
    4.173877395    0.229082576    0.229082719
    4.195845171    0.229082446    0.229082716
    4.217812946    0.229082392    0.229082715
    4.239780722    0.229082427    0.229082715
    4.261748498    0.229082543    0.229082716
    4.283716274    0.229082708    0.229082718
    4.305684049    0.229082877    0.229082720
    4.327651825    0.229083006    0.229082722
    4.349619601    0.229083060    0.229082722
    4.371587377    0.229083023    0.229082721
    4.393555153    0.229082906    0.229082718
    4.415522928    0.229082739    0.229082715
    4.437490704    0.229082568    0.229082711
    4.459458480    0.229082437    0.229082708
    4.481426256    0.229082382    0.229082706
    4.503394031    0.229082417    0.229082706
    4.525361807    0.229082533    0.229082708
    4.547329583    0.229082698    0.229082710
    4.569297359    0.229082869    0.229082712
    4.591265134    0.229082999    0.229082713
    4.613232910    0.229083053    0.229082714
    4.635200686    0.229083017    0.229082712
    4.657168462    0.229082899    0.229082710
    4.679136237    0.229082732    0.229082706
    4.701104013    0.229082559    0.229082702
    4.723071789    0.229082427    0.229082699
    4.745039565    0.229082371    0.229082698
    4.767007340    0.229082406    0.229082697
    4.788975116    0.229082522    0.229082699
    4.810942892    0.229082688    0.229082701
    4.832910668    0.229082860    0.229082703
    4.854878444    0.229082991    0.229082704
    4.876846219    0.229083046    0.229082705
    4.898813995    0.229083010    0.229082703
    4.920781771    0.229082892    0.229082700
    4.942749547    0.229082724    0.229082697
    4.964717322    0.229082550    0.229082693
    4.986685098    0.229082417    0.229082690
    5.008652874    0.229082360    0.229082688
    5.030620650    0.229082394    0.229082688
    5.052588425    0.229082510    0.229082689
    5.074556201    0.229082677    0.229082691
    5.096523977    0.229082850    0.229082693
    5.118491753    0.229082982    0.229082695
    5.140459528    0.229083038    0.229082695
    5.162427304    0.229083003    0.229082694
    5.184395080    0.229082885    0.229082691
    5.206362856    0.229082715    0.229082687
    5.228330631    0.229082540    0.229082683
    5.250298407    0.229082406    0.229082680
    5.272266183    0.229082348    0.229082678
    5.294233959    0.229082382    0.229082678
    5.316201735    0.229082498    0.229082679
    5.338169510    0.229082666    0.229082681
    5.360137286    0.229082840    0.229082683
    5.382105062    0.229082974    0.229082685
    5.404072838    0.229083030    0.229082685
    5.426040613    0.229082995    0.229082683
    5.448008389    0.229082877    0.229082681
    5.469976165    0.229082706    0.229082677
    5.491943941    0.229082530    0.229082673
    5.513911716    0.229082394    0.229082670
    5.535879492    0.229082336    0.229082668
    5.557847268    0.229082369    0.229082668
    5.579815044    0.229082486    0.229082669
    5.601782819    0.229082655    0.229082671
    5.623750595    0.229082830    0.229082673
    5.645718371    0.229082965    0.229082674
    5.667686147    0.229083022    0.229082674
    5.689653923    0.229082987    0.229082673
    5.711621698    0.229082868    0.229082670
    5.733589474    0.229082697    0.229082666
    5.755557250    0.229082519    0.229082662
    5.777525026    0.229082382    0.229082659
    5.799492801    0.229082322    0.229082657
    5.821460577    0.229082356    0.229082657
    5.843428353    0.229082473    0.229082658
    5.865396129    0.229082643    0.229082660
    5.887363904    0.229082819    0.229082662
    5.909331680    0.229082955    0.229082663
    5.931299456    0.229083014    0.229082663
    5.953267232    0.229082979    0.229082662
    5.975235007    0.229082859    0.229082659
    5.997202783    0.229082687    0.229082655
    6.019170559    0.229082508    0.229082651
    6.041138335    0.229082370    0.229082648
    6.063106110    0.229082309    0.229082646
    6.085073886    0.229082342    0.229082645
    6.107041662    0.229082459    0.229082646
    6.129009438    0.229082630    0.229082648
    6.150977214    0.229082808    0.229082650
    6.172944989    0.229082945    0.229082652
    6.194912765    0.229083005    0.229082652
    6.216880541    0.229082970    0.229082650
    6.238848317    0.229082850    0.229082647
    6.260816092    0.229082677    0.229082643
    6.282783868    0.229082496    0.229082639
    6.304751644    0.229082356    0.229082636
    6.326719420    0.229082294    0.229082634
    6.348687195    0.229082327    0.229082633
    6.370654971    0.229082445    0.229082634
    6.392622747    0.229082617    0.229082636
    6.414590523    0.229082796    0.229082638
    6.436558298    0.229082935    0.229082640
    6.458526074    0.229082995    0.229082640
    6.480493850    0.229082961    0.229082638
    6.502461626    0.229082840    0.229082635
    6.524429401    0.229082666    0.229082631
    6.546397177    0.229082483    0.229082627
    6.568364953    0.229082342    0.229082623
    6.590332729    0.229082279    0.229082621
    6.612300505    0.229082311    0.229082621
    6.634268280    0.229082430    0.229082622
    6.656236056    0.229082603    0.229082624
    6.678203832    0.229082784    0.229082626
    6.700171608    0.229082924    0.229082627
    6.722139383    0.229082985    0.229082627
    6.744107159    0.229082951    0.229082625
    6.766074935    0.229082830    0.229082622
    6.788042711    0.229082654    0.229082618
    6.810010486    0.229082470    0.229082614
    6.831978262    0.229082327    0.229082611
    6.853946038    0.229082263    0.229082608
    6.875913814    0.229082295    0.229082608
    6.897881589    0.229082415    0.229082609
    6.919849365    0.229082589    0.229082610
    6.941817141    0.229082772    0.229082613
    6.963784917    0.229082913    0.229082614
    6.985752693    0.229082975    0.229082614
    7.007720468    0.229082941    0.229082612
    7.029688244    0.229082819    0.229082609
    7.051656020    0.229082642    0.229082605
    7.073623796    0.229082457    0.229082601
    7.095591571    0.229082312    0.229082597
    7.117559347    0.229082247    0.229082595
    7.139527123    0.229082279    0.229082594
    7.161494899    0.229082399    0.229082595
    7.183462674    0.229082574    0.229082597
    7.205430450    0.229082758    0.229082599
    7.227398226    0.229082902    0.229082600
    7.249366002    0.229082965    0.229082600
    7.271333777    0.229082931    0.229082599
    7.293301553    0.229082808    0.229082595
    7.315269329    0.229082630    0.229082591
    7.337237105    0.229082442    0.229082587
    7.359204880    0.229082296    0.229082583
    7.381172656    0.229082230    0.229082581
    7.403140432    0.229082261    0.229082580
    7.425108208    0.229082382    0.229082581
    7.447075984    0.229082559    0.229082583
    7.469043759    0.229082745    0.229082585
    7.491011535    0.229082890    0.229082586
    7.512979311    0.229082954    0.229082586
    7.534947087    0.229082920    0.229082584
    7.556914862    0.229082797    0.229082581
    7.578882638    0.229082617    0.229082577
    7.600850414    0.229082427    0.229082572
    7.622818190    0.229082279    0.229082569
    7.644785965    0.229082212    0.229082566
    7.666753741    0.229082243    0.229082565
    7.688721517    0.229082364    0.229082566
    7.710689293    0.229082543    0.229082568
    7.732657068    0.229082731    0.229082570
    7.754624844    0.229082877    0.229082571
    7.776592620    0.229082943    0.229082571
    7.798560396    0.229082909    0.229082570
    7.820528171    0.229082785    0.229082566
    7.842495947    0.229082603    0.229082562
    7.864463723    0.229082412    0.229082557
    7.886431499    0.229082262    0.229082553
    7.908399275    0.229082193    0.229082551
    7.930367050    0.229082224    0.229082550
    7.952334826    0.229082346    0.229082551
    7.974302602    0.229082527    0.229082553
    7.996270378    0.229082717    0.229082555
    8.018238153    0.229082865    0.229082556
    8.040205929    0.229082931    0.229082556
    8.062173705    0.229082898    0.229082554
    8.084141481    0.229082773    0.229082551
    8.106109256    0.229082589    0.229082546
    8.128077032    0.229082395    0.229082542
    8.150044808    0.229082244    0.229082538
    8.172012584    0.229082174    0.229082535
    8.193980359    0.229082205    0.229082534
    8.215948135    0.229082328    0.229082535
    8.237915911    0.229082510    0.229082537
    8.259883687    0.229082702    0.229082539
    8.281851463    0.229082852    0.229082540
    8.303819238    0.229082919    0.229082540
    8.325787014    0.229082886    0.229082538
    8.347754790    0.229082760    0.229082535
    8.369722566    0.229082574    0.229082530
    8.391690341    0.229082379    0.229082526
    8.413658117    0.229082225    0.229082522
    8.435625893    0.229082154    0.229082519
    8.457593669    0.229082184    0.229082518
    8.479561444    0.229082308    0.229082519
    8.501529220    0.229082492    0.229082520
    8.523496996    0.229082686    0.229082522
    8.545464772    0.229082838    0.229082524
    8.567432547    0.229082907    0.229082524
    8.589400323    0.229082874    0.229082522
    8.611368099    0.229082747    0.229082518
    8.633335875    0.229082559    0.229082514
    8.655303650    0.229082361    0.229082509
    8.677271426    0.229082205    0.229082505
    8.699239202    0.229082133    0.229082502
    8.721206978    0.229082163    0.229082501
    8.743174754    0.229082288    0.229082502
    8.765142529    0.229082474    0.229082503
    8.787110305    0.229082670    0.229082505
    8.809078081    0.229082824    0.229082507
    8.831045857    0.229082895    0.229082507
    8.853013632    0.229082861    0.229082505
    8.874981408    0.229082733    0.229082501
    8.896949184    0.229082543    0.229082496
    8.918916960    0.229082343    0.229082491
    8.940884735    0.229082185    0.229082487
    8.962852511    0.229082111    0.229082484
    8.984820287    0.229082141    0.229082483
    9.006788063    0.229082267    0.229082484
    9.028755838    0.229082455    0.229082486
    9.050723614    0.229082654    0.229082488
    9.072691390    0.229082810    0.229082489
    9.094659166    0.229082882    0.229082489
    9.116626941    0.229082848    0.229082487
    9.138594717    0.229082719    0.229082483
    9.160562493    0.229082527    0.229082479
    9.182530269    0.229082324    0.229082473
    9.204498045    0.229082164    0.229082469
    9.226465820    0.229082089    0.229082466
    9.248433596    0.229082119    0.229082465
    9.270401372    0.229082246    0.229082466
    9.292369148    0.229082436    0.229082467
    9.314336923    0.229082637    0.229082469
    9.336304699    0.229082795    0.229082471
    9.358272475    0.229082868    0.229082471
    9.380240251    0.229082835    0.229082469
    9.402208026    0.229082704    0.229082465
    9.424175802    0.229082510    0.229082460
    9.446143578    0.229082304    0.229082455
    9.468111354    0.229082142    0.229082450
    9.490079129    0.229082065    0.229082447
    9.512046905    0.229082095    0.229082446
    9.534014681    0.229082223    0.229082447
    9.555982457    0.229082416    0.229082449
    9.577950232    0.229082620    0.229082451
    9.599918008    0.229082780    0.229082452
    9.621885784    0.229082855    0.229082452
    9.643853560    0.229082821    0.229082450
    9.665821336    0.229082689    0.229082446
    9.687789111    0.229082493    0.229082441
    9.709756887    0.229082284    0.229082436
    9.731724663    0.229082119    0.229082431
    9.753692439    0.229082041    0.229082428
    9.775660214    0.229082071    0.229082427
    9.797627990    0.229082200    0.229082427
    9.819595766    0.229082395    0.229082429
    9.841563542    0.229082602    0.229082431
    9.863531317    0.229082765    0.229082432
    9.885499093    0.229082841    0.229082432
    9.907466869    0.229082807    0.229082430
    9.929434645    0.229082674    0.229082426
    9.951402420    0.229082475    0.229082421
    9.973370196    0.229082263    0.229082416
    9.995337972    0.229082095    0.229082411
   10.017305748    0.229082016    0.229082408
   10.039273524    0.229082045    0.229082406
   10.061241299    0.229082176    0.229082407
   10.083209075    0.229082373    0.229082409
   10.105176851    0.229082583    0.229082411
   10.127144627    0.229082749    0.229082412
   10.149112402    0.229082826    0.229082412
   10.171080178    0.229082793    0.229082409
   10.193047954    0.229082658    0.229082405
   10.215015730    0.229082456    0.229082400
   10.236983505    0.229082241    0.229082395
   10.258951281    0.229082071    0.229082390
   10.280919057    0.229081989    0.229082387
   10.302886833    0.229082019    0.229082385
   10.324854608    0.229082152    0.229082386
   10.346822384    0.229082351    0.229082387
   10.368790160    0.229082564    0.229082389
   10.390757936    0.229082733    0.229082391
   10.412725711    0.229082811    0.229082390
   10.434693487    0.229082778    0.229082388
   10.456661263    0.229082641    0.229082384
   10.478629039    0.229082437    0.229082379
   10.500596815    0.229082219    0.229082373
   10.522564590    0.229082045    0.229082368
   10.544532366    0.229081962    0.229082365
   10.566500142    0.229081992    0.229082363
   10.588467918    0.229082126    0.229082364
   10.610435693    0.229082329    0.229082365
   10.632403469    0.229082545    0.229082367
   10.654371245    0.229082716    0.229082369
   10.676339021    0.229082796    0.229082368
   10.698306796    0.229082763    0.229082366
   10.720274572    0.229082624    0.229082362
   10.742242348    0.229082417    0.229082356
   10.764210124    0.229082195    0.229082351
   10.786177899    0.229082019    0.229082346
   10.808145675    0.229081934    0.229082342
   10.830113451    0.229081964    0.229082341
   10.852081227    0.229082100    0.229082341
   10.874049002    0.229082305    0.229082343
   10.896016778    0.229082524    0.229082344
   10.917984554    0.229082699    0.229082346
   10.939952330    0.229082781    0.229082345
   10.961920106    0.229082747    0.229082343
   10.983887881    0.229082607    0.229082339
   11.005855657    0.229082396    0.229082333
   11.027823433    0.229082171    0.229082327
   11.049791209    0.229081991    0.229082322
   11.071758984    0.229081905    0.229082318
   11.093726760    0.229081934    0.229082317
   11.115694536    0.229082072    0.229082317
   11.137662312    0.229082281    0.229082318
   11.159630087    0.229082504    0.229082320
   11.181597863    0.229082681    0.229082322
   11.203565639    0.229082765    0.229082321
   11.225533415    0.229082731    0.229082319
   11.247501190    0.229082588    0.229082314
   11.269468966    0.229082374    0.229082308
   11.291436742    0.229082145    0.229082302
   11.313404518    0.229081962    0.229082297
   11.335372294    0.229081874    0.229082293
   11.357340069    0.229081904    0.229082291
   11.379307845    0.229082043    0.229082292
   11.401275621    0.229082255    0.229082293
   11.423243397    0.229082482    0.229082295
   11.445211172    0.229082663    0.229082296
   11.467178948    0.229082748    0.229082296
   11.489146724    0.229082714    0.229082293
   11.511114500    0.229082570    0.229082288
   11.533082275    0.229082352    0.229082282
   11.555050051    0.229082119    0.229082276
   11.577017827    0.229081933    0.229082270
   11.598985603    0.229081842    0.229082267
   11.620953378    0.229081872    0.229082265
   11.642921154    0.229082014    0.229082265
   11.664888930    0.229082229    0.229082266
   11.686856706    0.229082460    0.229082268
   11.708824481    0.229082644    0.229082269
   11.730792257    0.229082731    0.229082268
   11.752760033    0.229082697    0.229082266
   11.774727809    0.229082550    0.229082261
   11.796695585    0.229082329    0.229082255
   11.818663360    0.229082092    0.229082248
   11.840631136    0.229081901    0.229082242
   11.862598912    0.229081809    0.229082238
   11.884566688    0.229081839    0.229082236
   11.906534463    0.229081983    0.229082236
   11.928502239    0.229082202    0.229082237
   11.950470015    0.229082437    0.229082239
   11.972437791    0.229082625    0.229082240
   11.994405566    0.229082714    0.229082239
   12.016373342    0.229082679    0.229082236
   12.038341118    0.229082530    0.229082231
   12.060308894    0.229082305    0.229082225
   12.082276669    0.229082063    0.229082218
   12.104244445    0.229081869    0.229082212
   12.126212221    0.229081774    0.229082207
   12.148179997    0.229081804    0.229082205
   12.170147772    0.229081950    0.229082205
   12.192115548    0.229082173    0.229082206
   12.214083324    0.229082413    0.229082207
   12.236051100    0.229082604    0.229082208
   12.258018876    0.229082695    0.229082207
   12.279986651    0.229082661    0.229082204
   12.301954427    0.229082509    0.229082198
   12.323922203    0.229082279    0.229082192
   12.345889979    0.229082033    0.229082184
   12.367857754    0.229081834    0.229082178
   12.389825530    0.229081738    0.229082173
   12.411793306    0.229081768    0.229082170
   12.433761082    0.229081916    0.229082170
   12.455728857    0.229082143    0.229082171
   12.477696633    0.229082388    0.229082172
   12.499664409    0.229082583    0.229082173
   12.521632185    0.229082676    0.229082171
   12.543599960    0.229082641    0.229082168
   12.565567736    0.229082486    0.229082162
   12.587535512    0.229082252    0.229082155
   12.609503288    0.229082001    0.229082147
   12.631471063    0.229081798    0.229082140
   12.653438839    0.229081699    0.229082135
   12.675406615    0.229081729    0.229082132
   12.697374391    0.229081880    0.229082131
   12.719342167    0.229082112    0.229082132
   12.741309942    0.229082361    0.229082133
   12.763277718    0.229082560    0.229082133
   12.785245494    0.229082656    0.229082131
   12.807213270    0.229082620    0.229082127
   12.829181045    0.229082462    0.229082121
   12.851148821    0.229082223    0.229082113
   12.873116597    0.229081966    0.229082105
   12.895084373    0.229081760    0.229082097
   12.917052148    0.229081658    0.229082091
   12.939019924    0.229081688    0.229082088
   12.960987700    0.229081842    0.229082086
   12.982955476    0.229082078    0.229082087
   13.004923251    0.229082332    0.229082087
   13.026891027    0.229082536    0.229082087
   13.048858803    0.229082634    0.229082085
   13.070826579    0.229082598    0.229082080
   13.092794355    0.229082437    0.229082073
   13.114762130    0.229082193    0.229082064
   13.136729906    0.229081930    0.229082055
   13.158697682    0.229081718    0.229082047
   13.180665458    0.229081614    0.229082040
   13.202633233    0.229081644    0.229082036
   13.224601009    0.229081801    0.229082034
   13.246568785    0.229082042    0.229082033
   13.268536561    0.229082301    0.229082033
   13.290504336    0.229082510    0.229082032
   13.312472112    0.229082609    0.229082029
   13.334439888    0.229082573    0.229082023
   13.356407664    0.229082408    0.229082015
   13.378375439    0.229082159    0.229082006
   13.400343215    0.229081890    0.229081996
   13.422310991    0.229081673    0.229081986
   13.444278767    0.229081566    0.229081978
   13.466246542    0.229081596    0.229081973
   13.488214318    0.229081756    0.229081970
   13.510182094    0.229082002    0.229081968
   13.532149870    0.229082267    0.229081967
   13.554117646    0.229082480    0.229081965
   13.576085421    0.229082583    0.229081961
   13.598053197    0.229082545    0.229081954
   13.620020973    0.229082377    0.229081945
   13.641988749    0.229082121    0.229081934
   13.663956524    0.229081846    0.229081922
   13.685924300    0.229081623    0.229081911
   13.707892076    0.229081513    0.229081902
   13.729859852    0.229081543    0.229081895
   13.751827627    0.229081706    0.229081890
   13.773795403    0.229081957    0.229081887
   13.795763179    0.229082229    0.229081885
   13.817730955    0.229082446    0.229081881
   13.839698730    0.229082551    0.229081875
   13.861666506    0.229082512    0.229081866
   13.883634282    0.229082340    0.229081855
   13.905602058    0.229082078    0.229081842
   13.927569833    0.229081795    0.229081828
   13.949537609    0.229081567    0.229081815
   13.971505385    0.229081452    0.229081804
   13.993473161    0.229081483    0.229081795
   14.015440937    0.229081649    0.229081788
   14.037408712    0.229081906    0.229081783
   14.059376488    0.229082183    0.229081778
   14.081344264    0.229082406    0.229081772
   14.103312040    0.229082513    0.229081764
   14.125279815    0.229082474    0.229081753
   14.147247591    0.229082296    0.229081739
   14.169215367    0.229082027    0.229081723
   14.191183143    0.229081737    0.229081707
   14.213150918    0.229081502    0.229081690
   14.235118694    0.229081384    0.229081676
   14.257086470    0.229081414    0.229081664
   14.279054246    0.229081583    0.229081654
   14.301022021    0.229081846    0.229081646
   14.322989797    0.229082130    0.229081638
   14.344957573    0.229082358    0.229081629
   14.366925349    0.229082467    0.229081617
   14.388893125    0.229082426    0.229081602
   14.410860900    0.229082244    0.229081585
   14.432828676    0.229081967    0.229081565
   14.454796452    0.229081668    0.229081544
   14.476764228    0.229081426    0.229081523
   14.498732003    0.229081304    0.229081505
   14.520699779    0.229081333    0.229081488
   14.542667555    0.229081506    0.229081474
   14.564635331    0.229081774    0.229081461
   14.586603106    0.229082065    0.229081448
   14.608570882    0.229082298    0.229081434
   14.630538658    0.229082409    0.229081418
   14.652506434    0.229082366    0.229081398
   14.674474209    0.229082178    0.229081374
   14.696441985    0.229081893    0.229081349
   14.718409761    0.229081585    0.229081322
   14.740377537    0.229081334    0.229081295
   14.762345312    0.229081207    0.229081270
   14.784313088    0.229081236    0.229081247
   14.806280864    0.229081412    0.229081226
   14.828248640    0.229081686    0.229081207
   14.850216416    0.229081983    0.229081187
   14.872184191    0.229082222    0.229081166
   14.894151967    0.229082335    0.229081142
   14.916119743    0.229082290    0.229081114
   14.938087519    0.229082095    0.229081083
   14.960055294    0.229081800    0.229081049
   14.982023070    0.229081481    0.229081013
   15.003990846    0.229081222    0.229080978
   15.025958622    0.229081089    0.229080943
   15.047926397    0.229081116    0.229080911
   15.069894173    0.229081295    0.229080881
   15.091861949    0.229081575    0.229080852
   15.113829725    0.229081879    0.229080822
   15.135797500    0.229082122    0.229080790
   15.157765276    0.229082237    0.229080755
   15.179733052    0.229082188    0.229080716
   15.201700828    0.229081985    0.229080673
   15.223668603    0.229081679    0.229080627
   15.245636379    0.229081349    0.229080578
   15.267604155    0.229081079    0.229080530
   15.289571931    0.229080939    0.229080482
   15.311539707    0.229080965    0.229080436
   15.333507482    0.229081146    0.229080391
   15.355475258    0.229081431    0.229080348
   15.377443034    0.229081741    0.229080303
   15.399410810    0.229081989    0.229080256
   15.421378585    0.229082104    0.229080205
   15.443346361    0.229082051    0.229080149
   15.465314137    0.229081839    0.229080089
   15.487281913    0.229081521    0.229080024
   15.509249688    0.229081176    0.229079957
   15.531217464    0.229080894    0.229079889
   15.553185240    0.229080746    0.229079822
   15.575153016    0.229080768    0.229079755
   15.597120791    0.229080951    0.229079690
   15.619088567    0.229081241    0.229079625
   15.641056343    0.229081556    0.229079558
   15.663024119    0.229081808    0.229079488
   15.684991894    0.229081922    0.229079413
   15.706959670    0.229081863    0.229079332
   15.728927446    0.229081639    0.229079246
   15.750895222    0.229081306    0.229079155
   15.772862998    0.229080945    0.229079060
   15.794830773    0.229080648    0.229078963
   15.816798549    0.229080490    0.229078866
   15.838766325    0.229080507    0.229078769
   15.860734101    0.229080689    0.229078672
   15.882701876    0.229080983    0.229078575
   15.904669652    0.229081302    0.229078475
   15.926637428    0.229081556    0.229078370
   15.948605204    0.229081668    0.229078259
   15.970572979    0.229081600    0.229078141
   15.992540755    0.229081362    0.229078017
   16.014508531    0.229081010    0.229077885
   16.036476307    0.229080630    0.229077749
   16.058444082    0.229080315    0.229077610
   16.080411858    0.229080144    0.229077469
   16.102379634    0.229080153    0.229077327
   16.124347410    0.229080333    0.229077184
   16.146315186    0.229080628    0.229077038
   16.168282961    0.229080949    0.229076888
   16.190250737    0.229081202    0.229076732
   16.212218513    0.229081309    0.229076568
   16.234186289    0.229081229    0.229076395
   16.256154064    0.229080973    0.229076212
   16.278121840    0.229080598    0.229076022
   16.300089616    0.229080194    0.229075824
   16.322057392    0.229079857    0.229075621
   16.344025167    0.229079668    0.229075415
   16.365992943    0.229079665    0.229075205
   16.387960719    0.229079839    0.229074992
   16.409928495    0.229080132    0.229074774
   16.431896270    0.229080452    0.229074549
   16.453864046    0.229080701    0.229074316
   16.475831822    0.229080797    0.229074072
   16.497799598    0.229080700    0.229073816
   16.519767373    0.229080421    0.229073548
   16.541735149    0.229080017    0.229073268
   16.563702925    0.229079582    0.229072979
   16.585670701    0.229079216    0.229072681
   16.607638477    0.229079003    0.229072376
   16.629606252    0.229078982    0.229072064
   16.651574028    0.229079145    0.229071746
   16.673541804    0.229079430    0.229071419
   16.695509580    0.229079743    0.229071083
   16.717477355    0.229079981    0.229070733
   16.739445131    0.229080061    0.229070369
   16.761412907    0.229079940    0.229069988
   16.783380683    0.229079628    0.229069591
   16.805348458    0.229079186    0.229069177
   16.827316234    0.229078711    0.229068749
   16.849284010    0.229078308    0.229068308
   16.871251786    0.229078061    0.229067854
   16.893219561    0.229078014    0.229067389
   16.915187337    0.229078157    0.229066913
   16.937155113    0.229078426    0.229066422
   16.959122889    0.229078724    0.229065916
   16.981090664    0.229078943    0.229065391
   17.003058440    0.229078996    0.229064845
   17.025026216    0.229078840    0.229064276
   17.046993992    0.229078483    0.229063683
   17.068961768    0.229077992    0.229063067
   17.090929543    0.229077464    0.229062429
   17.112897319    0.229077009    0.229061771
   17.134865095    0.229076716    0.229061093
   17.156832871    0.229076630    0.229060396
   17.178800646    0.229076739    0.229059679
   17.200768422    0.229076979    0.229058940
   17.222736198    0.229077248    0.229058176
   17.244703974    0.229077434    0.229057385
   17.266671749    0.229077446    0.229056562
   17.288639525    0.229077237    0.229055707
   17.310607301    0.229076819    0.229054817
   17.332575077    0.229076258    0.229053893
   17.354542852    0.229075657    0.229052937
   17.376510628    0.229075131    0.229051948
   17.398478404    0.229074772    0.229050929
   17.420446180    0.229074626    0.229049878
   17.442413956    0.229074683    0.229048796
   17.464381731    0.229074875    0.229047678
   17.486349507    0.229075094    0.229046522
   17.508317283    0.229075225    0.229045324
   17.530285059    0.229075173    0.229044080
   17.552252834    0.229074888    0.229042788
   17.574220610    0.229074382    0.229041446
   17.596188386    0.229073724    0.229040053
   17.618156162    0.229073023    0.229038611
   17.640123937    0.229072396    0.229037119
   17.662091713    0.229071941    0.229035578
   17.684059489    0.229071708    0.229033987
   17.706027265    0.229071683    0.229032345
   17.727995040    0.229071796    0.229030648
   17.749962816    0.229071936    0.229028892
   17.771930592    0.229071980    0.229027071
   17.793898368    0.229071828    0.229025183
   17.815866143    0.229071431    0.229023222
   17.837833919    0.229070798    0.229021187
   17.859801695    0.229070003    0.229019075
   17.881769471    0.229069159    0.229016887
   17.903737247    0.229068389    0.229014623
   17.925705022    0.229067794    0.229012282
   17.947672798    0.229067428    0.229009862
   17.969640574    0.229067276    0.229007361
   17.991608350    0.229067263    0.229004773
   18.013576125    0.229067273    0.229002094
   18.035543901    0.229067178    0.228999318
   18.057511677    0.229066873    0.228996437
   18.079479453    0.229066302    0.228993447
   18.101447228    0.229065480    0.228990345
   18.123415004    0.229064480    0.228987127
   18.145382780    0.229063422    0.228983792
   18.167350556    0.229062436    0.228980338
   18.189318331    0.229061629    0.228976764
   18.211286107    0.229061055    0.228973066
   18.233253883    0.229060701    0.228969240
   18.255221659    0.229060489    0.228965279
   18.277189434    0.229060296    0.228961176
   18.299157210    0.229059986    0.228956923
   18.321124986    0.229059448    0.228952511
   18.343092762    0.229058626    0.228947932
   18.365060538    0.229057532    0.228943181
   18.387028313    0.229056242    0.228938253
   18.408996089    0.229054884    0.228933144
   18.430963865    0.229053592    0.228927851
   18.452931641    0.229052479    0.228922369
   18.474899416    0.229051602    0.228916692
   18.496867192    0.229050948    0.228910815
   18.518834968    0.229050433    0.228904726
   18.540802744    0.229049928    0.228898416
   18.562770519    0.229049290    0.228891872
   18.584738295    0.229048402    0.228885083
   18.606706071    0.229047201    0.228878039
   18.628673847    0.229045701    0.228870728
   18.650641622    0.229043983    0.228863145
   18.672609398    0.229042179    0.228855280
   18.694577174    0.229040432    0.228847127
   18.716544950    0.229038860    0.228838677
   18.738512726    0.229037524    0.228829923
   18.760480501    0.229036408    0.228820852
   18.782448277    0.229035424    0.228811449
   18.804416053    0.229034436    0.228801700
   18.826383829    0.229033291    0.228791588
   18.848351604    0.229031864    0.228781095
   18.870319380    0.229030091    0.228770204
   18.892287156    0.229027982    0.228758902
   18.914254932    0.229025624    0.228747174
   18.936222707    0.229023154    0.228735007
   18.958190483    0.229020725    0.228722389
   18.980158259    0.229018462    0.228709305
   19.002126035    0.229016427    0.228695739
   19.024093810    0.229014603    0.228681674
   19.046061586    0.229012899    0.228667089
   19.068029362    0.229011166    0.228651959
   19.089997138    0.229009242    0.228636259
   19.111964913    0.229006995    0.228619964
   19.133932689    0.229004353    0.228603048
   19.155900465    0.229001328    0.228585489
   19.177868241    0.228998009    0.228567261
   19.199836017    0.228994543    0.228548345
   19.221803792    0.228991088    0.228528717
   19.243771568    0.228987778    0.228508354
   19.265739344    0.228984679    0.228487231
   19.287707120    0.228981771    0.228465316
   19.309674895    0.228978955    0.228442578
   19.331642671    0.228976074    0.228418980
   19.353610447    0.228972952    0.228394484
   19.375578223    0.228969446    0.228369050
   19.397545998    0.228965479    0.228342640
   19.419513774    0.228961060    0.228315214
   19.441481550    0.228956284    0.228286736
   19.463449326    0.228951304    0.228257169
   19.485417101    0.228946290    0.228226475
   19.507384877    0.228941382    0.228194615
   19.529352653    0.228936649    0.228161546
   19.551320429    0.228932071    0.228127220
   19.573288204    0.228927537    0.228091586
   19.595255980    0.228922878    0.228054587
   19.617223756    0.228917905    0.228016164
   19.639191532    0.228912462    0.227976254
   19.661159308    0.228906463    0.227934797
   19.683127083    0.228899915    0.227891729
   19.705094859    0.228892918    0.227846991
   19.727062635    0.228885633    0.227800520
   19.749030411    0.228878240    0.227752256
   19.770998186    0.228870887    0.227702131
   19.792965962    0.228863647    0.227650077
   19.814933738    0.228856494    0.227596016
   19.836901514    0.228849309    0.227539865
   19.858869289    0.228841905    0.227481534
   19.880837065    0.228834077    0.227420929
   19.902804841    0.228825651    0.227357952
   19.924772617    0.228816532    0.227292503
   19.946740392    0.228806722    0.227224483
   19.968708168    0.228796325    0.227153791
   19.990675944    0.228785511    0.227080327
   20.012643720    0.228774469    0.227003989
   20.034611495    0.228763357    0.226924667
   20.056579271    0.228752249    0.226842247
   20.078547047    0.228741113    0.226756604
   20.100514823    0.228729817    0.226667604
   20.122482599    0.228718153    0.226575102
   20.144450374    0.228705895    0.226478945
   20.166418150    0.228692848    0.226378977
   20.188385926    0.228678901    0.226275037
   20.210353702    0.228664053    0.226166961
   20.232321477    0.228648408    0.226054589
   20.254289253    0.228632146    0.225937756
   20.276257029    0.228615466    0.225816294
   20.298224805    0.228598533    0.225690026
   20.320192580    0.228581423    0.225558766
   20.342160356    0.228564097    0.225422308
   20.364128132    0.228546403    0.225280433
   20.386095908    0.228528108    0.225132904
   20.408063683    0.228508956    0.224979472
   20.430031459    0.228488727    0.224819880
   20.451999235    0.228467291    0.224653872
   20.473967011    0.228444635    0.224481194
   20.495934787    0.228420865    0.224301605
   20.517902562    0.228396167    0.224114867
   20.539870338    0.228370751    0.223920748
   20.561838114    0.228344788    0.223719008
   20.583805890    0.228318352    0.223509385
   20.605773665    0.228291390    0.223291577
   20.627741441    0.228263726    0.223065228
   20.649709217    0.228235092    0.222829909
   20.671676993    0.228205193    0.222585116
   20.693644768    0.228173773    0.222330264
   20.715612544    0.228140674    0.222064697
   20.737580320    0.228105866    0.221787709
   20.759548096    0.228069450    0.221498568
   20.781515871    0.228031616    0.221196554
   20.803483647    0.227992583    0.220880991
   20.825451423    0.227952523    0.220551293
   20.847419199    0.227911506    0.220206996
   20.869386974    0.227869456    0.219847787
   20.891354750    0.227826161    0.219473528
   20.913322526    0.227781307    0.219084269
   20.935290302    0.227734545    0.218680251
   20.957258078    0.227685570    0.218261899
   20.979225853    0.227634182    0.217829806
   21.001193629    0.227580325    0.217384718
   21.023161405    0.227524089    0.216927511
   21.045129181    0.227465663    0.216459161
   21.067096956    0.227405268    0.215980725
   21.089064732    0.227343077    0.215493321
   21.111032508    0.227279142    0.214998105
   21.133000284    0.227213358    0.214496259
   21.154968059    0.227145459    0.213988980
   21.176935835    0.227075064    0.213477469
   21.198903611    0.227001750    0.212962930
   21.220871387    0.226925140    0.212446561
   21.242839162    0.226844972    0.211929554
   21.264806938    0.226761148    0.211413085
   21.286774714    0.226673732    0.210898313
   21.308742490    0.226582902    0.210386370
   21.330710265    0.226488872    0.209878348
   21.352678041    0.226391803    0.209375287
   21.374645817    0.226291718    0.208878157
   21.396613593    0.226188456    0.208387839
   21.418581369    0.226081672    0.207905102
   21.440549144    0.225970887    0.207430586
   21.462516920    0.225855566    0.206964773
   21.484484696    0.225735222    0.206507971
   21.506452472    0.225609500    0.206060299
   21.528420247    0.225478231    0.205621669
   21.550388023    0.225341429    0.205191788
   21.572355799    0.225199243    0.204770152
   21.594323575    0.225051865    0.204356059
   21.616291350    0.224899423    0.203948627
   21.638259126    0.224741886    0.203546815
   21.660226902    0.224579007    0.203149457
   21.682194678    0.224410321    0.202755294
   21.704162453    0.224235195    0.202363013
   21.726130229    0.224052931    0.201971284
   21.748098005    0.223862875    0.201578789
   21.770065781    0.223664528    0.201184252
   21.792033557    0.223457602    0.200786457
   21.814001332    0.223242030    0.200384262
   21.835969108    0.223017901    0.199976594
   21.857936884    0.222785359    0.199562448
   21.879904660    0.222544471    0.199140872
   21.901872435    0.222295115    0.198710944
   21.923840211    0.222036901    0.198271758
   21.945807987    0.221769172    0.197822396
   21.967775763    0.221491058    0.197361915
   21.989743538    0.221201599    0.196889328
   22.011711314    0.220899881    0.196403596
   22.033679090    0.220585166    0.195903627
   22.055646866    0.220256973    0.195388271
   22.077614641    0.219915089    0.194856329
   22.099582417    0.219559496    0.194306559
   22.121550193    0.219190243    0.193737687
   22.143517969    0.218807286    0.193148413
   22.165485744    0.218410338    0.192537422
   22.187453520    0.217998776    0.191903387
   22.209421296    0.217571622    0.191244975
   22.231389072    0.217127618    0.190560848
   22.253356848    0.216665373    0.189849658
   22.275324623    0.216183541    0.189110053
   22.297292399    0.215680994    0.188340665
   22.319260175    0.215156933    0.187540119
   22.341227951    0.214610907    0.186707023
   22.363195726    0.214042728    0.185839978
   22.385163502    0.213452305    0.184937581
   22.407131278    0.212839422    0.183998438
   22.429099054    0.212203535    0.183021179
   22.451066829    0.211543633    0.182004474
   22.473034605    0.210858203    0.180947065
   22.495002381    0.210145323    0.179847784
   22.516970157    0.209402862    0.178705585
   22.538937932    0.208628737    0.177519570
   22.560905708    0.207821169    0.176289012
   22.582873484    0.206978861    0.175013378
   22.604841260    0.206101038    0.173692341
   22.626809035    0.205187337    0.172325785
   22.648776811    0.204237553    0.170913813
   22.670744587    0.203251297    0.169456730
   22.692712363    0.202227652    0.167955042
   22.714680139    0.201164921    0.166409435
   22.736647914    0.200060548    0.164820757
   22.758615690    0.198911259    0.163190006
   22.780583466    0.197713414    0.161518309
   22.802551242    0.196463516    0.159806911
   22.824519017    0.195158760    0.158057166
   22.846486793    0.193797486    0.156270524
   22.868454569    0.192379408    0.154448529
   22.890422345    0.190905507    0.152592812
   22.912390120    0.189377548    0.150705083
   22.934357896    0.187797256    0.148787128
   22.956325672    0.186165258    0.146840798
   22.978293448    0.184479977    0.144867999
   23.000261223    0.182736677    0.142870678
   23.022228999    0.180926890    0.140850814
   23.044196775    0.179038366    0.138810401
   23.066164551    0.177055680    0.136751438
   23.088132326    0.174961456    0.134675915
   23.110100102    0.172738129    0.132585805
   23.132067878    0.170370042    0.130483054
   23.154035654    0.167845621    0.128369572
   23.176003430    0.165159362    0.126247231
   23.197971205    0.162313359    0.124117851
   23.219938981    0.159318194    0.121983201
   23.241906757    0.156193066    0.119844985
   23.263874533    0.152965155    0.117704842
   23.285842308    0.149668319    0.115564333
   23.307810084    0.146341274    0.113424937
   23.329777860    0.143025484    0.111288044
   23.351745636    0.139763001    0.109154952
   23.373713411    0.136594456    0.107026860
   23.395681187    0.133557390    0.104904870
   23.417648963    0.130685025    0.102789983
   23.439616739    0.128005534    0.100683100
   23.461584514    0.125541785    0.098585021
   23.483552290    0.123311494    0.096496448
   23.505520066    0.121327700    0.094417984
   23.527487842    0.119599431    0.092350135
   23.549455618    0.118132464    0.090293309
   23.571423393    0.116930069    0.088247819
   23.593391169    0.115993658    0.086213881
   23.615358945    0.115323287    0.084191619
   23.637326721    0.114917962    0.082181065
   23.659294496    0.114775745    0.080182164
   23.681262272    0.114893648    0.078194777
   23.703230048    0.115267338    0.076218685
   23.725197824    0.115890675    0.074253594
   23.747165599    0.116755130    0.072299140
   23.769133375    0.117849130    0.070354888
   23.791101151    0.119157402    0.068420341
   23.813068927    0.120660383    0.066494938
   23.835036702    0.122333775    0.064578057
   23.857004478    0.124148321    0.062669017
   23.878972254    0.126069866    0.060767079
   23.900940030    0.128059748    0.058871448
   23.922907805    0.130075542    0.056981276
   23.944875581    0.132072157    0.055095665
   23.966843357    0.134003232    0.053213666
   23.988811133    0.135822764    0.051334288
   24.010778909    0.137486860    0.049456497
   24.032746684    0.138955493    0.047579216
   24.054714460    0.140194095    0.045701330
   24.076682236    0.141174884    0.043821683
   24.098650012    0.141877761    0.041939078
   24.120617787    0.142290704    0.040052271
   24.142585563    0.142409595    0.038159976
   24.164553339    0.142237484    0.036260856
   24.186521115    0.141783337    0.034353526
   24.208488890    0.141060387    0.032436552
   24.230456666    0.140084235    0.030508454
   24.252424442    0.138870883    0.028567714
   24.274392218    0.137434899    0.026612774
   24.296359993    0.135787872    0.024642055
   24.318327769    0.133937319    0.022653957
   24.340295545    0.131886109    0.020646871
   24.362263321    0.129632433    0.018619189
   24.384231096    0.127170278    0.016569306
   24.406198872    0.124490302    0.014495632
   24.428166648    0.121580957    0.012396585
   24.450134424    0.118429716    0.010270603
   24.472102200    0.115024223    0.008116137
   24.494069975    0.111353246    0.005931656
   24.516037751    0.107407333    0.003715646
   24.538005527    0.103179127    0.001466612
   24.559973303    0.098663357   -0.000816917
   24.581941078    0.093856549   -0.003136382
   24.603908854    0.088756540   -0.005493185
   24.625876630    0.083361914   -0.007888683
   24.647844406    0.077671442   -0.010324178
   24.669812181    0.071683635   -0.012800905
   24.691779957    0.065396472   -0.015320027
   24.713747733    0.058807356   -0.017882628
   24.735715509    0.051913312   -0.020489704
   24.757683284    0.044711436   -0.023142162
   24.779651060    0.037199549   -0.025840816
   24.801618836    0.029377031   -0.028586382
   24.823586612    0.021245765   -0.031379473
   24.845554388    0.012811115   -0.034220599
   24.867522163    0.004082856   -0.037110162
   24.889489939   -0.004924039   -0.040048445
   24.911457715   -0.014188853   -0.043035618
   24.933425491   -0.023684882   -0.046071725
   24.955393266   -0.033379581   -0.049156689
   24.977361042   -0.043235097   -0.052290308
   24.999328818   -0.053209188   -0.055472256
   25.021296594   -0.063256462   -0.058702089
   25.043264369   -0.073329815   -0.061979247
   25.065232145   -0.083381956   -0.065303053
   25.087199921   -0.093366837   -0.068672722
   25.109167697   -0.103240875   -0.072087357
   25.131135472   -0.112963820   -0.075545949
   25.153103248   -0.122499242   -0.079047378
   25.175071024   -0.131814593   -0.082590407
   25.197038800   -0.140880934   -0.086173683
   25.219006575   -0.149672404   -0.089795741
   25.240974351   -0.158165590   -0.093454998
   25.262942127   -0.166338910   -0.097149770
   25.284909903   -0.174172163   -0.100878272
   25.306877679   -0.181646294   -0.104638632
   25.328845454   -0.188743424   -0.108428899
   25.350813230   -0.195447100   -0.112247049
   25.372781006   -0.201742705   -0.116090996
   25.394748782   -0.207617913   -0.119958581
   25.416716557   -0.213063101   -0.123847576
   25.438684333   -0.218071616   -0.127755666
   25.460652109   -0.222639855   -0.131680445
   25.482619885   -0.226767146   -0.135619394
   25.504587660   -0.230455479   -0.139569879
   25.526555436   -0.233709129   -0.143529143
   25.548523212   -0.236534282   -0.147494312
   25.570490988   -0.238938718   -0.151462410
   25.592458763   -0.240931610   -0.155430378
   25.614426539   -0.242523455   -0.159395117
   25.636394315   -0.243726132   -0.163353517
   25.658362091   -0.244553012   -0.167302511
   25.680329866   -0.245019086   -0.171239114
   25.702297642   -0.245141024   -0.175160467
   25.724265418   -0.244937130   -0.179063873
   25.746233194   -0.244427174   -0.182946822
   25.768200970   -0.243632105   -0.186807010
   25.790168745   -0.242573693   -0.190642350
   25.812136521   -0.241274156   -0.194450964
   25.834104297   -0.239755828   -0.198231183
   25.856072073   -0.238040923   -0.201981527
   25.878039848   -0.236151409   -0.205700691
   25.900007624   -0.234109002   -0.209387523
   25.921975400   -0.231935226   -0.213041011
   25.943943176   -0.229651516   -0.216660263
   25.965910951   -0.227279290   -0.220244495
   25.987878727   -0.224839952   -0.223793020
   26.009846503   -0.222354808   -0.227305238
   26.031814279   -0.219844886   -0.230780637
   26.053782054   -0.217330704   -0.234218785
   26.075749830   -0.214832015   -0.237619330
   26.097717606   -0.212367605   -0.240982001
   26.119685382   -0.209955166   -0.244306609
   26.141653157   -0.207611286   -0.247593038
   26.163620933   -0.205351554   -0.250841246
   26.185588709   -0.203190751   -0.254051254
   26.207556485   -0.201143078   -0.257223139
   26.229524261   -0.199222373   -0.260357013
   26.251492036   -0.197442261   -0.263453010
   26.273459812   -0.195816201   -0.266511264
   26.295427588   -0.194357432   -0.269531889
   26.317395364   -0.193078828   -0.272514954
   26.339363139   -0.191992708   -0.275460469
   26.361330915   -0.191110667   -0.278368365
   26.383298691   -0.190443467   -0.281238484
   26.405266467   -0.190001053   -0.284070573
   26.427234242   -0.189792687   -0.286864291
   26.449202018   -0.189827202   -0.289619213
   26.471169794   -0.190113333   -0.292334848
   26.493137570   -0.190660050   -0.295010663
   26.515105345   -0.191476848   -0.297646111
   26.537073121   -0.192573897   -0.300240661
   26.559040897   -0.193962043   -0.302793833
   26.581008673   -0.195652623   -0.305305226
   26.602976449   -0.197657126   -0.307774549
   26.624944224   -0.199986742   -0.310201641
   26.646912000   -0.202651871   -0.312586485
   26.668879776   -0.205661665   -0.314929215
   26.690847552   -0.209023665   -0.317230108
   26.712815327   -0.212743588   -0.319489577
   26.734783103   -0.216825286   -0.321708142
   26.756750879   -0.221270859   -0.323886409
   26.778718655   -0.226080898   -0.326025039
   26.800686430   -0.231254795   -0.328124720
   26.822654206   -0.236791078   -0.330186138
   26.844621982   -0.242687685   -0.332209959
   26.866589758   -0.248942161   -0.334196812
   26.888557533   -0.255551739   -0.336147283
   26.910525309   -0.262513293   -0.338061915
   26.932493085   -0.269823196   -0.339941208
   26.954460861   -0.277477098   -0.341785632
   26.976428636   -0.285469674   -0.343595630
   26.998396412   -0.293794358   -0.345371629
   27.020364188   -0.302443132   -0.347114041
   27.042331964   -0.311406359   -0.348823259
   27.064299740   -0.320672689   -0.350499662
   27.086267515   -0.330229045   -0.352143595
   27.108235291   -0.340060665   -0.353755367
   27.130203067   -0.350151195   -0.355335237
   27.152170843   -0.360482820   -0.356883404
   27.174138618   -0.371036403   -0.358400001
   27.196106394   -0.381791639   -0.359885095
   27.218074170   -0.392727195   -0.361338686
   27.240041946   -0.403820839   -0.362760720
   27.262009721   -0.415049567   -0.364151104
   27.283977497   -0.426389715   -0.365509718
   27.305945273   -0.437817064   -0.366836445
   27.327913049   -0.449306953   -0.368131192
   27.349880824   -0.460834388   -0.369393916
   27.371848600   -0.472374155   -0.370624652
   27.393816376   -0.483900932   -0.371823534
   27.415784152   -0.495389399   -0.372990820
   27.437751927   -0.506814346   -0.374126906
   27.459719703   -0.518150758   -0.375232342
   27.481687479   -0.529373889   -0.376307836
   27.503655255   -0.540459319   -0.377354255
   27.525623031   -0.551382988   -0.378372617
   27.547590806   -0.562121229   -0.379364084
   27.569558582   -0.572650776   -0.380329943
   27.591526358   -0.582948795   -0.381271588
   27.613494134   -0.592992908   -0.382190498
   27.635461909   -0.602761234   -0.383088222
   27.657429685   -0.612232451   -0.383966360
   27.679397461   -0.621385864   -0.384826545
   27.701365237   -0.630201483   -0.385670434
   27.723333012   -0.638660100   -0.386499697
   27.745300788   -0.646743357   -0.387316012
   27.767268564   -0.654433797   -0.388121050
   27.789236340   -0.661714902   -0.388916476
   27.811204115   -0.668571106   -0.389703933
   27.833171891   -0.674987806   -0.390485032
   27.855139667   -0.680951361   -0.391261335
   27.877107443   -0.686449101   -0.392034345
   27.899075219   -0.691469355   -0.392805486
   27.921042994   -0.696001483   -0.393576088
   27.943010770   -0.700035937   -0.394347372
   27.964978546   -0.703564324   -0.395120446
   27.986946322   -0.706579472   -0.395896287
   28.008914097   -0.709075486   -0.396675743
   28.030881873   -0.711047780   -0.397459528
   28.052849649   -0.712493093   -0.398248219
   28.074817425   -0.713409469   -0.399042256
   28.096785200   -0.713796232   -0.399841939
   28.118752976   -0.713653940   -0.400647430
   28.140720752   -0.712984350   -0.401458748
   28.162688528   -0.711790396   -0.402275770
   28.184656303   -0.710076186   -0.403098229
   28.206624079   -0.707847011   -0.403925719
   28.228591855   -0.705109377   -0.404757696
   28.250559631   -0.701871035   -0.405593487
   28.272527406   -0.698140994   -0.406432299
   28.294495182   -0.693929518   -0.407273233
   28.316462958   -0.689248092   -0.408115295
   28.338430734   -0.684109364   -0.408957411
   28.360398510   -0.678527056   -0.409798440
   28.382366285   -0.672515881   -0.410637186
   28.404334061   -0.666091456   -0.411472413
   28.426301837   -0.659270240   -0.412302847
   28.448269613   -0.652069498   -0.413127196
   28.470237388   -0.644507289   -0.413944151
   28.492205164   -0.636602480   -0.414752403
   28.514172940   -0.628374759   -0.415550653
   28.536140716   -0.619844640   -0.416337622
   28.558108491   -0.611033441   -0.417112071
   28.580076267   -0.601963237   -0.417872812
   28.602044043   -0.592656770   -0.418618722
   28.624011819   -0.583137345   -0.419348760
   28.645979594   -0.573428710   -0.420061972
   28.667947370   -0.563554959   -0.420757507
   28.689915146   -0.553540444   -0.421434622
   28.711882922   -0.543409738   -0.422092686
   28.733850697   -0.533187622   -0.422731183
   28.755818473   -0.522899097   -0.423349718
   28.777786249   -0.512569402   -0.423948016
   28.799754025   -0.502224011   -0.424525918
   28.821721801   -0.491888599   -0.425083390
   28.843689576   -0.481588952   -0.425620509
   28.865657352   -0.471350831   -0.426137466
   28.887625128   -0.461199800   -0.426634560
   28.909592904   -0.451161030   -0.427112185
   28.931560679   -0.441259106   -0.427570818
   28.953528455   -0.431517865   -0.428011013
   28.975496231   -0.421960264   -0.428433379
   28.997464007   -0.412608286   -0.428838568
   29.019431782   -0.403482887   -0.429227262
   29.041399558   -0.394603936   -0.429600154
   29.063367334   -0.385990152   -0.429957944
   29.085335110   -0.377659018   -0.430301322
   29.107302885   -0.369626650   -0.430630960
   29.129270661   -0.361907646   -0.430947509
   29.151238437   -0.354514939   -0.431251588
   29.173206213   -0.347459682   -0.431543777
   29.195173989   -0.340751196   -0.431824613
   29.217141764   -0.334397033   -0.432094583
   29.239109540   -0.328403138   -0.432354116
   29.261077316   -0.322774119   -0.432603576
   29.283045092   -0.317513576   -0.432843260
   29.305012867   -0.312624452   -0.433073392
   29.326980643   -0.308109315   -0.433294121
   29.348948419   -0.303970541   -0.433505523
   29.370916195   -0.300210330   -0.433707600
   29.392883970   -0.296830556   -0.433900286
   29.414851746   -0.293832469   -0.434083452
   29.436819522   -0.291216293   -0.434256911
   29.458787298   -0.288980807   -0.434420426
   29.480755073   -0.287122984   -0.434573717
   29.502722849   -0.285637767   -0.434716467
   29.524690625   -0.284518041   -0.434848330
   29.546658401   -0.283754805   -0.434968941
   29.568626176   -0.283337537   -0.435077917
   29.590593952   -0.283254684   -0.435174871
   29.612561728   -0.283494203   -0.435259418
   29.634529504   -0.284044067   -0.435331180
   29.656497280   -0.284892648   -0.435389794
   29.678465055   -0.286028945   -0.435434920
   29.700432831   -0.287442614   -0.435466243
   29.722400607   -0.289123847   -0.435483476
   29.744368383   -0.291063126   -0.435486366
   29.766336158   -0.293250934   -0.435474692
   29.788303934   -0.295677482   -0.435448265
   29.810271710   -0.298332515   -0.435406927
   29.832239486   -0.301205223   -0.435350556
   29.854207261   -0.304284263   -0.435279056
   29.876175037   -0.307557866   -0.435192368
   29.898142813   -0.311013985   -0.435090463
   29.920110589   -0.314640423   -0.434973346
   29.942078364   -0.318424924   -0.434841058
   29.964046140   -0.322355160   -0.434693675
   29.986013916   -0.326418652   -0.434531315
   30.007981692   -0.330602609   -0.434354131
   30.029949467   -0.334893741   -0.434162320
   30.051917243   -0.339278082   -0.433956117
   30.073885019   -0.343740861   -0.433735799
   30.095852795   -0.348266445   -0.433501684
   30.117820571   -0.352838364   -0.433254128
   30.139788346   -0.357439398   -0.432993527
   30.161756122   -0.362051701   -0.432720317
   30.183723898   -0.366656922   -0.432434970
   30.205691674   -0.371236301   -0.432137996
   30.227659449   -0.375770709   -0.431829941
   30.249627225   -0.380240642   -0.431511381
   30.271595001   -0.384626174   -0.431182930
   30.293562777   -0.388906910   -0.430845226
   30.315530552   -0.393061969   -0.430498939
   30.337498328   -0.397070020   -0.430144762
   30.359466104   -0.400909404   -0.429783411
   30.381433880   -0.404558333   -0.429415623
   30.403401655   -0.407995145   -0.429042152
   30.425369431   -0.411198594   -0.428663767
   30.447337207   -0.414148136   -0.428281248
   30.469304983   -0.416824165   -0.427895387
   30.491272758   -0.419208197   -0.427506978
   30.513240534   -0.421282982   -0.427116821
   30.535208310   -0.423032562   -0.426725713
   30.557176086   -0.424442311   -0.426334449
   30.579143862   -0.425498973   -0.425943818
   30.601111637   -0.426190748   -0.425554596
   30.623079413   -0.426507429   -0.425167549
   30.645047189   -0.426440610   -0.424783428
   30.667014965   -0.425983929   -0.424402966
   30.688982740   -0.425133332   -0.424026874
   30.710950516   -0.423887307   -0.423655842
   30.732918292   -0.422247054   -0.423290533
   30.754886068   -0.420216563   -0.422931581
   30.776853843   -0.417802591   -0.422579588
   30.798821619   -0.415014547   -0.422235122
   30.820789395   -0.411864307   -0.421898713
   30.842757171   -0.408366008   -0.421570854
   30.864724946   -0.404535860   -0.421251995
   30.886692722   -0.400392007   -0.420942549
   30.908660498   -0.395954460   -0.420642880
   30.930628274   -0.391245111   -0.420353316
   30.952596050   -0.386287803   -0.420074136
   30.974563825   -0.381108429   -0.419805576
   30.996531601   -0.375735015   -0.419547827
   31.018499377   -0.370197757   -0.419301035
   31.040467153   -0.364528970   -0.419065296
   31.062434928   -0.358762948   -0.418840662
   31.084402704   -0.352935708   -0.418627136
   31.106370480   -0.347084664   -0.418424677
   31.128338256   -0.341248222   -0.418233198
   31.150306031   -0.335465354   -0.418052570
   31.172273807   -0.329775150   -0.417882625
   31.194241583   -0.324216402   -0.417723155
   31.216209359   -0.318827206   -0.417573918
   31.238177134   -0.313644614   -0.417434636
   31.260144910   -0.308704316   -0.417304998
   31.282112686   -0.304040374   -0.417184659
   31.304080462   -0.299684983   -0.417073238
   31.326048237   -0.295668263   -0.416970324
   31.348016013   -0.292018088   -0.416875470
   31.369983789   -0.288759934   -0.416788198
   31.391951565   -0.285916756   -0.416707997
   31.413919341   -0.283508866   -0.416634335
   31.435887116   -0.281553839   -0.416566655
   31.457854892   -0.280066400   -0.416504385
   31.479822668   -0.279058314   -0.416446946
   31.501790444   -0.278538274   -0.416393754
   31.523758219   -0.278511779   -0.416344236
   31.545725995   -0.278981046   -0.416297830
   31.567693771   -0.279944954   -0.416253997
   31.589661547   -0.281399060   -0.416212226
   31.611629322   -0.283335716   -0.416172046
   31.633597098   -0.285744282   -0.416133030
   31.655564874   -0.288611466   -0.416094805
   31.677532650   -0.291921746   -0.416057056
   31.699500425   -0.295657866   -0.416019536
   31.721468201   -0.299801342   -0.415982068
   31.743435977   -0.304332944   -0.415944550
   31.765403753   -0.309233100   -0.415906957
   31.787371528   -0.314482187   -0.415869343
   31.809339304   -0.320060697   -0.415831838
   31.831307080   -0.325949296   -0.415794647
   31.853274856   -0.332128773   -0.415758049
   31.875242632   -0.338579959   -0.415722390
   31.897210407   -0.345283628   -0.415688083
   31.919178183   -0.352220434   -0.415655603
   31.941145959   -0.359370915   -0.415625482
   31.963113735   -0.366715557   -0.415598305
   31.985081510   -0.374234919   -0.415574700
   32.007049286   -0.381909778   -0.415555337
   32.029017062   -0.389721270   -0.415540910
   32.050984838   -0.397650979   -0.415532130
   32.072952613   -0.405680957   -0.415529708
   32.094920389   -0.413793664   -0.415534342
   32.116888165   -0.421971837   -0.415546699
   32.138855941   -0.430198311   -0.415567402
   32.160823716   -0.438455845   -0.415597015
   32.182791492   -0.446726970   -0.415636028
   32.204759268   -0.454993911   -0.415684849
   32.226727044   -0.463238597   -0.415743793
   32.248694820   -0.471442748   -0.415813079
   32.270662595   -0.479588038   -0.415892816
   32.292630371   -0.487656297   -0.415983006
   32.314598147   -0.495629715   -0.416083537
   32.336565923   -0.503491016   -0.416194176
   32.358533698   -0.511223577   -0.416314573
   32.380501474   -0.518811487   -0.416444255
   32.402469250   -0.526239543   -0.416582629
   32.424437026   -0.533493203   -0.416728983
   32.446404801   -0.540558523   -0.416882495
   32.468372577   -0.547422100   -0.417042242
   32.490340353   -0.554071036   -0.417207205
   32.512308129   -0.560492934   -0.417376289
   32.534275904   -0.566675927   -0.417548331
   32.556243680   -0.572608726   -0.417722117
   32.578211456   -0.578280665   -0.417896393
   32.600179232   -0.583681736   -0.418069878
   32.622147007   -0.588802598   -0.418241276
   32.644114783   -0.593634560   -0.418409283
   32.666082559   -0.598169534   -0.418572603
   32.688050335   -0.602399985   -0.418729950
   32.710018111   -0.606318881   -0.418880070
   32.731985886   -0.609919660   -0.419021742
   32.753953662   -0.613196225   -0.419153801
   32.775921438   -0.616142964   -0.419275146
   32.797889214   -0.618754793   -0.419384756
   32.819856989   -0.621027207   -0.419481704
   32.841824765   -0.622956320   -0.419565168
   32.863792541   -0.624538896   -0.419634438
   32.885760317   -0.625772351   -0.419688929
   32.907728092   -0.626654733   -0.419728182
   32.929695868   -0.627184690   -0.419751865
   32.951663644   -0.627361429   -0.419759782
   32.973631420   -0.627184690   -0.419751865
   32.995599195   -0.626654733   -0.419728181
   33.017566971   -0.625772350   -0.419688928
   33.039534747   -0.624538894   -0.419634436
   33.061502523   -0.622956318   -0.419565165
   33.083470298   -0.621027204   -0.419481701
   33.105438074   -0.618754790   -0.419384752
   33.127405850   -0.616142960   -0.419275142
   33.149373626   -0.613196221   -0.419153796
   33.171341402   -0.609919656   -0.419021737
   33.193309177   -0.606318876   -0.418880064
   33.215276953   -0.602399979   -0.418729944
   33.237244729   -0.598169527   -0.418572596
   33.259212505   -0.593634553   -0.418409276
   33.281180280   -0.588802591   -0.418241268
   33.303148056   -0.583681728   -0.418069870
   33.325115832   -0.578280657   -0.417896384
   33.347083608   -0.572608718   -0.417722107
   33.369051383   -0.566675918   -0.417548321
   33.391019159   -0.560492924   -0.417376278
   33.412986935   -0.554071026   -0.417207194
   33.434954711   -0.547422090   -0.417042230
   33.456922486   -0.540558512   -0.416882483
   33.478890262   -0.533493191   -0.416728970
   33.500858038   -0.526239531   -0.416582615
   33.522825814   -0.518811474   -0.416444241
   33.544793589   -0.511223564   -0.416314559
   33.566761365   -0.503491002   -0.416194161
   33.588729141   -0.495629701   -0.416083521
   33.610696917   -0.487656282   -0.415982990
   33.632664693   -0.479588022   -0.415892799
   33.654632468   -0.471442732   -0.415813061
   33.676600244   -0.463238581   -0.415743775
   33.698568020   -0.454993894   -0.415684830
   33.720535796   -0.446726952   -0.415636009
   33.742503571   -0.438455827   -0.415596995
   33.764471347   -0.430198293   -0.415567382
   33.786439123   -0.421971818   -0.415546678
   33.808406899   -0.413793645   -0.415534320
   33.830374674   -0.405680937   -0.415529686
   33.852342450   -0.397650958   -0.415532107
   33.874310226   -0.389721249   -0.415540887
   33.896278002   -0.381909756   -0.415555313
   33.918245777   -0.374234897   -0.415574676
   33.940213553   -0.366715534   -0.415598280
   33.962181329   -0.359370891   -0.415625457
   33.984149105   -0.352220410   -0.415655577
   34.006116881   -0.345283603   -0.415688057
   34.028084656   -0.338579934   -0.415722363
   34.050052432   -0.332128747   -0.415758021
   34.072020208   -0.325949269   -0.415794619
   34.093987984   -0.320060670   -0.415831809
   34.115955759   -0.314482159   -0.415869313
   34.137923535   -0.309233072   -0.415906927
   34.159891311   -0.304332915   -0.415944519
   34.181859087   -0.299801312   -0.415982037
   34.203826862   -0.295657835   -0.416019504
   34.225794638   -0.291921715   -0.416057024
   34.247762414   -0.288611434   -0.416094772
   34.269730190   -0.285744250   -0.416132997
   34.291697965   -0.283335683   -0.416172012
   34.313665741   -0.281399027   -0.416212191
   34.335633517   -0.279944919   -0.416253961
   34.357601293   -0.278981011   -0.416297795
   34.379569068   -0.278511743   -0.416344200
   34.401536844   -0.278538237   -0.416393718
   34.423504620   -0.279058277   -0.416446908
   34.445472396   -0.280066362   -0.416504347
   34.467440172   -0.281553800   -0.416566617
   34.489407947   -0.283508827   -0.416634296
   34.511375723   -0.285916716   -0.416707958
   34.533343499   -0.288759894   -0.416788158
   34.555311275   -0.292018046   -0.416875430
   34.577279050   -0.295668221   -0.416970283
   34.599246826   -0.299684940   -0.417073197
   34.621214602   -0.304040331   -0.417184616
   34.643182378   -0.308704272   -0.417304955
   34.665150153   -0.313644569   -0.417434593
   34.687117929   -0.318827161   -0.417573874
   34.709085705   -0.324216356   -0.417723111
   34.731053481   -0.329775103   -0.417882580
   34.753021256   -0.335465306   -0.418052525
   34.774989032   -0.341248174   -0.418233152
   34.796956808   -0.347084615   -0.418424631
   34.818924584   -0.352935659   -0.418627089
   34.840892359   -0.358762898   -0.418840615
   34.862860135   -0.364528920   -0.419065248
   34.884827911   -0.370197706   -0.419300987
   34.906795687   -0.375734964   -0.419547779
   34.928763463   -0.381108378   -0.419805527
   34.950731238   -0.386287751   -0.420074086
   34.972699014   -0.391245058   -0.420353266
   34.994666790   -0.395954407   -0.420642830
   35.016634566   -0.400391954   -0.420942497
   35.038602341   -0.404535807   -0.421251944
   35.060570117   -0.408365954   -0.421570801
   35.082537893   -0.411864253   -0.421898660
   35.104505669   -0.415014493   -0.422235069
   35.126473444   -0.417802537   -0.422579535
   35.148441220   -0.420216508   -0.422931527
   35.170408996   -0.422246998   -0.423290479
   35.192376772   -0.423887251   -0.423655788
   35.214344547   -0.425133276   -0.424026819
   35.236312323   -0.425983872   -0.424402910
   35.258280099   -0.426440553   -0.424783372
   35.280247875   -0.426507371   -0.425167493
   35.302215651   -0.426190690   -0.425554539
   35.324183426   -0.425498915   -0.425943760
   35.346151202   -0.424442253   -0.426334392
   35.368118978   -0.423032503   -0.426725655
   35.390086754   -0.421282922   -0.427116762
   35.412054529   -0.419208138   -0.427506919
   35.434022305   -0.416824105   -0.427895328
   35.455990081   -0.414148075   -0.428281189
   35.477957857   -0.411198533   -0.428663707
   35.499925632   -0.407995083   -0.429042092
   35.521893408   -0.404558271   -0.429415563
   35.543861184   -0.400909342   -0.429783350
   35.565828960   -0.397069957   -0.430144701
   35.587796735   -0.393061905   -0.430498877
   35.609764511   -0.388906846   -0.430845164
   35.631732287   -0.384626109   -0.431182867
   35.653700063   -0.380240576   -0.431511319
   35.675667838   -0.375770643   -0.431829877
   35.697635614   -0.371236234   -0.432137933
   35.719603390   -0.366656854   -0.432434906
   35.741571166   -0.362051632   -0.432720253
   35.763538942   -0.357439329   -0.432993463
   35.785506717   -0.352838294   -0.433254063
   35.807474493   -0.348266374   -0.433501619
   35.829442269   -0.343740790   -0.433735734
   35.851410045   -0.339278010   -0.433956051
   35.873377820   -0.334893669   -0.434162254
   35.895345596   -0.330602536   -0.434354065
   35.917313372   -0.326418578   -0.434531248
   35.939281148   -0.322355085   -0.434693608
   35.961248923   -0.318424848   -0.434840990
   35.983216699   -0.314640347   -0.434973279
   36.005184475   -0.311013907   -0.435090395
   36.027152251   -0.307557788   -0.435192300
   36.049120026   -0.304284184   -0.435278988
   36.071087802   -0.301205143   -0.435350487
   36.093055578   -0.298332435   -0.435406859
   36.115023354   -0.295677401   -0.435448196
   36.136991129   -0.293250852   -0.435474623
   36.158958905   -0.291063043   -0.435486297
   36.180926681   -0.289123763   -0.435483406
   36.202894457   -0.287442529   -0.435466173
   36.224862233   -0.286028860   -0.435434850
   36.246830008   -0.284892562   -0.435389724
   36.268797784   -0.284043980   -0.435331109
   36.290765560   -0.283494116   -0.435259347
   36.312733336   -0.283254595   -0.435174800
   36.334701111   -0.283337448   -0.435077845
   36.356668887   -0.283754715   -0.434968869
   36.378636663   -0.284517951   -0.434848258
   36.400604439   -0.285637676   -0.434716394
   36.422572214   -0.287122893   -0.434573644
   36.444539990   -0.288980715   -0.434420353
   36.466507766   -0.291216201   -0.434256838
   36.488475542   -0.293832376   -0.434083379
   36.510443317   -0.296830463   -0.433900213
   36.532411093   -0.300210236   -0.433707527
   36.554378869   -0.303970447   -0.433505450
   36.576346645   -0.308109220   -0.433294048
   36.598314420   -0.312624356   -0.433073318
   36.620282196   -0.317513480   -0.432843186
   36.642249972   -0.322774022   -0.432603501
   36.664217748   -0.328403042   -0.432354041
   36.686185524   -0.334396936   -0.432094508
   36.708153299   -0.340751099   -0.431824538
   36.730121075   -0.347459584   -0.431543702
   36.752088851   -0.354514841   -0.431251512
   36.774056627   -0.361907547   -0.430947434
   36.796024402   -0.369626551   -0.430630884
   36.817992178   -0.377658920   -0.430301245
   36.839959954   -0.385990053   -0.429957868
   36.861927730   -0.394603837   -0.429600078
   36.883895505   -0.403482788   -0.429227185
   36.905863281   -0.412608187   -0.428838491
   36.927831057   -0.421960164   -0.428433302
   36.949798833   -0.431517766   -0.428010936
   36.971766608   -0.441259007   -0.427570741
   36.993734384   -0.451160930   -0.427112107
   37.015702160   -0.461199701   -0.426634482
   37.037669936   -0.471350732   -0.426137388
   37.059637712   -0.481588852   -0.425620430
   37.081605487   -0.491888500   -0.425083311
   37.103573263   -0.502223912   -0.424525840
   37.125541039   -0.512569302   -0.423947937
   37.147508815   -0.522898998   -0.423349639
   37.169476590   -0.533187523   -0.422731103
   37.191444366   -0.543409639   -0.422092606
   37.213412142   -0.553540345   -0.421434542
   37.235379918   -0.563554860   -0.420757427
   37.257347693   -0.573428612   -0.420061891
   37.279315469   -0.583137247   -0.419348679
   37.301283245   -0.592656673   -0.418618642
   37.323251021   -0.601963140   -0.417872731
   37.345218796   -0.611033344   -0.417111990
   37.367186572   -0.619844543   -0.416337541
   37.389154348   -0.628374663   -0.415550571
   37.411122124   -0.636602384   -0.414752322
   37.433089899   -0.644507193   -0.413944069
   37.455057675   -0.652069402   -0.413127114
   37.477025451   -0.659270145   -0.412302765
   37.498993227   -0.666091362   -0.411472330
   37.520961003   -0.672515787   -0.410637103
   37.542928778   -0.678526962   -0.409798356
   37.564896554   -0.684109271   -0.408957327
   37.586864330   -0.689248000   -0.408115211
   37.608832106   -0.693929426   -0.407273149
   37.630799881   -0.698140903   -0.406432215
   37.652767657   -0.701870945   -0.405593403
   37.674735433   -0.705109287   -0.404757612
   37.696703209   -0.707846921   -0.403925635
   37.718670984   -0.710076097   -0.403098144
   37.740638760   -0.711790308   -0.402275684
   37.762606536   -0.712984262   -0.401458662
   37.784574312   -0.713653852   -0.400647344
   37.806542087   -0.713796145   -0.399841853
   37.828509863   -0.713409383   -0.399042170
   37.850477639   -0.712493007   -0.398248133
   37.872445415   -0.711047695   -0.397459442
   37.894413190   -0.709075401   -0.396675656
   37.916380966   -0.706579388   -0.395896200
   37.938348742   -0.703564240   -0.395120359
   37.960316518   -0.700035854   -0.394347285
   37.982284294   -0.696001400   -0.393576000
   38.004252069   -0.691469273   -0.392805399
   38.026219845   -0.686449020   -0.392034258
   38.048187621   -0.680951280   -0.391261247
   38.070155397   -0.674987726   -0.390484944
   38.092123172   -0.668571026   -0.389703845
   38.114090948   -0.661714822   -0.388916388
   38.136058724   -0.654433718   -0.388120961
   38.158026500   -0.646743279   -0.387315923
   38.179994275   -0.638660023   -0.386499609
   38.201962051   -0.630201406   -0.385670345
   38.223929827   -0.621385787   -0.384826456
   38.245897603   -0.612232374   -0.383966271
   38.267865378   -0.602761158   -0.383088133
   38.289833154   -0.592992832   -0.382190408
   38.311800930   -0.582948720   -0.381271498
   38.333768706   -0.572650701   -0.380329854
   38.355736482   -0.562121154   -0.379363995
   38.377704257   -0.551382914   -0.378372527
   38.399672033   -0.540459244   -0.377354165
   38.421639809   -0.529373815   -0.376307746
   38.443607585   -0.518150684   -0.375232252
   38.465575360   -0.506814273   -0.374126816
   38.487543136   -0.495389326   -0.372990729
   38.509510912   -0.483900858   -0.371823444
   38.531478688   -0.472374082   -0.370624562
   38.553446463   -0.460834315   -0.369393826
   38.575414239   -0.449306880   -0.368131101
   38.597382015   -0.437816990   -0.366836354
   38.619349791   -0.426389642   -0.365509627
   38.641317566   -0.415049494   -0.364151013
   38.663285342   -0.403820766   -0.362760630
   38.685253118   -0.392727121   -0.361338595
   38.707220894   -0.381791566   -0.359885004
   38.729188669   -0.371036329   -0.358399910
   38.751156445   -0.360482746   -0.356883313
   38.773124221   -0.350151122   -0.355335146
   38.795091997   -0.340060591   -0.353755276
   38.817059773   -0.330228971   -0.352143504
   38.839027548   -0.320672615   -0.350499570
   38.860995324   -0.311406284   -0.348823168
   38.882963100   -0.302443058   -0.347113949
   38.904930876   -0.293794283   -0.345371538
   38.926898651   -0.285469599   -0.343595539
   38.948866427   -0.277477023   -0.341785541
   38.970834203   -0.269823120   -0.339941117
   38.992801979   -0.262513217   -0.338061823
   39.014769754   -0.255551663   -0.336147192
   39.036737530   -0.248942085   -0.334196721
   39.058705306   -0.242687608   -0.332209868
   39.080673082   -0.236791000   -0.330186047
   39.102640857   -0.231254717   -0.328124628
   39.124608633   -0.226080819   -0.326024948
   39.146576409   -0.221270780   -0.323886317
   39.168544185   -0.216825207   -0.321708050
   39.190511960   -0.212743508   -0.319489486
   39.212479736   -0.209023584   -0.317230017
   39.234447512   -0.205661584   -0.314929123
   39.256415288   -0.202651790   -0.312586394
   39.278383064   -0.199986660   -0.310201549
   39.300350839   -0.197657043   -0.307774458
   39.322318615   -0.195652540   -0.305305135
   39.344286391   -0.193961959   -0.302793742
   39.366254167   -0.192573812   -0.300240570
   39.388221942   -0.191476762   -0.297646019
   39.410189718   -0.190659964   -0.295010572
   39.432157494   -0.190113245   -0.292334756
   39.454125270   -0.189827114   -0.289619122
   39.476093045   -0.189792598   -0.286864200
   39.498060821   -0.190000964   -0.284070482
   39.520028597   -0.190443377   -0.281238392
   39.541996373   -0.191110575   -0.278368274
   39.563964148   -0.191992616   -0.275460378
   39.585931924   -0.193078735   -0.272514863
   39.607899700   -0.194357339   -0.269531797
   39.629867476   -0.195816106   -0.266511172
   39.651835252   -0.197442165   -0.263452918
   39.673803027   -0.199222277   -0.260356921
   39.695770803   -0.201142981   -0.257223047
   39.717738579   -0.203190654   -0.254051163
   39.739706355   -0.205351456   -0.250841154
   39.761674130   -0.207611187   -0.247592946
   39.783641906   -0.209955066   -0.244306517
   39.805609682   -0.212367505   -0.240981910
   39.827577458   -0.214831914   -0.237619238
   39.849545233   -0.217330602   -0.234218693
   39.871513009   -0.219844784   -0.230780545
   39.893480785   -0.222354706   -0.227305146
   39.915448561   -0.224839849   -0.223792928
   39.937416336   -0.227279186   -0.220244403
   39.959384112   -0.229651412   -0.216660171
   39.981351888   -0.231935121   -0.213040919
   40.003319664   -0.234108897   -0.209387431
   40.025287439   -0.236151304   -0.205700599
   40.047255215   -0.238040818   -0.201981435
   40.069222991   -0.239755723   -0.198231091
   40.091190767   -0.241274051   -0.194450872
   40.113158543   -0.242573588   -0.190642258
   40.135126318   -0.243631999   -0.186806918
   40.157094094   -0.244427068   -0.182946730
   40.179061870   -0.244937024   -0.179063781
   40.201029646   -0.245140918   -0.175160375
   40.222997421   -0.245018981   -0.171239022
   40.244965197   -0.244552907   -0.167302418
   40.266932973   -0.243726027   -0.163353424
   40.288900749   -0.242523350   -0.159395024
   40.310868524   -0.240931505   -0.155430286
   40.332836300   -0.238938614   -0.151462317
   40.354804076   -0.236534178   -0.147494219
   40.376771852   -0.233709025   -0.143529050
   40.398739627   -0.230455375   -0.139569786
   40.420707403   -0.226767043   -0.135619301
   40.442675179   -0.222639752   -0.131680352
   40.464642955   -0.218071514   -0.127755573
   40.486610730   -0.213062999   -0.123847483
   40.508578506   -0.207617812   -0.119958488
   40.530546282   -0.201742604   -0.116090902
   40.552514058   -0.195447000   -0.112246956
   40.574481834   -0.188743324   -0.108428805
   40.596449609   -0.181646195   -0.104638539
   40.618417385   -0.174172063   -0.100878179
   40.640385161   -0.166338811   -0.097149676
   40.662352937   -0.158165491   -0.093454904
   40.684320712   -0.149672306   -0.089795646
   40.706288488   -0.140880836   -0.086173589
   40.728256264   -0.131814496   -0.082590312
   40.750224040   -0.122499145   -0.079047283
   40.772191815   -0.112963724   -0.075545855
   40.794159591   -0.103240778   -0.072087262
   40.816127367   -0.093366741   -0.068672628
   40.838095143   -0.083381860   -0.065302958
   40.860062918   -0.073329719   -0.061979152
   40.882030694   -0.063256366   -0.058701994
   40.903998470   -0.053209093   -0.055472161
   40.925966246   -0.043235001   -0.052290212
   40.947934021   -0.033379485   -0.049156594
   40.969901797   -0.023684786   -0.046071630
   40.991869573   -0.014188757   -0.043035522
   41.013837349   -0.004923943   -0.040048350
   41.035805125    0.004082952   -0.037110066
   41.057772900    0.012811211   -0.034220503
   41.079740676    0.021245861   -0.031379377
   41.101708452    0.029377128   -0.028586285
   41.123676228    0.037199646   -0.025840720
   41.145644003    0.044711534   -0.023142066
   41.167611779    0.051913410   -0.020489607
   41.189579555    0.058807453   -0.017882531
   41.211547331    0.065396570   -0.015319930
   41.233515106    0.071683733   -0.012800808
   41.255482882    0.077671540   -0.010324081
   41.277450658    0.083362012   -0.007888586
   41.299418434    0.088756639   -0.005493088
   41.321386209    0.093856647   -0.003136284
   41.343353985    0.098663456   -0.000816820
   41.365321761    0.103179226    0.001466709
   41.387289537    0.107407432    0.003715744
   41.409257313    0.111353345    0.005931754
   41.431225088    0.115024322    0.008116235
   41.453192864    0.118429815    0.010270701
   41.475160640    0.121581056    0.012396683
   41.497128416    0.124490401    0.014495730
   41.519096191    0.127170378    0.016569404
   41.541063967    0.129632533    0.018619287
   41.563031743    0.131886209    0.020646969
   41.584999519    0.133937419    0.022654055
   41.606967294    0.135787972    0.024642154
   41.628935070    0.137434999    0.026612873
   41.650902846    0.138870984    0.028567812
   41.672870622    0.140084335    0.030508553
   41.694838397    0.141060488    0.032436650
   41.716806173    0.141783438    0.034353624
   41.738773949    0.142237585    0.036260955
   41.760741725    0.142409696    0.038160075
   41.782709500    0.142290805    0.040052370
   41.804677276    0.141877862    0.041939177
   41.826645052    0.141174985    0.043821782
   41.848612828    0.140194196    0.045701429
   41.870580604    0.138955594    0.047579315
   41.892548379    0.137486962    0.049456596
   41.914516155    0.135822865    0.051334387
   41.936483931    0.134003334    0.053213765
   41.958451707    0.132072259    0.055095764
   41.980419482    0.130075644    0.056981375
   42.002387258    0.128059850    0.058871547
   42.024355034    0.126069968    0.060767178
   42.046322810    0.124148423    0.062669116
   42.068290585    0.122333877    0.064578156
   42.090258361    0.120660485    0.066495037
   42.112226137    0.119157504    0.068420440
   42.134193913    0.117849232    0.070354987
   42.156161688    0.116755232    0.072299239
   42.178129464    0.115890777    0.074253693
   42.200097240    0.115267440    0.076218784
   42.222065016    0.114893750    0.078194876
   42.244032791    0.114775846    0.080182263
   42.266000567    0.114918063    0.082181164
   42.287968343    0.115323387    0.084191718
   42.309936119    0.115993759    0.086213980
   42.331903895    0.116930169    0.088247918
   42.353871670    0.118132565    0.090293408
   42.375839446    0.119599531    0.092350234
   42.397807222    0.121327800    0.094418083
   42.419774998    0.123311594    0.096496546
   42.441742773    0.125541885    0.098585119
   42.463710549    0.128005634    0.100683198
   42.485678325    0.130685125    0.102790082
   42.507646101    0.133557490    0.104904969
   42.529613876    0.136594556    0.107026958
   42.551581652    0.139763100    0.109155050
   42.573549428    0.143025583    0.111288142
   42.595517204    0.146341373    0.113425035
   42.617484979    0.149668419    0.115564431
   42.639452755    0.152965255    0.117704940
   42.661420531    0.156193165    0.119845083
   42.683388307    0.159318294    0.121983299
   42.705356083    0.162313459    0.124117949
   42.727323858    0.165159461    0.126247329
   42.749291634    0.167845721    0.128369670
   42.771259410    0.170370141    0.130483152
   42.793227186    0.172738229    0.132585903
   42.815194961    0.174961556    0.134676013
   42.837162737    0.177055780    0.136751536
   42.859130513    0.179038466    0.138810499
   42.881098289    0.180926989    0.140850912
   42.903066064    0.182736777    0.142870776
   42.925033840    0.184480076    0.144868096
   42.947001616    0.186165357    0.146840896
   42.968969392    0.187797355    0.148787225
   42.990937167    0.189377647    0.150705180
   43.012904943    0.190905606    0.152592909
   43.034872719    0.192379507    0.154448626
   43.056840495    0.193797585    0.156270621
   43.078808270    0.195158859    0.158057263
   43.100776046    0.196463615    0.159807008
   43.122743822    0.197713513    0.161518406
   43.144711598    0.198911358    0.163190103
   43.166679374    0.200060647    0.164820854
   43.188647149    0.201165020    0.166409531
   43.210614925    0.202227751    0.167955139
   43.232582701    0.203251396    0.169456827
   43.254550477    0.204237652    0.170913909
   43.276518252    0.205187436    0.172325882
   43.298486028    0.206101136    0.173692437
   43.320453804    0.206978960    0.175013475
   43.342421580    0.207821268    0.176289109
   43.364389355    0.208628835    0.177519667
   43.386357131    0.209402960    0.178705682
   43.408324907    0.210145422    0.179847881
   43.430292683    0.210858302    0.180947162
   43.452260458    0.211543731    0.182004571
   43.474228234    0.212203633    0.183021275
   43.496196010    0.212839520    0.183998535
   43.518163786    0.213452403    0.184937677
   43.540131561    0.214042826    0.185840074
   43.562099337    0.214611005    0.186707119
   43.584067113    0.215157031    0.187540215
   43.606034889    0.215681091    0.188340762
   43.628002665    0.216183638    0.189110149
   43.649970440    0.216665470    0.189849754
   43.671938216    0.217127715    0.190560944
   43.693905992    0.217571719    0.191245071
   43.715873768    0.217998873    0.191903483
   43.737841543    0.218410435    0.192537518
   43.759809319    0.218807383    0.193148509
   43.781777095    0.219190340    0.193737783
   43.803744871    0.219559593    0.194306655
   43.825712646    0.219915186    0.194856425
   43.847680422    0.220257070    0.195388367
   43.869648198    0.220585262    0.195903723
   43.891615974    0.220899977    0.196403692
   43.913583749    0.221201695    0.196889423
   43.935551525    0.221491154    0.197362010
   43.957519301    0.221769268    0.197822491
   43.979487077    0.222036997    0.198271853
   44.001454852    0.222295211    0.198711039
   44.023422628    0.222544568    0.199140967
   44.045390404    0.222785455    0.199562543
   44.067358180    0.223017996    0.199976689
   44.089325956    0.223242125    0.200384357
   44.111293731    0.223457698    0.200786552
   44.133261507    0.223664624    0.201184346
   44.155229283    0.223862971    0.201578884
   44.177197059    0.224053026    0.201971379
   44.199164834    0.224235291    0.202363108
   44.221132610    0.224410416    0.202755388
   44.243100386    0.224579102    0.203149551
   44.265068162    0.224741981    0.203546910
   44.287035937    0.224899518    0.203948721
   44.309003713    0.225051960    0.204356154
   44.330971489    0.225199338    0.204770246
   44.352939265    0.225341524    0.205191882
   44.374907040    0.225478326    0.205621763
   44.396874816    0.225609595    0.206060393
   44.418842592    0.225735316    0.206508065
   44.440810368    0.225855660    0.206964867
   44.462778144    0.225970981    0.207430680
   44.484745919    0.226081766    0.207905196
   44.506713695    0.226188550    0.208387932
   44.528681471    0.226291812    0.208878250
   44.550649247    0.226391897    0.209375380
   44.572617022    0.226488966    0.209878441
   44.594584798    0.226582995    0.210386463
   44.616552574    0.226673826    0.210898406
   44.638520350    0.226761242    0.211413178
   44.660488125    0.226845065    0.211929647
   44.682455901    0.226925233    0.212446654
   44.704423677    0.227001844    0.212963023
   44.726391453    0.227075157    0.213477562
   44.748359228    0.227145552    0.213989072
   44.770327004    0.227213451    0.214496352
   44.792294780    0.227279235    0.214998198
   44.814262556    0.227343169    0.215493414
   44.836230331    0.227405361    0.215980818
   44.858198107    0.227465755    0.216459253
   44.880165883    0.227524182    0.216927603
   44.902133659    0.227580418    0.217384810
   44.924101435    0.227634274    0.217829898
   44.946069210    0.227685662    0.218261990
   44.968036986    0.227734637    0.218680343
   44.990004762    0.227781399    0.219084361
   45.011972538    0.227826253    0.219473619
   45.033940313    0.227869548    0.219847878
   45.055908089    0.227911597    0.220207087
   45.077875865    0.227952615    0.220551385
   45.099843641    0.227992674    0.220881082
   45.121811416    0.228031707    0.221196645
   45.143779192    0.228069541    0.221498659
   45.165746968    0.228105957    0.221787800
   45.187714744    0.228140765    0.222064788
   45.209682519    0.228173864    0.222330355
   45.231650295    0.228205284    0.222585207
   45.253618071    0.228235183    0.222830000
   45.275585847    0.228263817    0.223065318
   45.297553622    0.228291481    0.223291668
   45.319521398    0.228318442    0.223509475
   45.341489174    0.228344878    0.223719099
   45.363456950    0.228370841    0.223920838
   45.385424726    0.228396257    0.224114957
   45.407392501    0.228420955    0.224301695
   45.429360277    0.228444725    0.224481284
   45.451328053    0.228467381    0.224653961
   45.473295829    0.228488817    0.224819970
   45.495263604    0.228509046    0.224979561
   45.517231380    0.228528198    0.225132994
   45.539199156    0.228546492    0.225280522
   45.561166932    0.228564187    0.225422397
   45.583134707    0.228581513    0.225558855
   45.605102483    0.228598623    0.225690116
   45.627070259    0.228615555    0.225816383
   45.649038035    0.228632235    0.225937845
   45.671005810    0.228648497    0.226054678
   45.692973586    0.228664142    0.226167050
   45.714941362    0.228678990    0.226275125
   45.736909138    0.228692937    0.226379066
   45.758876914    0.228705984    0.226479034
   45.780844689    0.228718242    0.226575190
   45.802812465    0.228729905    0.226667692
   45.824780241    0.228741201    0.226756692
   45.846748017    0.228752337    0.226842335
   45.868715792    0.228763445    0.226924755
   45.890683568    0.228774557    0.227004077
   45.912651344    0.228785599    0.227080415
   45.934619120    0.228796413    0.227153879
   45.956586895    0.228806810    0.227224570
   45.978554671    0.228816619    0.227292591
   46.000522447    0.228825739    0.227358039
   46.022490223    0.228834164    0.227421016
   46.044457998    0.228841992    0.227481621
   46.066425774    0.228849396    0.227539952
   46.088393550    0.228856581    0.227596103
   46.110361326    0.228863734    0.227650164
   46.132329101    0.228870974    0.227702218
   46.154296877    0.228878327    0.227752342
   46.176264653    0.228885720    0.227800607
   46.198232429    0.228893005    0.227847077
   46.220200205    0.228900002    0.227891816
   46.242167980    0.228906549    0.227934883
   46.264135756    0.228912549    0.227976341
   46.286103532    0.228917992    0.228016250
   46.308071308    0.228922964    0.228054674
   46.330039083    0.228927623    0.228091672
   46.352006859    0.228932157    0.228127306
   46.373974635    0.228936735    0.228161632
   46.395942411    0.228941468    0.228194701
   46.417910186    0.228946376    0.228226561
   46.439877962    0.228951390    0.228257255
   46.461845738    0.228956370    0.228286822
   46.483813514    0.228961145    0.228315300
   46.505781289    0.228965564    0.228342725
   46.527749065    0.228969532    0.228369135
   46.549716841    0.228973037    0.228394569
   46.571684617    0.228976159    0.228419065
   46.593652392    0.228979040    0.228442663
   46.615620168    0.228981856    0.228465401
   46.637587944    0.228984763    0.228487315
   46.659555720    0.228987863    0.228508439
   46.681523496    0.228991173    0.228528802
   46.703491271    0.228994627    0.228548429
   46.725459047    0.228998094    0.228567346
   46.747426823    0.229001412    0.228585573
   46.769394599    0.229004438    0.228603133
   46.791362374    0.229007079    0.228620048
   46.813330150    0.229009326    0.228636343
   46.835297926    0.229011249    0.228652043
   46.857265702    0.229012982    0.228667173
   46.879233477    0.229014687    0.228681758
   46.901201253    0.229016510    0.228695823
   46.923169029    0.229018545    0.228709388
   46.945136805    0.229020809    0.228722472
   46.967104580    0.229023238    0.228735090
   46.989072356    0.229025707    0.228747257
   47.011040132    0.229028065    0.228758985
   47.033007908    0.229030174    0.228770287
   47.054975683    0.229031947    0.228781178
   47.076943459    0.229033374    0.228791671
   47.098911235    0.229034518    0.228801783
   47.120879011    0.229035507    0.228811532
   47.142846787    0.229036490    0.228820934
   47.164814562    0.229037606    0.228830005
   47.186782338    0.229038942    0.228838760
   47.208750114    0.229040514    0.228847209
   47.230717890    0.229042261    0.228855362
   47.252685665    0.229044066    0.228863227
   47.274653441    0.229045783    0.228870810
   47.296621217    0.229047283    0.228878120
   47.318588993    0.229048483    0.228885165
   47.340556768    0.229049372    0.228891954
   47.362524544    0.229050010    0.228898497
   47.384492320    0.229050515    0.228904807
   47.406460096    0.229051029    0.228910896
   47.428427871    0.229051684    0.228916774
   47.450395647    0.229052560    0.228922450
   47.472363423    0.229053673    0.228927932
   47.494331199    0.229054965    0.228933225
   47.516298975    0.229056323    0.228938334
   47.538266750    0.229057612    0.228943262
   47.560234526    0.229058707    0.228948013
   47.582202302    0.229059529    0.228952591
   47.604170078    0.229060066    0.228957004
   47.626137853    0.229060376    0.228961257
   47.648105629    0.229060570    0.228965360
   47.670073405    0.229060782    0.228969320
   47.692041181    0.229061135    0.228973146
   47.714008956    0.229061709    0.228976844
   47.735976732    0.229062516    0.228980418
   47.757944508    0.229063502    0.228983872
   47.779912284    0.229064560    0.228987207
   47.801880059    0.229065560    0.228990425
   47.823847835    0.229066382    0.228993527
   47.845815611    0.229066952    0.228996516
   47.867783387    0.229067258    0.228999397
   47.889751162    0.229067353    0.229002174
   47.911718938    0.229067342    0.229004852
   47.933686714    0.229067355    0.229007440
   47.955654490    0.229067507    0.229009941
   47.977622266    0.229067873    0.229012361
   47.999590041    0.229068467    0.229014702
   48.021557817    0.229069237    0.229016966
   48.043525593    0.229070082    0.229019154
   48.065493369    0.229070877    0.229021265
   48.087461144    0.229071509    0.229023300
   48.109428920    0.229071907    0.229025261
   48.131396696    0.229072058    0.229027150
   48.153364472    0.229072014    0.229028970
   48.175332247    0.229071874    0.229030726
   48.197300023    0.229071761    0.229032423
   48.219267799    0.229071786    0.229034065
   48.241235575    0.229072019    0.229035655
   48.263203350    0.229072474    0.229037196
   48.285171126    0.229073100    0.229038688
   48.307138902    0.229073802    0.229040131
   48.329106678    0.229074459    0.229041523
   48.351074453    0.229074965    0.229042865
   48.373042229    0.229075250    0.229044157
   48.395010005    0.229075302    0.229045401
   48.416977781    0.229075171    0.229046599
   48.438945557    0.229074952    0.229047755
   48.460913332    0.229074760    0.229048872
   48.482881108    0.229074703    0.229049955
   48.504848884    0.229074848    0.229051006
   48.526816660    0.229075207    0.229052025
   48.548784435    0.229075734    0.229053013
   48.570752211    0.229076334    0.229053970
   48.592719987    0.229076895    0.229054893
   48.614687763    0.229077313    0.229055783
   48.636655538    0.229077522    0.229056638
   48.658623314    0.229077510    0.229057460
   48.680591090    0.229077324    0.229058252
   48.702558866    0.229077055    0.229059016
   48.724526641    0.229076815    0.229059754
   48.746494417    0.229076705    0.229060471
   48.768462193    0.229076791    0.229061168
   48.790429969    0.229077084    0.229061846
   48.812397745    0.229077539    0.229062504
   48.834365520    0.229078067    0.229063142
   48.856333296    0.229078558    0.229063758
   48.878301072    0.229078914    0.229064351
   48.900268848    0.229079071    0.229064920
   48.922236623    0.229079018    0.229065466
   48.944204399    0.229078798    0.229065991
   48.966172175    0.229078500    0.229066497
   48.988139951    0.229078231    0.229066987
   49.010107726    0.229078089    0.229067464
   49.032075502    0.229078135    0.229067928
   49.054043278    0.229078382    0.229068382
   49.076011054    0.229078785    0.229068823
   49.097978829    0.229079260    0.229069251
   49.119946605    0.229079701    0.229069665
   49.141914381    0.229080013    0.229070062
   49.163882157    0.229080135    0.229070442
   49.185849932    0.229080055    0.229070807
   49.207817708    0.229079816    0.229071156
   49.229785484    0.229079503    0.229071493
   49.251753260    0.229079218    0.229071819
   49.273721036    0.229079055    0.229072137
   49.295688811    0.229079076    0.229072449
   49.317656587    0.229079289    0.229072754
   49.339624363    0.229079655    0.229073052
   49.361592139    0.229080090    0.229073341
   49.383559914    0.229080493    0.229073621
   49.405527690    0.229080773    0.229073889
   49.427495466    0.229080870    0.229074144
   49.449463242    0.229080773    0.229074388
   49.471431017    0.229080524    0.229074622
   49.493398793    0.229080204    0.229074846
   49.515366569    0.229079911    0.229075064
   49.537334345    0.229079737    0.229075277
   49.559302120    0.229079740    0.229075487
   49.581269896    0.229079929    0.229075693
   49.603237672    0.229080266    0.229075896
   49.625205448    0.229080670    0.229076093
   49.647173223    0.229081045    0.229076284
   49.669140999    0.229081300    0.229076466
   49.691108775    0.229081380    0.229076639
   49.713076551    0.229081274    0.229076803
   49.735044327    0.229081020    0.229076959
   49.757012102    0.229080699    0.229077109
   49.778979878    0.229080404    0.229077254
   49.800947654    0.229080223    0.229077398
   49.822915430    0.229080214    0.229077540
   49.844883205    0.229080386    0.229077681
   49.866850981    0.229080700    0.229077820
   49.888818757    0.229081081    0.229077956
   49.910786533    0.229081432    0.229078087
   49.932754308    0.229081670    0.229078212
   49.954722084    0.229081738    0.229078329
   49.976689860    0.229081626    0.229078440
   49.998657636    0.229081372    0.229078545
   50.020625411    0.229081053    0.229078645
   50.042593187    0.229080759    0.229078742
   50.064560963    0.229080577    0.229078839
   50.086528739    0.229080560    0.229078936
   50.108496515    0.229080718    0.229079033
   50.130464290    0.229081014    0.229079129
   50.152432066    0.229081375    0.229079224
   50.174399842    0.229081709    0.229079315
   50.196367618    0.229081932    0.229079401
   50.218335393    0.229081991    0.229079482
   50.240303169    0.229081877    0.229079557
   50.262270945    0.229081625    0.229079627
   50.284238721    0.229081310    0.229079693
   50.306206496    0.229081019    0.229079759
   50.328174272    0.229080837    0.229079824
   50.350142048    0.229080815    0.229079890
   50.372109824    0.229080962    0.229079958
   50.394077599    0.229081244    0.229080025
   50.416045375    0.229081589    0.229080092
   50.438013151    0.229081907    0.229080157
   50.459980927    0.229082119    0.229080217
   50.481948702    0.229082172    0.229080273
   50.503916478    0.229082057    0.229080324
   50.525884254    0.229081809    0.229080371
   50.547852030    0.229081499    0.229080415
   50.569819806    0.229081213    0.229080459
   50.591787581    0.229081032    0.229080503
   50.613755357    0.229081007    0.229080549
   50.635723133    0.229081146    0.229080597
   50.657690909    0.229081416    0.229080645
   50.679658684    0.229081746    0.229080694
   50.701626460    0.229082052    0.229080740
   50.723594236    0.229082255    0.229080783
   50.745562012    0.229082303    0.229080822
   50.767529787    0.229082189    0.229080857
   50.789497563    0.229081945    0.229080888
   50.811465339    0.229081641    0.229080918
   50.833433115    0.229081361    0.229080947
   50.855400890    0.229081182    0.229080977
   50.877368666    0.229081155    0.229081010
   50.899336442    0.229081288    0.229081044
   50.921304218    0.229081547    0.229081079
   50.943271993    0.229081866    0.229081115
   50.965239769    0.229082160    0.229081149
   50.987207545    0.229082355    0.229081180
   51.009175321    0.229082400    0.229081208
   51.031143097    0.229082287    0.229081232
   51.053110872    0.229082049    0.229081253
   51.075078648    0.229081751    0.229081272
   51.097046424    0.229081477    0.229081292
   51.119014200    0.229081301    0.229081312
   51.140981975    0.229081272    0.229081335
   51.162949751    0.229081399    0.229081360
   51.184917527    0.229081649    0.229081386
   51.206885303    0.229081958    0.229081413
   51.228853078    0.229082243    0.229081439
   51.250820854    0.229082431    0.229081462
   51.272788630    0.229082474    0.229081482
   51.294756406    0.229082362    0.229081499
   51.316724181    0.229082129    0.229081513
   51.338691957    0.229081838    0.229081525
   51.360659733    0.229081570    0.229081538
   51.382627509    0.229081397    0.229081552
   51.404595284    0.229081367    0.229081568
   51.426563060    0.229081489    0.229081587
   51.448530836    0.229081732    0.229081607
   51.470498612    0.229082031    0.229081628
   51.492466388    0.229082307    0.229081648
   51.514434163    0.229082489    0.229081666
   51.536401939    0.229082530    0.229081680
   51.558369715    0.229082421    0.229081692
   51.580337491    0.229082193    0.229081701
   51.602305266    0.229081909    0.229081709
   51.624273042    0.229081646    0.229081717
   51.646240818    0.229081477    0.229081727
   51.668208594    0.229081446    0.229081739
   51.690176369    0.229081564    0.229081753
   51.712144145    0.229081799    0.229081769
   51.734111921    0.229082090    0.229081786
   51.756079697    0.229082359    0.229081801
   51.778047472    0.229082536    0.229081815
   51.800015248    0.229082575    0.229081826
   51.821983024    0.229082468    0.229081834
   51.843950800    0.229082245    0.229081840
   51.865918576    0.229081967    0.229081845
   51.887886351    0.229081711    0.229081850
   51.909854127    0.229081544    0.229081857
   51.931821903    0.229081514    0.229081865
   51.953789679    0.229081628    0.229081877
   51.975757454    0.229081856    0.229081890
   51.997725230    0.229082139    0.229081903
   52.019693006    0.229082401    0.229081916
   52.041660782    0.229082573    0.229081927
   52.063628557    0.229082612    0.229081936
   52.085596333    0.229082507    0.229081942
   52.107564109    0.229082289    0.229081945
   52.129531885    0.229082018    0.229081948
   52.151499660    0.229081766    0.229081951
   52.173467436    0.229081603    0.229081955
   52.195435212    0.229081573    0.229081962
   52.217402988    0.229081684    0.229081971
   52.239370763    0.229081906    0.229081982
   52.261338539    0.229082181    0.229081994
   52.283306315    0.229082437    0.229082005
   52.305274091    0.229082605    0.229082014
   52.327241867    0.229082642    0.229082021
   52.349209642    0.229082540    0.229082025
   52.371177418    0.229082327    0.229082027
   52.393145194    0.229082061    0.229082028
   52.415112970    0.229081815    0.229082029
   52.437080745    0.229081655    0.229082032
   52.459048521    0.229081625    0.229082038
   52.481016297    0.229081732    0.229082045
   52.502984073    0.229081949    0.229082055
   52.524951848    0.229082218    0.229082065
   52.546919624    0.229082467    0.229082074
   52.568887400    0.229082632    0.229082082
   52.590855176    0.229082668    0.229082087
   52.612822951    0.229082568    0.229082090
   52.634790727    0.229082360    0.229082091
   52.656758503    0.229082100    0.229082091
   52.678726279    0.229081859    0.229082092
   52.700694054    0.229081702    0.229082094
   52.722661830    0.229081672    0.229082098
   52.744629606    0.229081776    0.229082105
   52.766597382    0.229081988    0.229082113
   52.788565158    0.229082250    0.229082122
   52.810532933    0.229082494    0.229082131
   52.832500709    0.229082655    0.229082137
   52.854468485    0.229082691    0.229082142
   52.876436261    0.229082593    0.229082144
   52.898404036    0.229082390    0.229082144
   52.920371812    0.229082135    0.229082144
   52.942339588    0.229081899    0.229082143
   52.964307364    0.229081745    0.229082145
   52.986275139    0.229081715    0.229082148
   53.008242915    0.229081816    0.229082154
   53.030210691    0.229082023    0.229082161
   53.052178467    0.229082280    0.229082170
   53.074146242    0.229082519    0.229082177
   53.096114018    0.229082677    0.229082184
   53.118081794    0.229082712    0.229082187
   53.140049570    0.229082616    0.229082189
   53.162017346    0.229082417    0.229082189
   53.183985121    0.229082168    0.229082188
   53.205952897    0.229081936    0.229082187
   53.227920673    0.229081785    0.229082188
   53.249888449    0.229081755    0.229082191
   53.271856224    0.229081854    0.229082196
   53.293824000    0.229082056    0.229082203
   53.315791776    0.229082308    0.229082210
   53.337759552    0.229082542    0.229082217
   53.359727327    0.229082696    0.229082223
   53.381695103    0.229082731    0.229082227
   53.403662879    0.229082638    0.229082228
   53.425630655    0.229082442    0.229082227
   53.447598430    0.229082198    0.229082226
   53.469566206    0.229081971    0.229082225
   53.491533982    0.229081822    0.229082225
   53.513501758    0.229081792    0.229082228
   53.535469533    0.229081889    0.229082232
   53.557437309    0.229082087    0.229082239
   53.579405085    0.229082333    0.229082246
   53.601372861    0.229082563    0.229082253
   53.623340637    0.229082715    0.229082258
   53.645308412    0.229082749    0.229082261
   53.667276188    0.229082658    0.229082262
   53.689243964    0.229082467    0.229082261
   53.711211740    0.229082227    0.229082259
   53.733179515    0.229082004    0.229082258
   53.755147291    0.229081858    0.229082258
   53.777115067    0.229081828    0.229082260
   53.799082843    0.229081922    0.229082265
   53.821050618    0.229082116    0.229082271
   53.843018394    0.229082358    0.229082278
   53.864986170    0.229082583    0.229082284
   53.886953946    0.229082732    0.229082289
   53.908921721    0.229082766    0.229082292
   53.930889497    0.229082677    0.229082292
   53.952857273    0.229082489    0.229082291
   53.974825049    0.229082254    0.229082290
   53.996792824    0.229082035    0.229082288
   54.018760600    0.229081891    0.229082288
   54.040728376    0.229081861    0.229082290
   54.062696152    0.229081954    0.229082294
   54.084663928    0.229082144    0.229082300
   54.106631703    0.229082381    0.229082307
   54.128599479    0.229082602    0.229082313
   54.150567255    0.229082749    0.229082317
   54.172535031    0.229082783    0.229082320
   54.194502806    0.229082696    0.229082320
   54.216470582    0.229082511    0.229082319
   54.238438358    0.229082280    0.229082317
   54.260406134    0.229082065    0.229082316
   54.282373909    0.229081923    0.229082316
   54.304341685    0.229081893    0.229082318
   54.326309461    0.229081984    0.229082321
   54.348277237    0.229082170    0.229082327
   54.370245012    0.229082403    0.229082333
   54.392212788    0.229082620    0.229082339
   54.414180564    0.229082765    0.229082343
   54.436148340    0.229082799    0.229082346
   54.458116115    0.229082713    0.229082346
   54.480083891    0.229082532    0.229082345
   54.502051667    0.229082305    0.229082343
   54.524019443    0.229082094    0.229082342
   54.545987219    0.229081954    0.229082341
   54.567954994    0.229081924    0.229082343
   54.589922770    0.229082012    0.229082347
   54.611890546    0.229082195    0.229082352
   54.633858322    0.229082424    0.229082358
   54.655826097    0.229082638    0.229082364
   54.677793873    0.229082780    0.229082368
   54.699761649    0.229082814    0.229082370
   54.721729425    0.229082730    0.229082371
   54.743697200    0.229082553    0.229082369
   54.765664976    0.229082330    0.229082367
   54.787632752    0.229082121    0.229082366
   54.809600528    0.229081983    0.229082365
   54.831568303    0.229081953    0.229082367
   54.853536079    0.229082040    0.229082370
   54.875503855    0.229082219    0.229082376
   54.897471631    0.229082444    0.229082381
   54.919439407    0.229082655    0.229082387
   54.941407182    0.229082795    0.229082391
   54.963374958    0.229082829    0.229082393
   54.985342734    0.229082747    0.229082394
   55.007310510    0.229082572    0.229082392
   55.029278285    0.229082353    0.229082390
   55.051246061    0.229082147    0.229082389
   55.073213837    0.229082011    0.229082388
   55.095181613    0.229081982    0.229082390
   55.117149388    0.229082066    0.229082393
   55.139117164    0.229082243    0.229082398
   55.161084940    0.229082464    0.229082404
   55.183052716    0.229082671    0.229082409
   55.205020491    0.229082810    0.229082413
   55.226988267    0.229082843    0.229082415
   55.248956043    0.229082763    0.229082416
   55.270923819    0.229082591    0.229082414
   55.292891594    0.229082375    0.229082412
   55.314859370    0.229082173    0.229082410
   55.336827146    0.229082038    0.229082410
   55.358794922    0.229082009    0.229082411
   55.380762698    0.229082091    0.229082415
   55.402730473    0.229082265    0.229082419
   55.424698249    0.229082483    0.229082425
   55.446666025    0.229082687    0.229082430
   55.468633801    0.229082824    0.229082434
   55.490601576    0.229082857    0.229082436
   55.512569352    0.229082778    0.229082436
   55.534537128    0.229082610    0.229082435
   55.556504904    0.229082397    0.229082433
   55.578472679    0.229082197    0.229082431
   55.600440455    0.229082064    0.229082431
   55.622408231    0.229082035    0.229082432
   55.644376007    0.229082116    0.229082435
   55.666343782    0.229082286    0.229082440
   55.688311558    0.229082501    0.229082445
   55.710279334    0.229082703    0.229082450
   55.732247110    0.229082838    0.229082454
   55.754214885    0.229082871    0.229082456
   55.776182661    0.229082794    0.229082456
   55.798150437    0.229082628    0.229082455
   55.820118213    0.229082418    0.229082453
   55.842085989    0.229082221    0.229082451
   55.864053764    0.229082090    0.229082451
   55.886021540    0.229082060    0.229082452
   55.907989316    0.229082139    0.229082455
   55.929957092    0.229082307    0.229082459
   55.951924867    0.229082518    0.229082465
   55.973892643    0.229082717    0.229082470
   55.995860419    0.229082851    0.229082473
   56.017828195    0.229082884    0.229082475
   56.039795970    0.229082808    0.229082476
   56.061763746    0.229082645    0.229082474
   56.083731522    0.229082438    0.229082472
   56.105699298    0.229082243    0.229082470
   56.127667073    0.229082114    0.229082470
   56.149634849    0.229082084    0.229082471
   56.171602625    0.229082162    0.229082474
   56.193570401    0.229082327    0.229082478
   56.215538177    0.229082535    0.229082483
   56.237505952    0.229082732    0.229082488
   56.259473728    0.229082864    0.229082492
   56.281441504    0.229082897    0.229082494
   56.303409280    0.229082823    0.229082494
   56.325377055    0.229082662    0.229082493
   56.347344831    0.229082458    0.229082491
   56.369312607    0.229082265    0.229082489
   56.391280383    0.229082137    0.229082488
   56.413248158    0.229082107    0.229082489
   56.435215934    0.229082183    0.229082492
   56.457183710    0.229082346    0.229082496
   56.479151486    0.229082552    0.229082501
   56.501119261    0.229082746    0.229082506
   56.523087037    0.229082876    0.229082510
   56.545054813    0.229082909    0.229082512
   56.567022589    0.229082837    0.229082512
   56.588990364    0.229082678    0.229082510
   56.610958140    0.229082476    0.229082508
   56.632925916    0.229082287    0.229082507
   56.654893692    0.229082159    0.229082506
   56.676861468    0.229082129    0.229082507
   56.698829243    0.229082204    0.229082510
   56.720797019    0.229082364    0.229082514
   56.742764795    0.229082567    0.229082519
   56.764732571    0.229082759    0.229082523
   56.786700346    0.229082888    0.229082527
   56.808668122    0.229082922    0.229082529
   56.830635898    0.229082850    0.229082529
   56.852603674    0.229082694    0.229082528
   56.874571449    0.229082495    0.229082525
   56.896539225    0.229082307    0.229082524
   56.918507001    0.229082181    0.229082523
   56.940474777    0.229082151    0.229082524
   56.962442552    0.229082224    0.229082527
   56.984410328    0.229082382    0.229082531
   57.006378104    0.229082583    0.229082536
   57.028345880    0.229082772    0.229082540
   57.050313655    0.229082900    0.229082544
   57.072281431    0.229082933    0.229082545
   57.094249207    0.229082863    0.229082545
   57.116216983    0.229082709    0.229082544
   57.138184759    0.229082512    0.229082542
   57.160152534    0.229082327    0.229082540
   57.182120310    0.229082202    0.229082539
   57.204088086    0.229082171    0.229082540
   57.226055862    0.229082243    0.229082543
   57.248023637    0.229082399    0.229082547
   57.269991413    0.229082597    0.229082552
   57.291959189    0.229082785    0.229082556
   57.313926965    0.229082912    0.229082560
   57.335894740    0.229082945    0.229082561
   57.357862516    0.229082876    0.229082561
   57.379830292    0.229082724    0.229082560
   57.401798068    0.229082529    0.229082558
   57.423765843    0.229082346    0.229082556
   57.445733619    0.229082222    0.229082555
   57.467701395    0.229082191    0.229082556
   57.489669171    0.229082262    0.229082559
   57.511636946    0.229082416    0.229082563
   57.533604722    0.229082611    0.229082567
   57.555572498    0.229082797    0.229082572
   57.577540274    0.229082923    0.229082575
   57.599508050    0.229082956    0.229082577
   57.621475825    0.229082888    0.229082577
   57.643443601    0.229082738    0.229082575
   57.665411377    0.229082546    0.229082573
   57.687379153    0.229082364    0.229082571
   57.709346928    0.229082241    0.229082570
   57.731314704    0.229082210    0.229082571
   57.753282480    0.229082279    0.229082574
   57.775250256    0.229082431    0.229082578
   57.797218031    0.229082625    0.229082582
   57.819185807    0.229082808    0.229082586
   57.841153583    0.229082933    0.229082590
   57.863121359    0.229082967    0.229082591
   57.885089134    0.229082900    0.229082591
   57.907056910    0.229082752    0.229082590
   57.929024686    0.229082562    0.229082588
   57.950992462    0.229082381    0.229082586
   57.972960238    0.229082259    0.229082585
   57.994928013    0.229082228    0.229082586
   58.016895789    0.229082296    0.229082588
   58.038863565    0.229082446    0.229082592
   58.060831341    0.229082638    0.229082596
   58.082799116    0.229082819    0.229082601
   58.104766892    0.229082944    0.229082604
   58.126734668    0.229082977    0.229082605
   58.148702444    0.229082912    0.229082605
   58.170670219    0.229082765    0.229082604
   58.192637995    0.229082577    0.229082602
   58.214605771    0.229082398    0.229082600
   58.236573547    0.229082277    0.229082599
   58.258541322    0.229082246    0.229082600
   58.280509098    0.229082313    0.229082602
   58.302476874    0.229082461    0.229082606
   58.324444650    0.229082650    0.229082610
   58.346412425    0.229082830    0.229082614
   58.368380201    0.229082953    0.229082617
   58.390347977    0.229082987    0.229082619
   58.412315753    0.229082923    0.229082619
   58.434283529    0.229082778    0.229082618
   58.456251304    0.229082592    0.229082615
   58.478219080    0.229082414    0.229082614
   58.500186856    0.229082294    0.229082613
   58.522154632    0.229082262    0.229082613
   58.544122407    0.229082328    0.229082615
   58.566090183    0.229082474    0.229082619
   58.588057959    0.229082662    0.229082623
   58.610025735    0.229082840    0.229082627
   58.631993510    0.229082963    0.229082631
   58.653961286    0.229082997    0.229082632
   58.675929062    0.229082933    0.229082632
   58.697896838    0.229082790    0.229082631
   58.719864613    0.229082606    0.229082628
   58.741832389    0.229082430    0.229082627
   58.763800165    0.229082310    0.229082626
   58.785767941    0.229082278    0.229082626
   58.807735716    0.229082343    0.229082628
   58.829703492    0.229082488    0.229082632
   58.851671268    0.229082673    0.229082636
   58.873639044    0.229082850    0.229082640
   58.895606820    0.229082972    0.229082643
   58.917574595    0.229083006    0.229082645
   58.939542371    0.229082944    0.229082645
   58.961510147    0.229082802    0.229082643
   58.983477923    0.229082619    0.229082641
   59.005445698    0.229082445    0.229082639
   59.027413474    0.229082326    0.229082638
   59.049381250    0.229082294    0.229082638
   59.071349026    0.229082357    0.229082641
   59.093316801    0.229082500    0.229082644
   59.115284577    0.229082684    0.229082648
   59.137252353    0.229082860    0.229082652
   59.159220129    0.229082981    0.229082655
   59.181187904    0.229083015    0.229082657
   59.203155680    0.229082954    0.229082656
   59.225123456    0.229082814    0.229082655
   59.247091232    0.229082633    0.229082653
   59.269059008    0.229082459    0.229082651
   59.291026783    0.229082341    0.229082650
   59.312994559    0.229082308    0.229082650
   59.334962335    0.229082371    0.229082652
   59.356930111    0.229082512    0.229082656
   59.378897886    0.229082694    0.229082660
   59.400865662    0.229082869    0.229082664
   59.422833438    0.229082989    0.229082667
   59.444801214    0.229083024    0.229082668
   59.466768989    0.229082963    0.229082668
   59.488736765    0.229082825    0.229082666
   59.510704541    0.229082645    0.229082664
   59.532672317    0.229082473    0.229082662
   59.554640092    0.229082355    0.229082661
   59.576607868    0.229082322    0.229082662
   59.598575644    0.229082384    0.229082664
   59.620543420    0.229082524    0.229082667
   59.642511195    0.229082704    0.229082671
   59.664478971    0.229082877    0.229082675
   59.686446747    0.229082997    0.229082678
   59.708414523    0.229083032    0.229082679
   59.730382299    0.229082972    0.229082679
   59.752350074    0.229082835    0.229082677
   59.774317850    0.229082657    0.229082675
   59.796285626    0.229082486    0.229082673
   59.818253402    0.229082368    0.229082672
   59.840221177    0.229082335    0.229082672
   59.862188953    0.229082396    0.229082674
   59.884156729    0.229082534    0.229082678
   59.906124505    0.229082713    0.229082681
   59.928092280    0.229082885    0.229082685
   59.950060056    0.229083005    0.229082688
   59.972027832    0.229083040    0.229082689
   59.993995608    0.229082981    0.229082689
   60.015963383    0.229082845    0.229082688
   60.037931159    0.229082668    0.229082685
   60.059898935    0.229082499    0.229082683
   60.081866711    0.229082381    0.229082682
   60.103834486    0.229082348    0.229082683
   60.125802262    0.229082408    0.229082684
   60.147770038    0.229082545    0.229082688
   60.169737814    0.229082722    0.229082691
   60.191705590    0.229082893    0.229082695
   60.213673365    0.229083012    0.229082698
   60.235641141    0.229083047    0.229082699
   60.257608917    0.229082989    0.229082699
   60.279576693    0.229082855    0.229082698
   60.301544468    0.229082679    0.229082695
   60.323512244    0.229082511    0.229082693
   60.345480020    0.229082394    0.229082692
   60.367447796    0.229082360    0.229082692
   60.389415571    0.229082419    0.229082694
   60.411383347    0.229082554    0.229082697
   60.433351123    0.229082731    0.229082701
   60.455318899    0.229082900    0.229082705
   60.477286674    0.229083019    0.229082707
   60.499254450    0.229083054    0.229082709
   60.521222226    0.229082997    0.229082708
   60.543190002    0.229082864    0.229082707
   60.565157778    0.229082690    0.229082705
   60.587125553    0.229082522    0.229082703
   60.609093329    0.229082405    0.229082701
   60.631061105    0.229082371    0.229082701
   60.653028881    0.229082429    0.229082703
   60.674996656    0.229082563    0.229082706
   60.696964432    0.229082738    0.229082710
   60.718932208    0.229082907    0.229082714
   60.740899984    0.229083025    0.229082716
   60.762867759    0.229083061    0.229082718
   60.784835535    0.229083005    0.229082717
   60.806803311    0.229082873    0.229082716
   60.828771087    0.229082700    0.229082713
   60.850738862    0.229082533    0.229082711
   60.872706638    0.229082416    0.229082710
   60.894674414    0.229082382    0.229082710
   60.916642190    0.229082439    0.229082712
   60.938609965    0.229082572    0.229082715
   60.960577741    0.229082746    0.229082719
   60.982545517    0.229082914    0.229082722
   61.004513293    0.229083031    0.229082725
   61.026481069    0.229083067    0.229082726
   61.048448844    0.229083012    0.229082726
   61.070416620    0.229082881    0.229082724
   61.092384396    0.229082709    0.229082722
   61.114352172    0.229082543    0.229082720
   61.136319947    0.229082427    0.229082718
   61.158287723    0.229082392    0.229082718
   61.180255499    0.229082448    0.229082720
   61.202223275    0.229082580    0.229082723
   61.224191050    0.229082753    0.229082727
   61.246158826    0.229082920    0.229082730
   61.268126602    0.229083037    0.229082733
   61.290094378    0.229083073    0.229082734
   61.312062153    0.229083019    0.229082734
   61.334029929    0.229082889    0.229082732
   61.355997705    0.229082718    0.229082730
   61.377965481    0.229082552    0.229082727
   61.399933256    0.229082437    0.229082726
   61.421901032    0.229082401    0.229082726
   61.443868808    0.229082457    0.229082728
   61.465836584    0.229082587    0.229082731
   61.487804360    0.229082759    0.229082734
   61.509772135    0.229082925    0.229082738
   61.531739911    0.229083042    0.229082740
   61.553707687    0.229083079    0.229082741
   61.575675463    0.229083025    0.229082741
   61.597643238    0.229082896    0.229082739
   61.619611014    0.229082726    0.229082737
   61.641578790    0.229082562    0.229082735
   61.663546566    0.229082446    0.229082733
   61.685514341    0.229082410    0.229082733
   61.707482117    0.229082465    0.229082735
   61.729449893    0.229082594    0.229082738
   61.751417669    0.229082765    0.229082741
   61.773385444    0.229082931    0.229082745
   61.795353220    0.229083047    0.229082747
   61.817320996    0.229083084    0.229082748
   61.839288772    0.229083031    0.229082748
   61.861256547    0.229082903    0.229082746
   61.883224323    0.229082734    0.229082744
   61.905192099    0.229082570    0.229082742
   61.927159875    0.229082454    0.229082740
   61.949127651    0.229082418    0.229082740
   61.971095426    0.229082472    0.229082742
   61.993063202    0.229082601    0.229082744
   62.015030978    0.229082770    0.229082748
   62.036998754    0.229082935    0.229082751
   62.058966529    0.229083052    0.229082754
   62.080934305    0.229083089    0.229082755
   62.102902081    0.229083037    0.229082754
   62.124869857    0.229082910    0.229082753
   62.146837632    0.229082742    0.229082750
   62.168805408    0.229082578    0.229082748
   62.190773184    0.229082462    0.229082746
   62.212740960    0.229082426    0.229082746
   62.234708735    0.229082479    0.229082748
   62.256676511    0.229082607    0.229082750
   62.278644287    0.229082775    0.229082754
   62.300612063    0.229082940    0.229082757
   62.322579839    0.229083056    0.229082759
   62.344547614    0.229083094    0.229082761
   62.366515390    0.229083042    0.229082760
   62.388483166    0.229082916    0.229082758
   62.410450942    0.229082749    0.229082756
   62.432418717    0.229082585    0.229082754
   62.454386493    0.229082470    0.229082752
   62.476354269    0.229082433    0.229082752
   62.498322045    0.229082485    0.229082753
   62.520289820    0.229082612    0.229082756
   62.542257596    0.229082780    0.229082759
   62.564225372    0.229082944    0.229082763
   62.586193148    0.229083060    0.229082765
   62.608160923    0.229083098    0.229082766
   62.630128699    0.229083047    0.229082766
   62.652096475    0.229082922    0.229082764
   62.674064251    0.229082755    0.229082761
   62.696032026    0.229082592    0.229082759
   62.717999802    0.229082477    0.229082758
   62.739967578    0.229082440    0.229082757
   62.761935354    0.229082491    0.229082759
   62.783903130    0.229082617    0.229082761
   62.805870905    0.229082784    0.229082765
   62.827838681    0.229082947    0.229082768
   62.849806457    0.229083063    0.229082770
   62.871774233    0.229083102    0.229082771
   62.893742008    0.229083052    0.229082771
   62.915709784    0.229082927    0.229082769
   62.937677560    0.229082761    0.229082766
   62.959645336    0.229082599    0.229082764
   62.981613111    0.229082483    0.229082762
   63.003580887    0.229082446    0.229082762
   63.025548663    0.229082496    0.229082763
   63.047516439    0.229082621    0.229082766
   63.069484214    0.229082787    0.229082769
   63.091451990    0.229082950    0.229082772
   63.113419766    0.229083066    0.229082775
   63.135387542    0.229083105    0.229082776
   63.157355317    0.229083056    0.229082775
   63.179323093    0.229082932    0.229082773
   63.201290869    0.229082767    0.229082771
   63.223258645    0.229082605    0.229082768
   63.245226421    0.229082489    0.229082767
   63.267194196    0.229082451    0.229082767
   63.289161972    0.229082501    0.229082768
   63.311129748    0.229082625    0.229082770
   63.333097524    0.229082790    0.229082773
   63.355065299    0.229082953    0.229082776
   63.377033075    0.229083069    0.229082779
   63.399000851    0.229083108    0.229082780
   63.420968627    0.229083059    0.229082779
   63.442936402    0.229082936    0.229082777
   63.464904178    0.229082772    0.229082775
   63.486871954    0.229082610    0.229082772
   63.508839730    0.229082494    0.229082771
   63.530807505    0.229082456    0.229082770
   63.552775281    0.229082505    0.229082772
   63.574743057    0.229082628    0.229082774
   63.596710833    0.229082793    0.229082777
   63.618678609    0.229082955    0.229082780
   63.640646384    0.229083071    0.229082782
   63.662614160    0.229083111    0.229082783
   63.684581936    0.229083063    0.229082783
   63.706549712    0.229082940    0.229082781
   63.728517487    0.229082776    0.229082778
   63.750485263    0.229082615    0.229082776
   63.772453039    0.229082499    0.229082774
   63.794420815    0.229082460    0.229082774
   63.816388590    0.229082508    0.229082775
   63.838356366    0.229082631    0.229082777
   63.860324142    0.229082795    0.229082780
   63.882291918    0.229082957    0.229082783
   63.904259693    0.229083073    0.229082785
   63.926227469    0.229083113    0.229082786
   63.948195245    0.229083066    0.229082786
   63.970163021    0.229082944    0.229082784
   63.992130796    0.229082780    0.229082781
   64.014098572    0.229082619    0.229082779
   64.036066348    0.229082503    0.229082777
   64.058034124    0.229082463    0.229082777
   64.080001900    0.229082511    0.229082778
   64.101969675    0.229082633    0.229082780
   64.123937451    0.229082797    0.229082783
   64.145905227    0.229082958    0.229082786
   64.167873003    0.229083075    0.229082788
   64.189840778    0.229083115    0.229082789
   64.211808554    0.229083068    0.229082788
   64.233776330    0.229082947    0.229082787
   64.255744106    0.229082784    0.229082784
   64.277711881    0.229082623    0.229082781
   64.299679657    0.229082506    0.229082780
   64.321647433    0.229082466    0.229082779
   64.343615209    0.229082513    0.229082780
   64.365582984    0.229082635    0.229082782
   64.387550760    0.229082798    0.229082785
   64.409518536    0.229082960    0.229082788
   64.431486312    0.229083076    0.229082790
   64.453454087    0.229083117    0.229082791
   64.475421863    0.229083071    0.229082791
   64.497389639    0.229082950    0.229082789
   64.519357415    0.229082787    0.229082786
   64.541325191    0.229082626    0.229082783
   64.563292966    0.229082509    0.229082782
   64.585260742    0.229082469    0.229082781
   64.607228518    0.229082515    0.229082782
   64.629196294    0.229082636    0.229082784
   64.651164069    0.229082799    0.229082787
   64.673131845    0.229082960    0.229082790
   64.695099621    0.229083077    0.229082792
   64.717067397    0.229083118    0.229082793
   64.739035172    0.229083072    0.229082792
   64.761002948    0.229082952    0.229082790
   64.782970724    0.229082790    0.229082788
   64.804938500    0.229082629    0.229082785
   64.826906275    0.229082512    0.229082783
   64.848874051    0.229082471    0.229082783
   64.870841827    0.229082516    0.229082784
   64.892809603    0.229082637    0.229082786
   64.914777378    0.229082799    0.229082789
   64.936745154    0.229082960    0.229082791
   64.958712930    0.229083077    0.229082793
   64.980680706    0.229083119    0.229082794
   65.002648482    0.229083074    0.229082794
   65.024616257    0.229082954    0.229082792
   65.046584033    0.229082792    0.229082789
   65.068551809    0.229082631    0.229082786
   65.090519585    0.229082514    0.229082784
   65.112487360    0.229082472    0.229082784
   65.134455136    0.229082517    0.229082785
   65.156422912    0.229082637    0.229082787
   65.178390688    0.229082799    0.229082789
   65.200358463    0.229082960    0.229082792
   65.222326239    0.229083077    0.229082794
   65.244294015    0.229083119    0.229082795
   65.266261791    0.229083075    0.229082794
   65.288229566    0.229082956    0.229082792
   65.310197342    0.229082794    0.229082790
   65.332165118    0.229082633    0.229082787
   65.354132894    0.229082515    0.229082785
   65.376100670    0.229082473    0.229082784
   65.398068445    0.229082517    0.229082785
   65.420036221    0.229082636    0.229082787
   65.442003997    0.229082798    0.229082790
   65.463971773    0.229082960    0.229082793
   65.485939548    0.229083077    0.229082795
   65.507907324    0.229083120    0.229082795
   65.529875100    0.229083075    0.229082795
   65.551842876    0.229082957    0.229082793
   65.573810651    0.229082795    0.229082790
   65.595778427    0.229082634    0.229082787
   65.617746203    0.229082516    0.229082785
   65.639713979    0.229082473    0.229082784
   65.661681754    0.229082517    0.229082785
   65.683649530    0.229082636    0.229082787
   65.705617306    0.229082797    0.229082790
   65.727585082    0.229082958    0.229082793
   65.749552857    0.229083076    0.229082795
   65.771520633    0.229083119    0.229082795
   65.793488409    0.229083076    0.229082794
   65.815456185    0.229082957    0.229082792
   65.837423961    0.229082796    0.229082790
   65.859391736    0.229082634    0.229082787
   65.881359512    0.229082516    0.229082785
