
*** this is deckbuild version 5.0.10.R ***

go atlas


                                   A T L A S

            Version:  atlas 5.28.1.R (Wed Jun  5 11:14:46 PDT 2019)

                           Copyright (c) 1984 - 2019
                        Silvaco Inc. All rights reserved

    We acknowledge the contribution of the following collaborative partners:

                              Stanford University



               ======================================================

                  ATLAS                           : enabled

                  S-PISCES                        : enabled

                  BLAZE                           : enabled

                  GIGA                            : enabled

                  LUMINOUS                        : enabled

                  LED                             : enabled

                  TFT                             : enabled

                  ORGANIC DISPLAY                 : enabled

                  ORGANIC SOLAR                   : enabled

                  MIXEDMODE                       : enabled

                  LASER                           : enabled

                  VCSEL                           : enabled

                  FERRO                           : enabled

                  QUANTUM                         : enabled

                  NOISE                           : enabled

                  REM                             : enabled

                  MAGNETIC                        : enabled

                  DEVICE3D                        : enabled

                  THERMAL3D                       : enabled

                  GIGA3D                          : enabled

                  MIXEDMODE3D                     : enabled

                  TFT3D                           : enabled

                  QUANTUM3D                       : enabled

                  LUMINOUS3D                      : enabled

                  REM3D                           : enabled

                  MAGNETIC3D                      : enabled

                  LED3D                           : enabled

                  LASER3D                         : enabled

                  MIXEDMODE XL                    : enabled

                  S-PISCES BUNDLE                 : not licensed

                  BLAZE BUNDLE                    : not licensed

                  TFT BUNDLE                      : not licensed

                  ORGANIC BUNDLE                  : not licensed

                  DEVICE3D BUNDLE                 : not licensed

                  TFT3D BUNDLE                    : not licensed

               ======================================================

                           Sat Sep 12 20:24:06 2026

                            Executing on host: dell
                     Current SFLM Server: 127.0.0.1:3162/



ATLAS> title IWO 13.2 nm - independent rebuild - uncalibrated
************************************************
IWO 13.2 nm - independent rebuild - uncalibrated
************************************************
ATLAS> # Units: um. Geometry fixed by the target; electronic parameters are hypotheses.
ATLAS> # n+Si support is screened by ideal TiN and excluded from this electrical domain.
ATLAS> # Physical stack: n+Si / TiN50 / HfO2 15 / Al2O3 2 / IWO / Pd70 nm.
ATLAS> # Air above the exposed channel; no artificial SiO2 overlayer.
ATLAS> # Width-one currents are A/um. Physical device total current is 290 times that.
ATLAS> 
ATLAS> # 1. Direct rectangular mesh; no imported process mesh.
ATLAS> mesh width=1
	####################################################
	######                                        ######
	######           Running on 1 CPU             ######
	######           20 CPUs available            ######
	######                                        ######
	####################################################
ATLAS> x.mesh loc=0 spac=0.5
ATLAS> x.mesh loc=1.8 spac=0.1
ATLAS> x.mesh loc=2 spac=0.05
ATLAS> x.mesh loc=2.2 spac=0.1
ATLAS> x.mesh loc=12 spac=0.5
ATLAS> x.mesh loc=21.8 spac=0.1
ATLAS> x.mesh loc=22 spac=0.05
ATLAS> x.mesh loc=22.2 spac=0.1
ATLAS> x.mesh loc=24 spac=0.5
ATLAS> y.mesh loc=-0.0832 spac=0.015
ATLAS> y.mesh loc=-0.0332 spac=0.005
ATLAS> y.mesh loc=-0.0152 spac=0.001
ATLAS> y.mesh loc=-0.0132 spac=0.00025
ATLAS> y.mesh loc=-0.01155 spac=0.00165
ATLAS> y.mesh loc=-0.0099 spac=0.00165
ATLAS> y.mesh loc=-0.00825 spac=0.00165
ATLAS> y.mesh loc=-0.0066 spac=0.00165
ATLAS> y.mesh loc=-0.00495 spac=0.00165
ATLAS> y.mesh loc=-0.0033 spac=0.00165
ATLAS> y.mesh loc=-0.00165 spac=0.00165
ATLAS> y.mesh loc=0 spac=0.00025
ATLAS> y.mesh loc=0.0005 spac=0.0005
ATLAS> y.mesh loc=0.001 spac=0.0005
ATLAS> y.mesh loc=0.0015 spac=0.0005
ATLAS> y.mesh loc=0.002 spac=0.0005
ATLAS> y.mesh loc=0.0035 spac=0.0015
ATLAS> y.mesh loc=0.005 spac=0.0015
ATLAS> y.mesh loc=0.0065 spac=0.0015
ATLAS> y.mesh loc=0.008 spac=0.0015
ATLAS> y.mesh loc=0.0095 spac=0.0015
ATLAS> y.mesh loc=0.011 spac=0.0015
ATLAS> y.mesh loc=0.0125 spac=0.0015
ATLAS> y.mesh loc=0.014 spac=0.0015
ATLAS> y.mesh loc=0.0155 spac=0.0015
ATLAS> y.mesh loc=0.017 spac=0.0015
ATLAS> y.mesh loc=0.067 spac=0.01
ATLAS> 
ATLAS> # 2. Active stack and physical metal volumes.
ATLAS> region num=1 material=Air y.min=-0.0832 y.max=-0.0132
ATLAS> region num=2 user.material=IWO y.min=-0.0132 y.max=0
ATLAS> region num=3 material=Al2O3 y.min=0 y.max=0.002
ATLAS> region num=4 material=HfO2 y.min=0.002 y.max=0.017
ATLAS> region num=5 material=Conductor y.min=0.017 y.max=0.067
ATLAS> electrode num=1 name=gate material=Conductor x.min=0 x.max=24 y.min=0.017 y.max=0.067
 
Electrode #1
Name: gate                
 Number of boundary nodes: 1260
 Dimensions in microns: 
       min         max
 x 0.000e+000  2.400e+001 
 y 1.700e-002  6.700e-002 

ATLAS> electrode num=2 name=source material=Palladium x.min=0 x.max=2 y.min=-0.0832 y.max=-0.0132
 
Electrode #2
Name: source              
 Number of boundary nodes: 176
 Dimensions in microns: 
       min         max
 x 0.000e+000  2.000e+000 
 y -8.320e-002  -1.320e-002 

ATLAS> electrode num=3 name=drain material=Palladium x.min=22 x.max=24 y.min=-0.0832 y.max=-0.0132
 
Electrode #3
Name: drain               
 Number of boundary nodes: 176
 Dimensions in microns: 
       min         max
 x 2.200e+001  2.400e+001 
 y -8.320e-002  -1.320e-002 

ATLAS> 
ATLAS> # 3. Custom IWO; unlisted inherited constants remain a limitation.
ATLAS> material material=IWO user.group=semiconductor user.default=silicon  eg300=3.05 affinity=4.3 permittivity=9.3  nc300=5e+18 nv300=1e+19  mun=55 mup=0.01  taun0=1e-06 taup0=1e-06

Mesh
 Type:               non-cylindrical
 Width:              1
 Total grid points:  6720
 Total triangles  :  13104
 Obtuse triangles :  0  (0 %)
ATLAS> material material=Al2O3 permittivity=9
ATLAS> material material=HfO2 permittivity=19.57
ATLAS> material material=Air permittivity=1
ATLAS> doping uniform n.type conc=8.9e+17 region=2
  
 Warning: Statement out of order. Structure 
 creation statements (MESH, X.MESH, Y.MESH, REGION,
 ELECTRODE and DOPING) preceed all output, contact,
 material, models or solution control statements.
  
ATLAS> 
ATLAS> # 4. Native electrical boundary conditions.
ATLAS> contact name=gate workfunction=4.765
ATLAS> contact name=source workfunction=4.45 surf.rec
ATLAS> contact name=drain workfunction=4.45 surf.rec
ATLAS> models srh fermi temp=300 print
ATLAS> 
ATLAS> # 5. Native bulk DOS: peak cm^-3/eV; donor center referenced to Ev.
ATLAS> defects region=2 continuous numa=192 numd=96  nta=7.14285714e+19 wta=0.035 ntd=0 wtd=0.1  nga=0 ega=0.3 wga=0.15  ngd=0 egd=2.85 wgd=0.1  sigtae=1e-15 sigtah=1e-15 sigtde=1e-15 sigtdh=1e-15  siggae=1e-15 siggah=1e-15 siggde=1e-15 siggdh=1e-15  afile=bulk_acceptor.dat dfile=bulk_donor.dat
ATLAS> 
ATLAS> # 7. Numerical controls and independent interior-point diagnostics.
ATLAS> method newton carriers=1 electrons trap maxtrap=10 itlimit=60 climit=1e-6 cr.toler=1e-20 ir.tol=1e-20 cx.toler=1e-6

Continuous trap energy used for DEFECTS statement 1


CONSTANTS:
 Boltzmann's constant  = 1.38066e-023 J/K
 Elementary charge     = 1.60219e-019 C
 Permitivity in vacuum = 8.85419e-014 F/cm
 Temperature           = 300 K
 Thermal voltage       = 0.025852 V

REGIONAL MATERIAL PARAMETERS:
 Region       :        1         2         3         4         5         6         7         8   
 Material     :        Air       IWO     Al2O3      HfO2 Conductor Conductor Palladium Palladium 
 Type         :    insulator semicond. insulator insulator   metal     metal     metal     metal  

 Average Composition Fraction 
 X-composition:         0         0         0         0         0         0         0         0 
 Y-composition:         0         0         0         0         0         0         0         0 

 Band Parameters
 Epsilon      :         1       9.3         9      19.6                                         
 Eg (eV)      :         9      3.05         9       5.7                                         
 Chi (eV)     :       0.9       4.3       0.9         0                                         
 Nc (per cc)  :              5e+018                                                             
 Nv (per cc)  :              1e+019                                                             
 ni (per cc)  :            1.7e-007                                                             

 Bandgap narrowing parameters 
 bgn.e (eV)   :               0.009                                                             
 bgn.n (/cc)  :              1e+017                                                             
 bgn.c        :                 0.5                                                             
 ubgn.b       :            3.1e+012                                                             
 ubgn.c       :            3.9e-005                                                             
 bgn.shnk.me  :               0.321                                                             
 bgn.shnk.mh  :               0.346                                                             
 bgn.shnk.eps :                11.7                                                             
 bgn.shnk.ge  :                  12                                                             
 bgn.shnk.gh  :                   4                                                             
 bgn.lind.anc :             0.00974                                                             
 bgn.lind.bnc :             0.00139                                                             
 bgn.lind.anv :              0.0127                                                             
 bgn.lind.bnv :              0.0014                                                             
 bgn.lind.apc :              0.0114                                                             
 bgn.lind.bpc :             0.00205                                                             
 bgn.lind.apv :              0.0111                                                             
 bgn.lind.bpv :             0.00206                                                             
 bgn.lind.cpv :                   0                                                             
 bgn.lind.nd  :              1e+018                                                             
 bgn.lind.na  :              1e+018                                                             

 Effective Richardson Constants
 An*          :                 110                                                             
 Ap*          :                  30                                                             

 Recombination Parameters
 taun0        :              1e-006                                                             
 taup0        :              1e-006                                                             
 etrap        :                   0                                                             
 lt.taun      :                   0                                                             
 lt.taup      :                   0                                                             
 nsrhn        :              5e+016                                                             
 nsrhp        :              5e+016                                                             
 ksrhtn       :              0.0025                                                             
 ksrhtp       :              0.0025                                                             
 ksrhcn       :              3e-013                                                             
 ksrhcp       :           1.18e-012                                                             
 ksrhgn       :                1.77                                                             
 ksrhgp       :                0.57                                                             
 nsrhn        :              5e+016                                                             
 nsrhp        :              5e+016                                                             
 augn         :            2.8e-031                                                             
 augp         :            9.9e-032                                                             
 augkn        :                   0                                                             
 augkp        :                   0                                                             
 kaugcn       :           1.83e-031                                                             
 kaugcp       :           2.78e-031                                                             
 kaugdn       :                1.18                                                             
 kaugdp       :                0.72                                                             
 aug.cnl      :            2.2e-031                                                             
 aug.cpl      :            9.2e-032                                                             
 aug.chi      :           1.66e-030                                                             
 hns.ae       :            6.7e-032                                                             
 hns.ah       :            7.2e-032                                                             
 hns.be       :           2.45e-031                                                             
 hns.bh       :            4.5e-033                                                             
 hns.ce       :           -2.2e-032                                                             
 hns.ch       :           2.63e-032                                                             
 hns.he       :                3.47                                                             
 hns.hh       :                8.26                                                             
 hns.n0e      :              1e+018                                                             
 hns.p0e      :              1e+018                                                             
 copt         :                   0                                                             

 Band-to-band tunneling Parameters
 mass.tunnel  :                0.25                                                             
 me.tunnel    :               0.322                                                             
 mh.tunnel    :               0.549                                                             

 Thermal Velocities
 vn (cm/s)    :           1.08e+007                                                             
 vp (cm/s)    :            1.3e+007                                                             

 Saturation Velocities
 vsatn (cm/s) :           1.03e+007                                                             
 vsatp (cm/s) :           1.03e+007                                                             

 Piezoelectric Parameters
 e33 (C/m^2)  :                   0                                                             
 e31 (C/m^2)  :                   0                                                             
 Psp (C/m^2)  :                   0                                                             
 Alattice (Å) :         0      5.43         0         0                                         

REGIONAL MODEL FLAGS:
 Region:          1    2    3    4    5    6    7    8 
 SRH                   T                                
 consrh                F                                
 klasrh                F                                
 Auger                 F                                
 klaaug                F                                
 picaug                F                                
 hnsaug                F                                
 auggen                F                                
 kerraug               F                                
 richteraug            F                                
 optr                  F                                
 optr.gb               F                                
 bgn(std/kla)          F                                
 ubgn                  F                                
 bgn.alamo             F                                
 bgn.bennett           F                                
 bgn.schenk            F                                
 bgn.lind              F                                
 bgn.persson           F                                
 incomplete            F                                
 inc.two_level         F                                
 inc.ion               F                                
 ioniz                 F                                
 inc.cryo              F                                
 bbt                   F                                
 bbtauto               F                                
 bbthurkx              F                                
 bbtkane               F                                
 bbtschenk             F                                
 bbtheigl              F                                
 bbtnonlocal           F                                
 tat(local)            F                                
 tatnonlocal           F                                
 tat(coulombic)        F                                
 impact                F                                
 Boltzmann             F                                
 Fermi-Dirac           T                                

Gain and Rsp scaling
  Gain scale factor  :         1         1         1         1 
  Rsp scale factor   :         1         1         1         1 


REGIONAL MOBILITY MODEL SUMMARY:

  Region #2:

    Model for Electrons:

      Concentration Independent Mobility
      @ Temperature =     300 Kelvin 
        mu  = 55
        tmu = 1.5



    Model for Holes:

      Concentration Independent Mobility
      @ Temperature =     300 Kelvin 
        mu  = 0.01
        tmu = 1.5




Contacts:
Name         Num  Work fn    Resist.    Capacit.   Induct.
                   (eV)      (Ohms)     (Farads)   (Henries)
gate          1     4.765   0.000E+00  0.000E+00  0.000E+00
source        2     4.450   0.000E+00  0.000E+00  0.000E+00
drain         3     4.450   0.000E+00  0.000E+00  0.000E+00
  
ATLAS> output con.band val.band e.mobility traps traps.ft int.charge charge
ATLAS> probe name=channel_mobility x=12.037 y=-0.006204 n.mob dir=0
ATLAS> probe name=channel_electrons x=12.037 y=-0.006204 n.conc
ATLAS> probe name=bulk_free_electrons region=2 average n.conc x.min=2 x.max=22 y.min=-0.0132 y.max=0
ATLAS> probe name=bulk_ionized_acceptors region=2 average concacc.ctrap x.min=2 x.max=22 y.min=-0.0132 y.max=0
ATLAS> probe name=bulk_ionized_donors region=2 average concdon.ctrap x.min=2 x.max=22 y.min=-0.0132 y.max=0
ATLAS> probe name=bulk_front_electrons x=12.037 y=-0.001 n.conc
ATLAS> probe name=bulk_back_electrons x=12.037 y=-0.0122 n.conc
ATLAS> save outf=geometry.str

Starting module:   BLAZE                          


Starting module:   TFT                            


MASTER format file written to geometry.str at Sat Sep 12 20:24:11 2026

ATLAS> solve init

Obtaining static solution:


init           psi    psi 
direct          x     rhs 
   i    j  m  -5.00* -26.0*
---------------------------
   1    1  G   0.000 -13.57
   1    2  G  -0.301 -13.68
   1    3  G  -0.477 -13.81
   1    4  G  -0.602 -14.02
   1    5  G  -0.952 -14.42
   1    6  G  -4.075 -19.98
   1    7  G  -8.24* -24.14
  
ATLAS> save outf=equilibrium.str

MASTER format file written to equilibrium.str at Sat Sep 12 20:24:13 2026

ATLAS> solve vsource=0

Obtaining static solution:


prev           psi     n     psi     n  
direct          x      x     rhs    rhs 
   i    j  m  -5.00* -6.00* -26.0* -20.0*
-----------------------------------------
   1       N  -12.6* -12.6* -28.7* -17.52

Electrode       Va(V)        In(A)       Ic(A)       It(A)
=============================================================
gate           0.000e+000  0.000e+000  0.000e+000  0.000e+000
source         0.000e+000  0.000e+000  0.000e+000  0.000e+000
drain          0.000e+000  0.000e+000  0.000e+000  0.000e+000
Total                                              0.000e+000

Time for bias point:   0.92 sec. 
Total time:            7.81 sec. 
  
ATLAS> solve vgate=-0.1

Obtaining static solution:

 V(   gate  ) = -0.1        


prev           psi     n     psi     n  
direct          x      x     rhs    rhs 
   i    j  m  -5.00* -6.00* -26.0* -20.0*
-----------------------------------------
   1       N   0.579 -0.092 -16.77 -4.575
   2       N  -0.116  0.101 -17.36 -5.411
   3       N  -1.160  1.311 -18.22 -7.461
   4       N  -1.476 -0.771 -20.42 -9.357
   5       N  -3.768 -2.889 -24.65 -13.47
   6       N  -8.18* -6.77* -28.7* -17.67

Electrode       Va(V)        In(A)       Ic(A)       It(A)
=============================================================
gate          -1.000e-001  0.000e+000  0.000e+000  0.000e+000
source         0.000e+000  0.000e+000  0.000e+000  0.000e+000
drain          0.000e+000  0.000e+000  0.000e+000  0.000e+000
Total                                              0.000e+000

Time for bias point:   3.66 sec. 
Total time:           11.58 sec. 
  
ATLAS> solve vgate=-0.2

Obtaining static solution:

 V(   gate  ) = -0.2        


proj           psi     n     psi     n  
direct          x      x     rhs    rhs 
   i    j  m  -5.00* -6.00* -26.0* -20.0*
-----------------------------------------
   1       N  -0.021 -0.020 -19.37 -8.244
   2       N  -2.233  0.869 -19.57 -10.74
   3       N  -2.652 -3.112 -26.4* -14.36
   4       N  -8.29* -6.10* -28.5* -17.68

Electrode       Va(V)        In(A)       Ic(A)       It(A)
=============================================================
gate          -2.000e-001  0.000e+000  0.000e+000  0.000e+000
source         0.000e+000  0.000e+000  0.000e+000  0.000e+000
drain          0.000e+000  0.000e+000  0.000e+000  0.000e+000
Total                                              0.000e+000

Time for bias point:   2.41 sec. 
Total time:           14.13 sec. 
  
ATLAS> solve vgate=-0.3

Obtaining static solution:

 V(   gate  ) = -0.3        


proj           psi     n     psi     n  
direct          x      x     rhs    rhs 
   i    j  m  -5.00* -6.00* -26.0* -20.0*
-----------------------------------------
   1       N  -0.847 -0.847 -22.59 -9.361
   2       N  -5.28* -1.949 -25.12 -16.14
   3       N  -8.03* -7.59* -28.3* -17.75

Electrode       Va(V)        In(A)       Ic(A)       It(A)
=============================================================
gate          -3.000e-001  0.000e+000  0.000e+000  0.000e+000
source         0.000e+000  0.000e+000  0.000e+000  0.000e+000
drain          0.000e+000  0.000e+000  0.000e+000  0.000e+000
Total                                              0.000e+000

Time for bias point:   1.69 sec. 
Total time:           15.97 sec. 
  
ATLAS> solve vgate=-0.4

Obtaining static solution:

 V(   gate  ) = -0.4        


proj           psi     n     psi     n  
direct          x      x     rhs    rhs 
   i    j  m  -5.00* -6.00* -26.0* -20.0*
-----------------------------------------
   1       N  -1.914 -1.914 -23.31 -10.02
   2       N  -7.07* -4.123 -28.3* -17.59
   3       N  -11.9* -11.6* -28.4* -17.85

Electrode       Va(V)        In(A)       Ic(A)       It(A)
=============================================================
gate          -4.000e-001  0.000e+000  0.000e+000  0.000e+000
source         0.000e+000  0.000e+000  0.000e+000  0.000e+000
drain          0.000e+000  0.000e+000  0.000e+000  0.000e+000
Total                                              0.000e+000

Time for bias point:   1.81 sec. 
Total time:           17.89 sec. 
  
ATLAS> solve vgate=-0.5

Obtaining static solution:

 V(   gate  ) = -0.5        


proj           psi     n     psi     n  
direct          x      x     rhs    rhs 
   i    j  m  -5.00* -6.00* -26.0* -20.0*
-----------------------------------------
   1       N  -2.478 -2.477 -23.99 -10.57
   2       N  -7.80* -5.252 -28.4* -17.91
   3       N  -11.9* -11.9* -28.3* -18.15

Electrode       Va(V)        In(A)       Ic(A)       It(A)
=============================================================
gate          -5.000e-001  0.000e+000  0.000e+000  0.000e+000
source         0.000e+000  0.000e+000  0.000e+000  0.000e+000
drain          0.000e+000  0.000e+000  0.000e+000  0.000e+000
Total                                              0.000e+000

Time for bias point:   1.83 sec. 
Total time:           19.76 sec. 
  
ATLAS> solve vgate=-0.6

Obtaining static solution:

 V(   gate  ) = -0.6        


proj           psi     n     psi     n  
direct          x      x     rhs    rhs 
   i    j  m  -5.00* -6.00* -26.0* -20.0*
-----------------------------------------
   1       N  -2.735 -2.734 -24.63 -11.02
   2       N  -8.45* -5.765 -28.2* -17.78
   3       N  -11.9* -11.9* -28.2* -17.98

Electrode       Va(V)        In(A)       Ic(A)       It(A)
=============================================================
gate          -6.000e-001  0.000e+000  0.000e+000  0.000e+000
source         0.000e+000  0.000e+000  0.000e+000  0.000e+000
drain          0.000e+000  0.000e+000  0.000e+000  0.000e+000
Total                                              0.000e+000

Time for bias point:   2.01 sec. 
Total time:           21.86 sec. 
  
ATLAS> solve vgate=-0.7

Obtaining static solution:

 V(   gate  ) = -0.7        


proj           psi     n     psi     n  
direct          x      x     rhs    rhs 
   i    j  m  -5.00* -6.00* -26.0* -20.0*
-----------------------------------------
   1       N  -2.963 -2.962 -25.20 -11.46
   2       N  -9.02* -6.22* -28.1* -17.87

Electrode       Va(V)        In(A)       Ic(A)       It(A)
=============================================================
gate          -7.000e-001  0.000e+000  0.000e+000  0.000e+000
source         0.000e+000  0.000e+000  0.000e+000  0.000e+000
drain          0.000e+000  0.000e+000  0.000e+000  0.000e+000
Total                                              0.000e+000

Time for bias point:   1.92 sec. 
Total time:           23.90 sec. 
  
ATLAS> solve vgate=-0.8

Obtaining static solution:

 V(   gate  ) = -0.8        


proj           psi     n     psi     n  
direct          x      x     rhs    rhs 
   i    j  m  -5.00* -6.00* -26.0* -20.0*
-----------------------------------------
   1       N  -3.172 -3.171 -25.63 -11.88
   2       N  -9.53* -6.64* -28.0* -17.95

Electrode       Va(V)        In(A)       Ic(A)       It(A)
=============================================================
gate          -8.000e-001  0.000e+000  0.000e+000  0.000e+000
source         0.000e+000  0.000e+000  0.000e+000  0.000e+000
drain          0.000e+000  0.000e+000  0.000e+000  0.000e+000
Total                                              0.000e+000

Time for bias point:   1.53 sec. 
Total time:           25.50 sec. 
  
ATLAS> solve vgate=-0.9

Obtaining static solution:

 V(   gate  ) = -0.9        


proj           psi     n     psi     n  
direct          x      x     rhs    rhs 
   i    j  m  -5.00* -6.00* -26.0* -20.0*
-----------------------------------------
   1       N  -3.364 -3.364 -26.0* -12.21
   2       N  -9.99* -7.02* -27.9* -18.03

Electrode       Va(V)        In(A)       Ic(A)       It(A)
=============================================================
gate          -9.000e-001  0.000e+000  0.000e+000  0.000e+000
source         0.000e+000  0.000e+000  0.000e+000  0.000e+000
drain          0.000e+000  0.000e+000  0.000e+000  0.000e+000
Total                                              0.000e+000

Time for bias point:   1.36 sec. 
Total time:           26.94 sec. 
  
ATLAS> solve vgate=-1

Obtaining static solution:

 V(   gate  ) = -1          


proj           psi     n     psi     n  
direct          x      x     rhs    rhs 
   i    j  m  -5.00* -6.00* -26.0* -20.0*
-----------------------------------------
   1       N  -3.540 -3.537 -26.4* -12.51
   2       N  -10.4* -7.37* -28.0* -18.00

Electrode       Va(V)        In(A)       Ic(A)       It(A)
=============================================================
gate          -1.000e+000  0.000e+000  0.000e+000  0.000e+000
source         0.000e+000  0.000e+000  0.000e+000  0.000e+000
drain          0.000e+000  0.000e+000  0.000e+000  0.000e+000
Total                                              0.000e+000

Time for bias point:   1.56 sec. 
Total time:           31.15 sec. 
  
ATLAS> solve vgate=-1.1

Obtaining static solution:

 V(   gate  ) = -1.1        


proj           psi     n     psi     n  
direct          x      x     rhs    rhs 
   i    j  m  -5.00* -6.00* -26.0* -20.0*
-----------------------------------------
   1       N  -3.692 -3.690 -26.7* -12.76
   2       N  -10.8* -7.67* -28.1* -18.34

Electrode       Va(V)        In(A)       Ic(A)       It(A)
=============================================================
gate          -1.100e+000  0.000e+000  0.000e+000  0.000e+000
source         0.000e+000  0.000e+000  0.000e+000  0.000e+000
drain          0.000e+000  0.000e+000  0.000e+000  0.000e+000
Total                                              0.000e+000

Time for bias point:   1.94 sec. 
Total time:           33.15 sec. 
  
ATLAS> solve vgate=-1.2

Obtaining static solution:

 V(   gate  ) = -1.2        


proj           psi     n     psi     n  
direct          x      x     rhs    rhs 
   i    j  m  -5.00* -6.00* -26.0* -20.0*
-----------------------------------------
   1       N  -3.833 -3.831 -27.1* -12.98
   2       N  -11.1* -7.95* -28.0* -18.14

Electrode       Va(V)        In(A)       Ic(A)       It(A)
=============================================================
gate          -1.200e+000  0.000e+000  0.000e+000  0.000e+000
source         0.000e+000  0.000e+000  0.000e+000  0.000e+000
drain          0.000e+000  0.000e+000  0.000e+000  0.000e+000
Total                                              0.000e+000

Time for bias point:   1.61 sec. 
Total time:           34.89 sec. 
  
ATLAS> solve vgate=-1.3

Obtaining static solution:

 V(   gate  ) = -1.3        


proj           psi     n     psi     n  
direct          x      x     rhs    rhs 
   i    j  m  -5.00* -6.00* -26.0* -20.0*
-----------------------------------------
   1       N  -3.964 -3.963 -27.4* -13.18
   2       N  -11.4* -8.21* -28.1* -18.03

Electrode       Va(V)        In(A)       Ic(A)       It(A)
=============================================================
gate          -1.300e+000  0.000e+000  0.000e+000  0.000e+000
source         0.000e+000  0.000e+000  0.000e+000  0.000e+000
drain          0.000e+000  0.000e+000  0.000e+000  0.000e+000
Total                                              0.000e+000

Time for bias point:   1.66 sec. 
Total time:           36.63 sec. 
  
ATLAS> solve vgate=-1.4

Obtaining static solution:

 V(   gate  ) = -1.4        


proj           psi     n     psi     n  
direct          x      x     rhs    rhs 
   i    j  m  -5.00* -6.00* -26.0* -20.0*
-----------------------------------------
   1       N  -4.086 -4.085 -27.7* -13.37
   2       N  -11.6* -8.45* -28.0* -18.00

Electrode       Va(V)        In(A)       Ic(A)       It(A)
=============================================================
gate          -1.400e+000  0.000e+000  0.000e+000  0.000e+000
source         0.000e+000  0.000e+000  0.000e+000  0.000e+000
drain          0.000e+000  0.000e+000  0.000e+000  0.000e+000
Total                                              0.000e+000

Time for bias point:   1.63 sec. 
Total time:           38.33 sec. 
  
ATLAS> solve vgate=-1.5

Obtaining static solution:

 V(   gate  ) = -1.5        


proj           psi     n     psi     n  
direct          x      x     rhs    rhs 
   i    j  m  -5.00* -6.00* -26.0* -20.0*
-----------------------------------------
   1       N  -4.200 -4.199 -28.0* -13.55
   2       N  -11.5* -8.67* -27.9* -18.29

Electrode       Va(V)        In(A)       Ic(A)       It(A)
=============================================================
gate          -1.500e+000  0.000e+000  0.000e+000  0.000e+000
source         0.000e+000  0.000e+000  0.000e+000  0.000e+000
drain          0.000e+000  0.000e+000  0.000e+000  0.000e+000
Total                                              0.000e+000

Time for bias point:   1.71 sec. 
Total time:           40.17 sec. 
  
ATLAS> solve vgate=-1.6

Obtaining static solution:

 V(   gate  ) = -1.6        


proj           psi     n     psi     n  
direct          x      x     rhs    rhs 
   i    j  m  -5.00* -6.00* -26.0* -20.0*
-----------------------------------------
   1       N  -4.307 -4.306 -27.9* -13.72
   2       N  -11.3* -8.89* -27.9* -18.50

Electrode       Va(V)        In(A)       Ic(A)       It(A)
=============================================================
gate          -1.600e+000  0.000e+000  0.000e+000  0.000e+000
source         0.000e+000  0.000e+000  0.000e+000  0.000e+000
drain          0.000e+000  0.000e+000  0.000e+000  0.000e+000
Total                                              0.000e+000

Time for bias point:   1.23 sec. 
Total time:           41.44 sec. 
  
ATLAS> solve vgate=-1.7

Obtaining static solution:

 V(   gate  ) = -1.7        


proj           psi     n     psi     n  
direct          x      x     rhs    rhs 
   i    j  m  -5.00* -6.00* -26.0* -20.0*
-----------------------------------------
   1       N  -4.407 -4.407 -27.9* -13.87
   2       N  -11.5* -9.08* -27.9* -18.31

Electrode       Va(V)        In(A)       Ic(A)       It(A)
=============================================================
gate          -1.700e+000  0.000e+000  0.000e+000  0.000e+000
source         0.000e+000  0.000e+000  0.000e+000  0.000e+000
drain          0.000e+000  0.000e+000  0.000e+000  0.000e+000
Total                                              0.000e+000

Time for bias point:   1.34 sec. 
Total time:           42.91 sec. 
  
ATLAS> solve vgate=-1.8

Obtaining static solution:

 V(   gate  ) = -1.8        


proj           psi     n     psi     n  
direct          x      x     rhs    rhs 
   i    j  m  -5.00* -6.00* -26.0* -20.0*
-----------------------------------------
   1       N  -4.502 -4.496 -27.9* -14.03
   2       N  -11.4* -9.27* -27.9* -18.21

Electrode       Va(V)        In(A)       Ic(A)       It(A)
=============================================================
gate          -1.800e+000  0.000e+000  0.000e+000  0.000e+000
source         0.000e+000  0.000e+000  0.000e+000  0.000e+000
drain          0.000e+000  0.000e+000  0.000e+000  0.000e+000
Total                                              0.000e+000

Time for bias point:   1.53 sec. 
Total time:           44.59 sec. 
  
ATLAS> solve vgate=-1.9

Obtaining static solution:

 V(   gate  ) = -1.9        


proj           psi     n     psi     n  
direct          x      x     rhs    rhs 
   i    j  m  -5.00* -6.00* -26.0* -20.0*
-----------------------------------------
   1       N  -4.588 -4.579 -27.7* -14.17
   2       N  -11.3* -9.44* -27.8* -18.29

Electrode       Va(V)        In(A)       Ic(A)       It(A)
=============================================================
gate          -1.900e+000  0.000e+000  0.000e+000  0.000e+000
source         0.000e+000  0.000e+000  0.000e+000  0.000e+000
drain          0.000e+000  0.000e+000  0.000e+000  0.000e+000
Total                                              0.000e+000

Time for bias point:   1.53 sec. 
Total time:           46.20 sec. 
  
ATLAS> solve vgate=-2

Obtaining static solution:

 V(   gate  ) = -2          


proj           psi     n     psi     n  
direct          x      x     rhs    rhs 
   i    j  m  -5.00* -6.00* -26.0* -20.0*
-----------------------------------------
   1       N  -4.667 -4.659 -27.7* -14.31
   2       N  -11.2* -9.60* -27.7* -18.39

Electrode       Va(V)        In(A)       Ic(A)       It(A)
=============================================================
gate          -2.000e+000  0.000e+000  0.000e+000  0.000e+000
source         0.000e+000  0.000e+000  0.000e+000  0.000e+000
drain          0.000e+000  0.000e+000  0.000e+000  0.000e+000
Total                                              0.000e+000

Time for bias point:   1.58 sec. 
Total time:           47.85 sec. 
  
ATLAS> solve vgate=-2.1

Obtaining static solution:

 V(   gate  ) = -2.1        


proj           psi     n     psi     n  
direct          x      x     rhs    rhs 
   i    j  m  -5.00* -6.00* -26.0* -20.0*
-----------------------------------------
   1       N  -4.744 -4.737 -27.7* -14.44
   2       N  -11.4* -9.75* -27.9* -18.10

Electrode       Va(V)        In(A)       Ic(A)       It(A)
=============================================================
gate          -2.100e+000  0.000e+000  0.000e+000  0.000e+000
source         0.000e+000  0.000e+000  0.000e+000  0.000e+000
drain          0.000e+000  0.000e+000  0.000e+000  0.000e+000
Total                                              0.000e+000

Time for bias point:   1.49 sec. 
Total time:           49.41 sec. 
  
ATLAS> solve vgate=-2.2

Obtaining static solution:

 V(   gate  ) = -2.2        


proj           psi     n     psi     n  
direct          x      x     rhs    rhs 
   i    j  m  -5.00* -6.00* -26.0* -20.0*
-----------------------------------------
   1       N  -4.819 -4.812 -27.7* -14.57
   2       N  -11.3* -9.89* -27.7* -18.12

Electrode       Va(V)        In(A)       Ic(A)       It(A)
=============================================================
gate          -2.200e+000  0.000e+000  0.000e+000  0.000e+000
source         0.000e+000  0.000e+000  0.000e+000  0.000e+000
drain          0.000e+000  0.000e+000  0.000e+000  0.000e+000
Total                                              0.000e+000

Time for bias point:   1.42 sec. 
Total time:           50.96 sec. 
  
ATLAS> solve vgate=-2.3

Obtaining static solution:

 V(   gate  ) = -2.3        


proj           psi     n     psi     n  
direct          x      x     rhs    rhs 
   i    j  m  -5.00* -6.00* -26.0* -20.0*
-----------------------------------------
   1       N  -4.891 -4.886 -27.7* -14.69
   2       N  -11.2* -10.0* -27.7* -18.15

Electrode       Va(V)        In(A)       Ic(A)       It(A)
=============================================================
gate          -2.300e+000  0.000e+000  0.000e+000  0.000e+000
source         0.000e+000  0.000e+000  0.000e+000  0.000e+000
drain          0.000e+000  0.000e+000  0.000e+000  0.000e+000
Total                                              0.000e+000

Time for bias point:   1.75 sec. 
Total time:           52.79 sec. 
  
ATLAS> solve vgate=-2.4

Obtaining static solution:

 V(   gate  ) = -2.4        


proj           psi     n     psi     n  
direct          x      x     rhs    rhs 
   i    j  m  -5.00* -6.00* -26.0* -20.0*
-----------------------------------------
   1       N  -4.962 -4.957 -27.8* -14.81
   2       N  -11.2* -10.2* -27.8* -18.33

Electrode       Va(V)        In(A)       Ic(A)       It(A)
=============================================================
gate          -2.400e+000  0.000e+000  0.000e+000  0.000e+000
source         0.000e+000  0.000e+000  0.000e+000  0.000e+000
drain          0.000e+000  0.000e+000  0.000e+000  0.000e+000
Total                                              0.000e+000

Time for bias point:   1.63 sec. 
Total time:           54.53 sec. 
  
ATLAS> solve vgate=-2.5

Obtaining static solution:

 V(   gate  ) = -2.5        


proj           psi     n     psi     n  
direct          x      x     rhs    rhs 
   i    j  m  -5.00* -6.00* -26.0* -20.0*
-----------------------------------------
   1       N  -3.951 -5.027 -27.8* -14.92
   2       N  -11.2* -10.3* -27.7* -18.58

Electrode       Va(V)        In(A)       Ic(A)       It(A)
=============================================================
gate          -2.500e+000  0.000e+000  0.000e+000  0.000e+000
source         0.000e+000  0.000e+000  0.000e+000  0.000e+000
drain          0.000e+000  0.000e+000  0.000e+000  0.000e+000
Total                                              0.000e+000

Time for bias point:   1.24 sec. 
Total time:           55.89 sec. 
  
ATLAS> solve vgate=-2.6

Obtaining static solution:

 V(   gate  ) = -2.6        


proj           psi     n     psi     n  
direct          x      x     rhs    rhs 
   i    j  m  -5.00* -6.00* -26.0* -20.0*
-----------------------------------------
   1       N  -2.274 -5.095 -23.89 -15.04
   2       N  -7.17* -10.4* -27.8* -18.43

Electrode       Va(V)        In(A)       Ic(A)       It(A)
=============================================================
gate          -2.600e+000  0.000e+000  0.000e+000  0.000e+000
source         0.000e+000  0.000e+000  0.000e+000  0.000e+000
drain          0.000e+000  0.000e+000  0.000e+000  0.000e+000
Total                                              0.000e+000

Time for bias point:   1.38 sec. 
Total time:           57.35 sec. 
  
ATLAS> solve vgate=-2.7

Obtaining static solution:

 V(   gate  ) = -2.7        


proj           psi     n     psi     n  
direct          x      x     rhs    rhs 
   i    j  m  -5.00* -6.00* -26.0* -20.0*
-----------------------------------------
   1       N  -0.693 -3.682 -19.08 -14.69
   2       N  -2.438 -5.861 -22.63 -18.31
   3       N  -5.99* -9.99* -27.8* -18.44

Electrode       Va(V)        In(A)       Ic(A)       It(A)
=============================================================
gate          -2.700e+000  0.000e+000  0.000e+000  0.000e+000
source         0.000e+000  0.000e+000  0.000e+000  0.000e+000
drain          0.000e+000  0.000e+000  0.000e+000  0.000e+000
Total                                              0.000e+000

Time for bias point:   1.88 sec. 
Total time:           59.29 sec. 
  
ATLAS> solve vgate=-2.8

Obtaining static solution:

 V(   gate  ) = -2.8        


proj           psi     n     psi     n  
direct          x      x     rhs    rhs 
   i    j  m  -5.00* -6.00* -26.0* -20.0*
-----------------------------------------
   1       N  -0.031 -2.724 -16.40 -12.69
   2       N  -0.288 -3.210 -17.28 -13.64
   3       N  -1.027 -4.151 -18.89 -15.52
   4       N  -2.611 -6.09* -22.07 -18.40
   5       N  -5.79* -9.80* -27.6* -18.45

Electrode       Va(V)        In(A)       Ic(A)       It(A)
=============================================================
gate          -2.800e+000  0.000e+000  0.000e+000  0.000e+000
source         0.000e+000  0.000e+000  0.000e+000  0.000e+000
drain          0.000e+000  0.000e+000  0.000e+000  0.000e+000
Total                                              0.000e+000

Time for bias point:   3.19 sec. 
Total time:            1.04 min. 
  
ATLAS> solve vgate=-2.9

Obtaining static solution:

 V(   gate  ) = -2.9        


proj           psi     n     psi     n  
direct          x      x     rhs    rhs 
   i    j  m  -5.00* -6.00* -26.0* -20.0*
-----------------------------------------
   1       N  -0.031 -2.011 -16.23 -11.29
   2       N  -0.301 -2.890 -17.18 -13.05
   3       N  -1.029 -3.893 -18.91 -15.01
   4       N  -2.591 -5.466 -22.35 -18.13
   5       N  -5.71* -8.59* -27.8* -18.39

Electrode       Va(V)        In(A)       Ic(A)       It(A)
=============================================================
gate          -2.900e+000  0.000e+000  0.000e+000  0.000e+000
source         0.000e+000  0.000e+000  0.000e+000  0.000e+000
drain          0.000e+000  0.000e+000  0.000e+000  0.000e+000
Total                                              0.000e+000

Time for bias point:   2.85 sec. 
Total time:            1.09 min. 
  
ATLAS> solve vgate=-3

Obtaining static solution:

 V(   gate  ) = -3          


proj           psi     n     psi     n  
direct          x      x     rhs    rhs 
   i    j  m  -5.00* -6.00* -26.0* -20.0*
-----------------------------------------
   1       N  -0.033 -1.635 -17.04 -10.55
   2       N  -0.386 -1.986 -18.41 -11.27
   3       N  -1.254 -2.848 -20.21 -13.00
   4       N  -3.060 -4.650 -23.82 -16.62
   5       N  -6.68* -8.27* -27.7* -18.29

Electrode       Va(V)        In(A)       Ic(A)       It(A)
=============================================================
gate          -3.000e+000  0.000e+000  0.000e+000  0.000e+000
source         0.000e+000  0.000e+000  0.000e+000  0.000e+000
drain          0.000e+000  0.000e+000  0.000e+000  0.000e+000
Total                                              0.000e+000

Time for bias point:   3.35 sec. 
Total time:            1.15 min. 
  
ATLAS> solve vdrain=0.1
  
 Warning: Projection cannot be done with
 current bias step.  Using previous solution
 for initial guess.
  

Obtaining static solution:

 V(  drain  ) = 0.1         


prev           psi     n     psi     n  
direct          x      x     rhs    rhs 
   i    j  m  -5.00* -6.00* -26.0* -20.0*
-----------------------------------------
   1       N   0.583 -0.000 -19.90 -4.313
   2       N  -2.705  1.056 -20.74 -8.746
   3       N  -5.83* -4.728 -27.7* -15.40
   4       N  -11.5* -11.4* -27.7* -18.34

Electrode       Va(V)        In(A)       Ic(A)       It(A)
=============================================================
gate          -3.000e+000  0.000e+000  0.000e+000  0.000e+000
source         0.000e+000  0.000e+000  0.000e+000  0.000e+000
drain          1.000e-001  0.000e+000  0.000e+000  0.000e+000
Total                                              0.000e+000

Time for bias point:   2.54 sec. 
Total time:            1.19 min. 
  
ATLAS> solve vdrain=0.2

Obtaining static solution:

 V(  drain  ) = 0.2         


proj           psi     n     psi     n  
direct          x      x     rhs    rhs 
   i    j  m  -5.00* -6.00* -26.0* -20.0*
-----------------------------------------
   1       N  -2.387 -4.024 -22.56 -15.49
   2       N  -5.38* -6.98* -27.7* -18.32

Electrode       Va(V)        In(A)       Ic(A)       It(A)
=============================================================
gate          -3.000e+000  0.000e+000  0.000e+000  0.000e+000
source         0.000e+000  0.000e+000  0.000e+000  0.000e+000
drain          2.000e-001  0.000e+000  0.000e+000  0.000e+000
Total                                              0.000e+000

Time for bias point:   1.54 sec. 
Total time:            1.22 min. 
  
ATLAS> solve vdrain=0.3

Obtaining static solution:

 V(  drain  ) = 0.3         


proj           psi     n     psi     n  
direct          x      x     rhs    rhs 
   i    j  m  -5.00* -6.00* -26.0* -20.0*
-----------------------------------------
   1       N  -2.361 -4.125 -22.52 -15.42
   2       N  -5.33* -7.07* -27.6* -18.54

Electrode       Va(V)        In(A)       Ic(A)       It(A)
=============================================================
gate          -3.000e+000  0.000e+000  0.000e+000  0.000e+000
source         0.000e+000  0.000e+000  0.000e+000  0.000e+000
drain          3.000e-001  0.000e+000  0.000e+000  0.000e+000
Total                                              0.000e+000

Time for bias point:   1.52 sec. 
Total time:            1.25 min. 
  
ATLAS> solve vdrain=0.4

Obtaining static solution:

 V(  drain  ) = 0.4         


proj           psi     n     psi     n  
direct          x      x     rhs    rhs 
   i    j  m  -5.00* -6.00* -26.0* -20.0*
-----------------------------------------
   1       N  -2.336 -4.096 -22.49 -15.35
   2       N  -5.29* -7.02* -27.8* -18.54

Electrode       Va(V)        In(A)       Ic(A)       It(A)
=============================================================
gate          -3.000e+000  0.000e+000  0.000e+000  0.000e+000
source         0.000e+000  0.000e+000  0.000e+000  0.000e+000
drain          4.000e-001  0.000e+000  0.000e+000  0.000e+000
Total                                              0.000e+000

Time for bias point:   1.67 sec. 
Total time:            1.28 min. 
  
ATLAS> solve vdrain=0.5

Obtaining static solution:

 V(  drain  ) = 0.5         


proj           psi     n     psi     n  
direct          x      x     rhs    rhs 
   i    j  m  -5.00* -6.00* -26.0* -20.0*
-----------------------------------------
   1       N  -2.310 -4.068 -22.45 -15.29
   2       N  -5.25* -6.98* -27.8* -18.47

Electrode       Va(V)        In(A)       Ic(A)       It(A)
=============================================================
gate          -3.000e+000  0.000e+000  0.000e+000  0.000e+000
source         0.000e+000  0.000e+000  0.000e+000  0.000e+000
drain          5.000e-001  0.000e+000  0.000e+000  0.000e+000
Total                                              0.000e+000

Time for bias point:   1.51 sec. 
Total time:            1.30 min. 
  
ATLAS> solve vdrain=0.6

Obtaining static solution:

 V(  drain  ) = 0.6         


proj           psi     n     psi     n  
direct          x      x     rhs    rhs 
   i    j  m  -5.00* -6.00* -26.0* -20.0*
-----------------------------------------
   1       N  -2.284 -4.040 -22.43 -15.23
   2       N  -5.20* -6.94* -27.7* -18.34

Electrode       Va(V)        In(A)       Ic(A)       It(A)
=============================================================
gate          -3.000e+000  0.000e+000  0.000e+000  0.000e+000
source         0.000e+000  0.000e+000  0.000e+000  0.000e+000
drain          6.000e-001  0.000e+000  0.000e+000  0.000e+000
Total                                              0.000e+000

Time for bias point:   1.59 sec. 
Total time:            1.33 min. 
  
ATLAS> solve vdrain=0.7

Obtaining static solution:

 V(  drain  ) = 0.7         


proj           psi     n     psi     n  
direct          x      x     rhs    rhs 
   i    j  m  -5.00* -6.00* -26.0* -20.0*
-----------------------------------------
   1       N  -2.259 -4.013 -22.40 -15.18
   2       N  -5.17* -6.90* -27.7* -18.51

Electrode       Va(V)        In(A)       Ic(A)       It(A)
=============================================================
gate          -3.000e+000  0.000e+000  0.000e+000  0.000e+000
source         0.000e+000  0.000e+000  0.000e+000  0.000e+000
drain          7.000e-001  0.000e+000  0.000e+000  0.000e+000
Total                                              0.000e+000

Time for bias point:   1.44 sec. 
Total time:            1.36 min. 
  
ATLAS> save outf=off.str

MASTER format file written to off.str at Sat Sep 12 20:25:29 2026

ATLAS> 
ATLAS> # 8. Every original gate point; fresh signed terminal exports.
ATLAS> log outf=transfer.log
ATLAS> solve vgate=-3

Obtaining static solution:


prev           psi     n     psi     n  
direct          x      x     rhs    rhs 
   i    j  m  -5.00* -6.00* -26.0* -20.0*
-----------------------------------------
   1       N  -10.9* -12.7* -27.7* -18.27

Electrode       Va(V)        In(A)       Ic(A)       It(A)
=============================================================
gate          -3.000e+000  0.000e+000  0.000e+000  0.000e+000
source         0.000e+000  0.000e+000  0.000e+000  0.000e+000
drain          7.000e-001  0.000e+000  0.000e+000  0.000e+000
Total                                              0.000e+000

Time for bias point:   0.84 sec. 
Total time:            1.40 min. 
  
ATLAS> solve vgate=-2.95

Obtaining static solution:

 V(   gate  ) = -2.95       


prev           psi     n     psi     n  
direct          x      x     rhs    rhs 
   i    j  m  -5.00* -6.00* -26.0* -20.0*
-----------------------------------------
   1       N   0.272 -0.369 -17.49 -7.164
   2       N  -0.725 -1.121 -19.63 -11.83
   3       N  -2.260 -3.847 -22.76 -15.09
   4       N  -5.38* -7.09* -27.7* -18.34

Electrode       Va(V)        In(A)       Ic(A)       It(A)
=============================================================
gate          -2.950e+000  0.000e+000  0.000e+000  0.000e+000
source         0.000e+000  0.000e+000  0.000e+000  0.000e+000
drain          7.000e-001  0.000e+000  0.000e+000  0.000e+000
Total                                              0.000e+000

Time for bias point:   2.67 sec. 
Total time:            1.47 min. 
  
ATLAS> solve vgate=-2.9

Obtaining static solution:

 V(   gate  ) = -2.9        


proj           psi     n     psi     n  
direct          x      x     rhs    rhs 
   i    j  m  -5.00* -6.00* -26.0* -20.0*
-----------------------------------------
   1       N  -0.401 -2.079 -18.89 -11.37
   2       N  -1.747 -3.320 -21.81 -13.97
   3       N  -4.389 -5.954 -27.1* -18.22
   4       N  -9.68* -11.2* -27.7* -18.28

Electrode       Va(V)        In(A)       Ic(A)       It(A)
=============================================================
gate          -2.900e+000  0.000e+000  0.000e+000  0.000e+000
source         0.000e+000  0.000e+000  0.000e+000  0.000e+000
drain          7.000e-001  0.000e+000  0.000e+000  0.000e+000
Total                                              0.000e+000

Time for bias point:   2.06 sec. 
Total time:            1.54 min. 
  
ATLAS> solve vgate=-2.85

Obtaining static solution:

 V(   gate  ) = -2.85       


proj           psi     n     psi     n  
direct          x      x     rhs    rhs 
   i    j  m  -5.00* -6.00* -26.0* -20.0*
-----------------------------------------
   1       N  -0.401 -2.006 -18.62 -11.28
   2       N  -2.089 -3.600 -21.61 -14.64
   3       N  -5.16* -7.02* -27.5* -18.34

Electrode       Va(V)        In(A)       Ic(A)       It(A)
=============================================================
gate          -2.850e+000  0.000e+000  0.000e+000  0.000e+000
source         0.000e+000  0.000e+000  0.000e+000  0.000e+000
drain          7.000e-001  0.000e+000  0.000e+000  0.000e+000
Total                                              0.000e+000

Time for bias point:   1.92 sec. 
Total time:            1.60 min. 
  
ATLAS> solve vgate=-2.8

Obtaining static solution:

 V(   gate  ) = -2.8        


proj           psi     n     psi     n  
direct          x      x     rhs    rhs 
   i    j  m  -5.00* -6.00* -26.0* -20.0*
-----------------------------------------
   1       N  -0.644 -2.246 -18.35 -11.75
   2       N  -1.897 -4.321 -20.96 -16.22
   3       N  -4.392 -7.20* -26.2* -18.35

Electrode       Va(V)        In(A)       Ic(A)       It(A)
=============================================================
gate          -2.800e+000  0.000e+000  0.000e+000  0.000e+000
source         0.000e+000  0.000e+000  0.000e+000  0.000e+000
drain          7.000e-001  0.000e+000  0.000e+000  0.000e+000
Total                                              0.000e+000

Time for bias point:   2.24 sec. 
Total time:            1.67 min. 
  
ATLAS> solve vgate=-2.75

Obtaining static solution:

 V(   gate  ) = -2.75       


proj           psi     n     psi     n  
direct          x      x     rhs    rhs 
   i    j  m  -5.00* -6.00* -26.0* -20.0*
-----------------------------------------
   1       N  -0.431 -2.685 -18.13 -12.61
   2       N  -1.582 -4.330 -20.50 -15.91
   3       N  -3.989 -6.75* -25.23 -18.29
   4       N  -8.72* -11.5* -27.8* -18.45

Electrode       Va(V)        In(A)       Ic(A)       It(A)
=============================================================
gate          -2.750e+000  0.000e+000  0.000e+000  0.000e+000
source         0.000e+000  0.000e+000  0.000e+000  0.000e+000
drain          7.000e-001  0.000e+000  0.000e+000  0.000e+000
Total                                              0.000e+000

Time for bias point:   2.96 sec. 
Total time:            1.74 min. 
  
ATLAS> solve vgate=-2.7

Obtaining static solution:

 V(   gate  ) = -2.7        


proj           psi     n     psi     n  
direct          x      x     rhs    rhs 
   i    j  m  -5.00* -6.00* -26.0* -20.0*
-----------------------------------------
   1       N  -0.301 -2.936 -18.22 -13.09
   2       N  -1.579 -4.512 -20.91 -16.25
   3       N  -4.266 -7.56* -26.3* -18.10

Electrode       Va(V)        In(A)       Ic(A)       It(A)
=============================================================
gate          -2.700e+000  0.000e+000  0.000e+000  0.000e+000
source         0.000e+000  0.000e+000  0.000e+000  0.000e+000
drain          7.000e-001  0.000e+000  0.000e+000  0.000e+000
Total                                              0.000e+000

Time for bias point:   2.07 sec. 
Total time:            1.81 min. 
  
ATLAS> solve vgate=-2.65

Obtaining static solution:

 V(   gate  ) = -2.65       


proj           psi     n     psi     n  
direct          x      x     rhs    rhs 
   i    j  m  -5.00* -6.00* -26.0* -20.0*
-----------------------------------------
   1       N  -0.361 -3.213 -19.11 -13.64
   2       N  -2.405 -5.648 -23.33 -18.16
   3       N  -6.62* -10.4* -27.7* -18.23

Electrode       Va(V)        In(A)       Ic(A)       It(A)
=============================================================
gate          -2.650e+000  0.000e+000  0.000e+000  0.000e+000
source         0.000e+000  0.000e+000  0.000e+000  0.000e+000
drain          7.000e-001  0.000e+000  0.000e+000  0.000e+000
Total                                              0.000e+000

Time for bias point:   1.74 sec. 
Total time:            1.87 min. 
  
ATLAS> solve vgate=-2.6

Obtaining static solution:

 V(   gate  ) = -2.6        


proj           psi     n     psi     n  
direct          x      x     rhs    rhs 
   i    j  m  -5.00* -6.00* -26.0* -20.0*
-----------------------------------------
   1       N  -0.828 -3.806 -20.96 -14.84
   2       N  -4.236 -7.49* -27.6* -18.54

Electrode       Va(V)        In(A)       Ic(A)       It(A)
=============================================================
gate          -2.600e+000  0.000e+000  0.000e+000  0.000e+000
source         0.000e+000  0.000e+000  0.000e+000  0.000e+000
drain          7.000e-001  0.000e+000  0.000e+000  0.000e+000
Total                                              0.000e+000

Time for bias point:   1.61 sec. 
Total time:            1.92 min. 
  
ATLAS> solve vgate=-2.55

Obtaining static solution:

 V(   gate  ) = -2.55       


proj           psi     n     psi     n  
direct          x      x     rhs    rhs 
   i    j  m  -5.00* -6.00* -26.0* -20.0*
-----------------------------------------
   1       N  -1.569 -4.600 -23.31 -16.33
   2       N  -6.59* -9.40* -27.8* -18.19

Electrode       Va(V)        In(A)       Ic(A)       It(A)
=============================================================
gate          -2.550e+000  0.000e+000  0.000e+000  0.000e+000
source         0.000e+000  0.000e+000  0.000e+000  0.000e+000
drain          7.000e-001  0.000e+000  0.000e+000  0.000e+000
Total                                              0.000e+000

Time for bias point:   1.22 sec. 
Total time:            1.98 min. 
  
ATLAS> solve vgate=-2.5

Obtaining static solution:

 V(   gate  ) = -2.5        


proj           psi     n     psi     n  
direct          x      x     rhs    rhs 
   i    j  m  -5.00* -6.00* -26.0* -20.0*
-----------------------------------------
   1       N  -2.392 -5.581 -25.80 -16.28
   2       N  -9.08* -11.4* -27.8* -18.18

Electrode       Va(V)        In(A)       Ic(A)       It(A)
=============================================================
gate          -2.500e+000  0.000e+000  0.000e+000  0.000e+000
source         0.000e+000  0.000e+000  0.000e+000  0.000e+000
drain          7.000e-001  0.000e+000  0.000e+000  0.000e+000
Total                                              0.000e+000

Time for bias point:   1.29 sec. 
Total time:            2.03 min. 
  
ATLAS> solve vgate=-2.45

Obtaining static solution:

 V(   gate  ) = -2.45       


proj           psi     n     psi     n  
direct          x      x     rhs    rhs 
   i    j  m  -5.00* -6.00* -26.0* -20.0*
-----------------------------------------
   1       N  -3.229 -5.698 -27.8* -16.22
   2       N  -11.1* -11.6* -27.8* -18.43

Electrode       Va(V)        In(A)       Ic(A)       It(A)
=============================================================
gate          -2.450e+000  0.000e+000  0.000e+000  0.000e+000
source         0.000e+000  0.000e+000  0.000e+000  0.000e+000
drain          7.000e-001  0.000e+000  0.000e+000  0.000e+000
Total                                              0.000e+000

Time for bias point:   1.40 sec. 
Total time:            2.08 min. 
  
ATLAS> solve vgate=-2.4

Obtaining static solution:

 V(   gate  ) = -2.4        


proj           psi     n     psi     n  
direct          x      x     rhs    rhs 
   i    j  m  -5.00* -6.00* -26.0* -20.0*
-----------------------------------------
   1       N  -4.069 -5.664 -27.8* -16.17
   2       N  -11.3* -11.6* -27.7* -18.14

Electrode       Va(V)        In(A)       Ic(A)       It(A)
=============================================================
gate          -2.400e+000  0.000e+000  0.000e+000  0.000e+000
source         0.000e+000  0.000e+000  0.000e+000  0.000e+000
drain          7.000e-001  0.000e+000  0.000e+000  0.000e+000
Total                                              0.000e+000

Time for bias point:   1.52 sec. 
Total time:            2.13 min. 
  
ATLAS> solve vgate=-2.35

Obtaining static solution:

 V(   gate  ) = -2.35       


proj           psi     n     psi     n  
direct          x      x     rhs    rhs 
   i    j  m  -5.00* -6.00* -26.0* -20.0*
-----------------------------------------
   1       N  -4.909 -5.630 -27.8* -16.11
   2       N  -11.3* -11.5* -27.7* -18.47

Electrode       Va(V)        In(A)       Ic(A)       It(A)
=============================================================
gate          -2.350e+000  0.000e+000  0.000e+000  0.000e+000
source         0.000e+000  0.000e+000  0.000e+000  0.000e+000
drain          7.000e-001  0.000e+000  0.000e+000  0.000e+000
Total                                              0.000e+000

Time for bias point:   1.65 sec. 
Total time:            2.20 min. 
  
ATLAS> solve vgate=-2.3

Obtaining static solution:

 V(   gate  ) = -2.3        


proj           psi     n     psi     n  
direct          x      x     rhs    rhs 
   i    j  m  -5.00* -6.00* -26.0* -20.0*
-----------------------------------------
   1       N  -5.60* -5.595 -27.7* -16.06
   2       N  -11.2* -11.4* -27.7* -18.08

Electrode       Va(V)        In(A)       Ic(A)       It(A)
=============================================================
gate          -2.300e+000  0.000e+000  0.000e+000  0.000e+000
source         0.000e+000  0.000e+000  0.000e+000  0.000e+000
drain          7.000e-001  0.000e+000  0.000e+000  0.000e+000
Total                                              0.000e+000

Time for bias point:   1.78 sec. 
Total time:            2.26 min. 
  
ATLAS> solve vgate=-2.25

Obtaining static solution:

 V(   gate  ) = -2.25       


proj           psi     n     psi     n  
direct          x      x     rhs    rhs 
   i    j  m  -5.00* -6.00* -26.0* -20.0*
-----------------------------------------
   1       N  -5.57* -5.560 -27.7* -15.99
   2       N  -11.2* -11.4* -27.7* -18.39

Electrode       Va(V)        In(A)       Ic(A)       It(A)
=============================================================
gate          -2.250e+000  0.000e+000  0.000e+000  0.000e+000
source         0.000e+000  0.000e+000  0.000e+000  0.000e+000
drain          7.000e-001  0.000e+000  0.000e+000  0.000e+000
Total                                              0.000e+000

Time for bias point:   1.70 sec. 
Total time:            2.33 min. 
  
ATLAS> solve vgate=-2.2

Obtaining static solution:

 V(   gate  ) = -2.2        


proj           psi     n     psi     n  
direct          x      x     rhs    rhs 
   i    j  m  -5.00* -6.00* -26.0* -20.0*
-----------------------------------------
   1       N  -5.53* -5.524 -27.7* -15.94
   2       N  -11.2* -11.3* -27.7* -18.25

Electrode       Va(V)        In(A)       Ic(A)       It(A)
=============================================================
gate          -2.200e+000  0.000e+000  0.000e+000  0.000e+000
source         0.000e+000  0.000e+000  0.000e+000  0.000e+000
drain          7.000e-001  0.000e+000  0.000e+000  0.000e+000
Total                                              0.000e+000

Time for bias point:   1.71 sec. 
Total time:            2.39 min. 
  
ATLAS> solve vgate=-2.15

Obtaining static solution:

 V(   gate  ) = -2.15       


proj           psi     n     psi     n  
direct          x      x     rhs    rhs 
   i    j  m  -5.00* -6.00* -26.0* -20.0*
-----------------------------------------
   1       N  -5.49* -5.489 -27.7* -15.88
   2       N  -11.3* -11.2* -27.7* -18.22

Electrode       Va(V)        In(A)       Ic(A)       It(A)
=============================================================
gate          -2.150e+000  0.000e+000  0.000e+000  0.000e+000
source         0.000e+000  0.000e+000  0.000e+000  0.000e+000
drain          7.000e-001  0.000e+000  0.000e+000  0.000e+000
Total                                              0.000e+000

Time for bias point:   1.18 sec. 
Total time:            2.44 min. 
  
ATLAS> solve vgate=-2.1

Obtaining static solution:

 V(   gate  ) = -2.1        


proj           psi     n     psi     n  
direct          x      x     rhs    rhs 
   i    j  m  -5.00* -6.00* -26.0* -20.0*
-----------------------------------------
   1       N  -5.46* -5.452 -27.7* -15.82
   2       N  -11.2* -11.2* -27.8* -18.42

Electrode       Va(V)        In(A)       Ic(A)       It(A)
=============================================================
gate          -2.100e+000  0.000e+000  0.000e+000  0.000e+000
source         0.000e+000  0.000e+000  0.000e+000  0.000e+000
drain          7.000e-001  0.000e+000  0.000e+000  0.000e+000
Total                                              0.000e+000

Time for bias point:   0.99 sec. 
Total time:            2.49 min. 
  
ATLAS> solve vgate=-2.05

Obtaining static solution:

 V(   gate  ) = -2.05       


proj           psi     n     psi     n  
direct          x      x     rhs    rhs 
   i    j  m  -5.00* -6.00* -26.0* -20.0*
-----------------------------------------
   1       N  -5.42* -5.415 -27.8* -15.76
   2       N  -11.4* -11.1* -27.8* -18.22

Electrode       Va(V)        In(A)       Ic(A)       It(A)
=============================================================
gate          -2.050e+000  0.000e+000  0.000e+000  0.000e+000
source         0.000e+000  0.000e+000  0.000e+000  0.000e+000
drain          7.000e-001  0.000e+000  0.000e+000  0.000e+000
Total                                              0.000e+000

Time for bias point:   1.68 sec. 
Total time:            2.54 min. 
  
ATLAS> solve vgate=-2

Obtaining static solution:

 V(   gate  ) = -2          


proj           psi     n     psi     n  
direct          x      x     rhs    rhs 
   i    j  m  -5.00* -6.00* -26.0* -20.0*
-----------------------------------------
   1       N  -5.38* -5.378 -27.7* -15.69
   2       N  -11.4* -11.0* -27.8* -18.23

Electrode       Va(V)        In(A)       Ic(A)       It(A)
=============================================================
gate          -2.000e+000  0.000e+000  0.000e+000  0.000e+000
source         0.000e+000  0.000e+000  0.000e+000  0.000e+000
drain          7.000e-001  0.000e+000  0.000e+000  0.000e+000
Total                                              0.000e+000

Time for bias point:   1.36 sec. 
Total time:            2.60 min. 
  
ATLAS> solve vgate=-1.95

Obtaining static solution:

 V(   gate  ) = -1.95       


proj           psi     n     psi     n  
direct          x      x     rhs    rhs 
   i    j  m  -5.00* -6.00* -26.0* -20.0*
-----------------------------------------
   1       N  -5.35* -5.340 -27.8* -15.63
   2       N  -11.3* -10.9* -27.8* -18.03

Electrode       Va(V)        In(A)       Ic(A)       It(A)
=============================================================
gate          -1.950e+000  0.000e+000  0.000e+000  0.000e+000
source         0.000e+000  0.000e+000  0.000e+000  0.000e+000
drain          7.000e-001  0.000e+000  0.000e+000  0.000e+000
Total                                              0.000e+000

Time for bias point:   1.84 sec. 
Total time:            2.67 min. 
  
ATLAS> solve vgate=-1.9

Obtaining static solution:

 V(   gate  ) = -1.9        


proj           psi     n     psi     n  
direct          x      x     rhs    rhs 
   i    j  m  -5.00* -6.00* -26.0* -20.0*
-----------------------------------------
   1       N  -5.31* -5.301 -27.7* -15.56
   2       N  -11.3* -10.9* -27.9* -18.27

Electrode       Va(V)        In(A)       Ic(A)       It(A)
=============================================================
gate          -1.900e+000  0.000e+000  0.000e+000  0.000e+000
source         0.000e+000  0.000e+000  0.000e+000  0.000e+000
drain          7.000e-001  0.000e+000  0.000e+000  0.000e+000
Total                                              0.000e+000

Time for bias point:   1.48 sec. 
Total time:            2.73 min. 
  
ATLAS> solve vgate=-1.85

Obtaining static solution:

 V(   gate  ) = -1.85       


proj           psi     n     psi     n  
direct          x      x     rhs    rhs 
   i    j  m  -5.00* -6.00* -26.0* -20.0*
-----------------------------------------
   1       N  -5.27* -5.262 -27.8* -15.50
   2       N  -11.1* -10.8* -27.8* -18.12

Electrode       Va(V)        In(A)       Ic(A)       It(A)
=============================================================
gate          -1.850e+000  0.000e+000  0.000e+000  0.000e+000
source         0.000e+000  0.000e+000  0.000e+000  0.000e+000
drain          7.000e-001  0.000e+000  0.000e+000  0.000e+000
Total                                              0.000e+000

Time for bias point:   1.60 sec. 
Total time:            2.79 min. 
  
ATLAS> solve vgate=-1.8

Obtaining static solution:

 V(   gate  ) = -1.8        


proj           psi     n     psi     n  
direct          x      x     rhs    rhs 
   i    j  m  -5.00* -6.00* -26.0* -20.0*
-----------------------------------------
   1       N  -5.23* -5.223 -27.8* -15.43
   2       N  -11.3* -10.7* -27.8* -18.13

Electrode       Va(V)        In(A)       Ic(A)       It(A)
=============================================================
gate          -1.800e+000  0.000e+000  0.000e+000  0.000e+000
source         0.000e+000  0.000e+000  0.000e+000  0.000e+000
drain          7.000e-001  0.000e+000  0.000e+000  0.000e+000
Total                                              0.000e+000

Time for bias point:   1.49 sec. 
Total time:            2.85 min. 
  
ATLAS> solve vgate=-1.75

Obtaining static solution:

 V(   gate  ) = -1.75       


proj           psi     n     psi     n  
direct          x      x     rhs    rhs 
   i    j  m  -5.00* -6.00* -26.0* -20.0*
-----------------------------------------
   1       N  -5.19* -5.182 -27.9* -15.36
   2       N  -11.4* -10.6* -27.9* -18.05

Electrode       Va(V)        In(A)       Ic(A)       It(A)
=============================================================
gate          -1.750e+000  0.000e+000  0.000e+000  0.000e+000
source         0.000e+000  0.000e+000  0.000e+000  0.000e+000
drain          7.000e-001  0.000e+000  0.000e+000  0.000e+000
Total                                              0.000e+000

Time for bias point:   1.23 sec. 
Total time:            2.91 min. 
  
ATLAS> solve vgate=-1.7

Obtaining static solution:

 V(   gate  ) = -1.7        


proj           psi     n     psi     n  
direct          x      x     rhs    rhs 
   i    j  m  -5.00* -6.00* -26.0* -20.0*
-----------------------------------------
   1       N  -5.15* -5.141 -27.9* -15.29
   2       N  -11.5* -10.6* -27.9* -18.10

Electrode       Va(V)        In(A)       Ic(A)       It(A)
=============================================================
gate          -1.700e+000  0.000e+000  0.000e+000  0.000e+000
source         0.000e+000  0.000e+000  0.000e+000  0.000e+000
drain          7.000e-001  0.000e+000  0.000e+000  0.000e+000
Total                                              0.000e+000

Time for bias point:   1.41 sec. 
Total time:            2.96 min. 
  
ATLAS> solve vgate=-1.65

Obtaining static solution:

 V(   gate  ) = -1.65       


proj           psi     n     psi     n  
direct          x      x     rhs    rhs 
   i    j  m  -5.00* -6.00* -26.0* -20.0*
-----------------------------------------
   1       N  -5.11* -5.100 -27.8* -15.22
   2       N  -11.3* -10.5* -27.8* -18.11

Electrode       Va(V)        In(A)       Ic(A)       It(A)
=============================================================
gate          -1.650e+000  0.000e+000  0.000e+000  0.000e+000
source         0.000e+000  0.000e+000  0.000e+000  0.000e+000
drain          7.000e-001  0.000e+000  0.000e+000  0.000e+000
Total                                              0.000e+000

Time for bias point:   1.57 sec. 
Total time:            3.02 min. 
  
ATLAS> solve vgate=-1.6

Obtaining static solution:

 V(   gate  ) = -1.6        


proj           psi     n     psi     n  
direct          x      x     rhs    rhs 
   i    j  m  -5.00* -6.00* -26.0* -20.0*
-----------------------------------------
   1       N  -5.06* -5.057 -28.0* -15.14
   2       N  -11.5* -10.4* -27.9* -18.03

Electrode       Va(V)        In(A)       Ic(A)       It(A)
=============================================================
gate          -1.600e+000  0.000e+000  0.000e+000  0.000e+000
source         0.000e+000  0.000e+000  0.000e+000  0.000e+000
drain          7.000e-001  0.000e+000  0.000e+000  0.000e+000
Total                                              0.000e+000

Time for bias point:   1.64 sec. 
Total time:            3.09 min. 
  
ATLAS> solve vgate=-1.55

Obtaining static solution:

 V(   gate  ) = -1.55       


proj           psi     n     psi     n  
direct          x      x     rhs    rhs 
   i    j  m  -5.00* -6.00* -26.0* -20.0*
-----------------------------------------
   1       N  -5.01* -5.011 -27.9* -15.07
   2       N  -11.4* -10.3* -27.9* -18.00

Electrode       Va(V)        In(A)       Ic(A)       It(A)
=============================================================
gate          -1.550e+000  0.000e+000  0.000e+000  0.000e+000
source         0.000e+000  0.000e+000  0.000e+000  0.000e+000
drain          7.000e-001  0.000e+000  0.000e+000  0.000e+000
Total                                              0.000e+000

Time for bias point:   1.53 sec. 
Total time:            3.14 min. 
  
ATLAS> solve vgate=-1.5

Obtaining static solution:

 V(   gate  ) = -1.5        


proj           psi     n     psi     n  
direct          x      x     rhs    rhs 
   i    j  m  -5.00* -6.00* -26.0* -20.0*
-----------------------------------------
   1       N  -4.962 -4.961 -27.9* -14.99
   2       N  -11.5* -10.2* -28.0* -18.07

Electrode       Va(V)        In(A)       Ic(A)       It(A)
=============================================================
gate          -1.500e+000  0.000e+000  0.000e+000  0.000e+000
source         0.000e+000  0.000e+000  0.000e+000  0.000e+000
drain          7.000e-001  0.000e+000  0.000e+000  0.000e+000
Total                                              0.000e+000

Time for bias point:   1.55 sec. 
Total time:            3.20 min. 
  
ATLAS> solve vgate=-1.45

Obtaining static solution:

 V(   gate  ) = -1.45       


proj           psi     n     psi     n  
direct          x      x     rhs    rhs 
   i    j  m  -5.00* -6.00* -26.0* -20.0*
-----------------------------------------
   1       N  -4.911 -4.910 -27.9* -14.91
   2       N  -11.5* -10.1* -28.0* -18.20

Electrode       Va(V)        In(A)       Ic(A)       It(A)
=============================================================
gate          -1.450e+000  0.000e+000  0.000e+000  0.000e+000
source         0.000e+000  0.000e+000  0.000e+000  0.000e+000
drain          7.000e-001  0.000e+000  0.000e+000  0.000e+000
Total                                              0.000e+000

Time for bias point:   1.61 sec. 
Total time:            3.27 min. 
  
ATLAS> solve vgate=-1.4

Obtaining static solution:

 V(   gate  ) = -1.4        


proj           psi     n     psi     n  
direct          x      x     rhs    rhs 
   i    j  m  -5.00* -6.00* -26.0* -20.0*
-----------------------------------------
   1       N  -4.858 -4.858 -28.0* -14.83
   2       N  -11.5* -9.99* -28.0* -18.11

Electrode       Va(V)        In(A)       Ic(A)       It(A)
=============================================================
gate          -1.400e+000  0.000e+000  0.000e+000  0.000e+000
source         0.000e+000  0.000e+000  0.000e+000  0.000e+000
drain          7.000e-001  0.000e+000  0.000e+000  0.000e+000
Total                                              0.000e+000

Time for bias point:   1.79 sec. 
Total time:            3.33 min. 
  
ATLAS> solve vgate=-1.35

Obtaining static solution:

 V(   gate  ) = -1.35       


proj           psi     n     psi     n  
direct          x      x     rhs    rhs 
   i    j  m  -5.00* -6.00* -26.0* -20.0*
-----------------------------------------
   1       N  -4.804 -4.804 -28.0* -14.74
   2       N  -11.5* -9.88* -27.9* -18.05

Electrode       Va(V)        In(A)       Ic(A)       It(A)
=============================================================
gate          -1.350e+000  0.000e+000  0.000e+000  0.000e+000
source         0.000e+000  0.000e+000  0.000e+000  0.000e+000
drain          7.000e-001  0.000e+000  0.000e+000  0.000e+000
Total                                              0.000e+000

Time for bias point:   1.73 sec. 
Total time:            3.40 min. 
  
ATLAS> solve vgate=-1.3

Obtaining static solution:

 V(   gate  ) = -1.3        


proj           psi     n     psi     n  
direct          x      x     rhs    rhs 
   i    j  m  -5.00* -6.00* -26.0* -20.0*
-----------------------------------------
   1       N  -4.748 -4.748 -28.1* -14.66
   2       N  -11.7* -9.77* -28.0* -18.17

Electrode       Va(V)        In(A)       Ic(A)       It(A)
=============================================================
gate          -1.300e+000  0.000e+000  0.000e+000  0.000e+000
source         0.000e+000  0.000e+000  0.000e+000  0.000e+000
drain          7.000e-001  0.000e+000  0.000e+000  0.000e+000
Total                                              0.000e+000

Time for bias point:   1.54 sec. 
Total time:            3.46 min. 
  
ATLAS> solve vgate=-1.25

Obtaining static solution:

 V(   gate  ) = -1.25       


proj           psi     n     psi     n  
direct          x      x     rhs    rhs 
   i    j  m  -5.00* -6.00* -26.0* -20.0*
-----------------------------------------
   1       N  -4.691 -4.690 -28.0* -14.57
   2       N  -11.5* -9.66* -28.0* -17.94

Electrode       Va(V)        In(A)       Ic(A)       It(A)
=============================================================
gate          -1.250e+000  0.000e+000  0.000e+000  0.000e+000
source         0.000e+000  0.000e+000  0.000e+000  0.000e+000
drain          7.000e-001  0.000e+000  0.000e+000  0.000e+000
Total                                              0.000e+000

Time for bias point:   1.48 sec. 
Total time:            3.52 min. 
  
ATLAS> solve vgate=-1.2

Obtaining static solution:

 V(   gate  ) = -1.2        


proj           psi     n     psi     n  
direct          x      x     rhs    rhs 
   i    j  m  -5.00* -6.00* -26.0* -20.0*
-----------------------------------------
   1       N  -4.631 -4.630 -28.0* -14.47
   2       N  -11.6* -9.54* -28.1* -18.05

Electrode       Va(V)        In(A)       Ic(A)       It(A)
=============================================================
gate          -1.200e+000  0.000e+000  0.000e+000  0.000e+000
source         0.000e+000  0.000e+000  0.000e+000  0.000e+000
drain          7.000e-001  0.000e+000  0.000e+000  0.000e+000
Total                                              0.000e+000

Time for bias point:   1.27 sec. 
Total time:            3.57 min. 
  
ATLAS> solve vgate=-1.15

Obtaining static solution:

 V(   gate  ) = -1.15       


proj           psi     n     psi     n  
direct          x      x     rhs    rhs 
   i    j  m  -5.00* -6.00* -26.0* -20.0*
-----------------------------------------
   1       N  -4.569 -4.568 -28.1* -14.38
   2       N  -11.6* -9.42* -28.1* -18.13

Electrode       Va(V)        In(A)       Ic(A)       It(A)
=============================================================
gate          -1.150e+000  0.000e+000  0.000e+000  0.000e+000
source         0.000e+000  0.000e+000  0.000e+000  0.000e+000
drain          7.000e-001  0.000e+000  0.000e+000  0.000e+000
Total                                              0.000e+000

Time for bias point:   1.41 sec. 
Total time:            3.62 min. 
  
ATLAS> solve vgate=-1.1

Obtaining static solution:

 V(   gate  ) = -1.1        


proj           psi     n     psi     n  
direct          x      x     rhs    rhs 
   i    j  m  -5.00* -6.00* -26.0* -20.0*
-----------------------------------------
   1       N  -4.505 -4.503 -28.1* -14.28
   2       N  -11.6* -9.29* -28.0* -18.08

Electrode       Va(V)        In(A)       Ic(A)       It(A)
=============================================================
gate          -1.100e+000  0.000e+000  0.000e+000  0.000e+000
source         0.000e+000  0.000e+000  0.000e+000  0.000e+000
drain          7.000e-001  0.000e+000  0.000e+000  0.000e+000
Total                                              0.000e+000

Time for bias point:   1.61 sec. 
Total time:            3.68 min. 
  
ATLAS> solve vgate=-1.05

Obtaining static solution:

 V(   gate  ) = -1.05       


proj           psi     n     psi     n  
direct          x      x     rhs    rhs 
   i    j  m  -5.00* -6.00* -26.0* -20.0*
-----------------------------------------
   1       N  -4.438 -4.436 -28.1* -14.17
   2       N  -11.6* -9.16* -28.1* -18.03

Electrode       Va(V)        In(A)       Ic(A)       It(A)
=============================================================
gate          -1.050e+000  0.000e+000  0.000e+000  0.000e+000
source         0.000e+000  0.000e+000  0.000e+000  0.000e+000
drain          7.000e-001  0.000e+000  0.000e+000  0.000e+000
Total                                              0.000e+000

Time for bias point:   1.39 sec. 
Total time:            3.73 min. 
  
ATLAS> solve vgate=-1

Obtaining static solution:

 V(   gate  ) = -1          


proj           psi     n     psi     n  
direct          x      x     rhs    rhs 
   i    j  m  -5.00* -6.00* -26.0* -20.0*
-----------------------------------------
   1       N  -4.369 -4.367 -28.0* -14.06
   2       N  -11.7* -9.02* -28.1* -18.16

Electrode       Va(V)        In(A)       Ic(A)       It(A)
=============================================================
gate          -1.000e+000  0.000e+000  0.000e+000  0.000e+000
source         0.000e+000  0.000e+000  0.000e+000  0.000e+000
drain          7.000e-001  0.000e+000  0.000e+000  0.000e+000
Total                                              0.000e+000

Time for bias point:   1.56 sec. 
Total time:            3.79 min. 
  
ATLAS> solve vgate=-0.95

Obtaining static solution:

 V(   gate  ) = -0.95       


proj           psi     n     psi     n  
direct          x      x     rhs    rhs 
   i    j  m  -5.00* -6.00* -26.0* -20.0*
-----------------------------------------
   1       N  -4.298 -4.295 -27.8* -13.93
   2       N  -11.6* -8.88* -28.0* -17.97

Electrode       Va(V)        In(A)       Ic(A)       It(A)
=============================================================
gate          -9.500e-001  0.000e+000  0.000e+000  0.000e+000
source         0.000e+000  0.000e+000  0.000e+000  0.000e+000
drain          7.000e-001  0.000e+000  0.000e+000  0.000e+000
Total                                              0.000e+000

Time for bias point:   1.60 sec. 
Total time:            3.85 min. 
  
ATLAS> solve vgate=-0.9

Obtaining static solution:

 V(   gate  ) = -0.9        


proj           psi     n     psi     n  
direct          x      x     rhs    rhs 
   i    j  m  -5.00* -6.00* -26.0* -20.0*
-----------------------------------------
   1       N  -4.223 -4.221 -27.6* -13.79
   2       N  -11.6* -8.73* -28.0* -17.78

Electrode       Va(V)        In(A)       Ic(A)       It(A)
=============================================================
gate          -9.000e-001  0.000e+000  0.000e+000  0.000e+000
source         0.000e+000  0.000e+000  0.000e+000  0.000e+000
drain          7.000e-001  0.000e+000  0.000e+000  0.000e+000
Total                                              0.000e+000

Time for bias point:   1.49 sec. 
Total time:            3.91 min. 
  
ATLAS> solve vgate=-0.85

Obtaining static solution:

 V(   gate  ) = -0.85       


proj           psi     n     psi     n  
direct          x      x     rhs    rhs 
   i    j  m  -5.00* -6.00* -26.0* -20.0*
-----------------------------------------
   1       N  -4.146 -4.143 -27.5* -13.65
   2       N  -11.4* -8.58* -28.1* -17.84

Electrode       Va(V)        In(A)       Ic(A)       It(A)
=============================================================
gate          -8.500e-001  0.000e+000  0.000e+000  0.000e+000
source         0.000e+000  0.000e+000  0.000e+000  0.000e+000
drain          7.000e-001  0.000e+000  0.000e+000  0.000e+000
Total                                              0.000e+000

Time for bias point:   1.30 sec. 
Total time:            3.97 min. 
  
ATLAS> solve vgate=-0.8

Obtaining static solution:

 V(   gate  ) = -0.8        


proj           psi     n     psi     n  
direct          x      x     rhs    rhs 
   i    j  m  -5.00* -6.00* -26.0* -20.0*
-----------------------------------------
   1       N  -4.062 -4.061 -27.3* -13.51
   2       N  -11.2* -8.41* -28.1* -17.95

Electrode       Va(V)        In(A)       Ic(A)       It(A)
=============================================================
gate          -8.000e-001  0.000e+000  0.000e+000  0.000e+000
source         0.000e+000  0.000e+000  0.000e+000  0.000e+000
drain          7.000e-001  0.000e+000  0.000e+000  0.000e+000
Total                                              0.000e+000

Time for bias point:   1.40 sec. 
Total time:            4.02 min. 
  
ATLAS> solve vgate=-0.75

Obtaining static solution:

 V(   gate  ) = -0.75       


proj           psi     n     psi     n  
direct          x      x     rhs    rhs 
   i    j  m  -5.00* -6.00* -26.0* -20.0*
-----------------------------------------
   1       N  -3.972 -3.971 -27.1* -13.36
   2       N  -11.0* -8.23* -28.0* -17.83

Electrode       Va(V)        In(A)       Ic(A)       It(A)
=============================================================
gate          -7.500e-001  0.000e+000  0.000e+000  0.000e+000
source         0.000e+000  0.000e+000  0.000e+000  0.000e+000
drain          7.000e-001  0.000e+000  0.000e+000  0.000e+000
Total                                              0.000e+000

Time for bias point:   1.42 sec. 
Total time:            4.08 min. 
  
ATLAS> solve vgate=-0.7

Obtaining static solution:

 V(   gate  ) = -0.7        


proj           psi     n     psi     n  
direct          x      x     rhs    rhs 
   i    j  m  -5.00* -6.00* -26.0* -20.0*
-----------------------------------------
   1       N  -3.878 -3.878 -26.9* -13.16
   2       N  -10.8* -8.05* -28.0* -17.88

Electrode       Va(V)        In(A)       Ic(A)       It(A)
=============================================================
gate          -7.000e-001  0.000e+000  0.000e+000  0.000e+000
source         0.000e+000 -1.032e-021 -1.032e-021 -1.032e-021
drain          7.000e-001  1.032e-021  1.032e-021  1.032e-021
Total                                             -4.646e-035

Time for bias point:   1.72 sec. 
Total time:            4.14 min. 
  
ATLAS> solve vgate=-0.65

Obtaining static solution:

 V(   gate  ) = -0.65       


proj           psi     n     psi     n  
direct          x      x     rhs    rhs 
   i    j  m  -5.00* -6.00* -26.0* -20.0*
-----------------------------------------
   1       N  -3.781 -3.478 -26.7* -12.96
   2       N  -10.5* -7.85* -28.2* -17.85

Electrode       Va(V)        In(A)       Ic(A)       It(A)
=============================================================
gate          -6.500e-001  0.000e+000  0.000e+000  0.000e+000
source         0.000e+000 -6.194e-021 -6.194e-021 -6.194e-021
drain          7.000e-001  6.194e-021  6.194e-021  6.194e-021
Total                                             -2.791e-034

Time for bias point:   1.38 sec. 
Total time:            4.19 min. 
  
ATLAS> solve vgate=-0.6

Obtaining static solution:

 V(   gate  ) = -0.6        


proj           psi     n     psi     n  
direct          x      x     rhs    rhs 
   i    j  m  -5.00* -6.00* -26.0* -20.0*
-----------------------------------------
   1       N  -3.679 -2.967 -26.5* -12.76
   2       N  -10.3* -7.65* -28.1* -18.03

Electrode       Va(V)        In(A)       Ic(A)       It(A)
=============================================================
gate          -6.000e-001  0.000e+000  0.000e+000  0.000e+000
source         0.000e+000 -4.129e-020 -4.129e-020 -4.129e-020
drain          7.000e-001  4.129e-020  4.129e-020  4.129e-020
Total                                             -1.860e-033

Time for bias point:   1.49 sec. 
Total time:            4.25 min. 
  
ATLAS> solve vgate=-0.55

Obtaining static solution:

 V(   gate  ) = -0.55       


proj           psi     n     psi     n  
direct          x      x     rhs    rhs 
   i    j  m  -5.00* -6.00* -26.0* -20.0*
-----------------------------------------
   1       N  -3.573 -2.826 -26.2* -12.56
   2       N  -9.99* -7.44* -28.3* -17.95

Electrode       Va(V)        In(A)       Ic(A)       It(A)
=============================================================
gate          -5.500e-001  0.000e+000  0.000e+000  0.000e+000
source         0.000e+000 -2.880e-019 -2.880e-019 -2.880e-019
drain          7.000e-001  2.890e-019  2.890e-019  2.890e-019
Total                                              1.032e-021

Time for bias point:   1.50 sec. 
Total time:            4.31 min. 
  
ATLAS> solve vgate=-0.5

Obtaining static solution:

 V(   gate  ) = -0.5        


proj           psi     n     psi     n  
direct          x      x     rhs    rhs 
   i    j  m  -5.00* -6.00* -26.0* -20.0*
-----------------------------------------
   1       N  -3.462 -2.746 -25.88 -12.36
   2       N  -9.69* -7.22* -28.3* -17.99

Electrode       Va(V)        In(A)       Ic(A)       It(A)
=============================================================
gate          -5.000e-001  0.000e+000  0.000e+000  0.000e+000
source         0.000e+000 -1.998e-018 -1.998e-018 -1.998e-018
drain          7.000e-001  1.998e-018  1.998e-018  1.998e-018
Total                                              5.162e-022

Time for bias point:   1.72 sec. 
Total time:            4.37 min. 
  
ATLAS> solve vgate=-0.45

Obtaining static solution:

 V(   gate  ) = -0.45       


proj           psi     n     psi     n  
direct          x      x     rhs    rhs 
   i    j  m  -5.00* -6.00* -26.0* -20.0*
-----------------------------------------
   1       N  -3.347 -2.685 -25.58 -12.16
   2       N  -9.38* -6.99* -28.4* -17.92

Electrode       Va(V)        In(A)       Ic(A)       It(A)
=============================================================
gate          -4.500e-001  0.000e+000  0.000e+000  0.000e+000
source         0.000e+000 -1.382e-017 -1.382e-017 -1.382e-017
drain          7.000e-001  1.382e-017  1.382e-017  1.382e-017
Total                                              1.032e-021

Time for bias point:   1.24 sec. 
Total time:            4.43 min. 
  
ATLAS> solve vgate=-0.4

Obtaining static solution:

 V(   gate  ) = -0.4        


proj           psi     n     psi     n  
direct          x      x     rhs    rhs 
   i    j  m  -5.00* -6.00* -26.0* -20.0*
-----------------------------------------
   1       N  -3.226 -2.584 -25.27 -11.96
   2       N  -9.05* -6.75* -28.3* -17.98

Electrode       Va(V)        In(A)       Ic(A)       It(A)
=============================================================
gate          -4.000e-001  0.000e+000  0.000e+000  0.000e+000
source         0.000e+000 -9.559e-017 -9.559e-017 -9.559e-017
drain          7.000e-001  9.559e-017  9.559e-017  9.559e-017
Total                                              1.032e-021

Time for bias point:   1.90 sec. 
Total time:            4.50 min. 
  
ATLAS> solve vgate=-0.35

Obtaining static solution:

 V(   gate  ) = -0.35       


proj           psi     n     psi     n  
direct          x      x     rhs    rhs 
   i    j  m  -5.00* -6.00* -26.0* -20.0*
-----------------------------------------
   1       N  -3.092 -2.543 -24.95 -11.64
   2       N  -8.70* -6.48* -28.3* -17.84

Electrode       Va(V)        In(A)       Ic(A)       It(A)
=============================================================
gate          -3.500e-001  0.000e+000  0.000e+000  0.000e+000
source         0.000e+000 -6.610e-016 -6.610e-016 -6.610e-016
drain          7.000e-001  6.610e-016  6.610e-016  6.610e-016
Total                                              7.742e-022

Time for bias point:   1.52 sec. 
Total time:            4.55 min. 
  
ATLAS> solve vgate=-0.3

Obtaining static solution:

 V(   gate  ) = -0.3        


proj           psi     n     psi     n  
direct          x      x     rhs    rhs 
   i    j  m  -5.00* -6.00* -26.0* -20.0*
-----------------------------------------
   1       N  -2.953 -2.344 -24.61 -11.33
   2       N  -8.34* -6.21* -28.4* -17.72

Electrode       Va(V)        In(A)       Ic(A)       It(A)
=============================================================
gate          -3.000e-001  0.000e+000  0.000e+000  0.000e+000
source         0.000e+000 -4.570e-015 -4.570e-015 -4.570e-015
drain          7.000e-001  4.570e-015  4.570e-015  4.570e-015
Total                                              2.581e-022

Time for bias point:   1.37 sec. 
Total time:            4.61 min. 
  
ATLAS> solve vgate=-0.25

Obtaining static solution:

 V(   gate  ) = -0.25       


proj           psi     n     psi     n  
direct          x      x     rhs    rhs 
   i    j  m  -5.00* -6.00* -26.0* -20.0*
-----------------------------------------
   1       N  -2.677 -1.948 -24.27 -11.02
   2       N  -7.95* -5.652 -28.6* -17.86

Electrode       Va(V)        In(A)       Ic(A)       It(A)
=============================================================
gate          -2.500e-001  0.000e+000  0.000e+000  0.000e+000
source         0.000e+000 -3.157e-014 -3.157e-014 -3.157e-014
drain          7.000e-001  3.157e-014  3.157e-014  3.157e-014
Total                                             -1.032e-021

Time for bias point:   1.20 sec. 
Total time:            4.66 min. 
  
ATLAS> solve vgate=-0.2

Obtaining static solution:

 V(   gate  ) = -0.2        


proj           psi     n     psi     n  
direct          x      x     rhs    rhs 
   i    j  m  -5.00* -6.00* -26.0* -20.0*
-----------------------------------------
   1       N  -2.133 -1.562 -23.92 -10.73
   2       N  -6.75* -4.566 -28.4* -17.66

Electrode       Va(V)        In(A)       Ic(A)       It(A)
=============================================================
gate          -2.000e-001  0.000e+000  0.000e+000  0.000e+000
source         0.000e+000 -2.173e-013 -2.173e-013 -2.173e-013
drain          7.000e-001  2.173e-013  2.173e-013  2.173e-013
Total                                              1.936e-021

Time for bias point:   1.22 sec. 
Total time:            4.71 min. 
  
ATLAS> solve vgate=-0.15

Obtaining static solution:

 V(   gate  ) = -0.15       


proj           psi     n     psi     n  
direct          x      x     rhs    rhs 
   i    j  m  -5.00* -6.00* -26.0* -20.0*
-----------------------------------------
   1       N  -1.594 -1.211 -22.89 -10.45
   2       N  -5.13* -3.490 -26.9* -17.04
   3       N  -9.39* -9.21* -28.6* -17.92

Electrode       Va(V)        In(A)       Ic(A)       It(A)
=============================================================
gate          -1.500e-001  0.000e+000  0.000e+000  0.000e+000
source         0.000e+000 -1.476e-012 -1.476e-012 -1.476e-012
drain          7.000e-001  1.476e-012  1.476e-012  1.476e-012
Total                                              1.553e-021

Time for bias point:   1.47 sec. 
Total time:            4.76 min. 
  
ATLAS> solve vgate=-0.1

Obtaining static solution:

 V(   gate  ) = -0.1        


proj           psi     n     psi     n  
direct          x      x     rhs    rhs 
   i    j  m  -5.00* -6.00* -26.0* -20.0*
-----------------------------------------
   1       N  -1.063 -0.963 -21.15 -9.511
   2       N  -3.572 -2.426 -24.09 -13.46
   3       N  -6.72* -6.75* -28.7* -17.63

Electrode       Va(V)        In(A)       Ic(A)       It(A)
=============================================================
gate          -1.000e-001  0.000e+000  0.000e+000  0.000e+000
source         0.000e+000 -9.545e-012 -9.545e-012 -9.545e-012
drain          7.000e-001  9.545e-012  9.545e-012  9.545e-012
Total                                              5.471e-021

Time for bias point:   1.80 sec. 
Total time:            4.81 min. 
  
ATLAS> solve vgate=-0.05

Obtaining static solution:

 V(   gate  ) = -0.05       


proj           psi     n     psi     n  
direct          x      x     rhs    rhs 
   i    j  m  -5.00* -6.00* -26.0* -20.0*
-----------------------------------------
   1       N  -0.636 -0.633 -19.67 -7.877
   2       N  -2.271 -1.566 -21.82 -10.58
   3       N  -4.431 -4.548 -28.1* -15.77

Electrode       Va(V)        In(A)       Ic(A)       It(A)
=============================================================
gate          -5.000e-002  0.000e+000  0.000e+000  0.000e+000
source         0.000e+000 -5.336e-011 -5.336e-011 -5.336e-011
drain          7.000e-001  5.336e-011  5.336e-011  5.336e-011
Total                                              1.807e-021

Time for bias point:   1.65 sec. 
Total time:            4.87 min. 
  
ATLAS> solve vgate=0

Obtaining static solution:

 V(   gate  ) = 0           


proj           psi     n     psi     n  
direct          x      x     rhs    rhs 
   i    j  m  -5.00* -6.00* -26.0* -20.0*
-----------------------------------------
   1       N  -0.439 -0.435 -18.73 -6.856
   2       N  -1.595 -1.175 -20.56 -8.935
   3       N  -3.250 -3.636 -25.76 -13.07

Electrode       Va(V)        In(A)       Ic(A)       It(A)
=============================================================
gate           0.000e+000  0.000e+000  0.000e+000  0.000e+000
source         0.000e+000 -2.267e-010 -2.267e-010 -2.267e-010
drain          7.000e-001  2.267e-010  2.267e-010  2.267e-010
Total                                             -6.271e-021

Time for bias point:   1.90 sec. 
Total time:            4.93 min. 
  
ATLAS> solve vgate=0.05

Obtaining static solution:

 V(   gate  ) = 0.05        


proj           psi     n     psi     n  
direct          x      x     rhs    rhs 
   i    j  m  -5.00* -6.00* -26.0* -20.0*
-----------------------------------------
   1       N  -0.464 -0.458 -18.43 -6.547
   2       N  -1.523 -1.305 -20.40 -8.541
   3       N  -3.207 -3.825 -25.78 -12.76

Electrode       Va(V)        In(A)       Ic(A)       It(A)
=============================================================
gate           5.000e-002  0.000e+000  0.000e+000  0.000e+000
source         0.000e+000 -7.042e-010 -7.042e-010 -7.042e-010
drain          7.000e-001  7.042e-010  7.042e-010  7.042e-010
Total                                              4.224e-021

Time for bias point:   1.97 sec. 
Total time:            4.99 min. 
  
ATLAS> solve vgate=0.1

Obtaining static solution:

 V(   gate  ) = 0.1         


proj           psi     n     psi     n  
direct          x      x     rhs    rhs 
   i    j  m  -5.00* -6.00* -26.0* -20.0*
-----------------------------------------
   1       N  -0.614 -0.578 -18.55 -6.714
   2       N  -1.775 -1.673 -20.92 -8.890
   3       N  -3.768 -4.555 -27.0* -13.79

Electrode       Va(V)        In(A)       Ic(A)       It(A)
=============================================================
gate           1.000e-001  0.000e+000  0.000e+000  0.000e+000
source         0.000e+000 -1.695e-009 -1.695e-009 -1.695e-009
drain          7.000e-001  1.695e-009  1.695e-009  1.695e-009
Total                                              1.509e-021

Time for bias point:   1.56 sec. 
Total time:            5.04 min. 
  
ATLAS> solve vgate=0.15

Obtaining static solution:

 V(   gate  ) = 0.15        


proj           psi     n     psi     n  
direct          x      x     rhs    rhs 
   i    j  m  -5.00* -6.00* -26.0* -20.0*
-----------------------------------------
   1       N  -0.791 -0.731 -18.80 -6.919
   2       N  -2.104 -2.076 -21.64 -9.504
   3       N  -4.448 -5.395 -28.3* -15.10

Electrode       Va(V)        In(A)       Ic(A)       It(A)
=============================================================
gate           1.500e-001  0.000e+000  0.000e+000  0.000e+000
source         0.000e+000 -3.402e-009 -3.402e-009 -3.402e-009
drain          7.000e-001  3.402e-009  3.402e-009  3.402e-009
Total                                              4.882e-021

Time for bias point:   1.80 sec. 
Total time:            5.11 min. 
  
ATLAS> solve vgate=0.2

Obtaining static solution:

 V(   gate  ) = 0.2         


proj           psi     n     psi     n  
direct          x      x     rhs    rhs 
   i    j  m  -5.00* -6.00* -26.0* -20.0*
-----------------------------------------
   1       N  -0.916 -0.885 -19.07 -6.840
   2       N  -2.408 -2.351 -22.30 -10.000
   3       N  -5.04* -5.903 -28.8* -16.14

Electrode       Va(V)        In(A)       Ic(A)       It(A)
=============================================================
gate           2.000e-001  0.000e+000  0.000e+000  0.000e+000
source         0.000e+000 -6.016e-009 -6.016e-009 -6.016e-009
drain          7.000e-001  6.016e-009  6.016e-009  6.016e-009
Total                                              4.223e-021

Time for bias point:   1.99 sec. 
Total time:            5.17 min. 
  
ATLAS> solve vgate=0.25

Obtaining static solution:

 V(   gate  ) = 0.25        


proj           psi     n     psi     n  
direct          x      x     rhs    rhs 
   i    j  m  -5.00* -6.00* -26.0* -20.0*
-----------------------------------------
   1       N  -0.991 -0.990 -19.32 -6.773
   2       N  -2.639 -2.464 -22.66 -10.20
   3       N  -5.48* -6.15* -28.6* -16.76

Electrode       Va(V)        In(A)       Ic(A)       It(A)
=============================================================
gate           2.500e-001  0.000e+000  0.000e+000  0.000e+000
source         0.000e+000 -9.724e-009 -9.724e-009 -9.724e-009
drain          7.000e-001  9.724e-009  9.724e-009  9.724e-009
Total                                              7.569e-021

Time for bias point:   2.07 sec. 
Total time:            5.24 min. 
  
ATLAS> solve vgate=0.3

Obtaining static solution:

 V(   gate  ) = 0.3         


proj           psi     n     psi     n  
direct          x      x     rhs    rhs 
   i    j  m  -5.00* -6.00* -26.0* -20.0*
-----------------------------------------
   1       N  -1.041 -1.037 -19.50 -6.572
   2       N  -2.783 -2.540 -22.75 -10.07
   3       N  -5.80* -6.39* -28.6* -16.78

Electrode       Va(V)        In(A)       Ic(A)       It(A)
=============================================================
gate           3.000e-001  0.000e+000  0.000e+000  0.000e+000
source         0.000e+000 -1.472e-008 -1.472e-008 -1.472e-008
drain          7.000e-001  1.472e-008  1.472e-008  1.472e-008
Total                                             -2.280e-021

Time for bias point:   2.45 sec. 
Total time:            5.30 min. 
  
ATLAS> solve vgate=0.35

Obtaining static solution:

 V(   gate  ) = 0.35        


proj           psi     n     psi     n  
direct          x      x     rhs    rhs 
   i    j  m  -5.00* -6.00* -26.0* -20.0*
-----------------------------------------
   1       N  -1.078 -1.070 -19.42 -6.131
   2       N  -2.851 -2.588 -22.56 -9.643
   3       N  -6.08* -6.50* -28.7* -16.71

Electrode       Va(V)        In(A)       Ic(A)       It(A)
=============================================================
gate           3.500e-001  0.000e+000  0.000e+000  0.000e+000
source         0.000e+000 -2.123e-008 -2.123e-008 -2.123e-008
drain          7.000e-001  2.123e-008  2.123e-008  2.123e-008
Total                                             -6.426e-021

Time for bias point:   2.21 sec. 
Total time:            5.37 min. 
  
ATLAS> solve vgate=0.4

Obtaining static solution:

 V(   gate  ) = 0.4         


proj           psi     n     psi     n  
direct          x      x     rhs    rhs 
   i    j  m  -5.00* -6.00* -26.0* -20.0*
-----------------------------------------
   1       N  -1.087 -1.074 -19.32 -5.798
   2       N  -2.892 -2.609 -22.54 -9.277
   3       N  -6.31* -6.55* -28.6* -16.49

Electrode       Va(V)        In(A)       Ic(A)       It(A)
=============================================================
gate           4.000e-001  0.000e+000  0.000e+000  0.000e+000
source         0.000e+000 -2.950e-008 -2.950e-008 -2.950e-008
drain          7.000e-001  2.950e-008  2.950e-008  2.950e-008
Total                                             -1.727e-021

Time for bias point:   2.06 sec. 
Total time:            5.44 min. 
  
ATLAS> solve vgate=0.45

Obtaining static solution:

 V(   gate  ) = 0.45        


proj           psi     n     psi     n  
direct          x      x     rhs    rhs 
   i    j  m  -5.00* -6.00* -26.0* -20.0*
-----------------------------------------
   1       N  -1.113 -1.092 -19.31 -5.544
   2       N  -2.937 -2.695 -22.59 -9.104
   3       N  -6.41* -6.66* -28.6* -16.55

Electrode       Va(V)        In(A)       Ic(A)       It(A)
=============================================================
gate           4.500e-001  0.000e+000  0.000e+000  0.000e+000
source         0.000e+000 -3.981e-008 -3.981e-008 -3.981e-008
drain          7.000e-001  3.981e-008  3.981e-008  3.981e-008
Total                                              1.349e-020

Time for bias point:   1.74 sec. 
Total time:            5.50 min. 
  
ATLAS> solve vgate=0.5

Obtaining static solution:

 V(   gate  ) = 0.5         


proj           psi     n     psi     n  
direct          x      x     rhs    rhs 
   i    j  m  -5.00* -6.00* -26.0* -20.0*
-----------------------------------------
   1       N  -1.160 -0.898 -19.34 -5.489
   2       N  -2.985 -2.829 -22.76 -9.140
   3       N  -6.62* -6.83* -28.8* -16.43

Electrode       Va(V)        In(A)       Ic(A)       It(A)
=============================================================
gate           5.000e-001  0.000e+000  0.000e+000  0.000e+000
source         0.000e+000 -5.247e-008 -5.247e-008 -5.247e-008
drain          7.000e-001  5.247e-008  5.247e-008  5.247e-008
Total                                              1.345e-020

Time for bias point:   1.84 sec. 
Total time:            5.56 min. 
  
ATLAS> solve vgate=0.55

Obtaining static solution:

 V(   gate  ) = 0.55        


proj           psi     n     psi     n  
direct          x      x     rhs    rhs 
   i    j  m  -5.00* -6.00* -26.0* -20.0*
-----------------------------------------
   1       N  -1.214 -0.227 -18.74 -3.974
   2       N  -2.507 -2.437 -22.57 -7.935
   3       N  -5.86* -5.365 -28.5* -14.27

Electrode       Va(V)        In(A)       Ic(A)       It(A)
=============================================================
gate           5.500e-001  0.000e+000  0.000e+000  0.000e+000
source         0.000e+000 -6.780e-008 -6.780e-008 -6.780e-008
drain          7.000e-001  6.780e-008  6.780e-008  6.780e-008
Total                                             -1.228e-020

Time for bias point:   1.76 sec. 
Total time:            5.62 min. 
  
ATLAS> solve vgate=0.6

Obtaining static solution:

 V(   gate  ) = 0.6         


proj           psi     n     psi     n  
direct          x      x     rhs    rhs 
   i    j  m  -5.00* -6.00* -26.0* -20.0*
-----------------------------------------
   1       N  -0.953 -0.295 -18.74 -3.536
   2       N  -2.659 -2.219 -22.79 -7.204
   3       N  -6.36* -5.710 -28.6* -14.35

Electrode       Va(V)        In(A)       Ic(A)       It(A)
=============================================================
gate           6.000e-001  0.000e+000  0.000e+000  0.000e+000
source         0.000e+000 -8.611e-008 -8.611e-008 -8.611e-008
drain          7.000e-001  8.611e-008  8.611e-008  8.611e-008
Total                                             -1.972e-021

Time for bias point:   2.09 sec. 
Total time:            5.68 min. 
  
ATLAS> solve vgate=0.65

Obtaining static solution:

 V(   gate  ) = 0.65        


proj           psi     n     psi     n  
direct          x      x     rhs    rhs 
   i    j  m  -5.00* -6.00* -26.0* -20.0*
-----------------------------------------
   1       N  -0.715 -0.363 -18.77 -3.211
   2       N  -2.688 -2.128 -22.49 -6.685
   3       N  -5.81* -5.345 -28.6* -13.28

Electrode       Va(V)        In(A)       Ic(A)       It(A)
=============================================================
gate           6.500e-001  0.000e+000  0.000e+000  0.000e+000
source         0.000e+000 -1.077e-007 -1.077e-007 -1.077e-007
drain          7.000e-001  1.077e-007  1.077e-007  1.077e-007
Total                                             -3.468e-021

Time for bias point:   1.91 sec. 
Total time:            5.75 min. 
  
ATLAS> solve vgate=0.7

Obtaining static solution:

 V(   gate  ) = 0.7         


proj           psi     n     psi     n  
direct          x      x     rhs    rhs 
   i    j  m  -5.00* -6.00* -26.0* -20.0*
-----------------------------------------
   1       N  -0.594 -0.432 -18.84 -2.971
   2       N  -2.763 -2.059 -22.34 -6.307
   3       N  -6.03* -5.153 -28.6* -12.62

Electrode       Va(V)        In(A)       Ic(A)       It(A)
=============================================================
gate           7.000e-001  0.000e+000  0.000e+000  0.000e+000
source         0.000e+000 -1.327e-007 -1.327e-007 -1.327e-007
drain          7.000e-001  1.327e-007  1.327e-007  1.327e-007
Total                                              2.621e-021

Time for bias point:   1.88 sec. 
Total time:            5.80 min. 
  
ATLAS> solve vgate=0.75

Obtaining static solution:

 V(   gate  ) = 0.75        


proj           psi     n     psi     n  
direct          x      x     rhs    rhs 
   i    j  m  -5.00* -6.00* -26.0* -20.0*
-----------------------------------------
   1       N  -0.583 -0.499 -18.93 -2.795
   2       N  -2.214 -2.035 -22.32 -6.049
   3       N  -4.802 -5.087 -28.6* -12.27

Electrode       Va(V)        In(A)       Ic(A)       It(A)
=============================================================
gate           7.500e-001  0.000e+000  0.000e+000  0.000e+000
source         0.000e+000 -1.611e-007 -1.611e-007 -1.611e-007
drain          7.000e-001  1.611e-007  1.611e-007  1.611e-007
Total                                             -1.517e-020

Time for bias point:   1.84 sec. 
Total time:            5.86 min. 
  
ATLAS> solve vgate=0.8

Obtaining static solution:

 V(   gate  ) = 0.8         


proj           psi     n     psi     n  
direct          x      x     rhs    rhs 
   i    j  m  -5.00* -6.00* -26.0* -20.0*
-----------------------------------------
   1       N  -0.660 -0.564 -19.04 -2.690
   2       N  -2.094 -2.151 -22.38 -5.883
   3       N  -4.700 -5.095 -28.6* -12.09

Electrode       Va(V)        In(A)       Ic(A)       It(A)
=============================================================
gate           8.000e-001  0.000e+000  0.000e+000  0.000e+000
source         0.000e+000 -1.932e-007 -1.932e-007 -1.932e-007
drain          7.000e-001  1.932e-007  1.932e-007  1.932e-007
Total                                              1.218e-021

Time for bias point:   2.36 sec. 
Total time:            5.93 min. 
  
ATLAS> solve vgate=0.85

Obtaining static solution:

 V(   gate  ) = 0.85        


proj           psi     n     psi     n  
direct          x      x     rhs    rhs 
   i    j  m  -5.00* -6.00* -26.0* -20.0*
-----------------------------------------
   1       N  -0.770 -0.626 -19.16 -2.618
   2       N  -2.224 -2.208 -22.47 -5.767
   3       N  -4.966 -5.157 -28.4* -12.05

Electrode       Va(V)        In(A)       Ic(A)       It(A)
=============================================================
gate           8.500e-001  0.000e+000  0.000e+000  0.000e+000
source         0.000e+000 -2.288e-007 -2.288e-007 -2.288e-007
drain          7.000e-001  2.288e-007  2.288e-007  2.288e-007
Total                                              5.823e-022

Time for bias point:   2.05 sec. 
Total time:            6.00 min. 
  
ATLAS> solve vgate=0.9

Obtaining static solution:

 V(   gate  ) = 0.9         


proj           psi     n     psi     n  
direct          x      x     rhs    rhs 
   i    j  m  -5.00* -6.00* -26.0* -20.0*
-----------------------------------------
   1       N  -0.873 -0.685 -19.27 -2.540
   2       N  -2.413 -2.272 -22.56 -5.677
   3       N  -5.35* -5.242 -28.4* -11.97

Electrode       Va(V)        In(A)       Ic(A)       It(A)
=============================================================
gate           9.000e-001  0.000e+000  0.000e+000  0.000e+000
source         0.000e+000 -2.679e-007 -2.679e-007 -2.679e-007
drain          7.000e-001  2.679e-007  2.679e-007  2.679e-007
Total                                              6.935e-021

Time for bias point:   1.90 sec. 
Total time:            6.06 min. 
  
ATLAS> solve vgate=0.95

Obtaining static solution:

 V(   gate  ) = 0.95        


proj           psi     n     psi     n  
direct          x      x     rhs    rhs 
   i    j  m  -5.00* -6.00* -26.0* -20.0*
-----------------------------------------
   1       N  -0.950 -0.739 -19.39 -2.478
   2       N  -2.611 -2.326 -22.67 -5.617
   3       N  -5.69* -5.316 -28.5* -11.92

Electrode       Va(V)        In(A)       Ic(A)       It(A)
=============================================================
gate           9.500e-001  0.000e+000  0.000e+000  0.000e+000
source         0.000e+000 -3.105e-007 -3.105e-007 -3.105e-007
drain          7.000e-001  3.105e-007  3.105e-007  3.105e-007
Total                                              2.668e-020

Time for bias point:   2.10 sec. 
Total time:            6.13 min. 
  
ATLAS> solve vgate=1

Obtaining static solution:

 V(   gate  ) = 1           


proj           psi     n     psi     n  
direct          x      x     rhs    rhs 
   i    j  m  -5.00* -6.00* -26.0* -20.0*
-----------------------------------------
   1       N  -1.011 -0.789 -19.50 -2.427
   2       N  -2.779 -2.382 -22.75 -5.580
   3       N  -5.95* -5.399 -28.6* -11.90

Electrode       Va(V)        In(A)       Ic(A)       It(A)
=============================================================
gate           1.000e+000  0.000e+000  0.000e+000  0.000e+000
source         0.000e+000 -3.565e-007 -3.565e-007 -3.565e-007
drain          7.000e-001  3.565e-007  3.565e-007  3.565e-007
Total                                              3.182e-020

Time for bias point:   2.35 sec. 
Total time:            6.20 min. 
  
ATLAS> solve vgate=1.05

Obtaining static solution:

 V(   gate  ) = 1.05        


proj           psi     n     psi     n  
direct          x      x     rhs    rhs 
   i    j  m  -5.00* -6.00* -26.0* -20.0*
-----------------------------------------
   1       N  -1.058 -0.836 -19.42 -2.384
   2       N  -2.890 -2.439 -22.56 -5.557
   3       N  -6.12* -5.487 -28.5* -11.92

Electrode       Va(V)        In(A)       Ic(A)       It(A)
=============================================================
gate           1.050e+000  0.000e+000  0.000e+000  0.000e+000
source         0.000e+000 -4.057e-007 -4.057e-007 -4.057e-007
drain          7.000e-001  4.057e-007  4.057e-007  4.057e-007
Total                                              2.859e-021

Time for bias point:   2.14 sec. 
Total time:            6.28 min. 
  
ATLAS> solve vgate=1.1

Obtaining static solution:

 V(   gate  ) = 1.1         


proj           psi     n     psi     n  
direct          x      x     rhs    rhs 
   i    j  m  -5.00* -6.00* -26.0* -20.0*
-----------------------------------------
   1       N  -1.082 -0.880 -19.32 -2.349
   2       N  -2.968 -2.494 -22.54 -5.546
   3       N  -6.18* -5.577 -28.6* -11.95

Electrode       Va(V)        In(A)       Ic(A)       It(A)
=============================================================
gate           1.100e+000  0.000e+000  0.000e+000  0.000e+000
source         0.000e+000 -4.580e-007 -4.580e-007 -4.580e-007
drain          7.000e-001  4.580e-007  4.580e-007  4.580e-007
Total                                              1.011e-020

Time for bias point:   1.83 sec. 
Total time:            6.34 min. 
  
ATLAS> solve vgate=1.15

Obtaining static solution:

 V(   gate  ) = 1.15        


proj           psi     n     psi     n  
direct          x      x     rhs    rhs 
   i    j  m  -5.00* -6.00* -26.0* -20.0*
-----------------------------------------
   1       N  -1.109 -0.920 -19.31 -2.319
   2       N  -3.010 -2.548 -22.59 -5.542
   3       N  -6.24* -5.667 -28.6* -12.00

Electrode       Va(V)        In(A)       Ic(A)       It(A)
=============================================================
gate           1.150e+000  0.000e+000  0.000e+000  0.000e+000
source         0.000e+000 -5.131e-007 -5.131e-007 -5.131e-007
drain          7.000e-001  5.131e-007  5.131e-007  5.131e-007
Total                                             -1.006e-020

Time for bias point:   2.00 sec. 
Total time:            6.41 min. 
  
ATLAS> solve vgate=1.2

Obtaining static solution:

 V(   gate  ) = 1.2         


proj           psi     n     psi     n  
direct          x      x     rhs    rhs 
   i    j  m  -5.00* -6.00* -26.0* -20.0*
-----------------------------------------
   1       N  -1.156 -0.958 -19.34 -2.293
   2       N  -3.090 -2.600 -22.76 -5.544
   3       N  -6.30* -5.756 -28.3* -12.06

Electrode       Va(V)        In(A)       Ic(A)       It(A)
=============================================================
gate           1.200e+000  0.000e+000  0.000e+000  0.000e+000
source         0.000e+000 -5.708e-007 -5.708e-007 -5.708e-007
drain          7.000e-001  5.708e-007  5.708e-007  5.708e-007
Total                                             -1.789e-020

Time for bias point:   2.46 sec. 
Total time:            6.49 min. 
  
ATLAS> solve vgate=1.25

Obtaining static solution:

 V(   gate  ) = 1.25        


proj           psi     n     psi     n  
direct          x      x     rhs    rhs 
   i    j  m  -5.00* -6.00* -26.0* -20.0*
-----------------------------------------
   1       N  -1.218 -0.993 -19.39 -2.270
   2       N  -3.141 -2.650 -23.02 -5.549
   3       N  -6.35* -5.843 -28.4* -12.12

Electrode       Va(V)        In(A)       Ic(A)       It(A)
=============================================================
gate           1.250e+000  0.000e+000  0.000e+000  0.000e+000
source         0.000e+000 -6.307e-007 -6.307e-007 -6.307e-007
drain          7.000e-001  6.307e-007  6.307e-007  6.307e-007
Total                                             -8.470e-022

Time for bias point:   2.09 sec. 
Total time:            6.56 min. 
  
ATLAS> solve vgate=1.3

Obtaining static solution:

 V(   gate  ) = 1.3         


proj           psi     n     psi     n  
direct          x      x     rhs    rhs 
   i    j  m  -5.00* -6.00* -26.0* -20.0*
-----------------------------------------
   1       N  -1.285 -1.026 -19.48 -2.250
   2       N  -3.162 -2.699 -23.33 -5.558
   3       N  -6.41* -5.927 -28.6* -12.18

Electrode       Va(V)        In(A)       Ic(A)       It(A)
=============================================================
gate           1.300e+000  0.000e+000  0.000e+000  0.000e+000
source         0.000e+000 -6.927e-007 -6.927e-007 -6.927e-007
drain          7.000e-001  6.927e-007  6.927e-007  6.927e-007
Total                                              6.776e-021

Time for bias point:   2.15 sec. 
Total time:            6.63 min. 
  
ATLAS> solve vgate=1.35

Obtaining static solution:

 V(   gate  ) = 1.35        


proj           psi     n     psi     n  
direct          x      x     rhs    rhs 
   i    j  m  -5.00* -6.00* -26.0* -20.0*
-----------------------------------------
   1       N  -1.357 -1.057 -19.60 -2.232
   2       N  -3.183 -2.745 -23.59 -5.568
   3       N  -6.47* -6.01* -28.6* -12.25

Electrode       Va(V)        In(A)       Ic(A)       It(A)
=============================================================
gate           1.350e+000  0.000e+000  0.000e+000  0.000e+000
source         0.000e+000 -7.563e-007 -7.563e-007 -7.563e-007
drain          7.000e-001  7.563e-007  7.563e-007  7.563e-007
Total                                             -3.187e-020

Time for bias point:   2.06 sec. 
Total time:            6.70 min. 
  
ATLAS> solve vgate=1.4

Obtaining static solution:

 V(   gate  ) = 1.4         


proj           psi     n     psi     n  
direct          x      x     rhs    rhs 
   i    j  m  -5.00* -6.00* -26.0* -20.0*
-----------------------------------------
   1       N  -1.398 -1.087 -19.74 -2.216
   2       N  -3.203 -2.789 -23.69 -5.580
   3       N  -6.52* -6.09* -28.5* -12.32

Electrode       Va(V)        In(A)       Ic(A)       It(A)
=============================================================
gate           1.400e+000  0.000e+000  0.000e+000  0.000e+000
source         0.000e+000 -8.214e-007 -8.214e-007 -8.214e-007
drain          7.000e-001  8.214e-007  8.214e-007  8.214e-007
Total                                             -2.223e-021

Time for bias point:   2.02 sec. 
Total time:            6.77 min. 
  
ATLAS> solve vgate=1.45

Obtaining static solution:

 V(   gate  ) = 1.45        


proj           psi     n     psi     n  
direct          x      x     rhs    rhs 
   i    j  m  -5.00* -6.00* -26.0* -20.0*
-----------------------------------------
   1       N  -1.443 -1.114 -19.90 -2.201
   2       N  -3.222 -2.831 -23.78 -5.592
   3       N  -6.57* -6.16* -28.6* -12.38

Electrode       Va(V)        In(A)       Ic(A)       It(A)
=============================================================
gate           1.450e+000  0.000e+000  0.000e+000  0.000e+000
source         0.000e+000 -8.877e-007 -8.877e-007 -8.877e-007
drain          7.000e-001  8.877e-007  8.877e-007  8.877e-007
Total                                              6.353e-022

Time for bias point:   1.80 sec. 
Total time:            6.84 min. 
  
ATLAS> solve vgate=1.5

Obtaining static solution:

 V(   gate  ) = 1.5         


proj           psi     n     psi     n  
direct          x      x     rhs    rhs 
   i    j  m  -5.00* -6.00* -26.0* -20.0*
-----------------------------------------
   1       N  -1.491 -1.140 -20.06 -2.188
   2       N  -3.240 -2.872 -23.87 -5.605
   3       N  -6.62* -6.23* -28.4* -12.44

Electrode       Va(V)        In(A)       Ic(A)       It(A)
=============================================================
gate           1.500e+000  0.000e+000  0.000e+000  0.000e+000
source         0.000e+000 -9.551e-007 -9.551e-007 -9.551e-007
drain          7.000e-001  9.551e-007  9.551e-007  9.551e-007
Total                                              2.689e-020

Time for bias point:   1.54 sec. 
Total time:            6.90 min. 
  
ATLAS> solve vgate=1.55

Obtaining static solution:

 V(   gate  ) = 1.55        


proj           psi     n     psi     n  
direct          x      x     rhs    rhs 
   i    j  m  -5.00* -6.00* -26.0* -20.0*
-----------------------------------------
   1       N  -1.543 -1.165 -20.22 -2.175
   2       N  -3.257 -2.910 -23.96 -5.618
   3       N  -6.67* -6.30* -28.4* -12.50

Electrode       Va(V)        In(A)       Ic(A)       It(A)
=============================================================
gate           1.550e+000  0.000e+000  0.000e+000  0.000e+000
source         0.000e+000 -1.023e-006 -1.023e-006 -1.023e-006
drain          7.000e-001  1.023e-006  1.023e-006  1.023e-006
Total                                             -7.412e-021

Time for bias point:   1.80 sec. 
Total time:            6.96 min. 
  
ATLAS> solve vgate=1.6

Obtaining static solution:

 V(   gate  ) = 1.6         


proj           psi     n     psi     n  
direct          x      x     rhs    rhs 
   i    j  m  -5.00* -6.00* -26.0* -20.0*
-----------------------------------------
   1       N  -1.596 -1.188 -20.38 -2.164
   2       N  -3.274 -2.947 -24.05 -5.631
   3       N  -6.72* -6.37* -28.5* -12.57

Electrode       Va(V)        In(A)       Ic(A)       It(A)
=============================================================
gate           1.600e+000  0.000e+000  0.000e+000  0.000e+000
source         0.000e+000 -1.092e-006 -1.092e-006 -1.092e-006
drain          7.000e-001  1.092e-006  1.092e-006  1.092e-006
Total                                             -1.842e-020

Time for bias point:   2.04 sec. 
Total time:            7.02 min. 
  
ATLAS> solve vgate=1.65

Obtaining static solution:

 V(   gate  ) = 1.65        


proj           psi     n     psi     n  
direct          x      x     rhs    rhs 
   i    j  m  -5.00* -6.00* -26.0* -20.0*
-----------------------------------------
   1       N  -1.649 -1.211 -20.54 -2.153
   2       N  -3.290 -2.983 -24.13 -5.644
   3       N  -6.76* -6.43* -28.4* -12.63

Electrode       Va(V)        In(A)       Ic(A)       It(A)
=============================================================
gate           1.650e+000  0.000e+000  0.000e+000  0.000e+000
source         0.000e+000 -1.162e-006 -1.162e-006 -1.162e-006
drain          7.000e-001  1.162e-006  1.162e-006  1.162e-006
Total                                              2.118e-022

Time for bias point:   1.73 sec. 
Total time:            7.09 min. 
  
ATLAS> solve vgate=1.7

Obtaining static solution:

 V(   gate  ) = 1.7         


proj           psi     n     psi     n  
direct          x      x     rhs    rhs 
   i    j  m  -5.00* -6.00* -26.0* -20.0*
-----------------------------------------
   1       N  -1.703 -1.232 -20.61 -2.143
   2       N  -3.305 -3.017 -24.21 -5.657
   3       N  -6.80* -6.50* -28.5* -12.69

Electrode       Va(V)        In(A)       Ic(A)       It(A)
=============================================================
gate           1.700e+000  0.000e+000  0.000e+000  0.000e+000
source         0.000e+000 -1.232e-006 -1.232e-006 -1.232e-006
drain          7.000e-001  1.232e-006  1.232e-006  1.232e-006
Total                                              1.398e-020

Time for bias point:   2.30 sec. 
Total time:            7.16 min. 
  
ATLAS> solve vgate=1.75

Obtaining static solution:

 V(   gate  ) = 1.75        


proj           psi     n     psi     n  
direct          x      x     rhs    rhs 
   i    j  m  -5.00* -6.00* -26.0* -20.0*
-----------------------------------------
   1       N  -1.756 -1.252 -20.66 -2.133
   2       N  -3.320 -3.050 -24.29 -5.669
   3       N  -6.85* -6.56* -28.4* -12.75

Electrode       Va(V)        In(A)       Ic(A)       It(A)
=============================================================
gate           1.750e+000  0.000e+000  0.000e+000  0.000e+000
source         0.000e+000 -1.303e-006 -1.303e-006 -1.303e-006
drain          7.000e-001  1.303e-006  1.303e-006  1.303e-006
Total                                              3.240e-020

Time for bias point:   1.73 sec. 
Total time:            7.23 min. 
  
ATLAS> solve vgate=1.8

Obtaining static solution:

 V(   gate  ) = 1.8         


proj           psi     n     psi     n  
direct          x      x     rhs    rhs 
   i    j  m  -5.00* -6.00* -26.0* -20.0*
-----------------------------------------
   1       N  -1.808 -1.272 -20.72 -2.124
   2       N  -3.334 -3.081 -24.36 -5.682
   3       N  -6.88* -6.61* -28.5* -12.79

Electrode       Va(V)        In(A)       Ic(A)       It(A)
=============================================================
gate           1.800e+000  0.000e+000  0.000e+000  0.000e+000
source         0.000e+000 -1.374e-006 -1.374e-006 -1.374e-006
drain          7.000e-001  1.374e-006  1.374e-006  1.374e-006
Total                                              1.906e-021

Time for bias point:   2.17 sec. 
Total time:            7.30 min. 
  
ATLAS> solve vgate=1.85

Obtaining static solution:

 V(   gate  ) = 1.85        


proj           psi     n     psi     n  
direct          x      x     rhs    rhs 
   i    j  m  -5.00* -6.00* -26.0* -20.0*
-----------------------------------------
   1       N  -1.859 -1.291 -20.77 -2.115
   2       N  -3.347 -3.112 -24.43 -5.694
   3       N  -6.92* -6.67* -28.5* -12.86

Electrode       Va(V)        In(A)       Ic(A)       It(A)
=============================================================
gate           1.850e+000  0.000e+000  0.000e+000  0.000e+000
source         0.000e+000 -1.446e-006 -1.446e-006 -1.446e-006
drain          7.000e-001  1.446e-006  1.446e-006  1.446e-006
Total                                             -1.355e-020

Time for bias point:   1.87 sec. 
Total time:            7.36 min. 
  
ATLAS> solve vgate=1.9

Obtaining static solution:

 V(   gate  ) = 1.9         


proj           psi     n     psi     n  
direct          x      x     rhs    rhs 
   i    j  m  -5.00* -6.00* -26.0* -20.0*
-----------------------------------------
   1       N  -1.908 -1.308 -20.82 -2.107
   2       N  -3.360 -3.141 -24.50 -5.705
   3       N  -6.96* -6.72* -28.3* -12.90

Electrode       Va(V)        In(A)       Ic(A)       It(A)
=============================================================
gate           1.900e+000  0.000e+000  0.000e+000  0.000e+000
source         0.000e+000 -1.518e-006 -1.518e-006 -1.518e-006
drain          7.000e-001  1.518e-006  1.518e-006  1.518e-006
Total                                             -4.870e-021

Time for bias point:   1.87 sec. 
Total time:            7.42 min. 
  
ATLAS> solve vgate=1.95

Obtaining static solution:

 V(   gate  ) = 1.95        


proj           psi     n     psi     n  
direct          x      x     rhs    rhs 
   i    j  m  -5.00* -6.00* -26.0* -20.0*
-----------------------------------------
   1       N  -1.956 -1.326 -20.86 -2.099
   2       N  -3.372 -3.169 -24.56 -5.716
   3       N  -6.99* -6.77* -28.3* -12.94

Electrode       Va(V)        In(A)       Ic(A)       It(A)
=============================================================
gate           1.950e+000  0.000e+000  0.000e+000  0.000e+000
source         0.000e+000 -1.590e-006 -1.590e-006 -1.590e-006
drain          7.000e-001  1.590e-006  1.590e-006  1.590e-006
Total                                              2.118e-022

Time for bias point:   2.29 sec. 
Total time:            7.48 min. 
  
ATLAS> solve vgate=2

Obtaining static solution:

 V(   gate  ) = 2           


proj           psi     n     psi     n  
direct          x      x     rhs    rhs 
   i    j  m  -5.00* -6.00* -26.0* -20.0*
-----------------------------------------
   1       N  -2.002 -1.342 -20.91 -2.091
   2       N  -3.384 -3.196 -24.63 -5.727
   3       N  -7.03* -6.82* -28.4* -13.00

Electrode       Va(V)        In(A)       Ic(A)       It(A)
=============================================================
gate           2.000e+000  0.000e+000  0.000e+000  0.000e+000
source         0.000e+000 -1.662e-006 -1.662e-006 -1.662e-006
drain          7.000e-001  1.662e-006  1.662e-006  1.662e-006
Total                                             -1.927e-020

Time for bias point:   1.88 sec. 
Total time:            7.55 min. 
  
ATLAS> solve vgate=2.05

Obtaining static solution:

 V(   gate  ) = 2.05        


proj           psi     n     psi     n  
direct          x      x     rhs    rhs 
   i    j  m  -5.00* -6.00* -26.0* -20.0*
-----------------------------------------
   1       N  -2.047 -1.358 -20.95 -2.084
   2       N  -3.395 -3.222 -24.69 -5.737
   3       N  -7.06* -6.87* -28.4* -13.05

Electrode       Va(V)        In(A)       Ic(A)       It(A)
=============================================================
gate           2.050e+000  0.000e+000  0.000e+000  0.000e+000
source         0.000e+000 -1.735e-006 -1.735e-006 -1.735e-006
drain          7.000e-001  1.735e-006  1.735e-006  1.735e-006
Total                                              1.906e-021

Time for bias point:   1.99 sec. 
Total time:            7.62 min. 
  
ATLAS> solve vgate=2.1

Obtaining static solution:

 V(   gate  ) = 2.1         


proj           psi     n     psi     n  
direct          x      x     rhs    rhs 
   i    j  m  -5.00* -6.00* -26.0* -20.0*
-----------------------------------------
   1       N  -2.090 -1.374 -21.00 -2.077
   2       N  -3.406 -3.247 -24.75 -5.747
   3       N  -7.09* -6.91* -28.3* -13.09

Electrode       Va(V)        In(A)       Ic(A)       It(A)
=============================================================
gate           2.100e+000  0.000e+000  0.000e+000  0.000e+000
source         0.000e+000 -1.808e-006 -1.808e-006 -1.808e-006
drain          7.000e-001  1.808e-006  1.808e-006  1.808e-006
Total                                             -1.143e-020

Time for bias point:   2.12 sec. 
Total time:            7.69 min. 
  
ATLAS> solve vgate=2.15

Obtaining static solution:

 V(   gate  ) = 2.15        


proj           psi     n     psi     n  
direct          x      x     rhs    rhs 
   i    j  m  -5.00* -6.00* -26.0* -20.0*
-----------------------------------------
   1       N  -2.132 -1.389 -21.04 -2.070
   2       N  -3.416 -3.272 -24.81 -5.757
   3       N  -7.12* -6.96* -28.4* -13.14

Electrode       Va(V)        In(A)       Ic(A)       It(A)
=============================================================
gate           2.150e+000  0.000e+000  0.000e+000  0.000e+000
source         0.000e+000 -1.881e-006 -1.881e-006 -1.881e-006
drain          7.000e-001  1.881e-006  1.881e-006  1.881e-006
Total                                             -1.461e-020

Time for bias point:   2.36 sec. 
Total time:            7.77 min. 
  
ATLAS> solve vgate=2.2

Obtaining static solution:

 V(   gate  ) = 2.2         


proj           psi     n     psi     n  
direct          x      x     rhs    rhs 
   i    j  m  -5.00* -6.00* -26.0* -20.0*
-----------------------------------------
   1       N  -2.172 -1.403 -21.08 -2.063
   2       N  -3.423 -3.296 -24.86 -5.766
   3       N  -7.14* -7.00* -28.4* -13.18

Electrode       Va(V)        In(A)       Ic(A)       It(A)
=============================================================
gate           2.200e+000  0.000e+000  0.000e+000  0.000e+000
source         0.000e+000 -1.955e-006 -1.955e-006 -1.955e-006
drain          7.000e-001  1.955e-006  1.955e-006  1.955e-006
Total                                              2.329e-020

Time for bias point:   2.15 sec. 
Total time:            7.84 min. 
  
ATLAS> solve vgate=2.25

Obtaining static solution:

 V(   gate  ) = 2.25        


proj           psi     n     psi     n  
direct          x      x     rhs    rhs 
   i    j  m  -5.00* -6.00* -26.0* -20.0*
-----------------------------------------
   1       N  -2.210 -1.416 -21.12 -2.056
   2       N  -3.430 -3.317 -24.92 -5.775
   3       N  -7.17* -7.04* -28.4* -13.22

Electrode       Va(V)        In(A)       Ic(A)       It(A)
=============================================================
gate           2.250e+000  0.000e+000  0.000e+000  0.000e+000
source         0.000e+000 -2.028e-006 -2.028e-006 -2.028e-006
drain          7.000e-001  2.028e-006  2.028e-006  2.028e-006
Total                                              1.313e-020

Time for bias point:   2.13 sec. 
Total time:            7.91 min. 
  
ATLAS> solve vgate=2.3

Obtaining static solution:

 V(   gate  ) = 2.3         


proj           psi     n     psi     n  
direct          x      x     rhs    rhs 
   i    j  m  -5.00* -6.00* -26.0* -20.0*
-----------------------------------------
   1       N  -2.248 -1.429 -21.16 -2.051
   2       N  -3.437 -3.338 -24.97 -5.785
   3       N  -7.19* -7.07* -28.3* -13.29

Electrode       Va(V)        In(A)       Ic(A)       It(A)
=============================================================
gate           2.300e+000  0.000e+000  0.000e+000  0.000e+000
source         0.000e+000 -2.102e-006 -2.102e-006 -2.102e-006
drain          7.000e-001  2.102e-006  2.102e-006  2.102e-006
Total                                             -1.271e-020

Time for bias point:   1.87 sec. 
Total time:            7.97 min. 
  
ATLAS> solve vgate=2.35

Obtaining static solution:

 V(   gate  ) = 2.35        


proj           psi     n     psi     n  
direct          x      x     rhs    rhs 
   i    j  m  -5.00* -6.00* -26.0* -20.0*
-----------------------------------------
   1       N  -2.284 -1.442 -21.20 -2.047
   2       N  -3.446 -3.359 -25.03 -5.798
   3       N  -7.21* -7.11* -28.3* -13.22

Electrode       Va(V)        In(A)       Ic(A)       It(A)
=============================================================
gate           2.350e+000  0.000e+000  0.000e+000  0.000e+000
source         0.000e+000 -2.176e-006 -2.176e-006 -2.176e-006
drain          7.000e-001  2.176e-006  2.176e-006  2.176e-006
Total                                              9.317e-021

Time for bias point:   2.11 sec. 
Total time:            8.02 min. 
  
ATLAS> solve vgate=2.4

Obtaining static solution:

 V(   gate  ) = 2.4         


proj           psi     n     psi     n  
direct          x      x     rhs    rhs 
   i    j  m  -5.00* -6.00* -26.0* -20.0*
-----------------------------------------
   1       N  -2.319 -1.455 -21.24 -2.044
   2       N  -3.455 -3.380 -25.08 -5.811
   3       N  -7.24* -7.15* -28.4* -13.39

Electrode       Va(V)        In(A)       Ic(A)       It(A)
=============================================================
gate           2.400e+000  0.000e+000  0.000e+000  0.000e+000
source         0.000e+000 -2.250e-006 -2.250e-006 -2.250e-006
drain          7.000e-001  2.250e-006  2.250e-006  2.250e-006
Total                                              2.118e-020

Time for bias point:   1.80 sec. 
Total time:            8.09 min. 
  
ATLAS> solve vgate=2.45

Obtaining static solution:

 V(   gate  ) = 2.45        


proj           psi     n     psi     n  
direct          x      x     rhs    rhs 
   i    j  m  -5.00* -6.00* -26.0* -20.0*
-----------------------------------------
   1       N  -2.352 -1.468 -21.27 -2.040
   2       N  -3.463 -3.401 -25.14 -5.824
   3       N  -7.26* -7.19* -28.3* -13.44

Electrode       Va(V)        In(A)       Ic(A)       It(A)
=============================================================
gate           2.450e+000  0.000e+000  0.000e+000  0.000e+000
source         0.000e+000 -2.324e-006 -2.324e-006 -2.324e-006
drain          7.000e-001  2.324e-006  2.324e-006  2.324e-006
Total                                              1.313e-020

Time for bias point:   2.32 sec. 
Total time:            8.16 min. 
  
ATLAS> solve vgate=2.5

Obtaining static solution:

 V(   gate  ) = 2.5         


proj           psi     n     psi     n  
direct          x      x     rhs    rhs 
   i    j  m  -5.00* -6.00* -26.0* -20.0*
-----------------------------------------
   1       N  -2.384 -1.480 -21.31 -2.037
   2       N  -3.472 -3.420 -25.19 -5.836
   3       N  -7.29* -7.22* -28.4* -13.46

Electrode       Va(V)        In(A)       Ic(A)       It(A)
=============================================================
gate           2.500e+000  0.000e+000  0.000e+000  0.000e+000
source         0.000e+000 -2.398e-006 -2.398e-006 -2.398e-006
drain          7.000e-001  2.398e-006  2.398e-006  2.398e-006
Total                                             -2.118e-021

Time for bias point:   4.74 sec. 
Total time:            8.28 min. 
  
ATLAS> solve vgate=2.55

Obtaining static solution:

 V(   gate  ) = 2.55        


proj           psi     n     psi     n  
direct          x      x     rhs    rhs 
   i    j  m  -5.00* -6.00* -26.0* -20.0*
-----------------------------------------
   1       N  -2.415 -1.491 -21.35 -2.034
   2       N  -3.479 -3.439 -25.24 -5.847
   3       N  -7.31* -7.25* -28.2* -13.38

Electrode       Va(V)        In(A)       Ic(A)       It(A)
=============================================================
gate           2.550e+000  0.000e+000  0.000e+000  0.000e+000
source         0.000e+000 -2.473e-006 -2.473e-006 -2.473e-006
drain          7.000e-001  2.473e-006  2.473e-006  2.473e-006
Total                                             -1.355e-020

Time for bias point:   1.84 sec. 
Total time:            8.34 min. 
  
ATLAS> solve vgate=2.6

Obtaining static solution:

 V(   gate  ) = 2.6         


proj           psi     n     psi     n  
direct          x      x     rhs    rhs 
   i    j  m  -5.00* -6.00* -26.0* -20.0*
-----------------------------------------
   1       N  -2.445 -1.503 -21.38 -2.030
   2       N  -3.487 -3.458 -25.29 -5.859
   3       N  -7.33* -7.29* -28.2* -13.54

Electrode       Va(V)        In(A)       Ic(A)       It(A)
=============================================================
gate           2.600e+000  0.000e+000  0.000e+000  0.000e+000
source         0.000e+000 -2.547e-006 -2.547e-006 -2.547e-006
drain          7.000e-001  2.547e-006  2.547e-006  2.547e-006
Total                                             -1.736e-020

Time for bias point:   2.20 sec. 
Total time:            8.40 min. 
  
ATLAS> solve vgate=2.65

Obtaining static solution:

 V(   gate  ) = 2.65        


proj           psi     n     psi     n  
direct          x      x     rhs    rhs 
   i    j  m  -5.00* -6.00* -26.0* -20.0*
-----------------------------------------
   1       N  -2.474 -1.514 -21.41 -2.027
   2       N  -3.494 -3.476 -25.34 -5.869
   3       N  -7.35* -7.32* -28.3* -13.29

Electrode       Va(V)        In(A)       Ic(A)       It(A)
=============================================================
gate           2.650e+000  0.000e+000  0.000e+000  0.000e+000
source         0.000e+000 -2.622e-006 -2.622e-006 -2.622e-006
drain          7.000e-001  2.622e-006  2.622e-006  2.622e-006
Total                                              1.440e-020

Time for bias point:   1.71 sec. 
Total time:            8.46 min. 
  
ATLAS> solve vgate=2.7

Obtaining static solution:

 V(   gate  ) = 2.7         


proj           psi     n     psi     n  
direct          x      x     rhs    rhs 
   i    j  m  -5.00* -6.00* -26.0* -20.0*
-----------------------------------------
   1       N  -2.503 -1.525 -21.45 -2.024
   2       N  -3.501 -3.494 -25.38 -5.880
   3       N  -7.37* -7.35* -28.2* -13.45

Electrode       Va(V)        In(A)       Ic(A)       It(A)
=============================================================
gate           2.700e+000  0.000e+000  0.000e+000  0.000e+000
source         0.000e+000 -2.696e-006 -2.696e-006 -2.696e-006
drain          7.000e-001  2.696e-006  2.696e-006  2.696e-006
Total                                             -2.160e-020

Time for bias point:   2.17 sec. 
Total time:            8.53 min. 
  
ATLAS> solve vgate=2.75

Obtaining static solution:

 V(   gate  ) = 2.75        


proj           psi     n     psi     n  
direct          x      x     rhs    rhs 
   i    j  m  -5.00* -6.00* -26.0* -20.0*
-----------------------------------------
   1       N  -2.530 -1.536 -21.48 -2.021
   2       N  -3.508 -3.511 -25.43 -5.889
   3       N  -7.39* -7.38* -28.2* -13.58

Electrode       Va(V)        In(A)       Ic(A)       It(A)
=============================================================
gate           2.750e+000  0.000e+000  0.000e+000  0.000e+000
source         0.000e+000 -2.771e-006 -2.771e-006 -2.771e-006
drain          7.000e-001  2.771e-006  2.771e-006  2.771e-006
Total                                             -5.082e-021

Time for bias point:   1.97 sec. 
Total time:            8.59 min. 
  
ATLAS> solve vgate=2.8

Obtaining static solution:

 V(   gate  ) = 2.8         


proj           psi     n     psi     n  
direct          x      x     rhs    rhs 
   i    j  m  -5.00* -6.00* -26.0* -20.0*
-----------------------------------------
   1       N  -2.556 -1.546 -21.51 -2.017
   2       N  -3.515 -3.528 -25.48 -5.899

Electrode       Va(V)        In(A)       Ic(A)       It(A)
=============================================================
gate           2.800e+000  0.000e+000  0.000e+000  0.000e+000
source         0.000e+000 -2.846e-006 -2.846e-006 -2.846e-006
drain          7.000e-001  2.846e-006  2.846e-006  2.846e-006
Total                                             -1.011e-018

Time for bias point:   1.34 sec. 
Total time:            8.64 min. 
  
ATLAS> solve vgate=2.85

Obtaining static solution:

 V(   gate  ) = 2.85        


proj           psi     n     psi     n  
direct          x      x     rhs    rhs 
   i    j  m  -5.00* -6.00* -26.0* -20.0*
-----------------------------------------
   1       N  -2.582 -1.556 -21.54 -2.014
   2       N  -3.521 -3.544 -25.52 -5.908

Electrode       Va(V)        In(A)       Ic(A)       It(A)
=============================================================
gate           2.850e+000  0.000e+000  0.000e+000  0.000e+000
source         0.000e+000 -2.921e-006 -2.921e-006 -2.921e-006
drain          7.000e-001  2.921e-006  2.921e-006  2.921e-006
Total                                              3.444e-018

Time for bias point:   1.43 sec. 
Total time:            8.69 min. 
  
ATLAS> solve vgate=2.9

Obtaining static solution:

 V(   gate  ) = 2.9         


proj           psi     n     psi     n  
direct          x      x     rhs    rhs 
   i    j  m  -5.00* -6.00* -26.0* -20.0*
-----------------------------------------
   1       N  -2.607 -1.566 -21.57 -2.011
   2       N  -3.528 -3.560 -25.56 -5.917

Electrode       Va(V)        In(A)       Ic(A)       It(A)
=============================================================
gate           2.900e+000  0.000e+000  0.000e+000  0.000e+000
source         0.000e+000 -2.996e-006 -2.996e-006 -2.996e-006
drain          7.000e-001  2.996e-006  2.996e-006  2.996e-006
Total                                             -2.833e-018

Time for bias point:   1.42 sec. 
Total time:            8.74 min. 
  
ATLAS> solve vgate=2.95

Obtaining static solution:

 V(   gate  ) = 2.95        


proj           psi     n     psi     n  
direct          x      x     rhs    rhs 
   i    j  m  -5.00* -6.00* -26.0* -20.0*
-----------------------------------------
   1       N  -2.631 -1.576 -21.60 -2.008
   2       N  -3.534 -3.576 -25.60 -5.925

Electrode       Va(V)        In(A)       Ic(A)       It(A)
=============================================================
gate           2.950e+000  0.000e+000  0.000e+000  0.000e+000
source         0.000e+000 -3.071e-006 -3.071e-006 -3.071e-006
drain          7.000e-001  3.071e-006  3.071e-006  3.071e-006
Total                                             -6.607e-020

Time for bias point:   1.57 sec. 
Total time:            8.80 min. 
  
ATLAS> solve vgate=3

Obtaining static solution:

 V(   gate  ) = 3           


proj           psi     n     psi     n  
direct          x      x     rhs    rhs 
   i    j  m  -5.00* -6.00* -26.0* -20.0*
-----------------------------------------
   1       N  -2.654 -1.585 -21.63 -2.005
   2       N  -3.540 -3.591 -25.64 -5.934

Electrode       Va(V)        In(A)       Ic(A)       It(A)
=============================================================
gate           3.000e+000  0.000e+000  0.000e+000  0.000e+000
source         0.000e+000 -3.146e-006 -3.146e-006 -3.146e-006
drain          7.000e-001  3.146e-006  3.146e-006  3.146e-006
Total                                             -3.057e-018

Time for bias point:   1.16 sec. 
Total time:            8.85 min. 
  
ATLAS> log off
ATLAS> save outf=final.str

MASTER format file written to final.str at Sat Sep 12 20:33:00 2026

ATLAS> EXTRACT> init infile="transfer.log"
EXTRACT> extract name="idvg" curve(v."gate",i."drain") outfile="idvg.dat"
EXTRACT> extract name="isvg" curve(v."gate",i."source") outfile="isvg.dat"
EXTRACT> extract name="igvg" curve(v."gate",i."gate") outfile="igvg.dat"
EXTRACT> extract name="vdvg" curve(v."gate",v."drain") outfile="vdvg.dat"
EXTRACT> extract name="vsvg" curve(v."gate",v."source") outfile="vsvg.dat"
EXTRACT> extract name="mobility_vg" curve(v."gate",probe."channel_mobility") outfile="mobility_vg.dat"
EXTRACT> extract name="electrons_vg" curve(v."gate",probe."channel_electrons") outfile="electrons_vg.dat"
EXTRACT> extract name="bulk_free_electrons_vg" curve(v."gate",probe."bulk_free_electrons") outfile="bulk_free_electrons_vg.dat"
EXTRACT> extract name="bulk_ionized_acceptors_vg" curve(v."gate",probe."bulk_ionized_acceptors") outfile="bulk_ionized_acceptors_vg.dat"
EXTRACT> extract name="bulk_ionized_donors_vg" curve(v."gate",probe."bulk_ionized_donors") outfile="bulk_ionized_donors_vg.dat"
EXTRACT> extract name="bulk_front_electrons_vg" curve(v."gate",probe."bulk_front_electrons") outfile="bulk_front_electrons_vg.dat"
EXTRACT> extract name="bulk_back_electrons_vg" curve(v."gate",probe."bulk_back_electrons") outfile="bulk_back_electrons_vg.dat"
EXTRACT> quit
quit

ATLAS version 5.28.1.R finished at Sat Sep 12 20:33:01 2026
